Id	Type	ModelId	ScenePath	UiModelPath	ModelPosition	ModelRotation	ModelScale	DrawTreePv
201	2	2016002	Assets/Product/Ui/Scene3DPrefab/UiMain3dWuqi.prefab	Assets/Product/Ui/UiModel/UiNewDrawMain/UiNewDrawMainArms.prefab	0.52|0.435|-23.37	2.7|0|0	1|1|1	0
301	2	2016001	Assets/Product/Ui/Scene3DPrefab/UiMain3dWuqi.prefab	Assets/Product/Ui/UiModel/UiNewDrawMain/UiNewDrawMainArms.prefab	0.52|0.435|-23.37	2.7|0|0	1|1|1	0
302	2	2026001	Assets/Product/Ui/Scene3DPrefab/UiMain3dWuqi.prefab	Assets/Product/Ui/UiModel/UiNewDrawMain/UiNewDrawMainArms.prefab	0.52|0.435|-23.37	2.7|0|0	1|1|1	0
303	2	2026002	Assets/Product/Ui/Scene3DPrefab/UiMain3dWuqi.prefab	Assets/Product/Ui/UiModel/UiNewDrawMain/UiNewDrawMainArms.prefab	0.52|0.435|-23.37	2.7|0|0	1|1|1	0
304	2	2036001	Assets/Product/Ui/Scene3DPrefab/UiMain3dWuqi.prefab	Assets/Product/Ui/UiModel/UiNewDrawMain/UiNewDrawMainArms.prefab	0.52|0.435|-23.37	2.7|0|0	1|1|1	0
305	2	2036002	Assets/Product/Ui/Scene3DPrefab/UiMain3dWuqi.prefab	Assets/Product/Ui/UiModel/UiNewDrawMain/UiNewDrawMainArms.prefab	0.52|0.435|-23.37	2.7|0|0	1|1|1	0
306	2	2036003	Assets/Product/Ui/Scene3DPrefab/UiMain3dWuqi.prefab	Assets/Product/Ui/UiModel/UiNewDrawMain/UiNewDrawMainArms.prefab	0.52|0.435|-23.37	2.7|0|0	1|1|1	0
307	2	2046001	Assets/Product/Ui/Scene3DPrefab/UiMain3dWuqi.prefab	Assets/Product/Ui/UiModel/UiNewDrawMain/UiNewDrawMainArms.prefab	0.52|0.435|-23.37	2.7|0|0	1|1|1	0
308	2	2056001	Assets/Product/Ui/Scene3DPrefab/UiMain3dWuqi.prefab	Assets/Product/Ui/UiModel/UiNewDrawMain/UiNewDrawMainArms.prefab	0.52|0.435|-23.37	2.7|0|0	1|1|1	0
309	2	2066001	Assets/Product/Ui/Scene3DPrefab/UiMain3dWuqi.prefab	Assets/Product/Ui/UiModel/UiNewDrawMain/UiNewDrawMainArms.prefab	0.52|0.435|-23.37	2.7|0|0	1|1|1	0
310	2	2066002	Assets/Product/Ui/Scene3DPrefab/UiMain3dWuqi.prefab	Assets/Product/Ui/UiModel/UiNewDrawMain/UiNewDrawMainArms.prefab	0.52|0.435|-23.37	2.7|0|0	1|1|1	0
311	2	2076001	Assets/Product/Ui/Scene3DPrefab/UiMain3dWuqi.prefab	Assets/Product/Ui/UiModel/UiNewDrawMain/UiNewDrawMainArms.prefab	0.52|0.435|-23.37	2.7|0|0	1|1|1	0
312	2	2086001	Assets/Product/Ui/Scene3DPrefab/UiMain3dWuqi.prefab	Assets/Product/Ui/UiModel/UiNewDrawMain/UiNewDrawMainArms.prefab	0.52|0.435|-23.37	2.7|0|0	1|1|1	0
313	2	2016002	Assets/Product/Ui/Scene3DPrefab/UiMain3dWuqi.prefab	Assets/Product/Ui/UiModel/UiNewDrawMain/UiNewDrawMainArms.prefab	0.52|0.435|-23.37	2.7|0|0	1|1|1	0
314	2	2076002	Assets/Product/Ui/Scene3DPrefab/UiMain3dWuqi.prefab	Assets/Product/Ui/UiModel/UiNewDrawMain/UiNewDrawMainArms.prefab	0.52|0.435|-23.37	2.7|0|0	1|1|1	0
315	2	2056002	Assets/Product/Ui/Scene3DPrefab/UiMain3dWuqi.prefab	Assets/Product/Ui/UiModel/UiNewDrawMain/UiNewDrawMainArms.prefab	0.52|0.435|-23.37	2.7|0|0	1|1|1	0
316	2	2026004	Assets/Product/Ui/Scene3DPrefab/UiMain3dWuqi.prefab	Assets/Product/Ui/UiModel/UiNewDrawMain/UiNewDrawMainArms.prefab	0.52|0.435|-23.37	2.7|0|0	1|1|1	0
317	2	2086002	Assets/Product/Ui/Scene3DPrefab/UiMain3dWuqi.prefab	Assets/Product/Ui/UiModel/UiNewDrawMain/UiNewDrawMainArms.prefab	0.52|0.435|-23.37	2.7|0|0	1|1|1	0
318	2	2096001	Assets/Product/Ui/Scene3DPrefab/UiMain3dWuqi.prefab	Assets/Product/Ui/UiModel/UiNewDrawMain/UiNewDrawMainArms.prefab	0.52|0.435|-23.37	2.7|0|0	1|1|1	0
319	2	2046002	Assets/Product/Ui/Scene3DPrefab/UiMain3dWuqi.prefab	Assets/Product/Ui/UiModel/UiNewDrawMain/UiNewDrawMainArms.prefab	0.52|0.435|-23.37	2.7|0|0	1|1|1	0
320	2	2016003	Assets/Product/Ui/Scene3DPrefab/UiMain3dWuqi.prefab	Assets/Product/Ui/UiModel/UiNewDrawMain/UiNewDrawMainArms.prefab	0.52|0.435|-23.37	2.7|0|0	1|1|1	0
321	2	2096002	Assets/Product/Ui/Scene3DPrefab/UiMain3dWuqi.prefab	Assets/Product/Ui/UiModel/UiNewDrawMain/UiNewDrawMainArms.prefab	0.52|0.435|-23.37	2.7|0|0	1|1|1	0
322	2	2026005	Assets/Product/Ui/Scene3DPrefab/UiMain3dWuqi.prefab	Assets/Product/Ui/UiModel/UiNewDrawMain/UiNewDrawMainArms.prefab	0.52|0.435|-23.37	2.7|0|0	1|1|1	0
323	2	2106001	Assets/Product/Ui/Scene3DPrefab/UiMain3dWuqi.prefab	Assets/Product/Ui/UiModel/UiNewDrawMain/UiNewDrawMainArms.prefab	0.52|0.435|-23.37	2.7|0|0	1|1|1	0
324	2	2026006	Assets/Product/Ui/Scene3DPrefab/UiMain3dWuqi.prefab	Assets/Product/Ui/UiModel/UiNewDrawMain/UiNewDrawMainArms.prefab	0.52|0.435|-23.37	2.7|0|0	1|1|1	0
325	2	2116001	Assets/Product/Ui/Scene3DPrefab/UiMain3dWuqi.prefab	Assets/Product/Ui/UiModel/UiNewDrawMain/UiNewDrawMainArms.prefab	0.52|0.435|-23.37	2.7|0|0	1|1|1	0
326	2	2136001	Assets/Product/Ui/Scene3DPrefab/UiMain3dWuqi.prefab	Assets/Product/Ui/UiModel/UiNewDrawMain/UiNewDrawMainArms.prefab	0.52|0.435|-23.37	2.7|0|0	1|1|1	0
327	2	2146001	Assets/Product/Ui/Scene3DPrefab/UiMain3dWuqi.prefab	Assets/Product/Ui/UiModel/UiNewDrawMain/UiNewDrawMainArms.prefab	0.52|0.435|-23.37	2.7|0|0	1|1|1	0
328	2	2176001	Assets/Product/Ui/Scene3DPrefab/UiMain3dWuqi.prefab	Assets/Product/Ui/UiModel/UiNewDrawMain/UiNewDrawMainArms.prefab	0.52|0.435|-23.37	2.7|0|0	1|1|1	0
329	2	2196001	Assets/Product/Ui/Scene3DPrefab/UiMain3dWuqi.prefab	Assets/Product/Ui/UiModel/UiNewDrawMain/UiNewDrawMainArms.prefab	0.52|0.435|-23.37	2.7|0|0	1|1|1	0
330	2	2186001	Assets/Product/Ui/Scene3DPrefab/UiMain3dWuqi.prefab	Assets/Product/Ui/UiModel/UiNewDrawMain/UiNewDrawMainArms.prefab	0.52|0.435|-23.37	2.7|0|0	1|1|1	0
331	2	2206001	Assets/Product/Ui/Scene3DPrefab/UiMain3dWuqi.prefab	Assets/Product/Ui/UiModel/UiNewDrawMain/UiNewDrawMainArms.prefab	0.52|0.435|-23.37	2.7|0|0	1|1|1	0
332	2	2216001	Assets/Product/Ui/Scene3DPrefab/UiMain3dWuqi.prefab	Assets/Product/Ui/UiModel/UiNewDrawMain/UiNewDrawMainArms.prefab	0.52|0.435|-23.37	2.7|0|0	1|1|1	0
333	2	2236001	Assets/Product/Ui/Scene3DPrefab/UiMain3dWuqi.prefab	Assets/Product/Ui/UiModel/UiNewDrawMain/UiNewDrawMainArms.prefab	0.52|0.435|-23.37	2.7|0|0	1|1|1	0
334	2	2226001	Assets/Product/Ui/Scene3DPrefab/UiMain3dWuqi.prefab	Assets/Product/Ui/UiModel/UiNewDrawMain/UiNewDrawMainArms.prefab	0.52|0.435|-23.37	2.7|0|0	1|1|1	0
335	2	2246001	Assets/Product/Ui/Scene3DPrefab/UiMain3dWuqi.prefab	Assets/Product/Ui/UiModel/UiNewDrawMain/UiNewDrawMainArms.prefab	0.52|0.435|-23.37	2.7|0|0	1|1|1	0
336	2	2256001	Assets/Product/Ui/Scene3DPrefab/UiMain3dWuqi.prefab	Assets/Product/Ui/UiModel/UiNewDrawMain/UiNewDrawMainArms.prefab	0.52|0.435|-23.37	2.7|0|0	1|1|1	0
337	2	2266001	Assets/Product/Ui/Scene3DPrefab/UiMain3dWuqi.prefab	Assets/Product/Ui/UiModel/UiNewDrawMain/UiNewDrawMainArms.prefab	0.52|0.435|-23.37	2.7|0|0	1|1|1	0
338	2	2276001	Assets/Product/Ui/Scene3DPrefab/UiMain3dWuqi.prefab	Assets/Product/Ui/UiModel/UiNewDrawMain/UiNewDrawMainArms.prefab	0.52|0.435|-23.37	2.7|0|0	1|1|1	0
339	2	2096003	Assets/Product/Ui/Scene3DPrefab/UiMain3dWuqi.prefab	Assets/Product/Ui/UiModel/UiNewDrawMain/UiNewDrawMainArms.prefab	0.52|0.435|-23.37	2.7|0|0	1|1|1	0
340	2	2286001	Assets/Product/Ui/Scene3DPrefab/UiMain3dWuqi.prefab	Assets/Product/Ui/UiModel/UiNewDrawMain/UiNewDrawMainArms.prefab	0.52|0.435|-23.37	2.7|0|0	1|1|1	0
341	2	2296001	Assets/Product/Ui/Scene3DPrefab/UiMain3dWuqi.prefab	Assets/Product/Ui/UiModel/UiNewDrawMain/UiNewDrawMainArms.prefab	0.52|0.435|-23.37	2.7|0|0	1|1|1	0
342	2	2306001	Assets/Product/Ui/Scene3DPrefab/UiMain3dWuqi.prefab	Assets/Product/Ui/UiModel/UiNewDrawMain/UiNewDrawMainArms.prefab	0.52|0.435|-23.37	2.7|0|0	1|1|1	0
343	2	2316001	Assets/Product/Ui/Scene3DPrefab/UiMain3dWuqi.prefab	Assets/Product/Ui/UiModel/UiNewDrawMain/UiNewDrawMainArms.prefab	0.52|0.435|-23.37	2.7|0|0	1|1|1	0
344	2	2326001	Assets/Product/Ui/Scene3DPrefab/UiMain3dWuqi.prefab	Assets/Product/Ui/UiModel/UiNewDrawMain/UiNewDrawMainArms.prefab	0.52|0.435|-23.37	2.7|0|0	1|1|1	0
345	2	2336001	Assets/Product/Ui/Scene3DPrefab/UiMain3dWuqi.prefab	Assets/Product/Ui/UiModel/UiNewDrawMain/UiNewDrawMainArms.prefab	0.52|0.435|-23.37	2.7|0|0	1|1|1	0
346	2	2346001	Assets/Product/Ui/Scene3DPrefab/UiMain3dWuqi.prefab	Assets/Product/Ui/UiModel/UiNewDrawMain/UiNewDrawMainArms.prefab	0.52|0.435|-23.37	2.7|0|0	1|1|1	0
347	2	2356001	Assets/Product/Ui/Scene3DPrefab/UiMain3dWuqi.prefab	Assets/Product/Ui/UiModel/UiNewDrawMain/UiNewDrawMainArms.prefab	0.52|0.435|-23.37	2.7|0|0	1|1|1	0
348	2	2366001	Assets/Product/Ui/Scene3DPrefab/UiMain3dWuqi.prefab	Assets/Product/Ui/UiModel/UiNewDrawMain/UiNewDrawMainArms.prefab	0.52|0.435|-23.37	2.7|0|0	1|1|1	0
349	2	2376001	Assets/Product/Ui/Scene3DPrefab/UiMain3dWuqi.prefab	Assets/Product/Ui/UiModel/UiNewDrawMain/UiNewDrawMainArms.prefab	0.52|0.435|-23.37	2.7|0|0	1|1|1	0
350	2	2046003	Assets/Product/Ui/Scene3DPrefab/UiMain3dWuqi.prefab	Assets/Product/Ui/UiModel/UiNewDrawMain/UiNewDrawMainArms.prefab	0.52|0.435|-23.37	2.7|0|0	1|1|1	0
351	2	2386001	Assets/Product/Ui/Scene3DPrefab/UiMain3dWuqi.prefab	Assets/Product/Ui/UiModel/UiNewDrawMain/UiNewDrawMainArms.prefab	0.52|0.435|-23.37	2.7|0|0	1|1|1	0
352	2	2396001	Assets/Product/Ui/Scene3DPrefab/UiMain3dWuqi.prefab	Assets/Product/Ui/UiModel/UiNewDrawMain/UiNewDrawMainArms.prefab	0.52|0.435|-23.37	2.7|0|0	1|1|1	0
353	2	2406001	Assets/Product/Ui/Scene3DPrefab/UiMain3dWuqi.prefab	Assets/Product/Ui/UiModel/UiNewDrawMain/UiNewDrawMainArms.prefab	0.52|0.435|-23.37	2.7|0|0	1|1|1	0
354	2	2416001	Assets/Product/Ui/Scene3DPrefab/UiMain3dWuqi.prefab	Assets/Product/Ui/UiModel/UiNewDrawMain/UiNewDrawMainArms.prefab	0.52|0.435|-23.37	2.7|0|0	1|1|1	0
355	2	2426001	Assets/Product/Ui/Scene3DPrefab/UiMain3dWuqi.prefab	Assets/Product/Ui/UiModel/UiNewDrawMain/UiNewDrawMainArms.prefab	0.52|0.435|-23.37	2.7|0|0	1|1|1	0
356	2	2436001	Assets/Product/Ui/Scene3DPrefab/UiMain3dWuqi.prefab	Assets/Product/Ui/UiModel/UiNewDrawMain/UiNewDrawMainArms.prefab	0.52|0.435|-23.37	2.7|0|0	1|1|1	0
357	2	2446001	Assets/Product/Ui/Scene3DPrefab/UiMain3dWuqi.prefab	Assets/Product/Ui/UiModel/UiNewDrawMain/UiNewDrawMainArms.prefab	0.52|0.435|-23.37	2.7|0|0	1|1|1	0
358	2	2456001	Assets/Product/Ui/Scene3DPrefab/UiMain3dWuqi.prefab	Assets/Product/Ui/UiModel/UiNewDrawMain/UiNewDrawMainArms.prefab	0.52|0.435|-23.37	2.7|0|0	1|1|1	0
359	2	2466001	Assets/Product/Ui/Scene3DPrefab/UiMain3dWuqi.prefab	Assets/Product/Ui/UiModel/UiNewDrawMain/UiNewDrawMainArms.prefab	0.52|0.435|-23.37	2.7|0|0	1|1|1	0
360	2	2476001	Assets/Product/Ui/Scene3DPrefab/UiMain3dWuqi.prefab	Assets/Product/Ui/UiModel/UiNewDrawMain/UiNewDrawMainArms.prefab	0.52|0.435|-23.37	2.7|0|0	1|1|1	0
361	2	2486001	Assets/Product/Ui/Scene3DPrefab/UiMain3dWuqi.prefab	Assets/Product/Ui/UiModel/UiNewDrawMain/UiNewDrawMainArms.prefab	0.52|0.435|-23.37	2.7|0|0	1|1|1	0
362	2	2496001	Assets/Product/Ui/Scene3DPrefab/UiMain3dWuqi.prefab	Assets/Product/Ui/UiModel/UiNewDrawMain/UiNewDrawMainArms.prefab	0.52|0.435|-23.37	2.7|0|0	1|1|1	0
363	2	2506001	Assets/Product/Ui/Scene3DPrefab/UiMain3dWuqi.prefab	Assets/Product/Ui/UiModel/UiNewDrawMain/UiNewDrawMainArms.prefab	0.52|0.435|-23.37	2.7|0|0	1|1|1	0
364	2	2516001	Assets/Product/Ui/Scene3DPrefab/UiMain3dWuqi.prefab	Assets/Product/Ui/UiModel/UiNewDrawMain/UiNewDrawMainArms.prefab	0.52|0.435|-23.37	2.7|0|0	1|1|1	0
365	2	2526001	Assets/Product/Ui/Scene3DPrefab/UiMain3dWuqi.prefab	Assets/Product/Ui/UiModel/UiNewDrawMain/UiNewDrawMainArms.prefab	0.52|0.435|-23.37	2.7|0|0	1|1|1	0
366	2	2536001	Assets/Product/Ui/Scene3DPrefab/UiMain3dWuqi.prefab	Assets/Product/Ui/UiModel/UiNewDrawMain/UiNewDrawMainArms.prefab	0.52|0.435|-23.37	2.7|0|0	1|1|1	0
367	2	2546001	Assets/Product/Ui/Scene3DPrefab/UiMain3dWuqi.prefab	Assets/Product/Ui/UiModel/UiNewDrawMain/UiNewDrawMainArms.prefab	0.52|0.435|-23.37	2.7|0|0	1|1|1	0
368	2	2556001	Assets/Product/Ui/Scene3DPrefab/UiMain3dWuqi.prefab	Assets/Product/Ui/UiModel/UiNewDrawMain/UiNewDrawMainArms.prefab	0.52|0.435|-23.37	2.7|0|0	1|1|1	0
369	2	2566001	Assets/Product/Ui/Scene3DPrefab/UiMain3dWuqi.prefab	Assets/Product/Ui/UiModel/UiNewDrawMain/UiNewDrawMainArms.prefab	0.52|0.435|-23.37	2.7|0|0	1|1|1	0
370	2	2576001	Assets/Product/Ui/Scene3DPrefab/UiMain3dWuqi.prefab	Assets/Product/Ui/UiModel/UiNewDrawMain/UiNewDrawMainArms.prefab	0.52|0.435|-23.37	2.7|0|0	1|1|1	0
371	2	2586001	Assets/Product/Ui/Scene3DPrefab/UiMain3dWuqi.prefab	Assets/Product/Ui/UiModel/UiNewDrawMain/UiNewDrawMainArms.prefab	0.52|0.435|-23.37	2.7|0|0	1|1|1	0
372	2	2596001	Assets/Product/Ui/Scene3DPrefab/UiMain3dWuqi.prefab	Assets/Product/Ui/UiModel/UiNewDrawMain/UiNewDrawMainArms.prefab	0.52|0.435|-23.37	2.7|0|0	1|1|1	0
373	2	2606001	Assets/Product/Ui/Scene3DPrefab/UiMain3dWuqi.prefab	Assets/Product/Ui/UiModel/UiNewDrawMain/UiNewDrawMainArms.prefab	0.52|0.435|-23.37	2.7|0|0	1|1|1	0
374	2	2616001	Assets/Product/Ui/Scene3DPrefab/UiMain3dWuqi.prefab	Assets/Product/Ui/UiModel/UiNewDrawMain/UiNewDrawMainArms.prefab	0.52|0.435|-23.37	2.7|0|0	1|1|1	0
375	2	2626001	Assets/Product/Ui/Scene3DPrefab/UiMain3dWuqi.prefab	Assets/Product/Ui/UiModel/UiNewDrawMain/UiNewDrawMainArms.prefab	0.52|0.435|-23.37	2.7|0|0	1|1|1	0
376	2	2636001	Assets/Product/Ui/Scene3DPrefab/UiMain3dWuqi.prefab	Assets/Product/Ui/UiModel/UiNewDrawMain/UiNewDrawMainArms.prefab	0.52|0.435|-23.37	2.7|0|0	1|1|1	0
377	2	2646001	Assets/Product/Ui/Scene3DPrefab/UiMain3dWuqi.prefab	Assets/Product/Ui/UiModel/UiNewDrawMain/UiNewDrawMainArms.prefab	0.52|0.435|-23.37	2.7|0|0	1|1|1	0
378	2	2656001	Assets/Product/Ui/Scene3DPrefab/UiMain3dWuqi.prefab	Assets/Product/Ui/UiModel/UiNewDrawMain/UiNewDrawMainArms.prefab	0.52|0.435|-23.37	2.7|0|0	1|1|1	0
379	2	2606001	Assets/Product/Ui/Scene3DPrefab/UiMain3dWuqi.prefab	Assets/Product/Ui/UiModel/UiNewDrawMain/UiNewDrawMainArms.prefab	0.52|0.435|-23.37	2.7|0|0	1|1|1	0
380	2	2666001	Assets/Product/Ui/Scene3DPrefab/UiMain3dWuqi.prefab	Assets/Product/Ui/UiModel/UiNewDrawMain/UiNewDrawMainArms.prefab	0.52|0.435|-23.37	2.7|0|0	1|1|1	0
381	2	2686001	Assets/Product/Ui/Scene3DPrefab/UiMain3dWuqi.prefab	Assets/Product/Ui/UiModel/UiNewDrawMain/UiNewDrawMainArms.prefab	0.52|0.435|-23.37	2.7|0|0	1|1|1	0
382	2	2676001	Assets/Product/Ui/Scene3DPrefab/UiMain3dWuqi.prefab	Assets/Product/Ui/UiModel/UiNewDrawMain/UiNewDrawMainArms.prefab	0.52|0.435|-23.37	2.7|0|0	1|1|1	0
383	2	2696001	Assets/Product/Ui/Scene3DPrefab/UiMain3dWuqi.prefab	Assets/Product/Ui/UiModel/UiNewDrawMain/UiNewDrawMainArms.prefab	0.52|0.435|-23.37	2.7|0|0	1|1|1	0
7001	3	16030000	Assets/Product/Ui/Scene3DPrefab/UiMain3dWuqi.prefab	Assets/Product/Ui/UiModel/UiNewDrawMain/UiNewDrawMainPartner.prefab	0.33|0|-24.34	0|223.2|0	1|1|1	0
7002	3	16030000	Assets/Product/Ui/Scene3DPrefab/UiMain3dWuqi.prefab	Assets/Product/Ui/UiModel/UiNewDrawMain/UiNewDrawMainPartner.prefab	0.33|0|-24.34	0|223.2|0	1|1|1	0
7003	3	16040000	Assets/Product/Ui/Scene3DPrefab/UiMain3dWuqi.prefab	Assets/Product/Ui/UiModel/UiNewDrawMain/UiNewDrawMainPartner.prefab	0.28|0|-24.58	0|-140.15|0	1|1|1	0
7004	3	16040000	Assets/Product/Ui/Scene3DPrefab/UiMain3dWuqi.prefab	Assets/Product/Ui/UiModel/UiNewDrawMain/UiNewDrawMainPartner.prefab	0.28|0|-24.58	0|-140.15|0	1|1|1	0
7005	3	16060000	Assets/Product/Ui/Scene3DPrefab/UiMain3dWuqi.prefab	Assets/Product/Ui/UiModel/UiNewDrawMain/UiNewDrawMainPartner.prefab	1.55|0|-23.77	0|-129.67|0	1|1|1	0
7006	3	16060000	Assets/Product/Ui/Scene3DPrefab/UiMain3dWuqi.prefab	Assets/Product/Ui/UiModel/UiNewDrawMain/UiNewDrawMainPartner.prefab	1.55|0|-23.77	0|-129.67|0	1|1|1	0
7007	3	16080000	Assets/Product/Ui/Scene3DPrefab/UiMain3dWuqi.prefab	Assets/Product/Ui/UiModel/UiNewDrawMain/UiNewDrawMainPartner.prefab	-0.35|-1.04|-25.35	12|-118|0.6	1|1|1	0
7008	3	16080000	Assets/Product/Ui/Scene3DPrefab/UiMain3dWuqi.prefab	Assets/Product/Ui/UiModel/UiNewDrawMain/UiNewDrawMainPartner.prefab	-0.35|-1.04|-25.35	12|-118|0.6	1|1|1	0
7009	3	16100000	Assets/Product/Ui/Scene3DPrefab/UiMain3dWuqi.prefab	Assets/Product/Ui/UiModel/UiNewDrawMain/UiNewDrawMainPartner.prefab	0.6|0|-24.26	0|-121|0	1|1|1	0
7010	3	16100000	Assets/Product/Ui/Scene3DPrefab/UiMain3dWuqi.prefab	Assets/Product/Ui/UiModel/UiNewDrawMain/UiNewDrawMainPartner.prefab	0.6|0|-24.26	0|-121|0	1|1|1	0
7011	3	16110000	Assets/Product/Ui/Scene3DPrefab/UiMain3dWuqi.prefab	Assets/Product/Ui/UiModel/UiNewDrawMain/UiNewDrawMainPartner.prefab	0.6|0|-24.26	0|-121|0	1|1|1	0
7012	3	16110000	Assets/Product/Ui/Scene3DPrefab/UiMain3dWuqi.prefab	Assets/Product/Ui/UiModel/UiNewDrawMain/UiNewDrawMainPartner.prefab	0.6|0|-24.26	0|-121|0	1|1|1	0
7013	3	16120000	Assets/Product/Ui/Scene3DPrefab/UiMain3dWuqi.prefab	Assets/Product/Ui/UiModel/UiNewDrawMain/UiNewDrawMainPartner.prefab	0.6|0|-24.26	0|-121|0	1|1|1	0
7014	3	16120000	Assets/Product/Ui/Scene3DPrefab/UiMain3dWuqi.prefab	Assets/Product/Ui/UiModel/UiNewDrawMain/UiNewDrawMainPartner.prefab	0.6|0|-24.26	0|-121|0	1|1|1	0
7015	3	16130000	Assets/Product/Ui/Scene3DPrefab/UiMain3dWuqi.prefab	Assets/Product/Ui/UiModel/UiNewDrawMain/UiNewDrawMainPartner.prefab	0.6|0|-24.26	0|-121|0	1|1|1	0
7016	3	16130000	Assets/Product/Ui/Scene3DPrefab/UiMain3dWuqi.prefab	Assets/Product/Ui/UiModel/UiNewDrawMain/UiNewDrawMainPartner.prefab	0.6|0|-24.26	0|-121|0	1|1|1	0
7017	3	16140000	Assets/Product/Ui/Scene3DPrefab/UiMain3dWuqi.prefab	Assets/Product/Ui/UiModel/UiNewDrawMain/UiNewDrawMainPartner.prefab	0.6|0|-24.26	0|-121|0	1|1|1	0
7018	3	16140000	Assets/Product/Ui/Scene3DPrefab/UiMain3dWuqi.prefab	Assets/Product/Ui/UiModel/UiNewDrawMain/UiNewDrawMainPartner.prefab	0.6|0|-24.26	0|-121|0	1|1|1	0
7019	3	16150000	Assets/Product/Ui/Scene3DPrefab/UiMain3dWuqi.prefab	Assets/Product/Ui/UiModel/UiNewDrawMain/UiNewDrawMainPartner.prefab	0.6|0|-24.26	0|-121|0	1|1|1	0
7020	3	16150000	Assets/Product/Ui/Scene3DPrefab/UiMain3dWuqi.prefab	Assets/Product/Ui/UiModel/UiNewDrawMain/UiNewDrawMainPartner.prefab	0.6|0|-24.26	0|-121|0	1|1|1	0
7021	3	16160000	Assets/Product/Ui/Scene3DPrefab/UiMain3dWuqi.prefab	Assets/Product/Ui/UiModel/UiNewDrawMain/UiNewDrawMainPartner.prefab	0.6|0|-24.26	0|-121|0	1|1|1	0
7022	3	16160000	Assets/Product/Ui/Scene3DPrefab/UiMain3dWuqi.prefab	Assets/Product/Ui/UiModel/UiNewDrawMain/UiNewDrawMainPartner.prefab	0.6|0|-24.26	0|-121|0	1|1|1	0
7023	3	16170000	Assets/Product/Ui/Scene3DPrefab/UiMain3dWuqi.prefab	Assets/Product/Ui/UiModel/UiNewDrawMain/UiNewDrawMainPartner.prefab	0.6|0|-24.26	0|-121|0	0.75|0.75|0.75	0
7024	3	16170000	Assets/Product/Ui/Scene3DPrefab/UiMain3dWuqi.prefab	Assets/Product/Ui/UiModel/UiNewDrawMain/UiNewDrawMainPartner.prefab	0.6|0|-24.26	0|-121|0	0.75|0.75|0.75	0
7025	3	16180000	Assets/Product/Ui/Scene3DPrefab/UiMain3dWuqi.prefab	Assets/Product/Ui/UiModel/UiNewDrawMain/UiNewDrawMainPartner.prefab	0.6|-0.45|-24.26	0|-121|0	1|1|1	0
7026	3	16180000	Assets/Product/Ui/Scene3DPrefab/UiMain3dWuqi.prefab	Assets/Product/Ui/UiModel/UiNewDrawMain/UiNewDrawMainPartner.prefab	0.6|-0.45|-24.26	0|-121|0	1|1|1	0
7027	3	16190000	Assets/Product/Ui/Scene3DPrefab/UiMain3dWuqi.prefab	Assets/Product/Ui/UiModel/UiNewDrawMain/UiNewDrawMainPartner.prefab	0.6|-0.45|-24.26	0|-121|0	1|1|1	0
7028	3	16190000	Assets/Product/Ui/Scene3DPrefab/UiMain3dWuqi.prefab	Assets/Product/Ui/UiModel/UiNewDrawMain/UiNewDrawMainPartner.prefab	0.6|-0.45|-24.26	0|-121|0	1|1|1	0
7029	3	16200000	Assets/Product/Ui/Scene3DPrefab/UiMain3dWuqi.prefab	Assets/Product/Ui/UiModel/UiNewDrawMain/UiNewDrawMainPartner.prefab	0.6|-0.45|-24.26	0|-121|0	1|1|1	0
7030	3	16200000	Assets/Product/Ui/Scene3DPrefab/UiMain3dWuqi.prefab	Assets/Product/Ui/UiModel/UiNewDrawMain/UiNewDrawMainPartner.prefab	0.6|-0.45|-24.26	0|-121|0	1|1|1	0
7031	3	16210000	Assets/Product/Ui/Scene3DPrefab/UiMain3dWuqi.prefab	Assets/Product/Ui/UiModel/UiNewDrawMain/UiNewDrawMainPartner.prefab	0.6|-0.45|-24.26	0|-121|0	1|1|1	0
7032	3	16210000	Assets/Product/Ui/Scene3DPrefab/UiMain3dWuqi.prefab	Assets/Product/Ui/UiModel/UiNewDrawMain/UiNewDrawMainPartner.prefab	0.6|-0.45|-24.26	0|-121|0	1|1|1	0
7033	3	16220000	Assets/Product/Ui/Scene3DPrefab/UiMain3dWuqi.prefab	Assets/Product/Ui/UiModel/UiNewDrawMain/UiNewDrawMainPartner.prefab	0.6|-0.45|-24.26	0|-121|0	1|1|1	0
7034	3	16220000	Assets/Product/Ui/Scene3DPrefab/UiMain3dWuqi.prefab	Assets/Product/Ui/UiModel/UiNewDrawMain/UiNewDrawMainPartner.prefab	0.6|-0.45|-24.26	0|-121|0	1|1|1	0
7035	3	16230000	Assets/Product/Ui/Scene3DPrefab/UiMain3dWuqi.prefab	Assets/Product/Ui/UiModel/UiNewDrawMain/UiNewDrawMainPartner.prefab	0.6|-0.45|-24.26	0|-121|0	1|1|1	0
7036	3	16230000	Assets/Product/Ui/Scene3DPrefab/UiMain3dWuqi.prefab	Assets/Product/Ui/UiModel/UiNewDrawMain/UiNewDrawMainPartner.prefab	0.6|-0.45|-24.26	0|-121|0	1|1|1	0
7037	3	16240000	Assets/Product/Ui/Scene3DPrefab/UiMain3dWuqi.prefab	Assets/Product/Ui/UiModel/UiNewDrawMain/UiNewDrawMainPartner.prefab	0.6|-0.45|-24.26	0|-121|0	1|1|1	0
7038	3	16240000	Assets/Product/Ui/Scene3DPrefab/UiMain3dWuqi.prefab	Assets/Product/Ui/UiModel/UiNewDrawMain/UiNewDrawMainPartner.prefab	0.6|-0.45|-24.26	0|-121|0	1|1|1	0
7039	3	16250000	Assets/Product/Ui/Scene3DPrefab/UiMain3dWuqi.prefab	Assets/Product/Ui/UiModel/UiNewDrawMain/UiNewDrawMainPartner.prefab	0.6|-0.45|-24.26	0|-121|0	1|1|1	0
7040	3	16250000	Assets/Product/Ui/Scene3DPrefab/UiMain3dWuqi.prefab	Assets/Product/Ui/UiModel/UiNewDrawMain/UiNewDrawMainPartner.prefab	0.6|-0.45|-24.26	0|-121|0	1|1|1	0
7041	3	16260000	Assets/Product/Ui/Scene3DPrefab/UiMain3dWuqi.prefab	Assets/Product/Ui/UiModel/UiNewDrawMain/UiNewDrawMainPartner.prefab	0.6|-0.45|-24.26	0|-121|0	1|1|1	0
7042	3	16260000	Assets/Product/Ui/Scene3DPrefab/UiMain3dWuqi.prefab	Assets/Product/Ui/UiModel/UiNewDrawMain/UiNewDrawMainPartner.prefab	0.6|-0.45|-24.26	0|-121|0	1|1|1	0
7043	3	16270000	Assets/Product/Ui/Scene3DPrefab/UiMain3dWuqi.prefab	Assets/Product/Ui/UiModel/UiNewDrawMain/UiNewDrawMainPartner.prefab	0.6|-0.45|-24.26	0|-121|0	1|1|1	0
7044	3	16270000	Assets/Product/Ui/Scene3DPrefab/UiMain3dWuqi.prefab	Assets/Product/Ui/UiModel/UiNewDrawMain/UiNewDrawMainPartner.prefab	0.6|-0.45|-24.26	0|-121|0	1|1|1	0
7045	3	16280000	Assets/Product/Ui/Scene3DPrefab/UiMain3dWuqi.prefab	Assets/Product/Ui/UiModel/UiNewDrawMain/UiNewDrawMainPartner.prefab	0.6|-0.45|-24.26	0|-121|0	1|1|1	0
7046	3	16280000	Assets/Product/Ui/Scene3DPrefab/UiMain3dWuqi.prefab	Assets/Product/Ui/UiModel/UiNewDrawMain/UiNewDrawMainPartner.prefab	0.6|-0.45|-24.26	0|-121|0	1|1|1	0
7047	3	16290000	Assets/Product/Ui/Scene3DPrefab/UiMain3dWuqi.prefab	Assets/Product/Ui/UiModel/UiNewDrawMain/UiNewDrawMainPartner.prefab	0.6|-0.45|-24.26	0|-121|0	1|1|1	0
7048	3	16290000	Assets/Product/Ui/Scene3DPrefab/UiMain3dWuqi.prefab	Assets/Product/Ui/UiModel/UiNewDrawMain/UiNewDrawMainPartner.prefab	0.6|-0.45|-24.26	0|-121|0	1|1|1	0
7049	3	16300000	Assets/Product/Ui/Scene3DPrefab/UiMain3dWuqi.prefab	Assets/Product/Ui/UiModel/UiNewDrawMain/UiNewDrawMainPartner.prefab	0.6|-0.45|-24.26	0|-121|0	1|1|1	0
7050	3	16310000	Assets/Product/Ui/Scene3DPrefab/UiMain3dWuqi.prefab	Assets/Product/Ui/UiModel/UiNewDrawMain/UiNewDrawMainPartner.prefab	0.6|-0.45|-24.26	0|-121|0	1|1|1	0
7051	3	16320000	Assets/Product/Ui/Scene3DPrefab/UiMain3dWuqi.prefab	Assets/Product/Ui/UiModel/UiNewDrawMain/UiNewDrawMainPartner.prefab	0.6|-0.45|-24.26	0|-121|0	1|1|1	0
7052	3	16320000	Assets/Product/Ui/Scene3DPrefab/UiMain3dWuqi.prefab	Assets/Product/Ui/UiModel/UiNewDrawMain/UiNewDrawMainPartner.prefab	0.6|-0.45|-24.26	0|-121|0	1|1|1	0
7053	3	16330000	Assets/Product/Ui/Scene3DPrefab/UiMain3dWuqi.prefab	Assets/Product/Ui/UiModel/UiNewDrawMain/UiNewDrawMainPartner.prefab	0.6|-0.45|-24.26	0|-121|0	1|1|1	0
7054	3	16330000	Assets/Product/Ui/Scene3DPrefab/UiMain3dWuqi.prefab	Assets/Product/Ui/UiModel/UiNewDrawMain/UiNewDrawMainPartner.prefab	0.6|-0.45|-24.26	0|-121|0	1|1|1	0
7055	3	16340000	Assets/Product/Ui/Scene3DPrefab/UiMain3dWuqi.prefab	Assets/Product/Ui/UiModel/UiNewDrawMain/UiNewDrawMainPartner.prefab	0.6|-0.45|-24.26	0|-121|0	1|1|1	0
7056	3	16350000	Assets/Product/Ui/Scene3DPrefab/UiMain3dWuqi.prefab	Assets/Product/Ui/UiModel/UiNewDrawMain/UiNewDrawMainPartner.prefab	0.6|-0.45|-24.26	0|-121|0	1|1|1	0
7057	3	16350000	Assets/Product/Ui/Scene3DPrefab/UiMain3dWuqi.prefab	Assets/Product/Ui/UiModel/UiNewDrawMain/UiNewDrawMainPartner.prefab	0.6|-0.45|-24.26	0|-121|0	1|1|1	0
7058	3	16360000	Assets/Product/Ui/Scene3DPrefab/UiMain3dWuqi.prefab	Assets/Product/Ui/UiModel/UiNewDrawMain/UiNewDrawMainPartner.prefab	0.6|-0.45|-24.26	0|-121|0	1|1|1	0
7059	3	16360000	Assets/Product/Ui/Scene3DPrefab/UiMain3dWuqi.prefab	Assets/Product/Ui/UiModel/UiNewDrawMain/UiNewDrawMainPartner.prefab	0.6|-0.45|-24.26	0|-121|0	1|1|1	0
7060	3	16370000	Assets/Product/Ui/Scene3DPrefab/UiMain3dWuqi.prefab	Assets/Product/Ui/UiModel/UiNewDrawMain/UiNewDrawMainPartner.prefab	0.6|-0.45|-24.26	0|-121|0	1|1|1	0
7061	3	16370000	Assets/Product/Ui/Scene3DPrefab/UiMain3dWuqi.prefab	Assets/Product/Ui/UiModel/UiNewDrawMain/UiNewDrawMainPartner.prefab	0.6|-0.45|-24.26	0|-121|0	1|1|1	0
7062	3	16380000	Assets/Product/Ui/Scene3DPrefab/UiMain3dWuqi.prefab	Assets/Product/Ui/UiModel/UiNewDrawMain/UiNewDrawMainPartner.prefab	0.6|-0.45|-24.26	0|-121|0	1|1|1	0
7063	3	16380000	Assets/Product/Ui/Scene3DPrefab/UiMain3dWuqi.prefab	Assets/Product/Ui/UiModel/UiNewDrawMain/UiNewDrawMainPartner.prefab	0.6|-0.45|-24.26	0|-121|0	1|1|1	0
7064	3	16390000	Assets/Product/Ui/Scene3DPrefab/UiMain3dWuqi.prefab	Assets/Product/Ui/UiModel/UiNewDrawMain/UiNewDrawMainPartner.prefab	0.6|-0.45|-24.26	0|-121|0	1|1|1	0
7065	3	16340000	Assets/Product/Ui/Scene3DPrefab/UiMain3dWuqi.prefab	Assets/Product/Ui/UiModel/UiNewDrawMain/UiNewDrawMainPartner.prefab	0.6|-0.45|-24.26	0|-121|0	1|1|1	0
7066	3	16400000	Assets/Product/Ui/Scene3DPrefab/UiMain3dWuqi.prefab	Assets/Product/Ui/UiModel/UiNewDrawMain/UiNewDrawMainPartner.prefab	0.6|-0.45|-24.26	0|-121|0	1|1|1	0
7067	3	16400000	Assets/Product/Ui/Scene3DPrefab/UiMain3dWuqi.prefab	Assets/Product/Ui/UiModel/UiNewDrawMain/UiNewDrawMainPartner.prefab	0.6|-0.45|-24.26	0|-121|0	1|1|1	0
7068	3	16420000	Assets/Product/Ui/Scene3DPrefab/UiMain3dWuqi.prefab	Assets/Product/Ui/UiModel/UiNewDrawMain/UiNewDrawMainPartner.prefab	0.6|-0.45|-24.26	0|-121|0	1|1|1	0
7069	3	16410000	Assets/Product/Ui/Scene3DPrefab/UiMain3dWuqi.prefab	Assets/Product/Ui/UiModel/UiNewDrawMain/UiNewDrawMainPartner.prefab	0.6|-0.45|-24.26	0|-121|0	1|1|1	0
7070	3	16410000	Assets/Product/Ui/Scene3DPrefab/UiMain3dWuqi.prefab	Assets/Product/Ui/UiModel/UiNewDrawMain/UiNewDrawMainPartner.prefab	0.6|-0.45|-24.26	0|-121|0	1|1|1	0
7071	3	16430000	Assets/Product/Ui/Scene3DPrefab/UiMain3dWuqi.prefab	Assets/Product/Ui/UiModel/UiNewDrawMain/UiNewDrawMainPartner.prefab	0.6|-0.45|-24.26	0|-121|0	1|1|1	0
7072	3	16430000	Assets/Product/Ui/Scene3DPrefab/UiMain3dWuqi.prefab	Assets/Product/Ui/UiModel/UiNewDrawMain/UiNewDrawMainPartner.prefab	0.6|-0.45|-24.26	0|-121|0	1|1|1	0
101	1	1021002	Assets/Product/Ui/Scene3DPrefab/UiMain3dQishi_01.prefab	Assets/Product/Ui/UiModel/UiNewDrawMain/UiNewDrawMainRoleGouzaoti.prefab				0
3000	1	1011002	Assets/Product/Ui/Scene3DPrefab/UiMain3dQishi_01.prefab	Assets/Product/Ui/UiModel/UiNewDrawMain/UiNewDrawMainRoleGouzaoti.prefab				0
3001	1	1021002	Assets/Product/Ui/Scene3DPrefab/UiMain3dQishi_01.prefab	Assets/Product/Ui/UiModel/UiNewDrawMain/UiNewDrawMainRoleGouzaoti.prefab				0
3002	1	1031002	Assets/Product/Ui/Scene3DPrefab/UiMain3dQishi_01.prefab	Assets/Product/Ui/UiModel/UiNewDrawMain/UiNewDrawMainRoleGouzaoti.prefab				0
3003	1	1041002	Assets/Product/Ui/Scene3DPrefab/UiMain3dQishi_01.prefab	Assets/Product/Ui/UiModel/UiNewDrawMain/UiNewDrawMainRoleGouzaoti.prefab				0
3004	1	1061002	Assets/Product/Ui/Scene3DPrefab/UiMain3dQishi_01.prefab	Assets/Product/Ui/UiModel/UiNewDrawMain/UiNewDrawMainRoleGouzaoti.prefab				0
3005	1	1071002	Assets/Product/Ui/Scene3DPrefab/UiMain3dQishi_01.prefab	Assets/Product/Ui/UiModel/UiNewDrawMain/UiNewDrawMainRoleGouzaoti.prefab				0
3006	1	1081002	Assets/Product/Ui/Scene3DPrefab/UiMain3dQishi_01.prefab	Assets/Product/Ui/UiModel/UiNewDrawMain/UiNewDrawMainRoleGouzaoti.prefab				0
3007	1	1081003	Assets/Product/Ui/Scene3DPrefab/UiMain3dQishi_01.prefab	Assets/Product/Ui/UiModel/UiNewDrawMain/UiNewDrawMainRoleGouzaoti.prefab				0
3008	1	1091002	Assets/Product/Ui/Scene3DPrefab/UiMain3dQishi_01.prefab	Assets/Product/Ui/UiModel/UiNewDrawMain/UiNewDrawMainRoleGouzaoti.prefab				0
3009	1	1111002	Assets/Product/Ui/Scene3DPrefab/UiMain3dQishi_01.prefab	Assets/Product/Ui/UiModel/UiNewDrawMain/UiNewDrawMainRoleGouzaoti.prefab				0
3010	1	1111002	Assets/Product/Ui/Scene3DPrefab/UiMain3dQishi_01.prefab	Assets/Product/Ui/UiModel/UiNewDrawMain/UiNewDrawMainRoleGouzaoti.prefab				0
3011	1	1121002	Assets/Product/Ui/Scene3DPrefab/UiMain3dQishi_01.prefab	Assets/Product/Ui/UiModel/UiNewDrawMain/UiNewDrawMainRoleGouzaoti.prefab				0
3012	1	1121002	Assets/Product/Ui/Scene3DPrefab/UiMain3dQishi_01.prefab	Assets/Product/Ui/UiModel/UiNewDrawMain/UiNewDrawMainRoleGouzaoti.prefab				0
3013	1	1131002	Assets/Product/Ui/Scene3DPrefab/UiMain3dQishi_01.prefab	Assets/Product/Ui/UiModel/UiNewDrawMain/UiNewDrawMainRoleGouzaoti.prefab				0
3014	1	1131002	Assets/Product/Ui/Scene3DPrefab/UiMain3dQishi_01.prefab	Assets/Product/Ui/UiModel/UiNewDrawMain/UiNewDrawMainRoleGouzaoti.prefab				0
3015	1	1161002	Assets/Product/Ui/Scene3DPrefab/UiMain3dQishi_01.prefab	Assets/Product/Ui/UiModel/UiNewDrawMain/UiNewDrawMainRoleGouzaoti.prefab				0
3016	1	1161002	Assets/Product/Ui/Scene3DPrefab/UiMain3dQishi_01.prefab	Assets/Product/Ui/UiModel/UiNewDrawMain/UiNewDrawMainRoleGouzaoti.prefab				0
3017	1	1211002	Assets/Product/Ui/Scene3DPrefab/UiMain3dQishi_01.prefab	Assets/Product/Ui/UiModel/UiNewDrawMain/UiNewDrawMainRoleGouzaoti.prefab				0
3018	1	1211002	Assets/Product/Ui/Scene3DPrefab/UiMain3dQishi_01.prefab	Assets/Product/Ui/UiModel/UiNewDrawMain/UiNewDrawMainRoleGouzaoti.prefab				0
3019	1	1221002	Assets/Product/Ui/Scene3DPrefab/UiMain3dQishi_01.prefab	Assets/Product/Ui/UiModel/UiNewDrawMain/UiNewDrawMainRoleGouzaoti.prefab				0
3020	1	1221002	Assets/Product/Ui/Scene3DPrefab/UiMain3dQishi_01.prefab	Assets/Product/Ui/UiModel/UiNewDrawMain/UiNewDrawMainRoleGouzaoti.prefab				0
3021	1	1231002	Assets/Product/Ui/Scene3DPrefab/UiMain3dQishi_01.prefab	Assets/Product/Ui/UiModel/UiNewDrawMain/UiNewDrawMainRoleGouzaoti.prefab				0
3022	1	1231002	Assets/Product/Ui/Scene3DPrefab/UiMain3dQishi_01.prefab	Assets/Product/Ui/UiModel/UiNewDrawMain/UiNewDrawMainRoleGouzaoti.prefab				0
3023	1	1241002	Assets/Product/Ui/Scene3DPrefab/UiMain3dQishi_01.prefab	Assets/Product/Ui/UiModel/UiNewDrawMain/UiNewDrawMainRoleGouzaoti.prefab				0
3024	1	1241002	Assets/Product/Ui/Scene3DPrefab/UiMain3dQishi_01.prefab	Assets/Product/Ui/UiModel/UiNewDrawMain/UiNewDrawMainRoleGouzaoti.prefab				0
3025	1	1251002	Assets/Product/Ui/Scene3DPrefab/UiMain3dQishi_01.prefab	Assets/Product/Ui/UiModel/UiNewDrawMain/UiNewDrawMainRoleGouzaoti.prefab				0
3026	1	1251002	Assets/Product/Ui/Scene3DPrefab/UiMain3dQishi_01.prefab	Assets/Product/Ui/UiModel/UiNewDrawMain/UiNewDrawMainRoleGouzaoti.prefab				0
3027	1	1291002	Assets/Product/Ui/Scene3DPrefab/UiMain3dQishi_01.prefab	Assets/Product/Ui/UiModel/UiNewDrawMain/UiNewDrawMainRoleGouzaoti.prefab				0
3028	1	1291002	Assets/Product/Ui/Scene3DPrefab/UiMain3dQishi_01.prefab	Assets/Product/Ui/UiModel/UiNewDrawMain/UiNewDrawMainRoleGouzaoti.prefab				0
3029	1	1301002	Assets/Product/Ui/Scene3DPrefab/UiMain3dQishi_01.prefab	Assets/Product/Ui/UiModel/UiNewDrawMain/UiNewDrawMainRoleGouzaoti.prefab				0
3030	1	1301002	Assets/Product/Ui/Scene3DPrefab/UiMain3dQishi_01.prefab	Assets/Product/Ui/UiModel/UiNewDrawMain/UiNewDrawMainRoleGouzaoti.prefab				0
3031	1	1311002	Assets/Product/Ui/Scene3DPrefab/UiMain3dQishi_01.prefab	Assets/Product/Ui/UiModel/UiNewDrawMain/UiNewDrawMainRoleGouzaoti.prefab				0
3032	1	1311002	Assets/Product/Ui/Scene3DPrefab/UiMain3dQishi_01.prefab	Assets/Product/Ui/UiModel/UiNewDrawMain/UiNewDrawMainRoleGouzaoti.prefab				0
3033	1	1341002	Assets/Product/Ui/Scene3DPrefab/UiMain3dQishi_01.prefab	Assets/Product/Ui/UiModel/UiNewDrawMain/UiNewDrawMainRoleGouzaoti.prefab				0
3034	1	1341002	Assets/Product/Ui/Scene3DPrefab/UiMain3dQishi_01.prefab	Assets/Product/Ui/UiModel/UiNewDrawMain/UiNewDrawMainRoleGouzaoti.prefab				0
3035	1	1371002	Assets/Product/Ui/Scene3DPrefab/UiMain3dQishi_01.prefab	Assets/Product/Ui/UiModel/UiNewDrawMain/UiNewDrawMainRoleGouzaoti.prefab				0
3036	1	1371002	Assets/Product/Ui/Scene3DPrefab/UiMain3dQishi_01.prefab	Assets/Product/Ui/UiModel/UiNewDrawMain/UiNewDrawMainRoleGouzaoti.prefab				0
4000	1	1511003	Assets/Product/Ui/Scene3DPrefab/UiMain3dQishi_01.prefab	Assets/Product/Ui/UiModel/UiNewDrawMain/UiNewDrawMainRoleShougezhe.prefab				0
4001	1	1511003	Assets/Product/Ui/Scene3DPrefab/UiMain3dQishi_01.prefab	Assets/Product/Ui/UiModel/UiNewDrawMain/UiNewDrawMainRoleShougezhe.prefab				0
4002	1	1521003	Assets/Product/Ui/Scene3DPrefab/UiMain3dQishi_01.prefab	Assets/Product/Ui/UiModel/UiNewDrawMain/UiNewDrawMainRoleShougezhe.prefab				0
4003	1	1521003	Assets/Product/Ui/Scene3DPrefab/UiMain3dQishi_01.prefab	Assets/Product/Ui/UiModel/UiNewDrawMain/UiNewDrawMainRoleShougezhe.prefab				0
4004	1	1531003	Assets/Product/Ui/Scene3DPrefab/UiMain3dQishi_01.prefab	Assets/Product/Ui/UiModel/UiNewDrawMain/UiNewDrawMainRoleShougezhe.prefab				0
4005	1	1531003	Assets/Product/Ui/Scene3DPrefab/UiMain3dQishi_01.prefab	Assets/Product/Ui/UiModel/UiNewDrawMain/UiNewDrawMainRoleShougezhe.prefab				0
4006	1	1541003	Assets/Product/Ui/Scene3DPrefab/UiMain3dQishi_01.prefab	Assets/Product/Ui/UiModel/UiNewDrawMain/UiNewDrawMainRoleShougezhe.prefab				0
4007	1	1541003	Assets/Product/Ui/Scene3DPrefab/UiMain3dQishi_01.prefab	Assets/Product/Ui/UiModel/UiNewDrawMain/UiNewDrawMainRoleShougezhe.prefab				0
4008	1	1551003	Assets/Product/Ui/Scene3DPrefab/UiMain3dQishi_01.prefab	Assets/Product/Ui/UiModel/UiNewDrawMain/UiNewDrawMainRoleShougezhe.prefab				0
4009	1	1551003	Assets/Product/Ui/Scene3DPrefab/UiMain3dQishi_01.prefab	Assets/Product/Ui/UiModel/UiNewDrawMain/UiNewDrawMainRoleShougezhe.prefab				0
4010	1	1561003	Assets/Product/Ui/Scene3DPrefab/UiMain3dQishi_01.prefab	Assets/Product/Ui/UiModel/UiNewDrawMain/UiNewDrawMainRoleShougezhe.prefab				0
4011	1	1561003	Assets/Product/Ui/Scene3DPrefab/UiMain3dQishi_01.prefab	Assets/Product/Ui/UiModel/UiNewDrawMain/UiNewDrawMainRoleShougezhe.prefab				0
4012	1	1571003	Assets/Product/Ui/Scene3DPrefab/UiMain3dQishi_01.prefab	Assets/Product/Ui/UiModel/UiNewDrawMain/UiNewDrawMainRoleShougezhe.prefab				0
4013	1	1571003	Assets/Product/Ui/Scene3DPrefab/UiMain3dQishi_01.prefab	Assets/Product/Ui/UiModel/UiNewDrawMain/UiNewDrawMainRoleShougezhe.prefab				0
1111	1	1031004	Assets/Product/Ui/Scene3DPrefab/UiMain3dQishi_01.prefab	Assets/Product/Ui/UiModel/UiNewDrawMain/UiNewDrawMainRoleDescending.prefab				0
1112	1	1171003	Assets/Product/Ui/Scene3DPrefab/UiMain3dQishi_01.prefab	Assets/Product/Ui/UiModel/UiNewDrawMain/UiNewDrawMainRoleDescending.prefab				0
1113	1	1071003	Assets/Product/Ui/Scene3DPrefab/UiMain3dQishi_01.prefab	Assets/Product/Ui/UiModel/UiNewDrawMain/UiNewDrawMainRoleDescending.prefab				0
1114	1	1021004	Assets/Product/Ui/Scene3DPrefab/UiMain3dQishi_01.prefab	Assets/Product/Ui/UiModel/UiNewDrawMain/UiNewDrawMainRoleDescending.prefab				0
1115	1	1141003	Assets/Product/Ui/Scene3DPrefab/UiMain3dQishi_01.prefab	Assets/Product/Ui/UiModel/UiNewDrawMain/UiNewDrawMainRoleDescending.prefab				0
1116	1	1051003	Assets/Product/Ui/Scene3DPrefab/UiMain3dQishi_01.prefab	Assets/Product/Ui/UiModel/UiNewDrawMain/UiNewDrawMainRoleDescending.prefab				0
1117	1	1121003	Assets/Product/Ui/Scene3DPrefab/UiMain3dQishi_01.prefab	Assets/Product/Ui/UiModel/UiNewDrawMain/UiNewDrawMainRoleDescending.prefab				0
1118	1	1131003	Assets/Product/Ui/Scene3DPrefab/UiMain3dQishi_01.prefab	Assets/Product/Ui/UiModel/UiNewDrawMain/UiNewDrawMainRoleDescending.prefab				0
1119	1	1021003	Assets/Product/Ui/Scene3DPrefab/UiMain3dQishi_01.prefab	Assets/Product/Ui/UiModel/UiNewDrawMain/UiNewDrawMainRoleDescending.prefab				0
1120	1	1051004	Assets/Product/Ui/Scene3DPrefab/UiMain3dQishi_01.prefab	Assets/Product/Ui/UiModel/UiNewDrawMain/UiNewDrawMainRoleDescending.prefab				0
1121	1	1041003	Assets/Product/Ui/Scene3DPrefab/UiMain3dQishi_01.prefab	Assets/Product/Ui/UiModel/UiNewDrawMain/UiNewDrawMainRoleDescending.prefab				0
1122	1	1011003	Assets/Product/Ui/Scene3DPrefab/UiMain3dQishi_01.prefab	Assets/Product/Ui/UiModel/UiNewDrawMain/UiNewDrawMainRoleDescending.prefab				0
1123	1	1031003	Assets/Product/Ui/Scene3DPrefab/UiMain3dQishi_01.prefab	Assets/Product/Ui/UiModel/UiNewDrawMain/UiNewDrawMainRoleDescending.prefab				0
1124	1	1061003	Assets/Product/Ui/Scene3DPrefab/UiMain3dQishi_01.prefab	Assets/Product/Ui/UiModel/UiNewDrawMain/UiNewDrawMainRoleDescending.prefab				0
1125	1	1171003	Assets/Product/Ui/Scene3DPrefab/UiMain3dQishi_01.prefab	Assets/Product/Ui/UiModel/UiNewDrawMain/UiNewDrawMainRoleDescending.prefab				0
1126	1	1031004	Assets/Product/Ui/Scene3DPrefab/UiMain3dQishi_01.prefab	Assets/Product/Ui/UiModel/UiNewDrawMain/UiNewDrawMainRoleDescending.prefab				0
1127	1	1531004	Assets/Product/Ui/Scene3DPrefab/UiMain3dQishi_01.prefab	Assets/Product/Ui/UiModel/UiNewDrawMain/UiNewDrawMainRoleDescending.prefab				0
1128	1	1131003	Assets/Product/Ui/Scene3DPrefab/UiMain3dQishi_01.prefab	Assets/Product/Ui/UiModel/UiNewDrawMain/UiNewDrawMainRoleDescending.prefab				0
1129	1	1071003	Assets/Product/Ui/Scene3DPrefab/UiMain3dQishi_01.prefab	Assets/Product/Ui/UiModel/UiNewDrawMain/UiNewDrawMainRoleDescending.prefab				0
1130	1	1121003	Assets/Product/Ui/Scene3DPrefab/UiMain3dQishi_01.prefab	Assets/Product/Ui/UiModel/UiNewDrawMain/UiNewDrawMainRoleDescending.prefab				0
1131	1	1011003	Assets/Product/Ui/Scene3DPrefab/UiMain3dQishi_01.prefab	Assets/Product/Ui/UiModel/UiNewDrawMain/UiNewDrawMainRoleDescending.prefab				0
1132	1	1061003	Assets/Product/Ui/Scene3DPrefab/UiMain3dQishi_01.prefab	Assets/Product/Ui/UiModel/UiNewDrawMain/UiNewDrawMainRoleDescending.prefab				0
1133	1	1021004	Assets/Product/Ui/Scene3DPrefab/UiMain3dQishi_01.prefab	Assets/Product/Ui/UiModel/UiNewDrawMain/UiNewDrawMainRoleDescending.prefab				0
1134	1	1141003	Assets/Product/Ui/Scene3DPrefab/UiMain3dQishi_01.prefab	Assets/Product/Ui/UiModel/UiNewDrawMain/UiNewDrawMainRoleDescending.prefab				0
1135	1	1031003	Assets/Product/Ui/Scene3DPrefab/UiMain3dQishi_01.prefab	Assets/Product/Ui/UiModel/UiNewDrawMain/UiNewDrawMainRoleDescending.prefab				0
1136	1	1021003	Assets/Product/Ui/Scene3DPrefab/UiMain3dQishi_01.prefab	Assets/Product/Ui/UiModel/UiNewDrawMain/UiNewDrawMainRoleDescending.prefab				0
1137	1	1041003	Assets/Product/Ui/Scene3DPrefab/UiMain3dQishi_01.prefab	Assets/Product/Ui/UiModel/UiNewDrawMain/UiNewDrawMainRoleDescending.prefab				0
1138	1	1051003	Assets/Product/Ui/Scene3DPrefab/UiMain3dQishi_01.prefab	Assets/Product/Ui/UiModel/UiNewDrawMain/UiNewDrawMainRoleDescending.prefab				0
1139	1	1071004	Assets/Product/Ui/Scene3DPrefab/UiMain3dQishi_01.prefab	Assets/Product/Ui/UiModel/UiNewDrawMain/UiNewDrawMainRoleDescending.prefab				0
1140	1	1171003	Assets/Product/Ui/Scene3DPrefab/UiMain3dQishi_01.prefab	Assets/Product/Ui/UiModel/UiNewDrawMain/UiNewDrawMainRoleDescending.prefab				0
1141	1	1031004	Assets/Product/Ui/Scene3DPrefab/UiMain3dQishi_01.prefab	Assets/Product/Ui/UiModel/UiNewDrawMain/UiNewDrawMainRoleDescending.prefab				0
1142	1	1051004	Assets/Product/Ui/Scene3DPrefab/UiMain3dQishi_01.prefab	Assets/Product/Ui/UiModel/UiNewDrawMain/UiNewDrawMainRoleDescending.prefab				0
1143	1	1131003	Assets/Product/Ui/Scene3DPrefab/UiMain3dQishi_01.prefab	Assets/Product/Ui/UiModel/UiNewDrawMain/UiNewDrawMainRoleDescending.prefab				0
1144	1	1531004	Assets/Product/Ui/Scene3DPrefab/UiMain3dQishi_01.prefab	Assets/Product/Ui/UiModel/UiNewDrawMain/UiNewDrawMainRoleDescending.prefab				0
1145	1	1071003	Assets/Product/Ui/Scene3DPrefab/UiMain3dQishi_01.prefab	Assets/Product/Ui/UiModel/UiNewDrawMain/UiNewDrawMainRoleDescending.prefab				0
1146	1	1121003	Assets/Product/Ui/Scene3DPrefab/UiMain3dQishi_01.prefab	Assets/Product/Ui/UiModel/UiNewDrawMain/UiNewDrawMainRoleDescending.prefab				0
1147	1	1021004	Assets/Product/Ui/Scene3DPrefab/UiMain3dQishi_01.prefab	Assets/Product/Ui/UiModel/UiNewDrawMain/UiNewDrawMainRoleDescending.prefab				0
1148	1	1031003	Assets/Product/Ui/Scene3DPrefab/UiMain3dQishi_01.prefab	Assets/Product/Ui/UiModel/UiNewDrawMain/UiNewDrawMainRoleDescending.prefab				0
1149	1	1051004	Assets/Product/Ui/Scene3DPrefab/UiMain3dQishi_01.prefab	Assets/Product/Ui/UiModel/UiNewDrawMain/UiNewDrawMainRoleDescending.prefab				0
1150	1	1041003	Assets/Product/Ui/Scene3DPrefab/UiMain3dQishi_01.prefab	Assets/Product/Ui/UiModel/UiNewDrawMain/UiNewDrawMainRoleDescending.prefab				0
1151	1	1011003	Assets/Product/Ui/Scene3DPrefab/UiMain3dQishi_01.prefab	Assets/Product/Ui/UiModel/UiNewDrawMain/UiNewDrawMainRoleDescending.prefab				0
1152	1	1171003	Assets/Product/Ui/Scene3DPrefab/UiMain3dQishi_01.prefab	Assets/Product/Ui/UiModel/UiNewDrawMain/UiNewDrawMainRoleDescending.prefab				0
1153	1	1061003	Assets/Product/Ui/Scene3DPrefab/UiMain3dQishi_01.prefab	Assets/Product/Ui/UiModel/UiNewDrawMain/UiNewDrawMainRoleDescending.prefab				0
1154	1	1021003	Assets/Product/Ui/Scene3DPrefab/UiMain3dQishi_01.prefab	Assets/Product/Ui/UiModel/UiNewDrawMain/UiNewDrawMainRoleDescending.prefab				0
1155	1	1021004	Assets/Product/Ui/Scene3DPrefab/UiMain3dQishi_01.prefab	Assets/Product/Ui/UiModel/UiNewDrawMain/UiNewDrawMainRoleDescending.prefab				0
1156	1	1141003	Assets/Product/Ui/Scene3DPrefab/UiMain3dQishi_01.prefab	Assets/Product/Ui/UiModel/UiNewDrawMain/UiNewDrawMainRoleDescending.prefab				0
1157	1	1051003	Assets/Product/Ui/Scene3DPrefab/UiMain3dQishi_01.prefab	Assets/Product/Ui/UiModel/UiNewDrawMain/UiNewDrawMainRoleDescending.prefab				0
1158	1	1041004	Assets/Product/Ui/Scene3DPrefab/UiMain3dQishi_01.prefab	Assets/Product/Ui/UiModel/UiNewDrawMain/UiNewDrawMainRoleDescending.prefab				0
1159	1	1031004	Assets/Product/Ui/Scene3DPrefab/UiMain3dQishi_01.prefab	Assets/Product/Ui/UiModel/UiNewDrawMain/UiNewDrawMainRoleDescending.prefab				0
1160	1	1531004	Assets/Product/Ui/Scene3DPrefab/UiMain3dQishi_01.prefab	Assets/Product/Ui/UiModel/UiNewDrawMain/UiNewDrawMainRoleDescending.prefab				0
1161	1	1031003	Assets/Product/Ui/Scene3DPrefab/UiMain3dQishi_01.prefab	Assets/Product/Ui/UiModel/UiNewDrawMain/UiNewDrawMainRoleDescending.prefab				0
1162	1	1131003	Assets/Product/Ui/Scene3DPrefab/UiMain3dQishi_01.prefab	Assets/Product/Ui/UiModel/UiNewDrawMain/UiNewDrawMainRoleDescending.prefab				0
1163	1	1121003	Assets/Product/Ui/Scene3DPrefab/UiMain3dQishi_01.prefab	Assets/Product/Ui/UiModel/UiNewDrawMain/UiNewDrawMainRoleDescending.prefab				0
1164	1	1071003	Assets/Product/Ui/Scene3DPrefab/UiMain3dQishi_01.prefab	Assets/Product/Ui/UiModel/UiNewDrawMain/UiNewDrawMainRoleDescending.prefab				0
1165	1	1071004	Assets/Product/Ui/Scene3DPrefab/UiMain3dQishi_01.prefab	Assets/Product/Ui/UiModel/UiNewDrawMain/UiNewDrawMainRoleDescending.prefab				0
1166	1	1041003	Assets/Product/Ui/Scene3DPrefab/UiMain3dQishi_01.prefab	Assets/Product/Ui/UiModel/UiNewDrawMain/UiNewDrawMainRoleDescending.prefab				0
1167	1	1011003	Assets/Product/Ui/Scene3DPrefab/UiMain3dQishi_01.prefab	Assets/Product/Ui/UiModel/UiNewDrawMain/UiNewDrawMainRoleDescending.prefab				0
1168	1	1171003	Assets/Product/Ui/Scene3DPrefab/UiMain3dQishi_01.prefab	Assets/Product/Ui/UiModel/UiNewDrawMain/UiNewDrawMainRoleDescending.prefab				0
1169	1	1051004	Assets/Product/Ui/Scene3DPrefab/UiMain3dQishi_01.prefab	Assets/Product/Ui/UiModel/UiNewDrawMain/UiNewDrawMainRoleDescending.prefab				0
1170	1	1141003	Assets/Product/Ui/Scene3DPrefab/UiMain3dQishi_01.prefab	Assets/Product/Ui/UiModel/UiNewDrawMain/UiNewDrawMainRoleDescending.prefab				0
1171	1	1021004	Assets/Product/Ui/Scene3DPrefab/UiMain3dQishi_01.prefab	Assets/Product/Ui/UiModel/UiNewDrawMain/UiNewDrawMainRoleDescending.prefab				0
1172	1	1021003	Assets/Product/Ui/Scene3DPrefab/UiMain3dQishi_01.prefab	Assets/Product/Ui/UiModel/UiNewDrawMain/UiNewDrawMainRoleDescending.prefab				0
1173	1	1061003	Assets/Product/Ui/Scene3DPrefab/UiMain3dQishi_01.prefab	Assets/Product/Ui/UiModel/UiNewDrawMain/UiNewDrawMainRoleDescending.prefab				0
1174	1	1041004	Assets/Product/Ui/Scene3DPrefab/UiMain3dQishi_01.prefab	Assets/Product/Ui/UiModel/UiNewDrawMain/UiNewDrawMainRoleDescending.prefab				0
1175	1	1531004	Assets/Product/Ui/Scene3DPrefab/UiMain3dQishi_01.prefab	Assets/Product/Ui/UiModel/UiNewDrawMain/UiNewDrawMainRoleDescending.prefab				0
1176	1	1051003	Assets/Product/Ui/Scene3DPrefab/UiMain3dQishi_01.prefab	Assets/Product/Ui/UiModel/UiNewDrawMain/UiNewDrawMainRoleDescending.prefab				0
1177	1	1011004	Assets/Product/Ui/Scene3DPrefab/UiMain3dQishi_01.prefab	Assets/Product/Ui/UiModel/UiNewDrawMain/UiNewDrawMainRoleDescending.prefab				0
1178	1	1031004	Assets/Product/Ui/Scene3DPrefab/UiMain3dQishi_01.prefab	Assets/Product/Ui/UiModel/UiNewDrawMain/UiNewDrawMainRoleDescending.prefab				0
1179	1	1121003	Assets/Product/Ui/Scene3DPrefab/UiMain3dQishi_01.prefab	Assets/Product/Ui/UiModel/UiNewDrawMain/UiNewDrawMainRoleDescending.prefab				0
1180	1	1031003	Assets/Product/Ui/Scene3DPrefab/UiMain3dQishi_01.prefab	Assets/Product/Ui/UiModel/UiNewDrawMain/UiNewDrawMainRoleDescending.prefab				0
1181	1	1021004	Assets/Product/Ui/Scene3DPrefab/UiMain3dQishi_01.prefab	Assets/Product/Ui/UiModel/UiNewDrawMain/UiNewDrawMainRoleDescending.prefab				0
1182	1	1071004	Assets/Product/Ui/Scene3DPrefab/UiMain3dQishi_01.prefab	Assets/Product/Ui/UiModel/UiNewDrawMain/UiNewDrawMainRoleDescending.prefab				0
1183	1	1041003	Assets/Product/Ui/Scene3DPrefab/UiMain3dQishi_01.prefab	Assets/Product/Ui/UiModel/UiNewDrawMain/UiNewDrawMainRoleDescending.prefab				0
1184	1	1131003	Assets/Product/Ui/Scene3DPrefab/UiMain3dQishi_01.prefab	Assets/Product/Ui/UiModel/UiNewDrawMain/UiNewDrawMainRoleDescending.prefab				0
1185	1	1141003	Assets/Product/Ui/Scene3DPrefab/UiMain3dQishi_01.prefab	Assets/Product/Ui/UiModel/UiNewDrawMain/UiNewDrawMainRoleDescending.prefab				0
1186	1	1051004	Assets/Product/Ui/Scene3DPrefab/UiMain3dQishi_01.prefab	Assets/Product/Ui/UiModel/UiNewDrawMain/UiNewDrawMainRoleDescending.prefab				0
1187	1	1091003	Assets/Product/Ui/Scene3DPrefab/UiMain3dQishi_01.prefab	Assets/Product/Ui/UiModel/UiNewDrawMain/UiNewDrawMainRoleDescending.prefab				0
1188	1	1171003	Assets/Product/Ui/Scene3DPrefab/UiMain3dQishi_01.prefab	Assets/Product/Ui/UiModel/UiNewDrawMain/UiNewDrawMainRoleDescending.prefab				0
1189	1	1021003	Assets/Product/Ui/Scene3DPrefab/UiMain3dQishi_01.prefab	Assets/Product/Ui/UiModel/UiNewDrawMain/UiNewDrawMainRoleDescending.prefab				0
1190	1	1051003	Assets/Product/Ui/Scene3DPrefab/UiMain3dQishi_01.prefab	Assets/Product/Ui/UiModel/UiNewDrawMain/UiNewDrawMainRoleDescending.prefab				0
1191	1	1121003	Assets/Product/Ui/Scene3DPrefab/UiMain3dQishi_01.prefab	Assets/Product/Ui/UiModel/UiNewDrawMain/UiNewDrawMainRoleDescending.prefab				0
1192	1	1531004	Assets/Product/Ui/Scene3DPrefab/UiMain3dQishi_01.prefab	Assets/Product/Ui/UiModel/UiNewDrawMain/UiNewDrawMainRoleDescending.prefab				0
1193	1	1061003	Assets/Product/Ui/Scene3DPrefab/UiMain3dQishi_01.prefab	Assets/Product/Ui/UiModel/UiNewDrawMain/UiNewDrawMainRoleDescending.prefab				0
1194	1	1071003	Assets/Product/Ui/Scene3DPrefab/UiMain3dQishi_01.prefab	Assets/Product/Ui/UiModel/UiNewDrawMain/UiNewDrawMainRoleDescending.prefab				0
1195	1	1041003	Assets/Product/Ui/Scene3DPrefab/UiMain3dQishi_01.prefab	Assets/Product/Ui/UiModel/UiNewDrawMain/UiNewDrawMainRoleDescending.prefab				0
1196	1	1031003	Assets/Product/Ui/Scene3DPrefab/UiMain3dQishi_01.prefab	Assets/Product/Ui/UiModel/UiNewDrawMain/UiNewDrawMainRoleDescending.prefab				0
1197	1	1021005	Assets/Product/Ui/Scene3DPrefab/UiMain3dQishi_01.prefab	Assets/Product/Ui/UiModel/UiNewDrawMain/UiNewDrawMainRoleDescending.prefab				0
1198	1	1131003	Assets/Product/Ui/Scene3DPrefab/UiMain3dQishi_01.prefab	Assets/Product/Ui/UiModel/UiNewDrawMain/UiNewDrawMainRoleDescending.prefab				0
1199	1	1141003	Assets/Product/Ui/Scene3DPrefab/UiMain3dQishi_01.prefab	Assets/Product/Ui/UiModel/UiNewDrawMain/UiNewDrawMainRoleDescending.prefab				0
1200	1	1011003	Assets/Product/Ui/Scene3DPrefab/UiMain3dQishi_01.prefab	Assets/Product/Ui/UiModel/UiNewDrawMain/UiNewDrawMainRoleDescending.prefab				0
1201	1	1041004	Assets/Product/Ui/Scene3DPrefab/UiMain3dQishi_01.prefab	Assets/Product/Ui/UiModel/UiNewDrawMain/UiNewDrawMainRoleDescending.prefab				0
1202	1	1071004	Assets/Product/Ui/Scene3DPrefab/UiMain3dQishi_01.prefab	Assets/Product/Ui/UiModel/UiNewDrawMain/UiNewDrawMainRoleDescending.prefab				0
1203	1	1021003	Assets/Product/Ui/Scene3DPrefab/UiMain3dQishi_01.prefab	Assets/Product/Ui/UiModel/UiNewDrawMain/UiNewDrawMainRoleDescending.prefab				0
1204	1	1011004	Assets/Product/Ui/Scene3DPrefab/UiMain3dQishi_01.prefab	Assets/Product/Ui/UiModel/UiNewDrawMain/UiNewDrawMainRoleDescending.prefab				0
1205	1	1031004	Assets/Product/Ui/Scene3DPrefab/UiMain3dQishi_01.prefab	Assets/Product/Ui/UiModel/UiNewDrawMain/UiNewDrawMainRoleDescending.prefab				0
1206	1	1031003	Assets/Product/Ui/Scene3DPrefab/UiMain3dQishi_01.prefab	Assets/Product/Ui/UiModel/UiNewDrawMain/UiNewDrawMainRoleDescending.prefab				0
1207	1	1091003	Assets/Product/Ui/Scene3DPrefab/UiMain3dQishi_01.prefab	Assets/Product/Ui/UiModel/UiNewDrawMain/UiNewDrawMainRoleDescending.prefab				0
1208	1	1531004	Assets/Product/Ui/Scene3DPrefab/UiMain3dQishi_01.prefab	Assets/Product/Ui/UiModel/UiNewDrawMain/UiNewDrawMainRoleDescending.prefab				0
1209	1	1051004	Assets/Product/Ui/Scene3DPrefab/UiMain3dQishi_01.prefab	Assets/Product/Ui/UiModel/UiNewDrawMain/UiNewDrawMainRoleDescending.prefab				0
1210	1	1131003	Assets/Product/Ui/Scene3DPrefab/UiMain3dQishi_01.prefab	Assets/Product/Ui/UiModel/UiNewDrawMain/UiNewDrawMainRoleDescending.prefab				0
1211	1	1171003	Assets/Product/Ui/Scene3DPrefab/UiMain3dQishi_01.prefab	Assets/Product/Ui/UiModel/UiNewDrawMain/UiNewDrawMainRoleDescending.prefab				0
1212	1	1141003	Assets/Product/Ui/Scene3DPrefab/UiMain3dQishi_01.prefab	Assets/Product/Ui/UiModel/UiNewDrawMain/UiNewDrawMainRoleDescending.prefab				0
1213	1	1041004	Assets/Product/Ui/Scene3DPrefab/UiMain3dQishi_01.prefab	Assets/Product/Ui/UiModel/UiNewDrawMain/UiNewDrawMainRoleDescending.prefab				0
1214	1	1121003	Assets/Product/Ui/Scene3DPrefab/UiMain3dQishi_01.prefab	Assets/Product/Ui/UiModel/UiNewDrawMain/UiNewDrawMainRoleDescending.prefab				0
1215	1	1071003	Assets/Product/Ui/Scene3DPrefab/UiMain3dQishi_01.prefab	Assets/Product/Ui/UiModel/UiNewDrawMain/UiNewDrawMainRoleDescending.prefab				0
1216	1	1221003	Assets/Product/Ui/Scene3DPrefab/UiMain3dQishi_01.prefab	Assets/Product/Ui/UiModel/UiNewDrawMain/UiNewDrawMainRoleDescending.prefab				0
1217	1	1071004	Assets/Product/Ui/Scene3DPrefab/UiMain3dQishi_01.prefab	Assets/Product/Ui/UiModel/UiNewDrawMain/UiNewDrawMainRoleDescending.prefab				0
1218	1	1021004	Assets/Product/Ui/Scene3DPrefab/UiMain3dQishi_01.prefab	Assets/Product/Ui/UiModel/UiNewDrawMain/UiNewDrawMainRoleDescending.prefab				0
1219	1	1031003	Assets/Product/Ui/Scene3DPrefab/UiMain3dQishi_01.prefab	Assets/Product/Ui/UiModel/UiNewDrawMain/UiNewDrawMainRoleDescending.prefab				0
1220	1	1021005	Assets/Product/Ui/Scene3DPrefab/UiMain3dQishi_01.prefab	Assets/Product/Ui/UiModel/UiNewDrawMain/UiNewDrawMainRoleDescending.prefab				0
1221	1	1031004	Assets/Product/Ui/Scene3DPrefab/UiMain3dQishi_01.prefab	Assets/Product/Ui/UiModel/UiNewDrawMain/UiNewDrawMainRoleDescending.prefab				0
1222	1	1051003	Assets/Product/Ui/Scene3DPrefab/UiMain3dQishi_01.prefab	Assets/Product/Ui/UiModel/UiNewDrawMain/UiNewDrawMainRoleDescending.prefab				0
1223	1	1011004	Assets/Product/Ui/Scene3DPrefab/UiMain3dQishi_01.prefab	Assets/Product/Ui/UiModel/UiNewDrawMain/UiNewDrawMainRoleDescending.prefab				0
1224	1	1531004	Assets/Product/Ui/Scene3DPrefab/UiMain3dQishi_01.prefab	Assets/Product/Ui/UiModel/UiNewDrawMain/UiNewDrawMainRoleDescending.prefab				0
1225	1	1171003	Assets/Product/Ui/Scene3DPrefab/UiMain3dQishi_01.prefab	Assets/Product/Ui/UiModel/UiNewDrawMain/UiNewDrawMainRoleDescending.prefab				0
1226	1	1091003	Assets/Product/Ui/Scene3DPrefab/UiMain3dQishi_01.prefab	Assets/Product/Ui/UiModel/UiNewDrawMain/UiNewDrawMainRoleDescending.prefab				0
1227	1	1051004	Assets/Product/Ui/Scene3DPrefab/UiMain3dQishi_01.prefab	Assets/Product/Ui/UiModel/UiNewDrawMain/UiNewDrawMainRoleDescending.prefab				0
1228	1	1021003	Assets/Product/Ui/Scene3DPrefab/UiMain3dQishi_01.prefab	Assets/Product/Ui/UiModel/UiNewDrawMain/UiNewDrawMainRoleDescending.prefab				0
1229	1	1071004	Assets/Product/Ui/Scene3DPrefab/UiMain3dQishi_01.prefab	Assets/Product/Ui/UiModel/UiNewDrawMain/UiNewDrawMainRoleDescending.prefab				0
1230	1	1131003	Assets/Product/Ui/Scene3DPrefab/UiMain3dQishi_01.prefab	Assets/Product/Ui/UiModel/UiNewDrawMain/UiNewDrawMainRoleDescending.prefab				0
1231	1	1121003	Assets/Product/Ui/Scene3DPrefab/UiMain3dQishi_01.prefab	Assets/Product/Ui/UiModel/UiNewDrawMain/UiNewDrawMainRoleDescending.prefab				0
1232	1	1041004	Assets/Product/Ui/Scene3DPrefab/UiMain3dQishi_01.prefab	Assets/Product/Ui/UiModel/UiNewDrawMain/UiNewDrawMainRoleDescending.prefab				0
1233	1	1031004	Assets/Product/Ui/Scene3DPrefab/UiMain3dQishi_01.prefab	Assets/Product/Ui/UiModel/UiNewDrawMain/UiNewDrawMainRoleDescending.prefab				0
1234	1	1141003	Assets/Product/Ui/Scene3DPrefab/UiMain3dQishi_01.prefab	Assets/Product/Ui/UiModel/UiNewDrawMain/UiNewDrawMainRoleDescending.prefab				0
1235	1	1261003	Assets/Product/Ui/Scene3DPrefab/UiMain3dQishi_01.prefab	Assets/Product/Ui/UiModel/UiNewDrawMain/UiNewDrawMainRoleDescending.prefab				0
1236	1	1021005	Assets/Product/Ui/Scene3DPrefab/UiMain3dQishi_01.prefab	Assets/Product/Ui/UiModel/UiNewDrawMain/UiNewDrawMainRoleDescending.prefab				0
1237	1	1021004	Assets/Product/Ui/Scene3DPrefab/UiMain3dQishi_01.prefab	Assets/Product/Ui/UiModel/UiNewDrawMain/UiNewDrawMainRoleDescending.prefab				0
1238	1	1071003	Assets/Product/Ui/Scene3DPrefab/UiMain3dQishi_01.prefab	Assets/Product/Ui/UiModel/UiNewDrawMain/UiNewDrawMainRoleDescending.prefab				0
1239	1	1221003	Assets/Product/Ui/Scene3DPrefab/UiMain3dQishi_01.prefab	Assets/Product/Ui/UiModel/UiNewDrawMain/UiNewDrawMainRoleDescending.prefab				0
1240	1	1051004	Assets/Product/Ui/Scene3DPrefab/UiMain3dQishi_01.prefab	Assets/Product/Ui/UiModel/UiNewDrawMain/UiNewDrawMainRoleDescending.prefab				0
1241	1	1031003	Assets/Product/Ui/Scene3DPrefab/UiMain3dQishi_01.prefab	Assets/Product/Ui/UiModel/UiNewDrawMain/UiNewDrawMainRoleDescending.prefab				0
1242	1	1131003	Assets/Product/Ui/Scene3DPrefab/UiMain3dQishi_01.prefab	Assets/Product/Ui/UiModel/UiNewDrawMain/UiNewDrawMainRoleDescending.prefab				0
1243	1	1121003	Assets/Product/Ui/Scene3DPrefab/UiMain3dQishi_01.prefab	Assets/Product/Ui/UiModel/UiNewDrawMain/UiNewDrawMainRoleDescending.prefab				0
1244	1	1041003	Assets/Product/Ui/Scene3DPrefab/UiMain3dQishi_01.prefab	Assets/Product/Ui/UiModel/UiNewDrawMain/UiNewDrawMainRoleDescending.prefab				0
1245	1	1271003	Assets/Product/Ui/Scene3DPrefab/UiMain3dQishi_01.prefab	Assets/Product/Ui/UiModel/UiNewDrawMain/UiNewDrawMainRoleDescending.prefab				0
1246	1	1071004	Assets/Product/Ui/Scene3DPrefab/UiMain3dQishi_01.prefab	Assets/Product/Ui/UiModel/UiNewDrawMain/UiNewDrawMainRoleDescending.prefab				0
1247	1	1531004	Assets/Product/Ui/Scene3DPrefab/UiMain3dQishi_01.prefab	Assets/Product/Ui/UiModel/UiNewDrawMain/UiNewDrawMainRoleDescending.prefab				0
1248	1	1011003	Assets/Product/Ui/Scene3DPrefab/UiMain3dQishi_01.prefab	Assets/Product/Ui/UiModel/UiNewDrawMain/UiNewDrawMainRoleDescending.prefab				0
1249	1	1011004	Assets/Product/Ui/Scene3DPrefab/UiMain3dQishi_01.prefab	Assets/Product/Ui/UiModel/UiNewDrawMain/UiNewDrawMainRoleDescending.prefab				0
1250	1	1031004	Assets/Product/Ui/Scene3DPrefab/UiMain3dQishi_01.prefab	Assets/Product/Ui/UiModel/UiNewDrawMain/UiNewDrawMainRoleDescending.prefab				0
1251	1	1021003	Assets/Product/Ui/Scene3DPrefab/UiMain3dQishi_01.prefab	Assets/Product/Ui/UiModel/UiNewDrawMain/UiNewDrawMainRoleDescending.prefab				0
1252	1	1021005	Assets/Product/Ui/Scene3DPrefab/UiMain3dQishi_01.prefab	Assets/Product/Ui/UiModel/UiNewDrawMain/UiNewDrawMainRoleDescending.prefab				0
1253	1	1221003	Assets/Product/Ui/Scene3DPrefab/UiMain3dQishi_01.prefab	Assets/Product/Ui/UiModel/UiNewDrawMain/UiNewDrawMainRoleDescending.prefab				0
1254	1	1031003	Assets/Product/Ui/Scene3DPrefab/UiMain3dQishi_01.prefab	Assets/Product/Ui/UiModel/UiNewDrawMain/UiNewDrawMainRoleDescending.prefab				0
1255	1	1041004	Assets/Product/Ui/Scene3DPrefab/UiMain3dQishi_01.prefab	Assets/Product/Ui/UiModel/UiNewDrawMain/UiNewDrawMainRoleDescending.prefab				0
1256	1	1261003	Assets/Product/Ui/Scene3DPrefab/UiMain3dQishi_01.prefab	Assets/Product/Ui/UiModel/UiNewDrawMain/UiNewDrawMainRoleDescending.prefab				0
1257	1	1041003	Assets/Product/Ui/Scene3DPrefab/UiMain3dQishi_01.prefab	Assets/Product/Ui/UiModel/UiNewDrawMain/UiNewDrawMainRoleDescending.prefab				0
1258	1	1091003	Assets/Product/Ui/Scene3DPrefab/UiMain3dQishi_01.prefab	Assets/Product/Ui/UiModel/UiNewDrawMain/UiNewDrawMainRoleDescending.prefab				0
1259	1	1021004	Assets/Product/Ui/Scene3DPrefab/UiMain3dQishi_01.prefab	Assets/Product/Ui/UiModel/UiNewDrawMain/UiNewDrawMainRoleDescending.prefab				0
1260	1	1051003	Assets/Product/Ui/Scene3DPrefab/UiMain3dQishi_01.prefab	Assets/Product/Ui/UiModel/UiNewDrawMain/UiNewDrawMainRoleDescending.prefab				0
1261	1	1271003	Assets/Product/Ui/Scene3DPrefab/UiMain3dQishi_01.prefab	Assets/Product/Ui/UiModel/UiNewDrawMain/UiNewDrawMainRoleDescending.prefab				0
1262	1	1531004	Assets/Product/Ui/Scene3DPrefab/UiMain3dQishi_01.prefab	Assets/Product/Ui/UiModel/UiNewDrawMain/UiNewDrawMainRoleDescending.prefab				0
1263	1	1141003	Assets/Product/Ui/Scene3DPrefab/UiMain3dQishi_01.prefab	Assets/Product/Ui/UiModel/UiNewDrawMain/UiNewDrawMainRoleDescending.prefab				0
1264	1	1011004	Assets/Product/Ui/Scene3DPrefab/UiMain3dQishi_01.prefab	Assets/Product/Ui/UiModel/UiNewDrawMain/UiNewDrawMainRoleDescending.prefab				0
1265	1	1031004	Assets/Product/Ui/Scene3DPrefab/UiMain3dQishi_01.prefab	Assets/Product/Ui/UiModel/UiNewDrawMain/UiNewDrawMainRoleDescending.prefab				0
1266	1	1011003	Assets/Product/Ui/Scene3DPrefab/UiMain3dQishi_01.prefab	Assets/Product/Ui/UiModel/UiNewDrawMain/UiNewDrawMainRoleDescending.prefab				0
1267	1	1221003	Assets/Product/Ui/Scene3DPrefab/UiMain3dQishi_01.prefab	Assets/Product/Ui/UiModel/UiNewDrawMain/UiNewDrawMainRoleDescending.prefab				0
1268	1	1121003	Assets/Product/Ui/Scene3DPrefab/UiMain3dQishi_01.prefab	Assets/Product/Ui/UiModel/UiNewDrawMain/UiNewDrawMainRoleDescending.prefab				0
1269	1	1031003	Assets/Product/Ui/Scene3DPrefab/UiMain3dQishi_01.prefab	Assets/Product/Ui/UiModel/UiNewDrawMain/UiNewDrawMainRoleDescending.prefab				0
1270	1	1081004	Assets/Product/Ui/Scene3DPrefab/UiMain3dQishi_01.prefab	Assets/Product/Ui/UiModel/UiNewDrawMain/UiNewDrawMainRoleDescending.prefab				0
1271	1	1521004	Assets/Product/Ui/Scene3DPrefab/UiMain3dQishi_01.prefab	Assets/Product/Ui/UiModel/UiNewDrawMain/UiNewDrawMainRoleDescending.prefab				0
1272	1	1091003	Assets/Product/Ui/Scene3DPrefab/UiMain3dQishi_01.prefab	Assets/Product/Ui/UiModel/UiNewDrawMain/UiNewDrawMainRoleDescending.prefab				0
1273	1	1131003	Assets/Product/Ui/Scene3DPrefab/UiMain3dQishi_01.prefab	Assets/Product/Ui/UiModel/UiNewDrawMain/UiNewDrawMainRoleDescending.prefab				0
1274	1	1041003	Assets/Product/Ui/Scene3DPrefab/UiMain3dQishi_01.prefab	Assets/Product/Ui/UiModel/UiNewDrawMain/UiNewDrawMainRoleDescending.prefab				0
1275	1	1071004	Assets/Product/Ui/Scene3DPrefab/UiMain3dQishi_01.prefab	Assets/Product/Ui/UiModel/UiNewDrawMain/UiNewDrawMainRoleDescending.prefab				0
1276	1	1171003	Assets/Product/Ui/Scene3DPrefab/UiMain3dQishi_01.prefab	Assets/Product/Ui/UiModel/UiNewDrawMain/UiNewDrawMainRoleDescending.prefab				0
1277	1	1071003	Assets/Product/Ui/Scene3DPrefab/UiMain3dQishi_01.prefab	Assets/Product/Ui/UiModel/UiNewDrawMain/UiNewDrawMainRoleDescending.prefab				0
1278	1	1041004	Assets/Product/Ui/Scene3DPrefab/UiMain3dQishi_01.prefab	Assets/Product/Ui/UiModel/UiNewDrawMain/UiNewDrawMainRoleDescending.prefab				0
1279	1	1261003	Assets/Product/Ui/Scene3DPrefab/UiMain3dQishi_01.prefab	Assets/Product/Ui/UiModel/UiNewDrawMain/UiNewDrawMainRoleDescending.prefab				0
1280	1	1051003	Assets/Product/Ui/Scene3DPrefab/UiMain3dQishi_01.prefab	Assets/Product/Ui/UiModel/UiNewDrawMain/UiNewDrawMainRoleDescending.prefab				0
1281	1	1081004	Assets/Product/Ui/Scene3DPrefab/UiMain3dQishi_01.prefab	Assets/Product/Ui/UiModel/UiNewDrawMain/UiNewDrawMainRoleDescending.prefab				0
1282	1	1031004	Assets/Product/Ui/Scene3DPrefab/UiMain3dQishi_01.prefab	Assets/Product/Ui/UiModel/UiNewDrawMain/UiNewDrawMainRoleDescending.prefab				0
1283	1	1021003	Assets/Product/Ui/Scene3DPrefab/UiMain3dQishi_01.prefab	Assets/Product/Ui/UiModel/UiNewDrawMain/UiNewDrawMainRoleDescending.prefab				0
1284	1	1011004	Assets/Product/Ui/Scene3DPrefab/UiMain3dQishi_01.prefab	Assets/Product/Ui/UiModel/UiNewDrawMain/UiNewDrawMainRoleDescending.prefab				0
1285	1	1091003	Assets/Product/Ui/Scene3DPrefab/UiMain3dQishi_01.prefab	Assets/Product/Ui/UiModel/UiNewDrawMain/UiNewDrawMainRoleDescending.prefab				0
1286	1	1171003	Assets/Product/Ui/Scene3DPrefab/UiMain3dQishi_01.prefab	Assets/Product/Ui/UiModel/UiNewDrawMain/UiNewDrawMainRoleDescending.prefab				0
1287	1	1021005	Assets/Product/Ui/Scene3DPrefab/UiMain3dQishi_01.prefab	Assets/Product/Ui/UiModel/UiNewDrawMain/UiNewDrawMainRoleDescending.prefab				0
1288	1	1221003	Assets/Product/Ui/Scene3DPrefab/UiMain3dQishi_01.prefab	Assets/Product/Ui/UiModel/UiNewDrawMain/UiNewDrawMainRoleDescending.prefab				0
1289	1	1141003	Assets/Product/Ui/Scene3DPrefab/UiMain3dQishi_01.prefab	Assets/Product/Ui/UiModel/UiNewDrawMain/UiNewDrawMainRoleDescending.prefab				0
1290	1	1171004	Assets/Product/Ui/Scene3DPrefab/UiMain3dQishi_01.prefab	Assets/Product/Ui/UiModel/UiNewDrawMain/UiNewDrawMainRoleDescending.prefab				0
1291	1	1521004	Assets/Product/Ui/Scene3DPrefab/UiMain3dQishi_01.prefab	Assets/Product/Ui/UiModel/UiNewDrawMain/UiNewDrawMainRoleDescending.prefab				0
1292	1	1271003	Assets/Product/Ui/Scene3DPrefab/UiMain3dQishi_01.prefab	Assets/Product/Ui/UiModel/UiNewDrawMain/UiNewDrawMainRoleDescending.prefab				0
1293	1	1031003	Assets/Product/Ui/Scene3DPrefab/UiMain3dQishi_01.prefab	Assets/Product/Ui/UiModel/UiNewDrawMain/UiNewDrawMainRoleDescending.prefab				0
1294	1	1081004	Assets/Product/Ui/Scene3DPrefab/UiMain3dQishi_01.prefab	Assets/Product/Ui/UiModel/UiNewDrawMain/UiNewDrawMainRoleDescending.prefab				0
1295	1	1071004	Assets/Product/Ui/Scene3DPrefab/UiMain3dQishi_01.prefab	Assets/Product/Ui/UiModel/UiNewDrawMain/UiNewDrawMainRoleDescending.prefab				0
1296	1	1041003	Assets/Product/Ui/Scene3DPrefab/UiMain3dQishi_01.prefab	Assets/Product/Ui/UiModel/UiNewDrawMain/UiNewDrawMainRoleDescending.prefab				0
1297	1	1041004	Assets/Product/Ui/Scene3DPrefab/UiMain3dQishi_01.prefab	Assets/Product/Ui/UiModel/UiNewDrawMain/UiNewDrawMainRoleDescending.prefab				0
1298	1	1261003	Assets/Product/Ui/Scene3DPrefab/UiMain3dQishi_01.prefab	Assets/Product/Ui/UiModel/UiNewDrawMain/UiNewDrawMainRoleDescending.prefab				0
1299	1	1121003	Assets/Product/Ui/Scene3DPrefab/UiMain3dQishi_01.prefab	Assets/Product/Ui/UiModel/UiNewDrawMain/UiNewDrawMainRoleDescending.prefab				0
1300	1	1021005	Assets/Product/Ui/Scene3DPrefab/UiMain3dQishi_01.prefab	Assets/Product/Ui/UiModel/UiNewDrawMain/UiNewDrawMainRoleDescending.prefab				0
1301	1	1221003	Assets/Product/Ui/Scene3DPrefab/UiMain3dQishi_01.prefab	Assets/Product/Ui/UiModel/UiNewDrawMain/UiNewDrawMainRoleDescending.prefab				0
1302	1	1051003	Assets/Product/Ui/Scene3DPrefab/UiMain3dQishi_01.prefab	Assets/Product/Ui/UiModel/UiNewDrawMain/UiNewDrawMainRoleDescending.prefab				0
1303	1	1011004	Assets/Product/Ui/Scene3DPrefab/UiMain3dQishi_01.prefab	Assets/Product/Ui/UiModel/UiNewDrawMain/UiNewDrawMainRoleDescending.prefab				0
1304	1	1131003	Assets/Product/Ui/Scene3DPrefab/UiMain3dQishi_01.prefab	Assets/Product/Ui/UiModel/UiNewDrawMain/UiNewDrawMainRoleDescending.prefab				0
1305	1	1171003	Assets/Product/Ui/Scene3DPrefab/UiMain3dQishi_01.prefab	Assets/Product/Ui/UiModel/UiNewDrawMain/UiNewDrawMainRoleDescending.prefab				0
1306	1	1071004	Assets/Product/Ui/Scene3DPrefab/UiMain3dQishi_01.prefab	Assets/Product/Ui/UiModel/UiNewDrawMain/UiNewDrawMainRoleDescending.prefab				0
1307	1	1261003	Assets/Product/Ui/Scene3DPrefab/UiMain3dQishi_01.prefab	Assets/Product/Ui/UiModel/UiNewDrawMain/UiNewDrawMainRoleDescending.prefab				0
1308	1	1071003	Assets/Product/Ui/Scene3DPrefab/UiMain3dQishi_01.prefab	Assets/Product/Ui/UiModel/UiNewDrawMain/UiNewDrawMainRoleDescending.prefab				0
1309	1	1171004	Assets/Product/Ui/Scene3DPrefab/UiMain3dQishi_01.prefab	Assets/Product/Ui/UiModel/UiNewDrawMain/UiNewDrawMainRoleDescending.prefab				0
1310	1	1031004	Assets/Product/Ui/Scene3DPrefab/UiMain3dQishi_01.prefab	Assets/Product/Ui/UiModel/UiNewDrawMain/UiNewDrawMainRoleDescending.prefab				0
1311	1	1031003	Assets/Product/Ui/Scene3DPrefab/UiMain3dQishi_01.prefab	Assets/Product/Ui/UiModel/UiNewDrawMain/UiNewDrawMainRoleDescending.prefab				0
1312	1	1521004	Assets/Product/Ui/Scene3DPrefab/UiMain3dQishi_01.prefab	Assets/Product/Ui/UiModel/UiNewDrawMain/UiNewDrawMainRoleDescending.prefab				0
1313	1	1271003	Assets/Product/Ui/Scene3DPrefab/UiMain3dQishi_01.prefab	Assets/Product/Ui/UiModel/UiNewDrawMain/UiNewDrawMainRoleDescending.prefab				0
1314	1	1021003	Assets/Product/Ui/Scene3DPrefab/UiMain3dQishi_01.prefab	Assets/Product/Ui/UiModel/UiNewDrawMain/UiNewDrawMainRoleDescending.prefab				0
1315	1	1221003	Assets/Product/Ui/Scene3DPrefab/UiMain3dQishi_01.prefab	Assets/Product/Ui/UiModel/UiNewDrawMain/UiNewDrawMainRoleDescending.prefab				0
1316	1	1091003	Assets/Product/Ui/Scene3DPrefab/UiMain3dQishi_01.prefab	Assets/Product/Ui/UiModel/UiNewDrawMain/UiNewDrawMainRoleDescending.prefab				0
1317	1	1051004	Assets/Product/Ui/Scene3DPrefab/UiMain3dQishi_01.prefab	Assets/Product/Ui/UiModel/UiNewDrawMain/UiNewDrawMainRoleDescending.prefab				0
1318	1	1241003	Assets/Product/Ui/Scene3DPrefab/UiMain3dQishi_01.prefab	Assets/Product/Ui/UiModel/UiNewDrawMain/UiNewDrawMainRoleDescending.prefab				0
1319	1	1011004	Assets/Product/Ui/Scene3DPrefab/UiMain3dQishi_01.prefab	Assets/Product/Ui/UiModel/UiNewDrawMain/UiNewDrawMainRoleDescending.prefab				0
1320	1	1131003	Assets/Product/Ui/Scene3DPrefab/UiMain3dQishi_01.prefab	Assets/Product/Ui/UiModel/UiNewDrawMain/UiNewDrawMainRoleDescending.prefab				0
1321	1	1531004	Assets/Product/Ui/Scene3DPrefab/UiMain3dQishi_01.prefab	Assets/Product/Ui/UiModel/UiNewDrawMain/UiNewDrawMainRoleDescending.prefab				0
1322	1	1041004	Assets/Product/Ui/Scene3DPrefab/UiMain3dQishi_01.prefab	Assets/Product/Ui/UiModel/UiNewDrawMain/UiNewDrawMainRoleDescending.prefab				0
1323	1	1141003	Assets/Product/Ui/Scene3DPrefab/UiMain3dQishi_01.prefab	Assets/Product/Ui/UiModel/UiNewDrawMain/UiNewDrawMainRoleDescending.prefab				0
1324	1	1041003	Assets/Product/Ui/Scene3DPrefab/UiMain3dQishi_01.prefab	Assets/Product/Ui/UiModel/UiNewDrawMain/UiNewDrawMainRoleDescending.prefab				0
1325	1	1021005	Assets/Product/Ui/Scene3DPrefab/UiMain3dQishi_01.prefab	Assets/Product/Ui/UiModel/UiNewDrawMain/UiNewDrawMainRoleDescending.prefab				0
1326	1	1221003	Assets/Product/Ui/Scene3DPrefab/UiMain3dQishi_01.prefab	Assets/Product/Ui/UiModel/UiNewDrawMain/UiNewDrawMainRoleDescending.prefab				0
1327	1	1071004	Assets/Product/Ui/Scene3DPrefab/UiMain3dQishi_01.prefab	Assets/Product/Ui/UiModel/UiNewDrawMain/UiNewDrawMainRoleDescending.prefab				0
1328	1	1211003	Assets/Product/Ui/Scene3DPrefab/UiMain3dQishi_01.prefab	Assets/Product/Ui/UiModel/UiNewDrawMain/UiNewDrawMainRoleDescending.prefab				0
1329	1	1171004	Assets/Product/Ui/Scene3DPrefab/UiMain3dQishi_01.prefab	Assets/Product/Ui/UiModel/UiNewDrawMain/UiNewDrawMainRoleDescending.prefab				0
1330	1	1081004	Assets/Product/Ui/Scene3DPrefab/UiMain3dQishi_01.prefab	Assets/Product/Ui/UiModel/UiNewDrawMain/UiNewDrawMainRoleDescending.prefab				0
1331	1	1131003	Assets/Product/Ui/Scene3DPrefab/UiMain3dQishi_01.prefab	Assets/Product/Ui/UiModel/UiNewDrawMain/UiNewDrawMainRoleDescending.prefab				0
1332	1	1241003	Assets/Product/Ui/Scene3DPrefab/UiMain3dQishi_01.prefab	Assets/Product/Ui/UiModel/UiNewDrawMain/UiNewDrawMainRoleDescending.prefab				0
1333	1	1521004	Assets/Product/Ui/Scene3DPrefab/UiMain3dQishi_01.prefab	Assets/Product/Ui/UiModel/UiNewDrawMain/UiNewDrawMainRoleDescending.prefab				0
1334	1	1261003	Assets/Product/Ui/Scene3DPrefab/UiMain3dQishi_01.prefab	Assets/Product/Ui/UiModel/UiNewDrawMain/UiNewDrawMainRoleDescending.prefab				0
1335	1	1271003	Assets/Product/Ui/Scene3DPrefab/UiMain3dQishi_01.prefab	Assets/Product/Ui/UiModel/UiNewDrawMain/UiNewDrawMainRoleDescending.prefab				0
1336	1	1071004	Assets/Product/Ui/Scene3DPrefab/UiMain3dQishi_01.prefab	Assets/Product/Ui/UiModel/UiNewDrawMain/UiNewDrawMainRoleDescending.prefab				0
1337	1	1091003	Assets/Product/Ui/Scene3DPrefab/UiMain3dQishi_01.prefab	Assets/Product/Ui/UiModel/UiNewDrawMain/UiNewDrawMainRoleDescending.prefab				0
1338	1	1021006	Assets/Product/Ui/Scene3DPrefab/UiMain3dQishi_01.prefab	Assets/Product/Ui/UiModel/UiNewDrawMain/UiNewDrawMainRoleDescending.prefab				0
1339	1	1211003	Assets/Product/Ui/Scene3DPrefab/UiMain3dQishi_01.prefab	Assets/Product/Ui/UiModel/UiNewDrawMain/UiNewDrawMainRoleDescending.prefab				0
1340	1	1531004	Assets/Product/Ui/Scene3DPrefab/UiMain3dQishi_01.prefab	Assets/Product/Ui/UiModel/UiNewDrawMain/UiNewDrawMainRoleDescending.prefab				0
1341	1	1031004	Assets/Product/Ui/Scene3DPrefab/UiMain3dQishi_01.prefab	Assets/Product/Ui/UiModel/UiNewDrawMain/UiNewDrawMainRoleDescending.prefab				0
1342	1	1081004	Assets/Product/Ui/Scene3DPrefab/UiMain3dQishi_01.prefab	Assets/Product/Ui/UiModel/UiNewDrawMain/UiNewDrawMainRoleDescending.prefab				0
1343	1	1221003	Assets/Product/Ui/Scene3DPrefab/UiMain3dQishi_01.prefab	Assets/Product/Ui/UiModel/UiNewDrawMain/UiNewDrawMainRoleDescending.prefab				0
1344	1	1171003	Assets/Product/Ui/Scene3DPrefab/UiMain3dQishi_01.prefab	Assets/Product/Ui/UiModel/UiNewDrawMain/UiNewDrawMainRoleDescending.prefab				0
1345	1	1021006	Assets/Product/Ui/Scene3DPrefab/UiMain3dQishi_01.prefab	Assets/Product/Ui/UiModel/UiNewDrawMain/UiNewDrawMainRoleDescending.prefab				0
1346	1	1021005	Assets/Product/Ui/Scene3DPrefab/UiMain3dQishi_01.prefab	Assets/Product/Ui/UiModel/UiNewDrawMain/UiNewDrawMainRoleDescending.prefab				0
1347	1	1071004	Assets/Product/Ui/Scene3DPrefab/UiMain3dQishi_01.prefab	Assets/Product/Ui/UiModel/UiNewDrawMain/UiNewDrawMainRoleDescending.prefab				0
1348	1	1241003	Assets/Product/Ui/Scene3DPrefab/UiMain3dQishi_01.prefab	Assets/Product/Ui/UiModel/UiNewDrawMain/UiNewDrawMainRoleDescending.prefab				0
1349	1	1041004	Assets/Product/Ui/Scene3DPrefab/UiMain3dQishi_01.prefab	Assets/Product/Ui/UiModel/UiNewDrawMain/UiNewDrawMainRoleDescending.prefab				0
1350	1	1211003	Assets/Product/Ui/Scene3DPrefab/UiMain3dQishi_01.prefab	Assets/Product/Ui/UiModel/UiNewDrawMain/UiNewDrawMainRoleDescending.prefab				0
1351	1	1271003	Assets/Product/Ui/Scene3DPrefab/UiMain3dQishi_01.prefab	Assets/Product/Ui/UiModel/UiNewDrawMain/UiNewDrawMainRoleDescending.prefab				0
1352	1	1521004	Assets/Product/Ui/Scene3DPrefab/UiMain3dQishi_01.prefab	Assets/Product/Ui/UiModel/UiNewDrawMain/UiNewDrawMainRoleDescending.prefab				0
1353	1	1091003	Assets/Product/Ui/Scene3DPrefab/UiMain3dQishi_01.prefab	Assets/Product/Ui/UiModel/UiNewDrawMain/UiNewDrawMainRoleDescending.prefab				0
1354	1	1051005	Assets/Product/Ui/Scene3DPrefab/UiMain3dQishi_01.prefab	Assets/Product/Ui/UiModel/UiNewDrawMain/UiNewDrawMainRoleDescending.prefab				0
1355	1	1171004	Assets/Product/Ui/Scene3DPrefab/UiMain3dQishi_01.prefab	Assets/Product/Ui/UiModel/UiNewDrawMain/UiNewDrawMainRoleDescending.prefab				0
1356	1	1221003	Assets/Product/Ui/Scene3DPrefab/UiMain3dQishi_01.prefab	Assets/Product/Ui/UiModel/UiNewDrawMain/UiNewDrawMainRoleDescending.prefab				0
1357	1	1031004	Assets/Product/Ui/Scene3DPrefab/UiMain3dQishi_01.prefab	Assets/Product/Ui/UiModel/UiNewDrawMain/UiNewDrawMainRoleDescending.prefab				0
1358	1	1081004	Assets/Product/Ui/Scene3DPrefab/UiMain3dQishi_01.prefab	Assets/Product/Ui/UiModel/UiNewDrawMain/UiNewDrawMainRoleDescending.prefab				0
1359	1	1261003	Assets/Product/Ui/Scene3DPrefab/UiMain3dQishi_01.prefab	Assets/Product/Ui/UiModel/UiNewDrawMain/UiNewDrawMainRoleDescending.prefab				0
1360	1	1121003	Assets/Product/Ui/Scene3DPrefab/UiMain3dQishi_01.prefab	Assets/Product/Ui/UiModel/UiNewDrawMain/UiNewDrawMainRoleDescending.prefab				0
1361	1	1021006	Assets/Product/Ui/Scene3DPrefab/UiMain3dQishi_01.prefab	Assets/Product/Ui/UiModel/UiNewDrawMain/UiNewDrawMainRoleDescending.prefab				0
1362	1	1521004	Assets/Product/Ui/Scene3DPrefab/UiMain3dQishi_01.prefab	Assets/Product/Ui/UiModel/UiNewDrawMain/UiNewDrawMainRoleDescending.prefab				0
1363	1	1051003	Assets/Product/Ui/Scene3DPrefab/UiMain3dQishi_01.prefab	Assets/Product/Ui/UiModel/UiNewDrawMain/UiNewDrawMainRoleDescending.prefab				0
1364	1	1321003	Assets/Product/Ui/Scene3DPrefab/UiMain3dQishi_01.prefab	Assets/Product/Ui/UiModel/UiNewDrawMain/UiNewDrawMainRoleDescending.prefab				0
1365	1	1271003	Assets/Product/Ui/Scene3DPrefab/UiMain3dQishi_01.prefab	Assets/Product/Ui/UiModel/UiNewDrawMain/UiNewDrawMainRoleDescending.prefab				0
1366	1	1211003	Assets/Product/Ui/Scene3DPrefab/UiMain3dQishi_01.prefab	Assets/Product/Ui/UiModel/UiNewDrawMain/UiNewDrawMainRoleDescending.prefab				0
1367	1	1071004	Assets/Product/Ui/Scene3DPrefab/UiMain3dQishi_01.prefab	Assets/Product/Ui/UiModel/UiNewDrawMain/UiNewDrawMainRoleDescending.prefab				0
1368	1	1171004	Assets/Product/Ui/Scene3DPrefab/UiMain3dQishi_01.prefab	Assets/Product/Ui/UiModel/UiNewDrawMain/UiNewDrawMainRoleDescending.prefab				0
1369	1	1021005	Assets/Product/Ui/Scene3DPrefab/UiMain3dQishi_01.prefab	Assets/Product/Ui/UiModel/UiNewDrawMain/UiNewDrawMainRoleDescending.prefab				0
1370	1	1051004	Assets/Product/Ui/Scene3DPrefab/UiMain3dQishi_01.prefab	Assets/Product/Ui/UiModel/UiNewDrawMain/UiNewDrawMainRoleDescending.prefab				0
1371	1	1051005	Assets/Product/Ui/Scene3DPrefab/UiMain3dQishi_01.prefab	Assets/Product/Ui/UiModel/UiNewDrawMain/UiNewDrawMainRoleDescending.prefab				0
1372	1	1221003	Assets/Product/Ui/Scene3DPrefab/UiMain3dQishi_01.prefab	Assets/Product/Ui/UiModel/UiNewDrawMain/UiNewDrawMainRoleDescending.prefab				0
1373	1	1031004	Assets/Product/Ui/Scene3DPrefab/UiMain3dQishi_01.prefab	Assets/Product/Ui/UiModel/UiNewDrawMain/UiNewDrawMainRoleDescending.prefab				0
1374	1	1021006	Assets/Product/Ui/Scene3DPrefab/UiMain3dQishi_01.prefab	Assets/Product/Ui/UiModel/UiNewDrawMain/UiNewDrawMainRoleDescending.prefab				0
1375	1	1241003	Assets/Product/Ui/Scene3DPrefab/UiMain3dQishi_01.prefab	Assets/Product/Ui/UiModel/UiNewDrawMain/UiNewDrawMainRoleDescending.prefab				0
1376	1	1261003	Assets/Product/Ui/Scene3DPrefab/UiMain3dQishi_01.prefab	Assets/Product/Ui/UiModel/UiNewDrawMain/UiNewDrawMainRoleDescending.prefab				0
1377	1	1321003	Assets/Product/Ui/Scene3DPrefab/UiMain3dQishi_01.prefab	Assets/Product/Ui/UiModel/UiNewDrawMain/UiNewDrawMainRoleDescending.prefab				0
1378	1	1211003	Assets/Product/Ui/Scene3DPrefab/UiMain3dQishi_01.prefab	Assets/Product/Ui/UiModel/UiNewDrawMain/UiNewDrawMainRoleDescending.prefab				0
1379	1	1091003	Assets/Product/Ui/Scene3DPrefab/UiMain3dQishi_01.prefab	Assets/Product/Ui/UiModel/UiNewDrawMain/UiNewDrawMainRoleDescending.prefab				0
1380	1	1081004	Assets/Product/Ui/Scene3DPrefab/UiMain3dQishi_01.prefab	Assets/Product/Ui/UiModel/UiNewDrawMain/UiNewDrawMainRoleDescending.prefab				0
1381	1	1021005	Assets/Product/Ui/Scene3DPrefab/UiMain3dQishi_01.prefab	Assets/Product/Ui/UiModel/UiNewDrawMain/UiNewDrawMainRoleDescending.prefab				0
1382	1	1071004	Assets/Product/Ui/Scene3DPrefab/UiMain3dQishi_01.prefab	Assets/Product/Ui/UiModel/UiNewDrawMain/UiNewDrawMainRoleDescending.prefab				0
1383	1	1531005	Assets/Product/Ui/Scene3DPrefab/UiMain3dQishi_01.prefab	Assets/Product/Ui/UiModel/UiNewDrawMain/UiNewDrawMainRoleDescending.prefab				0
1384	1	1521004	Assets/Product/Ui/Scene3DPrefab/UiMain3dQishi_01.prefab	Assets/Product/Ui/UiModel/UiNewDrawMain/UiNewDrawMainRoleDescending.prefab				0
1385	1	1331003	Assets/Product/Ui/Scene3DPrefab/UiMain3dQishi_01.prefab	Assets/Product/Ui/UiModel/UiNewDrawMain/UiNewDrawMainRoleDescending.prefab				0
1386	1	1261003	Assets/Product/Ui/Scene3DPrefab/UiMain3dQishi_01.prefab	Assets/Product/Ui/UiModel/UiNewDrawMain/UiNewDrawMainRoleDescending.prefab				0
1387	1	1171004	Assets/Product/Ui/Scene3DPrefab/UiMain3dQishi_01.prefab	Assets/Product/Ui/UiModel/UiNewDrawMain/UiNewDrawMainRoleDescending.prefab				0
1388	1	1221003	Assets/Product/Ui/Scene3DPrefab/UiMain3dQishi_01.prefab	Assets/Product/Ui/UiModel/UiNewDrawMain/UiNewDrawMainRoleDescending.prefab				0
1389	1	1131003	Assets/Product/Ui/Scene3DPrefab/UiMain3dQishi_01.prefab	Assets/Product/Ui/UiModel/UiNewDrawMain/UiNewDrawMainRoleDescending.prefab				0
1390	1	1051005	Assets/Product/Ui/Scene3DPrefab/UiMain3dQishi_01.prefab	Assets/Product/Ui/UiModel/UiNewDrawMain/UiNewDrawMainRoleDescending.prefab				0
1391	1	1021006	Assets/Product/Ui/Scene3DPrefab/UiMain3dQishi_01.prefab	Assets/Product/Ui/UiModel/UiNewDrawMain/UiNewDrawMainRoleDescending.prefab				0
1392	1	1021005	Assets/Product/Ui/Scene3DPrefab/UiMain3dQishi_01.prefab	Assets/Product/Ui/UiModel/UiNewDrawMain/UiNewDrawMainRoleDescending.prefab				0
1393	1	1531005	Assets/Product/Ui/Scene3DPrefab/UiMain3dQishi_01.prefab	Assets/Product/Ui/UiModel/UiNewDrawMain/UiNewDrawMainRoleDescending.prefab				0
1394	1	1081004	Assets/Product/Ui/Scene3DPrefab/UiMain3dQishi_01.prefab	Assets/Product/Ui/UiModel/UiNewDrawMain/UiNewDrawMainRoleDescending.prefab				0
1395	1	1071004	Assets/Product/Ui/Scene3DPrefab/UiMain3dQishi_01.prefab	Assets/Product/Ui/UiModel/UiNewDrawMain/UiNewDrawMainRoleDescending.prefab				0
1396	1	1321003	Assets/Product/Ui/Scene3DPrefab/UiMain3dQishi_01.prefab	Assets/Product/Ui/UiModel/UiNewDrawMain/UiNewDrawMainRoleDescending.prefab				0
1397	1	1331003	Assets/Product/Ui/Scene3DPrefab/UiMain3dQishi_01.prefab	Assets/Product/Ui/UiModel/UiNewDrawMain/UiNewDrawMainRoleDescending.prefab				0
1398	1	1261003	Assets/Product/Ui/Scene3DPrefab/UiMain3dQishi_01.prefab	Assets/Product/Ui/UiModel/UiNewDrawMain/UiNewDrawMainRoleDescending.prefab				0
1399	1	1131004	Assets/Product/Ui/Scene3DPrefab/UiMain3dQishi_01.prefab	Assets/Product/Ui/UiModel/UiNewDrawMain/UiNewDrawMainRoleDescending.prefab				0
1400	1	1171004	Assets/Product/Ui/Scene3DPrefab/UiMain3dQishi_01.prefab	Assets/Product/Ui/UiModel/UiNewDrawMain/UiNewDrawMainRoleDescending.prefab				0
1401	1	1241003	Assets/Product/Ui/Scene3DPrefab/UiMain3dQishi_01.prefab	Assets/Product/Ui/UiModel/UiNewDrawMain/UiNewDrawMainRoleDescending.prefab				0
1402	1	1211003	Assets/Product/Ui/Scene3DPrefab/UiMain3dQishi_01.prefab	Assets/Product/Ui/UiModel/UiNewDrawMain/UiNewDrawMainRoleDescending.prefab				0
1403	1	1051005	Assets/Product/Ui/Scene3DPrefab/UiMain3dQishi_01.prefab	Assets/Product/Ui/UiModel/UiNewDrawMain/UiNewDrawMainRoleDescending.prefab				0
1404	1	1271003	Assets/Product/Ui/Scene3DPrefab/UiMain3dQishi_01.prefab	Assets/Product/Ui/UiModel/UiNewDrawMain/UiNewDrawMainRoleDescending.prefab				0
1405	1	1091003	Assets/Product/Ui/Scene3DPrefab/UiMain3dQishi_01.prefab	Assets/Product/Ui/UiModel/UiNewDrawMain/UiNewDrawMainRoleDescending.prefab				0
1406	1	1521004	Assets/Product/Ui/Scene3DPrefab/UiMain3dQishi_01.prefab	Assets/Product/Ui/UiModel/UiNewDrawMain/UiNewDrawMainRoleDescending.prefab				0
1407	1	1031004	Assets/Product/Ui/Scene3DPrefab/UiMain3dQishi_01.prefab	Assets/Product/Ui/UiModel/UiNewDrawMain/UiNewDrawMainRoleDescending.prefab				0
1408	1	1071004	Assets/Product/Ui/Scene3DPrefab/UiMain3dQishi_01.prefab	Assets/Product/Ui/UiModel/UiNewDrawMain/UiNewDrawMainRoleDescending.prefab				0
1409	1	1531005	Assets/Product/Ui/Scene3DPrefab/UiMain3dQishi_01.prefab	Assets/Product/Ui/UiModel/UiNewDrawMain/UiNewDrawMainRoleDescending.prefab				0
1410	1	1081004	Assets/Product/Ui/Scene3DPrefab/UiMain3dQishi_01.prefab	Assets/Product/Ui/UiModel/UiNewDrawMain/UiNewDrawMainRoleDescending.prefab				0
1411	1	1331003	Assets/Product/Ui/Scene3DPrefab/UiMain3dQishi_01.prefab	Assets/Product/Ui/UiModel/UiNewDrawMain/UiNewDrawMainRoleDescending.prefab				0
1412	1	1021006	Assets/Product/Ui/Scene3DPrefab/UiMain3dQishi_01.prefab	Assets/Product/Ui/UiModel/UiNewDrawMain/UiNewDrawMainRoleDescending.prefab				0
1413	1	1131004	Assets/Product/Ui/Scene3DPrefab/UiMain3dQishi_01.prefab	Assets/Product/Ui/UiModel/UiNewDrawMain/UiNewDrawMainRoleDescending.prefab				0
1414	1	1071004	Assets/Product/Ui/Scene3DPrefab/UiMain3dQishi_01.prefab	Assets/Product/Ui/UiModel/UiNewDrawMain/UiNewDrawMainRoleDescending.prefab				0
1415	1	1321003	Assets/Product/Ui/Scene3DPrefab/UiMain3dQishi_01.prefab	Assets/Product/Ui/UiModel/UiNewDrawMain/UiNewDrawMainRoleDescending.prefab				0
1416	1	1171004	Assets/Product/Ui/Scene3DPrefab/UiMain3dQishi_01.prefab	Assets/Product/Ui/UiModel/UiNewDrawMain/UiNewDrawMainRoleDescending.prefab				0
1417	1	1021005	Assets/Product/Ui/Scene3DPrefab/UiMain3dQishi_01.prefab	Assets/Product/Ui/UiModel/UiNewDrawMain/UiNewDrawMainRoleDescending.prefab				0
1418	1	1051005	Assets/Product/Ui/Scene3DPrefab/UiMain3dQishi_01.prefab	Assets/Product/Ui/UiModel/UiNewDrawMain/UiNewDrawMainRoleDescending.prefab				0
1419	1	1211003	Assets/Product/Ui/Scene3DPrefab/UiMain3dQishi_01.prefab	Assets/Product/Ui/UiModel/UiNewDrawMain/UiNewDrawMainRoleDescending.prefab				0
1420	1	1081004	Assets/Product/Ui/Scene3DPrefab/UiMain3dQishi_01.prefab	Assets/Product/Ui/UiModel/UiNewDrawMain/UiNewDrawMainRoleDescending.prefab				0
1421	1	1041005	Assets/Product/Ui/Scene3DPrefab/UiMain3dQishi_01.prefab	Assets/Product/Ui/UiModel/UiNewDrawMain/UiNewDrawMainRoleDescending.prefab				0
1422	1	1521004	Assets/Product/Ui/Scene3DPrefab/UiMain3dQishi_01.prefab	Assets/Product/Ui/UiModel/UiNewDrawMain/UiNewDrawMainRoleDescending.prefab				0
1423	1	1241003	Assets/Product/Ui/Scene3DPrefab/UiMain3dQishi_01.prefab	Assets/Product/Ui/UiModel/UiNewDrawMain/UiNewDrawMainRoleDescending.prefab				0
1424	1	1331003	Assets/Product/Ui/Scene3DPrefab/UiMain3dQishi_01.prefab	Assets/Product/Ui/UiModel/UiNewDrawMain/UiNewDrawMainRoleDescending.prefab				0
1425	1	1531005	Assets/Product/Ui/Scene3DPrefab/UiMain3dQishi_01.prefab	Assets/Product/Ui/UiModel/UiNewDrawMain/UiNewDrawMainRoleDescending.prefab				0
1426	1	1171004	Assets/Product/Ui/Scene3DPrefab/UiMain3dQishi_01.prefab	Assets/Product/Ui/UiModel/UiNewDrawMain/UiNewDrawMainRoleDescending.prefab				0
1427	1	1221003	Assets/Product/Ui/Scene3DPrefab/UiMain3dQishi_01.prefab	Assets/Product/Ui/UiModel/UiNewDrawMain/UiNewDrawMainRoleDescending.prefab				0
1428	1	1381003	Assets/Product/Ui/Scene3DPrefab/UiMain3dQishi_01.prefab	Assets/Product/Ui/UiModel/UiNewDrawMain/UiNewDrawMainRoleDescending.prefab				0
1429	1	1321003	Assets/Product/Ui/Scene3DPrefab/UiMain3dQishi_01.prefab	Assets/Product/Ui/UiModel/UiNewDrawMain/UiNewDrawMainRoleDescending.prefab				0
1430	1	1021006	Assets/Product/Ui/Scene3DPrefab/UiMain3dQishi_01.prefab	Assets/Product/Ui/UiModel/UiNewDrawMain/UiNewDrawMainRoleDescending.prefab				0
1431	1	1211003	Assets/Product/Ui/Scene3DPrefab/UiMain3dQishi_01.prefab	Assets/Product/Ui/UiModel/UiNewDrawMain/UiNewDrawMainRoleDescending.prefab				0
1432	1	1131004	Assets/Product/Ui/Scene3DPrefab/UiMain3dQishi_01.prefab	Assets/Product/Ui/UiModel/UiNewDrawMain/UiNewDrawMainRoleDescending.prefab				0
1433	1	1071004	Assets/Product/Ui/Scene3DPrefab/UiMain3dQishi_01.prefab	Assets/Product/Ui/UiModel/UiNewDrawMain/UiNewDrawMainRoleDescending.prefab				0
1434	1	1331003	Assets/Product/Ui/Scene3DPrefab/UiMain3dQishi_01.prefab	Assets/Product/Ui/UiModel/UiNewDrawMain/UiNewDrawMainRoleDescending.prefab				0
1435	1	1211003	Assets/Product/Ui/Scene3DPrefab/UiMain3dQishi_01.prefab	Assets/Product/Ui/UiModel/UiNewDrawMain/UiNewDrawMainRoleDescending.prefab				0
1436	1	1081004	Assets/Product/Ui/Scene3DPrefab/UiMain3dQishi_01.prefab	Assets/Product/Ui/UiModel/UiNewDrawMain/UiNewDrawMainRoleDescending.prefab				0
1437	1	1241003	Assets/Product/Ui/Scene3DPrefab/UiMain3dQishi_01.prefab	Assets/Product/Ui/UiModel/UiNewDrawMain/UiNewDrawMainRoleDescending.prefab				0
1438	1	1031005	Assets/Product/Ui/Scene3DPrefab/UiMain3dQishi_01.prefab	Assets/Product/Ui/UiModel/UiNewDrawMain/UiNewDrawMainRoleDescending.prefab				0
1439	1	1321003	Assets/Product/Ui/Scene3DPrefab/UiMain3dQishi_01.prefab	Assets/Product/Ui/UiModel/UiNewDrawMain/UiNewDrawMainRoleDescending.prefab				0
1440	1	1051005	Assets/Product/Ui/Scene3DPrefab/UiMain3dQishi_01.prefab	Assets/Product/Ui/UiModel/UiNewDrawMain/UiNewDrawMainRoleDescending.prefab				0
1441	1	1221003	Assets/Product/Ui/Scene3DPrefab/UiMain3dQishi_01.prefab	Assets/Product/Ui/UiModel/UiNewDrawMain/UiNewDrawMainRoleDescending.prefab				0
1442	1	1021006	Assets/Product/Ui/Scene3DPrefab/UiMain3dQishi_01.prefab	Assets/Product/Ui/UiModel/UiNewDrawMain/UiNewDrawMainRoleDescending.prefab				0
1443	1	1091003	Assets/Product/Ui/Scene3DPrefab/UiMain3dQishi_01.prefab	Assets/Product/Ui/UiModel/UiNewDrawMain/UiNewDrawMainRoleDescending.prefab				0
1444	1	1521004	Assets/Product/Ui/Scene3DPrefab/UiMain3dQishi_01.prefab	Assets/Product/Ui/UiModel/UiNewDrawMain/UiNewDrawMainRoleDescending.prefab				0
1445	1	1531005	Assets/Product/Ui/Scene3DPrefab/UiMain3dQishi_01.prefab	Assets/Product/Ui/UiModel/UiNewDrawMain/UiNewDrawMainRoleDescending.prefab				0
1446	1	1241003	Assets/Product/Ui/Scene3DPrefab/UiMain3dQishi_01.prefab	Assets/Product/Ui/UiModel/UiNewDrawMain/UiNewDrawMainRoleDescending.prefab				0
1447	1	1331003	Assets/Product/Ui/Scene3DPrefab/UiMain3dQishi_01.prefab	Assets/Product/Ui/UiModel/UiNewDrawMain/UiNewDrawMainRoleDescending.prefab				0
1448	1	1291003	Assets/Product/Ui/Scene3DPrefab/UiMain3dQishi_01.prefab	Assets/Product/Ui/UiModel/UiNewDrawMain/UiNewDrawMainRoleDescending.prefab				0
1449	1	1041005	Assets/Product/Ui/Scene3DPrefab/UiMain3dQishi_01.prefab	Assets/Product/Ui/UiModel/UiNewDrawMain/UiNewDrawMainRoleDescending.prefab				0
1450	1	1051005	Assets/Product/Ui/Scene3DPrefab/UiMain3dQishi_01.prefab	Assets/Product/Ui/UiModel/UiNewDrawMain/UiNewDrawMainRoleDescending.prefab				0
1451	1	1211003	Assets/Product/Ui/Scene3DPrefab/UiMain3dQishi_01.prefab	Assets/Product/Ui/UiModel/UiNewDrawMain/UiNewDrawMainRoleDescending.prefab				0
1452	1	1381003	Assets/Product/Ui/Scene3DPrefab/UiMain3dQishi_01.prefab	Assets/Product/Ui/UiModel/UiNewDrawMain/UiNewDrawMainRoleDescending.prefab				0
1453	1	1131004	Assets/Product/Ui/Scene3DPrefab/UiMain3dQishi_01.prefab	Assets/Product/Ui/UiModel/UiNewDrawMain/UiNewDrawMainRoleDescending.prefab				0
1454	1	1081004	Assets/Product/Ui/Scene3DPrefab/UiMain3dQishi_01.prefab	Assets/Product/Ui/UiModel/UiNewDrawMain/UiNewDrawMainRoleDescending.prefab				0
1455	1	1521004	Assets/Product/Ui/Scene3DPrefab/UiMain3dQishi_01.prefab	Assets/Product/Ui/UiModel/UiNewDrawMain/UiNewDrawMainRoleDescending.prefab				0
1456	1	1221003	Assets/Product/Ui/Scene3DPrefab/UiMain3dQishi_01.prefab	Assets/Product/Ui/UiModel/UiNewDrawMain/UiNewDrawMainRoleDescending.prefab				0
1457	1	1331003	Assets/Product/Ui/Scene3DPrefab/UiMain3dQishi_01.prefab	Assets/Product/Ui/UiModel/UiNewDrawMain/UiNewDrawMainRoleDescending.prefab				0
1458	1	1141004	Assets/Product/Ui/Scene3DPrefab/UiMain3dQishi_01.prefab	Assets/Product/Ui/UiModel/UiNewDrawMain/UiNewDrawMainRoleDescending.prefab				0
1459	1	1021006	Assets/Product/Ui/Scene3DPrefab/UiMain3dQishi_01.prefab	Assets/Product/Ui/UiModel/UiNewDrawMain/UiNewDrawMainRoleDescending.prefab				0
1460	1	1051005	Assets/Product/Ui/Scene3DPrefab/UiMain3dQishi_01.prefab	Assets/Product/Ui/UiModel/UiNewDrawMain/UiNewDrawMainRoleDescending.prefab				0
1461	1	1171004	Assets/Product/Ui/Scene3DPrefab/UiMain3dQishi_01.prefab	Assets/Product/Ui/UiModel/UiNewDrawMain/UiNewDrawMainRoleDescending.prefab				0
1462	1	1381003	Assets/Product/Ui/Scene3DPrefab/UiMain3dQishi_01.prefab	Assets/Product/Ui/UiModel/UiNewDrawMain/UiNewDrawMainRoleDescending.prefab				0
1463	1	1241003	Assets/Product/Ui/Scene3DPrefab/UiMain3dQishi_01.prefab	Assets/Product/Ui/UiModel/UiNewDrawMain/UiNewDrawMainRoleDescending.prefab				0
1464	1	1041005	Assets/Product/Ui/Scene3DPrefab/UiMain3dQishi_01.prefab	Assets/Product/Ui/UiModel/UiNewDrawMain/UiNewDrawMainRoleDescending.prefab				0
1465	1	1211003	Assets/Product/Ui/Scene3DPrefab/UiMain3dQishi_01.prefab	Assets/Product/Ui/UiModel/UiNewDrawMain/UiNewDrawMainRoleDescending.prefab				0
1466	1	1131004	Assets/Product/Ui/Scene3DPrefab/UiMain3dQishi_01.prefab	Assets/Product/Ui/UiModel/UiNewDrawMain/UiNewDrawMainRoleDescending.prefab				0
1467	1	1331003	Assets/Product/Ui/Scene3DPrefab/UiMain3dQishi_01.prefab	Assets/Product/Ui/UiModel/UiNewDrawMain/UiNewDrawMainRoleDescending.prefab				0
1468	1	1391003	Assets/Product/Ui/Scene3DPrefab/UiMain3dQishi_01.prefab	Assets/Product/Ui/UiModel/UiNewDrawMain/UiNewDrawMainRoleDescending.prefab				0
1469	1	1321003	Assets/Product/Ui/Scene3DPrefab/UiMain3dQishi_01.prefab	Assets/Product/Ui/UiModel/UiNewDrawMain/UiNewDrawMainRoleDescending.prefab				0
1470	1	1171004	Assets/Product/Ui/Scene3DPrefab/UiMain3dQishi_01.prefab	Assets/Product/Ui/UiModel/UiNewDrawMain/UiNewDrawMainRoleDescending.prefab				0
1471	1	1081004	Assets/Product/Ui/Scene3DPrefab/UiMain3dQishi_01.prefab	Assets/Product/Ui/UiModel/UiNewDrawMain/UiNewDrawMainRoleDescending.prefab				0
1472	1	1291003	Assets/Product/Ui/Scene3DPrefab/UiMain3dQishi_01.prefab	Assets/Product/Ui/UiModel/UiNewDrawMain/UiNewDrawMainRoleDescending.prefab				0
1473	1	1041005	Assets/Product/Ui/Scene3DPrefab/UiMain3dQishi_01.prefab	Assets/Product/Ui/UiModel/UiNewDrawMain/UiNewDrawMainRoleDescending.prefab				0
1474	1	1211003	Assets/Product/Ui/Scene3DPrefab/UiMain3dQishi_01.prefab	Assets/Product/Ui/UiModel/UiNewDrawMain/UiNewDrawMainRoleDescending.prefab				0
1475	1	1221003	Assets/Product/Ui/Scene3DPrefab/UiMain3dQishi_01.prefab	Assets/Product/Ui/UiModel/UiNewDrawMain/UiNewDrawMainRoleDescending.prefab				0
1476	1	1331003	Assets/Product/Ui/Scene3DPrefab/UiMain3dQishi_01.prefab	Assets/Product/Ui/UiModel/UiNewDrawMain/UiNewDrawMainRoleDescending.prefab				0
1477	1	1021006	Assets/Product/Ui/Scene3DPrefab/UiMain3dQishi_01.prefab	Assets/Product/Ui/UiModel/UiNewDrawMain/UiNewDrawMainRoleDescending.prefab				0
1478	1	1061004	Assets/Product/Ui/Scene3DPrefab/UiMain3dQishi_01.prefab	Assets/Product/Ui/UiModel/UiNewDrawMain/UiNewDrawMainRoleDescending.prefab				0
1479	1	1141004	Assets/Product/Ui/Scene3DPrefab/UiMain3dQishi_01.prefab	Assets/Product/Ui/UiModel/UiNewDrawMain/UiNewDrawMainRoleDescending.prefab				0
1480	1	1241003	Assets/Product/Ui/Scene3DPrefab/UiMain3dQishi_01.prefab	Assets/Product/Ui/UiModel/UiNewDrawMain/UiNewDrawMainRoleDescending.prefab				0
1481	1	1531005	Assets/Product/Ui/Scene3DPrefab/UiMain3dQishi_01.prefab	Assets/Product/Ui/UiModel/UiNewDrawMain/UiNewDrawMainRoleDescending.prefab				0
1482	1	1131004	Assets/Product/Ui/Scene3DPrefab/UiMain3dQishi_01.prefab	Assets/Product/Ui/UiModel/UiNewDrawMain/UiNewDrawMainRoleDescending.prefab				0
1483	1	1381003	Assets/Product/Ui/Scene3DPrefab/UiMain3dQishi_01.prefab	Assets/Product/Ui/UiModel/UiNewDrawMain/UiNewDrawMainRoleDescending.prefab				0
1484	1	1291003	Assets/Product/Ui/Scene3DPrefab/UiMain3dQishi_01.prefab	Assets/Product/Ui/UiModel/UiNewDrawMain/UiNewDrawMainRoleDescending.prefab				0
1485	1	1041005	Assets/Product/Ui/Scene3DPrefab/UiMain3dQishi_01.prefab	Assets/Product/Ui/UiModel/UiNewDrawMain/UiNewDrawMainRoleDescending.prefab				0
1486	1	1331003	Assets/Product/Ui/Scene3DPrefab/UiMain3dQishi_01.prefab	Assets/Product/Ui/UiModel/UiNewDrawMain/UiNewDrawMainRoleDescending.prefab				0
1487	1	1521004	Assets/Product/Ui/Scene3DPrefab/UiMain3dQishi_01.prefab	Assets/Product/Ui/UiModel/UiNewDrawMain/UiNewDrawMainRoleDescending.prefab				0
1488	1	1021007	Assets/Product/Ui/Scene3DPrefab/UiMain3dQishi_01.prefab	Assets/Product/Ui/UiModel/UiNewDrawMain/UiNewDrawMainRoleDescending.prefab				2
1489	1	1391003	Assets/Product/Ui/Scene3DPrefab/UiMain3dQishi_01.prefab	Assets/Product/Ui/UiModel/UiNewDrawMain/UiNewDrawMainRoleDescending.prefab				0
1490	1	1211003	Assets/Product/Ui/Scene3DPrefab/UiMain3dQishi_01.prefab	Assets/Product/Ui/UiModel/UiNewDrawMain/UiNewDrawMainRoleDescending.prefab				0
1491	1	1051005	Assets/Product/Ui/Scene3DPrefab/UiMain3dQishi_01.prefab	Assets/Product/Ui/UiModel/UiNewDrawMain/UiNewDrawMainRoleDescending.prefab				0
1492	1	1291003	Assets/Product/Ui/Scene3DPrefab/UiMain3dQishi_01.prefab	Assets/Product/Ui/UiModel/UiNewDrawMain/UiNewDrawMainRoleDescending.prefab				0
1493	1	1381003	Assets/Product/Ui/Scene3DPrefab/UiMain3dQishi_01.prefab	Assets/Product/Ui/UiModel/UiNewDrawMain/UiNewDrawMainRoleDescending.prefab				0
1494	1	1171004	Assets/Product/Ui/Scene3DPrefab/UiMain3dQishi_01.prefab	Assets/Product/Ui/UiModel/UiNewDrawMain/UiNewDrawMainRoleDescending.prefab				0
1495	1	1141004	Assets/Product/Ui/Scene3DPrefab/UiMain3dQishi_01.prefab	Assets/Product/Ui/UiModel/UiNewDrawMain/UiNewDrawMainRoleDescending.prefab				0
1496	1	1021006	Assets/Product/Ui/Scene3DPrefab/UiMain3dQishi_01.prefab	Assets/Product/Ui/UiModel/UiNewDrawMain/UiNewDrawMainRoleDescending.prefab				0
1497	1	1241003	Assets/Product/Ui/Scene3DPrefab/UiMain3dQishi_01.prefab	Assets/Product/Ui/UiModel/UiNewDrawMain/UiNewDrawMainRoleDescending.prefab				0
1498	1	1031005	Assets/Product/Ui/Scene3DPrefab/UiMain3dQishi_01.prefab	Assets/Product/Ui/UiModel/UiNewDrawMain/UiNewDrawMainRoleDescending.prefab				1
1499	1	1401003	Assets/Product/Ui/Scene3DPrefab/UiMain3dQishi_01.prefab	Assets/Product/Ui/UiModel/UiNewDrawMain/UiNewDrawMainRoleDescending.prefab				0
1500	1	1531005	Assets/Product/Ui/Scene3DPrefab/UiMain3dQishi_01.prefab	Assets/Product/Ui/UiModel/UiNewDrawMain/UiNewDrawMainRoleDescending.prefab				0
1501	1	1321003	Assets/Product/Ui/Scene3DPrefab/UiMain3dQishi_01.prefab	Assets/Product/Ui/UiModel/UiNewDrawMain/UiNewDrawMainRoleDescending.prefab				0
1502	1	1331003	Assets/Product/Ui/Scene3DPrefab/UiMain3dQishi_01.prefab	Assets/Product/Ui/UiModel/UiNewDrawMain/UiNewDrawMainRoleDescending.prefab				0
1503	1	1061004	Assets/Product/Ui/Scene3DPrefab/UiMain3dQishi_01.prefab	Assets/Product/Ui/UiModel/UiNewDrawMain/UiNewDrawMainRoleDescending.prefab				0
1504	1	1051005	Assets/Product/Ui/Scene3DPrefab/UiMain3dQishi_01.prefab	Assets/Product/Ui/UiModel/UiNewDrawMain/UiNewDrawMainRoleDescending.prefab				0
1505	1	1211003	Assets/Product/Ui/Scene3DPrefab/UiMain3dQishi_01.prefab	Assets/Product/Ui/UiModel/UiNewDrawMain/UiNewDrawMainRoleDescending.prefab				0
1506	1	1021006	Assets/Product/Ui/Scene3DPrefab/UiMain3dQishi_01.prefab	Assets/Product/Ui/UiModel/UiNewDrawMain/UiNewDrawMainRoleDescending.prefab				0
1507	1	1241003	Assets/Product/Ui/Scene3DPrefab/UiMain3dQishi_01.prefab	Assets/Product/Ui/UiModel/UiNewDrawMain/UiNewDrawMainRoleDescending.prefab				0
1508	1	1171004	Assets/Product/Ui/Scene3DPrefab/UiMain3dQishi_01.prefab	Assets/Product/Ui/UiModel/UiNewDrawMain/UiNewDrawMainRoleDescending.prefab				0
1509	1	1071005	Assets/Product/Ui/Scene3DPrefab/UiMain3dQishi_01.prefab	Assets/Product/Ui/UiModel/UiNewDrawMain/UiNewDrawMainRoleDescending.prefab				0
1510	1	1041005	Assets/Product/Ui/Scene3DPrefab/UiMain3dQishi_01.prefab	Assets/Product/Ui/UiModel/UiNewDrawMain/UiNewDrawMainRoleDescending.prefab				0
1511	1	1141004	Assets/Product/Ui/Scene3DPrefab/UiMain3dQishi_01.prefab	Assets/Product/Ui/UiModel/UiNewDrawMain/UiNewDrawMainRoleDescending.prefab				0
1512	1	1291003	Assets/Product/Ui/Scene3DPrefab/UiMain3dQishi_01.prefab	Assets/Product/Ui/UiModel/UiNewDrawMain/UiNewDrawMainRoleDescending.prefab				0
1513	1	1531005	Assets/Product/Ui/Scene3DPrefab/UiMain3dQishi_01.prefab	Assets/Product/Ui/UiModel/UiNewDrawMain/UiNewDrawMainRoleDescending.prefab				0
1514	1	1211003	Assets/Product/Ui/Scene3DPrefab/UiMain3dQishi_01.prefab	Assets/Product/Ui/UiModel/UiNewDrawMain/UiNewDrawMainRoleDescending.prefab				0
1515	1	1331003	Assets/Product/Ui/Scene3DPrefab/UiMain3dQishi_01.prefab	Assets/Product/Ui/UiModel/UiNewDrawMain/UiNewDrawMainRoleDescending.prefab				0
1516	1	1421003	Assets/Product/Ui/Scene3DPrefab/UiMain3dQishi_01.prefab	Assets/Product/Ui/UiModel/UiNewDrawMain/UiNewDrawMainRoleDescending.prefab				0
1517	1	1171004	Assets/Product/Ui/Scene3DPrefab/UiMain3dQishi_01.prefab	Assets/Product/Ui/UiModel/UiNewDrawMain/UiNewDrawMainRoleDescending.prefab				0
1518	1	1061004	Assets/Product/Ui/Scene3DPrefab/UiMain3dQishi_01.prefab	Assets/Product/Ui/UiModel/UiNewDrawMain/UiNewDrawMainRoleDescending.prefab				0
1519	1	1391003	Assets/Product/Ui/Scene3DPrefab/UiMain3dQishi_01.prefab	Assets/Product/Ui/UiModel/UiNewDrawMain/UiNewDrawMainRoleDescending.prefab				0
1520	1	1021006	Assets/Product/Ui/Scene3DPrefab/UiMain3dQishi_01.prefab	Assets/Product/Ui/UiModel/UiNewDrawMain/UiNewDrawMainRoleDescending.prefab				0
1521	1	1141004	Assets/Product/Ui/Scene3DPrefab/UiMain3dQishi_01.prefab	Assets/Product/Ui/UiModel/UiNewDrawMain/UiNewDrawMainRoleDescending.prefab				0
1522	1	1381003	Assets/Product/Ui/Scene3DPrefab/UiMain3dQishi_01.prefab	Assets/Product/Ui/UiModel/UiNewDrawMain/UiNewDrawMainRoleDescending.prefab				0
1523	1	1041005	Assets/Product/Ui/Scene3DPrefab/UiMain3dQishi_01.prefab	Assets/Product/Ui/UiModel/UiNewDrawMain/UiNewDrawMainRoleDescending.prefab				0
1524	1	1051005	Assets/Product/Ui/Scene3DPrefab/UiMain3dQishi_01.prefab	Assets/Product/Ui/UiModel/UiNewDrawMain/UiNewDrawMainRoleDescending.prefab				0
1525	1	1401003	Assets/Product/Ui/Scene3DPrefab/UiMain3dQishi_01.prefab	Assets/Product/Ui/UiModel/UiNewDrawMain/UiNewDrawMainRoleDescending.prefab				0
2105	1	1031004	Assets/Product/Ui/Scene3DPrefab/UiMain3dQishi.prefab	Assets/Product/Ui/UiModel/UiNewDrawMain/UiNewDrawMainRolePredestined.prefab				0
2106	1	1171003	Assets/Product/Ui/Scene3DPrefab/UiMain3dQishi.prefab	Assets/Product/Ui/UiModel/UiNewDrawMain/UiNewDrawMainRolePredestined.prefab				0
2107	1	1071003	Assets/Product/Ui/Scene3DPrefab/UiMain3dQishi.prefab	Assets/Product/Ui/UiModel/UiNewDrawMain/UiNewDrawMainRolePredestined.prefab				0
2108	1	1021004	Assets/Product/Ui/Scene3DPrefab/UiMain3dQishi.prefab	Assets/Product/Ui/UiModel/UiNewDrawMain/UiNewDrawMainRolePredestined.prefab				0
2109	1	1141003	Assets/Product/Ui/Scene3DPrefab/UiMain3dQishi.prefab	Assets/Product/Ui/UiModel/UiNewDrawMain/UiNewDrawMainRolePredestined.prefab				0
2110	1	1051003	Assets/Product/Ui/Scene3DPrefab/UiMain3dQishi.prefab	Assets/Product/Ui/UiModel/UiNewDrawMain/UiNewDrawMainRolePredestined.prefab				0
2111	1	1121003	Assets/Product/Ui/Scene3DPrefab/UiMain3dQishi.prefab	Assets/Product/Ui/UiModel/UiNewDrawMain/UiNewDrawMainRolePredestined.prefab				0
2112	1	1131003	Assets/Product/Ui/Scene3DPrefab/UiMain3dQishi.prefab	Assets/Product/Ui/UiModel/UiNewDrawMain/UiNewDrawMainRolePredestined.prefab				0
2113	1	1021003	Assets/Product/Ui/Scene3DPrefab/UiMain3dQishi.prefab	Assets/Product/Ui/UiModel/UiNewDrawMain/UiNewDrawMainRolePredestined.prefab				0
2114	1	1051004	Assets/Product/Ui/Scene3DPrefab/UiMain3dQishi.prefab	Assets/Product/Ui/UiModel/UiNewDrawMain/UiNewDrawMainRolePredestined.prefab				0
2115	1	1041003	Assets/Product/Ui/Scene3DPrefab/UiMain3dQishi.prefab	Assets/Product/Ui/UiModel/UiNewDrawMain/UiNewDrawMainRolePredestined.prefab				0
2116	1	1011003	Assets/Product/Ui/Scene3DPrefab/UiMain3dQishi.prefab	Assets/Product/Ui/UiModel/UiNewDrawMain/UiNewDrawMainRolePredestined.prefab				0
2117	1	1031003	Assets/Product/Ui/Scene3DPrefab/UiMain3dQishi.prefab	Assets/Product/Ui/UiModel/UiNewDrawMain/UiNewDrawMainRolePredestined.prefab				0
2118	1	1061003	Assets/Product/Ui/Scene3DPrefab/UiMain3dQishi.prefab	Assets/Product/Ui/UiModel/UiNewDrawMain/UiNewDrawMainRolePredestined.prefab				0
2119	1	1171003	Assets/Product/Ui/Scene3DPrefab/UiMain3dQishi.prefab	Assets/Product/Ui/UiModel/UiNewDrawMain/UiNewDrawMainRolePredestined.prefab				0
2120	1	1031004	Assets/Product/Ui/Scene3DPrefab/UiMain3dQishi.prefab	Assets/Product/Ui/UiModel/UiNewDrawMain/UiNewDrawMainRolePredestined.prefab				0
2121	1	1531004	Assets/Product/Ui/Scene3DPrefab/UiMain3dQishi.prefab	Assets/Product/Ui/UiModel/UiNewDrawMain/UiNewDrawMainRolePredestined.prefab				0
2122	1	1131003	Assets/Product/Ui/Scene3DPrefab/UiMain3dQishi.prefab	Assets/Product/Ui/UiModel/UiNewDrawMain/UiNewDrawMainRolePredestined.prefab				0
2123	1	1071003	Assets/Product/Ui/Scene3DPrefab/UiMain3dQishi.prefab	Assets/Product/Ui/UiModel/UiNewDrawMain/UiNewDrawMainRolePredestined.prefab				0
2124	1	1121003	Assets/Product/Ui/Scene3DPrefab/UiMain3dQishi.prefab	Assets/Product/Ui/UiModel/UiNewDrawMain/UiNewDrawMainRolePredestined.prefab				0
2125	1	1011003	Assets/Product/Ui/Scene3DPrefab/UiMain3dQishi.prefab	Assets/Product/Ui/UiModel/UiNewDrawMain/UiNewDrawMainRolePredestined.prefab				0
2126	1	1061003	Assets/Product/Ui/Scene3DPrefab/UiMain3dQishi.prefab	Assets/Product/Ui/UiModel/UiNewDrawMain/UiNewDrawMainRolePredestined.prefab				0
2127	1	1021004	Assets/Product/Ui/Scene3DPrefab/UiMain3dQishi.prefab	Assets/Product/Ui/UiModel/UiNewDrawMain/UiNewDrawMainRolePredestined.prefab				0
2128	1	1141003	Assets/Product/Ui/Scene3DPrefab/UiMain3dQishi.prefab	Assets/Product/Ui/UiModel/UiNewDrawMain/UiNewDrawMainRolePredestined.prefab				0
2129	1	1031003	Assets/Product/Ui/Scene3DPrefab/UiMain3dQishi.prefab	Assets/Product/Ui/UiModel/UiNewDrawMain/UiNewDrawMainRolePredestined.prefab				0
2130	1	1021003	Assets/Product/Ui/Scene3DPrefab/UiMain3dQishi.prefab	Assets/Product/Ui/UiModel/UiNewDrawMain/UiNewDrawMainRolePredestined.prefab				0
2131	1	1041003	Assets/Product/Ui/Scene3DPrefab/UiMain3dQishi.prefab	Assets/Product/Ui/UiModel/UiNewDrawMain/UiNewDrawMainRolePredestined.prefab				0
2132	1	1051003	Assets/Product/Ui/Scene3DPrefab/UiMain3dQishi.prefab	Assets/Product/Ui/UiModel/UiNewDrawMain/UiNewDrawMainRolePredestined.prefab				0
2133	1	1071004	Assets/Product/Ui/Scene3DPrefab/UiMain3dQishi.prefab	Assets/Product/Ui/UiModel/UiNewDrawMain/UiNewDrawMainRolePredestined.prefab				0
2134	1	1171003	Assets/Product/Ui/Scene3DPrefab/UiMain3dQishi.prefab	Assets/Product/Ui/UiModel/UiNewDrawMain/UiNewDrawMainRolePredestined.prefab				0
2135	1	1031004	Assets/Product/Ui/Scene3DPrefab/UiMain3dQishi.prefab	Assets/Product/Ui/UiModel/UiNewDrawMain/UiNewDrawMainRolePredestined.prefab				0
2136	1	1051004	Assets/Product/Ui/Scene3DPrefab/UiMain3dQishi.prefab	Assets/Product/Ui/UiModel/UiNewDrawMain/UiNewDrawMainRolePredestined.prefab				0
2137	1	1131003	Assets/Product/Ui/Scene3DPrefab/UiMain3dQishi.prefab	Assets/Product/Ui/UiModel/UiNewDrawMain/UiNewDrawMainRolePredestined.prefab				0
2138	1	1531004	Assets/Product/Ui/Scene3DPrefab/UiMain3dQishi.prefab	Assets/Product/Ui/UiModel/UiNewDrawMain/UiNewDrawMainRolePredestined.prefab				0
2139	1	1071003	Assets/Product/Ui/Scene3DPrefab/UiMain3dQishi.prefab	Assets/Product/Ui/UiModel/UiNewDrawMain/UiNewDrawMainRolePredestined.prefab				0
2140	1	1121003	Assets/Product/Ui/Scene3DPrefab/UiMain3dQishi.prefab	Assets/Product/Ui/UiModel/UiNewDrawMain/UiNewDrawMainRolePredestined.prefab				0
2141	1	1021004	Assets/Product/Ui/Scene3DPrefab/UiMain3dQishi.prefab	Assets/Product/Ui/UiModel/UiNewDrawMain/UiNewDrawMainRolePredestined.prefab				0
2142	1	1031003	Assets/Product/Ui/Scene3DPrefab/UiMain3dQishi.prefab	Assets/Product/Ui/UiModel/UiNewDrawMain/UiNewDrawMainRolePredestined.prefab				0
2143	1	1051004	Assets/Product/Ui/Scene3DPrefab/UiMain3dQishi.prefab	Assets/Product/Ui/UiModel/UiNewDrawMain/UiNewDrawMainRolePredestined.prefab				0
2144	1	1041003	Assets/Product/Ui/Scene3DPrefab/UiMain3dQishi.prefab	Assets/Product/Ui/UiModel/UiNewDrawMain/UiNewDrawMainRolePredestined.prefab				0
2145	1	1011003	Assets/Product/Ui/Scene3DPrefab/UiMain3dQishi.prefab	Assets/Product/Ui/UiModel/UiNewDrawMain/UiNewDrawMainRolePredestined.prefab				0
2146	1	1171003	Assets/Product/Ui/Scene3DPrefab/UiMain3dQishi.prefab	Assets/Product/Ui/UiModel/UiNewDrawMain/UiNewDrawMainRolePredestined.prefab				0
2147	1	1061003	Assets/Product/Ui/Scene3DPrefab/UiMain3dQishi.prefab	Assets/Product/Ui/UiModel/UiNewDrawMain/UiNewDrawMainRolePredestined.prefab				0
2148	1	1021003	Assets/Product/Ui/Scene3DPrefab/UiMain3dQishi.prefab	Assets/Product/Ui/UiModel/UiNewDrawMain/UiNewDrawMainRolePredestined.prefab				0
2149	1	1021004	Assets/Product/Ui/Scene3DPrefab/UiMain3dQishi.prefab	Assets/Product/Ui/UiModel/UiNewDrawMain/UiNewDrawMainRolePredestined.prefab				0
2150	1	1141003	Assets/Product/Ui/Scene3DPrefab/UiMain3dQishi.prefab	Assets/Product/Ui/UiModel/UiNewDrawMain/UiNewDrawMainRolePredestined.prefab				0
2151	1	1051003	Assets/Product/Ui/Scene3DPrefab/UiMain3dQishi.prefab	Assets/Product/Ui/UiModel/UiNewDrawMain/UiNewDrawMainRolePredestined.prefab				0
2152	1	1041004	Assets/Product/Ui/Scene3DPrefab/UiMain3dQishi.prefab	Assets/Product/Ui/UiModel/UiNewDrawMain/UiNewDrawMainRolePredestined.prefab				0
2153	1	1031004	Assets/Product/Ui/Scene3DPrefab/UiMain3dQishi.prefab	Assets/Product/Ui/UiModel/UiNewDrawMain/UiNewDrawMainRolePredestined.prefab				0
2154	1	1531004	Assets/Product/Ui/Scene3DPrefab/UiMain3dQishi.prefab	Assets/Product/Ui/UiModel/UiNewDrawMain/UiNewDrawMainRolePredestined.prefab				0
2155	1	1031003	Assets/Product/Ui/Scene3DPrefab/UiMain3dQishi.prefab	Assets/Product/Ui/UiModel/UiNewDrawMain/UiNewDrawMainRolePredestined.prefab				0
2156	1	1131003	Assets/Product/Ui/Scene3DPrefab/UiMain3dQishi.prefab	Assets/Product/Ui/UiModel/UiNewDrawMain/UiNewDrawMainRolePredestined.prefab				0
2157	1	1121003	Assets/Product/Ui/Scene3DPrefab/UiMain3dQishi.prefab	Assets/Product/Ui/UiModel/UiNewDrawMain/UiNewDrawMainRolePredestined.prefab				0
2158	1	1071003	Assets/Product/Ui/Scene3DPrefab/UiMain3dQishi.prefab	Assets/Product/Ui/UiModel/UiNewDrawMain/UiNewDrawMainRolePredestined.prefab				0
2159	1	1071004	Assets/Product/Ui/Scene3DPrefab/UiMain3dQishi.prefab	Assets/Product/Ui/UiModel/UiNewDrawMain/UiNewDrawMainRolePredestined.prefab				0
2160	1	1041003	Assets/Product/Ui/Scene3DPrefab/UiMain3dQishi.prefab	Assets/Product/Ui/UiModel/UiNewDrawMain/UiNewDrawMainRolePredestined.prefab				0
2161	1	1011003	Assets/Product/Ui/Scene3DPrefab/UiMain3dQishi.prefab	Assets/Product/Ui/UiModel/UiNewDrawMain/UiNewDrawMainRolePredestined.prefab				0
2162	1	1171003	Assets/Product/Ui/Scene3DPrefab/UiMain3dQishi.prefab	Assets/Product/Ui/UiModel/UiNewDrawMain/UiNewDrawMainRolePredestined.prefab				0
2163	1	1051004	Assets/Product/Ui/Scene3DPrefab/UiMain3dQishi.prefab	Assets/Product/Ui/UiModel/UiNewDrawMain/UiNewDrawMainRolePredestined.prefab				0
2164	1	1141003	Assets/Product/Ui/Scene3DPrefab/UiMain3dQishi.prefab	Assets/Product/Ui/UiModel/UiNewDrawMain/UiNewDrawMainRolePredestined.prefab				0
2165	1	1021004	Assets/Product/Ui/Scene3DPrefab/UiMain3dQishi.prefab	Assets/Product/Ui/UiModel/UiNewDrawMain/UiNewDrawMainRolePredestined.prefab				0
2166	1	1021003	Assets/Product/Ui/Scene3DPrefab/UiMain3dQishi.prefab	Assets/Product/Ui/UiModel/UiNewDrawMain/UiNewDrawMainRolePredestined.prefab				0
2167	1	1061003	Assets/Product/Ui/Scene3DPrefab/UiMain3dQishi.prefab	Assets/Product/Ui/UiModel/UiNewDrawMain/UiNewDrawMainRolePredestined.prefab				0
2168	1	1041004	Assets/Product/Ui/Scene3DPrefab/UiMain3dQishi.prefab	Assets/Product/Ui/UiModel/UiNewDrawMain/UiNewDrawMainRolePredestined.prefab				0
2169	1	1531004	Assets/Product/Ui/Scene3DPrefab/UiMain3dQishi.prefab	Assets/Product/Ui/UiModel/UiNewDrawMain/UiNewDrawMainRolePredestined.prefab				0
2170	1	1051003	Assets/Product/Ui/Scene3DPrefab/UiMain3dQishi.prefab	Assets/Product/Ui/UiModel/UiNewDrawMain/UiNewDrawMainRolePredestined.prefab				0
2171	1	1011004	Assets/Product/Ui/Scene3DPrefab/UiMain3dQishi.prefab	Assets/Product/Ui/UiModel/UiNewDrawMain/UiNewDrawMainRolePredestined.prefab				0
2172	1	1031004	Assets/Product/Ui/Scene3DPrefab/UiMain3dQishi.prefab	Assets/Product/Ui/UiModel/UiNewDrawMain/UiNewDrawMainRolePredestined.prefab				0
2173	1	1121003	Assets/Product/Ui/Scene3DPrefab/UiMain3dQishi.prefab	Assets/Product/Ui/UiModel/UiNewDrawMain/UiNewDrawMainRolePredestined.prefab				0
2174	1	1031003	Assets/Product/Ui/Scene3DPrefab/UiMain3dQishi.prefab	Assets/Product/Ui/UiModel/UiNewDrawMain/UiNewDrawMainRolePredestined.prefab				0
2175	1	1021004	Assets/Product/Ui/Scene3DPrefab/UiMain3dQishi.prefab	Assets/Product/Ui/UiModel/UiNewDrawMain/UiNewDrawMainRolePredestined.prefab				0
2176	1	1071004	Assets/Product/Ui/Scene3DPrefab/UiMain3dQishi.prefab	Assets/Product/Ui/UiModel/UiNewDrawMain/UiNewDrawMainRolePredestined.prefab				0
2177	1	1041003	Assets/Product/Ui/Scene3DPrefab/UiMain3dQishi.prefab	Assets/Product/Ui/UiModel/UiNewDrawMain/UiNewDrawMainRolePredestined.prefab				0
2178	1	1131003	Assets/Product/Ui/Scene3DPrefab/UiMain3dQishi.prefab	Assets/Product/Ui/UiModel/UiNewDrawMain/UiNewDrawMainRolePredestined.prefab				0
2179	1	1141003	Assets/Product/Ui/Scene3DPrefab/UiMain3dQishi.prefab	Assets/Product/Ui/UiModel/UiNewDrawMain/UiNewDrawMainRolePredestined.prefab				0
2180	1	1051004	Assets/Product/Ui/Scene3DPrefab/UiMain3dQishi.prefab	Assets/Product/Ui/UiModel/UiNewDrawMain/UiNewDrawMainRolePredestined.prefab				0
2181	1	1091003	Assets/Product/Ui/Scene3DPrefab/UiMain3dQishi.prefab	Assets/Product/Ui/UiModel/UiNewDrawMain/UiNewDrawMainRolePredestined.prefab				0
2182	1	1171003	Assets/Product/Ui/Scene3DPrefab/UiMain3dQishi.prefab	Assets/Product/Ui/UiModel/UiNewDrawMain/UiNewDrawMainRolePredestined.prefab				0
2183	1	1021003	Assets/Product/Ui/Scene3DPrefab/UiMain3dQishi.prefab	Assets/Product/Ui/UiModel/UiNewDrawMain/UiNewDrawMainRolePredestined.prefab				0
2184	1	1051003	Assets/Product/Ui/Scene3DPrefab/UiMain3dQishi.prefab	Assets/Product/Ui/UiModel/UiNewDrawMain/UiNewDrawMainRolePredestined.prefab				0
2185	1	1121003	Assets/Product/Ui/Scene3DPrefab/UiMain3dQishi.prefab	Assets/Product/Ui/UiModel/UiNewDrawMain/UiNewDrawMainRolePredestined.prefab				0
2186	1	1531004	Assets/Product/Ui/Scene3DPrefab/UiMain3dQishi.prefab	Assets/Product/Ui/UiModel/UiNewDrawMain/UiNewDrawMainRolePredestined.prefab				0
2187	1	1061003	Assets/Product/Ui/Scene3DPrefab/UiMain3dQishi.prefab	Assets/Product/Ui/UiModel/UiNewDrawMain/UiNewDrawMainRolePredestined.prefab				0
2188	1	1071003	Assets/Product/Ui/Scene3DPrefab/UiMain3dQishi.prefab	Assets/Product/Ui/UiModel/UiNewDrawMain/UiNewDrawMainRolePredestined.prefab				0
2189	1	1041003	Assets/Product/Ui/Scene3DPrefab/UiMain3dQishi.prefab	Assets/Product/Ui/UiModel/UiNewDrawMain/UiNewDrawMainRolePredestined.prefab				0
2190	1	1031003	Assets/Product/Ui/Scene3DPrefab/UiMain3dQishi.prefab	Assets/Product/Ui/UiModel/UiNewDrawMain/UiNewDrawMainRolePredestined.prefab				0
2191	1	1021005	Assets/Product/Ui/Scene3DPrefab/UiMain3dQishi.prefab	Assets/Product/Ui/UiModel/UiNewDrawMain/UiNewDrawMainRolePredestined.prefab				0
2192	1	1131003	Assets/Product/Ui/Scene3DPrefab/UiMain3dQishi.prefab	Assets/Product/Ui/UiModel/UiNewDrawMain/UiNewDrawMainRolePredestined.prefab				0
2193	1	1141003	Assets/Product/Ui/Scene3DPrefab/UiMain3dQishi.prefab	Assets/Product/Ui/UiModel/UiNewDrawMain/UiNewDrawMainRolePredestined.prefab				0
2194	1	1011003	Assets/Product/Ui/Scene3DPrefab/UiMain3dQishi.prefab	Assets/Product/Ui/UiModel/UiNewDrawMain/UiNewDrawMainRolePredestined.prefab				0
2195	1	1041004	Assets/Product/Ui/Scene3DPrefab/UiMain3dQishi.prefab	Assets/Product/Ui/UiModel/UiNewDrawMain/UiNewDrawMainRolePredestined.prefab				0
2196	1	1071004	Assets/Product/Ui/Scene3DPrefab/UiMain3dQishi.prefab	Assets/Product/Ui/UiModel/UiNewDrawMain/UiNewDrawMainRolePredestined.prefab				0
2197	1	1021003	Assets/Product/Ui/Scene3DPrefab/UiMain3dQishi.prefab	Assets/Product/Ui/UiModel/UiNewDrawMain/UiNewDrawMainRolePredestined.prefab				0
2198	1	1011004	Assets/Product/Ui/Scene3DPrefab/UiMain3dQishi.prefab	Assets/Product/Ui/UiModel/UiNewDrawMain/UiNewDrawMainRolePredestined.prefab				0
2199	1	1031004	Assets/Product/Ui/Scene3DPrefab/UiMain3dQishi.prefab	Assets/Product/Ui/UiModel/UiNewDrawMain/UiNewDrawMainRolePredestined.prefab				0
2200	1	1031003	Assets/Product/Ui/Scene3DPrefab/UiMain3dQishi.prefab	Assets/Product/Ui/UiModel/UiNewDrawMain/UiNewDrawMainRolePredestined.prefab				0
2201	1	1091003	Assets/Product/Ui/Scene3DPrefab/UiMain3dQishi.prefab	Assets/Product/Ui/UiModel/UiNewDrawMain/UiNewDrawMainRolePredestined.prefab				0
2202	1	1531004	Assets/Product/Ui/Scene3DPrefab/UiMain3dQishi.prefab	Assets/Product/Ui/UiModel/UiNewDrawMain/UiNewDrawMainRolePredestined.prefab				0
2203	1	1051004	Assets/Product/Ui/Scene3DPrefab/UiMain3dQishi.prefab	Assets/Product/Ui/UiModel/UiNewDrawMain/UiNewDrawMainRolePredestined.prefab				0
2204	1	1131003	Assets/Product/Ui/Scene3DPrefab/UiMain3dQishi.prefab	Assets/Product/Ui/UiModel/UiNewDrawMain/UiNewDrawMainRolePredestined.prefab				0
2205	1	1171003	Assets/Product/Ui/Scene3DPrefab/UiMain3dQishi.prefab	Assets/Product/Ui/UiModel/UiNewDrawMain/UiNewDrawMainRolePredestined.prefab				0
2206	1	1141003	Assets/Product/Ui/Scene3DPrefab/UiMain3dQishi.prefab	Assets/Product/Ui/UiModel/UiNewDrawMain/UiNewDrawMainRolePredestined.prefab				0
2207	1	1041004	Assets/Product/Ui/Scene3DPrefab/UiMain3dQishi.prefab	Assets/Product/Ui/UiModel/UiNewDrawMain/UiNewDrawMainRolePredestined.prefab				0
2208	1	1121003	Assets/Product/Ui/Scene3DPrefab/UiMain3dQishi.prefab	Assets/Product/Ui/UiModel/UiNewDrawMain/UiNewDrawMainRolePredestined.prefab				0
2209	1	1071003	Assets/Product/Ui/Scene3DPrefab/UiMain3dQishi.prefab	Assets/Product/Ui/UiModel/UiNewDrawMain/UiNewDrawMainRolePredestined.prefab				0
2210	1	1221003	Assets/Product/Ui/Scene3DPrefab/UiMain3dQishi.prefab	Assets/Product/Ui/UiModel/UiNewDrawMain/UiNewDrawMainRolePredestined.prefab				0
2211	1	1071004	Assets/Product/Ui/Scene3DPrefab/UiMain3dQishi.prefab	Assets/Product/Ui/UiModel/UiNewDrawMain/UiNewDrawMainRolePredestined.prefab				0
2212	1	1021004	Assets/Product/Ui/Scene3DPrefab/UiMain3dQishi.prefab	Assets/Product/Ui/UiModel/UiNewDrawMain/UiNewDrawMainRolePredestined.prefab				0
2213	1	1031003	Assets/Product/Ui/Scene3DPrefab/UiMain3dQishi.prefab	Assets/Product/Ui/UiModel/UiNewDrawMain/UiNewDrawMainRolePredestined.prefab				0
2214	1	1021005	Assets/Product/Ui/Scene3DPrefab/UiMain3dQishi.prefab	Assets/Product/Ui/UiModel/UiNewDrawMain/UiNewDrawMainRolePredestined.prefab				0
2215	1	1031004	Assets/Product/Ui/Scene3DPrefab/UiMain3dQishi.prefab	Assets/Product/Ui/UiModel/UiNewDrawMain/UiNewDrawMainRolePredestined.prefab				0
2216	1	1051003	Assets/Product/Ui/Scene3DPrefab/UiMain3dQishi.prefab	Assets/Product/Ui/UiModel/UiNewDrawMain/UiNewDrawMainRolePredestined.prefab				0
2217	1	1011004	Assets/Product/Ui/Scene3DPrefab/UiMain3dQishi.prefab	Assets/Product/Ui/UiModel/UiNewDrawMain/UiNewDrawMainRolePredestined.prefab				0
2218	1	1531004	Assets/Product/Ui/Scene3DPrefab/UiMain3dQishi.prefab	Assets/Product/Ui/UiModel/UiNewDrawMain/UiNewDrawMainRolePredestined.prefab				0
2219	1	1171003	Assets/Product/Ui/Scene3DPrefab/UiMain3dQishi.prefab	Assets/Product/Ui/UiModel/UiNewDrawMain/UiNewDrawMainRolePredestined.prefab				0
2220	1	1091003	Assets/Product/Ui/Scene3DPrefab/UiMain3dQishi.prefab	Assets/Product/Ui/UiModel/UiNewDrawMain/UiNewDrawMainRolePredestined.prefab				0
2221	1	1051004	Assets/Product/Ui/Scene3DPrefab/UiMain3dQishi.prefab	Assets/Product/Ui/UiModel/UiNewDrawMain/UiNewDrawMainRolePredestined.prefab				0
2222	1	1021003	Assets/Product/Ui/Scene3DPrefab/UiMain3dQishi.prefab	Assets/Product/Ui/UiModel/UiNewDrawMain/UiNewDrawMainRolePredestined.prefab				0
2223	1	1071004	Assets/Product/Ui/Scene3DPrefab/UiMain3dQishi.prefab	Assets/Product/Ui/UiModel/UiNewDrawMain/UiNewDrawMainRolePredestined.prefab				0
2224	1	1131003	Assets/Product/Ui/Scene3DPrefab/UiMain3dQishi.prefab	Assets/Product/Ui/UiModel/UiNewDrawMain/UiNewDrawMainRolePredestined.prefab				0
2225	1	1121003	Assets/Product/Ui/Scene3DPrefab/UiMain3dQishi.prefab	Assets/Product/Ui/UiModel/UiNewDrawMain/UiNewDrawMainRolePredestined.prefab				0
2226	1	1041004	Assets/Product/Ui/Scene3DPrefab/UiMain3dQishi.prefab	Assets/Product/Ui/UiModel/UiNewDrawMain/UiNewDrawMainRolePredestined.prefab				0
2227	1	1031004	Assets/Product/Ui/Scene3DPrefab/UiMain3dQishi.prefab	Assets/Product/Ui/UiModel/UiNewDrawMain/UiNewDrawMainRolePredestined.prefab				0
2228	1	1141003	Assets/Product/Ui/Scene3DPrefab/UiMain3dQishi.prefab	Assets/Product/Ui/UiModel/UiNewDrawMain/UiNewDrawMainRolePredestined.prefab				0
2229	1	1261003	Assets/Product/Ui/Scene3DPrefab/UiMain3dQishi.prefab	Assets/Product/Ui/UiModel/UiNewDrawMain/UiNewDrawMainRolePredestined.prefab				0
2230	1	1021005	Assets/Product/Ui/Scene3DPrefab/UiMain3dQishi.prefab	Assets/Product/Ui/UiModel/UiNewDrawMain/UiNewDrawMainRolePredestined.prefab				0
2231	1	1021004	Assets/Product/Ui/Scene3DPrefab/UiMain3dQishi.prefab	Assets/Product/Ui/UiModel/UiNewDrawMain/UiNewDrawMainRolePredestined.prefab				0
2232	1	1071003	Assets/Product/Ui/Scene3DPrefab/UiMain3dQishi.prefab	Assets/Product/Ui/UiModel/UiNewDrawMain/UiNewDrawMainRolePredestined.prefab				0
2233	1	1221003	Assets/Product/Ui/Scene3DPrefab/UiMain3dQishi.prefab	Assets/Product/Ui/UiModel/UiNewDrawMain/UiNewDrawMainRolePredestined.prefab				0
2234	1	1051004	Assets/Product/Ui/Scene3DPrefab/UiMain3dQishi.prefab	Assets/Product/Ui/UiModel/UiNewDrawMain/UiNewDrawMainRolePredestined.prefab				0
2235	1	1031003	Assets/Product/Ui/Scene3DPrefab/UiMain3dQishi.prefab	Assets/Product/Ui/UiModel/UiNewDrawMain/UiNewDrawMainRolePredestined.prefab				0
2236	1	1131003	Assets/Product/Ui/Scene3DPrefab/UiMain3dQishi.prefab	Assets/Product/Ui/UiModel/UiNewDrawMain/UiNewDrawMainRolePredestined.prefab				0
2237	1	1121003	Assets/Product/Ui/Scene3DPrefab/UiMain3dQishi.prefab	Assets/Product/Ui/UiModel/UiNewDrawMain/UiNewDrawMainRolePredestined.prefab				0
2238	1	1041003	Assets/Product/Ui/Scene3DPrefab/UiMain3dQishi.prefab	Assets/Product/Ui/UiModel/UiNewDrawMain/UiNewDrawMainRolePredestined.prefab				0
2239	1	1271003	Assets/Product/Ui/Scene3DPrefab/UiMain3dQishi.prefab	Assets/Product/Ui/UiModel/UiNewDrawMain/UiNewDrawMainRolePredestined.prefab				0
2240	1	1071004	Assets/Product/Ui/Scene3DPrefab/UiMain3dQishi.prefab	Assets/Product/Ui/UiModel/UiNewDrawMain/UiNewDrawMainRolePredestined.prefab				0
2241	1	1531004	Assets/Product/Ui/Scene3DPrefab/UiMain3dQishi.prefab	Assets/Product/Ui/UiModel/UiNewDrawMain/UiNewDrawMainRolePredestined.prefab				0
2242	1	1011003	Assets/Product/Ui/Scene3DPrefab/UiMain3dQishi.prefab	Assets/Product/Ui/UiModel/UiNewDrawMain/UiNewDrawMainRolePredestined.prefab				0
2243	1	1011004	Assets/Product/Ui/Scene3DPrefab/UiMain3dQishi.prefab	Assets/Product/Ui/UiModel/UiNewDrawMain/UiNewDrawMainRolePredestined.prefab				0
2244	1	1031004	Assets/Product/Ui/Scene3DPrefab/UiMain3dQishi.prefab	Assets/Product/Ui/UiModel/UiNewDrawMain/UiNewDrawMainRolePredestined.prefab				0
2245	1	1021003	Assets/Product/Ui/Scene3DPrefab/UiMain3dQishi.prefab	Assets/Product/Ui/UiModel/UiNewDrawMain/UiNewDrawMainRolePredestined.prefab				0
2246	1	1021005	Assets/Product/Ui/Scene3DPrefab/UiMain3dQishi.prefab	Assets/Product/Ui/UiModel/UiNewDrawMain/UiNewDrawMainRolePredestined.prefab				0
2247	1	1221003	Assets/Product/Ui/Scene3DPrefab/UiMain3dQishi.prefab	Assets/Product/Ui/UiModel/UiNewDrawMain/UiNewDrawMainRolePredestined.prefab				0
2248	1	1031003	Assets/Product/Ui/Scene3DPrefab/UiMain3dQishi.prefab	Assets/Product/Ui/UiModel/UiNewDrawMain/UiNewDrawMainRolePredestined.prefab				0
2249	1	1041004	Assets/Product/Ui/Scene3DPrefab/UiMain3dQishi.prefab	Assets/Product/Ui/UiModel/UiNewDrawMain/UiNewDrawMainRolePredestined.prefab				0
2250	1	1261003	Assets/Product/Ui/Scene3DPrefab/UiMain3dQishi.prefab	Assets/Product/Ui/UiModel/UiNewDrawMain/UiNewDrawMainRolePredestined.prefab				0
2251	1	1041003	Assets/Product/Ui/Scene3DPrefab/UiMain3dQishi.prefab	Assets/Product/Ui/UiModel/UiNewDrawMain/UiNewDrawMainRolePredestined.prefab				0
2252	1	1091003	Assets/Product/Ui/Scene3DPrefab/UiMain3dQishi.prefab	Assets/Product/Ui/UiModel/UiNewDrawMain/UiNewDrawMainRolePredestined.prefab				0
2253	1	1021004	Assets/Product/Ui/Scene3DPrefab/UiMain3dQishi.prefab	Assets/Product/Ui/UiModel/UiNewDrawMain/UiNewDrawMainRolePredestined.prefab				0
2254	1	1051003	Assets/Product/Ui/Scene3DPrefab/UiMain3dQishi.prefab	Assets/Product/Ui/UiModel/UiNewDrawMain/UiNewDrawMainRolePredestined.prefab				0
2255	1	1271003	Assets/Product/Ui/Scene3DPrefab/UiMain3dQishi.prefab	Assets/Product/Ui/UiModel/UiNewDrawMain/UiNewDrawMainRolePredestined.prefab				0
2256	1	1531004	Assets/Product/Ui/Scene3DPrefab/UiMain3dQishi.prefab	Assets/Product/Ui/UiModel/UiNewDrawMain/UiNewDrawMainRolePredestined.prefab				0
2257	1	1141003	Assets/Product/Ui/Scene3DPrefab/UiMain3dQishi.prefab	Assets/Product/Ui/UiModel/UiNewDrawMain/UiNewDrawMainRolePredestined.prefab				0
2258	1	1011004	Assets/Product/Ui/Scene3DPrefab/UiMain3dQishi.prefab	Assets/Product/Ui/UiModel/UiNewDrawMain/UiNewDrawMainRolePredestined.prefab				0
2259	1	1031004	Assets/Product/Ui/Scene3DPrefab/UiMain3dQishi.prefab	Assets/Product/Ui/UiModel/UiNewDrawMain/UiNewDrawMainRolePredestined.prefab				0
2260	1	1011003	Assets/Product/Ui/Scene3DPrefab/UiMain3dQishi.prefab	Assets/Product/Ui/UiModel/UiNewDrawMain/UiNewDrawMainRolePredestined.prefab				0
2261	1	1221003	Assets/Product/Ui/Scene3DPrefab/UiMain3dQishi.prefab	Assets/Product/Ui/UiModel/UiNewDrawMain/UiNewDrawMainRolePredestined.prefab				0
2262	1	1121003	Assets/Product/Ui/Scene3DPrefab/UiMain3dQishi.prefab	Assets/Product/Ui/UiModel/UiNewDrawMain/UiNewDrawMainRolePredestined.prefab				0
2263	1	1031003	Assets/Product/Ui/Scene3DPrefab/UiMain3dQishi.prefab	Assets/Product/Ui/UiModel/UiNewDrawMain/UiNewDrawMainRolePredestined.prefab				0
2264	1	1081004	Assets/Product/Ui/Scene3DPrefab/UiMain3dQishi.prefab	Assets/Product/Ui/UiModel/UiNewDrawMain/UiNewDrawMainRolePredestined.prefab				0
2265	1	1521004	Assets/Product/Ui/Scene3DPrefab/UiMain3dQishi.prefab	Assets/Product/Ui/UiModel/UiNewDrawMain/UiNewDrawMainRolePredestined.prefab				0
2266	1	1091003	Assets/Product/Ui/Scene3DPrefab/UiMain3dQishi.prefab	Assets/Product/Ui/UiModel/UiNewDrawMain/UiNewDrawMainRolePredestined.prefab				0
2267	1	1131003	Assets/Product/Ui/Scene3DPrefab/UiMain3dQishi.prefab	Assets/Product/Ui/UiModel/UiNewDrawMain/UiNewDrawMainRolePredestined.prefab				0
2268	1	1041003	Assets/Product/Ui/Scene3DPrefab/UiMain3dQishi.prefab	Assets/Product/Ui/UiModel/UiNewDrawMain/UiNewDrawMainRolePredestined.prefab				0
2269	1	1071004	Assets/Product/Ui/Scene3DPrefab/UiMain3dQishi.prefab	Assets/Product/Ui/UiModel/UiNewDrawMain/UiNewDrawMainRolePredestined.prefab				0
2270	1	1171003	Assets/Product/Ui/Scene3DPrefab/UiMain3dQishi.prefab	Assets/Product/Ui/UiModel/UiNewDrawMain/UiNewDrawMainRolePredestined.prefab				0
2271	1	1071003	Assets/Product/Ui/Scene3DPrefab/UiMain3dQishi.prefab	Assets/Product/Ui/UiModel/UiNewDrawMain/UiNewDrawMainRolePredestined.prefab				0
2272	1	1041004	Assets/Product/Ui/Scene3DPrefab/UiMain3dQishi.prefab	Assets/Product/Ui/UiModel/UiNewDrawMain/UiNewDrawMainRolePredestined.prefab				0
2273	1	1261003	Assets/Product/Ui/Scene3DPrefab/UiMain3dQishi.prefab	Assets/Product/Ui/UiModel/UiNewDrawMain/UiNewDrawMainRolePredestined.prefab				0
2274	1	1051003	Assets/Product/Ui/Scene3DPrefab/UiMain3dQishi.prefab	Assets/Product/Ui/UiModel/UiNewDrawMain/UiNewDrawMainRolePredestined.prefab				0
2275	1	1081004	Assets/Product/Ui/Scene3DPrefab/UiMain3dQishi.prefab	Assets/Product/Ui/UiModel/UiNewDrawMain/UiNewDrawMainRolePredestined.prefab				0
2276	1	1031004	Assets/Product/Ui/Scene3DPrefab/UiMain3dQishi.prefab	Assets/Product/Ui/UiModel/UiNewDrawMain/UiNewDrawMainRolePredestined.prefab				0
2277	1	1021003	Assets/Product/Ui/Scene3DPrefab/UiMain3dQishi.prefab	Assets/Product/Ui/UiModel/UiNewDrawMain/UiNewDrawMainRolePredestined.prefab				0
2278	1	1011004	Assets/Product/Ui/Scene3DPrefab/UiMain3dQishi.prefab	Assets/Product/Ui/UiModel/UiNewDrawMain/UiNewDrawMainRolePredestined.prefab				0
2279	1	1091003	Assets/Product/Ui/Scene3DPrefab/UiMain3dQishi.prefab	Assets/Product/Ui/UiModel/UiNewDrawMain/UiNewDrawMainRolePredestined.prefab				0
2280	1	1171003	Assets/Product/Ui/Scene3DPrefab/UiMain3dQishi.prefab	Assets/Product/Ui/UiModel/UiNewDrawMain/UiNewDrawMainRolePredestined.prefab				0
2281	1	1021005	Assets/Product/Ui/Scene3DPrefab/UiMain3dQishi.prefab	Assets/Product/Ui/UiModel/UiNewDrawMain/UiNewDrawMainRolePredestined.prefab				0
2282	1	1221003	Assets/Product/Ui/Scene3DPrefab/UiMain3dQishi.prefab	Assets/Product/Ui/UiModel/UiNewDrawMain/UiNewDrawMainRolePredestined.prefab				0
2283	1	1141003	Assets/Product/Ui/Scene3DPrefab/UiMain3dQishi.prefab	Assets/Product/Ui/UiModel/UiNewDrawMain/UiNewDrawMainRolePredestined.prefab				0
2284	1	1171004	Assets/Product/Ui/Scene3DPrefab/UiMain3dQishi.prefab	Assets/Product/Ui/UiModel/UiNewDrawMain/UiNewDrawMainRolePredestined.prefab				0
2285	1	1521004	Assets/Product/Ui/Scene3DPrefab/UiMain3dQishi.prefab	Assets/Product/Ui/UiModel/UiNewDrawMain/UiNewDrawMainRolePredestined.prefab				0
2286	1	1271003	Assets/Product/Ui/Scene3DPrefab/UiMain3dQishi.prefab	Assets/Product/Ui/UiModel/UiNewDrawMain/UiNewDrawMainRolePredestined.prefab				0
2287	1	1031003	Assets/Product/Ui/Scene3DPrefab/UiMain3dQishi.prefab	Assets/Product/Ui/UiModel/UiNewDrawMain/UiNewDrawMainRolePredestined.prefab				0
2288	1	1081004	Assets/Product/Ui/Scene3DPrefab/UiMain3dQishi.prefab	Assets/Product/Ui/UiModel/UiNewDrawMain/UiNewDrawMainRolePredestined.prefab				0
2289	1	1071004	Assets/Product/Ui/Scene3DPrefab/UiMain3dQishi.prefab	Assets/Product/Ui/UiModel/UiNewDrawMain/UiNewDrawMainRolePredestined.prefab				0
2290	1	1041003	Assets/Product/Ui/Scene3DPrefab/UiMain3dQishi.prefab	Assets/Product/Ui/UiModel/UiNewDrawMain/UiNewDrawMainRolePredestined.prefab				0
2291	1	1041004	Assets/Product/Ui/Scene3DPrefab/UiMain3dQishi.prefab	Assets/Product/Ui/UiModel/UiNewDrawMain/UiNewDrawMainRolePredestined.prefab				0
2292	1	1261003	Assets/Product/Ui/Scene3DPrefab/UiMain3dQishi.prefab	Assets/Product/Ui/UiModel/UiNewDrawMain/UiNewDrawMainRolePredestined.prefab				0
2293	1	1121003	Assets/Product/Ui/Scene3DPrefab/UiMain3dQishi.prefab	Assets/Product/Ui/UiModel/UiNewDrawMain/UiNewDrawMainRolePredestined.prefab				0
2294	1	1021005	Assets/Product/Ui/Scene3DPrefab/UiMain3dQishi.prefab	Assets/Product/Ui/UiModel/UiNewDrawMain/UiNewDrawMainRolePredestined.prefab				0
2295	1	1221003	Assets/Product/Ui/Scene3DPrefab/UiMain3dQishi.prefab	Assets/Product/Ui/UiModel/UiNewDrawMain/UiNewDrawMainRolePredestined.prefab				0
2296	1	1051003	Assets/Product/Ui/Scene3DPrefab/UiMain3dQishi.prefab	Assets/Product/Ui/UiModel/UiNewDrawMain/UiNewDrawMainRolePredestined.prefab				0
2297	1	1011004	Assets/Product/Ui/Scene3DPrefab/UiMain3dQishi.prefab	Assets/Product/Ui/UiModel/UiNewDrawMain/UiNewDrawMainRolePredestined.prefab				0
2298	1	1131003	Assets/Product/Ui/Scene3DPrefab/UiMain3dQishi.prefab	Assets/Product/Ui/UiModel/UiNewDrawMain/UiNewDrawMainRolePredestined.prefab				0
2299	1	1171003	Assets/Product/Ui/Scene3DPrefab/UiMain3dQishi.prefab	Assets/Product/Ui/UiModel/UiNewDrawMain/UiNewDrawMainRolePredestined.prefab				0
2300	1	1071004	Assets/Product/Ui/Scene3DPrefab/UiMain3dQishi.prefab	Assets/Product/Ui/UiModel/UiNewDrawMain/UiNewDrawMainRolePredestined.prefab				0
2301	1	1261003	Assets/Product/Ui/Scene3DPrefab/UiMain3dQishi.prefab	Assets/Product/Ui/UiModel/UiNewDrawMain/UiNewDrawMainRolePredestined.prefab				0
2302	1	1071003	Assets/Product/Ui/Scene3DPrefab/UiMain3dQishi.prefab	Assets/Product/Ui/UiModel/UiNewDrawMain/UiNewDrawMainRolePredestined.prefab				0
2303	1	1171004	Assets/Product/Ui/Scene3DPrefab/UiMain3dQishi.prefab	Assets/Product/Ui/UiModel/UiNewDrawMain/UiNewDrawMainRolePredestined.prefab				0
2304	1	1031004	Assets/Product/Ui/Scene3DPrefab/UiMain3dQishi.prefab	Assets/Product/Ui/UiModel/UiNewDrawMain/UiNewDrawMainRolePredestined.prefab				0
2305	1	1031003	Assets/Product/Ui/Scene3DPrefab/UiMain3dQishi.prefab	Assets/Product/Ui/UiModel/UiNewDrawMain/UiNewDrawMainRolePredestined.prefab				0
2306	1	1521004	Assets/Product/Ui/Scene3DPrefab/UiMain3dQishi.prefab	Assets/Product/Ui/UiModel/UiNewDrawMain/UiNewDrawMainRolePredestined.prefab				0
2307	1	1271003	Assets/Product/Ui/Scene3DPrefab/UiMain3dQishi.prefab	Assets/Product/Ui/UiModel/UiNewDrawMain/UiNewDrawMainRolePredestined.prefab				0
2308	1	1021003	Assets/Product/Ui/Scene3DPrefab/UiMain3dQishi.prefab	Assets/Product/Ui/UiModel/UiNewDrawMain/UiNewDrawMainRolePredestined.prefab				0
2309	1	1221003	Assets/Product/Ui/Scene3DPrefab/UiMain3dQishi.prefab	Assets/Product/Ui/UiModel/UiNewDrawMain/UiNewDrawMainRolePredestined.prefab				0
2310	1	1091003	Assets/Product/Ui/Scene3DPrefab/UiMain3dQishi.prefab	Assets/Product/Ui/UiModel/UiNewDrawMain/UiNewDrawMainRolePredestined.prefab				0
2311	1	1051004	Assets/Product/Ui/Scene3DPrefab/UiMain3dQishi.prefab	Assets/Product/Ui/UiModel/UiNewDrawMain/UiNewDrawMainRolePredestined.prefab				0
2312	1	1241003	Assets/Product/Ui/Scene3DPrefab/UiMain3dQishi.prefab	Assets/Product/Ui/UiModel/UiNewDrawMain/UiNewDrawMainRolePredestined.prefab				0
2313	1	1011004	Assets/Product/Ui/Scene3DPrefab/UiMain3dQishi.prefab	Assets/Product/Ui/UiModel/UiNewDrawMain/UiNewDrawMainRolePredestined.prefab				0
2314	1	1131003	Assets/Product/Ui/Scene3DPrefab/UiMain3dQishi.prefab	Assets/Product/Ui/UiModel/UiNewDrawMain/UiNewDrawMainRolePredestined.prefab				0
2315	1	1531004	Assets/Product/Ui/Scene3DPrefab/UiMain3dQishi.prefab	Assets/Product/Ui/UiModel/UiNewDrawMain/UiNewDrawMainRolePredestined.prefab				0
2316	1	1041004	Assets/Product/Ui/Scene3DPrefab/UiMain3dQishi.prefab	Assets/Product/Ui/UiModel/UiNewDrawMain/UiNewDrawMainRolePredestined.prefab				0
2317	1	1141003	Assets/Product/Ui/Scene3DPrefab/UiMain3dQishi.prefab	Assets/Product/Ui/UiModel/UiNewDrawMain/UiNewDrawMainRolePredestined.prefab				0
2318	1	1041003	Assets/Product/Ui/Scene3DPrefab/UiMain3dQishi.prefab	Assets/Product/Ui/UiModel/UiNewDrawMain/UiNewDrawMainRolePredestined.prefab				0
2319	1	1021005	Assets/Product/Ui/Scene3DPrefab/UiMain3dQishi.prefab	Assets/Product/Ui/UiModel/UiNewDrawMain/UiNewDrawMainRolePredestined.prefab				0
2320	1	1221003	Assets/Product/Ui/Scene3DPrefab/UiMain3dQishi.prefab	Assets/Product/Ui/UiModel/UiNewDrawMain/UiNewDrawMainRolePredestined.prefab				0
2321	1	1071004	Assets/Product/Ui/Scene3DPrefab/UiMain3dQishi.prefab	Assets/Product/Ui/UiModel/UiNewDrawMain/UiNewDrawMainRolePredestined.prefab				0
2322	1	1211003	Assets/Product/Ui/Scene3DPrefab/UiMain3dQishi.prefab	Assets/Product/Ui/UiModel/UiNewDrawMain/UiNewDrawMainRolePredestined.prefab				0
2323	1	1171004	Assets/Product/Ui/Scene3DPrefab/UiMain3dQishi.prefab	Assets/Product/Ui/UiModel/UiNewDrawMain/UiNewDrawMainRolePredestined.prefab				0
2324	1	1081004	Assets/Product/Ui/Scene3DPrefab/UiMain3dQishi.prefab	Assets/Product/Ui/UiModel/UiNewDrawMain/UiNewDrawMainRolePredestined.prefab				0
2325	1	1131003	Assets/Product/Ui/Scene3DPrefab/UiMain3dQishi.prefab	Assets/Product/Ui/UiModel/UiNewDrawMain/UiNewDrawMainRolePredestined.prefab				0
2326	1	1241003	Assets/Product/Ui/Scene3DPrefab/UiMain3dQishi.prefab	Assets/Product/Ui/UiModel/UiNewDrawMain/UiNewDrawMainRolePredestined.prefab				0
2327	1	1521004	Assets/Product/Ui/Scene3DPrefab/UiMain3dQishi.prefab	Assets/Product/Ui/UiModel/UiNewDrawMain/UiNewDrawMainRolePredestined.prefab				0
2328	1	1261003	Assets/Product/Ui/Scene3DPrefab/UiMain3dQishi.prefab	Assets/Product/Ui/UiModel/UiNewDrawMain/UiNewDrawMainRolePredestined.prefab				0
2329	1	1271003	Assets/Product/Ui/Scene3DPrefab/UiMain3dQishi.prefab	Assets/Product/Ui/UiModel/UiNewDrawMain/UiNewDrawMainRolePredestined.prefab				0
2330	1	1071004	Assets/Product/Ui/Scene3DPrefab/UiMain3dQishi.prefab	Assets/Product/Ui/UiModel/UiNewDrawMain/UiNewDrawMainRolePredestined.prefab				0
2331	1	1091003	Assets/Product/Ui/Scene3DPrefab/UiMain3dQishi.prefab	Assets/Product/Ui/UiModel/UiNewDrawMain/UiNewDrawMainRolePredestined.prefab				0
2332	1	1021006	Assets/Product/Ui/Scene3DPrefab/UiMain3dQishi.prefab	Assets/Product/Ui/UiModel/UiNewDrawMain/UiNewDrawMainRolePredestined.prefab				0
2333	1	1211003	Assets/Product/Ui/Scene3DPrefab/UiMain3dQishi.prefab	Assets/Product/Ui/UiModel/UiNewDrawMain/UiNewDrawMainRolePredestined.prefab				0
2334	1	1531004	Assets/Product/Ui/Scene3DPrefab/UiMain3dQishi.prefab	Assets/Product/Ui/UiModel/UiNewDrawMain/UiNewDrawMainRolePredestined.prefab				0
2335	1	1031004	Assets/Product/Ui/Scene3DPrefab/UiMain3dQishi.prefab	Assets/Product/Ui/UiModel/UiNewDrawMain/UiNewDrawMainRolePredestined.prefab				0
2336	1	1081004	Assets/Product/Ui/Scene3DPrefab/UiMain3dQishi.prefab	Assets/Product/Ui/UiModel/UiNewDrawMain/UiNewDrawMainRolePredestined.prefab				0
2337	1	1221003	Assets/Product/Ui/Scene3DPrefab/UiMain3dQishi.prefab	Assets/Product/Ui/UiModel/UiNewDrawMain/UiNewDrawMainRolePredestined.prefab				0
2338	1	1171003	Assets/Product/Ui/Scene3DPrefab/UiMain3dQishi.prefab	Assets/Product/Ui/UiModel/UiNewDrawMain/UiNewDrawMainRolePredestined.prefab				0
2339	1	1021006	Assets/Product/Ui/Scene3DPrefab/UiMain3dQishi.prefab	Assets/Product/Ui/UiModel/UiNewDrawMain/UiNewDrawMainRolePredestined.prefab				0
2340	1	1021005	Assets/Product/Ui/Scene3DPrefab/UiMain3dQishi.prefab	Assets/Product/Ui/UiModel/UiNewDrawMain/UiNewDrawMainRolePredestined.prefab				0
2341	1	1071004	Assets/Product/Ui/Scene3DPrefab/UiMain3dQishi.prefab	Assets/Product/Ui/UiModel/UiNewDrawMain/UiNewDrawMainRolePredestined.prefab				0
2342	1	1241003	Assets/Product/Ui/Scene3DPrefab/UiMain3dQishi.prefab	Assets/Product/Ui/UiModel/UiNewDrawMain/UiNewDrawMainRolePredestined.prefab				0
2343	1	1041004	Assets/Product/Ui/Scene3DPrefab/UiMain3dQishi.prefab	Assets/Product/Ui/UiModel/UiNewDrawMain/UiNewDrawMainRolePredestined.prefab				0
2344	1	1211003	Assets/Product/Ui/Scene3DPrefab/UiMain3dQishi.prefab	Assets/Product/Ui/UiModel/UiNewDrawMain/UiNewDrawMainRolePredestined.prefab				0
2345	1	1271003	Assets/Product/Ui/Scene3DPrefab/UiMain3dQishi.prefab	Assets/Product/Ui/UiModel/UiNewDrawMain/UiNewDrawMainRolePredestined.prefab				0
2346	1	1521004	Assets/Product/Ui/Scene3DPrefab/UiMain3dQishi.prefab	Assets/Product/Ui/UiModel/UiNewDrawMain/UiNewDrawMainRolePredestined.prefab				0
2347	1	1091003	Assets/Product/Ui/Scene3DPrefab/UiMain3dQishi.prefab	Assets/Product/Ui/UiModel/UiNewDrawMain/UiNewDrawMainRolePredestined.prefab				0
2348	1	1051005	Assets/Product/Ui/Scene3DPrefab/UiMain3dQishi.prefab	Assets/Product/Ui/UiModel/UiNewDrawMain/UiNewDrawMainRolePredestined.prefab				0
2349	1	1171004	Assets/Product/Ui/Scene3DPrefab/UiMain3dQishi.prefab	Assets/Product/Ui/UiModel/UiNewDrawMain/UiNewDrawMainRolePredestined.prefab				0
2350	1	1221003	Assets/Product/Ui/Scene3DPrefab/UiMain3dQishi.prefab	Assets/Product/Ui/UiModel/UiNewDrawMain/UiNewDrawMainRolePredestined.prefab				0
2351	1	1031004	Assets/Product/Ui/Scene3DPrefab/UiMain3dQishi.prefab	Assets/Product/Ui/UiModel/UiNewDrawMain/UiNewDrawMainRolePredestined.prefab				0
2352	1	1081004	Assets/Product/Ui/Scene3DPrefab/UiMain3dQishi.prefab	Assets/Product/Ui/UiModel/UiNewDrawMain/UiNewDrawMainRolePredestined.prefab				0
2353	1	1261003	Assets/Product/Ui/Scene3DPrefab/UiMain3dQishi.prefab	Assets/Product/Ui/UiModel/UiNewDrawMain/UiNewDrawMainRolePredestined.prefab				0
2354	1	1121003	Assets/Product/Ui/Scene3DPrefab/UiMain3dQishi.prefab	Assets/Product/Ui/UiModel/UiNewDrawMain/UiNewDrawMainRolePredestined.prefab				0
2355	1	1021006	Assets/Product/Ui/Scene3DPrefab/UiMain3dQishi.prefab	Assets/Product/Ui/UiModel/UiNewDrawMain/UiNewDrawMainRolePredestined.prefab				0
2356	1	1521004	Assets/Product/Ui/Scene3DPrefab/UiMain3dQishi.prefab	Assets/Product/Ui/UiModel/UiNewDrawMain/UiNewDrawMainRolePredestined.prefab				0
2357	1	1051003	Assets/Product/Ui/Scene3DPrefab/UiMain3dQishi.prefab	Assets/Product/Ui/UiModel/UiNewDrawMain/UiNewDrawMainRolePredestined.prefab				0
2358	1	1321003	Assets/Product/Ui/Scene3DPrefab/UiMain3dQishi.prefab	Assets/Product/Ui/UiModel/UiNewDrawMain/UiNewDrawMainRolePredestined.prefab				0
2359	1	1271003	Assets/Product/Ui/Scene3DPrefab/UiMain3dQishi.prefab	Assets/Product/Ui/UiModel/UiNewDrawMain/UiNewDrawMainRolePredestined.prefab				0
2360	1	1211003	Assets/Product/Ui/Scene3DPrefab/UiMain3dQishi.prefab	Assets/Product/Ui/UiModel/UiNewDrawMain/UiNewDrawMainRolePredestined.prefab				0
2361	1	1071004	Assets/Product/Ui/Scene3DPrefab/UiMain3dQishi.prefab	Assets/Product/Ui/UiModel/UiNewDrawMain/UiNewDrawMainRolePredestined.prefab				0
2362	1	1171004	Assets/Product/Ui/Scene3DPrefab/UiMain3dQishi.prefab	Assets/Product/Ui/UiModel/UiNewDrawMain/UiNewDrawMainRolePredestined.prefab				0
2363	1	1021005	Assets/Product/Ui/Scene3DPrefab/UiMain3dQishi.prefab	Assets/Product/Ui/UiModel/UiNewDrawMain/UiNewDrawMainRolePredestined.prefab				0
2364	1	1051004	Assets/Product/Ui/Scene3DPrefab/UiMain3dQishi.prefab	Assets/Product/Ui/UiModel/UiNewDrawMain/UiNewDrawMainRolePredestined.prefab				0
2365	1	1051005	Assets/Product/Ui/Scene3DPrefab/UiMain3dQishi.prefab	Assets/Product/Ui/UiModel/UiNewDrawMain/UiNewDrawMainRolePredestined.prefab				0
2366	1	1221003	Assets/Product/Ui/Scene3DPrefab/UiMain3dQishi.prefab	Assets/Product/Ui/UiModel/UiNewDrawMain/UiNewDrawMainRolePredestined.prefab				0
2367	1	1031004	Assets/Product/Ui/Scene3DPrefab/UiMain3dQishi.prefab	Assets/Product/Ui/UiModel/UiNewDrawMain/UiNewDrawMainRolePredestined.prefab				0
2368	1	1021006	Assets/Product/Ui/Scene3DPrefab/UiMain3dQishi.prefab	Assets/Product/Ui/UiModel/UiNewDrawMain/UiNewDrawMainRolePredestined.prefab				0
2369	1	1241003	Assets/Product/Ui/Scene3DPrefab/UiMain3dQishi.prefab	Assets/Product/Ui/UiModel/UiNewDrawMain/UiNewDrawMainRolePredestined.prefab				0
2370	1	1261003	Assets/Product/Ui/Scene3DPrefab/UiMain3dQishi.prefab	Assets/Product/Ui/UiModel/UiNewDrawMain/UiNewDrawMainRolePredestined.prefab				0
2371	1	1321003	Assets/Product/Ui/Scene3DPrefab/UiMain3dQishi.prefab	Assets/Product/Ui/UiModel/UiNewDrawMain/UiNewDrawMainRolePredestined.prefab				0
2372	1	1211003	Assets/Product/Ui/Scene3DPrefab/UiMain3dQishi.prefab	Assets/Product/Ui/UiModel/UiNewDrawMain/UiNewDrawMainRolePredestined.prefab				0
2373	1	1091003	Assets/Product/Ui/Scene3DPrefab/UiMain3dQishi.prefab	Assets/Product/Ui/UiModel/UiNewDrawMain/UiNewDrawMainRolePredestined.prefab				0
2374	1	1081004	Assets/Product/Ui/Scene3DPrefab/UiMain3dQishi.prefab	Assets/Product/Ui/UiModel/UiNewDrawMain/UiNewDrawMainRolePredestined.prefab				0
2375	1	1021005	Assets/Product/Ui/Scene3DPrefab/UiMain3dQishi.prefab	Assets/Product/Ui/UiModel/UiNewDrawMain/UiNewDrawMainRolePredestined.prefab				0
2376	1	1071004	Assets/Product/Ui/Scene3DPrefab/UiMain3dQishi.prefab	Assets/Product/Ui/UiModel/UiNewDrawMain/UiNewDrawMainRolePredestined.prefab				0
2377	1	1531005	Assets/Product/Ui/Scene3DPrefab/UiMain3dQishi.prefab	Assets/Product/Ui/UiModel/UiNewDrawMain/UiNewDrawMainRolePredestined.prefab				0
2378	1	1521004	Assets/Product/Ui/Scene3DPrefab/UiMain3dQishi.prefab	Assets/Product/Ui/UiModel/UiNewDrawMain/UiNewDrawMainRolePredestined.prefab				0
2379	1	1331003	Assets/Product/Ui/Scene3DPrefab/UiMain3dQishi.prefab	Assets/Product/Ui/UiModel/UiNewDrawMain/UiNewDrawMainRolePredestined.prefab				0
2380	1	1261003	Assets/Product/Ui/Scene3DPrefab/UiMain3dQishi.prefab	Assets/Product/Ui/UiModel/UiNewDrawMain/UiNewDrawMainRolePredestined.prefab				0
2381	1	1171004	Assets/Product/Ui/Scene3DPrefab/UiMain3dQishi.prefab	Assets/Product/Ui/UiModel/UiNewDrawMain/UiNewDrawMainRolePredestined.prefab				0
2382	1	1221003	Assets/Product/Ui/Scene3DPrefab/UiMain3dQishi.prefab	Assets/Product/Ui/UiModel/UiNewDrawMain/UiNewDrawMainRolePredestined.prefab				0
2383	1	1131003	Assets/Product/Ui/Scene3DPrefab/UiMain3dQishi.prefab	Assets/Product/Ui/UiModel/UiNewDrawMain/UiNewDrawMainRolePredestined.prefab				0
2384	1	1051005	Assets/Product/Ui/Scene3DPrefab/UiMain3dQishi.prefab	Assets/Product/Ui/UiModel/UiNewDrawMain/UiNewDrawMainRolePredestined.prefab				0
2385	1	1021006	Assets/Product/Ui/Scene3DPrefab/UiMain3dQishi.prefab	Assets/Product/Ui/UiModel/UiNewDrawMain/UiNewDrawMainRolePredestined.prefab				0
2386	1	1021005	Assets/Product/Ui/Scene3DPrefab/UiMain3dQishi.prefab	Assets/Product/Ui/UiModel/UiNewDrawMain/UiNewDrawMainRolePredestined.prefab				0
2387	1	1531005	Assets/Product/Ui/Scene3DPrefab/UiMain3dQishi.prefab	Assets/Product/Ui/UiModel/UiNewDrawMain/UiNewDrawMainRolePredestined.prefab				0
2388	1	1081004	Assets/Product/Ui/Scene3DPrefab/UiMain3dQishi.prefab	Assets/Product/Ui/UiModel/UiNewDrawMain/UiNewDrawMainRolePredestined.prefab				0
2389	1	1071004	Assets/Product/Ui/Scene3DPrefab/UiMain3dQishi.prefab	Assets/Product/Ui/UiModel/UiNewDrawMain/UiNewDrawMainRolePredestined.prefab				0
2390	1	1321003	Assets/Product/Ui/Scene3DPrefab/UiMain3dQishi.prefab	Assets/Product/Ui/UiModel/UiNewDrawMain/UiNewDrawMainRolePredestined.prefab				0
2391	1	1331003	Assets/Product/Ui/Scene3DPrefab/UiMain3dQishi.prefab	Assets/Product/Ui/UiModel/UiNewDrawMain/UiNewDrawMainRolePredestined.prefab				0
2392	1	1261003	Assets/Product/Ui/Scene3DPrefab/UiMain3dQishi.prefab	Assets/Product/Ui/UiModel/UiNewDrawMain/UiNewDrawMainRolePredestined.prefab				0
2393	1	1131004	Assets/Product/Ui/Scene3DPrefab/UiMain3dQishi.prefab	Assets/Product/Ui/UiModel/UiNewDrawMain/UiNewDrawMainRolePredestined.prefab				0
2394	1	1171004	Assets/Product/Ui/Scene3DPrefab/UiMain3dQishi.prefab	Assets/Product/Ui/UiModel/UiNewDrawMain/UiNewDrawMainRolePredestined.prefab				0
2395	1	1241003	Assets/Product/Ui/Scene3DPrefab/UiMain3dQishi.prefab	Assets/Product/Ui/UiModel/UiNewDrawMain/UiNewDrawMainRolePredestined.prefab				0
2396	1	1211003	Assets/Product/Ui/Scene3DPrefab/UiMain3dQishi.prefab	Assets/Product/Ui/UiModel/UiNewDrawMain/UiNewDrawMainRolePredestined.prefab				0
2397	1	1051005	Assets/Product/Ui/Scene3DPrefab/UiMain3dQishi.prefab	Assets/Product/Ui/UiModel/UiNewDrawMain/UiNewDrawMainRolePredestined.prefab				0
2398	1	1271003	Assets/Product/Ui/Scene3DPrefab/UiMain3dQishi.prefab	Assets/Product/Ui/UiModel/UiNewDrawMain/UiNewDrawMainRolePredestined.prefab				0
2399	1	1091003	Assets/Product/Ui/Scene3DPrefab/UiMain3dQishi.prefab	Assets/Product/Ui/UiModel/UiNewDrawMain/UiNewDrawMainRolePredestined.prefab				0
2400	1	1521004	Assets/Product/Ui/Scene3DPrefab/UiMain3dQishi.prefab	Assets/Product/Ui/UiModel/UiNewDrawMain/UiNewDrawMainRolePredestined.prefab				0
2401	1	1031004	Assets/Product/Ui/Scene3DPrefab/UiMain3dQishi.prefab	Assets/Product/Ui/UiModel/UiNewDrawMain/UiNewDrawMainRolePredestined.prefab				0
2402	1	1071004	Assets/Product/Ui/Scene3DPrefab/UiMain3dQishi.prefab	Assets/Product/Ui/UiModel/UiNewDrawMain/UiNewDrawMainRolePredestined.prefab				0
2403	1	1531005	Assets/Product/Ui/Scene3DPrefab/UiMain3dQishi.prefab	Assets/Product/Ui/UiModel/UiNewDrawMain/UiNewDrawMainRolePredestined.prefab				0
2404	1	1081004	Assets/Product/Ui/Scene3DPrefab/UiMain3dQishi.prefab	Assets/Product/Ui/UiModel/UiNewDrawMain/UiNewDrawMainRolePredestined.prefab				0
2405	1	1331003	Assets/Product/Ui/Scene3DPrefab/UiMain3dQishi.prefab	Assets/Product/Ui/UiModel/UiNewDrawMain/UiNewDrawMainRolePredestined.prefab				0
2406	1	1021006	Assets/Product/Ui/Scene3DPrefab/UiMain3dQishi.prefab	Assets/Product/Ui/UiModel/UiNewDrawMain/UiNewDrawMainRolePredestined.prefab				0
2407	1	1131004	Assets/Product/Ui/Scene3DPrefab/UiMain3dQishi.prefab	Assets/Product/Ui/UiModel/UiNewDrawMain/UiNewDrawMainRolePredestined.prefab				0
2408	1	1071004	Assets/Product/Ui/Scene3DPrefab/UiMain3dQishi.prefab	Assets/Product/Ui/UiModel/UiNewDrawMain/UiNewDrawMainRolePredestined.prefab				0
2409	1	1321003	Assets/Product/Ui/Scene3DPrefab/UiMain3dQishi.prefab	Assets/Product/Ui/UiModel/UiNewDrawMain/UiNewDrawMainRolePredestined.prefab				0
2410	1	1171004	Assets/Product/Ui/Scene3DPrefab/UiMain3dQishi.prefab	Assets/Product/Ui/UiModel/UiNewDrawMain/UiNewDrawMainRolePredestined.prefab				0
2411	1	1021005	Assets/Product/Ui/Scene3DPrefab/UiMain3dQishi.prefab	Assets/Product/Ui/UiModel/UiNewDrawMain/UiNewDrawMainRolePredestined.prefab				0
2412	1	1051005	Assets/Product/Ui/Scene3DPrefab/UiMain3dQishi.prefab	Assets/Product/Ui/UiModel/UiNewDrawMain/UiNewDrawMainRolePredestined.prefab				0
2413	1	1211003	Assets/Product/Ui/Scene3DPrefab/UiMain3dQishi.prefab	Assets/Product/Ui/UiModel/UiNewDrawMain/UiNewDrawMainRolePredestined.prefab				0
2414	1	1081004	Assets/Product/Ui/Scene3DPrefab/UiMain3dQishi.prefab	Assets/Product/Ui/UiModel/UiNewDrawMain/UiNewDrawMainRolePredestined.prefab				0
2415	1	1041005	Assets/Product/Ui/Scene3DPrefab/UiMain3dQishi.prefab	Assets/Product/Ui/UiModel/UiNewDrawMain/UiNewDrawMainRolePredestined.prefab				0
2416	1	1521004	Assets/Product/Ui/Scene3DPrefab/UiMain3dQishi.prefab	Assets/Product/Ui/UiModel/UiNewDrawMain/UiNewDrawMainRolePredestined.prefab				0
2417	1	1241003	Assets/Product/Ui/Scene3DPrefab/UiMain3dQishi.prefab	Assets/Product/Ui/UiModel/UiNewDrawMain/UiNewDrawMainRolePredestined.prefab				0
2418	1	1331003	Assets/Product/Ui/Scene3DPrefab/UiMain3dQishi.prefab	Assets/Product/Ui/UiModel/UiNewDrawMain/UiNewDrawMainRolePredestined.prefab				0
2419	1	1531005	Assets/Product/Ui/Scene3DPrefab/UiMain3dQishi.prefab	Assets/Product/Ui/UiModel/UiNewDrawMain/UiNewDrawMainRolePredestined.prefab				0
2420	1	1171004	Assets/Product/Ui/Scene3DPrefab/UiMain3dQishi.prefab	Assets/Product/Ui/UiModel/UiNewDrawMain/UiNewDrawMainRolePredestined.prefab				0
2421	1	1221003	Assets/Product/Ui/Scene3DPrefab/UiMain3dQishi.prefab	Assets/Product/Ui/UiModel/UiNewDrawMain/UiNewDrawMainRolePredestined.prefab				0
2422	1	1381003	Assets/Product/Ui/Scene3DPrefab/UiMain3dQishi.prefab	Assets/Product/Ui/UiModel/UiNewDrawMain/UiNewDrawMainRolePredestined.prefab				0
2423	1	1321003	Assets/Product/Ui/Scene3DPrefab/UiMain3dQishi.prefab	Assets/Product/Ui/UiModel/UiNewDrawMain/UiNewDrawMainRolePredestined.prefab				0
2424	1	1021006	Assets/Product/Ui/Scene3DPrefab/UiMain3dQishi.prefab	Assets/Product/Ui/UiModel/UiNewDrawMain/UiNewDrawMainRolePredestined.prefab				0
2425	1	1211003	Assets/Product/Ui/Scene3DPrefab/UiMain3dQishi.prefab	Assets/Product/Ui/UiModel/UiNewDrawMain/UiNewDrawMainRolePredestined.prefab				0
2426	1	1131004	Assets/Product/Ui/Scene3DPrefab/UiMain3dQishi.prefab	Assets/Product/Ui/UiModel/UiNewDrawMain/UiNewDrawMainRolePredestined.prefab				0
2427	1	1071004	Assets/Product/Ui/Scene3DPrefab/UiMain3dQishi.prefab	Assets/Product/Ui/UiModel/UiNewDrawMain/UiNewDrawMainRolePredestined.prefab				0
2428	1	1331003	Assets/Product/Ui/Scene3DPrefab/UiMain3dQishi.prefab	Assets/Product/Ui/UiModel/UiNewDrawMain/UiNewDrawMainRolePredestined.prefab				0
2429	1	1211003	Assets/Product/Ui/Scene3DPrefab/UiMain3dQishi.prefab	Assets/Product/Ui/UiModel/UiNewDrawMain/UiNewDrawMainRolePredestined.prefab				0
2430	1	1081004	Assets/Product/Ui/Scene3DPrefab/UiMain3dQishi.prefab	Assets/Product/Ui/UiModel/UiNewDrawMain/UiNewDrawMainRolePredestined.prefab				0
2431	1	1241003	Assets/Product/Ui/Scene3DPrefab/UiMain3dQishi.prefab	Assets/Product/Ui/UiModel/UiNewDrawMain/UiNewDrawMainRolePredestined.prefab				0
2432	1	1031005	Assets/Product/Ui/Scene3DPrefab/UiMain3dQishi.prefab	Assets/Product/Ui/UiModel/UiNewDrawMain/UiNewDrawMainRolePredestined.prefab				0
2433	1	1321003	Assets/Product/Ui/Scene3DPrefab/UiMain3dQishi.prefab	Assets/Product/Ui/UiModel/UiNewDrawMain/UiNewDrawMainRolePredestined.prefab				0
2434	1	1051005	Assets/Product/Ui/Scene3DPrefab/UiMain3dQishi.prefab	Assets/Product/Ui/UiModel/UiNewDrawMain/UiNewDrawMainRolePredestined.prefab				0
2435	1	1221003	Assets/Product/Ui/Scene3DPrefab/UiMain3dQishi.prefab	Assets/Product/Ui/UiModel/UiNewDrawMain/UiNewDrawMainRolePredestined.prefab				0
2436	1	1021006	Assets/Product/Ui/Scene3DPrefab/UiMain3dQishi.prefab	Assets/Product/Ui/UiModel/UiNewDrawMain/UiNewDrawMainRolePredestined.prefab				0
2437	1	1091003	Assets/Product/Ui/Scene3DPrefab/UiMain3dQishi.prefab	Assets/Product/Ui/UiModel/UiNewDrawMain/UiNewDrawMainRolePredestined.prefab				0
2438	1	1521004	Assets/Product/Ui/Scene3DPrefab/UiMain3dQishi.prefab	Assets/Product/Ui/UiModel/UiNewDrawMain/UiNewDrawMainRolePredestined.prefab				0
2439	1	1531005	Assets/Product/Ui/Scene3DPrefab/UiMain3dQishi.prefab	Assets/Product/Ui/UiModel/UiNewDrawMain/UiNewDrawMainRolePredestined.prefab				0
2440	1	1241003	Assets/Product/Ui/Scene3DPrefab/UiMain3dQishi.prefab	Assets/Product/Ui/UiModel/UiNewDrawMain/UiNewDrawMainRolePredestined.prefab				0
2441	1	1331003	Assets/Product/Ui/Scene3DPrefab/UiMain3dQishi.prefab	Assets/Product/Ui/UiModel/UiNewDrawMain/UiNewDrawMainRolePredestined.prefab				0
2442	1	1291003	Assets/Product/Ui/Scene3DPrefab/UiMain3dQishi.prefab	Assets/Product/Ui/UiModel/UiNewDrawMain/UiNewDrawMainRolePredestined.prefab				0
2443	1	1041005	Assets/Product/Ui/Scene3DPrefab/UiMain3dQishi.prefab	Assets/Product/Ui/UiModel/UiNewDrawMain/UiNewDrawMainRolePredestined.prefab				0
2444	1	1051005	Assets/Product/Ui/Scene3DPrefab/UiMain3dQishi.prefab	Assets/Product/Ui/UiModel/UiNewDrawMain/UiNewDrawMainRolePredestined.prefab				0
2445	1	1211003	Assets/Product/Ui/Scene3DPrefab/UiMain3dQishi.prefab	Assets/Product/Ui/UiModel/UiNewDrawMain/UiNewDrawMainRolePredestined.prefab				0
2446	1	1381003	Assets/Product/Ui/Scene3DPrefab/UiMain3dQishi.prefab	Assets/Product/Ui/UiModel/UiNewDrawMain/UiNewDrawMainRolePredestined.prefab				0
2447	1	1131004	Assets/Product/Ui/Scene3DPrefab/UiMain3dQishi.prefab	Assets/Product/Ui/UiModel/UiNewDrawMain/UiNewDrawMainRolePredestined.prefab				0
2448	1	1081004	Assets/Product/Ui/Scene3DPrefab/UiMain3dQishi.prefab	Assets/Product/Ui/UiModel/UiNewDrawMain/UiNewDrawMainRolePredestined.prefab				0
2449	1	1521004	Assets/Product/Ui/Scene3DPrefab/UiMain3dQishi.prefab	Assets/Product/Ui/UiModel/UiNewDrawMain/UiNewDrawMainRolePredestined.prefab				0
2450	1	1221003	Assets/Product/Ui/Scene3DPrefab/UiMain3dQishi.prefab	Assets/Product/Ui/UiModel/UiNewDrawMain/UiNewDrawMainRolePredestined.prefab				0
2451	1	1331003	Assets/Product/Ui/Scene3DPrefab/UiMain3dQishi.prefab	Assets/Product/Ui/UiModel/UiNewDrawMain/UiNewDrawMainRolePredestined.prefab				0
2452	1	1141004	Assets/Product/Ui/Scene3DPrefab/UiMain3dQishi.prefab	Assets/Product/Ui/UiModel/UiNewDrawMain/UiNewDrawMainRolePredestined.prefab				0
2453	1	1021006	Assets/Product/Ui/Scene3DPrefab/UiMain3dQishi.prefab	Assets/Product/Ui/UiModel/UiNewDrawMain/UiNewDrawMainRolePredestined.prefab				0
2454	1	1051005	Assets/Product/Ui/Scene3DPrefab/UiMain3dQishi.prefab	Assets/Product/Ui/UiModel/UiNewDrawMain/UiNewDrawMainRolePredestined.prefab				0
2455	1	1171004	Assets/Product/Ui/Scene3DPrefab/UiMain3dQishi.prefab	Assets/Product/Ui/UiModel/UiNewDrawMain/UiNewDrawMainRolePredestined.prefab				0
2456	1	1381003	Assets/Product/Ui/Scene3DPrefab/UiMain3dQishi.prefab	Assets/Product/Ui/UiModel/UiNewDrawMain/UiNewDrawMainRolePredestined.prefab				0
2457	1	1241003	Assets/Product/Ui/Scene3DPrefab/UiMain3dQishi.prefab	Assets/Product/Ui/UiModel/UiNewDrawMain/UiNewDrawMainRolePredestined.prefab				0
2458	1	1041005	Assets/Product/Ui/Scene3DPrefab/UiMain3dQishi.prefab	Assets/Product/Ui/UiModel/UiNewDrawMain/UiNewDrawMainRolePredestined.prefab				0
2459	1	1211003	Assets/Product/Ui/Scene3DPrefab/UiMain3dQishi.prefab	Assets/Product/Ui/UiModel/UiNewDrawMain/UiNewDrawMainRolePredestined.prefab				0
2460	1	1131004	Assets/Product/Ui/Scene3DPrefab/UiMain3dQishi.prefab	Assets/Product/Ui/UiModel/UiNewDrawMain/UiNewDrawMainRolePredestined.prefab				0
2461	1	1331003	Assets/Product/Ui/Scene3DPrefab/UiMain3dQishi.prefab	Assets/Product/Ui/UiModel/UiNewDrawMain/UiNewDrawMainRolePredestined.prefab				0
2462	1	1391003	Assets/Product/Ui/Scene3DPrefab/UiMain3dQishi.prefab	Assets/Product/Ui/UiModel/UiNewDrawMain/UiNewDrawMainRolePredestined.prefab				0
2463	1	1321003	Assets/Product/Ui/Scene3DPrefab/UiMain3dQishi.prefab	Assets/Product/Ui/UiModel/UiNewDrawMain/UiNewDrawMainRolePredestined.prefab				0
2464	1	1171004	Assets/Product/Ui/Scene3DPrefab/UiMain3dQishi.prefab	Assets/Product/Ui/UiModel/UiNewDrawMain/UiNewDrawMainRolePredestined.prefab				0
2465	1	1081004	Assets/Product/Ui/Scene3DPrefab/UiMain3dQishi.prefab	Assets/Product/Ui/UiModel/UiNewDrawMain/UiNewDrawMainRolePredestined.prefab				0
2466	1	1291003	Assets/Product/Ui/Scene3DPrefab/UiMain3dQishi.prefab	Assets/Product/Ui/UiModel/UiNewDrawMain/UiNewDrawMainRolePredestined.prefab				0
2467	1	1041005	Assets/Product/Ui/Scene3DPrefab/UiMain3dQishi.prefab	Assets/Product/Ui/UiModel/UiNewDrawMain/UiNewDrawMainRolePredestined.prefab				0
2468	1	1211003	Assets/Product/Ui/Scene3DPrefab/UiMain3dQishi.prefab	Assets/Product/Ui/UiModel/UiNewDrawMain/UiNewDrawMainRolePredestined.prefab				0
2469	1	1221003	Assets/Product/Ui/Scene3DPrefab/UiMain3dQishi.prefab	Assets/Product/Ui/UiModel/UiNewDrawMain/UiNewDrawMainRolePredestined.prefab				0
2470	1	1331003	Assets/Product/Ui/Scene3DPrefab/UiMain3dQishi.prefab	Assets/Product/Ui/UiModel/UiNewDrawMain/UiNewDrawMainRolePredestined.prefab				0
2471	1	1021006	Assets/Product/Ui/Scene3DPrefab/UiMain3dQishi.prefab	Assets/Product/Ui/UiModel/UiNewDrawMain/UiNewDrawMainRolePredestined.prefab				0
2472	1	1061004	Assets/Product/Ui/Scene3DPrefab/UiMain3dQishi.prefab	Assets/Product/Ui/UiModel/UiNewDrawMain/UiNewDrawMainRolePredestined.prefab				0
2473	1	1141004	Assets/Product/Ui/Scene3DPrefab/UiMain3dQishi.prefab	Assets/Product/Ui/UiModel/UiNewDrawMain/UiNewDrawMainRolePredestined.prefab				0
2474	1	1241003	Assets/Product/Ui/Scene3DPrefab/UiMain3dQishi.prefab	Assets/Product/Ui/UiModel/UiNewDrawMain/UiNewDrawMainRolePredestined.prefab				0
2475	1	1531005	Assets/Product/Ui/Scene3DPrefab/UiMain3dQishi.prefab	Assets/Product/Ui/UiModel/UiNewDrawMain/UiNewDrawMainRolePredestined.prefab				0
2476	1	1131004	Assets/Product/Ui/Scene3DPrefab/UiMain3dQishi.prefab	Assets/Product/Ui/UiModel/UiNewDrawMain/UiNewDrawMainRolePredestined.prefab				0
2477	1	1381003	Assets/Product/Ui/Scene3DPrefab/UiMain3dQishi.prefab	Assets/Product/Ui/UiModel/UiNewDrawMain/UiNewDrawMainRolePredestined.prefab				0
2478	1	1291003	Assets/Product/Ui/Scene3DPrefab/UiMain3dQishi.prefab	Assets/Product/Ui/UiModel/UiNewDrawMain/UiNewDrawMainRolePredestined.prefab				0
2479	1	1041005	Assets/Product/Ui/Scene3DPrefab/UiMain3dQishi.prefab	Assets/Product/Ui/UiModel/UiNewDrawMain/UiNewDrawMainRolePredestined.prefab				0
2480	1	1331003	Assets/Product/Ui/Scene3DPrefab/UiMain3dQishi.prefab	Assets/Product/Ui/UiModel/UiNewDrawMain/UiNewDrawMainRolePredestined.prefab				0
2481	1	1521004	Assets/Product/Ui/Scene3DPrefab/UiMain3dQishi.prefab	Assets/Product/Ui/UiModel/UiNewDrawMain/UiNewDrawMainRolePredestined.prefab				0
2482	1	1021007	Assets/Product/Ui/Scene3DPrefab/UiMain3dQishi.prefab	Assets/Product/Ui/UiModel/UiNewDrawMain/UiNewDrawMainRolePredestined.prefab				2
2483	1	1391003	Assets/Product/Ui/Scene3DPrefab/UiMain3dQishi.prefab	Assets/Product/Ui/UiModel/UiNewDrawMain/UiNewDrawMainRolePredestined.prefab				0
2484	1	1211003	Assets/Product/Ui/Scene3DPrefab/UiMain3dQishi.prefab	Assets/Product/Ui/UiModel/UiNewDrawMain/UiNewDrawMainRolePredestined.prefab				0
2485	1	1051005	Assets/Product/Ui/Scene3DPrefab/UiMain3dQishi.prefab	Assets/Product/Ui/UiModel/UiNewDrawMain/UiNewDrawMainRolePredestined.prefab				0
2486	1	1291003	Assets/Product/Ui/Scene3DPrefab/UiMain3dQishi.prefab	Assets/Product/Ui/UiModel/UiNewDrawMain/UiNewDrawMainRolePredestined.prefab				0
2487	1	1381003	Assets/Product/Ui/Scene3DPrefab/UiMain3dQishi.prefab	Assets/Product/Ui/UiModel/UiNewDrawMain/UiNewDrawMainRolePredestined.prefab				0
2488	1	1171004	Assets/Product/Ui/Scene3DPrefab/UiMain3dQishi.prefab	Assets/Product/Ui/UiModel/UiNewDrawMain/UiNewDrawMainRolePredestined.prefab				0
2489	1	1141004	Assets/Product/Ui/Scene3DPrefab/UiMain3dQishi.prefab	Assets/Product/Ui/UiModel/UiNewDrawMain/UiNewDrawMainRolePredestined.prefab				0
2490	1	1021006	Assets/Product/Ui/Scene3DPrefab/UiMain3dQishi.prefab	Assets/Product/Ui/UiModel/UiNewDrawMain/UiNewDrawMainRolePredestined.prefab				0
2491	1	1241003	Assets/Product/Ui/Scene3DPrefab/UiMain3dQishi.prefab	Assets/Product/Ui/UiModel/UiNewDrawMain/UiNewDrawMainRolePredestined.prefab				0
2492	1	1031005	Assets/Product/Ui/Scene3DPrefab/UiMain3dQishi.prefab	Assets/Product/Ui/UiModel/UiNewDrawMain/UiNewDrawMainRolePredestined.prefab				1
2493	1	1401003	Assets/Product/Ui/Scene3DPrefab/UiMain3dQishi.prefab	Assets/Product/Ui/UiModel/UiNewDrawMain/UiNewDrawMainRolePredestined.prefab				0
2494	1	1531005	Assets/Product/Ui/Scene3DPrefab/UiMain3dQishi.prefab	Assets/Product/Ui/UiModel/UiNewDrawMain/UiNewDrawMainRolePredestined.prefab				0
2495	1	1321003	Assets/Product/Ui/Scene3DPrefab/UiMain3dQishi.prefab	Assets/Product/Ui/UiModel/UiNewDrawMain/UiNewDrawMainRolePredestined.prefab				0
2496	1	1331003	Assets/Product/Ui/Scene3DPrefab/UiMain3dQishi.prefab	Assets/Product/Ui/UiModel/UiNewDrawMain/UiNewDrawMainRolePredestined.prefab				0
2497	1	1061004	Assets/Product/Ui/Scene3DPrefab/UiMain3dQishi.prefab	Assets/Product/Ui/UiModel/UiNewDrawMain/UiNewDrawMainRolePredestined.prefab				0
2498	1	1051005	Assets/Product/Ui/Scene3DPrefab/UiMain3dQishi.prefab	Assets/Product/Ui/UiModel/UiNewDrawMain/UiNewDrawMainRolePredestined.prefab				0
2499	1	1211003	Assets/Product/Ui/Scene3DPrefab/UiMain3dQishi.prefab	Assets/Product/Ui/UiModel/UiNewDrawMain/UiNewDrawMainRolePredestined.prefab				0
2500	1	1021006	Assets/Product/Ui/Scene3DPrefab/UiMain3dQishi.prefab	Assets/Product/Ui/UiModel/UiNewDrawMain/UiNewDrawMainRolePredestined.prefab				0
2501	1	1241003	Assets/Product/Ui/Scene3DPrefab/UiMain3dQishi.prefab	Assets/Product/Ui/UiModel/UiNewDrawMain/UiNewDrawMainRolePredestined.prefab				0
2502	1	1171004	Assets/Product/Ui/Scene3DPrefab/UiMain3dQishi.prefab	Assets/Product/Ui/UiModel/UiNewDrawMain/UiNewDrawMainRolePredestined.prefab				0
2503	1	1071005	Assets/Product/Ui/Scene3DPrefab/UiMain3dQishi_01.prefab	Assets/Product/Ui/UiModel/UiNewDrawMain/UiNewDrawMainRoleDescending.prefab				0
2504	1	1041005	Assets/Product/Ui/Scene3DPrefab/UiMain3dQishi_01.prefab	Assets/Product/Ui/UiModel/UiNewDrawMain/UiNewDrawMainRoleDescending.prefab				0
2505	1	1141004	Assets/Product/Ui/Scene3DPrefab/UiMain3dQishi_01.prefab	Assets/Product/Ui/UiModel/UiNewDrawMain/UiNewDrawMainRoleDescending.prefab				0
2506	1	1291003	Assets/Product/Ui/Scene3DPrefab/UiMain3dQishi_01.prefab	Assets/Product/Ui/UiModel/UiNewDrawMain/UiNewDrawMainRoleDescending.prefab				0
2507	1	1531005	Assets/Product/Ui/Scene3DPrefab/UiMain3dQishi_01.prefab	Assets/Product/Ui/UiModel/UiNewDrawMain/UiNewDrawMainRoleDescending.prefab				0
2508	1	1211003	Assets/Product/Ui/Scene3DPrefab/UiMain3dQishi_01.prefab	Assets/Product/Ui/UiModel/UiNewDrawMain/UiNewDrawMainRoleDescending.prefab				0
2509	1	1331003	Assets/Product/Ui/Scene3DPrefab/UiMain3dQishi_01.prefab	Assets/Product/Ui/UiModel/UiNewDrawMain/UiNewDrawMainRoleDescending.prefab				0
2510	1	1421003	Assets/Product/Ui/Scene3DPrefab/UiMain3dQishi.prefab	Assets/Product/Ui/UiModel/UiNewDrawMain/UiNewDrawMainRolePredestined.prefab				0
2511	1	1171004	Assets/Product/Ui/Scene3DPrefab/UiMain3dQishi.prefab	Assets/Product/Ui/UiModel/UiNewDrawMain/UiNewDrawMainRolePredestined.prefab				0
2512	1	1061004	Assets/Product/Ui/Scene3DPrefab/UiMain3dQishi.prefab	Assets/Product/Ui/UiModel/UiNewDrawMain/UiNewDrawMainRolePredestined.prefab				0
2513	1	1391003	Assets/Product/Ui/Scene3DPrefab/UiMain3dQishi.prefab	Assets/Product/Ui/UiModel/UiNewDrawMain/UiNewDrawMainRolePredestined.prefab				0
2514	1	1021006	Assets/Product/Ui/Scene3DPrefab/UiMain3dQishi.prefab	Assets/Product/Ui/UiModel/UiNewDrawMain/UiNewDrawMainRolePredestined.prefab				0
2515	1	1141004	Assets/Product/Ui/Scene3DPrefab/UiMain3dQishi.prefab	Assets/Product/Ui/UiModel/UiNewDrawMain/UiNewDrawMainRolePredestined.prefab				0
2516	1	1381003	Assets/Product/Ui/Scene3DPrefab/UiMain3dQishi.prefab	Assets/Product/Ui/UiModel/UiNewDrawMain/UiNewDrawMainRolePredestined.prefab				0
2517	1	1041005	Assets/Product/Ui/Scene3DPrefab/UiMain3dQishi.prefab	Assets/Product/Ui/UiModel/UiNewDrawMain/UiNewDrawMainRolePredestined.prefab				0
2518	1	1051005	Assets/Product/Ui/Scene3DPrefab/UiMain3dQishi.prefab	Assets/Product/Ui/UiModel/UiNewDrawMain/UiNewDrawMainRolePredestined.prefab				0
2519	1	1401003	Assets/Product/Ui/Scene3DPrefab/UiMain3dQishi.prefab	Assets/Product/Ui/UiModel/UiNewDrawMain/UiNewDrawMainRolePredestined.prefab				0
8012	1	1051004	Assets/Product/Ui/Scene3DPrefab/UiMain3dQishi_01.prefab	Assets/Product/Ui/UiModel/UiNewDrawMain/UiNewDrawMainRoleDescending.prefab				0
8013	1	1531004	Assets/Product/Ui/Scene3DPrefab/UiMain3dQishi_01.prefab	Assets/Product/Ui/UiModel/UiNewDrawMain/UiNewDrawMainRoleDescending.prefab				0
8014	1	1031004	Assets/Product/Ui/Scene3DPrefab/UiMain3dQishi_01.prefab	Assets/Product/Ui/UiModel/UiNewDrawMain/UiNewDrawMainRoleDescending.prefab				0
8015	1	1131003	Assets/Product/Ui/Scene3DPrefab/UiMain3dQishi_01.prefab	Assets/Product/Ui/UiModel/UiNewDrawMain/UiNewDrawMainRoleDescending.prefab				0
8016	1	1121003	Assets/Product/Ui/Scene3DPrefab/UiMain3dQishi_01.prefab	Assets/Product/Ui/UiModel/UiNewDrawMain/UiNewDrawMainRoleDescending.prefab				0
8017	1	1171003	Assets/Product/Ui/Scene3DPrefab/UiMain3dQishi_01.prefab	Assets/Product/Ui/UiModel/UiNewDrawMain/UiNewDrawMainRoleDescending.prefab				0
8018	1	1141003	Assets/Product/Ui/Scene3DPrefab/UiMain3dQishi_01.prefab	Assets/Product/Ui/UiModel/UiNewDrawMain/UiNewDrawMainRoleDescending.prefab				0
8019	1	1021004	Assets/Product/Ui/Scene3DPrefab/UiMain3dQishi_01.prefab	Assets/Product/Ui/UiModel/UiNewDrawMain/UiNewDrawMainRoleDescending.prefab				0
8020	1	1041003	Assets/Product/Ui/Scene3DPrefab/UiMain3dQishi_01.prefab	Assets/Product/Ui/UiModel/UiNewDrawMain/UiNewDrawMainRoleDescending.prefab				0
8021	1	1021003	Assets/Product/Ui/Scene3DPrefab/UiMain3dQishi_01.prefab	Assets/Product/Ui/UiModel/UiNewDrawMain/UiNewDrawMainRoleDescending.prefab				0
8022	1	1051003	Assets/Product/Ui/Scene3DPrefab/UiMain3dQishi_01.prefab	Assets/Product/Ui/UiModel/UiNewDrawMain/UiNewDrawMainRoleDescending.prefab				0
8023	1	1071003	Assets/Product/Ui/Scene3DPrefab/UiMain3dQishi_01.prefab	Assets/Product/Ui/UiModel/UiNewDrawMain/UiNewDrawMainRoleDescending.prefab				0
8024	1	1011003	Assets/Product/Ui/Scene3DPrefab/UiMain3dQishi_01.prefab	Assets/Product/Ui/UiModel/UiNewDrawMain/UiNewDrawMainRoleDescending.prefab				0
8025	1	1061003	Assets/Product/Ui/Scene3DPrefab/UiMain3dQishi_01.prefab	Assets/Product/Ui/UiModel/UiNewDrawMain/UiNewDrawMainRoleDescending.prefab				0
8026	1	1031003	Assets/Product/Ui/Scene3DPrefab/UiMain3dQishi_01.prefab	Assets/Product/Ui/UiModel/UiNewDrawMain/UiNewDrawMainRoleDescending.prefab				0
8027	1	1021005	Assets/Product/Ui/Scene3DPrefab/UiMain3dQishi_01.prefab	Assets/Product/Ui/UiModel/UiNewDrawMain/UiNewDrawMainRoleDescending.prefab				0
8028	1	1091003	Assets/Product/Ui/Scene3DPrefab/UiMain3dQishi_01.prefab	Assets/Product/Ui/UiModel/UiNewDrawMain/UiNewDrawMainRoleDescending.prefab				0
8029	1	1011004	Assets/Product/Ui/Scene3DPrefab/UiMain3dQishi_01.prefab	Assets/Product/Ui/UiModel/UiNewDrawMain/UiNewDrawMainRoleDescending.prefab				0
8030	1	1041004	Assets/Product/Ui/Scene3DPrefab/UiMain3dQishi_01.prefab	Assets/Product/Ui/UiModel/UiNewDrawMain/UiNewDrawMainRoleDescending.prefab				0
8031	1	1071004	Assets/Product/Ui/Scene3DPrefab/UiMain3dQishi_01.prefab	Assets/Product/Ui/UiModel/UiNewDrawMain/UiNewDrawMainRoleDescending.prefab				0
8032	1	1051004	Assets/Product/Ui/Scene3DPrefab/UiMain3dQishi_01.prefab	Assets/Product/Ui/UiModel/UiNewDrawMain/UiNewDrawMainRoleDescending.prefab				0
8033	1	1531004	Assets/Product/Ui/Scene3DPrefab/UiMain3dQishi_01.prefab	Assets/Product/Ui/UiModel/UiNewDrawMain/UiNewDrawMainRoleDescending.prefab				0
8034	1	1031004	Assets/Product/Ui/Scene3DPrefab/UiMain3dQishi_01.prefab	Assets/Product/Ui/UiModel/UiNewDrawMain/UiNewDrawMainRoleDescending.prefab				0
8035	1	1131003	Assets/Product/Ui/Scene3DPrefab/UiMain3dQishi_01.prefab	Assets/Product/Ui/UiModel/UiNewDrawMain/UiNewDrawMainRoleDescending.prefab				0
8036	1	1121003	Assets/Product/Ui/Scene3DPrefab/UiMain3dQishi_01.prefab	Assets/Product/Ui/UiModel/UiNewDrawMain/UiNewDrawMainRoleDescending.prefab				0
8037	1	1171003	Assets/Product/Ui/Scene3DPrefab/UiMain3dQishi_01.prefab	Assets/Product/Ui/UiModel/UiNewDrawMain/UiNewDrawMainRoleDescending.prefab				0
8038	1	1141003	Assets/Product/Ui/Scene3DPrefab/UiMain3dQishi_01.prefab	Assets/Product/Ui/UiModel/UiNewDrawMain/UiNewDrawMainRoleDescending.prefab				0
8039	1	1021004	Assets/Product/Ui/Scene3DPrefab/UiMain3dQishi_01.prefab	Assets/Product/Ui/UiModel/UiNewDrawMain/UiNewDrawMainRoleDescending.prefab				0
8040	1	1041003	Assets/Product/Ui/Scene3DPrefab/UiMain3dQishi_01.prefab	Assets/Product/Ui/UiModel/UiNewDrawMain/UiNewDrawMainRoleDescending.prefab				0
8041	1	1021003	Assets/Product/Ui/Scene3DPrefab/UiMain3dQishi_01.prefab	Assets/Product/Ui/UiModel/UiNewDrawMain/UiNewDrawMainRoleDescending.prefab				0
8042	1	1011003	Assets/Product/Ui/Scene3DPrefab/UiMain3dQishi_01.prefab	Assets/Product/Ui/UiModel/UiNewDrawMain/UiNewDrawMainRoleDescending.prefab				0
8043	1	1061003	Assets/Product/Ui/Scene3DPrefab/UiMain3dQishi_01.prefab	Assets/Product/Ui/UiModel/UiNewDrawMain/UiNewDrawMainRoleDescending.prefab				0
8044	1	1031003	Assets/Product/Ui/Scene3DPrefab/UiMain3dQishi_01.prefab	Assets/Product/Ui/UiModel/UiNewDrawMain/UiNewDrawMainRoleDescending.prefab				0
8045	1	1051003	Assets/Product/Ui/Scene3DPrefab/UiMain3dQishi_01.prefab	Assets/Product/Ui/UiModel/UiNewDrawMain/UiNewDrawMainRoleDescending.prefab				0
8046	1	1071003	Assets/Product/Ui/Scene3DPrefab/UiMain3dQishi_01.prefab	Assets/Product/Ui/UiModel/UiNewDrawMain/UiNewDrawMainRoleDescending.prefab				0
8047	1	1171004	Assets/Product/Ui/Scene3DPrefab/UiMain3dQishi_01.prefab	Assets/Product/Ui/UiModel/UiNewDrawMain/UiNewDrawMainRoleDescending.prefab				0
8048	1	1521004	Assets/Product/Ui/Scene3DPrefab/UiMain3dQishi_01.prefab	Assets/Product/Ui/UiModel/UiNewDrawMain/UiNewDrawMainRoleDescending.prefab				0
8049	1	1081004	Assets/Product/Ui/Scene3DPrefab/UiMain3dQishi_01.prefab	Assets/Product/Ui/UiModel/UiNewDrawMain/UiNewDrawMainRoleDescending.prefab				0
8050	1	1271003	Assets/Product/Ui/Scene3DPrefab/UiMain3dQishi_01.prefab	Assets/Product/Ui/UiModel/UiNewDrawMain/UiNewDrawMainRoleDescending.prefab				0
8051	1	1261003	Assets/Product/Ui/Scene3DPrefab/UiMain3dQishi_01.prefab	Assets/Product/Ui/UiModel/UiNewDrawMain/UiNewDrawMainRoleDescending.prefab				0
8052	1	1221003	Assets/Product/Ui/Scene3DPrefab/UiMain3dQishi_01.prefab	Assets/Product/Ui/UiModel/UiNewDrawMain/UiNewDrawMainRoleDescending.prefab				0
8053	1	1021005	Assets/Product/Ui/Scene3DPrefab/UiMain3dQishi_01.prefab	Assets/Product/Ui/UiModel/UiNewDrawMain/UiNewDrawMainRoleDescending.prefab				0
8054	1	1091003	Assets/Product/Ui/Scene3DPrefab/UiMain3dQishi_01.prefab	Assets/Product/Ui/UiModel/UiNewDrawMain/UiNewDrawMainRoleDescending.prefab				0
8055	1	1011004	Assets/Product/Ui/Scene3DPrefab/UiMain3dQishi_01.prefab	Assets/Product/Ui/UiModel/UiNewDrawMain/UiNewDrawMainRoleDescending.prefab				0
8056	1	1041004	Assets/Product/Ui/Scene3DPrefab/UiMain3dQishi_01.prefab	Assets/Product/Ui/UiModel/UiNewDrawMain/UiNewDrawMainRoleDescending.prefab				0
8057	1	1071004	Assets/Product/Ui/Scene3DPrefab/UiMain3dQishi_01.prefab	Assets/Product/Ui/UiModel/UiNewDrawMain/UiNewDrawMainRoleDescending.prefab				0
8058	1	1051004	Assets/Product/Ui/Scene3DPrefab/UiMain3dQishi_01.prefab	Assets/Product/Ui/UiModel/UiNewDrawMain/UiNewDrawMainRoleDescending.prefab				0
8059	1	1531004	Assets/Product/Ui/Scene3DPrefab/UiMain3dQishi_01.prefab	Assets/Product/Ui/UiModel/UiNewDrawMain/UiNewDrawMainRoleDescending.prefab				0
8060	1	1031004	Assets/Product/Ui/Scene3DPrefab/UiMain3dQishi_01.prefab	Assets/Product/Ui/UiModel/UiNewDrawMain/UiNewDrawMainRoleDescending.prefab				0
8061	1	1131003	Assets/Product/Ui/Scene3DPrefab/UiMain3dQishi_01.prefab	Assets/Product/Ui/UiModel/UiNewDrawMain/UiNewDrawMainRoleDescending.prefab				0
8062	1	1121003	Assets/Product/Ui/Scene3DPrefab/UiMain3dQishi_01.prefab	Assets/Product/Ui/UiModel/UiNewDrawMain/UiNewDrawMainRoleDescending.prefab				0
8063	1	1171003	Assets/Product/Ui/Scene3DPrefab/UiMain3dQishi_01.prefab	Assets/Product/Ui/UiModel/UiNewDrawMain/UiNewDrawMainRoleDescending.prefab				0
8064	1	1141003	Assets/Product/Ui/Scene3DPrefab/UiMain3dQishi_01.prefab	Assets/Product/Ui/UiModel/UiNewDrawMain/UiNewDrawMainRoleDescending.prefab				0
8065	1	1021004	Assets/Product/Ui/Scene3DPrefab/UiMain3dQishi_01.prefab	Assets/Product/Ui/UiModel/UiNewDrawMain/UiNewDrawMainRoleDescending.prefab				0
8066	1	1041003	Assets/Product/Ui/Scene3DPrefab/UiMain3dQishi_01.prefab	Assets/Product/Ui/UiModel/UiNewDrawMain/UiNewDrawMainRoleDescending.prefab				0
8067	1	1021003	Assets/Product/Ui/Scene3DPrefab/UiMain3dQishi_01.prefab	Assets/Product/Ui/UiModel/UiNewDrawMain/UiNewDrawMainRoleDescending.prefab				0
8068	1	1051003	Assets/Product/Ui/Scene3DPrefab/UiMain3dQishi_01.prefab	Assets/Product/Ui/UiModel/UiNewDrawMain/UiNewDrawMainRoleDescending.prefab				0
8069	1	1071003	Assets/Product/Ui/Scene3DPrefab/UiMain3dQishi_01.prefab	Assets/Product/Ui/UiModel/UiNewDrawMain/UiNewDrawMainRoleDescending.prefab				0
8070	1	1061003	Assets/Product/Ui/Scene3DPrefab/UiMain3dQishi_01.prefab	Assets/Product/Ui/UiModel/UiNewDrawMain/UiNewDrawMainRoleDescending.prefab				0
8071	1	1031003	Assets/Product/Ui/Scene3DPrefab/UiMain3dQishi_01.prefab	Assets/Product/Ui/UiModel/UiNewDrawMain/UiNewDrawMainRoleDescending.prefab				0
8072	1	1011003	Assets/Product/Ui/Scene3DPrefab/UiMain3dQishi_01.prefab	Assets/Product/Ui/UiModel/UiNewDrawMain/UiNewDrawMainRoleDescending.prefab				0
8073	1	1531005	Assets/Product/Ui/Scene3DPrefab/UiMain3dQishi_01.prefab	Assets/Product/Ui/UiModel/UiNewDrawMain/UiNewDrawMainRoleDescending.prefab				0
8074	1	1331003	Assets/Product/Ui/Scene3DPrefab/UiMain3dQishi_01.prefab	Assets/Product/Ui/UiModel/UiNewDrawMain/UiNewDrawMainRoleDescending.prefab				0
8075	1	1321003	Assets/Product/Ui/Scene3DPrefab/UiMain3dQishi_01.prefab	Assets/Product/Ui/UiModel/UiNewDrawMain/UiNewDrawMainRoleDescending.prefab				0
8076	1	1051005	Assets/Product/Ui/Scene3DPrefab/UiMain3dQishi_01.prefab	Assets/Product/Ui/UiModel/UiNewDrawMain/UiNewDrawMainRoleDescending.prefab				0
8077	1	1021006	Assets/Product/Ui/Scene3DPrefab/UiMain3dQishi_01.prefab	Assets/Product/Ui/UiModel/UiNewDrawMain/UiNewDrawMainRoleDescending.prefab				0
8078	1	1211003	Assets/Product/Ui/Scene3DPrefab/UiMain3dQishi_01.prefab	Assets/Product/Ui/UiModel/UiNewDrawMain/UiNewDrawMainRoleDescending.prefab				0
8079	1	1241003	Assets/Product/Ui/Scene3DPrefab/UiMain3dQishi_01.prefab	Assets/Product/Ui/UiModel/UiNewDrawMain/UiNewDrawMainRoleDescending.prefab				0
8080	1	1171004	Assets/Product/Ui/Scene3DPrefab/UiMain3dQishi_01.prefab	Assets/Product/Ui/UiModel/UiNewDrawMain/UiNewDrawMainRoleDescending.prefab				0
8081	1	1521004	Assets/Product/Ui/Scene3DPrefab/UiMain3dQishi_01.prefab	Assets/Product/Ui/UiModel/UiNewDrawMain/UiNewDrawMainRoleDescending.prefab				0
8082	1	1081004	Assets/Product/Ui/Scene3DPrefab/UiMain3dQishi_01.prefab	Assets/Product/Ui/UiModel/UiNewDrawMain/UiNewDrawMainRoleDescending.prefab				0
8083	1	1271003	Assets/Product/Ui/Scene3DPrefab/UiMain3dQishi_01.prefab	Assets/Product/Ui/UiModel/UiNewDrawMain/UiNewDrawMainRoleDescending.prefab				0
8084	1	1261003	Assets/Product/Ui/Scene3DPrefab/UiMain3dQishi_01.prefab	Assets/Product/Ui/UiModel/UiNewDrawMain/UiNewDrawMainRoleDescending.prefab				0
8085	1	1221003	Assets/Product/Ui/Scene3DPrefab/UiMain3dQishi_01.prefab	Assets/Product/Ui/UiModel/UiNewDrawMain/UiNewDrawMainRoleDescending.prefab				0
8086	1	1021005	Assets/Product/Ui/Scene3DPrefab/UiMain3dQishi_01.prefab	Assets/Product/Ui/UiModel/UiNewDrawMain/UiNewDrawMainRoleDescending.prefab				0
8087	1	1091003	Assets/Product/Ui/Scene3DPrefab/UiMain3dQishi_01.prefab	Assets/Product/Ui/UiModel/UiNewDrawMain/UiNewDrawMainRoleDescending.prefab				0
8088	1	1011004	Assets/Product/Ui/Scene3DPrefab/UiMain3dQishi_01.prefab	Assets/Product/Ui/UiModel/UiNewDrawMain/UiNewDrawMainRoleDescending.prefab				0
8089	1	1041004	Assets/Product/Ui/Scene3DPrefab/UiMain3dQishi_01.prefab	Assets/Product/Ui/UiModel/UiNewDrawMain/UiNewDrawMainRoleDescending.prefab				0
8090	1	1071004	Assets/Product/Ui/Scene3DPrefab/UiMain3dQishi_01.prefab	Assets/Product/Ui/UiModel/UiNewDrawMain/UiNewDrawMainRoleDescending.prefab				0
8091	1	1051004	Assets/Product/Ui/Scene3DPrefab/UiMain3dQishi_01.prefab	Assets/Product/Ui/UiModel/UiNewDrawMain/UiNewDrawMainRoleDescending.prefab				0
8092	1	1531004	Assets/Product/Ui/Scene3DPrefab/UiMain3dQishi_01.prefab	Assets/Product/Ui/UiModel/UiNewDrawMain/UiNewDrawMainRoleDescending.prefab				0
8093	1	1031004	Assets/Product/Ui/Scene3DPrefab/UiMain3dQishi_01.prefab	Assets/Product/Ui/UiModel/UiNewDrawMain/UiNewDrawMainRoleDescending.prefab				0
8094	1	1131003	Assets/Product/Ui/Scene3DPrefab/UiMain3dQishi_01.prefab	Assets/Product/Ui/UiModel/UiNewDrawMain/UiNewDrawMainRoleDescending.prefab				0
8095	1	1121003	Assets/Product/Ui/Scene3DPrefab/UiMain3dQishi_01.prefab	Assets/Product/Ui/UiModel/UiNewDrawMain/UiNewDrawMainRoleDescending.prefab				0
8096	1	1171003	Assets/Product/Ui/Scene3DPrefab/UiMain3dQishi_01.prefab	Assets/Product/Ui/UiModel/UiNewDrawMain/UiNewDrawMainRoleDescending.prefab				0
8097	1	1141003	Assets/Product/Ui/Scene3DPrefab/UiMain3dQishi_01.prefab	Assets/Product/Ui/UiModel/UiNewDrawMain/UiNewDrawMainRoleDescending.prefab				0
8098	1	1021004	Assets/Product/Ui/Scene3DPrefab/UiMain3dQishi_01.prefab	Assets/Product/Ui/UiModel/UiNewDrawMain/UiNewDrawMainRoleDescending.prefab				0
8099	1	1041003	Assets/Product/Ui/Scene3DPrefab/UiMain3dQishi_01.prefab	Assets/Product/Ui/UiModel/UiNewDrawMain/UiNewDrawMainRoleDescending.prefab				0
8100	1	1021003	Assets/Product/Ui/Scene3DPrefab/UiMain3dQishi_01.prefab	Assets/Product/Ui/UiModel/UiNewDrawMain/UiNewDrawMainRoleDescending.prefab				0
8101	1	1051003	Assets/Product/Ui/Scene3DPrefab/UiMain3dQishi_01.prefab	Assets/Product/Ui/UiModel/UiNewDrawMain/UiNewDrawMainRoleDescending.prefab				0
8102	1	1071003	Assets/Product/Ui/Scene3DPrefab/UiMain3dQishi_01.prefab	Assets/Product/Ui/UiModel/UiNewDrawMain/UiNewDrawMainRoleDescending.prefab				0
8103	1	1061003	Assets/Product/Ui/Scene3DPrefab/UiMain3dQishi_01.prefab	Assets/Product/Ui/UiModel/UiNewDrawMain/UiNewDrawMainRoleDescending.prefab				0
8104	1	1031003	Assets/Product/Ui/Scene3DPrefab/UiMain3dQishi_01.prefab	Assets/Product/Ui/UiModel/UiNewDrawMain/UiNewDrawMainRoleDescending.prefab				0
8105	1	1011003	Assets/Product/Ui/Scene3DPrefab/UiMain3dQishi_01.prefab	Assets/Product/Ui/UiModel/UiNewDrawMain/UiNewDrawMainRoleDescending.prefab				0
8106	1	1141004	Assets/Product/Ui/Scene3DPrefab/UiMain3dQishi_01.prefab	Assets/Product/Ui/UiModel/UiNewDrawMain/UiNewDrawMainRoleDescending.prefab				0
8107	1	1291003	Assets/Product/Ui/Scene3DPrefab/UiMain3dQishi_01.prefab	Assets/Product/Ui/UiModel/UiNewDrawMain/UiNewDrawMainRoleDescending.prefab				0
8108	1	1381003	Assets/Product/Ui/Scene3DPrefab/UiMain3dQishi_01.prefab	Assets/Product/Ui/UiModel/UiNewDrawMain/UiNewDrawMainRoleDescending.prefab				0
8109	1	1041005	Assets/Product/Ui/Scene3DPrefab/UiMain3dQishi_01.prefab	Assets/Product/Ui/UiModel/UiNewDrawMain/UiNewDrawMainRoleDescending.prefab				0
8110	1	1131004	Assets/Product/Ui/Scene3DPrefab/UiMain3dQishi_01.prefab	Assets/Product/Ui/UiModel/UiNewDrawMain/UiNewDrawMainRoleDescending.prefab				0
8111	1	1531005	Assets/Product/Ui/Scene3DPrefab/UiMain3dQishi_01.prefab	Assets/Product/Ui/UiModel/UiNewDrawMain/UiNewDrawMainRoleDescending.prefab				0
8112	1	1331003	Assets/Product/Ui/Scene3DPrefab/UiMain3dQishi_01.prefab	Assets/Product/Ui/UiModel/UiNewDrawMain/UiNewDrawMainRoleDescending.prefab				0
8113	1	1321003	Assets/Product/Ui/Scene3DPrefab/UiMain3dQishi_01.prefab	Assets/Product/Ui/UiModel/UiNewDrawMain/UiNewDrawMainRoleDescending.prefab				0
8114	1	1051005	Assets/Product/Ui/Scene3DPrefab/UiMain3dQishi_01.prefab	Assets/Product/Ui/UiModel/UiNewDrawMain/UiNewDrawMainRoleDescending.prefab				0
8115	1	1021006	Assets/Product/Ui/Scene3DPrefab/UiMain3dQishi_01.prefab	Assets/Product/Ui/UiModel/UiNewDrawMain/UiNewDrawMainRoleDescending.prefab				0
8116	1	1211003	Assets/Product/Ui/Scene3DPrefab/UiMain3dQishi_01.prefab	Assets/Product/Ui/UiModel/UiNewDrawMain/UiNewDrawMainRoleDescending.prefab				0
8117	1	1241003	Assets/Product/Ui/Scene3DPrefab/UiMain3dQishi_01.prefab	Assets/Product/Ui/UiModel/UiNewDrawMain/UiNewDrawMainRoleDescending.prefab				0
8118	1	1171004	Assets/Product/Ui/Scene3DPrefab/UiMain3dQishi_01.prefab	Assets/Product/Ui/UiModel/UiNewDrawMain/UiNewDrawMainRoleDescending.prefab				0
8119	1	1521004	Assets/Product/Ui/Scene3DPrefab/UiMain3dQishi_01.prefab	Assets/Product/Ui/UiModel/UiNewDrawMain/UiNewDrawMainRoleDescending.prefab				0
8120	1	1081004	Assets/Product/Ui/Scene3DPrefab/UiMain3dQishi_01.prefab	Assets/Product/Ui/UiModel/UiNewDrawMain/UiNewDrawMainRoleDescending.prefab				0
8121	1	1271003	Assets/Product/Ui/Scene3DPrefab/UiMain3dQishi_01.prefab	Assets/Product/Ui/UiModel/UiNewDrawMain/UiNewDrawMainRoleDescending.prefab				0
8122	1	1261003	Assets/Product/Ui/Scene3DPrefab/UiMain3dQishi_01.prefab	Assets/Product/Ui/UiModel/UiNewDrawMain/UiNewDrawMainRoleDescending.prefab				0
8123	1	1221003	Assets/Product/Ui/Scene3DPrefab/UiMain3dQishi_01.prefab	Assets/Product/Ui/UiModel/UiNewDrawMain/UiNewDrawMainRoleDescending.prefab				0
8124	1	1021005	Assets/Product/Ui/Scene3DPrefab/UiMain3dQishi_01.prefab	Assets/Product/Ui/UiModel/UiNewDrawMain/UiNewDrawMainRoleDescending.prefab				0
8125	1	1091003	Assets/Product/Ui/Scene3DPrefab/UiMain3dQishi_01.prefab	Assets/Product/Ui/UiModel/UiNewDrawMain/UiNewDrawMainRoleDescending.prefab				0
8126	1	1011004	Assets/Product/Ui/Scene3DPrefab/UiMain3dQishi_01.prefab	Assets/Product/Ui/UiModel/UiNewDrawMain/UiNewDrawMainRoleDescending.prefab				0
8127	1	1041004	Assets/Product/Ui/Scene3DPrefab/UiMain3dQishi_01.prefab	Assets/Product/Ui/UiModel/UiNewDrawMain/UiNewDrawMainRoleDescending.prefab				0
8128	1	1071004	Assets/Product/Ui/Scene3DPrefab/UiMain3dQishi_01.prefab	Assets/Product/Ui/UiModel/UiNewDrawMain/UiNewDrawMainRoleDescending.prefab				0
8129	1	1051004	Assets/Product/Ui/Scene3DPrefab/UiMain3dQishi_01.prefab	Assets/Product/Ui/UiModel/UiNewDrawMain/UiNewDrawMainRoleDescending.prefab				0
8130	1	1531004	Assets/Product/Ui/Scene3DPrefab/UiMain3dQishi_01.prefab	Assets/Product/Ui/UiModel/UiNewDrawMain/UiNewDrawMainRoleDescending.prefab				0
8131	1	1031004	Assets/Product/Ui/Scene3DPrefab/UiMain3dQishi_01.prefab	Assets/Product/Ui/UiModel/UiNewDrawMain/UiNewDrawMainRoleDescending.prefab				0
8132	1	1131003	Assets/Product/Ui/Scene3DPrefab/UiMain3dQishi_01.prefab	Assets/Product/Ui/UiModel/UiNewDrawMain/UiNewDrawMainRoleDescending.prefab				0
8133	1	1121003	Assets/Product/Ui/Scene3DPrefab/UiMain3dQishi_01.prefab	Assets/Product/Ui/UiModel/UiNewDrawMain/UiNewDrawMainRoleDescending.prefab				0
8134	1	1171003	Assets/Product/Ui/Scene3DPrefab/UiMain3dQishi_01.prefab	Assets/Product/Ui/UiModel/UiNewDrawMain/UiNewDrawMainRoleDescending.prefab				0
8135	1	1141003	Assets/Product/Ui/Scene3DPrefab/UiMain3dQishi_01.prefab	Assets/Product/Ui/UiModel/UiNewDrawMain/UiNewDrawMainRoleDescending.prefab				0
8136	1	1021004	Assets/Product/Ui/Scene3DPrefab/UiMain3dQishi_01.prefab	Assets/Product/Ui/UiModel/UiNewDrawMain/UiNewDrawMainRoleDescending.prefab				0
8137	1	1041003	Assets/Product/Ui/Scene3DPrefab/UiMain3dQishi_01.prefab	Assets/Product/Ui/UiModel/UiNewDrawMain/UiNewDrawMainRoleDescending.prefab				0
8138	1	1021003	Assets/Product/Ui/Scene3DPrefab/UiMain3dQishi_01.prefab	Assets/Product/Ui/UiModel/UiNewDrawMain/UiNewDrawMainRoleDescending.prefab				0
8139	1	1051003	Assets/Product/Ui/Scene3DPrefab/UiMain3dQishi_01.prefab	Assets/Product/Ui/UiModel/UiNewDrawMain/UiNewDrawMainRoleDescending.prefab				0
8140	1	1071003	Assets/Product/Ui/Scene3DPrefab/UiMain3dQishi_01.prefab	Assets/Product/Ui/UiModel/UiNewDrawMain/UiNewDrawMainRoleDescending.prefab				0
8141	1	1061003	Assets/Product/Ui/Scene3DPrefab/UiMain3dQishi_01.prefab	Assets/Product/Ui/UiModel/UiNewDrawMain/UiNewDrawMainRoleDescending.prefab				0
8142	1	1031003	Assets/Product/Ui/Scene3DPrefab/UiMain3dQishi_01.prefab	Assets/Product/Ui/UiModel/UiNewDrawMain/UiNewDrawMainRoleDescending.prefab				0
8143	1	1011003	Assets/Product/Ui/Scene3DPrefab/UiMain3dQishi_01.prefab	Assets/Product/Ui/UiModel/UiNewDrawMain/UiNewDrawMainRoleDescending.prefab				0
8512	1	1051004	Assets/Product/Ui/Scene3DPrefab/UiMain3dQishi.prefab	Assets/Product/Ui/UiModel/UiNewDrawMain/UiNewDrawMainRolePredestined.prefab				0
8513	1	1531004	Assets/Product/Ui/Scene3DPrefab/UiMain3dQishi.prefab	Assets/Product/Ui/UiModel/UiNewDrawMain/UiNewDrawMainRolePredestined.prefab				0
8514	1	1031004	Assets/Product/Ui/Scene3DPrefab/UiMain3dQishi.prefab	Assets/Product/Ui/UiModel/UiNewDrawMain/UiNewDrawMainRolePredestined.prefab				0
8515	1	1131003	Assets/Product/Ui/Scene3DPrefab/UiMain3dQishi.prefab	Assets/Product/Ui/UiModel/UiNewDrawMain/UiNewDrawMainRolePredestined.prefab				0
8516	1	1121003	Assets/Product/Ui/Scene3DPrefab/UiMain3dQishi.prefab	Assets/Product/Ui/UiModel/UiNewDrawMain/UiNewDrawMainRolePredestined.prefab				0
8517	1	1171003	Assets/Product/Ui/Scene3DPrefab/UiMain3dQishi.prefab	Assets/Product/Ui/UiModel/UiNewDrawMain/UiNewDrawMainRolePredestined.prefab				0
8518	1	1141003	Assets/Product/Ui/Scene3DPrefab/UiMain3dQishi.prefab	Assets/Product/Ui/UiModel/UiNewDrawMain/UiNewDrawMainRolePredestined.prefab				0
8519	1	1021004	Assets/Product/Ui/Scene3DPrefab/UiMain3dQishi.prefab	Assets/Product/Ui/UiModel/UiNewDrawMain/UiNewDrawMainRolePredestined.prefab				0
8520	1	1041003	Assets/Product/Ui/Scene3DPrefab/UiMain3dQishi.prefab	Assets/Product/Ui/UiModel/UiNewDrawMain/UiNewDrawMainRolePredestined.prefab				0
8521	1	1021003	Assets/Product/Ui/Scene3DPrefab/UiMain3dQishi.prefab	Assets/Product/Ui/UiModel/UiNewDrawMain/UiNewDrawMainRolePredestined.prefab				0
8522	1	1051003	Assets/Product/Ui/Scene3DPrefab/UiMain3dQishi.prefab	Assets/Product/Ui/UiModel/UiNewDrawMain/UiNewDrawMainRolePredestined.prefab				0
8523	1	1071003	Assets/Product/Ui/Scene3DPrefab/UiMain3dQishi.prefab	Assets/Product/Ui/UiModel/UiNewDrawMain/UiNewDrawMainRolePredestined.prefab				0
8524	1	1011003	Assets/Product/Ui/Scene3DPrefab/UiMain3dQishi.prefab	Assets/Product/Ui/UiModel/UiNewDrawMain/UiNewDrawMainRolePredestined.prefab				0
8525	1	1061003	Assets/Product/Ui/Scene3DPrefab/UiMain3dQishi.prefab	Assets/Product/Ui/UiModel/UiNewDrawMain/UiNewDrawMainRolePredestined.prefab				0
8526	1	1031003	Assets/Product/Ui/Scene3DPrefab/UiMain3dQishi.prefab	Assets/Product/Ui/UiModel/UiNewDrawMain/UiNewDrawMainRolePredestined.prefab				0
8527	1	1021005	Assets/Product/Ui/Scene3DPrefab/UiMain3dQishi.prefab	Assets/Product/Ui/UiModel/UiNewDrawMain/UiNewDrawMainRolePredestined.prefab				0
8528	1	1091003	Assets/Product/Ui/Scene3DPrefab/UiMain3dQishi.prefab	Assets/Product/Ui/UiModel/UiNewDrawMain/UiNewDrawMainRolePredestined.prefab				0
8529	1	1011004	Assets/Product/Ui/Scene3DPrefab/UiMain3dQishi.prefab	Assets/Product/Ui/UiModel/UiNewDrawMain/UiNewDrawMainRolePredestined.prefab				0
8530	1	1041004	Assets/Product/Ui/Scene3DPrefab/UiMain3dQishi.prefab	Assets/Product/Ui/UiModel/UiNewDrawMain/UiNewDrawMainRolePredestined.prefab				0
8531	1	1071004	Assets/Product/Ui/Scene3DPrefab/UiMain3dQishi.prefab	Assets/Product/Ui/UiModel/UiNewDrawMain/UiNewDrawMainRolePredestined.prefab				0
8532	1	1051004	Assets/Product/Ui/Scene3DPrefab/UiMain3dQishi.prefab	Assets/Product/Ui/UiModel/UiNewDrawMain/UiNewDrawMainRolePredestined.prefab				0
8533	1	1531004	Assets/Product/Ui/Scene3DPrefab/UiMain3dQishi.prefab	Assets/Product/Ui/UiModel/UiNewDrawMain/UiNewDrawMainRolePredestined.prefab				0
8534	1	1031004	Assets/Product/Ui/Scene3DPrefab/UiMain3dQishi.prefab	Assets/Product/Ui/UiModel/UiNewDrawMain/UiNewDrawMainRolePredestined.prefab				0
8535	1	1131003	Assets/Product/Ui/Scene3DPrefab/UiMain3dQishi.prefab	Assets/Product/Ui/UiModel/UiNewDrawMain/UiNewDrawMainRolePredestined.prefab				0
8536	1	1121003	Assets/Product/Ui/Scene3DPrefab/UiMain3dQishi.prefab	Assets/Product/Ui/UiModel/UiNewDrawMain/UiNewDrawMainRolePredestined.prefab				0
8537	1	1171003	Assets/Product/Ui/Scene3DPrefab/UiMain3dQishi.prefab	Assets/Product/Ui/UiModel/UiNewDrawMain/UiNewDrawMainRolePredestined.prefab				0
8538	1	1141003	Assets/Product/Ui/Scene3DPrefab/UiMain3dQishi.prefab	Assets/Product/Ui/UiModel/UiNewDrawMain/UiNewDrawMainRolePredestined.prefab				0
8539	1	1021004	Assets/Product/Ui/Scene3DPrefab/UiMain3dQishi.prefab	Assets/Product/Ui/UiModel/UiNewDrawMain/UiNewDrawMainRolePredestined.prefab				0
8540	1	1041003	Assets/Product/Ui/Scene3DPrefab/UiMain3dQishi.prefab	Assets/Product/Ui/UiModel/UiNewDrawMain/UiNewDrawMainRolePredestined.prefab				0
8541	1	1021003	Assets/Product/Ui/Scene3DPrefab/UiMain3dQishi.prefab	Assets/Product/Ui/UiModel/UiNewDrawMain/UiNewDrawMainRolePredestined.prefab				0
8542	1	1011003	Assets/Product/Ui/Scene3DPrefab/UiMain3dQishi.prefab	Assets/Product/Ui/UiModel/UiNewDrawMain/UiNewDrawMainRolePredestined.prefab				0
8543	1	1061003	Assets/Product/Ui/Scene3DPrefab/UiMain3dQishi.prefab	Assets/Product/Ui/UiModel/UiNewDrawMain/UiNewDrawMainRolePredestined.prefab				0
8544	1	1031003	Assets/Product/Ui/Scene3DPrefab/UiMain3dQishi.prefab	Assets/Product/Ui/UiModel/UiNewDrawMain/UiNewDrawMainRolePredestined.prefab				0
8545	1	1051003	Assets/Product/Ui/Scene3DPrefab/UiMain3dQishi.prefab	Assets/Product/Ui/UiModel/UiNewDrawMain/UiNewDrawMainRolePredestined.prefab				0
8546	1	1071003	Assets/Product/Ui/Scene3DPrefab/UiMain3dQishi.prefab	Assets/Product/Ui/UiModel/UiNewDrawMain/UiNewDrawMainRolePredestined.prefab				0
5021	1	1031003	Assets/Product/Ui/Scene3DPrefab/UiMain3dQishi_01.prefab	Assets/Product/Ui/UiModel/UiNewDrawMain/UiNewDrawMainRoleDescending.prefab				0
5022	1	1061003	Assets/Product/Ui/Scene3DPrefab/UiMain3dQishi_01.prefab	Assets/Product/Ui/UiModel/UiNewDrawMain/UiNewDrawMainRoleDescending.prefab				0
5023	1	1011003	Assets/Product/Ui/Scene3DPrefab/UiMain3dQishi_01.prefab	Assets/Product/Ui/UiModel/UiNewDrawMain/UiNewDrawMainRoleDescending.prefab				0
5024	1	1071003	Assets/Product/Ui/Scene3DPrefab/UiMain3dQishi_01.prefab	Assets/Product/Ui/UiModel/UiNewDrawMain/UiNewDrawMainRoleDescending.prefab				0
5025	1	1051003	Assets/Product/Ui/Scene3DPrefab/UiMain3dQishi_01.prefab	Assets/Product/Ui/UiModel/UiNewDrawMain/UiNewDrawMainRoleDescending.prefab				0
5026	1	1021003	Assets/Product/Ui/Scene3DPrefab/UiMain3dQishi_01.prefab	Assets/Product/Ui/UiModel/UiNewDrawMain/UiNewDrawMainRoleDescending.prefab				0
5027	1	1041003	Assets/Product/Ui/Scene3DPrefab/UiMain3dQishi_01.prefab	Assets/Product/Ui/UiModel/UiNewDrawMain/UiNewDrawMainRoleDescending.prefab				0
5028	1	1021004	Assets/Product/Ui/Scene3DPrefab/UiMain3dQishi_01.prefab	Assets/Product/Ui/UiModel/UiNewDrawMain/UiNewDrawMainRoleDescending.prefab				0
5029	1	1141003	Assets/Product/Ui/Scene3DPrefab/UiMain3dQishi_01.prefab	Assets/Product/Ui/UiModel/UiNewDrawMain/UiNewDrawMainRoleDescending.prefab				0
5030	1	1171003	Assets/Product/Ui/Scene3DPrefab/UiMain3dQishi_01.prefab	Assets/Product/Ui/UiModel/UiNewDrawMain/UiNewDrawMainRoleDescending.prefab				0
5031	1	1121003	Assets/Product/Ui/Scene3DPrefab/UiMain3dQishi_01.prefab	Assets/Product/Ui/UiModel/UiNewDrawMain/UiNewDrawMainRoleDescending.prefab				0
5032	1	1131003	Assets/Product/Ui/Scene3DPrefab/UiMain3dQishi_01.prefab	Assets/Product/Ui/UiModel/UiNewDrawMain/UiNewDrawMainRoleDescending.prefab				0
5033	1	1031004	Assets/Product/Ui/Scene3DPrefab/UiMain3dQishi_01.prefab	Assets/Product/Ui/UiModel/UiNewDrawMain/UiNewDrawMainRoleDescending.prefab				0
5034	1	1531004	Assets/Product/Ui/Scene3DPrefab/UiMain3dQishi_01.prefab	Assets/Product/Ui/UiModel/UiNewDrawMain/UiNewDrawMainRoleDescending.prefab				0
5035	1	1051004	Assets/Product/Ui/Scene3DPrefab/UiMain3dQishi_01.prefab	Assets/Product/Ui/UiModel/UiNewDrawMain/UiNewDrawMainRoleDescending.prefab				0
5036	1	1071004	Assets/Product/Ui/Scene3DPrefab/UiMain3dQishi_01.prefab	Assets/Product/Ui/UiModel/UiNewDrawMain/UiNewDrawMainRoleDescending.prefab				0
5037	1	1041004	Assets/Product/Ui/Scene3DPrefab/UiMain3dQishi_01.prefab	Assets/Product/Ui/UiModel/UiNewDrawMain/UiNewDrawMainRoleDescending.prefab				0
5038	1	1031003	Assets/Product/Ui/Scene3DPrefab/UiMain3dQishi_01.prefab	Assets/Product/Ui/UiModel/UiNewDrawMain/UiNewDrawMainRoleDescending.prefab				0
5039	1	1061003	Assets/Product/Ui/Scene3DPrefab/UiMain3dQishi_01.prefab	Assets/Product/Ui/UiModel/UiNewDrawMain/UiNewDrawMainRoleDescending.prefab				0
5040	1	1011003	Assets/Product/Ui/Scene3DPrefab/UiMain3dQishi_01.prefab	Assets/Product/Ui/UiModel/UiNewDrawMain/UiNewDrawMainRoleDescending.prefab				0
5041	1	1071003	Assets/Product/Ui/Scene3DPrefab/UiMain3dQishi_01.prefab	Assets/Product/Ui/UiModel/UiNewDrawMain/UiNewDrawMainRoleDescending.prefab				0
5042	1	1051003	Assets/Product/Ui/Scene3DPrefab/UiMain3dQishi_01.prefab	Assets/Product/Ui/UiModel/UiNewDrawMain/UiNewDrawMainRoleDescending.prefab				0
5043	1	1021003	Assets/Product/Ui/Scene3DPrefab/UiMain3dQishi_01.prefab	Assets/Product/Ui/UiModel/UiNewDrawMain/UiNewDrawMainRoleDescending.prefab				0
5044	1	1041003	Assets/Product/Ui/Scene3DPrefab/UiMain3dQishi_01.prefab	Assets/Product/Ui/UiModel/UiNewDrawMain/UiNewDrawMainRoleDescending.prefab				0
5045	1	1021004	Assets/Product/Ui/Scene3DPrefab/UiMain3dQishi_01.prefab	Assets/Product/Ui/UiModel/UiNewDrawMain/UiNewDrawMainRoleDescending.prefab				0
5046	1	1141003	Assets/Product/Ui/Scene3DPrefab/UiMain3dQishi_01.prefab	Assets/Product/Ui/UiModel/UiNewDrawMain/UiNewDrawMainRoleDescending.prefab				0
5047	1	1171003	Assets/Product/Ui/Scene3DPrefab/UiMain3dQishi_01.prefab	Assets/Product/Ui/UiModel/UiNewDrawMain/UiNewDrawMainRoleDescending.prefab				0
5048	1	1121003	Assets/Product/Ui/Scene3DPrefab/UiMain3dQishi_01.prefab	Assets/Product/Ui/UiModel/UiNewDrawMain/UiNewDrawMainRoleDescending.prefab				0
5049	1	1131003	Assets/Product/Ui/Scene3DPrefab/UiMain3dQishi_01.prefab	Assets/Product/Ui/UiModel/UiNewDrawMain/UiNewDrawMainRoleDescending.prefab				0
5050	1	1031004	Assets/Product/Ui/Scene3DPrefab/UiMain3dQishi_01.prefab	Assets/Product/Ui/UiModel/UiNewDrawMain/UiNewDrawMainRoleDescending.prefab				0
5051	1	1531004	Assets/Product/Ui/Scene3DPrefab/UiMain3dQishi_01.prefab	Assets/Product/Ui/UiModel/UiNewDrawMain/UiNewDrawMainRoleDescending.prefab				0
5052	1	1051004	Assets/Product/Ui/Scene3DPrefab/UiMain3dQishi_01.prefab	Assets/Product/Ui/UiModel/UiNewDrawMain/UiNewDrawMainRoleDescending.prefab				0
5053	1	1071004	Assets/Product/Ui/Scene3DPrefab/UiMain3dQishi_01.prefab	Assets/Product/Ui/UiModel/UiNewDrawMain/UiNewDrawMainRoleDescending.prefab				0
5054	1	1041004	Assets/Product/Ui/Scene3DPrefab/UiMain3dQishi_01.prefab	Assets/Product/Ui/UiModel/UiNewDrawMain/UiNewDrawMainRoleDescending.prefab				0
5055	1	1011004	Assets/Product/Ui/Scene3DPrefab/UiMain3dQishi_01.prefab	Assets/Product/Ui/UiModel/UiNewDrawMain/UiNewDrawMainRoleDescending.prefab				0
5056	1	1091003	Assets/Product/Ui/Scene3DPrefab/UiMain3dQishi_01.prefab	Assets/Product/Ui/UiModel/UiNewDrawMain/UiNewDrawMainRoleDescending.prefab				0
5057	1	1021005	Assets/Product/Ui/Scene3DPrefab/UiMain3dQishi_01.prefab	Assets/Product/Ui/UiModel/UiNewDrawMain/UiNewDrawMainRoleDescending.prefab				0
5058	1	1221003	Assets/Product/Ui/Scene3DPrefab/UiMain3dQishi_01.prefab	Assets/Product/Ui/UiModel/UiNewDrawMain/UiNewDrawMainRoleDescending.prefab				0
5059	1	1261003	Assets/Product/Ui/Scene3DPrefab/UiMain3dQishi_01.prefab	Assets/Product/Ui/UiModel/UiNewDrawMain/UiNewDrawMainRoleDescending.prefab				0
5060	1	1271003	Assets/Product/Ui/Scene3DPrefab/UiMain3dQishi_01.prefab	Assets/Product/Ui/UiModel/UiNewDrawMain/UiNewDrawMainRoleDescending.prefab				0
5061	1	1021006	Assets/Product/Ui/Scene3DPrefab/UiMain3dQishi_01.prefab	Assets/Product/Ui/UiModel/UiNewDrawMain/UiNewDrawMainRoleDescending.prefab				0
5062	1	1211003	Assets/Product/Ui/Scene3DPrefab/UiMain3dQishi_01.prefab	Assets/Product/Ui/UiModel/UiNewDrawMain/UiNewDrawMainRoleDescending.prefab				0
5063	1	1241003	Assets/Product/Ui/Scene3DPrefab/UiMain3dQishi_01.prefab	Assets/Product/Ui/UiModel/UiNewDrawMain/UiNewDrawMainRoleDescending.prefab				0
5064	1	1171004	Assets/Product/Ui/Scene3DPrefab/UiMain3dQishi_01.prefab	Assets/Product/Ui/UiModel/UiNewDrawMain/UiNewDrawMainRoleDescending.prefab				0
5065	1	1521004	Assets/Product/Ui/Scene3DPrefab/UiMain3dQishi_01.prefab	Assets/Product/Ui/UiModel/UiNewDrawMain/UiNewDrawMainRoleDescending.prefab				0
5066	1	1081004	Assets/Product/Ui/Scene3DPrefab/UiMain3dQishi_01.prefab	Assets/Product/Ui/UiModel/UiNewDrawMain/UiNewDrawMainRoleDescending.prefab				0
5067	1	1271003	Assets/Product/Ui/Scene3DPrefab/UiMain3dQishi_01.prefab	Assets/Product/Ui/UiModel/UiNewDrawMain/UiNewDrawMainRoleDescending.prefab				0
5068	1	1261003	Assets/Product/Ui/Scene3DPrefab/UiMain3dQishi_01.prefab	Assets/Product/Ui/UiModel/UiNewDrawMain/UiNewDrawMainRoleDescending.prefab				0
5069	1	1221003	Assets/Product/Ui/Scene3DPrefab/UiMain3dQishi_01.prefab	Assets/Product/Ui/UiModel/UiNewDrawMain/UiNewDrawMainRoleDescending.prefab				0
5070	1	1021005	Assets/Product/Ui/Scene3DPrefab/UiMain3dQishi_01.prefab	Assets/Product/Ui/UiModel/UiNewDrawMain/UiNewDrawMainRoleDescending.prefab				0
5071	1	1091003	Assets/Product/Ui/Scene3DPrefab/UiMain3dQishi_01.prefab	Assets/Product/Ui/UiModel/UiNewDrawMain/UiNewDrawMainRoleDescending.prefab				0
5072	1	1011004	Assets/Product/Ui/Scene3DPrefab/UiMain3dQishi_01.prefab	Assets/Product/Ui/UiModel/UiNewDrawMain/UiNewDrawMainRoleDescending.prefab				0
5073	1	1041004	Assets/Product/Ui/Scene3DPrefab/UiMain3dQishi_01.prefab	Assets/Product/Ui/UiModel/UiNewDrawMain/UiNewDrawMainRoleDescending.prefab				0
5074	1	1071004	Assets/Product/Ui/Scene3DPrefab/UiMain3dQishi_01.prefab	Assets/Product/Ui/UiModel/UiNewDrawMain/UiNewDrawMainRoleDescending.prefab				0
5075	1	1051004	Assets/Product/Ui/Scene3DPrefab/UiMain3dQishi_01.prefab	Assets/Product/Ui/UiModel/UiNewDrawMain/UiNewDrawMainRoleDescending.prefab				0
5076	1	1531004	Assets/Product/Ui/Scene3DPrefab/UiMain3dQishi_01.prefab	Assets/Product/Ui/UiModel/UiNewDrawMain/UiNewDrawMainRoleDescending.prefab				0
5077	1	1031004	Assets/Product/Ui/Scene3DPrefab/UiMain3dQishi_01.prefab	Assets/Product/Ui/UiModel/UiNewDrawMain/UiNewDrawMainRoleDescending.prefab				0
5078	1	1131003	Assets/Product/Ui/Scene3DPrefab/UiMain3dQishi_01.prefab	Assets/Product/Ui/UiModel/UiNewDrawMain/UiNewDrawMainRoleDescending.prefab				0
5079	1	1121003	Assets/Product/Ui/Scene3DPrefab/UiMain3dQishi_01.prefab	Assets/Product/Ui/UiModel/UiNewDrawMain/UiNewDrawMainRoleDescending.prefab				0
5080	1	1171003	Assets/Product/Ui/Scene3DPrefab/UiMain3dQishi_01.prefab	Assets/Product/Ui/UiModel/UiNewDrawMain/UiNewDrawMainRoleDescending.prefab				0
5081	1	1141003	Assets/Product/Ui/Scene3DPrefab/UiMain3dQishi_01.prefab	Assets/Product/Ui/UiModel/UiNewDrawMain/UiNewDrawMainRoleDescending.prefab				0
5082	1	1021004	Assets/Product/Ui/Scene3DPrefab/UiMain3dQishi_01.prefab	Assets/Product/Ui/UiModel/UiNewDrawMain/UiNewDrawMainRoleDescending.prefab				0
5083	1	1041003	Assets/Product/Ui/Scene3DPrefab/UiMain3dQishi_01.prefab	Assets/Product/Ui/UiModel/UiNewDrawMain/UiNewDrawMainRoleDescending.prefab				0
5084	1	1021003	Assets/Product/Ui/Scene3DPrefab/UiMain3dQishi_01.prefab	Assets/Product/Ui/UiModel/UiNewDrawMain/UiNewDrawMainRoleDescending.prefab				0
5085	1	1051003	Assets/Product/Ui/Scene3DPrefab/UiMain3dQishi_01.prefab	Assets/Product/Ui/UiModel/UiNewDrawMain/UiNewDrawMainRoleDescending.prefab				0
5086	1	1071003	Assets/Product/Ui/Scene3DPrefab/UiMain3dQishi_01.prefab	Assets/Product/Ui/UiModel/UiNewDrawMain/UiNewDrawMainRoleDescending.prefab				0
5087	1	1061003	Assets/Product/Ui/Scene3DPrefab/UiMain3dQishi_01.prefab	Assets/Product/Ui/UiModel/UiNewDrawMain/UiNewDrawMainRoleDescending.prefab				0
5088	1	1031003	Assets/Product/Ui/Scene3DPrefab/UiMain3dQishi_01.prefab	Assets/Product/Ui/UiModel/UiNewDrawMain/UiNewDrawMainRoleDescending.prefab				0
5089	1	1011003	Assets/Product/Ui/Scene3DPrefab/UiMain3dQishi_01.prefab	Assets/Product/Ui/UiModel/UiNewDrawMain/UiNewDrawMainRoleDescending.prefab				0
5090	1	1041005	Assets/Product/Ui/Scene3DPrefab/UiMain3dQishi_01.prefab	Assets/Product/Ui/UiModel/UiNewDrawMain/UiNewDrawMainRoleDescending.prefab				0
5091	1	1131004	Assets/Product/Ui/Scene3DPrefab/UiMain3dQishi_01.prefab	Assets/Product/Ui/UiModel/UiNewDrawMain/UiNewDrawMainRoleDescending.prefab				0
5092	1	1531005	Assets/Product/Ui/Scene3DPrefab/UiMain3dQishi_01.prefab	Assets/Product/Ui/UiModel/UiNewDrawMain/UiNewDrawMainRoleDescending.prefab				0
5093	1	1331003	Assets/Product/Ui/Scene3DPrefab/UiMain3dQishi_01.prefab	Assets/Product/Ui/UiModel/UiNewDrawMain/UiNewDrawMainRoleDescending.prefab				0
5094	1	1321003	Assets/Product/Ui/Scene3DPrefab/UiMain3dQishi_01.prefab	Assets/Product/Ui/UiModel/UiNewDrawMain/UiNewDrawMainRoleDescending.prefab				0
5095	1	1051005	Assets/Product/Ui/Scene3DPrefab/UiMain3dQishi_01.prefab	Assets/Product/Ui/UiModel/UiNewDrawMain/UiNewDrawMainRoleDescending.prefab				0
5096	1	1021006	Assets/Product/Ui/Scene3DPrefab/UiMain3dQishi_01.prefab	Assets/Product/Ui/UiModel/UiNewDrawMain/UiNewDrawMainRoleDescending.prefab				0
5097	1	1211003	Assets/Product/Ui/Scene3DPrefab/UiMain3dQishi_01.prefab	Assets/Product/Ui/UiModel/UiNewDrawMain/UiNewDrawMainRoleDescending.prefab				0
5098	1	1241003	Assets/Product/Ui/Scene3DPrefab/UiMain3dQishi_01.prefab	Assets/Product/Ui/UiModel/UiNewDrawMain/UiNewDrawMainRoleDescending.prefab				0
5099	1	1171004	Assets/Product/Ui/Scene3DPrefab/UiMain3dQishi_01.prefab	Assets/Product/Ui/UiModel/UiNewDrawMain/UiNewDrawMainRoleDescending.prefab				0
5100	1	1521004	Assets/Product/Ui/Scene3DPrefab/UiMain3dQishi_01.prefab	Assets/Product/Ui/UiModel/UiNewDrawMain/UiNewDrawMainRoleDescending.prefab				0
5101	1	1081004	Assets/Product/Ui/Scene3DPrefab/UiMain3dQishi_01.prefab	Assets/Product/Ui/UiModel/UiNewDrawMain/UiNewDrawMainRoleDescending.prefab				0
5102	1	1271003	Assets/Product/Ui/Scene3DPrefab/UiMain3dQishi_01.prefab	Assets/Product/Ui/UiModel/UiNewDrawMain/UiNewDrawMainRoleDescending.prefab				0
5103	1	1261003	Assets/Product/Ui/Scene3DPrefab/UiMain3dQishi_01.prefab	Assets/Product/Ui/UiModel/UiNewDrawMain/UiNewDrawMainRoleDescending.prefab				0
5104	1	1221003	Assets/Product/Ui/Scene3DPrefab/UiMain3dQishi_01.prefab	Assets/Product/Ui/UiModel/UiNewDrawMain/UiNewDrawMainRoleDescending.prefab				0
5105	1	1021005	Assets/Product/Ui/Scene3DPrefab/UiMain3dQishi_01.prefab	Assets/Product/Ui/UiModel/UiNewDrawMain/UiNewDrawMainRoleDescending.prefab				0
5106	1	1091003	Assets/Product/Ui/Scene3DPrefab/UiMain3dQishi_01.prefab	Assets/Product/Ui/UiModel/UiNewDrawMain/UiNewDrawMainRoleDescending.prefab				0
5107	1	1011004	Assets/Product/Ui/Scene3DPrefab/UiMain3dQishi_01.prefab	Assets/Product/Ui/UiModel/UiNewDrawMain/UiNewDrawMainRoleDescending.prefab				0
5108	1	1041004	Assets/Product/Ui/Scene3DPrefab/UiMain3dQishi_01.prefab	Assets/Product/Ui/UiModel/UiNewDrawMain/UiNewDrawMainRoleDescending.prefab				0
5109	1	1071004	Assets/Product/Ui/Scene3DPrefab/UiMain3dQishi_01.prefab	Assets/Product/Ui/UiModel/UiNewDrawMain/UiNewDrawMainRoleDescending.prefab				0
5110	1	1051004	Assets/Product/Ui/Scene3DPrefab/UiMain3dQishi_01.prefab	Assets/Product/Ui/UiModel/UiNewDrawMain/UiNewDrawMainRoleDescending.prefab				0
5111	1	1531004	Assets/Product/Ui/Scene3DPrefab/UiMain3dQishi_01.prefab	Assets/Product/Ui/UiModel/UiNewDrawMain/UiNewDrawMainRoleDescending.prefab				0
5112	1	1031004	Assets/Product/Ui/Scene3DPrefab/UiMain3dQishi_01.prefab	Assets/Product/Ui/UiModel/UiNewDrawMain/UiNewDrawMainRoleDescending.prefab				0
5113	1	1131003	Assets/Product/Ui/Scene3DPrefab/UiMain3dQishi_01.prefab	Assets/Product/Ui/UiModel/UiNewDrawMain/UiNewDrawMainRoleDescending.prefab				0
5114	1	1121003	Assets/Product/Ui/Scene3DPrefab/UiMain3dQishi_01.prefab	Assets/Product/Ui/UiModel/UiNewDrawMain/UiNewDrawMainRoleDescending.prefab				0
5115	1	1171003	Assets/Product/Ui/Scene3DPrefab/UiMain3dQishi_01.prefab	Assets/Product/Ui/UiModel/UiNewDrawMain/UiNewDrawMainRoleDescending.prefab				0
5116	1	1141003	Assets/Product/Ui/Scene3DPrefab/UiMain3dQishi_01.prefab	Assets/Product/Ui/UiModel/UiNewDrawMain/UiNewDrawMainRoleDescending.prefab				0
5117	1	1021004	Assets/Product/Ui/Scene3DPrefab/UiMain3dQishi_01.prefab	Assets/Product/Ui/UiModel/UiNewDrawMain/UiNewDrawMainRoleDescending.prefab				0
5118	1	1041003	Assets/Product/Ui/Scene3DPrefab/UiMain3dQishi_01.prefab	Assets/Product/Ui/UiModel/UiNewDrawMain/UiNewDrawMainRoleDescending.prefab				0
5119	1	1021003	Assets/Product/Ui/Scene3DPrefab/UiMain3dQishi_01.prefab	Assets/Product/Ui/UiModel/UiNewDrawMain/UiNewDrawMainRoleDescending.prefab				0
5120	1	1051003	Assets/Product/Ui/Scene3DPrefab/UiMain3dQishi_01.prefab	Assets/Product/Ui/UiModel/UiNewDrawMain/UiNewDrawMainRoleDescending.prefab				0
5121	1	1071003	Assets/Product/Ui/Scene3DPrefab/UiMain3dQishi_01.prefab	Assets/Product/Ui/UiModel/UiNewDrawMain/UiNewDrawMainRoleDescending.prefab				0
5122	1	1061003	Assets/Product/Ui/Scene3DPrefab/UiMain3dQishi_01.prefab	Assets/Product/Ui/UiModel/UiNewDrawMain/UiNewDrawMainRoleDescending.prefab				0
5123	1	1031003	Assets/Product/Ui/Scene3DPrefab/UiMain3dQishi_01.prefab	Assets/Product/Ui/UiModel/UiNewDrawMain/UiNewDrawMainRoleDescending.prefab				0
5124	1	1011003	Assets/Product/Ui/Scene3DPrefab/UiMain3dQishi_01.prefab	Assets/Product/Ui/UiModel/UiNewDrawMain/UiNewDrawMainRoleDescending.prefab				0
6021	1	1031003	Assets/Product/Ui/Scene3DPrefab/UiMain3dQishi.prefab	Assets/Product/Ui/UiModel/UiNewDrawMain/UiNewDrawMainRolePredestined.prefab				0
6022	1	1061003	Assets/Product/Ui/Scene3DPrefab/UiMain3dQishi.prefab	Assets/Product/Ui/UiModel/UiNewDrawMain/UiNewDrawMainRolePredestined.prefab				0
6023	1	1011003	Assets/Product/Ui/Scene3DPrefab/UiMain3dQishi.prefab	Assets/Product/Ui/UiModel/UiNewDrawMain/UiNewDrawMainRolePredestined.prefab				0
6024	1	1071003	Assets/Product/Ui/Scene3DPrefab/UiMain3dQishi.prefab	Assets/Product/Ui/UiModel/UiNewDrawMain/UiNewDrawMainRolePredestined.prefab				0
6025	1	1051003	Assets/Product/Ui/Scene3DPrefab/UiMain3dQishi.prefab	Assets/Product/Ui/UiModel/UiNewDrawMain/UiNewDrawMainRolePredestined.prefab				0
6026	1	1021003	Assets/Product/Ui/Scene3DPrefab/UiMain3dQishi.prefab	Assets/Product/Ui/UiModel/UiNewDrawMain/UiNewDrawMainRolePredestined.prefab				0
6027	1	1041003	Assets/Product/Ui/Scene3DPrefab/UiMain3dQishi.prefab	Assets/Product/Ui/UiModel/UiNewDrawMain/UiNewDrawMainRolePredestined.prefab				0
6028	1	1021004	Assets/Product/Ui/Scene3DPrefab/UiMain3dQishi.prefab	Assets/Product/Ui/UiModel/UiNewDrawMain/UiNewDrawMainRolePredestined.prefab				0
6029	1	1141003	Assets/Product/Ui/Scene3DPrefab/UiMain3dQishi.prefab	Assets/Product/Ui/UiModel/UiNewDrawMain/UiNewDrawMainRolePredestined.prefab				0
6030	1	1171003	Assets/Product/Ui/Scene3DPrefab/UiMain3dQishi.prefab	Assets/Product/Ui/UiModel/UiNewDrawMain/UiNewDrawMainRolePredestined.prefab				0
6031	1	1121003	Assets/Product/Ui/Scene3DPrefab/UiMain3dQishi.prefab	Assets/Product/Ui/UiModel/UiNewDrawMain/UiNewDrawMainRolePredestined.prefab				0
6032	1	1131003	Assets/Product/Ui/Scene3DPrefab/UiMain3dQishi.prefab	Assets/Product/Ui/UiModel/UiNewDrawMain/UiNewDrawMainRolePredestined.prefab				0
6033	1	1031004	Assets/Product/Ui/Scene3DPrefab/UiMain3dQishi.prefab	Assets/Product/Ui/UiModel/UiNewDrawMain/UiNewDrawMainRolePredestined.prefab				0
6034	1	1531004	Assets/Product/Ui/Scene3DPrefab/UiMain3dQishi.prefab	Assets/Product/Ui/UiModel/UiNewDrawMain/UiNewDrawMainRolePredestined.prefab				0
6035	1	1051004	Assets/Product/Ui/Scene3DPrefab/UiMain3dQishi.prefab	Assets/Product/Ui/UiModel/UiNewDrawMain/UiNewDrawMainRolePredestined.prefab				0
6036	1	1071004	Assets/Product/Ui/Scene3DPrefab/UiMain3dQishi.prefab	Assets/Product/Ui/UiModel/UiNewDrawMain/UiNewDrawMainRolePredestined.prefab				0
6037	1	1041004	Assets/Product/Ui/Scene3DPrefab/UiMain3dQishi.prefab	Assets/Product/Ui/UiModel/UiNewDrawMain/UiNewDrawMainRolePredestined.prefab				0
6038	1	1031003	Assets/Product/Ui/Scene3DPrefab/UiMain3dQishi.prefab	Assets/Product/Ui/UiModel/UiNewDrawMain/UiNewDrawMainRolePredestined.prefab				0
6039	1	1061003	Assets/Product/Ui/Scene3DPrefab/UiMain3dQishi.prefab	Assets/Product/Ui/UiModel/UiNewDrawMain/UiNewDrawMainRolePredestined.prefab				0
6040	1	1011003	Assets/Product/Ui/Scene3DPrefab/UiMain3dQishi.prefab	Assets/Product/Ui/UiModel/UiNewDrawMain/UiNewDrawMainRolePredestined.prefab				0
6041	1	1071003	Assets/Product/Ui/Scene3DPrefab/UiMain3dQishi.prefab	Assets/Product/Ui/UiModel/UiNewDrawMain/UiNewDrawMainRolePredestined.prefab				0
6042	1	1051003	Assets/Product/Ui/Scene3DPrefab/UiMain3dQishi.prefab	Assets/Product/Ui/UiModel/UiNewDrawMain/UiNewDrawMainRolePredestined.prefab				0
6043	1	1021003	Assets/Product/Ui/Scene3DPrefab/UiMain3dQishi.prefab	Assets/Product/Ui/UiModel/UiNewDrawMain/UiNewDrawMainRolePredestined.prefab				0
6044	1	1041003	Assets/Product/Ui/Scene3DPrefab/UiMain3dQishi.prefab	Assets/Product/Ui/UiModel/UiNewDrawMain/UiNewDrawMainRolePredestined.prefab				0
6045	1	1021004	Assets/Product/Ui/Scene3DPrefab/UiMain3dQishi.prefab	Assets/Product/Ui/UiModel/UiNewDrawMain/UiNewDrawMainRolePredestined.prefab				0
6046	1	1141003	Assets/Product/Ui/Scene3DPrefab/UiMain3dQishi.prefab	Assets/Product/Ui/UiModel/UiNewDrawMain/UiNewDrawMainRolePredestined.prefab				0
6047	1	1171003	Assets/Product/Ui/Scene3DPrefab/UiMain3dQishi.prefab	Assets/Product/Ui/UiModel/UiNewDrawMain/UiNewDrawMainRolePredestined.prefab				0
6048	1	1121003	Assets/Product/Ui/Scene3DPrefab/UiMain3dQishi.prefab	Assets/Product/Ui/UiModel/UiNewDrawMain/UiNewDrawMainRolePredestined.prefab				0
6049	1	1131003	Assets/Product/Ui/Scene3DPrefab/UiMain3dQishi.prefab	Assets/Product/Ui/UiModel/UiNewDrawMain/UiNewDrawMainRolePredestined.prefab				0
6050	1	1031004	Assets/Product/Ui/Scene3DPrefab/UiMain3dQishi.prefab	Assets/Product/Ui/UiModel/UiNewDrawMain/UiNewDrawMainRolePredestined.prefab				0
6051	1	1531004	Assets/Product/Ui/Scene3DPrefab/UiMain3dQishi.prefab	Assets/Product/Ui/UiModel/UiNewDrawMain/UiNewDrawMainRolePredestined.prefab				0
6052	1	1051004	Assets/Product/Ui/Scene3DPrefab/UiMain3dQishi.prefab	Assets/Product/Ui/UiModel/UiNewDrawMain/UiNewDrawMainRolePredestined.prefab				0
6053	1	1071004	Assets/Product/Ui/Scene3DPrefab/UiMain3dQishi.prefab	Assets/Product/Ui/UiModel/UiNewDrawMain/UiNewDrawMainRolePredestined.prefab				0
6054	1	1041004	Assets/Product/Ui/Scene3DPrefab/UiMain3dQishi.prefab	Assets/Product/Ui/UiModel/UiNewDrawMain/UiNewDrawMainRolePredestined.prefab				0
6055	1	1011004	Assets/Product/Ui/Scene3DPrefab/UiMain3dQishi.prefab	Assets/Product/Ui/UiModel/UiNewDrawMain/UiNewDrawMainRolePredestined.prefab				0
6056	1	1091003	Assets/Product/Ui/Scene3DPrefab/UiMain3dQishi.prefab	Assets/Product/Ui/UiModel/UiNewDrawMain/UiNewDrawMainRolePredestined.prefab				0
6057	1	1021005	Assets/Product/Ui/Scene3DPrefab/UiMain3dQishi.prefab	Assets/Product/Ui/UiModel/UiNewDrawMain/UiNewDrawMainRolePredestined.prefab				0
6058	1	1221003	Assets/Product/Ui/Scene3DPrefab/UiMain3dQishi.prefab	Assets/Product/Ui/UiModel/UiNewDrawMain/UiNewDrawMainRolePredestined.prefab				0
6059	1	1261003	Assets/Product/Ui/Scene3DPrefab/UiMain3dQishi.prefab	Assets/Product/Ui/UiModel/UiNewDrawMain/UiNewDrawMainRolePredestined.prefab				0
6060	1	1271003	Assets/Product/Ui/Scene3DPrefab/UiMain3dQishi.prefab	Assets/Product/Ui/UiModel/UiNewDrawMain/UiNewDrawMainRolePredestined.prefab				0
6061	1	1021006	Assets/Product/Ui/Scene3DPrefab/UiMain3dQishi.prefab	Assets/Product/Ui/UiModel/UiNewDrawMain/UiNewDrawMainRolePredestined.prefab				0
6062	1	1211003	Assets/Product/Ui/Scene3DPrefab/UiMain3dQishi.prefab	Assets/Product/Ui/UiModel/UiNewDrawMain/UiNewDrawMainRolePredestined.prefab				0
6063	1	1241003	Assets/Product/Ui/Scene3DPrefab/UiMain3dQishi.prefab	Assets/Product/Ui/UiModel/UiNewDrawMain/UiNewDrawMainRolePredestined.prefab				0
6064	1	1171004	Assets/Product/Ui/Scene3DPrefab/UiMain3dQishi.prefab	Assets/Product/Ui/UiModel/UiNewDrawMain/UiNewDrawMainRolePredestined.prefab				0
6065	1	1521004	Assets/Product/Ui/Scene3DPrefab/UiMain3dQishi.prefab	Assets/Product/Ui/UiModel/UiNewDrawMain/UiNewDrawMainRolePredestined.prefab				0
6066	1	1081004	Assets/Product/Ui/Scene3DPrefab/UiMain3dQishi.prefab	Assets/Product/Ui/UiModel/UiNewDrawMain/UiNewDrawMainRolePredestined.prefab				0
6067	1	1271003	Assets/Product/Ui/Scene3DPrefab/UiMain3dQishi.prefab	Assets/Product/Ui/UiModel/UiNewDrawMain/UiNewDrawMainRolePredestined.prefab				0
6068	1	1261003	Assets/Product/Ui/Scene3DPrefab/UiMain3dQishi.prefab	Assets/Product/Ui/UiModel/UiNewDrawMain/UiNewDrawMainRolePredestined.prefab				0
6069	1	1221003	Assets/Product/Ui/Scene3DPrefab/UiMain3dQishi.prefab	Assets/Product/Ui/UiModel/UiNewDrawMain/UiNewDrawMainRolePredestined.prefab				0
6070	1	1021005	Assets/Product/Ui/Scene3DPrefab/UiMain3dQishi.prefab	Assets/Product/Ui/UiModel/UiNewDrawMain/UiNewDrawMainRolePredestined.prefab				0
6071	1	1091003	Assets/Product/Ui/Scene3DPrefab/UiMain3dQishi.prefab	Assets/Product/Ui/UiModel/UiNewDrawMain/UiNewDrawMainRolePredestined.prefab				0
6072	1	1011004	Assets/Product/Ui/Scene3DPrefab/UiMain3dQishi.prefab	Assets/Product/Ui/UiModel/UiNewDrawMain/UiNewDrawMainRolePredestined.prefab				0
6073	1	1041004	Assets/Product/Ui/Scene3DPrefab/UiMain3dQishi.prefab	Assets/Product/Ui/UiModel/UiNewDrawMain/UiNewDrawMainRolePredestined.prefab				0
6074	1	1071004	Assets/Product/Ui/Scene3DPrefab/UiMain3dQishi.prefab	Assets/Product/Ui/UiModel/UiNewDrawMain/UiNewDrawMainRolePredestined.prefab				0
6075	1	1051004	Assets/Product/Ui/Scene3DPrefab/UiMain3dQishi.prefab	Assets/Product/Ui/UiModel/UiNewDrawMain/UiNewDrawMainRolePredestined.prefab				0
6076	1	1531004	Assets/Product/Ui/Scene3DPrefab/UiMain3dQishi.prefab	Assets/Product/Ui/UiModel/UiNewDrawMain/UiNewDrawMainRolePredestined.prefab				0
6077	1	1031004	Assets/Product/Ui/Scene3DPrefab/UiMain3dQishi.prefab	Assets/Product/Ui/UiModel/UiNewDrawMain/UiNewDrawMainRolePredestined.prefab				0
6078	1	1131003	Assets/Product/Ui/Scene3DPrefab/UiMain3dQishi.prefab	Assets/Product/Ui/UiModel/UiNewDrawMain/UiNewDrawMainRolePredestined.prefab				0
6079	1	1121003	Assets/Product/Ui/Scene3DPrefab/UiMain3dQishi.prefab	Assets/Product/Ui/UiModel/UiNewDrawMain/UiNewDrawMainRolePredestined.prefab				0
6080	1	1171003	Assets/Product/Ui/Scene3DPrefab/UiMain3dQishi.prefab	Assets/Product/Ui/UiModel/UiNewDrawMain/UiNewDrawMainRolePredestined.prefab				0
6081	1	1141003	Assets/Product/Ui/Scene3DPrefab/UiMain3dQishi.prefab	Assets/Product/Ui/UiModel/UiNewDrawMain/UiNewDrawMainRolePredestined.prefab				0
6082	1	1021004	Assets/Product/Ui/Scene3DPrefab/UiMain3dQishi.prefab	Assets/Product/Ui/UiModel/UiNewDrawMain/UiNewDrawMainRolePredestined.prefab				0
6083	1	1041003	Assets/Product/Ui/Scene3DPrefab/UiMain3dQishi.prefab	Assets/Product/Ui/UiModel/UiNewDrawMain/UiNewDrawMainRolePredestined.prefab				0
6084	1	1021003	Assets/Product/Ui/Scene3DPrefab/UiMain3dQishi.prefab	Assets/Product/Ui/UiModel/UiNewDrawMain/UiNewDrawMainRolePredestined.prefab				0
6085	1	1051003	Assets/Product/Ui/Scene3DPrefab/UiMain3dQishi.prefab	Assets/Product/Ui/UiModel/UiNewDrawMain/UiNewDrawMainRolePredestined.prefab				0
6086	1	1071003	Assets/Product/Ui/Scene3DPrefab/UiMain3dQishi.prefab	Assets/Product/Ui/UiModel/UiNewDrawMain/UiNewDrawMainRolePredestined.prefab				0
6087	1	1061003	Assets/Product/Ui/Scene3DPrefab/UiMain3dQishi.prefab	Assets/Product/Ui/UiModel/UiNewDrawMain/UiNewDrawMainRolePredestined.prefab				0
6088	1	1031003	Assets/Product/Ui/Scene3DPrefab/UiMain3dQishi.prefab	Assets/Product/Ui/UiModel/UiNewDrawMain/UiNewDrawMainRolePredestined.prefab				0
6089	1	1011003	Assets/Product/Ui/Scene3DPrefab/UiMain3dQishi.prefab	Assets/Product/Ui/UiModel/UiNewDrawMain/UiNewDrawMainRolePredestined.prefab				0
6090	1	1041005	Assets/Product/Ui/Scene3DPrefab/UiMain3dQishi.prefab	Assets/Product/Ui/UiModel/UiNewDrawMain/UiNewDrawMainRolePredestined.prefab				0
6091	1	1131004	Assets/Product/Ui/Scene3DPrefab/UiMain3dQishi.prefab	Assets/Product/Ui/UiModel/UiNewDrawMain/UiNewDrawMainRolePredestined.prefab				0
6092	1	1531005	Assets/Product/Ui/Scene3DPrefab/UiMain3dQishi.prefab	Assets/Product/Ui/UiModel/UiNewDrawMain/UiNewDrawMainRolePredestined.prefab				0
6093	1	1331003	Assets/Product/Ui/Scene3DPrefab/UiMain3dQishi.prefab	Assets/Product/Ui/UiModel/UiNewDrawMain/UiNewDrawMainRolePredestined.prefab				0
6094	1	1321003	Assets/Product/Ui/Scene3DPrefab/UiMain3dQishi.prefab	Assets/Product/Ui/UiModel/UiNewDrawMain/UiNewDrawMainRolePredestined.prefab				0
6095	1	1051005	Assets/Product/Ui/Scene3DPrefab/UiMain3dQishi.prefab	Assets/Product/Ui/UiModel/UiNewDrawMain/UiNewDrawMainRolePredestined.prefab				0
6096	1	1021006	Assets/Product/Ui/Scene3DPrefab/UiMain3dQishi.prefab	Assets/Product/Ui/UiModel/UiNewDrawMain/UiNewDrawMainRolePredestined.prefab				0
6097	1	1211003	Assets/Product/Ui/Scene3DPrefab/UiMain3dQishi.prefab	Assets/Product/Ui/UiModel/UiNewDrawMain/UiNewDrawMainRolePredestined.prefab				0
6098	1	1241003	Assets/Product/Ui/Scene3DPrefab/UiMain3dQishi.prefab	Assets/Product/Ui/UiModel/UiNewDrawMain/UiNewDrawMainRolePredestined.prefab				0
6099	1	1171004	Assets/Product/Ui/Scene3DPrefab/UiMain3dQishi.prefab	Assets/Product/Ui/UiModel/UiNewDrawMain/UiNewDrawMainRolePredestined.prefab				0
6100	1	1521004	Assets/Product/Ui/Scene3DPrefab/UiMain3dQishi.prefab	Assets/Product/Ui/UiModel/UiNewDrawMain/UiNewDrawMainRolePredestined.prefab				0
6101	1	1081004	Assets/Product/Ui/Scene3DPrefab/UiMain3dQishi.prefab	Assets/Product/Ui/UiModel/UiNewDrawMain/UiNewDrawMainRolePredestined.prefab				0
6102	1	1271003	Assets/Product/Ui/Scene3DPrefab/UiMain3dQishi.prefab	Assets/Product/Ui/UiModel/UiNewDrawMain/UiNewDrawMainRolePredestined.prefab				0
6103	1	1261003	Assets/Product/Ui/Scene3DPrefab/UiMain3dQishi.prefab	Assets/Product/Ui/UiModel/UiNewDrawMain/UiNewDrawMainRolePredestined.prefab				0
6104	1	1221003	Assets/Product/Ui/Scene3DPrefab/UiMain3dQishi.prefab	Assets/Product/Ui/UiModel/UiNewDrawMain/UiNewDrawMainRolePredestined.prefab				0
6105	1	1021005	Assets/Product/Ui/Scene3DPrefab/UiMain3dQishi.prefab	Assets/Product/Ui/UiModel/UiNewDrawMain/UiNewDrawMainRolePredestined.prefab				0
6106	1	1091003	Assets/Product/Ui/Scene3DPrefab/UiMain3dQishi.prefab	Assets/Product/Ui/UiModel/UiNewDrawMain/UiNewDrawMainRolePredestined.prefab				0
6107	1	1011004	Assets/Product/Ui/Scene3DPrefab/UiMain3dQishi.prefab	Assets/Product/Ui/UiModel/UiNewDrawMain/UiNewDrawMainRolePredestined.prefab				0
6108	1	1041004	Assets/Product/Ui/Scene3DPrefab/UiMain3dQishi.prefab	Assets/Product/Ui/UiModel/UiNewDrawMain/UiNewDrawMainRolePredestined.prefab				0
6109	1	1071004	Assets/Product/Ui/Scene3DPrefab/UiMain3dQishi.prefab	Assets/Product/Ui/UiModel/UiNewDrawMain/UiNewDrawMainRolePredestined.prefab				0
6110	1	1051004	Assets/Product/Ui/Scene3DPrefab/UiMain3dQishi.prefab	Assets/Product/Ui/UiModel/UiNewDrawMain/UiNewDrawMainRolePredestined.prefab				0
6111	1	1531004	Assets/Product/Ui/Scene3DPrefab/UiMain3dQishi.prefab	Assets/Product/Ui/UiModel/UiNewDrawMain/UiNewDrawMainRolePredestined.prefab				0
6112	1	1031004	Assets/Product/Ui/Scene3DPrefab/UiMain3dQishi.prefab	Assets/Product/Ui/UiModel/UiNewDrawMain/UiNewDrawMainRolePredestined.prefab				0
6113	1	1131003	Assets/Product/Ui/Scene3DPrefab/UiMain3dQishi.prefab	Assets/Product/Ui/UiModel/UiNewDrawMain/UiNewDrawMainRolePredestined.prefab				0
6114	1	1121003	Assets/Product/Ui/Scene3DPrefab/UiMain3dQishi.prefab	Assets/Product/Ui/UiModel/UiNewDrawMain/UiNewDrawMainRolePredestined.prefab				0
6115	1	1171003	Assets/Product/Ui/Scene3DPrefab/UiMain3dQishi.prefab	Assets/Product/Ui/UiModel/UiNewDrawMain/UiNewDrawMainRolePredestined.prefab				0
6116	1	1141003	Assets/Product/Ui/Scene3DPrefab/UiMain3dQishi.prefab	Assets/Product/Ui/UiModel/UiNewDrawMain/UiNewDrawMainRolePredestined.prefab				0
6117	1	1021004	Assets/Product/Ui/Scene3DPrefab/UiMain3dQishi.prefab	Assets/Product/Ui/UiModel/UiNewDrawMain/UiNewDrawMainRolePredestined.prefab				0
6118	1	1041003	Assets/Product/Ui/Scene3DPrefab/UiMain3dQishi.prefab	Assets/Product/Ui/UiModel/UiNewDrawMain/UiNewDrawMainRolePredestined.prefab				0
6119	1	1021003	Assets/Product/Ui/Scene3DPrefab/UiMain3dQishi.prefab	Assets/Product/Ui/UiModel/UiNewDrawMain/UiNewDrawMainRolePredestined.prefab				0
6120	1	1051003	Assets/Product/Ui/Scene3DPrefab/UiMain3dQishi.prefab	Assets/Product/Ui/UiModel/UiNewDrawMain/UiNewDrawMainRolePredestined.prefab				0
6121	1	1071003	Assets/Product/Ui/Scene3DPrefab/UiMain3dQishi.prefab	Assets/Product/Ui/UiModel/UiNewDrawMain/UiNewDrawMainRolePredestined.prefab				0
6122	1	1061003	Assets/Product/Ui/Scene3DPrefab/UiMain3dQishi.prefab	Assets/Product/Ui/UiModel/UiNewDrawMain/UiNewDrawMainRolePredestined.prefab				0
6123	1	1031003	Assets/Product/Ui/Scene3DPrefab/UiMain3dQishi.prefab	Assets/Product/Ui/UiModel/UiNewDrawMain/UiNewDrawMainRolePredestined.prefab				0
6124	1	1011003	Assets/Product/Ui/Scene3DPrefab/UiMain3dQishi.prefab	Assets/Product/Ui/UiModel/UiNewDrawMain/UiNewDrawMainRolePredestined.prefab				0
5508	1	1281002	Assets/Product/Ui/Scene3DPrefab/UiMain3dQishi_01.prefab	Assets/Product/Ui/UiModel/UiNewDrawMain/UiNewDrawMainRoleGouzaoti.prefab				0
8547	1	1171004	Assets/Product/Ui/Scene3DPrefab/UiMain3dQishi.prefab	Assets/Product/Ui/UiModel/UiNewDrawMain/UiNewDrawMainRolePredestined.prefab				0
8548	1	1521004	Assets/Product/Ui/Scene3DPrefab/UiMain3dQishi.prefab	Assets/Product/Ui/UiModel/UiNewDrawMain/UiNewDrawMainRolePredestined.prefab				0
8549	1	1081004	Assets/Product/Ui/Scene3DPrefab/UiMain3dQishi.prefab	Assets/Product/Ui/UiModel/UiNewDrawMain/UiNewDrawMainRolePredestined.prefab				0
8550	1	1271003	Assets/Product/Ui/Scene3DPrefab/UiMain3dQishi.prefab	Assets/Product/Ui/UiModel/UiNewDrawMain/UiNewDrawMainRolePredestined.prefab				0
8551	1	1261003	Assets/Product/Ui/Scene3DPrefab/UiMain3dQishi.prefab	Assets/Product/Ui/UiModel/UiNewDrawMain/UiNewDrawMainRolePredestined.prefab				0
8552	1	1221003	Assets/Product/Ui/Scene3DPrefab/UiMain3dQishi.prefab	Assets/Product/Ui/UiModel/UiNewDrawMain/UiNewDrawMainRolePredestined.prefab				0
8553	1	1021005	Assets/Product/Ui/Scene3DPrefab/UiMain3dQishi.prefab	Assets/Product/Ui/UiModel/UiNewDrawMain/UiNewDrawMainRolePredestined.prefab				0
8554	1	1091003	Assets/Product/Ui/Scene3DPrefab/UiMain3dQishi.prefab	Assets/Product/Ui/UiModel/UiNewDrawMain/UiNewDrawMainRolePredestined.prefab				0
8555	1	1011004	Assets/Product/Ui/Scene3DPrefab/UiMain3dQishi.prefab	Assets/Product/Ui/UiModel/UiNewDrawMain/UiNewDrawMainRolePredestined.prefab				0
8556	1	1041004	Assets/Product/Ui/Scene3DPrefab/UiMain3dQishi.prefab	Assets/Product/Ui/UiModel/UiNewDrawMain/UiNewDrawMainRolePredestined.prefab				0
8557	1	1071004	Assets/Product/Ui/Scene3DPrefab/UiMain3dQishi.prefab	Assets/Product/Ui/UiModel/UiNewDrawMain/UiNewDrawMainRolePredestined.prefab				0
8558	1	1051004	Assets/Product/Ui/Scene3DPrefab/UiMain3dQishi.prefab	Assets/Product/Ui/UiModel/UiNewDrawMain/UiNewDrawMainRolePredestined.prefab				0
8559	1	1531004	Assets/Product/Ui/Scene3DPrefab/UiMain3dQishi.prefab	Assets/Product/Ui/UiModel/UiNewDrawMain/UiNewDrawMainRolePredestined.prefab				0
8560	1	1031004	Assets/Product/Ui/Scene3DPrefab/UiMain3dQishi.prefab	Assets/Product/Ui/UiModel/UiNewDrawMain/UiNewDrawMainRolePredestined.prefab				0
8561	1	1131003	Assets/Product/Ui/Scene3DPrefab/UiMain3dQishi.prefab	Assets/Product/Ui/UiModel/UiNewDrawMain/UiNewDrawMainRolePredestined.prefab				0
8562	1	1121003	Assets/Product/Ui/Scene3DPrefab/UiMain3dQishi.prefab	Assets/Product/Ui/UiModel/UiNewDrawMain/UiNewDrawMainRolePredestined.prefab				0
8563	1	1171003	Assets/Product/Ui/Scene3DPrefab/UiMain3dQishi.prefab	Assets/Product/Ui/UiModel/UiNewDrawMain/UiNewDrawMainRolePredestined.prefab				0
8564	1	1141003	Assets/Product/Ui/Scene3DPrefab/UiMain3dQishi.prefab	Assets/Product/Ui/UiModel/UiNewDrawMain/UiNewDrawMainRolePredestined.prefab				0
8565	1	1021004	Assets/Product/Ui/Scene3DPrefab/UiMain3dQishi.prefab	Assets/Product/Ui/UiModel/UiNewDrawMain/UiNewDrawMainRolePredestined.prefab				0
8566	1	1041003	Assets/Product/Ui/Scene3DPrefab/UiMain3dQishi.prefab	Assets/Product/Ui/UiModel/UiNewDrawMain/UiNewDrawMainRolePredestined.prefab				0
8567	1	1021003	Assets/Product/Ui/Scene3DPrefab/UiMain3dQishi.prefab	Assets/Product/Ui/UiModel/UiNewDrawMain/UiNewDrawMainRolePredestined.prefab				0
8568	1	1051003	Assets/Product/Ui/Scene3DPrefab/UiMain3dQishi.prefab	Assets/Product/Ui/UiModel/UiNewDrawMain/UiNewDrawMainRolePredestined.prefab				0
8569	1	1071003	Assets/Product/Ui/Scene3DPrefab/UiMain3dQishi.prefab	Assets/Product/Ui/UiModel/UiNewDrawMain/UiNewDrawMainRolePredestined.prefab				0
8570	1	1061003	Assets/Product/Ui/Scene3DPrefab/UiMain3dQishi.prefab	Assets/Product/Ui/UiModel/UiNewDrawMain/UiNewDrawMainRolePredestined.prefab				0
8571	1	1031003	Assets/Product/Ui/Scene3DPrefab/UiMain3dQishi.prefab	Assets/Product/Ui/UiModel/UiNewDrawMain/UiNewDrawMainRolePredestined.prefab				0
8572	1	1011003	Assets/Product/Ui/Scene3DPrefab/UiMain3dQishi.prefab	Assets/Product/Ui/UiModel/UiNewDrawMain/UiNewDrawMainRolePredestined.prefab				0
8573	1	1531005	Assets/Product/Ui/Scene3DPrefab/UiMain3dQishi.prefab	Assets/Product/Ui/UiModel/UiNewDrawMain/UiNewDrawMainRolePredestined.prefab				0
8574	1	1331003	Assets/Product/Ui/Scene3DPrefab/UiMain3dQishi.prefab	Assets/Product/Ui/UiModel/UiNewDrawMain/UiNewDrawMainRolePredestined.prefab				0
8575	1	1321003	Assets/Product/Ui/Scene3DPrefab/UiMain3dQishi.prefab	Assets/Product/Ui/UiModel/UiNewDrawMain/UiNewDrawMainRolePredestined.prefab				0
8576	1	1051005	Assets/Product/Ui/Scene3DPrefab/UiMain3dQishi.prefab	Assets/Product/Ui/UiModel/UiNewDrawMain/UiNewDrawMainRolePredestined.prefab				0
8577	1	1021006	Assets/Product/Ui/Scene3DPrefab/UiMain3dQishi.prefab	Assets/Product/Ui/UiModel/UiNewDrawMain/UiNewDrawMainRolePredestined.prefab				0
8578	1	1211003	Assets/Product/Ui/Scene3DPrefab/UiMain3dQishi.prefab	Assets/Product/Ui/UiModel/UiNewDrawMain/UiNewDrawMainRolePredestined.prefab				0
8579	1	1241003	Assets/Product/Ui/Scene3DPrefab/UiMain3dQishi.prefab	Assets/Product/Ui/UiModel/UiNewDrawMain/UiNewDrawMainRolePredestined.prefab				0
8580	1	1171004	Assets/Product/Ui/Scene3DPrefab/UiMain3dQishi.prefab	Assets/Product/Ui/UiModel/UiNewDrawMain/UiNewDrawMainRolePredestined.prefab				0
8581	1	1521004	Assets/Product/Ui/Scene3DPrefab/UiMain3dQishi.prefab	Assets/Product/Ui/UiModel/UiNewDrawMain/UiNewDrawMainRolePredestined.prefab				0
8582	1	1081004	Assets/Product/Ui/Scene3DPrefab/UiMain3dQishi.prefab	Assets/Product/Ui/UiModel/UiNewDrawMain/UiNewDrawMainRolePredestined.prefab				0
8583	1	1271003	Assets/Product/Ui/Scene3DPrefab/UiMain3dQishi.prefab	Assets/Product/Ui/UiModel/UiNewDrawMain/UiNewDrawMainRolePredestined.prefab				0
8584	1	1261003	Assets/Product/Ui/Scene3DPrefab/UiMain3dQishi.prefab	Assets/Product/Ui/UiModel/UiNewDrawMain/UiNewDrawMainRolePredestined.prefab				0
8585	1	1221003	Assets/Product/Ui/Scene3DPrefab/UiMain3dQishi.prefab	Assets/Product/Ui/UiModel/UiNewDrawMain/UiNewDrawMainRolePredestined.prefab				0
8586	1	1021005	Assets/Product/Ui/Scene3DPrefab/UiMain3dQishi.prefab	Assets/Product/Ui/UiModel/UiNewDrawMain/UiNewDrawMainRolePredestined.prefab				0
8587	1	1091003	Assets/Product/Ui/Scene3DPrefab/UiMain3dQishi.prefab	Assets/Product/Ui/UiModel/UiNewDrawMain/UiNewDrawMainRolePredestined.prefab				0
8588	1	1011004	Assets/Product/Ui/Scene3DPrefab/UiMain3dQishi.prefab	Assets/Product/Ui/UiModel/UiNewDrawMain/UiNewDrawMainRolePredestined.prefab				0
8589	1	1041004	Assets/Product/Ui/Scene3DPrefab/UiMain3dQishi.prefab	Assets/Product/Ui/UiModel/UiNewDrawMain/UiNewDrawMainRolePredestined.prefab				0
8590	1	1071004	Assets/Product/Ui/Scene3DPrefab/UiMain3dQishi.prefab	Assets/Product/Ui/UiModel/UiNewDrawMain/UiNewDrawMainRolePredestined.prefab				0
8591	1	1051004	Assets/Product/Ui/Scene3DPrefab/UiMain3dQishi.prefab	Assets/Product/Ui/UiModel/UiNewDrawMain/UiNewDrawMainRolePredestined.prefab				0
8592	1	1531004	Assets/Product/Ui/Scene3DPrefab/UiMain3dQishi.prefab	Assets/Product/Ui/UiModel/UiNewDrawMain/UiNewDrawMainRolePredestined.prefab				0
8593	1	1031004	Assets/Product/Ui/Scene3DPrefab/UiMain3dQishi.prefab	Assets/Product/Ui/UiModel/UiNewDrawMain/UiNewDrawMainRolePredestined.prefab				0
8594	1	1131003	Assets/Product/Ui/Scene3DPrefab/UiMain3dQishi.prefab	Assets/Product/Ui/UiModel/UiNewDrawMain/UiNewDrawMainRolePredestined.prefab				0
8595	1	1121003	Assets/Product/Ui/Scene3DPrefab/UiMain3dQishi.prefab	Assets/Product/Ui/UiModel/UiNewDrawMain/UiNewDrawMainRolePredestined.prefab				0
8596	1	1171003	Assets/Product/Ui/Scene3DPrefab/UiMain3dQishi.prefab	Assets/Product/Ui/UiModel/UiNewDrawMain/UiNewDrawMainRolePredestined.prefab				0
8597	1	1141003	Assets/Product/Ui/Scene3DPrefab/UiMain3dQishi.prefab	Assets/Product/Ui/UiModel/UiNewDrawMain/UiNewDrawMainRolePredestined.prefab				0
8598	1	1021004	Assets/Product/Ui/Scene3DPrefab/UiMain3dQishi.prefab	Assets/Product/Ui/UiModel/UiNewDrawMain/UiNewDrawMainRolePredestined.prefab				0
8599	1	1041003	Assets/Product/Ui/Scene3DPrefab/UiMain3dQishi.prefab	Assets/Product/Ui/UiModel/UiNewDrawMain/UiNewDrawMainRolePredestined.prefab				0
8600	1	1021003	Assets/Product/Ui/Scene3DPrefab/UiMain3dQishi.prefab	Assets/Product/Ui/UiModel/UiNewDrawMain/UiNewDrawMainRolePredestined.prefab				0
8601	1	1051003	Assets/Product/Ui/Scene3DPrefab/UiMain3dQishi.prefab	Assets/Product/Ui/UiModel/UiNewDrawMain/UiNewDrawMainRolePredestined.prefab				0
8602	1	1071003	Assets/Product/Ui/Scene3DPrefab/UiMain3dQishi.prefab	Assets/Product/Ui/UiModel/UiNewDrawMain/UiNewDrawMainRolePredestined.prefab				0
8603	1	1061003	Assets/Product/Ui/Scene3DPrefab/UiMain3dQishi.prefab	Assets/Product/Ui/UiModel/UiNewDrawMain/UiNewDrawMainRolePredestined.prefab				0
8604	1	1031003	Assets/Product/Ui/Scene3DPrefab/UiMain3dQishi.prefab	Assets/Product/Ui/UiModel/UiNewDrawMain/UiNewDrawMainRolePredestined.prefab				0
8605	1	1011003	Assets/Product/Ui/Scene3DPrefab/UiMain3dQishi.prefab	Assets/Product/Ui/UiModel/UiNewDrawMain/UiNewDrawMainRolePredestined.prefab				0
8606	1	1141004	Assets/Product/Ui/Scene3DPrefab/UiMain3dQishi.prefab	Assets/Product/Ui/UiModel/UiNewDrawMain/UiNewDrawMainRolePredestined.prefab				0
8607	1	1291003	Assets/Product/Ui/Scene3DPrefab/UiMain3dQishi.prefab	Assets/Product/Ui/UiModel/UiNewDrawMain/UiNewDrawMainRolePredestined.prefab				0
8608	1	1381003	Assets/Product/Ui/Scene3DPrefab/UiMain3dQishi.prefab	Assets/Product/Ui/UiModel/UiNewDrawMain/UiNewDrawMainRolePredestined.prefab				0
8609	1	1041005	Assets/Product/Ui/Scene3DPrefab/UiMain3dQishi.prefab	Assets/Product/Ui/UiModel/UiNewDrawMain/UiNewDrawMainRolePredestined.prefab				0
8610	1	1131004	Assets/Product/Ui/Scene3DPrefab/UiMain3dQishi.prefab	Assets/Product/Ui/UiModel/UiNewDrawMain/UiNewDrawMainRolePredestined.prefab				0
8611	1	1531005	Assets/Product/Ui/Scene3DPrefab/UiMain3dQishi.prefab	Assets/Product/Ui/UiModel/UiNewDrawMain/UiNewDrawMainRolePredestined.prefab				0
8612	1	1331003	Assets/Product/Ui/Scene3DPrefab/UiMain3dQishi.prefab	Assets/Product/Ui/UiModel/UiNewDrawMain/UiNewDrawMainRolePredestined.prefab				0
8613	1	1321003	Assets/Product/Ui/Scene3DPrefab/UiMain3dQishi.prefab	Assets/Product/Ui/UiModel/UiNewDrawMain/UiNewDrawMainRolePredestined.prefab				0
8614	1	1051005	Assets/Product/Ui/Scene3DPrefab/UiMain3dQishi.prefab	Assets/Product/Ui/UiModel/UiNewDrawMain/UiNewDrawMainRolePredestined.prefab				0
8615	1	1021006	Assets/Product/Ui/Scene3DPrefab/UiMain3dQishi.prefab	Assets/Product/Ui/UiModel/UiNewDrawMain/UiNewDrawMainRolePredestined.prefab				0
8616	1	1211003	Assets/Product/Ui/Scene3DPrefab/UiMain3dQishi.prefab	Assets/Product/Ui/UiModel/UiNewDrawMain/UiNewDrawMainRolePredestined.prefab				0
8617	1	1241003	Assets/Product/Ui/Scene3DPrefab/UiMain3dQishi.prefab	Assets/Product/Ui/UiModel/UiNewDrawMain/UiNewDrawMainRolePredestined.prefab				0
8618	1	1171004	Assets/Product/Ui/Scene3DPrefab/UiMain3dQishi.prefab	Assets/Product/Ui/UiModel/UiNewDrawMain/UiNewDrawMainRolePredestined.prefab				0
8619	1	1521004	Assets/Product/Ui/Scene3DPrefab/UiMain3dQishi.prefab	Assets/Product/Ui/UiModel/UiNewDrawMain/UiNewDrawMainRolePredestined.prefab				0
8620	1	1081004	Assets/Product/Ui/Scene3DPrefab/UiMain3dQishi.prefab	Assets/Product/Ui/UiModel/UiNewDrawMain/UiNewDrawMainRolePredestined.prefab				0
8621	1	1271003	Assets/Product/Ui/Scene3DPrefab/UiMain3dQishi.prefab	Assets/Product/Ui/UiModel/UiNewDrawMain/UiNewDrawMainRolePredestined.prefab				0
8622	1	1261003	Assets/Product/Ui/Scene3DPrefab/UiMain3dQishi.prefab	Assets/Product/Ui/UiModel/UiNewDrawMain/UiNewDrawMainRolePredestined.prefab				0
8623	1	1221003	Assets/Product/Ui/Scene3DPrefab/UiMain3dQishi.prefab	Assets/Product/Ui/UiModel/UiNewDrawMain/UiNewDrawMainRolePredestined.prefab				0
8624	1	1021005	Assets/Product/Ui/Scene3DPrefab/UiMain3dQishi.prefab	Assets/Product/Ui/UiModel/UiNewDrawMain/UiNewDrawMainRolePredestined.prefab				0
8625	1	1091003	Assets/Product/Ui/Scene3DPrefab/UiMain3dQishi.prefab	Assets/Product/Ui/UiModel/UiNewDrawMain/UiNewDrawMainRolePredestined.prefab				0
8626	1	1011004	Assets/Product/Ui/Scene3DPrefab/UiMain3dQishi.prefab	Assets/Product/Ui/UiModel/UiNewDrawMain/UiNewDrawMainRolePredestined.prefab				0
8627	1	1041004	Assets/Product/Ui/Scene3DPrefab/UiMain3dQishi.prefab	Assets/Product/Ui/UiModel/UiNewDrawMain/UiNewDrawMainRolePredestined.prefab				0
8628	1	1071004	Assets/Product/Ui/Scene3DPrefab/UiMain3dQishi.prefab	Assets/Product/Ui/UiModel/UiNewDrawMain/UiNewDrawMainRolePredestined.prefab				0
8629	1	1051004	Assets/Product/Ui/Scene3DPrefab/UiMain3dQishi.prefab	Assets/Product/Ui/UiModel/UiNewDrawMain/UiNewDrawMainRolePredestined.prefab				0
8630	1	1531004	Assets/Product/Ui/Scene3DPrefab/UiMain3dQishi.prefab	Assets/Product/Ui/UiModel/UiNewDrawMain/UiNewDrawMainRolePredestined.prefab				0
8631	1	1031004	Assets/Product/Ui/Scene3DPrefab/UiMain3dQishi.prefab	Assets/Product/Ui/UiModel/UiNewDrawMain/UiNewDrawMainRolePredestined.prefab				0
8632	1	1131003	Assets/Product/Ui/Scene3DPrefab/UiMain3dQishi.prefab	Assets/Product/Ui/UiModel/UiNewDrawMain/UiNewDrawMainRolePredestined.prefab				0
8633	1	1121003	Assets/Product/Ui/Scene3DPrefab/UiMain3dQishi.prefab	Assets/Product/Ui/UiModel/UiNewDrawMain/UiNewDrawMainRolePredestined.prefab				0
8634	1	1171003	Assets/Product/Ui/Scene3DPrefab/UiMain3dQishi.prefab	Assets/Product/Ui/UiModel/UiNewDrawMain/UiNewDrawMainRolePredestined.prefab				0
8635	1	1141003	Assets/Product/Ui/Scene3DPrefab/UiMain3dQishi.prefab	Assets/Product/Ui/UiModel/UiNewDrawMain/UiNewDrawMainRolePredestined.prefab				0
8636	1	1021004	Assets/Product/Ui/Scene3DPrefab/UiMain3dQishi.prefab	Assets/Product/Ui/UiModel/UiNewDrawMain/UiNewDrawMainRolePredestined.prefab				0
8637	1	1041003	Assets/Product/Ui/Scene3DPrefab/UiMain3dQishi.prefab	Assets/Product/Ui/UiModel/UiNewDrawMain/UiNewDrawMainRolePredestined.prefab				0
8638	1	1021003	Assets/Product/Ui/Scene3DPrefab/UiMain3dQishi.prefab	Assets/Product/Ui/UiModel/UiNewDrawMain/UiNewDrawMainRolePredestined.prefab				0
8639	1	1051003	Assets/Product/Ui/Scene3DPrefab/UiMain3dQishi.prefab	Assets/Product/Ui/UiModel/UiNewDrawMain/UiNewDrawMainRolePredestined.prefab				0
8640	1	1071003	Assets/Product/Ui/Scene3DPrefab/UiMain3dQishi.prefab	Assets/Product/Ui/UiModel/UiNewDrawMain/UiNewDrawMainRolePredestined.prefab				0
8641	1	1061003	Assets/Product/Ui/Scene3DPrefab/UiMain3dQishi.prefab	Assets/Product/Ui/UiModel/UiNewDrawMain/UiNewDrawMainRolePredestined.prefab				0
8642	1	1031003	Assets/Product/Ui/Scene3DPrefab/UiMain3dQishi.prefab	Assets/Product/Ui/UiModel/UiNewDrawMain/UiNewDrawMainRolePredestined.prefab				0
8643	1	1011003	Assets/Product/Ui/Scene3DPrefab/UiMain3dQishi.prefab	Assets/Product/Ui/UiModel/UiNewDrawMain/UiNewDrawMainRolePredestined.prefab				0
5608	1	1351003	Assets/Product/Ui/Scene3DPrefab/UiMain3dQishi_01.prefab	Assets/Product/Ui/UiModel/UiNewDrawMain/UiNewDrawMainRoleDescending.prefab				0
5609	1	1361003	Assets/Product/Ui/Scene3DPrefab/UiMain3dQishi_01.prefab	Assets/Product/Ui/UiModel/UiNewDrawMain/UiNewDrawMainRoleDescending.prefab				0
5610	1	1351003	Assets/Product/Ui/Scene3DPrefab/UiMain3dQishi.prefab	Assets/Product/Ui/UiModel/UiNewDrawMain/UiNewDrawMainRolePredestined.prefab				0
5611	1	1361003	Assets/Product/Ui/Scene3DPrefab/UiMain3dQishi.prefab	Assets/Product/Ui/UiModel/UiNewDrawMain/UiNewDrawMainRolePredestined.prefab				0
5612	1	1411003	Assets/Product/Ui/Scene3DPrefab/UiMain3dQishi.prefab	Assets/Product/Ui/UiModel/UiNewDrawMain/UiNewDrawMainRolePredestined.prefab				0
5613	1	1411003	Assets/Product/Ui/Scene3DPrefab/UiMain3dQishi.prefab	Assets/Product/Ui/UiModel/UiNewDrawMain/UiNewDrawMainRolePredestined.prefab				0
170173	1	1131003	Assets/Product/Ui/Scene3DPrefab/UiMain3dQishi_01.prefab	Assets/Product/Ui/UiModel/UiNewDrawMain/UiNewDrawMainRoleDescending.prefab				0
170174	1	1131003	Assets/Product/Ui/Scene3DPrefab/UiMain3dQishi.prefab	Assets/Product/Ui/UiModel/UiNewDrawMain/UiNewDrawMainRolePredestined.prefab				0
170175	1	1061003	Assets/Product/Ui/Scene3DPrefab/UiMain3dQishi_01.prefab	Assets/Product/Ui/UiModel/UiNewDrawMain/UiNewDrawMainRoleDescending.prefab				0
170176	1	1061003	Assets/Product/Ui/Scene3DPrefab/UiMain3dQishi.prefab	Assets/Product/Ui/UiModel/UiNewDrawMain/UiNewDrawMainRolePredestined.prefab				0
170177	1	1121003	Assets/Product/Ui/Scene3DPrefab/UiMain3dQishi_01.prefab	Assets/Product/Ui/UiModel/UiNewDrawMain/UiNewDrawMainRoleDescending.prefab				0
170178	1	1121003	Assets/Product/Ui/Scene3DPrefab/UiMain3dQishi.prefab	Assets/Product/Ui/UiModel/UiNewDrawMain/UiNewDrawMainRolePredestined.prefab				0
170179	1	1031003	Assets/Product/Ui/Scene3DPrefab/UiMain3dQishi_01.prefab	Assets/Product/Ui/UiModel/UiNewDrawMain/UiNewDrawMainRoleDescending.prefab				0
170180	1	1031003	Assets/Product/Ui/Scene3DPrefab/UiMain3dQishi.prefab	Assets/Product/Ui/UiModel/UiNewDrawMain/UiNewDrawMainRolePredestined.prefab				0
170181	1	1041003	Assets/Product/Ui/Scene3DPrefab/UiMain3dQishi_01.prefab	Assets/Product/Ui/UiModel/UiNewDrawMain/UiNewDrawMainRoleDescending.prefab				0
170182	1	1041003	Assets/Product/Ui/Scene3DPrefab/UiMain3dQishi.prefab	Assets/Product/Ui/UiModel/UiNewDrawMain/UiNewDrawMainRolePredestined.prefab				0
170183	1	1171003	Assets/Product/Ui/Scene3DPrefab/UiMain3dQishi_01.prefab	Assets/Product/Ui/UiModel/UiNewDrawMain/UiNewDrawMainRoleDescending.prefab				0
170184	1	1171003	Assets/Product/Ui/Scene3DPrefab/UiMain3dQishi.prefab	Assets/Product/Ui/UiModel/UiNewDrawMain/UiNewDrawMainRolePredestined.prefab				0
170185	1	1011003	Assets/Product/Ui/Scene3DPrefab/UiMain3dQishi_01.prefab	Assets/Product/Ui/UiModel/UiNewDrawMain/UiNewDrawMainRoleDescending.prefab				0
170186	1	1011003	Assets/Product/Ui/Scene3DPrefab/UiMain3dQishi.prefab	Assets/Product/Ui/UiModel/UiNewDrawMain/UiNewDrawMainRolePredestined.prefab				0
170187	1	1021003	Assets/Product/Ui/Scene3DPrefab/UiMain3dQishi_01.prefab	Assets/Product/Ui/UiModel/UiNewDrawMain/UiNewDrawMainRoleDescending.prefab				0
170188	1	1021003	Assets/Product/Ui/Scene3DPrefab/UiMain3dQishi.prefab	Assets/Product/Ui/UiModel/UiNewDrawMain/UiNewDrawMainRolePredestined.prefab				0
170189	1	1531004	Assets/Product/Ui/Scene3DPrefab/UiMain3dQishi_01.prefab	Assets/Product/Ui/UiModel/UiNewDrawMain/UiNewDrawMainRoleDescending.prefab				0
170190	1	1531004	Assets/Product/Ui/Scene3DPrefab/UiMain3dQishi.prefab	Assets/Product/Ui/UiModel/UiNewDrawMain/UiNewDrawMainRolePredestined.prefab				0
170191	1	1051003	Assets/Product/Ui/Scene3DPrefab/UiMain3dQishi_01.prefab	Assets/Product/Ui/UiModel/UiNewDrawMain/UiNewDrawMainRoleDescending.prefab				0
170192	1	1051003	Assets/Product/Ui/Scene3DPrefab/UiMain3dQishi.prefab	Assets/Product/Ui/UiModel/UiNewDrawMain/UiNewDrawMainRolePredestined.prefab				0
170193	1	1141003	Assets/Product/Ui/Scene3DPrefab/UiMain3dQishi_01.prefab	Assets/Product/Ui/UiModel/UiNewDrawMain/UiNewDrawMainRoleDescending.prefab				0
170194	1	1141003	Assets/Product/Ui/Scene3DPrefab/UiMain3dQishi.prefab	Assets/Product/Ui/UiModel/UiNewDrawMain/UiNewDrawMainRolePredestined.prefab				0
170195	1	1031004	Assets/Product/Ui/Scene3DPrefab/UiMain3dQishi_01.prefab	Assets/Product/Ui/UiModel/UiNewDrawMain/UiNewDrawMainRoleDescending.prefab				0
170196	1	1031004	Assets/Product/Ui/Scene3DPrefab/UiMain3dQishi.prefab	Assets/Product/Ui/UiModel/UiNewDrawMain/UiNewDrawMainRolePredestined.prefab				0
170197	1	1071003	Assets/Product/Ui/Scene3DPrefab/UiMain3dQishi_01.prefab	Assets/Product/Ui/UiModel/UiNewDrawMain/UiNewDrawMainRoleDescending.prefab				0
170198	1	1071003	Assets/Product/Ui/Scene3DPrefab/UiMain3dQishi.prefab	Assets/Product/Ui/UiModel/UiNewDrawMain/UiNewDrawMainRolePredestined.prefab				0
170199	1	1021004	Assets/Product/Ui/Scene3DPrefab/UiMain3dQishi_01.prefab	Assets/Product/Ui/UiModel/UiNewDrawMain/UiNewDrawMainRoleDescending.prefab				0
170200	1	1021004	Assets/Product/Ui/Scene3DPrefab/UiMain3dQishi.prefab	Assets/Product/Ui/UiModel/UiNewDrawMain/UiNewDrawMainRolePredestined.prefab				0
170201	1	1131003	Assets/Product/Ui/Scene3DPrefab/UiMain3dQishi_01.prefab	Assets/Product/Ui/UiModel/UiNewDrawMain/UiNewDrawMainRoleDescending.prefab				0
170202	1	1131003	Assets/Product/Ui/Scene3DPrefab/UiMain3dQishi.prefab	Assets/Product/Ui/UiModel/UiNewDrawMain/UiNewDrawMainRolePredestined.prefab				0
170203	1	1061003	Assets/Product/Ui/Scene3DPrefab/UiMain3dQishi_01.prefab	Assets/Product/Ui/UiModel/UiNewDrawMain/UiNewDrawMainRoleDescending.prefab				0
170204	1	1041003	Assets/Product/Ui/Scene3DPrefab/UiMain3dQishi_01.prefab	Assets/Product/Ui/UiModel/UiNewDrawMain/UiNewDrawMainRoleDescending.prefab				0
170205	1	1121003	Assets/Product/Ui/Scene3DPrefab/UiMain3dQishi_01.prefab	Assets/Product/Ui/UiModel/UiNewDrawMain/UiNewDrawMainRoleDescending.prefab				0
170206	1	1031003	Assets/Product/Ui/Scene3DPrefab/UiMain3dQishi_01.prefab	Assets/Product/Ui/UiModel/UiNewDrawMain/UiNewDrawMainRoleDescending.prefab				0
170207	1	1531004	Assets/Product/Ui/Scene3DPrefab/UiMain3dQishi_01.prefab	Assets/Product/Ui/UiModel/UiNewDrawMain/UiNewDrawMainRoleDescending.prefab				0
170208	1	1171003	Assets/Product/Ui/Scene3DPrefab/UiMain3dQishi_01.prefab	Assets/Product/Ui/UiModel/UiNewDrawMain/UiNewDrawMainRoleDescending.prefab				0
170209	1	1011003	Assets/Product/Ui/Scene3DPrefab/UiMain3dQishi_01.prefab	Assets/Product/Ui/UiModel/UiNewDrawMain/UiNewDrawMainRoleDescending.prefab				0
170210	1	1021003	Assets/Product/Ui/Scene3DPrefab/UiMain3dQishi_01.prefab	Assets/Product/Ui/UiModel/UiNewDrawMain/UiNewDrawMainRoleDescending.prefab				0
170211	1	1051004	Assets/Product/Ui/Scene3DPrefab/UiMain3dQishi_01.prefab	Assets/Product/Ui/UiModel/UiNewDrawMain/UiNewDrawMainRoleDescending.prefab				0
170212	1	1061003	Assets/Product/Ui/Scene3DPrefab/UiMain3dQishi.prefab	Assets/Product/Ui/UiModel/UiNewDrawMain/UiNewDrawMainRolePredestined.prefab				0
170213	1	1041003	Assets/Product/Ui/Scene3DPrefab/UiMain3dQishi.prefab	Assets/Product/Ui/UiModel/UiNewDrawMain/UiNewDrawMainRolePredestined.prefab				0
170214	1	1121003	Assets/Product/Ui/Scene3DPrefab/UiMain3dQishi.prefab	Assets/Product/Ui/UiModel/UiNewDrawMain/UiNewDrawMainRolePredestined.prefab				0
170215	1	1031003	Assets/Product/Ui/Scene3DPrefab/UiMain3dQishi.prefab	Assets/Product/Ui/UiModel/UiNewDrawMain/UiNewDrawMainRolePredestined.prefab				0
170216	1	1531004	Assets/Product/Ui/Scene3DPrefab/UiMain3dQishi.prefab	Assets/Product/Ui/UiModel/UiNewDrawMain/UiNewDrawMainRolePredestined.prefab				0
170217	1	1171003	Assets/Product/Ui/Scene3DPrefab/UiMain3dQishi.prefab	Assets/Product/Ui/UiModel/UiNewDrawMain/UiNewDrawMainRolePredestined.prefab				0
170218	1	1011003	Assets/Product/Ui/Scene3DPrefab/UiMain3dQishi.prefab	Assets/Product/Ui/UiModel/UiNewDrawMain/UiNewDrawMainRolePredestined.prefab				0
170219	1	1021003	Assets/Product/Ui/Scene3DPrefab/UiMain3dQishi.prefab	Assets/Product/Ui/UiModel/UiNewDrawMain/UiNewDrawMainRolePredestined.prefab				0
170220	1	1051004	Assets/Product/Ui/Scene3DPrefab/UiMain3dQishi.prefab	Assets/Product/Ui/UiModel/UiNewDrawMain/UiNewDrawMainRolePredestined.prefab				0
170223	1	1031003	Assets/Product/Ui/Scene3DPrefab/UiMain3dQishi_01.prefab	Assets/Product/Ui/UiModel/UiNewDrawMain/UiNewDrawMainRoleDescending.prefab				0
170224	1	1061003	Assets/Product/Ui/Scene3DPrefab/UiMain3dQishi_01.prefab	Assets/Product/Ui/UiModel/UiNewDrawMain/UiNewDrawMainRoleDescending.prefab				0
170225	1	1011003	Assets/Product/Ui/Scene3DPrefab/UiMain3dQishi_01.prefab	Assets/Product/Ui/UiModel/UiNewDrawMain/UiNewDrawMainRoleDescending.prefab				0
170226	1	1071003	Assets/Product/Ui/Scene3DPrefab/UiMain3dQishi_01.prefab	Assets/Product/Ui/UiModel/UiNewDrawMain/UiNewDrawMainRoleDescending.prefab				0
170227	1	1051003	Assets/Product/Ui/Scene3DPrefab/UiMain3dQishi_01.prefab	Assets/Product/Ui/UiModel/UiNewDrawMain/UiNewDrawMainRoleDescending.prefab				0
170228	1	1021003	Assets/Product/Ui/Scene3DPrefab/UiMain3dQishi_01.prefab	Assets/Product/Ui/UiModel/UiNewDrawMain/UiNewDrawMainRoleDescending.prefab				0
170229	1	1041003	Assets/Product/Ui/Scene3DPrefab/UiMain3dQishi_01.prefab	Assets/Product/Ui/UiModel/UiNewDrawMain/UiNewDrawMainRoleDescending.prefab				0
170230	1	1021004	Assets/Product/Ui/Scene3DPrefab/UiMain3dQishi_01.prefab	Assets/Product/Ui/UiModel/UiNewDrawMain/UiNewDrawMainRoleDescending.prefab				0
170231	1	1141003	Assets/Product/Ui/Scene3DPrefab/UiMain3dQishi_01.prefab	Assets/Product/Ui/UiModel/UiNewDrawMain/UiNewDrawMainRoleDescending.prefab				0
170232	1	1171003	Assets/Product/Ui/Scene3DPrefab/UiMain3dQishi_01.prefab	Assets/Product/Ui/UiModel/UiNewDrawMain/UiNewDrawMainRoleDescending.prefab				0
170233	1	1121003	Assets/Product/Ui/Scene3DPrefab/UiMain3dQishi_01.prefab	Assets/Product/Ui/UiModel/UiNewDrawMain/UiNewDrawMainRoleDescending.prefab				0
170234	1	1131003	Assets/Product/Ui/Scene3DPrefab/UiMain3dQishi_01.prefab	Assets/Product/Ui/UiModel/UiNewDrawMain/UiNewDrawMainRoleDescending.prefab				0
170235	1	1031004	Assets/Product/Ui/Scene3DPrefab/UiMain3dQishi_01.prefab	Assets/Product/Ui/UiModel/UiNewDrawMain/UiNewDrawMainRoleDescending.prefab				0
170236	1	1531004	Assets/Product/Ui/Scene3DPrefab/UiMain3dQishi_01.prefab	Assets/Product/Ui/UiModel/UiNewDrawMain/UiNewDrawMainRoleDescending.prefab				0
170237	1	1051004	Assets/Product/Ui/Scene3DPrefab/UiMain3dQishi_01.prefab	Assets/Product/Ui/UiModel/UiNewDrawMain/UiNewDrawMainRoleDescending.prefab				0
170238	1	1031003	Assets/Product/Ui/Scene3DPrefab/UiMain3dQishi.prefab	Assets/Product/Ui/UiModel/UiNewDrawMain/UiNewDrawMainRolePredestined.prefab				0
170239	1	1061003	Assets/Product/Ui/Scene3DPrefab/UiMain3dQishi.prefab	Assets/Product/Ui/UiModel/UiNewDrawMain/UiNewDrawMainRolePredestined.prefab				0
170240	1	1011003	Assets/Product/Ui/Scene3DPrefab/UiMain3dQishi.prefab	Assets/Product/Ui/UiModel/UiNewDrawMain/UiNewDrawMainRolePredestined.prefab				0
170241	1	1071003	Assets/Product/Ui/Scene3DPrefab/UiMain3dQishi.prefab	Assets/Product/Ui/UiModel/UiNewDrawMain/UiNewDrawMainRolePredestined.prefab				0
170242	1	1051003	Assets/Product/Ui/Scene3DPrefab/UiMain3dQishi.prefab	Assets/Product/Ui/UiModel/UiNewDrawMain/UiNewDrawMainRolePredestined.prefab				0
170243	1	1021003	Assets/Product/Ui/Scene3DPrefab/UiMain3dQishi.prefab	Assets/Product/Ui/UiModel/UiNewDrawMain/UiNewDrawMainRolePredestined.prefab				0
170244	1	1041003	Assets/Product/Ui/Scene3DPrefab/UiMain3dQishi.prefab	Assets/Product/Ui/UiModel/UiNewDrawMain/UiNewDrawMainRolePredestined.prefab				0
170245	1	1021004	Assets/Product/Ui/Scene3DPrefab/UiMain3dQishi.prefab	Assets/Product/Ui/UiModel/UiNewDrawMain/UiNewDrawMainRolePredestined.prefab				0
170246	1	1141003	Assets/Product/Ui/Scene3DPrefab/UiMain3dQishi.prefab	Assets/Product/Ui/UiModel/UiNewDrawMain/UiNewDrawMainRolePredestined.prefab				0
170247	1	1171003	Assets/Product/Ui/Scene3DPrefab/UiMain3dQishi.prefab	Assets/Product/Ui/UiModel/UiNewDrawMain/UiNewDrawMainRolePredestined.prefab				0
170248	1	1121003	Assets/Product/Ui/Scene3DPrefab/UiMain3dQishi.prefab	Assets/Product/Ui/UiModel/UiNewDrawMain/UiNewDrawMainRolePredestined.prefab				0
170249	1	1131003	Assets/Product/Ui/Scene3DPrefab/UiMain3dQishi.prefab	Assets/Product/Ui/UiModel/UiNewDrawMain/UiNewDrawMainRolePredestined.prefab				0
170250	1	1031004	Assets/Product/Ui/Scene3DPrefab/UiMain3dQishi.prefab	Assets/Product/Ui/UiModel/UiNewDrawMain/UiNewDrawMainRolePredestined.prefab				0
170251	1	1531004	Assets/Product/Ui/Scene3DPrefab/UiMain3dQishi.prefab	Assets/Product/Ui/UiModel/UiNewDrawMain/UiNewDrawMainRolePredestined.prefab				0
170252	1	1051004	Assets/Product/Ui/Scene3DPrefab/UiMain3dQishi.prefab	Assets/Product/Ui/UiModel/UiNewDrawMain/UiNewDrawMainRolePredestined.prefab				0
170253	1	1051003	Assets/Product/Ui/Scene3DPrefab/UiMain3dQishi_01.prefab	Assets/Product/Ui/UiModel/UiNewDrawMain/UiNewDrawMainRoleDescending.prefab				0
170254	1	1141003	Assets/Product/Ui/Scene3DPrefab/UiMain3dQishi_01.prefab	Assets/Product/Ui/UiModel/UiNewDrawMain/UiNewDrawMainRoleDescending.prefab				0
170255	1	1031004	Assets/Product/Ui/Scene3DPrefab/UiMain3dQishi_01.prefab	Assets/Product/Ui/UiModel/UiNewDrawMain/UiNewDrawMainRoleDescending.prefab				0
170256	1	1071003	Assets/Product/Ui/Scene3DPrefab/UiMain3dQishi_01.prefab	Assets/Product/Ui/UiModel/UiNewDrawMain/UiNewDrawMainRoleDescending.prefab				0
170257	1	1021004	Assets/Product/Ui/Scene3DPrefab/UiMain3dQishi_01.prefab	Assets/Product/Ui/UiModel/UiNewDrawMain/UiNewDrawMainRoleDescending.prefab				0
170258	1	1131003	Assets/Product/Ui/Scene3DPrefab/UiMain3dQishi_01.prefab	Assets/Product/Ui/UiModel/UiNewDrawMain/UiNewDrawMainRoleDescending.prefab				0
170259	1	1051003	Assets/Product/Ui/Scene3DPrefab/UiMain3dQishi.prefab	Assets/Product/Ui/UiModel/UiNewDrawMain/UiNewDrawMainRolePredestined.prefab				0
170260	1	1141003	Assets/Product/Ui/Scene3DPrefab/UiMain3dQishi.prefab	Assets/Product/Ui/UiModel/UiNewDrawMain/UiNewDrawMainRolePredestined.prefab				0
170261	1	1031004	Assets/Product/Ui/Scene3DPrefab/UiMain3dQishi.prefab	Assets/Product/Ui/UiModel/UiNewDrawMain/UiNewDrawMainRolePredestined.prefab				0
170262	1	1071003	Assets/Product/Ui/Scene3DPrefab/UiMain3dQishi.prefab	Assets/Product/Ui/UiModel/UiNewDrawMain/UiNewDrawMainRolePredestined.prefab				0
170263	1	1021004	Assets/Product/Ui/Scene3DPrefab/UiMain3dQishi.prefab	Assets/Product/Ui/UiModel/UiNewDrawMain/UiNewDrawMainRolePredestined.prefab				0
170264	1	1131003	Assets/Product/Ui/Scene3DPrefab/UiMain3dQishi.prefab	Assets/Product/Ui/UiModel/UiNewDrawMain/UiNewDrawMainRolePredestined.prefab				0
170265	1	1531004	Assets/Product/Ui/Scene3DPrefab/UiMain3dQishi_01.prefab	Assets/Product/Ui/UiModel/UiNewDrawMain/UiNewDrawMainRoleDescending.prefab				0
170266	1	1031004	Assets/Product/Ui/Scene3DPrefab/UiMain3dQishi_01.prefab	Assets/Product/Ui/UiModel/UiNewDrawMain/UiNewDrawMainRoleDescending.prefab				0
170267	1	1041003	Assets/Product/Ui/Scene3DPrefab/UiMain3dQishi_01.prefab	Assets/Product/Ui/UiModel/UiNewDrawMain/UiNewDrawMainRoleDescending.prefab				0
170268	1	1051004	Assets/Product/Ui/Scene3DPrefab/UiMain3dQishi_01.prefab	Assets/Product/Ui/UiModel/UiNewDrawMain/UiNewDrawMainRoleDescending.prefab				0
170269	1	1171003	Assets/Product/Ui/Scene3DPrefab/UiMain3dQishi_01.prefab	Assets/Product/Ui/UiModel/UiNewDrawMain/UiNewDrawMainRoleDescending.prefab				0
170270	1	1071004	Assets/Product/Ui/Scene3DPrefab/UiMain3dQishi_01.prefab	Assets/Product/Ui/UiModel/UiNewDrawMain/UiNewDrawMainRoleDescending.prefab				0
170271	1	1031003	Assets/Product/Ui/Scene3DPrefab/UiMain3dQishi_01.prefab	Assets/Product/Ui/UiModel/UiNewDrawMain/UiNewDrawMainRoleDescending.prefab				0
170272	1	1061003	Assets/Product/Ui/Scene3DPrefab/UiMain3dQishi_01.prefab	Assets/Product/Ui/UiModel/UiNewDrawMain/UiNewDrawMainRoleDescending.prefab				0
170273	1	1121003	Assets/Product/Ui/Scene3DPrefab/UiMain3dQishi_01.prefab	Assets/Product/Ui/UiModel/UiNewDrawMain/UiNewDrawMainRoleDescending.prefab				0
170274	1	1531004	Assets/Product/Ui/Scene3DPrefab/UiMain3dQishi.prefab	Assets/Product/Ui/UiModel/UiNewDrawMain/UiNewDrawMainRolePredestined.prefab				0
170275	1	1031004	Assets/Product/Ui/Scene3DPrefab/UiMain3dQishi.prefab	Assets/Product/Ui/UiModel/UiNewDrawMain/UiNewDrawMainRolePredestined.prefab				0
170276	1	1041003	Assets/Product/Ui/Scene3DPrefab/UiMain3dQishi.prefab	Assets/Product/Ui/UiModel/UiNewDrawMain/UiNewDrawMainRolePredestined.prefab				0
170277	1	1051004	Assets/Product/Ui/Scene3DPrefab/UiMain3dQishi.prefab	Assets/Product/Ui/UiModel/UiNewDrawMain/UiNewDrawMainRolePredestined.prefab				0
170278	1	1171003	Assets/Product/Ui/Scene3DPrefab/UiMain3dQishi.prefab	Assets/Product/Ui/UiModel/UiNewDrawMain/UiNewDrawMainRolePredestined.prefab				0
170279	1	1071004	Assets/Product/Ui/Scene3DPrefab/UiMain3dQishi.prefab	Assets/Product/Ui/UiModel/UiNewDrawMain/UiNewDrawMainRolePredestined.prefab				0
170280	1	1031003	Assets/Product/Ui/Scene3DPrefab/UiMain3dQishi.prefab	Assets/Product/Ui/UiModel/UiNewDrawMain/UiNewDrawMainRolePredestined.prefab				0
170281	1	1061003	Assets/Product/Ui/Scene3DPrefab/UiMain3dQishi.prefab	Assets/Product/Ui/UiModel/UiNewDrawMain/UiNewDrawMainRolePredestined.prefab				0
170282	1	1121003	Assets/Product/Ui/Scene3DPrefab/UiMain3dQishi.prefab	Assets/Product/Ui/UiModel/UiNewDrawMain/UiNewDrawMainRolePredestined.prefab				0
170283	1	1011003	Assets/Product/Ui/Scene3DPrefab/UiMain3dQishi_01.prefab	Assets/Product/Ui/UiModel/UiNewDrawMain/UiNewDrawMainRoleDescending.prefab				0
170284	1	1021003	Assets/Product/Ui/Scene3DPrefab/UiMain3dQishi_01.prefab	Assets/Product/Ui/UiModel/UiNewDrawMain/UiNewDrawMainRoleDescending.prefab				0
170285	1	1141003	Assets/Product/Ui/Scene3DPrefab/UiMain3dQishi_01.prefab	Assets/Product/Ui/UiModel/UiNewDrawMain/UiNewDrawMainRoleDescending.prefab				0
170286	1	1051003	Assets/Product/Ui/Scene3DPrefab/UiMain3dQishi_01.prefab	Assets/Product/Ui/UiModel/UiNewDrawMain/UiNewDrawMainRoleDescending.prefab				0
170287	1	1041003	Assets/Product/Ui/Scene3DPrefab/UiMain3dQishi_01.prefab	Assets/Product/Ui/UiModel/UiNewDrawMain/UiNewDrawMainRoleDescending.prefab				0
170288	1	1131003	Assets/Product/Ui/Scene3DPrefab/UiMain3dQishi_01.prefab	Assets/Product/Ui/UiModel/UiNewDrawMain/UiNewDrawMainRoleDescending.prefab				0
170289	1	1171003	Assets/Product/Ui/Scene3DPrefab/UiMain3dQishi_01.prefab	Assets/Product/Ui/UiModel/UiNewDrawMain/UiNewDrawMainRoleDescending.prefab				0
170290	1	1031004	Assets/Product/Ui/Scene3DPrefab/UiMain3dQishi_01.prefab	Assets/Product/Ui/UiModel/UiNewDrawMain/UiNewDrawMainRoleDescending.prefab				0
170291	1	1531004	Assets/Product/Ui/Scene3DPrefab/UiMain3dQishi_01.prefab	Assets/Product/Ui/UiModel/UiNewDrawMain/UiNewDrawMainRoleDescending.prefab				0
170292	1	1011003	Assets/Product/Ui/Scene3DPrefab/UiMain3dQishi.prefab	Assets/Product/Ui/UiModel/UiNewDrawMain/UiNewDrawMainRolePredestined.prefab				0
170293	1	1021003	Assets/Product/Ui/Scene3DPrefab/UiMain3dQishi.prefab	Assets/Product/Ui/UiModel/UiNewDrawMain/UiNewDrawMainRolePredestined.prefab				0
170294	1	1141003	Assets/Product/Ui/Scene3DPrefab/UiMain3dQishi.prefab	Assets/Product/Ui/UiModel/UiNewDrawMain/UiNewDrawMainRolePredestined.prefab				0
170295	1	1051003	Assets/Product/Ui/Scene3DPrefab/UiMain3dQishi.prefab	Assets/Product/Ui/UiModel/UiNewDrawMain/UiNewDrawMainRolePredestined.prefab				0
170296	1	1041003	Assets/Product/Ui/Scene3DPrefab/UiMain3dQishi.prefab	Assets/Product/Ui/UiModel/UiNewDrawMain/UiNewDrawMainRolePredestined.prefab				0
170297	1	1131003	Assets/Product/Ui/Scene3DPrefab/UiMain3dQishi.prefab	Assets/Product/Ui/UiModel/UiNewDrawMain/UiNewDrawMainRolePredestined.prefab				0
170298	1	1171003	Assets/Product/Ui/Scene3DPrefab/UiMain3dQishi.prefab	Assets/Product/Ui/UiModel/UiNewDrawMain/UiNewDrawMainRolePredestined.prefab				0
170299	1	1031004	Assets/Product/Ui/Scene3DPrefab/UiMain3dQishi.prefab	Assets/Product/Ui/UiModel/UiNewDrawMain/UiNewDrawMainRolePredestined.prefab				0
170300	1	1531004	Assets/Product/Ui/Scene3DPrefab/UiMain3dQishi.prefab	Assets/Product/Ui/UiModel/UiNewDrawMain/UiNewDrawMainRolePredestined.prefab				0
170301	1	1071003	Assets/Product/Ui/Scene3DPrefab/UiMain3dQishi_01.prefab	Assets/Product/Ui/UiModel/UiNewDrawMain/UiNewDrawMainRoleDescending.prefab				0
170302	1	1021004	Assets/Product/Ui/Scene3DPrefab/UiMain3dQishi_01.prefab	Assets/Product/Ui/UiModel/UiNewDrawMain/UiNewDrawMainRoleDescending.prefab				0
170303	1	1121003	Assets/Product/Ui/Scene3DPrefab/UiMain3dQishi_01.prefab	Assets/Product/Ui/UiModel/UiNewDrawMain/UiNewDrawMainRoleDescending.prefab				0
170304	1	1031003	Assets/Product/Ui/Scene3DPrefab/UiMain3dQishi_01.prefab	Assets/Product/Ui/UiModel/UiNewDrawMain/UiNewDrawMainRoleDescending.prefab				0
170305	1	1051004	Assets/Product/Ui/Scene3DPrefab/UiMain3dQishi_01.prefab	Assets/Product/Ui/UiModel/UiNewDrawMain/UiNewDrawMainRoleDescending.prefab				0
170306	1	1041004	Assets/Product/Ui/Scene3DPrefab/UiMain3dQishi_01.prefab	Assets/Product/Ui/UiModel/UiNewDrawMain/UiNewDrawMainRoleDescending.prefab				0
170307	1	1071003	Assets/Product/Ui/Scene3DPrefab/UiMain3dQishi.prefab	Assets/Product/Ui/UiModel/UiNewDrawMain/UiNewDrawMainRolePredestined.prefab				0
170308	1	1021004	Assets/Product/Ui/Scene3DPrefab/UiMain3dQishi.prefab	Assets/Product/Ui/UiModel/UiNewDrawMain/UiNewDrawMainRolePredestined.prefab				0
170309	1	1121003	Assets/Product/Ui/Scene3DPrefab/UiMain3dQishi.prefab	Assets/Product/Ui/UiModel/UiNewDrawMain/UiNewDrawMainRolePredestined.prefab				0
170310	1	1031003	Assets/Product/Ui/Scene3DPrefab/UiMain3dQishi.prefab	Assets/Product/Ui/UiModel/UiNewDrawMain/UiNewDrawMainRolePredestined.prefab				0
170311	1	1051004	Assets/Product/Ui/Scene3DPrefab/UiMain3dQishi.prefab	Assets/Product/Ui/UiModel/UiNewDrawMain/UiNewDrawMainRolePredestined.prefab				0
170312	1	1041004	Assets/Product/Ui/Scene3DPrefab/UiMain3dQishi.prefab	Assets/Product/Ui/UiModel/UiNewDrawMain/UiNewDrawMainRolePredestined.prefab				0
170313	1	1171003	Assets/Product/Ui/Scene3DPrefab/UiMain3dQishi_01.prefab	Assets/Product/Ui/UiModel/UiNewDrawMain/UiNewDrawMainRoleDescending.prefab				0
170314	1	1531004	Assets/Product/Ui/Scene3DPrefab/UiMain3dQishi_01.prefab	Assets/Product/Ui/UiModel/UiNewDrawMain/UiNewDrawMainRoleDescending.prefab				0
170315	1	1011003	Assets/Product/Ui/Scene3DPrefab/UiMain3dQishi_01.prefab	Assets/Product/Ui/UiModel/UiNewDrawMain/UiNewDrawMainRoleDescending.prefab				0
170316	1	1021003	Assets/Product/Ui/Scene3DPrefab/UiMain3dQishi_01.prefab	Assets/Product/Ui/UiModel/UiNewDrawMain/UiNewDrawMainRoleDescending.prefab				0
170317	1	1041003	Assets/Product/Ui/Scene3DPrefab/UiMain3dQishi_01.prefab	Assets/Product/Ui/UiModel/UiNewDrawMain/UiNewDrawMainRoleDescending.prefab				0
170318	1	1131003	Assets/Product/Ui/Scene3DPrefab/UiMain3dQishi_01.prefab	Assets/Product/Ui/UiModel/UiNewDrawMain/UiNewDrawMainRoleDescending.prefab				0
170319	1	1051003	Assets/Product/Ui/Scene3DPrefab/UiMain3dQishi_01.prefab	Assets/Product/Ui/UiModel/UiNewDrawMain/UiNewDrawMainRoleDescending.prefab				0
170320	1	1021004	Assets/Product/Ui/Scene3DPrefab/UiMain3dQishi_01.prefab	Assets/Product/Ui/UiModel/UiNewDrawMain/UiNewDrawMainRoleDescending.prefab				0
170321	1	1031004	Assets/Product/Ui/Scene3DPrefab/UiMain3dQishi_01.prefab	Assets/Product/Ui/UiModel/UiNewDrawMain/UiNewDrawMainRoleDescending.prefab				0
170322	1	1171003	Assets/Product/Ui/Scene3DPrefab/UiMain3dQishi.prefab	Assets/Product/Ui/UiModel/UiNewDrawMain/UiNewDrawMainRolePredestined.prefab				0
170323	1	1531004	Assets/Product/Ui/Scene3DPrefab/UiMain3dQishi.prefab	Assets/Product/Ui/UiModel/UiNewDrawMain/UiNewDrawMainRolePredestined.prefab				0
170324	1	1011003	Assets/Product/Ui/Scene3DPrefab/UiMain3dQishi.prefab	Assets/Product/Ui/UiModel/UiNewDrawMain/UiNewDrawMainRolePredestined.prefab				0
170325	1	1021003	Assets/Product/Ui/Scene3DPrefab/UiMain3dQishi.prefab	Assets/Product/Ui/UiModel/UiNewDrawMain/UiNewDrawMainRolePredestined.prefab				0
170326	1	1041003	Assets/Product/Ui/Scene3DPrefab/UiMain3dQishi.prefab	Assets/Product/Ui/UiModel/UiNewDrawMain/UiNewDrawMainRolePredestined.prefab				0
170327	1	1131003	Assets/Product/Ui/Scene3DPrefab/UiMain3dQishi.prefab	Assets/Product/Ui/UiModel/UiNewDrawMain/UiNewDrawMainRolePredestined.prefab				0
170328	1	1051003	Assets/Product/Ui/Scene3DPrefab/UiMain3dQishi.prefab	Assets/Product/Ui/UiModel/UiNewDrawMain/UiNewDrawMainRolePredestined.prefab				0
170329	1	1021004	Assets/Product/Ui/Scene3DPrefab/UiMain3dQishi.prefab	Assets/Product/Ui/UiModel/UiNewDrawMain/UiNewDrawMainRolePredestined.prefab				0
170330	1	1031004	Assets/Product/Ui/Scene3DPrefab/UiMain3dQishi.prefab	Assets/Product/Ui/UiModel/UiNewDrawMain/UiNewDrawMainRolePredestined.prefab				0
170331	1	1031003	Assets/Product/Ui/Scene3DPrefab/UiMain3dQishi_01.prefab	Assets/Product/Ui/UiModel/UiNewDrawMain/UiNewDrawMainRoleDescending.prefab				0
170332	1	1061003	Assets/Product/Ui/Scene3DPrefab/UiMain3dQishi_01.prefab	Assets/Product/Ui/UiModel/UiNewDrawMain/UiNewDrawMainRoleDescending.prefab				0
170333	1	1011003	Assets/Product/Ui/Scene3DPrefab/UiMain3dQishi_01.prefab	Assets/Product/Ui/UiModel/UiNewDrawMain/UiNewDrawMainRoleDescending.prefab				0
170334	1	1071003	Assets/Product/Ui/Scene3DPrefab/UiMain3dQishi_01.prefab	Assets/Product/Ui/UiModel/UiNewDrawMain/UiNewDrawMainRoleDescending.prefab				0
170335	1	1051003	Assets/Product/Ui/Scene3DPrefab/UiMain3dQishi_01.prefab	Assets/Product/Ui/UiModel/UiNewDrawMain/UiNewDrawMainRoleDescending.prefab				0
170336	1	1021003	Assets/Product/Ui/Scene3DPrefab/UiMain3dQishi_01.prefab	Assets/Product/Ui/UiModel/UiNewDrawMain/UiNewDrawMainRoleDescending.prefab				0
170337	1	1041003	Assets/Product/Ui/Scene3DPrefab/UiMain3dQishi_01.prefab	Assets/Product/Ui/UiModel/UiNewDrawMain/UiNewDrawMainRoleDescending.prefab				0
170338	1	1021004	Assets/Product/Ui/Scene3DPrefab/UiMain3dQishi_01.prefab	Assets/Product/Ui/UiModel/UiNewDrawMain/UiNewDrawMainRoleDescending.prefab				0
170339	1	1141003	Assets/Product/Ui/Scene3DPrefab/UiMain3dQishi_01.prefab	Assets/Product/Ui/UiModel/UiNewDrawMain/UiNewDrawMainRoleDescending.prefab				0
170340	1	1171003	Assets/Product/Ui/Scene3DPrefab/UiMain3dQishi_01.prefab	Assets/Product/Ui/UiModel/UiNewDrawMain/UiNewDrawMainRoleDescending.prefab				0
170341	1	1121003	Assets/Product/Ui/Scene3DPrefab/UiMain3dQishi_01.prefab	Assets/Product/Ui/UiModel/UiNewDrawMain/UiNewDrawMainRoleDescending.prefab				0
170342	1	1131003	Assets/Product/Ui/Scene3DPrefab/UiMain3dQishi_01.prefab	Assets/Product/Ui/UiModel/UiNewDrawMain/UiNewDrawMainRoleDescending.prefab				0
170343	1	1031004	Assets/Product/Ui/Scene3DPrefab/UiMain3dQishi_01.prefab	Assets/Product/Ui/UiModel/UiNewDrawMain/UiNewDrawMainRoleDescending.prefab				0
170344	1	1531004	Assets/Product/Ui/Scene3DPrefab/UiMain3dQishi_01.prefab	Assets/Product/Ui/UiModel/UiNewDrawMain/UiNewDrawMainRoleDescending.prefab				0
170345	1	1051004	Assets/Product/Ui/Scene3DPrefab/UiMain3dQishi_01.prefab	Assets/Product/Ui/UiModel/UiNewDrawMain/UiNewDrawMainRoleDescending.prefab				0
170346	1	1071004	Assets/Product/Ui/Scene3DPrefab/UiMain3dQishi_01.prefab	Assets/Product/Ui/UiModel/UiNewDrawMain/UiNewDrawMainRoleDescending.prefab				0
170347	1	1041004	Assets/Product/Ui/Scene3DPrefab/UiMain3dQishi_01.prefab	Assets/Product/Ui/UiModel/UiNewDrawMain/UiNewDrawMainRoleDescending.prefab				0
170348	1	1031003	Assets/Product/Ui/Scene3DPrefab/UiMain3dQishi.prefab	Assets/Product/Ui/UiModel/UiNewDrawMain/UiNewDrawMainRolePredestined.prefab				0
170349	1	1061003	Assets/Product/Ui/Scene3DPrefab/UiMain3dQishi.prefab	Assets/Product/Ui/UiModel/UiNewDrawMain/UiNewDrawMainRolePredestined.prefab				0
170350	1	1011003	Assets/Product/Ui/Scene3DPrefab/UiMain3dQishi.prefab	Assets/Product/Ui/UiModel/UiNewDrawMain/UiNewDrawMainRolePredestined.prefab				0
170351	1	1071003	Assets/Product/Ui/Scene3DPrefab/UiMain3dQishi.prefab	Assets/Product/Ui/UiModel/UiNewDrawMain/UiNewDrawMainRolePredestined.prefab				0
170352	1	1051003	Assets/Product/Ui/Scene3DPrefab/UiMain3dQishi.prefab	Assets/Product/Ui/UiModel/UiNewDrawMain/UiNewDrawMainRolePredestined.prefab				0
170353	1	1021003	Assets/Product/Ui/Scene3DPrefab/UiMain3dQishi.prefab	Assets/Product/Ui/UiModel/UiNewDrawMain/UiNewDrawMainRolePredestined.prefab				0
170354	1	1041003	Assets/Product/Ui/Scene3DPrefab/UiMain3dQishi.prefab	Assets/Product/Ui/UiModel/UiNewDrawMain/UiNewDrawMainRolePredestined.prefab				0
170355	1	1021004	Assets/Product/Ui/Scene3DPrefab/UiMain3dQishi.prefab	Assets/Product/Ui/UiModel/UiNewDrawMain/UiNewDrawMainRolePredestined.prefab				0
170356	1	1141003	Assets/Product/Ui/Scene3DPrefab/UiMain3dQishi.prefab	Assets/Product/Ui/UiModel/UiNewDrawMain/UiNewDrawMainRolePredestined.prefab				0
170357	1	1171003	Assets/Product/Ui/Scene3DPrefab/UiMain3dQishi.prefab	Assets/Product/Ui/UiModel/UiNewDrawMain/UiNewDrawMainRolePredestined.prefab				0
170358	1	1121003	Assets/Product/Ui/Scene3DPrefab/UiMain3dQishi.prefab	Assets/Product/Ui/UiModel/UiNewDrawMain/UiNewDrawMainRolePredestined.prefab				0
170359	1	1131003	Assets/Product/Ui/Scene3DPrefab/UiMain3dQishi.prefab	Assets/Product/Ui/UiModel/UiNewDrawMain/UiNewDrawMainRolePredestined.prefab				0
170360	1	1031004	Assets/Product/Ui/Scene3DPrefab/UiMain3dQishi.prefab	Assets/Product/Ui/UiModel/UiNewDrawMain/UiNewDrawMainRolePredestined.prefab				0
170361	1	1531004	Assets/Product/Ui/Scene3DPrefab/UiMain3dQishi.prefab	Assets/Product/Ui/UiModel/UiNewDrawMain/UiNewDrawMainRolePredestined.prefab				0
170362	1	1051004	Assets/Product/Ui/Scene3DPrefab/UiMain3dQishi.prefab	Assets/Product/Ui/UiModel/UiNewDrawMain/UiNewDrawMainRolePredestined.prefab				0
170363	1	1071004	Assets/Product/Ui/Scene3DPrefab/UiMain3dQishi.prefab	Assets/Product/Ui/UiModel/UiNewDrawMain/UiNewDrawMainRolePredestined.prefab				0
170364	1	1041004	Assets/Product/Ui/Scene3DPrefab/UiMain3dQishi.prefab	Assets/Product/Ui/UiModel/UiNewDrawMain/UiNewDrawMainRolePredestined.prefab				0
170365	1	1121003	Assets/Product/Ui/Scene3DPrefab/UiMain3dQishi_01.prefab	Assets/Product/Ui/UiModel/UiNewDrawMain/UiNewDrawMainRoleDescending.prefab				0
170366	1	1051004	Assets/Product/Ui/Scene3DPrefab/UiMain3dQishi_01.prefab	Assets/Product/Ui/UiModel/UiNewDrawMain/UiNewDrawMainRoleDescending.prefab				0
170367	1	1071004	Assets/Product/Ui/Scene3DPrefab/UiMain3dQishi_01.prefab	Assets/Product/Ui/UiModel/UiNewDrawMain/UiNewDrawMainRoleDescending.prefab				0
170368	1	1071003	Assets/Product/Ui/Scene3DPrefab/UiMain3dQishi_01.prefab	Assets/Product/Ui/UiModel/UiNewDrawMain/UiNewDrawMainRoleDescending.prefab				0
170369	1	1031003	Assets/Product/Ui/Scene3DPrefab/UiMain3dQishi_01.prefab	Assets/Product/Ui/UiModel/UiNewDrawMain/UiNewDrawMainRoleDescending.prefab				0
170370	1	1041004	Assets/Product/Ui/Scene3DPrefab/UiMain3dQishi_01.prefab	Assets/Product/Ui/UiModel/UiNewDrawMain/UiNewDrawMainRoleDescending.prefab				0
170371	1	1061003	Assets/Product/Ui/Scene3DPrefab/UiMain3dQishi_01.prefab	Assets/Product/Ui/UiModel/UiNewDrawMain/UiNewDrawMainRoleDescending.prefab				0
170372	1	1141003	Assets/Product/Ui/Scene3DPrefab/UiMain3dQishi_01.prefab	Assets/Product/Ui/UiModel/UiNewDrawMain/UiNewDrawMainRoleDescending.prefab				0
170373	1	1011004	Assets/Product/Ui/Scene3DPrefab/UiMain3dQishi_01.prefab	Assets/Product/Ui/UiModel/UiNewDrawMain/UiNewDrawMainRoleDescending.prefab				0
170374	1	1121003	Assets/Product/Ui/Scene3DPrefab/UiMain3dQishi.prefab	Assets/Product/Ui/UiModel/UiNewDrawMain/UiNewDrawMainRolePredestined.prefab				0
170375	1	1051004	Assets/Product/Ui/Scene3DPrefab/UiMain3dQishi.prefab	Assets/Product/Ui/UiModel/UiNewDrawMain/UiNewDrawMainRolePredestined.prefab				0
170376	1	1071004	Assets/Product/Ui/Scene3DPrefab/UiMain3dQishi.prefab	Assets/Product/Ui/UiModel/UiNewDrawMain/UiNewDrawMainRolePredestined.prefab				0
170377	1	1071003	Assets/Product/Ui/Scene3DPrefab/UiMain3dQishi.prefab	Assets/Product/Ui/UiModel/UiNewDrawMain/UiNewDrawMainRolePredestined.prefab				0
170378	1	1031003	Assets/Product/Ui/Scene3DPrefab/UiMain3dQishi.prefab	Assets/Product/Ui/UiModel/UiNewDrawMain/UiNewDrawMainRolePredestined.prefab				0
170379	1	1041004	Assets/Product/Ui/Scene3DPrefab/UiMain3dQishi.prefab	Assets/Product/Ui/UiModel/UiNewDrawMain/UiNewDrawMainRolePredestined.prefab				0
170380	1	1061003	Assets/Product/Ui/Scene3DPrefab/UiMain3dQishi.prefab	Assets/Product/Ui/UiModel/UiNewDrawMain/UiNewDrawMainRolePredestined.prefab				0
170381	1	1141003	Assets/Product/Ui/Scene3DPrefab/UiMain3dQishi.prefab	Assets/Product/Ui/UiModel/UiNewDrawMain/UiNewDrawMainRolePredestined.prefab				0
170382	1	1011004	Assets/Product/Ui/Scene3DPrefab/UiMain3dQishi.prefab	Assets/Product/Ui/UiModel/UiNewDrawMain/UiNewDrawMainRolePredestined.prefab				0
170383	1	1011003	Assets/Product/Ui/Scene3DPrefab/UiMain3dQishi_01.prefab	Assets/Product/Ui/UiModel/UiNewDrawMain/UiNewDrawMainRoleDescending.prefab				0
170384	1	1021003	Assets/Product/Ui/Scene3DPrefab/UiMain3dQishi_01.prefab	Assets/Product/Ui/UiModel/UiNewDrawMain/UiNewDrawMainRoleDescending.prefab				0
170385	1	1131003	Assets/Product/Ui/Scene3DPrefab/UiMain3dQishi_01.prefab	Assets/Product/Ui/UiModel/UiNewDrawMain/UiNewDrawMainRoleDescending.prefab				0
170386	1	1091003	Assets/Product/Ui/Scene3DPrefab/UiMain3dQishi_01.prefab	Assets/Product/Ui/UiModel/UiNewDrawMain/UiNewDrawMainRoleDescending.prefab				0
170387	1	1171003	Assets/Product/Ui/Scene3DPrefab/UiMain3dQishi_01.prefab	Assets/Product/Ui/UiModel/UiNewDrawMain/UiNewDrawMainRoleDescending.prefab				0
170388	1	1531004	Assets/Product/Ui/Scene3DPrefab/UiMain3dQishi_01.prefab	Assets/Product/Ui/UiModel/UiNewDrawMain/UiNewDrawMainRoleDescending.prefab				0
170389	1	1011003	Assets/Product/Ui/Scene3DPrefab/UiMain3dQishi.prefab	Assets/Product/Ui/UiModel/UiNewDrawMain/UiNewDrawMainRolePredestined.prefab				0
170390	1	1021003	Assets/Product/Ui/Scene3DPrefab/UiMain3dQishi.prefab	Assets/Product/Ui/UiModel/UiNewDrawMain/UiNewDrawMainRolePredestined.prefab				0
170391	1	1131003	Assets/Product/Ui/Scene3DPrefab/UiMain3dQishi.prefab	Assets/Product/Ui/UiModel/UiNewDrawMain/UiNewDrawMainRolePredestined.prefab				0
170392	1	1091003	Assets/Product/Ui/Scene3DPrefab/UiMain3dQishi.prefab	Assets/Product/Ui/UiModel/UiNewDrawMain/UiNewDrawMainRolePredestined.prefab				0
170393	1	1171003	Assets/Product/Ui/Scene3DPrefab/UiMain3dQishi.prefab	Assets/Product/Ui/UiModel/UiNewDrawMain/UiNewDrawMainRolePredestined.prefab				0
170394	1	1531004	Assets/Product/Ui/Scene3DPrefab/UiMain3dQishi.prefab	Assets/Product/Ui/UiModel/UiNewDrawMain/UiNewDrawMainRolePredestined.prefab				0
170395	1	1041003	Assets/Product/Ui/Scene3DPrefab/UiMain3dQishi_01.prefab	Assets/Product/Ui/UiModel/UiNewDrawMain/UiNewDrawMainRoleDescending.prefab				0
170396	1	1021004	Assets/Product/Ui/Scene3DPrefab/UiMain3dQishi_01.prefab	Assets/Product/Ui/UiModel/UiNewDrawMain/UiNewDrawMainRoleDescending.prefab				0
170397	1	1031004	Assets/Product/Ui/Scene3DPrefab/UiMain3dQishi_01.prefab	Assets/Product/Ui/UiModel/UiNewDrawMain/UiNewDrawMainRoleDescending.prefab				0
170398	1	1051004	Assets/Product/Ui/Scene3DPrefab/UiMain3dQishi_01.prefab	Assets/Product/Ui/UiModel/UiNewDrawMain/UiNewDrawMainRoleDescending.prefab				0
170399	1	1071004	Assets/Product/Ui/Scene3DPrefab/UiMain3dQishi_01.prefab	Assets/Product/Ui/UiModel/UiNewDrawMain/UiNewDrawMainRoleDescending.prefab				0
170400	1	1051003	Assets/Product/Ui/Scene3DPrefab/UiMain3dQishi_01.prefab	Assets/Product/Ui/UiModel/UiNewDrawMain/UiNewDrawMainRoleDescending.prefab				0
170401	1	1031003	Assets/Product/Ui/Scene3DPrefab/UiMain3dQishi_01.prefab	Assets/Product/Ui/UiModel/UiNewDrawMain/UiNewDrawMainRoleDescending.prefab				0
170402	1	1121003	Assets/Product/Ui/Scene3DPrefab/UiMain3dQishi_01.prefab	Assets/Product/Ui/UiModel/UiNewDrawMain/UiNewDrawMainRoleDescending.prefab				0
170403	1	1021005	Assets/Product/Ui/Scene3DPrefab/UiMain3dQishi_01.prefab	Assets/Product/Ui/UiModel/UiNewDrawMain/UiNewDrawMainRoleDescending.prefab				0
170404	1	1041003	Assets/Product/Ui/Scene3DPrefab/UiMain3dQishi.prefab	Assets/Product/Ui/UiModel/UiNewDrawMain/UiNewDrawMainRolePredestined.prefab				0
170405	1	1021004	Assets/Product/Ui/Scene3DPrefab/UiMain3dQishi.prefab	Assets/Product/Ui/UiModel/UiNewDrawMain/UiNewDrawMainRolePredestined.prefab				0
170406	1	1031004	Assets/Product/Ui/Scene3DPrefab/UiMain3dQishi.prefab	Assets/Product/Ui/UiModel/UiNewDrawMain/UiNewDrawMainRolePredestined.prefab				0
170407	1	1051004	Assets/Product/Ui/Scene3DPrefab/UiMain3dQishi.prefab	Assets/Product/Ui/UiModel/UiNewDrawMain/UiNewDrawMainRolePredestined.prefab				0
170408	1	1071004	Assets/Product/Ui/Scene3DPrefab/UiMain3dQishi.prefab	Assets/Product/Ui/UiModel/UiNewDrawMain/UiNewDrawMainRolePredestined.prefab				0
170409	1	1051003	Assets/Product/Ui/Scene3DPrefab/UiMain3dQishi.prefab	Assets/Product/Ui/UiModel/UiNewDrawMain/UiNewDrawMainRolePredestined.prefab				0
170410	1	1031003	Assets/Product/Ui/Scene3DPrefab/UiMain3dQishi.prefab	Assets/Product/Ui/UiModel/UiNewDrawMain/UiNewDrawMainRolePredestined.prefab				0
170411	1	1121003	Assets/Product/Ui/Scene3DPrefab/UiMain3dQishi.prefab	Assets/Product/Ui/UiModel/UiNewDrawMain/UiNewDrawMainRolePredestined.prefab				0
170412	1	1021005	Assets/Product/Ui/Scene3DPrefab/UiMain3dQishi.prefab	Assets/Product/Ui/UiModel/UiNewDrawMain/UiNewDrawMainRolePredestined.prefab				0
170413	1	1011004	Assets/Product/Ui/Scene3DPrefab/UiMain3dQishi_01.prefab	Assets/Product/Ui/UiModel/UiNewDrawMain/UiNewDrawMainRoleDescending.prefab				0
170414	1	1041004	Assets/Product/Ui/Scene3DPrefab/UiMain3dQishi_01.prefab	Assets/Product/Ui/UiModel/UiNewDrawMain/UiNewDrawMainRoleDescending.prefab				0
170415	1	1141003	Assets/Product/Ui/Scene3DPrefab/UiMain3dQishi_01.prefab	Assets/Product/Ui/UiModel/UiNewDrawMain/UiNewDrawMainRoleDescending.prefab				0
170416	1	1531004	Assets/Product/Ui/Scene3DPrefab/UiMain3dQishi_01.prefab	Assets/Product/Ui/UiModel/UiNewDrawMain/UiNewDrawMainRoleDescending.prefab				0
170417	1	1131003	Assets/Product/Ui/Scene3DPrefab/UiMain3dQishi_01.prefab	Assets/Product/Ui/UiModel/UiNewDrawMain/UiNewDrawMainRoleDescending.prefab				0
170418	1	1021003	Assets/Product/Ui/Scene3DPrefab/UiMain3dQishi_01.prefab	Assets/Product/Ui/UiModel/UiNewDrawMain/UiNewDrawMainRoleDescending.prefab				0
170419	1	1011004	Assets/Product/Ui/Scene3DPrefab/UiMain3dQishi.prefab	Assets/Product/Ui/UiModel/UiNewDrawMain/UiNewDrawMainRolePredestined.prefab				0
170420	1	1041004	Assets/Product/Ui/Scene3DPrefab/UiMain3dQishi.prefab	Assets/Product/Ui/UiModel/UiNewDrawMain/UiNewDrawMainRolePredestined.prefab				0
170421	1	1141003	Assets/Product/Ui/Scene3DPrefab/UiMain3dQishi.prefab	Assets/Product/Ui/UiModel/UiNewDrawMain/UiNewDrawMainRolePredestined.prefab				0
170422	1	1531004	Assets/Product/Ui/Scene3DPrefab/UiMain3dQishi.prefab	Assets/Product/Ui/UiModel/UiNewDrawMain/UiNewDrawMainRolePredestined.prefab				0
170423	1	1131003	Assets/Product/Ui/Scene3DPrefab/UiMain3dQishi.prefab	Assets/Product/Ui/UiModel/UiNewDrawMain/UiNewDrawMainRolePredestined.prefab				0
170424	1	1021003	Assets/Product/Ui/Scene3DPrefab/UiMain3dQishi.prefab	Assets/Product/Ui/UiModel/UiNewDrawMain/UiNewDrawMainRolePredestined.prefab				0
170425	1	1021004	Assets/Product/Ui/Scene3DPrefab/UiMain3dQishi_01.prefab	Assets/Product/Ui/UiModel/UiNewDrawMain/UiNewDrawMainRoleDescending.prefab				0
170426	1	1091003	Assets/Product/Ui/Scene3DPrefab/UiMain3dQishi_01.prefab	Assets/Product/Ui/UiModel/UiNewDrawMain/UiNewDrawMainRoleDescending.prefab				0
170427	1	1171003	Assets/Product/Ui/Scene3DPrefab/UiMain3dQishi_01.prefab	Assets/Product/Ui/UiModel/UiNewDrawMain/UiNewDrawMainRoleDescending.prefab				0
170428	1	1031004	Assets/Product/Ui/Scene3DPrefab/UiMain3dQishi_01.prefab	Assets/Product/Ui/UiModel/UiNewDrawMain/UiNewDrawMainRoleDescending.prefab				0
170429	1	1221003	Assets/Product/Ui/Scene3DPrefab/UiMain3dQishi_01.prefab	Assets/Product/Ui/UiModel/UiNewDrawMain/UiNewDrawMainRoleDescending.prefab				0
170430	1	1071004	Assets/Product/Ui/Scene3DPrefab/UiMain3dQishi_01.prefab	Assets/Product/Ui/UiModel/UiNewDrawMain/UiNewDrawMainRoleDescending.prefab				0
170431	1	1061003	Assets/Product/Ui/Scene3DPrefab/UiMain3dQishi_01.prefab	Assets/Product/Ui/UiModel/UiNewDrawMain/UiNewDrawMainRoleDescending.prefab				0
170432	1	1021005	Assets/Product/Ui/Scene3DPrefab/UiMain3dQishi_01.prefab	Assets/Product/Ui/UiModel/UiNewDrawMain/UiNewDrawMainRoleDescending.prefab				0
170433	1	1051004	Assets/Product/Ui/Scene3DPrefab/UiMain3dQishi_01.prefab	Assets/Product/Ui/UiModel/UiNewDrawMain/UiNewDrawMainRoleDescending.prefab				0
170434	1	1021004	Assets/Product/Ui/Scene3DPrefab/UiMain3dQishi.prefab	Assets/Product/Ui/UiModel/UiNewDrawMain/UiNewDrawMainRolePredestined.prefab				0
170435	1	1091003	Assets/Product/Ui/Scene3DPrefab/UiMain3dQishi.prefab	Assets/Product/Ui/UiModel/UiNewDrawMain/UiNewDrawMainRolePredestined.prefab				0
170436	1	1171003	Assets/Product/Ui/Scene3DPrefab/UiMain3dQishi.prefab	Assets/Product/Ui/UiModel/UiNewDrawMain/UiNewDrawMainRolePredestined.prefab				0
170437	1	1031004	Assets/Product/Ui/Scene3DPrefab/UiMain3dQishi.prefab	Assets/Product/Ui/UiModel/UiNewDrawMain/UiNewDrawMainRolePredestined.prefab				0
170438	1	1221003	Assets/Product/Ui/Scene3DPrefab/UiMain3dQishi.prefab	Assets/Product/Ui/UiModel/UiNewDrawMain/UiNewDrawMainRolePredestined.prefab				0
170439	1	1071004	Assets/Product/Ui/Scene3DPrefab/UiMain3dQishi.prefab	Assets/Product/Ui/UiModel/UiNewDrawMain/UiNewDrawMainRolePredestined.prefab				0
170440	1	1061003	Assets/Product/Ui/Scene3DPrefab/UiMain3dQishi.prefab	Assets/Product/Ui/UiModel/UiNewDrawMain/UiNewDrawMainRolePredestined.prefab				0
170441	1	1021005	Assets/Product/Ui/Scene3DPrefab/UiMain3dQishi.prefab	Assets/Product/Ui/UiModel/UiNewDrawMain/UiNewDrawMainRolePredestined.prefab				0
170442	1	1051004	Assets/Product/Ui/Scene3DPrefab/UiMain3dQishi.prefab	Assets/Product/Ui/UiModel/UiNewDrawMain/UiNewDrawMainRolePredestined.prefab				0
170443	1	1031003	Assets/Product/Ui/Scene3DPrefab/UiMain3dQishi_01.prefab	Assets/Product/Ui/UiModel/UiNewDrawMain/UiNewDrawMainRoleDescending.prefab				0
170444	1	1061003	Assets/Product/Ui/Scene3DPrefab/UiMain3dQishi_01.prefab	Assets/Product/Ui/UiModel/UiNewDrawMain/UiNewDrawMainRoleDescending.prefab				0
170445	1	1011003	Assets/Product/Ui/Scene3DPrefab/UiMain3dQishi_01.prefab	Assets/Product/Ui/UiModel/UiNewDrawMain/UiNewDrawMainRoleDescending.prefab				0
170446	1	1071003	Assets/Product/Ui/Scene3DPrefab/UiMain3dQishi_01.prefab	Assets/Product/Ui/UiModel/UiNewDrawMain/UiNewDrawMainRoleDescending.prefab				0
170447	1	1051003	Assets/Product/Ui/Scene3DPrefab/UiMain3dQishi_01.prefab	Assets/Product/Ui/UiModel/UiNewDrawMain/UiNewDrawMainRoleDescending.prefab				0
170448	1	1021003	Assets/Product/Ui/Scene3DPrefab/UiMain3dQishi_01.prefab	Assets/Product/Ui/UiModel/UiNewDrawMain/UiNewDrawMainRoleDescending.prefab				0
170449	1	1041003	Assets/Product/Ui/Scene3DPrefab/UiMain3dQishi_01.prefab	Assets/Product/Ui/UiModel/UiNewDrawMain/UiNewDrawMainRoleDescending.prefab				0
170450	1	1021004	Assets/Product/Ui/Scene3DPrefab/UiMain3dQishi_01.prefab	Assets/Product/Ui/UiModel/UiNewDrawMain/UiNewDrawMainRoleDescending.prefab				0
170451	1	1141003	Assets/Product/Ui/Scene3DPrefab/UiMain3dQishi_01.prefab	Assets/Product/Ui/UiModel/UiNewDrawMain/UiNewDrawMainRoleDescending.prefab				0
170452	1	1171003	Assets/Product/Ui/Scene3DPrefab/UiMain3dQishi_01.prefab	Assets/Product/Ui/UiModel/UiNewDrawMain/UiNewDrawMainRoleDescending.prefab				0
170453	1	1121003	Assets/Product/Ui/Scene3DPrefab/UiMain3dQishi_01.prefab	Assets/Product/Ui/UiModel/UiNewDrawMain/UiNewDrawMainRoleDescending.prefab				0
170454	1	1131003	Assets/Product/Ui/Scene3DPrefab/UiMain3dQishi_01.prefab	Assets/Product/Ui/UiModel/UiNewDrawMain/UiNewDrawMainRoleDescending.prefab				0
170455	1	1031004	Assets/Product/Ui/Scene3DPrefab/UiMain3dQishi_01.prefab	Assets/Product/Ui/UiModel/UiNewDrawMain/UiNewDrawMainRoleDescending.prefab				0
170456	1	1531004	Assets/Product/Ui/Scene3DPrefab/UiMain3dQishi_01.prefab	Assets/Product/Ui/UiModel/UiNewDrawMain/UiNewDrawMainRoleDescending.prefab				0
170457	1	1051004	Assets/Product/Ui/Scene3DPrefab/UiMain3dQishi_01.prefab	Assets/Product/Ui/UiModel/UiNewDrawMain/UiNewDrawMainRoleDescending.prefab				0
170458	1	1071004	Assets/Product/Ui/Scene3DPrefab/UiMain3dQishi_01.prefab	Assets/Product/Ui/UiModel/UiNewDrawMain/UiNewDrawMainRoleDescending.prefab				0
170459	1	1041004	Assets/Product/Ui/Scene3DPrefab/UiMain3dQishi_01.prefab	Assets/Product/Ui/UiModel/UiNewDrawMain/UiNewDrawMainRoleDescending.prefab				0
170460	1	1011004	Assets/Product/Ui/Scene3DPrefab/UiMain3dQishi_01.prefab	Assets/Product/Ui/UiModel/UiNewDrawMain/UiNewDrawMainRoleDescending.prefab				0
170461	1	1091003	Assets/Product/Ui/Scene3DPrefab/UiMain3dQishi_01.prefab	Assets/Product/Ui/UiModel/UiNewDrawMain/UiNewDrawMainRoleDescending.prefab				0
170462	1	1021005	Assets/Product/Ui/Scene3DPrefab/UiMain3dQishi_01.prefab	Assets/Product/Ui/UiModel/UiNewDrawMain/UiNewDrawMainRoleDescending.prefab				0
170463	1	1031003	Assets/Product/Ui/Scene3DPrefab/UiMain3dQishi.prefab	Assets/Product/Ui/UiModel/UiNewDrawMain/UiNewDrawMainRolePredestined.prefab				0
170464	1	1061003	Assets/Product/Ui/Scene3DPrefab/UiMain3dQishi.prefab	Assets/Product/Ui/UiModel/UiNewDrawMain/UiNewDrawMainRolePredestined.prefab				0
170465	1	1011003	Assets/Product/Ui/Scene3DPrefab/UiMain3dQishi.prefab	Assets/Product/Ui/UiModel/UiNewDrawMain/UiNewDrawMainRolePredestined.prefab				0
170466	1	1071003	Assets/Product/Ui/Scene3DPrefab/UiMain3dQishi.prefab	Assets/Product/Ui/UiModel/UiNewDrawMain/UiNewDrawMainRolePredestined.prefab				0
170467	1	1051003	Assets/Product/Ui/Scene3DPrefab/UiMain3dQishi.prefab	Assets/Product/Ui/UiModel/UiNewDrawMain/UiNewDrawMainRolePredestined.prefab				0
170468	1	1021003	Assets/Product/Ui/Scene3DPrefab/UiMain3dQishi.prefab	Assets/Product/Ui/UiModel/UiNewDrawMain/UiNewDrawMainRolePredestined.prefab				0
170469	1	1041003	Assets/Product/Ui/Scene3DPrefab/UiMain3dQishi.prefab	Assets/Product/Ui/UiModel/UiNewDrawMain/UiNewDrawMainRolePredestined.prefab				0
170470	1	1021004	Assets/Product/Ui/Scene3DPrefab/UiMain3dQishi.prefab	Assets/Product/Ui/UiModel/UiNewDrawMain/UiNewDrawMainRolePredestined.prefab				0
170471	1	1141003	Assets/Product/Ui/Scene3DPrefab/UiMain3dQishi.prefab	Assets/Product/Ui/UiModel/UiNewDrawMain/UiNewDrawMainRolePredestined.prefab				0
170472	1	1171003	Assets/Product/Ui/Scene3DPrefab/UiMain3dQishi.prefab	Assets/Product/Ui/UiModel/UiNewDrawMain/UiNewDrawMainRolePredestined.prefab				0
170473	1	1121003	Assets/Product/Ui/Scene3DPrefab/UiMain3dQishi.prefab	Assets/Product/Ui/UiModel/UiNewDrawMain/UiNewDrawMainRolePredestined.prefab				0
170474	1	1131003	Assets/Product/Ui/Scene3DPrefab/UiMain3dQishi.prefab	Assets/Product/Ui/UiModel/UiNewDrawMain/UiNewDrawMainRolePredestined.prefab				0
170475	1	1031004	Assets/Product/Ui/Scene3DPrefab/UiMain3dQishi.prefab	Assets/Product/Ui/UiModel/UiNewDrawMain/UiNewDrawMainRolePredestined.prefab				0
170476	1	1531004	Assets/Product/Ui/Scene3DPrefab/UiMain3dQishi.prefab	Assets/Product/Ui/UiModel/UiNewDrawMain/UiNewDrawMainRolePredestined.prefab				0
170477	1	1051004	Assets/Product/Ui/Scene3DPrefab/UiMain3dQishi.prefab	Assets/Product/Ui/UiModel/UiNewDrawMain/UiNewDrawMainRolePredestined.prefab				0
170478	1	1071004	Assets/Product/Ui/Scene3DPrefab/UiMain3dQishi.prefab	Assets/Product/Ui/UiModel/UiNewDrawMain/UiNewDrawMainRolePredestined.prefab				0
170479	1	1041004	Assets/Product/Ui/Scene3DPrefab/UiMain3dQishi.prefab	Assets/Product/Ui/UiModel/UiNewDrawMain/UiNewDrawMainRolePredestined.prefab				0
170480	1	1011004	Assets/Product/Ui/Scene3DPrefab/UiMain3dQishi.prefab	Assets/Product/Ui/UiModel/UiNewDrawMain/UiNewDrawMainRolePredestined.prefab				0
170481	1	1091003	Assets/Product/Ui/Scene3DPrefab/UiMain3dQishi.prefab	Assets/Product/Ui/UiModel/UiNewDrawMain/UiNewDrawMainRolePredestined.prefab				0
170482	1	1021005	Assets/Product/Ui/Scene3DPrefab/UiMain3dQishi.prefab	Assets/Product/Ui/UiModel/UiNewDrawMain/UiNewDrawMainRolePredestined.prefab				0
170483	1	1041004	Assets/Product/Ui/Scene3DPrefab/UiMain3dQishi_01.prefab	Assets/Product/Ui/UiModel/UiNewDrawMain/UiNewDrawMainRoleDescending.prefab				0
170484	1	1531004	Assets/Product/Ui/Scene3DPrefab/UiMain3dQishi_01.prefab	Assets/Product/Ui/UiModel/UiNewDrawMain/UiNewDrawMainRoleDescending.prefab				0
170485	1	1011004	Assets/Product/Ui/Scene3DPrefab/UiMain3dQishi_01.prefab	Assets/Product/Ui/UiModel/UiNewDrawMain/UiNewDrawMainRoleDescending.prefab				0
170486	1	1071004	Assets/Product/Ui/Scene3DPrefab/UiMain3dQishi_01.prefab	Assets/Product/Ui/UiModel/UiNewDrawMain/UiNewDrawMainRoleDescending.prefab				0
170487	1	1021003	Assets/Product/Ui/Scene3DPrefab/UiMain3dQishi_01.prefab	Assets/Product/Ui/UiModel/UiNewDrawMain/UiNewDrawMainRoleDescending.prefab				0
170488	1	1141003	Assets/Product/Ui/Scene3DPrefab/UiMain3dQishi_01.prefab	Assets/Product/Ui/UiModel/UiNewDrawMain/UiNewDrawMainRoleDescending.prefab				0
170489	1	1041004	Assets/Product/Ui/Scene3DPrefab/UiMain3dQishi.prefab	Assets/Product/Ui/UiModel/UiNewDrawMain/UiNewDrawMainRolePredestined.prefab				0
170490	1	1531004	Assets/Product/Ui/Scene3DPrefab/UiMain3dQishi.prefab	Assets/Product/Ui/UiModel/UiNewDrawMain/UiNewDrawMainRolePredestined.prefab				0
170491	1	1011004	Assets/Product/Ui/Scene3DPrefab/UiMain3dQishi.prefab	Assets/Product/Ui/UiModel/UiNewDrawMain/UiNewDrawMainRolePredestined.prefab				0
170492	1	1071004	Assets/Product/Ui/Scene3DPrefab/UiMain3dQishi.prefab	Assets/Product/Ui/UiModel/UiNewDrawMain/UiNewDrawMainRolePredestined.prefab				0
170493	1	1021003	Assets/Product/Ui/Scene3DPrefab/UiMain3dQishi.prefab	Assets/Product/Ui/UiModel/UiNewDrawMain/UiNewDrawMainRolePredestined.prefab				0
170494	1	1141003	Assets/Product/Ui/Scene3DPrefab/UiMain3dQishi.prefab	Assets/Product/Ui/UiModel/UiNewDrawMain/UiNewDrawMainRolePredestined.prefab				0
170495	1	1041003	Assets/Product/Ui/Scene3DPrefab/UiMain3dQishi_01.prefab	Assets/Product/Ui/UiModel/UiNewDrawMain/UiNewDrawMainRoleDescending.prefab				0
170496	1	1131003	Assets/Product/Ui/Scene3DPrefab/UiMain3dQishi_01.prefab	Assets/Product/Ui/UiModel/UiNewDrawMain/UiNewDrawMainRoleDescending.prefab				0
170497	1	1091003	Assets/Product/Ui/Scene3DPrefab/UiMain3dQishi_01.prefab	Assets/Product/Ui/UiModel/UiNewDrawMain/UiNewDrawMainRoleDescending.prefab				0
170498	1	1021004	Assets/Product/Ui/Scene3DPrefab/UiMain3dQishi_01.prefab	Assets/Product/Ui/UiModel/UiNewDrawMain/UiNewDrawMainRoleDescending.prefab				0
170499	1	1041004	Assets/Product/Ui/Scene3DPrefab/UiMain3dQishi_01.prefab	Assets/Product/Ui/UiModel/UiNewDrawMain/UiNewDrawMainRoleDescending.prefab				0
170500	1	1121003	Assets/Product/Ui/Scene3DPrefab/UiMain3dQishi_01.prefab	Assets/Product/Ui/UiModel/UiNewDrawMain/UiNewDrawMainRoleDescending.prefab				0
170501	1	1221003	Assets/Product/Ui/Scene3DPrefab/UiMain3dQishi_01.prefab	Assets/Product/Ui/UiModel/UiNewDrawMain/UiNewDrawMainRoleDescending.prefab				0
170502	1	1261003	Assets/Product/Ui/Scene3DPrefab/UiMain3dQishi_01.prefab	Assets/Product/Ui/UiModel/UiNewDrawMain/UiNewDrawMainRoleDescending.prefab				0
170503	1	1031004	Assets/Product/Ui/Scene3DPrefab/UiMain3dQishi_01.prefab	Assets/Product/Ui/UiModel/UiNewDrawMain/UiNewDrawMainRoleDescending.prefab				0
170504	1	1041003	Assets/Product/Ui/Scene3DPrefab/UiMain3dQishi.prefab	Assets/Product/Ui/UiModel/UiNewDrawMain/UiNewDrawMainRolePredestined.prefab				0
170505	1	1131003	Assets/Product/Ui/Scene3DPrefab/UiMain3dQishi.prefab	Assets/Product/Ui/UiModel/UiNewDrawMain/UiNewDrawMainRolePredestined.prefab				0
170506	1	1091003	Assets/Product/Ui/Scene3DPrefab/UiMain3dQishi.prefab	Assets/Product/Ui/UiModel/UiNewDrawMain/UiNewDrawMainRolePredestined.prefab				0
170507	1	1021004	Assets/Product/Ui/Scene3DPrefab/UiMain3dQishi.prefab	Assets/Product/Ui/UiModel/UiNewDrawMain/UiNewDrawMainRolePredestined.prefab				0
170508	1	1041004	Assets/Product/Ui/Scene3DPrefab/UiMain3dQishi.prefab	Assets/Product/Ui/UiModel/UiNewDrawMain/UiNewDrawMainRolePredestined.prefab				0
170509	1	1121003	Assets/Product/Ui/Scene3DPrefab/UiMain3dQishi.prefab	Assets/Product/Ui/UiModel/UiNewDrawMain/UiNewDrawMainRolePredestined.prefab				0
170510	1	1221003	Assets/Product/Ui/Scene3DPrefab/UiMain3dQishi.prefab	Assets/Product/Ui/UiModel/UiNewDrawMain/UiNewDrawMainRolePredestined.prefab				0
170511	1	1261003	Assets/Product/Ui/Scene3DPrefab/UiMain3dQishi.prefab	Assets/Product/Ui/UiModel/UiNewDrawMain/UiNewDrawMainRolePredestined.prefab				0
170512	1	1031004	Assets/Product/Ui/Scene3DPrefab/UiMain3dQishi.prefab	Assets/Product/Ui/UiModel/UiNewDrawMain/UiNewDrawMainRolePredestined.prefab				0
170513	1	1031003	Assets/Product/Ui/Scene3DPrefab/UiMain3dQishi_01.prefab	Assets/Product/Ui/UiModel/UiNewDrawMain/UiNewDrawMainRoleDescending.prefab				0
170514	1	1021005	Assets/Product/Ui/Scene3DPrefab/UiMain3dQishi_01.prefab	Assets/Product/Ui/UiModel/UiNewDrawMain/UiNewDrawMainRoleDescending.prefab				0
170515	1	1171003	Assets/Product/Ui/Scene3DPrefab/UiMain3dQishi_01.prefab	Assets/Product/Ui/UiModel/UiNewDrawMain/UiNewDrawMainRoleDescending.prefab				0
170516	1	1091003	Assets/Product/Ui/Scene3DPrefab/UiMain3dQishi_01.prefab	Assets/Product/Ui/UiModel/UiNewDrawMain/UiNewDrawMainRoleDescending.prefab				0
170517	1	1271003	Assets/Product/Ui/Scene3DPrefab/UiMain3dQishi_01.prefab	Assets/Product/Ui/UiModel/UiNewDrawMain/UiNewDrawMainRoleDescending.prefab				0
170518	1	1011004	Assets/Product/Ui/Scene3DPrefab/UiMain3dQishi_01.prefab	Assets/Product/Ui/UiModel/UiNewDrawMain/UiNewDrawMainRoleDescending.prefab				0
170519	1	1031003	Assets/Product/Ui/Scene3DPrefab/UiMain3dQishi.prefab	Assets/Product/Ui/UiModel/UiNewDrawMain/UiNewDrawMainRolePredestined.prefab				0
170520	1	1021005	Assets/Product/Ui/Scene3DPrefab/UiMain3dQishi.prefab	Assets/Product/Ui/UiModel/UiNewDrawMain/UiNewDrawMainRolePredestined.prefab				0
170521	1	1171003	Assets/Product/Ui/Scene3DPrefab/UiMain3dQishi.prefab	Assets/Product/Ui/UiModel/UiNewDrawMain/UiNewDrawMainRolePredestined.prefab				0
170522	1	1091003	Assets/Product/Ui/Scene3DPrefab/UiMain3dQishi.prefab	Assets/Product/Ui/UiModel/UiNewDrawMain/UiNewDrawMainRolePredestined.prefab				0
170523	1	1271003	Assets/Product/Ui/Scene3DPrefab/UiMain3dQishi.prefab	Assets/Product/Ui/UiModel/UiNewDrawMain/UiNewDrawMainRolePredestined.prefab				0
170524	1	1011004	Assets/Product/Ui/Scene3DPrefab/UiMain3dQishi.prefab	Assets/Product/Ui/UiModel/UiNewDrawMain/UiNewDrawMainRolePredestined.prefab				0
170525	1	1531004	Assets/Product/Ui/Scene3DPrefab/UiMain3dQishi_01.prefab	Assets/Product/Ui/UiModel/UiNewDrawMain/UiNewDrawMainRoleDescending.prefab				0
170526	1	1131003	Assets/Product/Ui/Scene3DPrefab/UiMain3dQishi_01.prefab	Assets/Product/Ui/UiModel/UiNewDrawMain/UiNewDrawMainRoleDescending.prefab				0
170527	1	1021003	Assets/Product/Ui/Scene3DPrefab/UiMain3dQishi_01.prefab	Assets/Product/Ui/UiModel/UiNewDrawMain/UiNewDrawMainRoleDescending.prefab				0
170528	1	1071004	Assets/Product/Ui/Scene3DPrefab/UiMain3dQishi_01.prefab	Assets/Product/Ui/UiModel/UiNewDrawMain/UiNewDrawMainRoleDescending.prefab				0
170529	1	1221003	Assets/Product/Ui/Scene3DPrefab/UiMain3dQishi_01.prefab	Assets/Product/Ui/UiModel/UiNewDrawMain/UiNewDrawMainRoleDescending.prefab				0
170530	1	1071003	Assets/Product/Ui/Scene3DPrefab/UiMain3dQishi_01.prefab	Assets/Product/Ui/UiModel/UiNewDrawMain/UiNewDrawMainRoleDescending.prefab				0
170531	1	1141003	Assets/Product/Ui/Scene3DPrefab/UiMain3dQishi_01.prefab	Assets/Product/Ui/UiModel/UiNewDrawMain/UiNewDrawMainRoleDescending.prefab				0
170532	1	1041004	Assets/Product/Ui/Scene3DPrefab/UiMain3dQishi_01.prefab	Assets/Product/Ui/UiModel/UiNewDrawMain/UiNewDrawMainRoleDescending.prefab				0
170533	1	1121003	Assets/Product/Ui/Scene3DPrefab/UiMain3dQishi_01.prefab	Assets/Product/Ui/UiModel/UiNewDrawMain/UiNewDrawMainRoleDescending.prefab				0
170534	1	1531004	Assets/Product/Ui/Scene3DPrefab/UiMain3dQishi.prefab	Assets/Product/Ui/UiModel/UiNewDrawMain/UiNewDrawMainRolePredestined.prefab				0
170535	1	1131003	Assets/Product/Ui/Scene3DPrefab/UiMain3dQishi.prefab	Assets/Product/Ui/UiModel/UiNewDrawMain/UiNewDrawMainRolePredestined.prefab				0
170536	1	1021003	Assets/Product/Ui/Scene3DPrefab/UiMain3dQishi.prefab	Assets/Product/Ui/UiModel/UiNewDrawMain/UiNewDrawMainRolePredestined.prefab				0
170537	1	1071004	Assets/Product/Ui/Scene3DPrefab/UiMain3dQishi.prefab	Assets/Product/Ui/UiModel/UiNewDrawMain/UiNewDrawMainRolePredestined.prefab				0
170538	1	1221003	Assets/Product/Ui/Scene3DPrefab/UiMain3dQishi.prefab	Assets/Product/Ui/UiModel/UiNewDrawMain/UiNewDrawMainRolePredestined.prefab				0
170539	1	1071003	Assets/Product/Ui/Scene3DPrefab/UiMain3dQishi.prefab	Assets/Product/Ui/UiModel/UiNewDrawMain/UiNewDrawMainRolePredestined.prefab				0
170540	1	1141003	Assets/Product/Ui/Scene3DPrefab/UiMain3dQishi.prefab	Assets/Product/Ui/UiModel/UiNewDrawMain/UiNewDrawMainRolePredestined.prefab				0
170541	1	1041004	Assets/Product/Ui/Scene3DPrefab/UiMain3dQishi.prefab	Assets/Product/Ui/UiModel/UiNewDrawMain/UiNewDrawMainRolePredestined.prefab				0
170542	1	1121003	Assets/Product/Ui/Scene3DPrefab/UiMain3dQishi.prefab	Assets/Product/Ui/UiModel/UiNewDrawMain/UiNewDrawMainRolePredestined.prefab				0
170543	1	1271003	Assets/Product/Ui/Scene3DPrefab/UiMain3dQishi_01.prefab	Assets/Product/Ui/UiModel/UiNewDrawMain/UiNewDrawMainRoleDescending.prefab				0
170544	1	1261003	Assets/Product/Ui/Scene3DPrefab/UiMain3dQishi_01.prefab	Assets/Product/Ui/UiModel/UiNewDrawMain/UiNewDrawMainRoleDescending.prefab				0
170545	1	1221003	Assets/Product/Ui/Scene3DPrefab/UiMain3dQishi_01.prefab	Assets/Product/Ui/UiModel/UiNewDrawMain/UiNewDrawMainRoleDescending.prefab				0
170546	1	1021005	Assets/Product/Ui/Scene3DPrefab/UiMain3dQishi_01.prefab	Assets/Product/Ui/UiModel/UiNewDrawMain/UiNewDrawMainRoleDescending.prefab				0
170547	1	1091003	Assets/Product/Ui/Scene3DPrefab/UiMain3dQishi_01.prefab	Assets/Product/Ui/UiModel/UiNewDrawMain/UiNewDrawMainRoleDescending.prefab				0
170548	1	1011004	Assets/Product/Ui/Scene3DPrefab/UiMain3dQishi_01.prefab	Assets/Product/Ui/UiModel/UiNewDrawMain/UiNewDrawMainRoleDescending.prefab				0
170549	1	1041004	Assets/Product/Ui/Scene3DPrefab/UiMain3dQishi_01.prefab	Assets/Product/Ui/UiModel/UiNewDrawMain/UiNewDrawMainRoleDescending.prefab				0
170550	1	1071004	Assets/Product/Ui/Scene3DPrefab/UiMain3dQishi_01.prefab	Assets/Product/Ui/UiModel/UiNewDrawMain/UiNewDrawMainRoleDescending.prefab				0
170551	1	1051004	Assets/Product/Ui/Scene3DPrefab/UiMain3dQishi_01.prefab	Assets/Product/Ui/UiModel/UiNewDrawMain/UiNewDrawMainRoleDescending.prefab				0
170552	1	1531004	Assets/Product/Ui/Scene3DPrefab/UiMain3dQishi_01.prefab	Assets/Product/Ui/UiModel/UiNewDrawMain/UiNewDrawMainRoleDescending.prefab				0
170553	1	1031004	Assets/Product/Ui/Scene3DPrefab/UiMain3dQishi_01.prefab	Assets/Product/Ui/UiModel/UiNewDrawMain/UiNewDrawMainRoleDescending.prefab				0
170554	1	1131003	Assets/Product/Ui/Scene3DPrefab/UiMain3dQishi_01.prefab	Assets/Product/Ui/UiModel/UiNewDrawMain/UiNewDrawMainRoleDescending.prefab				0
170555	1	1121003	Assets/Product/Ui/Scene3DPrefab/UiMain3dQishi_01.prefab	Assets/Product/Ui/UiModel/UiNewDrawMain/UiNewDrawMainRoleDescending.prefab				0
170556	1	1171003	Assets/Product/Ui/Scene3DPrefab/UiMain3dQishi_01.prefab	Assets/Product/Ui/UiModel/UiNewDrawMain/UiNewDrawMainRoleDescending.prefab				0
170557	1	1141003	Assets/Product/Ui/Scene3DPrefab/UiMain3dQishi_01.prefab	Assets/Product/Ui/UiModel/UiNewDrawMain/UiNewDrawMainRoleDescending.prefab				0
170558	1	1021004	Assets/Product/Ui/Scene3DPrefab/UiMain3dQishi_01.prefab	Assets/Product/Ui/UiModel/UiNewDrawMain/UiNewDrawMainRoleDescending.prefab				0
170559	1	1041003	Assets/Product/Ui/Scene3DPrefab/UiMain3dQishi_01.prefab	Assets/Product/Ui/UiModel/UiNewDrawMain/UiNewDrawMainRoleDescending.prefab				0
170560	1	1021003	Assets/Product/Ui/Scene3DPrefab/UiMain3dQishi_01.prefab	Assets/Product/Ui/UiModel/UiNewDrawMain/UiNewDrawMainRoleDescending.prefab				0
170561	1	1051003	Assets/Product/Ui/Scene3DPrefab/UiMain3dQishi_01.prefab	Assets/Product/Ui/UiModel/UiNewDrawMain/UiNewDrawMainRoleDescending.prefab				0
170562	1	1071003	Assets/Product/Ui/Scene3DPrefab/UiMain3dQishi_01.prefab	Assets/Product/Ui/UiModel/UiNewDrawMain/UiNewDrawMainRoleDescending.prefab				0
170563	1	1061003	Assets/Product/Ui/Scene3DPrefab/UiMain3dQishi_01.prefab	Assets/Product/Ui/UiModel/UiNewDrawMain/UiNewDrawMainRoleDescending.prefab				0
170564	1	1031003	Assets/Product/Ui/Scene3DPrefab/UiMain3dQishi_01.prefab	Assets/Product/Ui/UiModel/UiNewDrawMain/UiNewDrawMainRoleDescending.prefab				0
170565	1	1011003	Assets/Product/Ui/Scene3DPrefab/UiMain3dQishi_01.prefab	Assets/Product/Ui/UiModel/UiNewDrawMain/UiNewDrawMainRoleDescending.prefab				0
170566	1	1271003	Assets/Product/Ui/Scene3DPrefab/UiMain3dQishi.prefab	Assets/Product/Ui/UiModel/UiNewDrawMain/UiNewDrawMainRolePredestined.prefab				0
170567	1	1261003	Assets/Product/Ui/Scene3DPrefab/UiMain3dQishi.prefab	Assets/Product/Ui/UiModel/UiNewDrawMain/UiNewDrawMainRolePredestined.prefab				0
170568	1	1221003	Assets/Product/Ui/Scene3DPrefab/UiMain3dQishi.prefab	Assets/Product/Ui/UiModel/UiNewDrawMain/UiNewDrawMainRolePredestined.prefab				0
170569	1	1021005	Assets/Product/Ui/Scene3DPrefab/UiMain3dQishi.prefab	Assets/Product/Ui/UiModel/UiNewDrawMain/UiNewDrawMainRolePredestined.prefab				0
170570	1	1091003	Assets/Product/Ui/Scene3DPrefab/UiMain3dQishi.prefab	Assets/Product/Ui/UiModel/UiNewDrawMain/UiNewDrawMainRolePredestined.prefab				0
170571	1	1011004	Assets/Product/Ui/Scene3DPrefab/UiMain3dQishi.prefab	Assets/Product/Ui/UiModel/UiNewDrawMain/UiNewDrawMainRolePredestined.prefab				0
170572	1	1041004	Assets/Product/Ui/Scene3DPrefab/UiMain3dQishi.prefab	Assets/Product/Ui/UiModel/UiNewDrawMain/UiNewDrawMainRolePredestined.prefab				0
170573	1	1071004	Assets/Product/Ui/Scene3DPrefab/UiMain3dQishi.prefab	Assets/Product/Ui/UiModel/UiNewDrawMain/UiNewDrawMainRolePredestined.prefab				0
170574	1	1051004	Assets/Product/Ui/Scene3DPrefab/UiMain3dQishi.prefab	Assets/Product/Ui/UiModel/UiNewDrawMain/UiNewDrawMainRolePredestined.prefab				0
170575	1	1531004	Assets/Product/Ui/Scene3DPrefab/UiMain3dQishi.prefab	Assets/Product/Ui/UiModel/UiNewDrawMain/UiNewDrawMainRolePredestined.prefab				0
170576	1	1031004	Assets/Product/Ui/Scene3DPrefab/UiMain3dQishi.prefab	Assets/Product/Ui/UiModel/UiNewDrawMain/UiNewDrawMainRolePredestined.prefab				0
170577	1	1131003	Assets/Product/Ui/Scene3DPrefab/UiMain3dQishi.prefab	Assets/Product/Ui/UiModel/UiNewDrawMain/UiNewDrawMainRolePredestined.prefab				0
170578	1	1121003	Assets/Product/Ui/Scene3DPrefab/UiMain3dQishi.prefab	Assets/Product/Ui/UiModel/UiNewDrawMain/UiNewDrawMainRolePredestined.prefab				0
170579	1	1171003	Assets/Product/Ui/Scene3DPrefab/UiMain3dQishi.prefab	Assets/Product/Ui/UiModel/UiNewDrawMain/UiNewDrawMainRolePredestined.prefab				0
170580	1	1141003	Assets/Product/Ui/Scene3DPrefab/UiMain3dQishi.prefab	Assets/Product/Ui/UiModel/UiNewDrawMain/UiNewDrawMainRolePredestined.prefab				0
170581	1	1021004	Assets/Product/Ui/Scene3DPrefab/UiMain3dQishi.prefab	Assets/Product/Ui/UiModel/UiNewDrawMain/UiNewDrawMainRolePredestined.prefab				0
170582	1	1041003	Assets/Product/Ui/Scene3DPrefab/UiMain3dQishi.prefab	Assets/Product/Ui/UiModel/UiNewDrawMain/UiNewDrawMainRolePredestined.prefab				0
170583	1	1021003	Assets/Product/Ui/Scene3DPrefab/UiMain3dQishi.prefab	Assets/Product/Ui/UiModel/UiNewDrawMain/UiNewDrawMainRolePredestined.prefab				0
170584	1	1051003	Assets/Product/Ui/Scene3DPrefab/UiMain3dQishi.prefab	Assets/Product/Ui/UiModel/UiNewDrawMain/UiNewDrawMainRolePredestined.prefab				0
170585	1	1071003	Assets/Product/Ui/Scene3DPrefab/UiMain3dQishi.prefab	Assets/Product/Ui/UiModel/UiNewDrawMain/UiNewDrawMainRolePredestined.prefab				0
170586	1	1061003	Assets/Product/Ui/Scene3DPrefab/UiMain3dQishi.prefab	Assets/Product/Ui/UiModel/UiNewDrawMain/UiNewDrawMainRolePredestined.prefab				0
170587	1	1031003	Assets/Product/Ui/Scene3DPrefab/UiMain3dQishi.prefab	Assets/Product/Ui/UiModel/UiNewDrawMain/UiNewDrawMainRolePredestined.prefab				0
170588	1	1011003	Assets/Product/Ui/Scene3DPrefab/UiMain3dQishi.prefab	Assets/Product/Ui/UiModel/UiNewDrawMain/UiNewDrawMainRolePredestined.prefab				0
170589	1	1261003	Assets/Product/Ui/Scene3DPrefab/UiMain3dQishi_01.prefab	Assets/Product/Ui/UiModel/UiNewDrawMain/UiNewDrawMainRoleDescending.prefab				0
170590	1	1271003	Assets/Product/Ui/Scene3DPrefab/UiMain3dQishi_01.prefab	Assets/Product/Ui/UiModel/UiNewDrawMain/UiNewDrawMainRoleDescending.prefab				0
170591	1	1051004	Assets/Product/Ui/Scene3DPrefab/UiMain3dQishi_01.prefab	Assets/Product/Ui/UiModel/UiNewDrawMain/UiNewDrawMainRoleDescending.prefab				0
170592	1	1011004	Assets/Product/Ui/Scene3DPrefab/UiMain3dQishi_01.prefab	Assets/Product/Ui/UiModel/UiNewDrawMain/UiNewDrawMainRoleDescending.prefab				0
170593	1	1021005	Assets/Product/Ui/Scene3DPrefab/UiMain3dQishi_01.prefab	Assets/Product/Ui/UiModel/UiNewDrawMain/UiNewDrawMainRoleDescending.prefab				0
170594	1	1081004	Assets/Product/Ui/Scene3DPrefab/UiMain3dQishi_01.prefab	Assets/Product/Ui/UiModel/UiNewDrawMain/UiNewDrawMainRoleDescending.prefab				0
170595	1	1131003	Assets/Product/Ui/Scene3DPrefab/UiMain3dQishi_01.prefab	Assets/Product/Ui/UiModel/UiNewDrawMain/UiNewDrawMainRoleDescending.prefab				0
170596	1	1521004	Assets/Product/Ui/Scene3DPrefab/UiMain3dQishi_01.prefab	Assets/Product/Ui/UiModel/UiNewDrawMain/UiNewDrawMainRoleDescending.prefab				0
170597	1	1091003	Assets/Product/Ui/Scene3DPrefab/UiMain3dQishi_01.prefab	Assets/Product/Ui/UiModel/UiNewDrawMain/UiNewDrawMainRoleDescending.prefab				0
170598	1	1261003	Assets/Product/Ui/Scene3DPrefab/UiMain3dQishi.prefab	Assets/Product/Ui/UiModel/UiNewDrawMain/UiNewDrawMainRolePredestined.prefab				0
170599	1	1271003	Assets/Product/Ui/Scene3DPrefab/UiMain3dQishi.prefab	Assets/Product/Ui/UiModel/UiNewDrawMain/UiNewDrawMainRolePredestined.prefab				0
170600	1	1051004	Assets/Product/Ui/Scene3DPrefab/UiMain3dQishi.prefab	Assets/Product/Ui/UiModel/UiNewDrawMain/UiNewDrawMainRolePredestined.prefab				0
170601	1	1011004	Assets/Product/Ui/Scene3DPrefab/UiMain3dQishi.prefab	Assets/Product/Ui/UiModel/UiNewDrawMain/UiNewDrawMainRolePredestined.prefab				0
170602	1	1021005	Assets/Product/Ui/Scene3DPrefab/UiMain3dQishi.prefab	Assets/Product/Ui/UiModel/UiNewDrawMain/UiNewDrawMainRolePredestined.prefab				0
170603	1	1081004	Assets/Product/Ui/Scene3DPrefab/UiMain3dQishi.prefab	Assets/Product/Ui/UiModel/UiNewDrawMain/UiNewDrawMainRolePredestined.prefab				0
170604	1	1131003	Assets/Product/Ui/Scene3DPrefab/UiMain3dQishi.prefab	Assets/Product/Ui/UiModel/UiNewDrawMain/UiNewDrawMainRolePredestined.prefab				0
170605	1	1521004	Assets/Product/Ui/Scene3DPrefab/UiMain3dQishi.prefab	Assets/Product/Ui/UiModel/UiNewDrawMain/UiNewDrawMainRolePredestined.prefab				0
170606	1	1091003	Assets/Product/Ui/Scene3DPrefab/UiMain3dQishi.prefab	Assets/Product/Ui/UiModel/UiNewDrawMain/UiNewDrawMainRolePredestined.prefab				0
170607	1	1531004	Assets/Product/Ui/Scene3DPrefab/UiMain3dQishi_01.prefab	Assets/Product/Ui/UiModel/UiNewDrawMain/UiNewDrawMainRoleDescending.prefab				0
170608	1	1041004	Assets/Product/Ui/Scene3DPrefab/UiMain3dQishi_01.prefab	Assets/Product/Ui/UiModel/UiNewDrawMain/UiNewDrawMainRoleDescending.prefab				0
170609	1	1221003	Assets/Product/Ui/Scene3DPrefab/UiMain3dQishi_01.prefab	Assets/Product/Ui/UiModel/UiNewDrawMain/UiNewDrawMainRoleDescending.prefab				0
170610	1	1261003	Assets/Product/Ui/Scene3DPrefab/UiMain3dQishi_01.prefab	Assets/Product/Ui/UiModel/UiNewDrawMain/UiNewDrawMainRoleDescending.prefab				0
170611	1	1071004	Assets/Product/Ui/Scene3DPrefab/UiMain3dQishi_01.prefab	Assets/Product/Ui/UiModel/UiNewDrawMain/UiNewDrawMainRoleDescending.prefab				0
170612	1	1031004	Assets/Product/Ui/Scene3DPrefab/UiMain3dQishi_01.prefab	Assets/Product/Ui/UiModel/UiNewDrawMain/UiNewDrawMainRoleDescending.prefab				0
170613	1	1271003	Assets/Product/Ui/Scene3DPrefab/UiMain3dQishi_01.prefab	Assets/Product/Ui/UiModel/UiNewDrawMain/UiNewDrawMainRoleDescending.prefab				0
170614	1	1051004	Assets/Product/Ui/Scene3DPrefab/UiMain3dQishi_01.prefab	Assets/Product/Ui/UiModel/UiNewDrawMain/UiNewDrawMainRoleDescending.prefab				0
170615	1	1171004	Assets/Product/Ui/Scene3DPrefab/UiMain3dQishi_01.prefab	Assets/Product/Ui/UiModel/UiNewDrawMain/UiNewDrawMainRoleDescending.prefab				0
170616	1	1531004	Assets/Product/Ui/Scene3DPrefab/UiMain3dQishi.prefab	Assets/Product/Ui/UiModel/UiNewDrawMain/UiNewDrawMainRolePredestined.prefab				0
170617	1	1041004	Assets/Product/Ui/Scene3DPrefab/UiMain3dQishi.prefab	Assets/Product/Ui/UiModel/UiNewDrawMain/UiNewDrawMainRolePredestined.prefab				0
170618	1	1221003	Assets/Product/Ui/Scene3DPrefab/UiMain3dQishi.prefab	Assets/Product/Ui/UiModel/UiNewDrawMain/UiNewDrawMainRolePredestined.prefab				0
170619	1	1261003	Assets/Product/Ui/Scene3DPrefab/UiMain3dQishi.prefab	Assets/Product/Ui/UiModel/UiNewDrawMain/UiNewDrawMainRolePredestined.prefab				0
170620	1	1071004	Assets/Product/Ui/Scene3DPrefab/UiMain3dQishi.prefab	Assets/Product/Ui/UiModel/UiNewDrawMain/UiNewDrawMainRolePredestined.prefab				0
170621	1	1031004	Assets/Product/Ui/Scene3DPrefab/UiMain3dQishi.prefab	Assets/Product/Ui/UiModel/UiNewDrawMain/UiNewDrawMainRolePredestined.prefab				0
170622	1	1271003	Assets/Product/Ui/Scene3DPrefab/UiMain3dQishi.prefab	Assets/Product/Ui/UiModel/UiNewDrawMain/UiNewDrawMainRolePredestined.prefab				0
170623	1	1051004	Assets/Product/Ui/Scene3DPrefab/UiMain3dQishi.prefab	Assets/Product/Ui/UiModel/UiNewDrawMain/UiNewDrawMainRolePredestined.prefab				0
170624	1	1171004	Assets/Product/Ui/Scene3DPrefab/UiMain3dQishi.prefab	Assets/Product/Ui/UiModel/UiNewDrawMain/UiNewDrawMainRolePredestined.prefab				0
170625	1	1171004	Assets/Product/Ui/Scene3DPrefab/UiMain3dQishi_01.prefab	Assets/Product/Ui/UiModel/UiNewDrawMain/UiNewDrawMainRoleDescending.prefab				0
170626	1	1521004	Assets/Product/Ui/Scene3DPrefab/UiMain3dQishi_01.prefab	Assets/Product/Ui/UiModel/UiNewDrawMain/UiNewDrawMainRoleDescending.prefab				0
170627	1	1081004	Assets/Product/Ui/Scene3DPrefab/UiMain3dQishi_01.prefab	Assets/Product/Ui/UiModel/UiNewDrawMain/UiNewDrawMainRoleDescending.prefab				0
170628	1	1271003	Assets/Product/Ui/Scene3DPrefab/UiMain3dQishi_01.prefab	Assets/Product/Ui/UiModel/UiNewDrawMain/UiNewDrawMainRoleDescending.prefab				0
170629	1	1261003	Assets/Product/Ui/Scene3DPrefab/UiMain3dQishi_01.prefab	Assets/Product/Ui/UiModel/UiNewDrawMain/UiNewDrawMainRoleDescending.prefab				0
170630	1	1221003	Assets/Product/Ui/Scene3DPrefab/UiMain3dQishi_01.prefab	Assets/Product/Ui/UiModel/UiNewDrawMain/UiNewDrawMainRoleDescending.prefab				0
170631	1	1021005	Assets/Product/Ui/Scene3DPrefab/UiMain3dQishi_01.prefab	Assets/Product/Ui/UiModel/UiNewDrawMain/UiNewDrawMainRoleDescending.prefab				0
170632	1	1091003	Assets/Product/Ui/Scene3DPrefab/UiMain3dQishi_01.prefab	Assets/Product/Ui/UiModel/UiNewDrawMain/UiNewDrawMainRoleDescending.prefab				0
170633	1	1011004	Assets/Product/Ui/Scene3DPrefab/UiMain3dQishi_01.prefab	Assets/Product/Ui/UiModel/UiNewDrawMain/UiNewDrawMainRoleDescending.prefab				0
170634	1	1041004	Assets/Product/Ui/Scene3DPrefab/UiMain3dQishi.prefab	Assets/Product/Ui/UiModel/UiNewDrawMain/UiNewDrawMainRolePredestined.prefab				0
170635	1	1171004	Assets/Product/Ui/Scene3DPrefab/UiMain3dQishi.prefab	Assets/Product/Ui/UiModel/UiNewDrawMain/UiNewDrawMainRolePredestined.prefab				0
170636	1	1521004	Assets/Product/Ui/Scene3DPrefab/UiMain3dQishi.prefab	Assets/Product/Ui/UiModel/UiNewDrawMain/UiNewDrawMainRolePredestined.prefab				0
170637	1	1081004	Assets/Product/Ui/Scene3DPrefab/UiMain3dQishi.prefab	Assets/Product/Ui/UiModel/UiNewDrawMain/UiNewDrawMainRolePredestined.prefab				0
170638	1	1271003	Assets/Product/Ui/Scene3DPrefab/UiMain3dQishi.prefab	Assets/Product/Ui/UiModel/UiNewDrawMain/UiNewDrawMainRolePredestined.prefab				0
170639	1	1261003	Assets/Product/Ui/Scene3DPrefab/UiMain3dQishi.prefab	Assets/Product/Ui/UiModel/UiNewDrawMain/UiNewDrawMainRolePredestined.prefab				0
170640	1	1221003	Assets/Product/Ui/Scene3DPrefab/UiMain3dQishi.prefab	Assets/Product/Ui/UiModel/UiNewDrawMain/UiNewDrawMainRolePredestined.prefab				0
170641	1	1021005	Assets/Product/Ui/Scene3DPrefab/UiMain3dQishi.prefab	Assets/Product/Ui/UiModel/UiNewDrawMain/UiNewDrawMainRolePredestined.prefab				0
170642	1	1091003	Assets/Product/Ui/Scene3DPrefab/UiMain3dQishi.prefab	Assets/Product/Ui/UiModel/UiNewDrawMain/UiNewDrawMainRolePredestined.prefab				0
170643	1	1011004	Assets/Product/Ui/Scene3DPrefab/UiMain3dQishi.prefab	Assets/Product/Ui/UiModel/UiNewDrawMain/UiNewDrawMainRolePredestined.prefab				0
170644	1	1041004	Assets/Product/Ui/Scene3DPrefab/UiMain3dQishi.prefab	Assets/Product/Ui/UiModel/UiNewDrawMain/UiNewDrawMainRolePredestined.prefab				0
170645	1	1071004	Assets/Product/Ui/Scene3DPrefab/UiMain3dQishi_01.prefab	Assets/Product/Ui/UiModel/UiNewDrawMain/UiNewDrawMainRoleDescending.prefab				0
170646	1	1051004	Assets/Product/Ui/Scene3DPrefab/UiMain3dQishi_01.prefab	Assets/Product/Ui/UiModel/UiNewDrawMain/UiNewDrawMainRoleDescending.prefab				0
170647	1	1531004	Assets/Product/Ui/Scene3DPrefab/UiMain3dQishi_01.prefab	Assets/Product/Ui/UiModel/UiNewDrawMain/UiNewDrawMainRoleDescending.prefab				0
170648	1	1031004	Assets/Product/Ui/Scene3DPrefab/UiMain3dQishi_01.prefab	Assets/Product/Ui/UiModel/UiNewDrawMain/UiNewDrawMainRoleDescending.prefab				0
170649	1	1131003	Assets/Product/Ui/Scene3DPrefab/UiMain3dQishi_01.prefab	Assets/Product/Ui/UiModel/UiNewDrawMain/UiNewDrawMainRoleDescending.prefab				0
170650	1	1121003	Assets/Product/Ui/Scene3DPrefab/UiMain3dQishi_01.prefab	Assets/Product/Ui/UiModel/UiNewDrawMain/UiNewDrawMainRoleDescending.prefab				0
170651	1	1171003	Assets/Product/Ui/Scene3DPrefab/UiMain3dQishi_01.prefab	Assets/Product/Ui/UiModel/UiNewDrawMain/UiNewDrawMainRoleDescending.prefab				0
170652	1	1141003	Assets/Product/Ui/Scene3DPrefab/UiMain3dQishi_01.prefab	Assets/Product/Ui/UiModel/UiNewDrawMain/UiNewDrawMainRoleDescending.prefab				0
170653	1	1021004	Assets/Product/Ui/Scene3DPrefab/UiMain3dQishi_01.prefab	Assets/Product/Ui/UiModel/UiNewDrawMain/UiNewDrawMainRoleDescending.prefab				0
170654	1	1041003	Assets/Product/Ui/Scene3DPrefab/UiMain3dQishi_01.prefab	Assets/Product/Ui/UiModel/UiNewDrawMain/UiNewDrawMainRoleDescending.prefab				0
170655	1	1021003	Assets/Product/Ui/Scene3DPrefab/UiMain3dQishi_01.prefab	Assets/Product/Ui/UiModel/UiNewDrawMain/UiNewDrawMainRoleDescending.prefab				0
170656	1	1051003	Assets/Product/Ui/Scene3DPrefab/UiMain3dQishi_01.prefab	Assets/Product/Ui/UiModel/UiNewDrawMain/UiNewDrawMainRoleDescending.prefab				0
170657	1	1071003	Assets/Product/Ui/Scene3DPrefab/UiMain3dQishi_01.prefab	Assets/Product/Ui/UiModel/UiNewDrawMain/UiNewDrawMainRoleDescending.prefab				0
170658	1	1061003	Assets/Product/Ui/Scene3DPrefab/UiMain3dQishi_01.prefab	Assets/Product/Ui/UiModel/UiNewDrawMain/UiNewDrawMainRoleDescending.prefab				0
170659	1	1031003	Assets/Product/Ui/Scene3DPrefab/UiMain3dQishi_01.prefab	Assets/Product/Ui/UiModel/UiNewDrawMain/UiNewDrawMainRoleDescending.prefab				0
170660	1	1011003	Assets/Product/Ui/Scene3DPrefab/UiMain3dQishi_01.prefab	Assets/Product/Ui/UiModel/UiNewDrawMain/UiNewDrawMainRoleDescending.prefab				0
170661	1	1071004	Assets/Product/Ui/Scene3DPrefab/UiMain3dQishi.prefab	Assets/Product/Ui/UiModel/UiNewDrawMain/UiNewDrawMainRolePredestined.prefab				0
170662	1	1051004	Assets/Product/Ui/Scene3DPrefab/UiMain3dQishi.prefab	Assets/Product/Ui/UiModel/UiNewDrawMain/UiNewDrawMainRolePredestined.prefab				0
170663	1	1531004	Assets/Product/Ui/Scene3DPrefab/UiMain3dQishi.prefab	Assets/Product/Ui/UiModel/UiNewDrawMain/UiNewDrawMainRolePredestined.prefab				0
170664	1	1031004	Assets/Product/Ui/Scene3DPrefab/UiMain3dQishi.prefab	Assets/Product/Ui/UiModel/UiNewDrawMain/UiNewDrawMainRolePredestined.prefab				0
170665	1	1131003	Assets/Product/Ui/Scene3DPrefab/UiMain3dQishi.prefab	Assets/Product/Ui/UiModel/UiNewDrawMain/UiNewDrawMainRolePredestined.prefab				0
170666	1	1121003	Assets/Product/Ui/Scene3DPrefab/UiMain3dQishi.prefab	Assets/Product/Ui/UiModel/UiNewDrawMain/UiNewDrawMainRolePredestined.prefab				0
170667	1	1171003	Assets/Product/Ui/Scene3DPrefab/UiMain3dQishi.prefab	Assets/Product/Ui/UiModel/UiNewDrawMain/UiNewDrawMainRolePredestined.prefab				0
170668	1	1141003	Assets/Product/Ui/Scene3DPrefab/UiMain3dQishi.prefab	Assets/Product/Ui/UiModel/UiNewDrawMain/UiNewDrawMainRolePredestined.prefab				0
170669	1	1021004	Assets/Product/Ui/Scene3DPrefab/UiMain3dQishi.prefab	Assets/Product/Ui/UiModel/UiNewDrawMain/UiNewDrawMainRolePredestined.prefab				0
170670	1	1041003	Assets/Product/Ui/Scene3DPrefab/UiMain3dQishi.prefab	Assets/Product/Ui/UiModel/UiNewDrawMain/UiNewDrawMainRolePredestined.prefab				0
170671	1	1021003	Assets/Product/Ui/Scene3DPrefab/UiMain3dQishi.prefab	Assets/Product/Ui/UiModel/UiNewDrawMain/UiNewDrawMainRolePredestined.prefab				0
170672	1	1051003	Assets/Product/Ui/Scene3DPrefab/UiMain3dQishi.prefab	Assets/Product/Ui/UiModel/UiNewDrawMain/UiNewDrawMainRolePredestined.prefab				0
170673	1	1071003	Assets/Product/Ui/Scene3DPrefab/UiMain3dQishi.prefab	Assets/Product/Ui/UiModel/UiNewDrawMain/UiNewDrawMainRolePredestined.prefab				0
170674	1	1061003	Assets/Product/Ui/Scene3DPrefab/UiMain3dQishi.prefab	Assets/Product/Ui/UiModel/UiNewDrawMain/UiNewDrawMainRolePredestined.prefab				0
170675	1	1031003	Assets/Product/Ui/Scene3DPrefab/UiMain3dQishi.prefab	Assets/Product/Ui/UiModel/UiNewDrawMain/UiNewDrawMainRolePredestined.prefab				0
170676	1	1011003	Assets/Product/Ui/Scene3DPrefab/UiMain3dQishi.prefab	Assets/Product/Ui/UiModel/UiNewDrawMain/UiNewDrawMainRolePredestined.prefab				0
170680	1	1081004	Assets/Product/Ui/Scene3DPrefab/UiMain3dQishi_01.prefab	Assets/Product/Ui/UiModel/UiNewDrawMain/UiNewDrawMainRoleDescending.prefab				0
170681	1	1021005	Assets/Product/Ui/Scene3DPrefab/UiMain3dQishi_01.prefab	Assets/Product/Ui/UiModel/UiNewDrawMain/UiNewDrawMainRoleDescending.prefab				0
170682	1	1241003	Assets/Product/Ui/Scene3DPrefab/UiMain3dQishi_01.prefab	Assets/Product/Ui/UiModel/UiNewDrawMain/UiNewDrawMainRoleDescending.prefab				0
170683	1	1091003	Assets/Product/Ui/Scene3DPrefab/UiMain3dQishi_01.prefab	Assets/Product/Ui/UiModel/UiNewDrawMain/UiNewDrawMainRoleDescending.prefab				0
170684	1	1521004	Assets/Product/Ui/Scene3DPrefab/UiMain3dQishi_01.prefab	Assets/Product/Ui/UiModel/UiNewDrawMain/UiNewDrawMainRoleDescending.prefab				0
170685	1	1211003	Assets/Product/Ui/Scene3DPrefab/UiMain3dQishi_01.prefab	Assets/Product/Ui/UiModel/UiNewDrawMain/UiNewDrawMainRoleDescending.prefab				0
170686	1	1071004	Assets/Product/Ui/Scene3DPrefab/UiMain3dQishi_01.prefab	Assets/Product/Ui/UiModel/UiNewDrawMain/UiNewDrawMainRoleDescending.prefab				0
170687	1	1221003	Assets/Product/Ui/Scene3DPrefab/UiMain3dQishi_01.prefab	Assets/Product/Ui/UiModel/UiNewDrawMain/UiNewDrawMainRoleDescending.prefab				0
170688	1	1011004	Assets/Product/Ui/Scene3DPrefab/UiMain3dQishi_01.prefab	Assets/Product/Ui/UiModel/UiNewDrawMain/UiNewDrawMainRoleDescending.prefab				0
170689	1	1081004	Assets/Product/Ui/Scene3DPrefab/UiMain3dQishi.prefab	Assets/Product/Ui/UiModel/UiNewDrawMain/UiNewDrawMainRolePredestined.prefab				0
170690	1	1021005	Assets/Product/Ui/Scene3DPrefab/UiMain3dQishi.prefab	Assets/Product/Ui/UiModel/UiNewDrawMain/UiNewDrawMainRolePredestined.prefab				0
170691	1	1241003	Assets/Product/Ui/Scene3DPrefab/UiMain3dQishi.prefab	Assets/Product/Ui/UiModel/UiNewDrawMain/UiNewDrawMainRolePredestined.prefab				0
170692	1	1091003	Assets/Product/Ui/Scene3DPrefab/UiMain3dQishi.prefab	Assets/Product/Ui/UiModel/UiNewDrawMain/UiNewDrawMainRolePredestined.prefab				0
170693	1	1521004	Assets/Product/Ui/Scene3DPrefab/UiMain3dQishi.prefab	Assets/Product/Ui/UiModel/UiNewDrawMain/UiNewDrawMainRolePredestined.prefab				0
170694	1	1211003	Assets/Product/Ui/Scene3DPrefab/UiMain3dQishi.prefab	Assets/Product/Ui/UiModel/UiNewDrawMain/UiNewDrawMainRolePredestined.prefab				0
170695	1	1071004	Assets/Product/Ui/Scene3DPrefab/UiMain3dQishi.prefab	Assets/Product/Ui/UiModel/UiNewDrawMain/UiNewDrawMainRolePredestined.prefab				0
170696	1	1221003	Assets/Product/Ui/Scene3DPrefab/UiMain3dQishi.prefab	Assets/Product/Ui/UiModel/UiNewDrawMain/UiNewDrawMainRolePredestined.prefab				0
170697	1	1011004	Assets/Product/Ui/Scene3DPrefab/UiMain3dQishi.prefab	Assets/Product/Ui/UiModel/UiNewDrawMain/UiNewDrawMainRolePredestined.prefab				0
170698	1	1041004	Assets/Product/Ui/Scene3DPrefab/UiMain3dQishi_01.prefab	Assets/Product/Ui/UiModel/UiNewDrawMain/UiNewDrawMainRoleDescending.prefab				0
170699	1	1171004	Assets/Product/Ui/Scene3DPrefab/UiMain3dQishi_01.prefab	Assets/Product/Ui/UiModel/UiNewDrawMain/UiNewDrawMainRoleDescending.prefab				0
170700	1	1261003	Assets/Product/Ui/Scene3DPrefab/UiMain3dQishi_01.prefab	Assets/Product/Ui/UiModel/UiNewDrawMain/UiNewDrawMainRoleDescending.prefab				0
170701	1	1271003	Assets/Product/Ui/Scene3DPrefab/UiMain3dQishi_01.prefab	Assets/Product/Ui/UiModel/UiNewDrawMain/UiNewDrawMainRoleDescending.prefab				0
170702	1	1521004	Assets/Product/Ui/Scene3DPrefab/UiMain3dQishi_01.prefab	Assets/Product/Ui/UiModel/UiNewDrawMain/UiNewDrawMainRoleDescending.prefab				0
170703	1	1241003	Assets/Product/Ui/Scene3DPrefab/UiMain3dQishi_01.prefab	Assets/Product/Ui/UiModel/UiNewDrawMain/UiNewDrawMainRoleDescending.prefab				0
170704	1	1081004	Assets/Product/Ui/Scene3DPrefab/UiMain3dQishi_01.prefab	Assets/Product/Ui/UiModel/UiNewDrawMain/UiNewDrawMainRoleDescending.prefab				0
170705	1	1051005	Assets/Product/Ui/Scene3DPrefab/UiMain3dQishi_01.prefab	Assets/Product/Ui/UiModel/UiNewDrawMain/UiNewDrawMainRoleDescending.prefab				0
170706	1	1021005	Assets/Product/Ui/Scene3DPrefab/UiMain3dQishi_01.prefab	Assets/Product/Ui/UiModel/UiNewDrawMain/UiNewDrawMainRoleDescending.prefab				0
170707	1	1041004	Assets/Product/Ui/Scene3DPrefab/UiMain3dQishi.prefab	Assets/Product/Ui/UiModel/UiNewDrawMain/UiNewDrawMainRolePredestined.prefab				0
170708	1	1171004	Assets/Product/Ui/Scene3DPrefab/UiMain3dQishi.prefab	Assets/Product/Ui/UiModel/UiNewDrawMain/UiNewDrawMainRolePredestined.prefab				0
170709	1	1261003	Assets/Product/Ui/Scene3DPrefab/UiMain3dQishi.prefab	Assets/Product/Ui/UiModel/UiNewDrawMain/UiNewDrawMainRolePredestined.prefab				0
170710	1	1271003	Assets/Product/Ui/Scene3DPrefab/UiMain3dQishi.prefab	Assets/Product/Ui/UiModel/UiNewDrawMain/UiNewDrawMainRolePredestined.prefab				0
170711	1	1521004	Assets/Product/Ui/Scene3DPrefab/UiMain3dQishi.prefab	Assets/Product/Ui/UiModel/UiNewDrawMain/UiNewDrawMainRolePredestined.prefab				0
170712	1	1241003	Assets/Product/Ui/Scene3DPrefab/UiMain3dQishi.prefab	Assets/Product/Ui/UiModel/UiNewDrawMain/UiNewDrawMainRolePredestined.prefab				0
170713	1	1081004	Assets/Product/Ui/Scene3DPrefab/UiMain3dQishi.prefab	Assets/Product/Ui/UiModel/UiNewDrawMain/UiNewDrawMainRolePredestined.prefab				0
170714	1	1051005	Assets/Product/Ui/Scene3DPrefab/UiMain3dQishi.prefab	Assets/Product/Ui/UiModel/UiNewDrawMain/UiNewDrawMainRolePredestined.prefab				0
170715	1	1021005	Assets/Product/Ui/Scene3DPrefab/UiMain3dQishi.prefab	Assets/Product/Ui/UiModel/UiNewDrawMain/UiNewDrawMainRolePredestined.prefab				0
170716	1	1221003	Assets/Product/Ui/Scene3DPrefab/UiMain3dQishi_01.prefab	Assets/Product/Ui/UiModel/UiNewDrawMain/UiNewDrawMainRoleDescending.prefab				0
170717	1	1021006	Assets/Product/Ui/Scene3DPrefab/UiMain3dQishi_01.prefab	Assets/Product/Ui/UiModel/UiNewDrawMain/UiNewDrawMainRoleDescending.prefab				0
170718	1	1211003	Assets/Product/Ui/Scene3DPrefab/UiMain3dQishi_01.prefab	Assets/Product/Ui/UiModel/UiNewDrawMain/UiNewDrawMainRoleDescending.prefab				0
170719	1	1091003	Assets/Product/Ui/Scene3DPrefab/UiMain3dQishi_01.prefab	Assets/Product/Ui/UiModel/UiNewDrawMain/UiNewDrawMainRoleDescending.prefab				0
170720	1	1321003	Assets/Product/Ui/Scene3DPrefab/UiMain3dQishi_01.prefab	Assets/Product/Ui/UiModel/UiNewDrawMain/UiNewDrawMainRoleDescending.prefab				0
170721	1	1261003	Assets/Product/Ui/Scene3DPrefab/UiMain3dQishi_01.prefab	Assets/Product/Ui/UiModel/UiNewDrawMain/UiNewDrawMainRoleDescending.prefab				0
170722	1	1071004	Assets/Product/Ui/Scene3DPrefab/UiMain3dQishi_01.prefab	Assets/Product/Ui/UiModel/UiNewDrawMain/UiNewDrawMainRoleDescending.prefab				0
170723	1	1171004	Assets/Product/Ui/Scene3DPrefab/UiMain3dQishi_01.prefab	Assets/Product/Ui/UiModel/UiNewDrawMain/UiNewDrawMainRoleDescending.prefab				0
170724	1	1331003	Assets/Product/Ui/Scene3DPrefab/UiMain3dQishi_01.prefab	Assets/Product/Ui/UiModel/UiNewDrawMain/UiNewDrawMainRoleDescending.prefab				0
170725	1	1221003	Assets/Product/Ui/Scene3DPrefab/UiMain3dQishi.prefab	Assets/Product/Ui/UiModel/UiNewDrawMain/UiNewDrawMainRolePredestined.prefab				0
170726	1	1021006	Assets/Product/Ui/Scene3DPrefab/UiMain3dQishi.prefab	Assets/Product/Ui/UiModel/UiNewDrawMain/UiNewDrawMainRolePredestined.prefab				0
170727	1	1211003	Assets/Product/Ui/Scene3DPrefab/UiMain3dQishi.prefab	Assets/Product/Ui/UiModel/UiNewDrawMain/UiNewDrawMainRolePredestined.prefab				0
170728	1	1091003	Assets/Product/Ui/Scene3DPrefab/UiMain3dQishi.prefab	Assets/Product/Ui/UiModel/UiNewDrawMain/UiNewDrawMainRolePredestined.prefab				0
170729	1	1321003	Assets/Product/Ui/Scene3DPrefab/UiMain3dQishi.prefab	Assets/Product/Ui/UiModel/UiNewDrawMain/UiNewDrawMainRolePredestined.prefab				0
170730	1	1261003	Assets/Product/Ui/Scene3DPrefab/UiMain3dQishi.prefab	Assets/Product/Ui/UiModel/UiNewDrawMain/UiNewDrawMainRolePredestined.prefab				0
170731	1	1071004	Assets/Product/Ui/Scene3DPrefab/UiMain3dQishi.prefab	Assets/Product/Ui/UiModel/UiNewDrawMain/UiNewDrawMainRolePredestined.prefab				0
170732	1	1171004	Assets/Product/Ui/Scene3DPrefab/UiMain3dQishi.prefab	Assets/Product/Ui/UiModel/UiNewDrawMain/UiNewDrawMainRolePredestined.prefab				0
170733	1	1331003	Assets/Product/Ui/Scene3DPrefab/UiMain3dQishi.prefab	Assets/Product/Ui/UiModel/UiNewDrawMain/UiNewDrawMainRolePredestined.prefab				0
170734	1	1051005	Assets/Product/Ui/Scene3DPrefab/UiMain3dQishi_01.prefab	Assets/Product/Ui/UiModel/UiNewDrawMain/UiNewDrawMainRoleDescending.prefab				0
170735	1	1531005	Assets/Product/Ui/Scene3DPrefab/UiMain3dQishi_01.prefab	Assets/Product/Ui/UiModel/UiNewDrawMain/UiNewDrawMainRoleDescending.prefab				0
170736	1	1021005	Assets/Product/Ui/Scene3DPrefab/UiMain3dQishi_01.prefab	Assets/Product/Ui/UiModel/UiNewDrawMain/UiNewDrawMainRoleDescending.prefab				0
170737	1	1041004	Assets/Product/Ui/Scene3DPrefab/UiMain3dQishi_01.prefab	Assets/Product/Ui/UiModel/UiNewDrawMain/UiNewDrawMainRoleDescending.prefab				0
170738	1	1271003	Assets/Product/Ui/Scene3DPrefab/UiMain3dQishi_01.prefab	Assets/Product/Ui/UiModel/UiNewDrawMain/UiNewDrawMainRoleDescending.prefab				0
170739	1	1241003	Assets/Product/Ui/Scene3DPrefab/UiMain3dQishi_01.prefab	Assets/Product/Ui/UiModel/UiNewDrawMain/UiNewDrawMainRoleDescending.prefab				0
170740	1	1081004	Assets/Product/Ui/Scene3DPrefab/UiMain3dQishi_01.prefab	Assets/Product/Ui/UiModel/UiNewDrawMain/UiNewDrawMainRoleDescending.prefab				0
170741	1	1521004	Assets/Product/Ui/Scene3DPrefab/UiMain3dQishi_01.prefab	Assets/Product/Ui/UiModel/UiNewDrawMain/UiNewDrawMainRoleDescending.prefab				0
170742	1	1221003	Assets/Product/Ui/Scene3DPrefab/UiMain3dQishi_01.prefab	Assets/Product/Ui/UiModel/UiNewDrawMain/UiNewDrawMainRoleDescending.prefab				0
170743	1	1051005	Assets/Product/Ui/Scene3DPrefab/UiMain3dQishi.prefab	Assets/Product/Ui/UiModel/UiNewDrawMain/UiNewDrawMainRolePredestined.prefab				0
170744	1	1531005	Assets/Product/Ui/Scene3DPrefab/UiMain3dQishi.prefab	Assets/Product/Ui/UiModel/UiNewDrawMain/UiNewDrawMainRolePredestined.prefab				0
170745	1	1021005	Assets/Product/Ui/Scene3DPrefab/UiMain3dQishi.prefab	Assets/Product/Ui/UiModel/UiNewDrawMain/UiNewDrawMainRolePredestined.prefab				0
170746	1	1041004	Assets/Product/Ui/Scene3DPrefab/UiMain3dQishi.prefab	Assets/Product/Ui/UiModel/UiNewDrawMain/UiNewDrawMainRolePredestined.prefab				0
170747	1	1271003	Assets/Product/Ui/Scene3DPrefab/UiMain3dQishi.prefab	Assets/Product/Ui/UiModel/UiNewDrawMain/UiNewDrawMainRolePredestined.prefab				0
170748	1	1241003	Assets/Product/Ui/Scene3DPrefab/UiMain3dQishi.prefab	Assets/Product/Ui/UiModel/UiNewDrawMain/UiNewDrawMainRolePredestined.prefab				0
170749	1	1081004	Assets/Product/Ui/Scene3DPrefab/UiMain3dQishi.prefab	Assets/Product/Ui/UiModel/UiNewDrawMain/UiNewDrawMainRolePredestined.prefab				0
170750	1	1521004	Assets/Product/Ui/Scene3DPrefab/UiMain3dQishi.prefab	Assets/Product/Ui/UiModel/UiNewDrawMain/UiNewDrawMainRolePredestined.prefab				0
170751	1	1221003	Assets/Product/Ui/Scene3DPrefab/UiMain3dQishi.prefab	Assets/Product/Ui/UiModel/UiNewDrawMain/UiNewDrawMainRolePredestined.prefab				0
170752	1	1331003	Assets/Product/Ui/Scene3DPrefab/UiMain3dQishi_01.prefab	Assets/Product/Ui/UiModel/UiNewDrawMain/UiNewDrawMainRoleDescending.prefab				0
170753	1	1321003	Assets/Product/Ui/Scene3DPrefab/UiMain3dQishi_01.prefab	Assets/Product/Ui/UiModel/UiNewDrawMain/UiNewDrawMainRoleDescending.prefab				0
170754	1	1051005	Assets/Product/Ui/Scene3DPrefab/UiMain3dQishi_01.prefab	Assets/Product/Ui/UiModel/UiNewDrawMain/UiNewDrawMainRoleDescending.prefab				0
170755	1	1021006	Assets/Product/Ui/Scene3DPrefab/UiMain3dQishi_01.prefab	Assets/Product/Ui/UiModel/UiNewDrawMain/UiNewDrawMainRoleDescending.prefab				0
170756	1	1211003	Assets/Product/Ui/Scene3DPrefab/UiMain3dQishi_01.prefab	Assets/Product/Ui/UiModel/UiNewDrawMain/UiNewDrawMainRoleDescending.prefab				0
170757	1	1241003	Assets/Product/Ui/Scene3DPrefab/UiMain3dQishi_01.prefab	Assets/Product/Ui/UiModel/UiNewDrawMain/UiNewDrawMainRoleDescending.prefab				0
170758	1	1171004	Assets/Product/Ui/Scene3DPrefab/UiMain3dQishi_01.prefab	Assets/Product/Ui/UiModel/UiNewDrawMain/UiNewDrawMainRoleDescending.prefab				0
170759	1	1521004	Assets/Product/Ui/Scene3DPrefab/UiMain3dQishi_01.prefab	Assets/Product/Ui/UiModel/UiNewDrawMain/UiNewDrawMainRoleDescending.prefab				0
170760	1	1081004	Assets/Product/Ui/Scene3DPrefab/UiMain3dQishi_01.prefab	Assets/Product/Ui/UiModel/UiNewDrawMain/UiNewDrawMainRoleDescending.prefab				0
170761	1	1271003	Assets/Product/Ui/Scene3DPrefab/UiMain3dQishi_01.prefab	Assets/Product/Ui/UiModel/UiNewDrawMain/UiNewDrawMainRoleDescending.prefab				0
170762	1	1261003	Assets/Product/Ui/Scene3DPrefab/UiMain3dQishi_01.prefab	Assets/Product/Ui/UiModel/UiNewDrawMain/UiNewDrawMainRoleDescending.prefab				0
170763	1	1221003	Assets/Product/Ui/Scene3DPrefab/UiMain3dQishi_01.prefab	Assets/Product/Ui/UiModel/UiNewDrawMain/UiNewDrawMainRoleDescending.prefab				0
170764	1	1021005	Assets/Product/Ui/Scene3DPrefab/UiMain3dQishi_01.prefab	Assets/Product/Ui/UiModel/UiNewDrawMain/UiNewDrawMainRoleDescending.prefab				0
170765	1	1091003	Assets/Product/Ui/Scene3DPrefab/UiMain3dQishi_01.prefab	Assets/Product/Ui/UiModel/UiNewDrawMain/UiNewDrawMainRoleDescending.prefab				0
170766	1	1011004	Assets/Product/Ui/Scene3DPrefab/UiMain3dQishi_01.prefab	Assets/Product/Ui/UiModel/UiNewDrawMain/UiNewDrawMainRoleDescending.prefab				0
170767	1	1041004	Assets/Product/Ui/Scene3DPrefab/UiMain3dQishi_01.prefab	Assets/Product/Ui/UiModel/UiNewDrawMain/UiNewDrawMainRoleDescending.prefab				0
170768	1	1071004	Assets/Product/Ui/Scene3DPrefab/UiMain3dQishi_01.prefab	Assets/Product/Ui/UiModel/UiNewDrawMain/UiNewDrawMainRoleDescending.prefab				0
170769	1	1051004	Assets/Product/Ui/Scene3DPrefab/UiMain3dQishi_01.prefab	Assets/Product/Ui/UiModel/UiNewDrawMain/UiNewDrawMainRoleDescending.prefab				0
170770	1	1531004	Assets/Product/Ui/Scene3DPrefab/UiMain3dQishi_01.prefab	Assets/Product/Ui/UiModel/UiNewDrawMain/UiNewDrawMainRoleDescending.prefab				0
170771	1	1031004	Assets/Product/Ui/Scene3DPrefab/UiMain3dQishi_01.prefab	Assets/Product/Ui/UiModel/UiNewDrawMain/UiNewDrawMainRoleDescending.prefab				0
170772	1	1131003	Assets/Product/Ui/Scene3DPrefab/UiMain3dQishi_01.prefab	Assets/Product/Ui/UiModel/UiNewDrawMain/UiNewDrawMainRoleDescending.prefab				0
170773	1	1121003	Assets/Product/Ui/Scene3DPrefab/UiMain3dQishi_01.prefab	Assets/Product/Ui/UiModel/UiNewDrawMain/UiNewDrawMainRoleDescending.prefab				0
170774	1	1171003	Assets/Product/Ui/Scene3DPrefab/UiMain3dQishi_01.prefab	Assets/Product/Ui/UiModel/UiNewDrawMain/UiNewDrawMainRoleDescending.prefab				0
170775	1	1141003	Assets/Product/Ui/Scene3DPrefab/UiMain3dQishi_01.prefab	Assets/Product/Ui/UiModel/UiNewDrawMain/UiNewDrawMainRoleDescending.prefab				0
170776	1	1021004	Assets/Product/Ui/Scene3DPrefab/UiMain3dQishi_01.prefab	Assets/Product/Ui/UiModel/UiNewDrawMain/UiNewDrawMainRoleDescending.prefab				0
170777	1	1041003	Assets/Product/Ui/Scene3DPrefab/UiMain3dQishi_01.prefab	Assets/Product/Ui/UiModel/UiNewDrawMain/UiNewDrawMainRoleDescending.prefab				0
170778	1	1021003	Assets/Product/Ui/Scene3DPrefab/UiMain3dQishi_01.prefab	Assets/Product/Ui/UiModel/UiNewDrawMain/UiNewDrawMainRoleDescending.prefab				0
170779	1	1051003	Assets/Product/Ui/Scene3DPrefab/UiMain3dQishi_01.prefab	Assets/Product/Ui/UiModel/UiNewDrawMain/UiNewDrawMainRoleDescending.prefab				0
170780	1	1071003	Assets/Product/Ui/Scene3DPrefab/UiMain3dQishi_01.prefab	Assets/Product/Ui/UiModel/UiNewDrawMain/UiNewDrawMainRoleDescending.prefab				0
170781	1	1061003	Assets/Product/Ui/Scene3DPrefab/UiMain3dQishi_01.prefab	Assets/Product/Ui/UiModel/UiNewDrawMain/UiNewDrawMainRoleDescending.prefab				0
170782	1	1031003	Assets/Product/Ui/Scene3DPrefab/UiMain3dQishi_01.prefab	Assets/Product/Ui/UiModel/UiNewDrawMain/UiNewDrawMainRoleDescending.prefab				0
170783	1	1011003	Assets/Product/Ui/Scene3DPrefab/UiMain3dQishi_01.prefab	Assets/Product/Ui/UiModel/UiNewDrawMain/UiNewDrawMainRoleDescending.prefab				0
170784	1	1331003	Assets/Product/Ui/Scene3DPrefab/UiMain3dQishi.prefab	Assets/Product/Ui/UiModel/UiNewDrawMain/UiNewDrawMainRolePredestined.prefab				0
170785	1	1321003	Assets/Product/Ui/Scene3DPrefab/UiMain3dQishi.prefab	Assets/Product/Ui/UiModel/UiNewDrawMain/UiNewDrawMainRolePredestined.prefab				0
170786	1	1051005	Assets/Product/Ui/Scene3DPrefab/UiMain3dQishi.prefab	Assets/Product/Ui/UiModel/UiNewDrawMain/UiNewDrawMainRolePredestined.prefab				0
170787	1	1021006	Assets/Product/Ui/Scene3DPrefab/UiMain3dQishi.prefab	Assets/Product/Ui/UiModel/UiNewDrawMain/UiNewDrawMainRolePredestined.prefab				0
170788	1	1211003	Assets/Product/Ui/Scene3DPrefab/UiMain3dQishi.prefab	Assets/Product/Ui/UiModel/UiNewDrawMain/UiNewDrawMainRolePredestined.prefab				0
170789	1	1241003	Assets/Product/Ui/Scene3DPrefab/UiMain3dQishi.prefab	Assets/Product/Ui/UiModel/UiNewDrawMain/UiNewDrawMainRolePredestined.prefab				0
170790	1	1171004	Assets/Product/Ui/Scene3DPrefab/UiMain3dQishi.prefab	Assets/Product/Ui/UiModel/UiNewDrawMain/UiNewDrawMainRolePredestined.prefab				0
170791	1	1521004	Assets/Product/Ui/Scene3DPrefab/UiMain3dQishi.prefab	Assets/Product/Ui/UiModel/UiNewDrawMain/UiNewDrawMainRolePredestined.prefab				0
170792	1	1081004	Assets/Product/Ui/Scene3DPrefab/UiMain3dQishi.prefab	Assets/Product/Ui/UiModel/UiNewDrawMain/UiNewDrawMainRolePredestined.prefab				0
170793	1	1271003	Assets/Product/Ui/Scene3DPrefab/UiMain3dQishi.prefab	Assets/Product/Ui/UiModel/UiNewDrawMain/UiNewDrawMainRolePredestined.prefab				0
170794	1	1261003	Assets/Product/Ui/Scene3DPrefab/UiMain3dQishi.prefab	Assets/Product/Ui/UiModel/UiNewDrawMain/UiNewDrawMainRolePredestined.prefab				0
170795	1	1221003	Assets/Product/Ui/Scene3DPrefab/UiMain3dQishi.prefab	Assets/Product/Ui/UiModel/UiNewDrawMain/UiNewDrawMainRolePredestined.prefab				0
170796	1	1021005	Assets/Product/Ui/Scene3DPrefab/UiMain3dQishi.prefab	Assets/Product/Ui/UiModel/UiNewDrawMain/UiNewDrawMainRolePredestined.prefab				0
170797	1	1091003	Assets/Product/Ui/Scene3DPrefab/UiMain3dQishi.prefab	Assets/Product/Ui/UiModel/UiNewDrawMain/UiNewDrawMainRolePredestined.prefab				0
170798	1	1011004	Assets/Product/Ui/Scene3DPrefab/UiMain3dQishi.prefab	Assets/Product/Ui/UiModel/UiNewDrawMain/UiNewDrawMainRolePredestined.prefab				0
170799	1	1041004	Assets/Product/Ui/Scene3DPrefab/UiMain3dQishi.prefab	Assets/Product/Ui/UiModel/UiNewDrawMain/UiNewDrawMainRolePredestined.prefab				0
170800	1	1071004	Assets/Product/Ui/Scene3DPrefab/UiMain3dQishi.prefab	Assets/Product/Ui/UiModel/UiNewDrawMain/UiNewDrawMainRolePredestined.prefab				0
170801	1	1051004	Assets/Product/Ui/Scene3DPrefab/UiMain3dQishi.prefab	Assets/Product/Ui/UiModel/UiNewDrawMain/UiNewDrawMainRolePredestined.prefab				0
170802	1	1531004	Assets/Product/Ui/Scene3DPrefab/UiMain3dQishi.prefab	Assets/Product/Ui/UiModel/UiNewDrawMain/UiNewDrawMainRolePredestined.prefab				0
170803	1	1031004	Assets/Product/Ui/Scene3DPrefab/UiMain3dQishi.prefab	Assets/Product/Ui/UiModel/UiNewDrawMain/UiNewDrawMainRolePredestined.prefab				0
170804	1	1131003	Assets/Product/Ui/Scene3DPrefab/UiMain3dQishi.prefab	Assets/Product/Ui/UiModel/UiNewDrawMain/UiNewDrawMainRolePredestined.prefab				0
170805	1	1121003	Assets/Product/Ui/Scene3DPrefab/UiMain3dQishi.prefab	Assets/Product/Ui/UiModel/UiNewDrawMain/UiNewDrawMainRolePredestined.prefab				0
170806	1	1171003	Assets/Product/Ui/Scene3DPrefab/UiMain3dQishi.prefab	Assets/Product/Ui/UiModel/UiNewDrawMain/UiNewDrawMainRolePredestined.prefab				0
170807	1	1141003	Assets/Product/Ui/Scene3DPrefab/UiMain3dQishi.prefab	Assets/Product/Ui/UiModel/UiNewDrawMain/UiNewDrawMainRolePredestined.prefab				0
170808	1	1021004	Assets/Product/Ui/Scene3DPrefab/UiMain3dQishi.prefab	Assets/Product/Ui/UiModel/UiNewDrawMain/UiNewDrawMainRolePredestined.prefab				0
170809	1	1041003	Assets/Product/Ui/Scene3DPrefab/UiMain3dQishi.prefab	Assets/Product/Ui/UiModel/UiNewDrawMain/UiNewDrawMainRolePredestined.prefab				0
170810	1	1021003	Assets/Product/Ui/Scene3DPrefab/UiMain3dQishi.prefab	Assets/Product/Ui/UiModel/UiNewDrawMain/UiNewDrawMainRolePredestined.prefab				0
170811	1	1051003	Assets/Product/Ui/Scene3DPrefab/UiMain3dQishi.prefab	Assets/Product/Ui/UiModel/UiNewDrawMain/UiNewDrawMainRolePredestined.prefab				0
170812	1	1071003	Assets/Product/Ui/Scene3DPrefab/UiMain3dQishi.prefab	Assets/Product/Ui/UiModel/UiNewDrawMain/UiNewDrawMainRolePredestined.prefab				0
170813	1	1061003	Assets/Product/Ui/Scene3DPrefab/UiMain3dQishi.prefab	Assets/Product/Ui/UiModel/UiNewDrawMain/UiNewDrawMainRolePredestined.prefab				0
170814	1	1031003	Assets/Product/Ui/Scene3DPrefab/UiMain3dQishi.prefab	Assets/Product/Ui/UiModel/UiNewDrawMain/UiNewDrawMainRolePredestined.prefab				0
170815	1	1011003	Assets/Product/Ui/Scene3DPrefab/UiMain3dQishi.prefab	Assets/Product/Ui/UiModel/UiNewDrawMain/UiNewDrawMainRolePredestined.prefab				0
170816	1	1131004	Assets/Product/Ui/Scene3DPrefab/UiMain3dQishi_01.prefab	Assets/Product/Ui/UiModel/UiNewDrawMain/UiNewDrawMainRoleDescending.prefab				0
170817	1	1021006	Assets/Product/Ui/Scene3DPrefab/UiMain3dQishi_01.prefab	Assets/Product/Ui/UiModel/UiNewDrawMain/UiNewDrawMainRoleDescending.prefab				0
170818	1	1211003	Assets/Product/Ui/Scene3DPrefab/UiMain3dQishi_01.prefab	Assets/Product/Ui/UiModel/UiNewDrawMain/UiNewDrawMainRoleDescending.prefab				0
170819	1	1321003	Assets/Product/Ui/Scene3DPrefab/UiMain3dQishi_01.prefab	Assets/Product/Ui/UiModel/UiNewDrawMain/UiNewDrawMainRoleDescending.prefab				0
170820	1	1171004	Assets/Product/Ui/Scene3DPrefab/UiMain3dQishi_01.prefab	Assets/Product/Ui/UiModel/UiNewDrawMain/UiNewDrawMainRoleDescending.prefab				0
170821	1	1071004	Assets/Product/Ui/Scene3DPrefab/UiMain3dQishi_01.prefab	Assets/Product/Ui/UiModel/UiNewDrawMain/UiNewDrawMainRoleDescending.prefab				0
170822	1	1091003	Assets/Product/Ui/Scene3DPrefab/UiMain3dQishi_01.prefab	Assets/Product/Ui/UiModel/UiNewDrawMain/UiNewDrawMainRoleDescending.prefab				0
170823	1	1531005	Assets/Product/Ui/Scene3DPrefab/UiMain3dQishi_01.prefab	Assets/Product/Ui/UiModel/UiNewDrawMain/UiNewDrawMainRoleDescending.prefab				0
170824	1	1261003	Assets/Product/Ui/Scene3DPrefab/UiMain3dQishi_01.prefab	Assets/Product/Ui/UiModel/UiNewDrawMain/UiNewDrawMainRoleDescending.prefab				0
170825	1	1021005	Assets/Product/Ui/Scene3DPrefab/UiMain3dQishi_01.prefab	Assets/Product/Ui/UiModel/UiNewDrawMain/UiNewDrawMainRoleDescending.prefab				0
170826	1	1241003	Assets/Product/Ui/Scene3DPrefab/UiMain3dQishi_01.prefab	Assets/Product/Ui/UiModel/UiNewDrawMain/UiNewDrawMainRoleDescending.prefab				0
170827	1	1331003	Assets/Product/Ui/Scene3DPrefab/UiMain3dQishi_01.prefab	Assets/Product/Ui/UiModel/UiNewDrawMain/UiNewDrawMainRoleDescending.prefab				0
170828	1	1131004	Assets/Product/Ui/Scene3DPrefab/UiMain3dQishi.prefab	Assets/Product/Ui/UiModel/UiNewDrawMain/UiNewDrawMainRolePredestined.prefab				0
170829	1	1021006	Assets/Product/Ui/Scene3DPrefab/UiMain3dQishi.prefab	Assets/Product/Ui/UiModel/UiNewDrawMain/UiNewDrawMainRolePredestined.prefab				0
170830	1	1211003	Assets/Product/Ui/Scene3DPrefab/UiMain3dQishi.prefab	Assets/Product/Ui/UiModel/UiNewDrawMain/UiNewDrawMainRolePredestined.prefab				0
170831	1	1321003	Assets/Product/Ui/Scene3DPrefab/UiMain3dQishi.prefab	Assets/Product/Ui/UiModel/UiNewDrawMain/UiNewDrawMainRolePredestined.prefab				0
170832	1	1171004	Assets/Product/Ui/Scene3DPrefab/UiMain3dQishi.prefab	Assets/Product/Ui/UiModel/UiNewDrawMain/UiNewDrawMainRolePredestined.prefab				0
170833	1	1071004	Assets/Product/Ui/Scene3DPrefab/UiMain3dQishi.prefab	Assets/Product/Ui/UiModel/UiNewDrawMain/UiNewDrawMainRolePredestined.prefab				0
170834	1	1091003	Assets/Product/Ui/Scene3DPrefab/UiMain3dQishi.prefab	Assets/Product/Ui/UiModel/UiNewDrawMain/UiNewDrawMainRolePredestined.prefab				0
170835	1	1531005	Assets/Product/Ui/Scene3DPrefab/UiMain3dQishi.prefab	Assets/Product/Ui/UiModel/UiNewDrawMain/UiNewDrawMainRolePredestined.prefab				0
170836	1	1261003	Assets/Product/Ui/Scene3DPrefab/UiMain3dQishi.prefab	Assets/Product/Ui/UiModel/UiNewDrawMain/UiNewDrawMainRolePredestined.prefab				0
170837	1	1021005	Assets/Product/Ui/Scene3DPrefab/UiMain3dQishi.prefab	Assets/Product/Ui/UiModel/UiNewDrawMain/UiNewDrawMainRolePredestined.prefab				0
170838	1	1241003	Assets/Product/Ui/Scene3DPrefab/UiMain3dQishi.prefab	Assets/Product/Ui/UiModel/UiNewDrawMain/UiNewDrawMainRolePredestined.prefab				0
170839	1	1331003	Assets/Product/Ui/Scene3DPrefab/UiMain3dQishi.prefab	Assets/Product/Ui/UiModel/UiNewDrawMain/UiNewDrawMainRolePredestined.prefab				0
