Id	Priority	UpProbability	Bg	ProbabilityBg	UpProbabilityDesc	UpProbabilityPercent	IsChangePos	IconPosX	IconPosY	IsChangeSize	IconWidth	IconHeight	IsChangeRot	RotZ	NewTimeId
101	10000	Basic Mode	Assets/Product/Texture/Image/UiDrawLog/RandomACharDrawNew.png	Assets/Product/Texture/Image/UiDrawLog/UiDrawLog4.png			0	0.0	0.0	0	0.0	0.0	0	0.0	0
301	8170	<color=#26bbf9>80% rate in 6★ pool</color>	Assets/Product/Texture/Image/UiDrawLog/UiDrawLog15.png	Assets/Product/Texture/Image/UiDrawLog/UiDrawLog4.png	Rate in 6★ pool:	80%	1	18.0	5.0	1	706.51	764.5999	1	-10.0	0
302	8160	<color=#26bbf9>80% rate in 6★ pool</color>	Assets/Product/Texture/Image/UiDrawLog/UiDrawLog15.png	Assets/Product/Texture/Image/UiDrawLog/UiDrawLog4.png	Rate in 6★ pool:	80%	1	-8.0	8.0	1	481.13	520.6799	1	-10.0	0
303	8150	<color=#26bbf9>80% rate in 6★ pool</color>	Assets/Product/Texture/Image/UiDrawLog/UiDrawLog15.png	Assets/Product/Texture/Image/UiDrawLog/UiDrawLog4.png	Rate in 6★ pool:	80%	1	-8.0	8.0	1	481.13	520.6799	1	-10.0	0
304	8140	<color=#26bbf9>80% rate in 6★ pool</color>	Assets/Product/Texture/Image/UiDrawLog/UiDrawLog15.png	Assets/Product/Texture/Image/UiDrawLog/UiDrawLog4.png	Rate in 6★ pool:	80%	1	-8.6	14.0	1	533.4199	577.27	1	-10.0	0
305	8130	<color=#26bbf9>80% rate in 6★ pool</color>	Assets/Product/Texture/Image/UiDrawLog/UiDrawLog15.png	Assets/Product/Texture/Image/UiDrawLog/UiDrawLog4.png	Rate in 6★ pool:	80%	1	-8.6	14.0	1	533.4199	577.27	1	-10.0	0
306	8120	<color=#26bbf9>80% rate in 6★ pool</color>	Assets/Product/Texture/Image/UiDrawLog/UiDrawLog15.png	Assets/Product/Texture/Image/UiDrawLog/UiDrawLog4.png	Rate in 6★ pool:	80%	1	-17.0	16.0	1	559.2399	605.21	1	-10.0	0
307	8110	<color=#26bbf9>80% rate in 6★ pool</color>	Assets/Product/Texture/Image/UiDrawLog/UiDrawLog15.png	Assets/Product/Texture/Image/UiDrawLog/UiDrawLog4.png	Rate in 6★ pool:	80%	1	-10.0	19.0	1	613.94	664.4099	1	-10.0	0
308	8100	<color=#26bbf9>80% rate in 6★ pool</color>	Assets/Product/Texture/Image/UiDrawLog/UiDrawLog15.png	Assets/Product/Texture/Image/UiDrawLog/UiDrawLog4.png	Rate in 6★ pool:	80%	1	-8.6	14.0	1	533.4199	577.27	1	-10.0	0
309	8090	<color=#26bbf9>80% rate in 6★ pool</color>	Assets/Product/Texture/Image/UiDrawLog/UiDrawLog15.png	Assets/Product/Texture/Image/UiDrawLog/UiDrawLog4.png	Rate in 6★ pool:	80%	1	-6.0	7.0	1	589.5599	638.03	1	-10.0	0
310	8080	<color=#26bbf9>80% rate in 6★ pool</color>	Assets/Product/Texture/Image/UiDrawLog/UiDrawLog15.png	Assets/Product/Texture/Image/UiDrawLog/UiDrawLog4.png	Rate in 6★ pool:	80%	1	-6.0	7.0	1	571.94	618.9699	1	-10.0	0
311	8070	<color=#26bbf9>80% rate in 6★ pool</color>	Assets/Product/Texture/Image/UiDrawLog/UiDrawLog15.png	Assets/Product/Texture/Image/UiDrawLog/UiDrawLog4.png	Rate in 6★ pool:	80%	1	0.0	24.0	1	696.6199	753.89	1	-10.0	0
312	8060	<color=#26bbf9>80% rate in 6★ pool</color>	Assets/Product/Texture/Image/UiDrawLog/UiDrawLog15.png	Assets/Product/Texture/Image/UiDrawLog/UiDrawLog4.png	Rate in 6★ pool:	80%	1	2.0	7.0	1	663.8599	718.44	1	-10.0	0
313	8050	<color=#26bbf9>80% rate in 6★ pool</color>	Assets/Product/Texture/Image/UiDrawLog/UiDrawLog15.png	Assets/Product/Texture/Image/UiDrawLog/UiDrawLog4.png	Rate in 6★ pool:	80%	1	10.0	9.0	1	645.95	699.0599	1	-10.0	0
314	8040	<color=#26bbf9>80% rate in 6★ pool</color>	Assets/Product/Texture/Image/UiDrawLog/UiDrawLog15.png	Assets/Product/Texture/Image/UiDrawLog/UiDrawLog4.png	Rate in 6★ pool:	80%	1	-4.0	17.0	1	688.4299	745.02	1	-10.0	0
315	8030	<color=#26bbf9>80% rate in 6★ pool</color>	Assets/Product/Texture/Image/UiDrawLog/UiDrawLog15.png	Assets/Product/Texture/Image/UiDrawLog/UiDrawLog4.png	Rate in 6★ pool:	80%	1	2.0	7.0	1	565.64	612.15	1	-10.0	0
316	8020	<color=#26bbf9>80% rate in 6★ pool</color>	Assets/Product/Texture/Image/UiDrawLog/UiDrawLog15.png	Assets/Product/Texture/Image/UiDrawLog/UiDrawLog4.png	Rate in 6★ pool:	80%	1	-14.0	9.0	1	455.72	493.1799	1	-10.0	0
317	8010	<color=#26bbf9>80% rate in 6★ pool</color>	Assets/Product/Texture/Image/UiDrawLog/UiDrawLog15.png	Assets/Product/Texture/Image/UiDrawLog/UiDrawLog4.png	Rate in 6★ pool:	80%	1	2.0	7.0	1	663.8599	718.44	1	-10.0	0
318	8000	<color=#26bbf9>80% rate in 6★ pool</color>	Assets/Product/Texture/Image/UiDrawLog/UiDrawLog15.png	Assets/Product/Texture/Image/UiDrawLog/UiDrawLog4.png	Rate in 6★ pool:	80%	1	-37.0	-4.0	1	550.7999	596.08	1	-10.0	0
319	7990	<color=#26bbf9>80% rate in 6★ pool</color>	Assets/Product/Texture/Image/UiDrawLog/UiDrawLog15.png	Assets/Product/Texture/Image/UiDrawLog/UiDrawLog4.png	Rate in 6★ pool:	80%	1	-14.0	-3.0	1	613.94	664.4099	1	-10.0	0
320	7980	<color=#26bbf9>80% rate in 6★ pool</color>	Assets/Product/Texture/Image/UiDrawLog/UiDrawLog15.png	Assets/Product/Texture/Image/UiDrawLog/UiDrawLog4.png	Rate in 6★ pool:	80%	1	10.0	9.0	1	645.95	699.0599	1	-10.0	0
321	7970	<color=#26bbf9>80% rate in 6★ pool</color>	Assets/Product/Texture/Image/UiDrawLog/UiDrawLog15.png	Assets/Product/Texture/Image/UiDrawLog/UiDrawLog4.png	Rate in 6★ pool:	80%	1	-27.0	-26.0	1	546.395	591.3099	1	-10.0	0
322	8180	<color=#26bbf9>80% rate in 6★ pool</color>	Assets/Product/Texture/Image/UiDrawLog/UiDrawLog15.png	Assets/Product/Texture/Image/UiDrawLog/UiDrawLog4.png	Rate in 6★ pool:	80%	1	-4.0	11.5	1	457.14	494.73	1	-10.0	0
323	8190	<color=#26bbf9>80% rate in 6★ pool</color>	Assets/Product/Texture/Image/UiDrawLog/UiDrawLog15.png	Assets/Product/Texture/Image/UiDrawLog/UiDrawLog4.png	Rate in 6★ pool:	80%	1	10.0	12.0	1	515.27	557.63	1	-10.0	0
324	8200	<color=#26bbf9>80% rate in 6★ pool</color>	Assets/Product/Texture/Image/UiDrawLog/UiDrawLog15.png	Assets/Product/Texture/Image/UiDrawLog/UiDrawLog4.png	Rate in 6★ pool:	80%	1	-1.0	12.0	1	472.5	511.3399	1	-10.0	0
325	8210	<color=#26bbf9>80% rate in 6★ pool</color>	Assets/Product/Texture/Image/UiDrawLog/UiDrawLog15.png	Assets/Product/Texture/Image/UiDrawLog/UiDrawLog4.png	Rate in 6★ pool:	80%	1	-22.0	-11.0	1	698.21	755.6199	1	-10.0	0
326	8220	<color=#26bbf9>80% rate in 6★ pool</color>	Assets/Product/Texture/Image/UiDrawLog/UiDrawLog15.png	Assets/Product/Texture/Image/UiDrawLog/UiDrawLog4.png	Rate in 6★ pool:	80%	1	-4.0	-5.0	1	625.52	676.95	1	-10.0	0
327	8230	<color=#26bbf9>80% rate in 6★ pool</color>	Assets/Product/Texture/Image/UiDrawLog/UiDrawLog15.png	Assets/Product/Texture/Image/UiDrawLog/UiDrawLog4.png	Rate in 6★ pool:	80%	1	0.0	23.0	1	606.3599	656.21	1	-10.0	0
328	8240	<color=#26bbf9>80% rate in 6★ pool</color>	Assets/Product/Texture/Image/UiDrawLog/UiDrawLog15.png	Assets/Product/Texture/Image/UiDrawLog/UiDrawLog4.png	Rate in 6★ pool:	80%	1	3.0	4.0	1	678.4199	734.2	1	-10.0	0
329	8250	<color=#26bbf9>80% rate in 6★ pool</color>	Assets/Product/Texture/Image/UiDrawLog/UiDrawLog15.png	Assets/Product/Texture/Image/UiDrawLog/UiDrawLog4.png	Rate in 6★ pool:	80%	1	-21.0	-29.0	1	557.4	603.2199	1	-10.0	0
330	8260	<color=#26bbf9>80% rate in 6★ pool</color>	Assets/Product/Texture/Image/UiDrawLog/UiDrawLog15.png	Assets/Product/Texture/Image/UiDrawLog/UiDrawLog4.png	Rate in 6★ pool:	80%	1	-16.0	2.0	1	593.2299	642.0	1	-10.0	0
331	8270	<color=#26bbf9>80% rate in 6★ pool</color>	Assets/Product/Texture/Image/UiDrawLog/UiDrawLog15.png	Assets/Product/Texture/Image/UiDrawLog/UiDrawLog4.png	Rate in 6★ pool:	80%	1	1.0	7.0	1	573.9899	621.1799	1	-10.0	0
332	8280	<color=#26bbf9>80% rate in 6★ pool</color>	Assets/Product/Texture/Image/UiDrawLog/UiDrawLog15.png	Assets/Product/Texture/Image/UiDrawLog/UiDrawLog4.png	Rate in 6★ pool:	80%	1	-30.0	20.0	1	602.01	651.51	1	0.0	0
333	8290	<color=#26bbf9>80% rate in 6★ pool</color>	Assets/Product/Texture/Image/UiDrawLog/UiDrawLog15.png	Assets/Product/Texture/Image/UiDrawLog/UiDrawLog4.png	Rate in 6★ pool:	80%	1	-2.0	-6.0	1	551.89	597.27	1	-10.0	0
334	8300	<color=#26bbf9>80% rate in 6★ pool</color>	Assets/Product/Texture/Image/UiDrawLog/UiDrawLog15.png	Assets/Product/Texture/Image/UiDrawLog/UiDrawLog4.png	Rate in 6★ pool:	80%	1	16.0	35.0	1	613.94	664.4099	1	-10.0	0
335	8310	<color=#26bbf9>80% rate in 6★ pool</color>	Assets/Product/Texture/Image/UiDrawLog/UiDrawLog15.png	Assets/Product/Texture/Image/UiDrawLog/UiDrawLog4.png	Rate in 6★ pool:	80%	1	-21.0	20.0	1	675.5	731.03	1	-10.0	0
336	8320	<color=#26bbf9>80% rate in 6★ pool</color>	Assets/Product/Texture/Image/UiDrawLog/UiDrawLog15.png	Assets/Product/Texture/Image/UiDrawLog/UiDrawLog4.png	Rate in 6★ pool:	80%	1	-8.0	37.0	1	613.94	664.4099	1	-10.0	0
337	8330	<color=#26bbf9>80% rate in 6★ pool</color>	Assets/Product/Texture/Image/UiDrawLog/UiDrawLog15.png	Assets/Product/Texture/Image/UiDrawLog/UiDrawLog4.png	Rate in 6★ pool:	80%	1	-16.0	19.0	1	622.03	673.1699	1	-10.0	0
338	8340	<color=#26bbf9>80% rate in 6★ pool</color>	Assets/Product/Texture/Image/UiDrawLog/UiDrawLog15.png	Assets/Product/Texture/Image/UiDrawLog/UiDrawLog4.png	Rate in 6★ pool:	80%	1	-17.5	-7.8	1	580.6799	628.4199	1	-10.0	0
339	8350	<color=#26bbf9>80% rate in 6★ pool</color>	Assets/Product/Texture/Image/UiDrawLog/UiDrawLog15.png	Assets/Product/Texture/Image/UiDrawLog/UiDrawLog4.png	Rate in 6★ pool:	80%	1	-32.0	-19.0	1	607.1699	657.08	1	-10.0	0
340	8360	<color=#26bbf9>80% rate in 6★ pool</color>	Assets/Product/Texture/Image/UiDrawLog/UiDrawLog15.png	Assets/Product/Texture/Image/UiDrawLog/UiDrawLog4.png	Rate in 6★ pool:	80%	1	-19.0	-39.0	1	608.8699	658.9299	1	-10.0	0
341	8370	<color=#26bbf9>80% rate in 6★ pool</color>	Assets/Product/Texture/Image/UiDrawLog/UiDrawLog15.png	Assets/Product/Texture/Image/UiDrawLog/UiDrawLog4.png	Rate in 6★ pool:	80%	1	-8.0	9.0	1	613.94	664.4099	1	-10.0	0
342	8380	<color=#26bbf9>80% rate in 6★ pool</color>	Assets/Product/Texture/Image/UiDrawLog/UiDrawLog15.png	Assets/Product/Texture/Image/UiDrawLog/UiDrawLog4.png	Rate in 6★ pool:	80%	1	-8.0	9.0	1	613.94	664.4099	1	-10.0	0
343	8390	<color=#26bbf9>80% rate in 6★ pool</color>	Assets/Product/Texture/Image/UiDrawLog/UiDrawLog15.png	Assets/Product/Texture/Image/UiDrawLog/UiDrawLog4.png	Rate in 6★ pool:	80%	1	-22.0	9.0	1	475.5	514.5999	1	-10.0	0
344	8400	<color=#26bbf9>80% rate in 6★ pool</color>	Assets/Product/Texture/Image/UiDrawLog/UiDrawLog15.png	Assets/Product/Texture/Image/UiDrawLog/UiDrawLog4.png	Rate in 6★ pool:	80%	1	-25.0	26.0	1	571.77	618.77	1	-10.0	0
345	8410	<color=#26bbf9>80% rate in 6★ pool</color>	Assets/Product/Texture/Image/UiDrawLog/UiDrawLog15.png	Assets/Product/Texture/Image/UiDrawLog/UiDrawLog4.png	Rate in 6★ pool:	80%	1	-43.0	-64.0	1	612.58	662.94	1	-10.0	0
346	8420	<color=#26bbf9>80% rate in 6★ pool</color>	Assets/Product/Texture/Image/UiDrawLog/UiDrawLog15.png	Assets/Product/Texture/Image/UiDrawLog/UiDrawLog4.png	Rate in 6★ pool:	80%	1	-13.0	14.0	1	455.72	493.1799	1	-10.0	0
347	8430	<color=#26bbf9>80% rate in 6★ pool</color>	Assets/Product/Texture/Image/UiDrawLog/UiDrawLog15.png	Assets/Product/Texture/Image/UiDrawLog/UiDrawLog4.png	Rate in 6★ pool:	80%	1	2.0	7.0	1	613.94	664.4	1	-10.0	0
348	8440	<color=#26bbf9>80% rate in 6★ pool</color>	Assets/Product/Texture/Image/UiDrawLog/UiDrawLog15.png	Assets/Product/Texture/Image/UiDrawLog/UiDrawLog4.png	Rate in 6★ pool:	80%	1	2.0	7.0	1	613.94	664.4	1	-10.0	0
349	8450	<color=#26bbf9>80% rate in 6★ pool</color>	Assets/Product/Texture/Image/UiDrawLog/UiDrawLog15.png	Assets/Product/Texture/Image/UiDrawLog/UiDrawLog4.png	Rate in 6★ pool:	80%	1	1.0	7.0	1	538.0	582.0	1	-16.5	0
350	8460	<color=#26bbf9>80% rate in 6★ pool</color>	Assets/Product/Texture/Image/UiDrawLog/UiDrawLog15.png	Assets/Product/Texture/Image/UiDrawLog/UiDrawLog4.png	Rate in 6★ pool:	80%	0	0.0	0.0	0	0.0	0.0	0	0.0	0
351	8470	<color=#26bbf9>80% rate in 6★ pool</color>	Assets/Product/Texture/Image/UiDrawLog/UiDrawLog15.png	Assets/Product/Texture/Image/UiDrawLog/UiDrawLog4.png	Rate in 6★ pool:	80%	0	0.0	0.0	0	0.0	0.0	0	0.0	0
352	9900	<color=#26bbf9>80% rate in 6★ pool</color>	Assets/Product/Texture/Image/UiDrawLog/UiDrawLog15.png	Assets/Product/Texture/Image/UiDrawLog/UiDrawLog4.png	Rate in 6★ pool:	80%	0	0.0	0.0	0	0.0	0.0	0	0.0	0
353	8480	<color=#26bbf9>80% rate in 6★ pool</color>	Assets/Product/Texture/Image/UiDrawLog/UiDrawLog15.png	Assets/Product/Texture/Image/UiDrawLog/UiDrawLog4.png	Rate in 6★ pool:	80%	0	0.0	0.0	0	0.0	0.0	0	0.0	0
354	8490	<color=#26bbf9>80% rate in 6★ pool</color>	Assets/Product/Texture/Image/UiDrawLog/UiDrawLog15.png	Assets/Product/Texture/Image/UiDrawLog/UiDrawLog4.png	Rate in 6★ pool:	80%	0	0.0	0.0	0	0.0	0.0	0	0.0	0
355	8500	<color=#26bbf9>80% rate in 6★ pool</color>	Assets/Product/Texture/Image/UiDrawLog/UiDrawLog15.png	Assets/Product/Texture/Image/UiDrawLog/UiDrawLog4.png	Rate in 6★ pool:	80%	0	0.0	0.0	0	0.0	0.0	0	0.0	0
356	8510	<color=#26bbf9>80% rate in 6★ pool</color>	Assets/Product/Texture/Image/UiDrawLog/UiDrawLog15.png	Assets/Product/Texture/Image/UiDrawLog/UiDrawLog4.png	Rate in 6★ pool:	80%	0	0.0	0.0	0	0.0	0.0	0	0.0	0
357	8520	<color=#26bbf9>80% rate in 6★ pool</color>	Assets/Product/Texture/Image/UiDrawLog/UiDrawLog15.png	Assets/Product/Texture/Image/UiDrawLog/UiDrawLog4.png	Rate in 6★ pool:	80%	0	0.0	0.0	0	0.0	0.0	0	0.0	26908
358	8530	<color=#26bbf9>80% rate in 6★ pool</color>	Assets/Product/Texture/Image/UiDrawLog/UiDrawLog15.png	Assets/Product/Texture/Image/UiDrawLog/UiDrawLog4.png	Rate in 6★ pool:	80%	0	0.0	0.0	0	0.0	0.0	0	0.0	27951
359	8540	<color=#26bbf9>80% rate in 6★ pool</color>	Assets/Product/Texture/Image/UiDrawLog/UiDrawLog15.png	Assets/Product/Texture/Image/UiDrawLog/UiDrawLog4.png	Rate in 6★ pool:	80%	0	0.0	0.0	0	0.0	0.0	0	0.0	28220
360	8550	<color=#26bbf9>80% rate in 6★ pool</color>	Assets/Product/Texture/Image/UiDrawLog/UiDrawLog15.png	Assets/Product/Texture/Image/UiDrawLog/UiDrawLog4.png	Rate in 6★ pool:	80%	0	0.0	0.0	0	0.0	0.0	0	0.0	29753
361	8560	<color=#26bbf9>80% rate in 6★ pool</color>	Assets/Product/Texture/Image/UiDrawLog/UiDrawLog15.png	Assets/Product/Texture/Image/UiDrawLog/UiDrawLog4.png	Rate in 6★ pool:	80%	0	0.0	0.0	0	0.0	0.0	0	0.0	30851
362	8570	<color=#26bbf9>80% rate in 6★ pool</color>	Assets/Product/Texture/Image/UiDrawLog/UiDrawLog15.png	Assets/Product/Texture/Image/UiDrawLog/UiDrawLog4.png	Rate in 6★ pool:	80%	0	0.0	0.0	0	0.0	0.0	0	0.0	32970
363	8580	<color=#26bbf9>80% rate in 6★ pool</color>	Assets/Product/Texture/Image/UiDrawLog/UiDrawLog15.png	Assets/Product/Texture/Image/UiDrawLog/UiDrawLog4.png	Rate in 6★ pool:	80%	0	0.0	0.0	0	0.0	0.0	0	0.0	33850
364	8590	<color=#26bbf9>80% rate in 6★ pool</color>	Assets/Product/Texture/Image/UiDrawLog/UiDrawLog15.png	Assets/Product/Texture/Image/UiDrawLog/UiDrawLog4.png	Rate in 6★ pool:	80%	0	0.0	0.0	0	0.0	0.0	0	0.0	34760
365	8600	<color=#26bbf9>80% rate in 6★ pool</color>	Assets/Product/Texture/Image/UiDrawLog/UiDrawLog15.png	Assets/Product/Texture/Image/UiDrawLog/UiDrawLog4.png	Rate in 6★ pool:	80%	0	0.0	0.0	0	0.0	0.0	0	0.0	35540
366	8610	<color=#26bbf9>80% rate in 6★ pool</color>	Assets/Product/Texture/Image/UiDrawLog/UiDrawLog15.png	Assets/Product/Texture/Image/UiDrawLog/UiDrawLog4.png	Rate in 6★ pool:	80%	0	0.0	0.0	0	0.0	0.0	0	0.0	36510
367	8620	<color=#26bbf9>80% rate in 6★ pool</color>	Assets/Product/Texture/Image/UiDrawLog/UiDrawLog15.png	Assets/Product/Texture/Image/UiDrawLog/UiDrawLog4.png	Rate in 6★ pool:	80%	0	0.0	0.0	0	0.0	0.0	0	0.0	37907
368	8630	<color=#26bbf9>80% rate in 6★ pool</color>	Assets/Product/Texture/Image/UiDrawLog/UiDrawLog15.png	Assets/Product/Texture/Image/UiDrawLog/UiDrawLog4.png	Rate in 6★ pool:	80%	0	0.0	0.0	0	0.0	0.0	0	0.0	0
369	8640	<color=#26bbf9>80% rate in 6★ pool</color>	Assets/Product/Texture/Image/UiDrawLog/UiDrawLog15.png	Assets/Product/Texture/Image/UiDrawLog/UiDrawLog4.png	Rate in 6★ pool:	80%	0	0.0	0.0	0	0.0	0.0	0	0.0	0
370	8650	<color=#26bbf9>80% rate in 6★ pool</color>	Assets/Product/Texture/Image/UiDrawLog/UiDrawLog15.png	Assets/Product/Texture/Image/UiDrawLog/UiDrawLog4.png	Rate in 6★ pool:	80%	0	0.0	0.0	0	0.0	0.0	0	0.0	39723
371	8660	<color=#26bbf9>80% rate in 6★ pool</color>	Assets/Product/Texture/Image/UiDrawLog/UiDrawLog15.png	Assets/Product/Texture/Image/UiDrawLog/UiDrawLog4.png	Rate in 6★ pool:	80%	0	0.0	0.0	0	0.0	0.0	0	0.0	40902
372	8670	<color=#26bbf9>80% rate in 6★ pool</color>	Assets/Product/Texture/Image/UiDrawLog/UiDrawLog15.png	Assets/Product/Texture/Image/UiDrawLog/UiDrawLog4.png	Rate in 6★ pool:	80%	0	0.0	0.0	0	0.0	0.0	0	0.0	41317
373	8680	<color=#26bbf9>80% rate in 6★ pool</color>	Assets/Product/Texture/Image/UiDrawLog/UiDrawLog15.png	Assets/Product/Texture/Image/UiDrawLog/UiDrawLog4.png	Rate in 6★ pool:	80%	0	0.0	0.0	0	0.0	0.0	0	0.0	42721
374	8690	<color=#26bbf9>80% rate in 6★ pool</color>	Assets/Product/Texture/Image/UiDrawLog/UiDrawLog15.png	Assets/Product/Texture/Image/UiDrawLog/UiDrawLog4.png	Rate in 6★ pool:	80%	0	0.0	0.0	0	0.0	0.0	0	0.0	43905
375	8700	<color=#26bbf9>80% rate in 6★ pool</color>	Assets/Product/Texture/Image/UiDrawLog/UiDrawLog15.png	Assets/Product/Texture/Image/UiDrawLog/UiDrawLog4.png	Rate in 6★ pool:	80%	0	0.0	0.0	0	0.0	0.0	0	0.0	44418
376	8710	<color=#26bbf9>80% rate in 6★ pool</color>	Assets/Product/Texture/Image/UiDrawLog/UiDrawLog15.png	Assets/Product/Texture/Image/UiDrawLog/UiDrawLog4.png	Rate in 6★ pool:	80%	0	0.0	0.0	0	0.0	0.0	0	0.0	45716
377	8720	<color=#26bbf9>80% rate in 6★ pool</color>	Assets/Product/Texture/Image/UiDrawLog/UiDrawLog15.png	Assets/Product/Texture/Image/UiDrawLog/UiDrawLog4.png	Rate in 6★ pool:	80%	0	0.0	0.0	0	0.0	0.0	0	0.0	46711
378	8740	<color=#26bbf9>80% rate in 6★ pool</color>	Assets/Product/Texture/Image/UiDrawLog/UiDrawLog15.png	Assets/Product/Texture/Image/UiDrawLog/UiDrawLog4.png	Rate in 6★ pool:	80%	0	0.0	0.0	0	0.0	0.0	0	0.0	47705
379	8730	<color=#26bbf9>80% rate in 6★ pool</color>	Assets/Product/Texture/Image/UiDrawLog/UiDrawLog15.png	Assets/Product/Texture/Image/UiDrawLog/UiDrawLog4.png	Rate in 6★ pool:	80%	0	0.0	0.0	0	0.0	0.0	0	0.0	47706
380	8750	<color=#26bbf9>80% rate in 6★ pool</color>	Assets/Product/Texture/Image/UiDrawLog/UiDrawLog15.png	Assets/Product/Texture/Image/UiDrawLog/UiDrawLog4.png	Rate in 6★ pool:	80%	0	0.0	0.0	0	0.0	0.0	0	0.0	48144
381	8770	<color=#26bbf9>80% rate in 6★ pool</color>	Assets/Product/Texture/Image/UiDrawLog/UiDrawLog15.png	Assets/Product/Texture/Image/UiDrawLog/UiDrawLog4.png	Rate in 6★ pool:	80%	0	0.0	0.0	0	0.0	0.0	0	0.0	50400
382	8760	<color=#26bbf9>80% rate in 6★ pool</color>	Assets/Product/Texture/Image/UiDrawLog/UiDrawLog15.png	Assets/Product/Texture/Image/UiDrawLog/UiDrawLog4.png	Rate in 6★ pool:	80%	0	0.0	0.0	0	0.0	0.0	0	0.0	49311
383	8780	<color=#26bbf9>80% rate in 6★ pool</color>	Assets/Product/Texture/Image/UiDrawLog/UiDrawLog15.png	Assets/Product/Texture/Image/UiDrawLog/UiDrawLog4.png	Rate in 6★ pool:	80%	0	0.0	0.0	0	0.0	0.0	0	0.0	50404
1030	10000	<color=#26bbf9>70% rate in S-Rank pool</color>	Assets/Product/Texture/Image/UiDrawLog/UiDrawLog22.png	Assets/Product/Texture/Image/UiDrawLog/UiDrawLog23.png	Rate in S-Rank pool:	70%	0	0.0	0.0	0	0.0	0.0	0	0.0	0
1031	9990	<color=#26bbf9>70% rate in S-Rank pool</color>	Assets/Product/Texture/Image/UiDrawLog/UiDrawLog22.png	Assets/Product/Texture/Image/UiDrawLog/UiDrawLog23.png	Rate in S-Rank pool:	70%	0	0.0	0.0	0	0.0	0.0	0	0.0	0
1032	9980	<color=#26bbf9>70% rate in S-Rank pool</color>	Assets/Product/Texture/Image/UiDrawLog/UiDrawLog22.png	Assets/Product/Texture/Image/UiDrawLog/UiDrawLog23.png	Rate in S-Rank pool:	70%	0	0.0	0.0	0	0.0	0.0	0	0.0	0
1033	9970	<color=#26bbf9>70% rate in S-Rank pool</color>	Assets/Product/Texture/Image/UiDrawLog/UiDrawLog22.png	Assets/Product/Texture/Image/UiDrawLog/UiDrawLog23.png	Rate in S-Rank pool:	70%	0	0.0	0.0	0	0.0	0.0	0	0.0	0
1034	9960	<color=#26bbf9>70% rate in S-Rank pool</color>	Assets/Product/Texture/Image/UiDrawLog/UiDrawLog22.png	Assets/Product/Texture/Image/UiDrawLog/UiDrawLog23.png	Rate in S-Rank pool:	70%	0	0.0	0.0	0	0.0	0.0	0	0.0	0
1035	9950	<color=#26bbf9>70% rate in S-Rank pool</color>	Assets/Product/Texture/Image/UiDrawLog/UiDrawLog22.png	Assets/Product/Texture/Image/UiDrawLog/UiDrawLog23.png	Rate in S-Rank pool:	70%	0	0.0	0.0	0	0.0	0.0	0	0.0	0
1037	10000	<color=#26bbf9>70% rate in S-Rank pool</color>	Assets/Product/Texture/Image/UiDrawLog/UiDrawLog22.png	Assets/Product/Texture/Image/UiDrawLog/UiDrawLog23.png	Rate in S-Rank pool:	70%	0	0.0	0.0	0	0.0	0.0	0	0.0	0
1038	9990	<color=#26bbf9>70% rate in S-Rank pool</color>	Assets/Product/Texture/Image/UiDrawLog/UiDrawLog22.png	Assets/Product/Texture/Image/UiDrawLog/UiDrawLog23.png	Rate in S-Rank pool:	70%	0	0.0	0.0	0	0.0	0.0	0	0.0	0
1039	9980	<color=#26bbf9>70% rate in S-Rank pool</color>	Assets/Product/Texture/Image/UiDrawLog/UiDrawLog22.png	Assets/Product/Texture/Image/UiDrawLog/UiDrawLog23.png	Rate in S-Rank pool:	70%	0	0.0	0.0	0	0.0	0.0	0	0.0	0
1040	9970	<color=#26bbf9>70% rate in S-Rank pool</color>	Assets/Product/Texture/Image/UiDrawLog/UiDrawLog22.png	Assets/Product/Texture/Image/UiDrawLog/UiDrawLog23.png	Rate in S-Rank pool:	70%	0	0.0	0.0	0	0.0	0.0	0	0.0	0
1041	9960	<color=#26bbf9>70% rate in S-Rank pool</color>	Assets/Product/Texture/Image/UiDrawLog/UiDrawLog22.png	Assets/Product/Texture/Image/UiDrawLog/UiDrawLog23.png	Rate in S-Rank pool:	70%	0	0.0	0.0	0	0.0	0.0	0	0.0	0
1042	9950	<color=#26bbf9>70% rate in S-Rank pool</color>	Assets/Product/Texture/Image/UiDrawLog/UiDrawLog22.png	Assets/Product/Texture/Image/UiDrawLog/UiDrawLog23.png	Rate in S-Rank pool:	70%	0	0.0	0.0	0	0.0	0.0	0	0.0	0
1043	10000	<color=#26bbf9>70% rate in S-Rank pool</color>	Assets/Product/Texture/Image/UiDrawLog/UiDrawLog22.png	Assets/Product/Texture/Image/UiDrawLog/UiDrawLog23.png	Rate in S-Rank pool:	70%	0	0.0	0.0	0	0.0	0.0	0	0.0	0
1044	9990	<color=#26bbf9>70% rate in S-Rank pool</color>	Assets/Product/Texture/Image/UiDrawLog/UiDrawLog22.png	Assets/Product/Texture/Image/UiDrawLog/UiDrawLog23.png	Rate in S-Rank pool:	70%	0	0.0	0.0	0	0.0	0.0	0	0.0	0
1045	9980	<color=#26bbf9>70% rate in S-Rank pool</color>	Assets/Product/Texture/Image/UiDrawLog/UiDrawLog22.png	Assets/Product/Texture/Image/UiDrawLog/UiDrawLog23.png	Rate in S-Rank pool:	70%	0	0.0	0.0	0	0.0	0.0	0	0.0	0
1046	9970	<color=#26bbf9>70% rate in S-Rank pool</color>	Assets/Product/Texture/Image/UiDrawLog/UiDrawLog22.png	Assets/Product/Texture/Image/UiDrawLog/UiDrawLog23.png	Rate in S-Rank pool:	70%	0	0.0	0.0	0	0.0	0.0	0	0.0	0
1047	9960	<color=#26bbf9>70% rate in S-Rank pool</color>	Assets/Product/Texture/Image/UiDrawLog/UiDrawLog22.png	Assets/Product/Texture/Image/UiDrawLog/UiDrawLog23.png	Rate in S-Rank pool:	70%	0	0.0	0.0	0	0.0	0.0	0	0.0	0
1048	9950	<color=#26bbf9>70% rate in S-Rank pool</color>	Assets/Product/Texture/Image/UiDrawLog/UiDrawLog22.png	Assets/Product/Texture/Image/UiDrawLog/UiDrawLog23.png	Rate in S-Rank pool:	70%	0	0.0	0.0	0	0.0	0.0	0	0.0	0
1050	10000	<color=#26bbf9>70% rate in S-Rank pool</color>	Assets/Product/Texture/Image/UiDrawLog/UiDrawLog22.png	Assets/Product/Texture/Image/UiDrawLog/UiDrawLog23.png	Rate in S-Rank pool:	70%	0	0.0	0.0	0	0.0	0.0	0	0.0	0
1051	9990	<color=#26bbf9>70% rate in S-Rank pool</color>	Assets/Product/Texture/Image/UiDrawLog/UiDrawLog22.png	Assets/Product/Texture/Image/UiDrawLog/UiDrawLog23.png	Rate in S-Rank pool:	70%	0	0.0	0.0	0	0.0	0.0	0	0.0	0
1052	9980	<color=#26bbf9>70% rate in S-Rank pool</color>	Assets/Product/Texture/Image/UiDrawLog/UiDrawLog22.png	Assets/Product/Texture/Image/UiDrawLog/UiDrawLog23.png	Rate in S-Rank pool:	70%	0	0.0	0.0	0	0.0	0.0	0	0.0	0
1053	9970	<color=#26bbf9>70% rate in S-Rank pool</color>	Assets/Product/Texture/Image/UiDrawLog/UiDrawLog22.png	Assets/Product/Texture/Image/UiDrawLog/UiDrawLog23.png	Rate in S-Rank pool:	70%	0	0.0	0.0	0	0.0	0.0	0	0.0	0
1054	9960	<color=#26bbf9>70% rate in S-Rank pool</color>	Assets/Product/Texture/Image/UiDrawLog/UiDrawLog22.png	Assets/Product/Texture/Image/UiDrawLog/UiDrawLog23.png	Rate in S-Rank pool:	70%	0	0.0	0.0	0	0.0	0.0	0	0.0	0
1055	9950	<color=#26bbf9>70% rate in S-Rank pool</color>	Assets/Product/Texture/Image/UiDrawLog/UiDrawLog22.png	Assets/Product/Texture/Image/UiDrawLog/UiDrawLog23.png	Rate in S-Rank pool:	70%	0	0.0	0.0	0	0.0	0.0	0	0.0	0
1056	9940	<color=#26bbf9>70% rate in S-Rank pool</color>	Assets/Product/Texture/Image/UiDrawLog/UiDrawLog22.png	Assets/Product/Texture/Image/UiDrawLog/UiDrawLog23.png	Rate in S-Rank pool:	70%	0	0.0	0.0	0	0.0	0.0	0	0.0	0
1057	9930	<color=#26bbf9>70% rate in S-Rank pool</color>	Assets/Product/Texture/Image/UiDrawLog/UiDrawLog22.png	Assets/Product/Texture/Image/UiDrawLog/UiDrawLog23.png	Rate in S-Rank pool:	70%	0	0.0	0.0	0	0.0	0.0	0	0.0	0
1058	9920	<color=#26bbf9>70% rate in S-Rank pool</color>	Assets/Product/Texture/Image/UiDrawLog/UiDrawLog22.png	Assets/Product/Texture/Image/UiDrawLog/UiDrawLog23.png	Rate in S-Rank pool:	70%	0	0.0	0.0	0	0.0	0.0	0	0.0	0
1059	9910	<color=#26bbf9>70% rate in S-Rank pool</color>	Assets/Product/Texture/Image/UiDrawLog/UiDrawLog22.png	Assets/Product/Texture/Image/UiDrawLog/UiDrawLog23.png	Rate in S-Rank pool:	70%	0	0.0	0.0	0	0.0	0.0	0	0.0	0
1061	9900	<color=#26bbf9>70% rate in S-Rank pool</color>	Assets/Product/Texture/Image/UiDrawLog/UiDrawLog22.png	Assets/Product/Texture/Image/UiDrawLog/UiDrawLog23.png	Rate in S-Rank pool:	70%	0	0.0	0.0	0	0.0	0.0	0	0.0	0
1062	9890	<color=#26bbf9>70% rate in S-Rank pool</color>	Assets/Product/Texture/Image/UiDrawLog/UiDrawLog22.png	Assets/Product/Texture/Image/UiDrawLog/UiDrawLog23.png	Rate in S-Rank pool:	70%	0	0.0	0.0	0	0.0	0.0	0	0.0	0
1063	9880	<color=#26bbf9>70% rate in S-Rank pool</color>	Assets/Product/Texture/Image/UiDrawLog/UiDrawLog22.png	Assets/Product/Texture/Image/UiDrawLog/UiDrawLog23.png	Rate in S-Rank pool:	70%	0	0.0	0.0	0	0.0	0.0	0	0.0	0
1064	9870	<color=#26bbf9>70% rate in S-Rank pool</color>	Assets/Product/Texture/Image/UiDrawLog/UiDrawLog22.png	Assets/Product/Texture/Image/UiDrawLog/UiDrawLog23.png	Rate in S-Rank pool:	70%	0	0.0	0.0	0	0.0	0.0	0	0.0	0
1065	9860	<color=#26bbf9>70% rate in S-Rank pool</color>	Assets/Product/Texture/Image/UiDrawLog/UiDrawLog22.png	Assets/Product/Texture/Image/UiDrawLog/UiDrawLog23.png	Rate in S-Rank pool:	70%	0	0.0	0.0	0	0.0	0.0	0	0.0	0
1066	9850	<color=#26bbf9>70% rate in S-Rank pool</color>	Assets/Product/Texture/Image/UiDrawLog/UiDrawLog22.png	Assets/Product/Texture/Image/UiDrawLog/UiDrawLog23.png	Rate in S-Rank pool:	70%	0	0.0	0.0	0	0.0	0.0	0	0.0	0
1067	9840	<color=#26bbf9>70% rate in S-Rank pool</color>	Assets/Product/Texture/Image/UiDrawLog/UiDrawLog22.png	Assets/Product/Texture/Image/UiDrawLog/UiDrawLog23.png	Rate in S-Rank pool:	70%	0	0.0	0.0	0	0.0	0.0	0	0.0	0
1068	9830	<color=#26bbf9>70% rate in S-Rank pool</color>	Assets/Product/Texture/Image/UiDrawLog/UiDrawLog22.png	Assets/Product/Texture/Image/UiDrawLog/UiDrawLog23.png	Rate in S-Rank pool:	70%	0	0.0	0.0	0	0.0	0.0	0	0.0	0
1069	9820	<color=#26bbf9>70% rate in S-Rank pool</color>	Assets/Product/Texture/Image/UiDrawLog/UiDrawLog22.png	Assets/Product/Texture/Image/UiDrawLog/UiDrawLog23.png	Rate in S-Rank pool:	70%	0	0.0	0.0	0	0.0	0.0	0	0.0	0
1070	9810	<color=#26bbf9>70% rate in S-Rank pool</color>	Assets/Product/Texture/Image/UiDrawLog/UiDrawLog22.png	Assets/Product/Texture/Image/UiDrawLog/UiDrawLog23.png	Rate in S-Rank pool:	70%	0	0.0	0.0	0	0.0	0.0	0	0.0	0
1071	9800	<color=#26bbf9>70% rate in S-Rank pool</color>	Assets/Product/Texture/Image/UiDrawLog/UiDrawLog22.png	Assets/Product/Texture/Image/UiDrawLog/UiDrawLog23.png	Rate in S-Rank pool:	70%	0	0.0	0.0	0	0.0	0.0	0	0.0	0
1072	9790	<color=#26bbf9>70% rate in S-Rank pool</color>	Assets/Product/Texture/Image/UiDrawLog/UiDrawLog22.png	Assets/Product/Texture/Image/UiDrawLog/UiDrawLog23.png	Rate in S-Rank pool:	70%	0	0.0	0.0	0	0.0	0.0	0	0.0	0
1073	9780	<color=#ff8d1e>100% rate in S-Rank pool</color>	Assets/Product/Texture/Image/UiDrawLog/UiDrawLog22.png	Assets/Product/Texture/Image/UiDrawLog/UiDrawLog23.png	Rate in S-Rank pool:	100%	0	0.0	0.0	0	0.0	0.0	0	0.0	0
1074	9770	<color=#26bbf9>70% rate in S-Rank pool</color>	Assets/Product/Texture/Image/UiDrawLog/UiDrawLog22.png	Assets/Product/Texture/Image/UiDrawLog/UiDrawLog23.png	Rate in S-Rank pool:	70%	0	0.0	0.0	0	0.0	0.0	0	0.0	0
1075	9760	<color=#26bbf9>70% rate in S-Rank pool</color>	Assets/Product/Texture/Image/UiDrawLog/UiDrawLog22.png	Assets/Product/Texture/Image/UiDrawLog/UiDrawLog23.png	Rate in S-Rank pool:	70%	0	0.0	0.0	0	0.0	0.0	0	0.0	0
1076	9750	<color=#26bbf9>70% rate in S-Rank pool</color>	Assets/Product/Texture/Image/UiDrawLog/UiDrawLog22.png	Assets/Product/Texture/Image/UiDrawLog/UiDrawLog23.png	Rate in S-Rank pool:	70%	0	0.0	0.0	0	0.0	0.0	0	0.0	0
1077	9740	<color=#26bbf9>70% rate in S-Rank pool</color>	Assets/Product/Texture/Image/UiDrawLog/UiDrawLog22.png	Assets/Product/Texture/Image/UiDrawLog/UiDrawLog23.png	Rate in S-Rank pool:	70%	0	0.0	0.0	0	0.0	0.0	0	0.0	0
1078	9730	<color=#26bbf9>70% rate in S-Rank pool</color>	Assets/Product/Texture/Image/UiDrawLog/UiDrawLog22.png	Assets/Product/Texture/Image/UiDrawLog/UiDrawLog23.png	Rate in S-Rank pool:	70%	0	0.0	0.0	0	0.0	0.0	0	0.0	0
1079	9720	<color=#26bbf9>70% rate in S-Rank pool</color>	Assets/Product/Texture/Image/UiDrawLog/UiDrawLog22.png	Assets/Product/Texture/Image/UiDrawLog/UiDrawLog23.png	Rate in S-Rank pool:	70%	0	0.0	0.0	0	0.0	0.0	0	0.0	0
1080	9710	<color=#26bbf9>70% rate in S-Rank pool</color>	Assets/Product/Texture/Image/UiDrawLog/UiDrawLog22.png	Assets/Product/Texture/Image/UiDrawLog/UiDrawLog23.png	Rate in S-Rank pool:	70%	0	0.0	0.0	0	0.0	0.0	0	0.0	0
1081	9700	<color=#26bbf9>70% rate in S-Rank pool</color>	Assets/Product/Texture/Image/UiDrawLog/UiDrawLog22.png	Assets/Product/Texture/Image/UiDrawLog/UiDrawLog23.png	Rate in S-Rank pool:	70%	0	0.0	0.0	0	0.0	0.0	0	0.0	0
1082	9690	<color=#26bbf9>70% rate in S-Rank pool</color>	Assets/Product/Texture/Image/UiDrawLog/UiDrawLog22.png	Assets/Product/Texture/Image/UiDrawLog/UiDrawLog23.png	Rate in S-Rank pool:	70%	0	0.0	0.0	0	0.0	0.0	0	0.0	0
1083	9680	<color=#26bbf9>70% rate in S-Rank pool</color>	Assets/Product/Texture/Image/UiDrawLog/UiDrawLog22.png	Assets/Product/Texture/Image/UiDrawLog/UiDrawLog23.png	Rate in S-Rank pool:	70%	0	0.0	0.0	0	0.0	0.0	0	0.0	0
1084	9670	<color=#26bbf9>70% rate in S-Rank pool</color>	Assets/Product/Texture/Image/UiDrawLog/UiDrawLog22.png	Assets/Product/Texture/Image/UiDrawLog/UiDrawLog23.png	Rate in S-Rank pool:	70%	0	0.0	0.0	0	0.0	0.0	0	0.0	0
1085	9660	<color=#26bbf9>70% rate in S-Rank pool</color>	Assets/Product/Texture/Image/UiDrawLog/UiDrawLog22.png	Assets/Product/Texture/Image/UiDrawLog/UiDrawLog23.png	Rate in S-Rank pool:	70%	0	0.0	0.0	0	0.0	0.0	0	0.0	0
1086	10000	<color=#ff8d1e>100% rate in S-Rank pool</color>	Assets/Product/Texture/Image/UiDrawLog/UiDrawLog22.png	Assets/Product/Texture/Image/UiDrawLog/UiDrawLog23.png	Rate in S-Rank pool:	100%	0	0.0	0.0	0	0.0	0.0	0	0.0	0
1087	10000	<color=#26bbf9>70% rate in S-Rank pool</color>	Assets/Product/Texture/Image/UiDrawLog/UiDrawLog22.png	Assets/Product/Texture/Image/UiDrawLog/UiDrawLog23.png	Rate in S-Rank pool:	70%	0	0.0	0.0	0	0.0	0.0	0	0.0	0
1088	9990	<color=#26bbf9>70% rate in S-Rank pool</color>	Assets/Product/Texture/Image/UiDrawLog/UiDrawLog22.png	Assets/Product/Texture/Image/UiDrawLog/UiDrawLog23.png	Rate in S-Rank pool:	70%	0	0.0	0.0	0	0.0	0.0	0	0.0	0
1089	9980	<color=#26bbf9>70% rate in S-Rank pool</color>	Assets/Product/Texture/Image/UiDrawLog/UiDrawLog22.png	Assets/Product/Texture/Image/UiDrawLog/UiDrawLog23.png	Rate in S-Rank pool:	70%	0	0.0	0.0	0	0.0	0.0	0	0.0	0
1090	9970	<color=#26bbf9>70% rate in S-Rank pool</color>	Assets/Product/Texture/Image/UiDrawLog/UiDrawLog22.png	Assets/Product/Texture/Image/UiDrawLog/UiDrawLog23.png	Rate in S-Rank pool:	70%	0	0.0	0.0	0	0.0	0.0	0	0.0	0
1091	9960	<color=#26bbf9>70% rate in S-Rank pool</color>	Assets/Product/Texture/Image/UiDrawLog/UiDrawLog22.png	Assets/Product/Texture/Image/UiDrawLog/UiDrawLog23.png	Rate in S-Rank pool:	70%	0	0.0	0.0	0	0.0	0.0	0	0.0	0
1092	9950	<color=#26bbf9>70% rate in S-Rank pool</color>	Assets/Product/Texture/Image/UiDrawLog/UiDrawLog22.png	Assets/Product/Texture/Image/UiDrawLog/UiDrawLog23.png	Rate in S-Rank pool:	70%	0	0.0	0.0	0	0.0	0.0	0	0.0	0
1093	10000	<color=#26bbf9>70% rate in S-Rank pool</color>	Assets/Product/Texture/Image/UiDrawLog/UiDrawLog22.png	Assets/Product/Texture/Image/UiDrawLog/UiDrawLog23.png	Rate in S-Rank pool:	70%	0	0.0	0.0	0	0.0	0.0	0	0.0	0
1094	9990	<color=#26bbf9>70% rate in S-Rank pool</color>	Assets/Product/Texture/Image/UiDrawLog/UiDrawLog22.png	Assets/Product/Texture/Image/UiDrawLog/UiDrawLog23.png	Rate in S-Rank pool:	70%	0	0.0	0.0	0	0.0	0.0	0	0.0	0
1095	9980	<color=#26bbf9>70% rate in S-Rank pool</color>	Assets/Product/Texture/Image/UiDrawLog/UiDrawLog22.png	Assets/Product/Texture/Image/UiDrawLog/UiDrawLog23.png	Rate in S-Rank pool:	70%	0	0.0	0.0	0	0.0	0.0	0	0.0	0
1096	9970	<color=#26bbf9>70% rate in S-Rank pool</color>	Assets/Product/Texture/Image/UiDrawLog/UiDrawLog22.png	Assets/Product/Texture/Image/UiDrawLog/UiDrawLog23.png	Rate in S-Rank pool:	70%	0	0.0	0.0	0	0.0	0.0	0	0.0	0
1097	9960	<color=#26bbf9>70% rate in S-Rank pool</color>	Assets/Product/Texture/Image/UiDrawLog/UiDrawLog22.png	Assets/Product/Texture/Image/UiDrawLog/UiDrawLog23.png	Rate in S-Rank pool:	70%	0	0.0	0.0	0	0.0	0.0	0	0.0	0
1098	9950	<color=#26bbf9>70% rate in S-Rank pool</color>	Assets/Product/Texture/Image/UiDrawLog/UiDrawLog22.png	Assets/Product/Texture/Image/UiDrawLog/UiDrawLog23.png	Rate in S-Rank pool:	70%	0	0.0	0.0	0	0.0	0.0	0	0.0	0
1099	9940	<color=#26bbf9>70% rate in S-Rank pool</color>	Assets/Product/Texture/Image/UiDrawLog/UiDrawLog22.png	Assets/Product/Texture/Image/UiDrawLog/UiDrawLog23.png	Rate in S-Rank pool:	70%	0	0.0	0.0	0	0.0	0.0	0	0.0	0
1100	9930	<color=#26bbf9>70% rate in S-Rank pool</color>	Assets/Product/Texture/Image/UiDrawLog/UiDrawLog22.png	Assets/Product/Texture/Image/UiDrawLog/UiDrawLog23.png	Rate in S-Rank pool:	70%	0	0.0	0.0	0	0.0	0.0	0	0.0	0
1101	10000	<color=#ff8d1e>100% rate in S-Rank pool</color>	Assets/Product/Texture/Image/UiDrawLog/UiDrawLog22.png	Assets/Product/Texture/Image/UiDrawLog/UiDrawLog23.png	Rate in S-Rank pool:	100%	0	0.0	0.0	0	0.0	0.0	0	0.0	0
1102	10000	<color=#26bbf9>70% rate in S-Rank pool</color>	Assets/Product/Texture/Image/UiDrawLog/UiDrawLog22.png	Assets/Product/Texture/Image/UiDrawLog/UiDrawLog23.png	Rate in S-Rank pool:	70%	0	0.0	0.0	0	0.0	0.0	0	0.0	0
1103	9990	<color=#26bbf9>70% rate in S-Rank pool</color>	Assets/Product/Texture/Image/UiDrawLog/UiDrawLog22.png	Assets/Product/Texture/Image/UiDrawLog/UiDrawLog23.png	Rate in S-Rank pool:	70%	0	0.0	0.0	0	0.0	0.0	0	0.0	0
1104	9980	<color=#26bbf9>70% rate in S-Rank pool</color>	Assets/Product/Texture/Image/UiDrawLog/UiDrawLog22.png	Assets/Product/Texture/Image/UiDrawLog/UiDrawLog23.png	Rate in S-Rank pool:	70%	0	0.0	0.0	0	0.0	0.0	0	0.0	0
1105	9970	<color=#26bbf9>70% rate in S-Rank pool</color>	Assets/Product/Texture/Image/UiDrawLog/UiDrawLog22.png	Assets/Product/Texture/Image/UiDrawLog/UiDrawLog23.png	Rate in S-Rank pool:	70%	0	0.0	0.0	0	0.0	0.0	0	0.0	0
1106	9960	<color=#26bbf9>70% rate in S-Rank pool</color>	Assets/Product/Texture/Image/UiDrawLog/UiDrawLog22.png	Assets/Product/Texture/Image/UiDrawLog/UiDrawLog23.png	Rate in S-Rank pool:	70%	0	0.0	0.0	0	0.0	0.0	0	0.0	0
1107	9950	<color=#26bbf9>70% rate in S-Rank pool</color>	Assets/Product/Texture/Image/UiDrawLog/UiDrawLog22.png	Assets/Product/Texture/Image/UiDrawLog/UiDrawLog23.png	Rate in S-Rank pool:	70%	0	0.0	0.0	0	0.0	0.0	0	0.0	0
1108	10000	<color=#ff8d1e>100% rate in S-Rank pool</color>	Assets/Product/Texture/Image/UiDrawLog/UiDrawLog22.png	Assets/Product/Texture/Image/UiDrawLog/UiDrawLog23.png	Rate in S-Rank pool:	100%	0	0.0	0.0	0	0.0	0.0	0	0.0	0
1109	10000	<color=#26bbf9>70% rate in S-Rank pool</color>	Assets/Product/Texture/Image/UiDrawLog/UiDrawLog22.png	Assets/Product/Texture/Image/UiDrawLog/UiDrawLog23.png	Rate in S-Rank pool:	70%	0	0.0	0.0	0	0.0	0.0	0	0.0	0
1110	9990	<color=#26bbf9>70% rate in S-Rank pool</color>	Assets/Product/Texture/Image/UiDrawLog/UiDrawLog22.png	Assets/Product/Texture/Image/UiDrawLog/UiDrawLog23.png	Rate in S-Rank pool:	70%	0	0.0	0.0	0	0.0	0.0	0	0.0	0
1111	10000	<color=#26bbf9>70% rate in S-Rank pool</color>	Assets/Product/Texture/Image/UiDrawLog/UiDrawLog22.png	Assets/Product/Texture/Image/UiDrawLog/UiDrawLog23.png	Rate in S-Rank pool:	70%	0	0.0	0.0	0	0.0	0.0	0	0.0	0
1112	9990	<color=#26bbf9>70% rate in S-Rank pool</color>	Assets/Product/Texture/Image/UiDrawLog/UiDrawLog22.png	Assets/Product/Texture/Image/UiDrawLog/UiDrawLog23.png	Rate in S-Rank pool:	70%	0	0.0	0.0	0	0.0	0.0	0	0.0	0
1113	9980	<color=#26bbf9>70% rate in S-Rank pool</color>	Assets/Product/Texture/Image/UiDrawLog/UiDrawLog22.png	Assets/Product/Texture/Image/UiDrawLog/UiDrawLog23.png	Rate in S-Rank pool:	70%	0	0.0	0.0	0	0.0	0.0	0	0.0	0
1114	9970	<color=#26bbf9>70% rate in S-Rank pool</color>	Assets/Product/Texture/Image/UiDrawLog/UiDrawLog22.png	Assets/Product/Texture/Image/UiDrawLog/UiDrawLog23.png	Rate in S-Rank pool:	70%	0	0.0	0.0	0	0.0	0.0	0	0.0	0
1115	9960	<color=#26bbf9>70% rate in S-Rank pool</color>	Assets/Product/Texture/Image/UiDrawLog/UiDrawLog22.png	Assets/Product/Texture/Image/UiDrawLog/UiDrawLog23.png	Rate in S-Rank pool:	70%	0	0.0	0.0	0	0.0	0.0	0	0.0	0
1116	9950	<color=#26bbf9>70% rate in S-Rank pool</color>	Assets/Product/Texture/Image/UiDrawLog/UiDrawLog22.png	Assets/Product/Texture/Image/UiDrawLog/UiDrawLog23.png	Rate in S-Rank pool:	70%	0	0.0	0.0	0	0.0	0.0	0	0.0	0
1117	9940	<color=#26bbf9>70% rate in S-Rank pool</color>	Assets/Product/Texture/Image/UiDrawLog/UiDrawLog22.png	Assets/Product/Texture/Image/UiDrawLog/UiDrawLog23.png	Rate in S-Rank pool:	70%	0	0.0	0.0	0	0.0	0.0	0	0.0	0
1118	9930	<color=#26bbf9>70% rate in S-Rank pool</color>	Assets/Product/Texture/Image/UiDrawLog/UiDrawLog22.png	Assets/Product/Texture/Image/UiDrawLog/UiDrawLog23.png	Rate in S-Rank pool:	70%	0	0.0	0.0	0	0.0	0.0	0	0.0	0
1119	9920	<color=#26bbf9>70% rate in S-Rank pool</color>	Assets/Product/Texture/Image/UiDrawLog/UiDrawLog22.png	Assets/Product/Texture/Image/UiDrawLog/UiDrawLog23.png	Rate in S-Rank pool:	70%	0	0.0	0.0	0	0.0	0.0	0	0.0	0
1120	10000	<color=#ff8d1e>100% rate in S-Rank pool</color>	Assets/Product/Texture/Image/UiDrawLog/UiDrawLog22.png	Assets/Product/Texture/Image/UiDrawLog/UiDrawLog23.png	Rate in S-Rank pool:	100%	0	0.0	0.0	0	0.0	0.0	0	0.0	0
1121	10000	<color=#26bbf9>70% rate in S-Rank pool</color>	Assets/Product/Texture/Image/UiDrawLog/UiDrawLog22.png	Assets/Product/Texture/Image/UiDrawLog/UiDrawLog23.png	Rate in S-Rank pool:	70%	0	0.0	0.0	0	0.0	0.0	0	0.0	0
1122	9990	<color=#26bbf9>70% rate in S-Rank pool</color>	Assets/Product/Texture/Image/UiDrawLog/UiDrawLog22.png	Assets/Product/Texture/Image/UiDrawLog/UiDrawLog23.png	Rate in S-Rank pool:	70%	0	0.0	0.0	0	0.0	0.0	0	0.0	0
1123	9980	<color=#26bbf9>70% rate in S-Rank pool</color>	Assets/Product/Texture/Image/UiDrawLog/UiDrawLog22.png	Assets/Product/Texture/Image/UiDrawLog/UiDrawLog23.png	Rate in S-Rank pool:	70%	0	0.0	0.0	0	0.0	0.0	0	0.0	0
1124	9970	<color=#26bbf9>70% rate in S-Rank pool</color>	Assets/Product/Texture/Image/UiDrawLog/UiDrawLog22.png	Assets/Product/Texture/Image/UiDrawLog/UiDrawLog23.png	Rate in S-Rank pool:	70%	0	0.0	0.0	0	0.0	0.0	0	0.0	0
1125	9960	<color=#26bbf9>70% rate in S-Rank pool</color>	Assets/Product/Texture/Image/UiDrawLog/UiDrawLog22.png	Assets/Product/Texture/Image/UiDrawLog/UiDrawLog23.png	Rate in S-Rank pool:	70%	0	0.0	0.0	0	0.0	0.0	0	0.0	0
1126	9950	<color=#26bbf9>70% rate in S-Rank pool</color>	Assets/Product/Texture/Image/UiDrawLog/UiDrawLog22.png	Assets/Product/Texture/Image/UiDrawLog/UiDrawLog23.png	Rate in S-Rank pool:	70%	0	0.0	0.0	0	0.0	0.0	0	0.0	0
1127	9940	<color=#26bbf9>70% rate in S-Rank pool</color>	Assets/Product/Texture/Image/UiDrawLog/UiDrawLog22.png	Assets/Product/Texture/Image/UiDrawLog/UiDrawLog23.png	Rate in S-Rank pool:	70%	0	0.0	0.0	0	0.0	0.0	0	0.0	0
1128	9930	<color=#26bbf9>70% rate in S-Rank pool</color>	Assets/Product/Texture/Image/UiDrawLog/UiDrawLog22.png	Assets/Product/Texture/Image/UiDrawLog/UiDrawLog23.png	Rate in S-Rank pool:	70%	0	0.0	0.0	0	0.0	0.0	0	0.0	0
1129	9920	<color=#26bbf9>70% rate in S-Rank pool</color>	Assets/Product/Texture/Image/UiDrawLog/UiDrawLog22.png	Assets/Product/Texture/Image/UiDrawLog/UiDrawLog23.png	Rate in S-Rank pool:	70%	0	0.0	0.0	0	0.0	0.0	0	0.0	0
1130	10000	<color=#26bbf9>70% rate in S-Rank pool</color>	Assets/Product/Texture/Image/UiDrawLog/UiDrawLog22.png	Assets/Product/Texture/Image/UiDrawLog/UiDrawLog23.png	Rate in S-Rank pool:	70%	0	0.0	0.0	0	0.0	0.0	0	0.0	0
1131	9990	<color=#26bbf9>70% rate in S-Rank pool</color>	Assets/Product/Texture/Image/UiDrawLog/UiDrawLog22.png	Assets/Product/Texture/Image/UiDrawLog/UiDrawLog23.png	Rate in S-Rank pool:	70%	0	0.0	0.0	0	0.0	0.0	0	0.0	0
1132	9980	<color=#26bbf9>70% rate in S-Rank pool</color>	Assets/Product/Texture/Image/UiDrawLog/UiDrawLog22.png	Assets/Product/Texture/Image/UiDrawLog/UiDrawLog23.png	Rate in S-Rank pool:	70%	0	0.0	0.0	0	0.0	0.0	0	0.0	0
1133	9970	<color=#26bbf9>70% rate in S-Rank pool</color>	Assets/Product/Texture/Image/UiDrawLog/UiDrawLog22.png	Assets/Product/Texture/Image/UiDrawLog/UiDrawLog23.png	Rate in S-Rank pool:	70%	0	0.0	0.0	0	0.0	0.0	0	0.0	0
1134	9960	<color=#26bbf9>70% rate in S-Rank pool</color>	Assets/Product/Texture/Image/UiDrawLog/UiDrawLog22.png	Assets/Product/Texture/Image/UiDrawLog/UiDrawLog23.png	Rate in S-Rank pool:	70%	0	0.0	0.0	0	0.0	0.0	0	0.0	0
1135	9950	<color=#26bbf9>70% rate in S-Rank pool</color>	Assets/Product/Texture/Image/UiDrawLog/UiDrawLog22.png	Assets/Product/Texture/Image/UiDrawLog/UiDrawLog23.png	Rate in S-Rank pool:	70%	0	0.0	0.0	0	0.0	0.0	0	0.0	0
1136	9940	<color=#26bbf9>70% rate in S-Rank pool</color>	Assets/Product/Texture/Image/UiDrawLog/UiDrawLog22.png	Assets/Product/Texture/Image/UiDrawLog/UiDrawLog23.png	Rate in S-Rank pool:	70%	0	0.0	0.0	0	0.0	0.0	0	0.0	0
1137	9930	<color=#26bbf9>70% rate in S-Rank pool</color>	Assets/Product/Texture/Image/UiDrawLog/UiDrawLog22.png	Assets/Product/Texture/Image/UiDrawLog/UiDrawLog23.png	Rate in S-Rank pool:	70%	0	0.0	0.0	0	0.0	0.0	0	0.0	0
1138	9920	<color=#26bbf9>70% rate in S-Rank pool</color>	Assets/Product/Texture/Image/UiDrawLog/UiDrawLog22.png	Assets/Product/Texture/Image/UiDrawLog/UiDrawLog23.png	Rate in S-Rank pool:	70%	0	0.0	0.0	0	0.0	0.0	0	0.0	0
1139	10000	<color=#ff8d1e>100% rate in S-Rank pool</color>	Assets/Product/Texture/Image/UiDrawLog/UiDrawLog22.png	Assets/Product/Texture/Image/UiDrawLog/UiDrawLog23.png	Rate in S-Rank pool:	100%	0	0.0	0.0	0	0.0	0.0	0	0.0	0
1140	10000	<color=#26bbf9>70% rate in S-Rank pool</color>	Assets/Product/Texture/Image/UiDrawLog/UiDrawLog22.png	Assets/Product/Texture/Image/UiDrawLog/UiDrawLog23.png	Rate in S-Rank pool:	70%	0	0.0	0.0	0	0.0	0.0	0	0.0	0
1141	9990	<color=#26bbf9>70% rate in S-Rank pool</color>	Assets/Product/Texture/Image/UiDrawLog/UiDrawLog22.png	Assets/Product/Texture/Image/UiDrawLog/UiDrawLog23.png	Rate in S-Rank pool:	70%	0	0.0	0.0	0	0.0	0.0	0	0.0	0
1142	9980	<color=#26bbf9>70% rate in S-Rank pool</color>	Assets/Product/Texture/Image/UiDrawLog/UiDrawLog22.png	Assets/Product/Texture/Image/UiDrawLog/UiDrawLog23.png	Rate in S-Rank pool:	70%	0	0.0	0.0	0	0.0	0.0	0	0.0	0
1143	9970	<color=#26bbf9>70% rate in S-Rank pool</color>	Assets/Product/Texture/Image/UiDrawLog/UiDrawLog22.png	Assets/Product/Texture/Image/UiDrawLog/UiDrawLog23.png	Rate in S-Rank pool:	70%	0	0.0	0.0	0	0.0	0.0	0	0.0	0
1144	9960	<color=#26bbf9>70% rate in S-Rank pool</color>	Assets/Product/Texture/Image/UiDrawLog/UiDrawLog22.png	Assets/Product/Texture/Image/UiDrawLog/UiDrawLog23.png	Rate in S-Rank pool:	70%	0	0.0	0.0	0	0.0	0.0	0	0.0	0
1145	9950	<color=#26bbf9>70% rate in S-Rank pool</color>	Assets/Product/Texture/Image/UiDrawLog/UiDrawLog22.png	Assets/Product/Texture/Image/UiDrawLog/UiDrawLog23.png	Rate in S-Rank pool:	70%	0	0.0	0.0	0	0.0	0.0	0	0.0	0
1146	9940	<color=#26bbf9>70% rate in S-Rank pool</color>	Assets/Product/Texture/Image/UiDrawLog/UiDrawLog22.png	Assets/Product/Texture/Image/UiDrawLog/UiDrawLog23.png	Rate in S-Rank pool:	70%	0	0.0	0.0	0	0.0	0.0	0	0.0	0
1147	9930	<color=#26bbf9>70% rate in S-Rank pool</color>	Assets/Product/Texture/Image/UiDrawLog/UiDrawLog22.png	Assets/Product/Texture/Image/UiDrawLog/UiDrawLog23.png	Rate in S-Rank pool:	70%	0	0.0	0.0	0	0.0	0.0	0	0.0	0
1148	9920	<color=#26bbf9>70% rate in S-Rank pool</color>	Assets/Product/Texture/Image/UiDrawLog/UiDrawLog22.png	Assets/Product/Texture/Image/UiDrawLog/UiDrawLog23.png	Rate in S-Rank pool:	70%	0	0.0	0.0	0	0.0	0.0	0	0.0	0
1149	10000	<color=#26bbf9>70% rate in S-Rank pool</color>	Assets/Product/Texture/Image/UiDrawLog/UiDrawLog22.png	Assets/Product/Texture/Image/UiDrawLog/UiDrawLog23.png	Rate in S-Rank pool:	70%	0	0.0	0.0	0	0.0	0.0	0	0.0	0
1150	9990	<color=#26bbf9>70% rate in S-Rank pool</color>	Assets/Product/Texture/Image/UiDrawLog/UiDrawLog22.png	Assets/Product/Texture/Image/UiDrawLog/UiDrawLog23.png	Rate in S-Rank pool:	70%	0	0.0	0.0	0	0.0	0.0	0	0.0	0
1151	9980	<color=#26bbf9>70% rate in S-Rank pool</color>	Assets/Product/Texture/Image/UiDrawLog/UiDrawLog22.png	Assets/Product/Texture/Image/UiDrawLog/UiDrawLog23.png	Rate in S-Rank pool:	70%	0	0.0	0.0	0	0.0	0.0	0	0.0	0
1152	9970	<color=#26bbf9>70% rate in S-Rank pool</color>	Assets/Product/Texture/Image/UiDrawLog/UiDrawLog22.png	Assets/Product/Texture/Image/UiDrawLog/UiDrawLog23.png	Rate in S-Rank pool:	70%	0	0.0	0.0	0	0.0	0.0	0	0.0	0
1153	9960	<color=#26bbf9>70% rate in S-Rank pool</color>	Assets/Product/Texture/Image/UiDrawLog/UiDrawLog22.png	Assets/Product/Texture/Image/UiDrawLog/UiDrawLog23.png	Rate in S-Rank pool:	70%	0	0.0	0.0	0	0.0	0.0	0	0.0	0
1154	9950	<color=#26bbf9>70% rate in S-Rank pool</color>	Assets/Product/Texture/Image/UiDrawLog/UiDrawLog22.png	Assets/Product/Texture/Image/UiDrawLog/UiDrawLog23.png	Rate in S-Rank pool:	70%	0	0.0	0.0	0	0.0	0.0	0	0.0	0
1155	9940	<color=#26bbf9>70% rate in S-Rank pool</color>	Assets/Product/Texture/Image/UiDrawLog/UiDrawLog22.png	Assets/Product/Texture/Image/UiDrawLog/UiDrawLog23.png	Rate in S-Rank pool:	70%	0	0.0	0.0	0	0.0	0.0	0	0.0	0
1156	9930	<color=#26bbf9>70% rate in S-Rank pool</color>	Assets/Product/Texture/Image/UiDrawLog/UiDrawLog22.png	Assets/Product/Texture/Image/UiDrawLog/UiDrawLog23.png	Rate in S-Rank pool:	70%	0	0.0	0.0	0	0.0	0.0	0	0.0	0
1157	9920	<color=#26bbf9>70% rate in S-Rank pool</color>	Assets/Product/Texture/Image/UiDrawLog/UiDrawLog22.png	Assets/Product/Texture/Image/UiDrawLog/UiDrawLog23.png	Rate in S-Rank pool:	70%	0	0.0	0.0	0	0.0	0.0	0	0.0	0
1158	10000	<color=#ff8d1e>100% rate in S-Rank pool</color>	Assets/Product/Texture/Image/UiDrawLog/UiDrawLog22.png	Assets/Product/Texture/Image/UiDrawLog/UiDrawLog23.png	Rate in S-Rank pool:	100%	0	0.0	0.0	0	0.0	0.0	0	0.0	0
1159	10000	<color=#26bbf9>70% rate in S-Rank pool</color>	Assets/Product/Texture/Image/UiDrawLog/UiDrawLog22.png	Assets/Product/Texture/Image/UiDrawLog/UiDrawLog23.png	Rate in S-Rank pool:	70%	0	0.0	0.0	0	0.0	0.0	0	0.0	0
1160	9990	<color=#26bbf9>70% rate in S-Rank pool</color>	Assets/Product/Texture/Image/UiDrawLog/UiDrawLog22.png	Assets/Product/Texture/Image/UiDrawLog/UiDrawLog23.png	Rate in S-Rank pool:	70%	0	0.0	0.0	0	0.0	0.0	0	0.0	0
1161	9980	<color=#26bbf9>70% rate in S-Rank pool</color>	Assets/Product/Texture/Image/UiDrawLog/UiDrawLog22.png	Assets/Product/Texture/Image/UiDrawLog/UiDrawLog23.png	Rate in S-Rank pool:	70%	0	0.0	0.0	0	0.0	0.0	0	0.0	0
1162	9970	<color=#26bbf9>70% rate in S-Rank pool</color>	Assets/Product/Texture/Image/UiDrawLog/UiDrawLog22.png	Assets/Product/Texture/Image/UiDrawLog/UiDrawLog23.png	Rate in S-Rank pool:	70%	0	0.0	0.0	0	0.0	0.0	0	0.0	0
1163	9960	<color=#26bbf9>70% rate in S-Rank pool</color>	Assets/Product/Texture/Image/UiDrawLog/UiDrawLog22.png	Assets/Product/Texture/Image/UiDrawLog/UiDrawLog23.png	Rate in S-Rank pool:	70%	0	0.0	0.0	0	0.0	0.0	0	0.0	0
1164	9950	<color=#26bbf9>70% rate in S-Rank pool</color>	Assets/Product/Texture/Image/UiDrawLog/UiDrawLog22.png	Assets/Product/Texture/Image/UiDrawLog/UiDrawLog23.png	Rate in S-Rank pool:	70%	0	0.0	0.0	0	0.0	0.0	0	0.0	0
1165	9940	<color=#26bbf9>70% rate in S-Rank pool</color>	Assets/Product/Texture/Image/UiDrawLog/UiDrawLog22.png	Assets/Product/Texture/Image/UiDrawLog/UiDrawLog23.png	Rate in S-Rank pool:	70%	0	0.0	0.0	0	0.0	0.0	0	0.0	0
1166	9930	<color=#26bbf9>70% rate in S-Rank pool</color>	Assets/Product/Texture/Image/UiDrawLog/UiDrawLog22.png	Assets/Product/Texture/Image/UiDrawLog/UiDrawLog23.png	Rate in S-Rank pool:	70%	0	0.0	0.0	0	0.0	0.0	0	0.0	0
1167	9920	<color=#26bbf9>70% rate in S-Rank pool</color>	Assets/Product/Texture/Image/UiDrawLog/UiDrawLog22.png	Assets/Product/Texture/Image/UiDrawLog/UiDrawLog23.png	Rate in S-Rank pool:	70%	0	0.0	0.0	0	0.0	0.0	0	0.0	0
1168	10000	<color=#26bbf9>70% rate in S-Rank pool</color>	Assets/Product/Texture/Image/UiDrawLog/UiDrawLog22.png	Assets/Product/Texture/Image/UiDrawLog/UiDrawLog23.png	Rate in S-Rank pool:	70%	0	0.0	0.0	0	0.0	0.0	0	0.0	0
1169	9990	<color=#26bbf9>70% rate in S-Rank pool</color>	Assets/Product/Texture/Image/UiDrawLog/UiDrawLog22.png	Assets/Product/Texture/Image/UiDrawLog/UiDrawLog23.png	Rate in S-Rank pool:	70%	0	0.0	0.0	0	0.0	0.0	0	0.0	0
1170	9980	<color=#26bbf9>70% rate in S-Rank pool</color>	Assets/Product/Texture/Image/UiDrawLog/UiDrawLog22.png	Assets/Product/Texture/Image/UiDrawLog/UiDrawLog23.png	Rate in S-Rank pool:	70%	0	0.0	0.0	0	0.0	0.0	0	0.0	0
1171	9970	<color=#26bbf9>70% rate in S-Rank pool</color>	Assets/Product/Texture/Image/UiDrawLog/UiDrawLog22.png	Assets/Product/Texture/Image/UiDrawLog/UiDrawLog23.png	Rate in S-Rank pool:	70%	0	0.0	0.0	0	0.0	0.0	0	0.0	0
1172	9960	<color=#26bbf9>70% rate in S-Rank pool</color>	Assets/Product/Texture/Image/UiDrawLog/UiDrawLog22.png	Assets/Product/Texture/Image/UiDrawLog/UiDrawLog23.png	Rate in S-Rank pool:	70%	0	0.0	0.0	0	0.0	0.0	0	0.0	0
1173	9950	<color=#26bbf9>70% rate in S-Rank pool</color>	Assets/Product/Texture/Image/UiDrawLog/UiDrawLog22.png	Assets/Product/Texture/Image/UiDrawLog/UiDrawLog23.png	Rate in S-Rank pool:	70%	0	0.0	0.0	0	0.0	0.0	0	0.0	0
1174	9940	<color=#26bbf9>70% rate in S-Rank pool</color>	Assets/Product/Texture/Image/UiDrawLog/UiDrawLog22.png	Assets/Product/Texture/Image/UiDrawLog/UiDrawLog23.png	Rate in S-Rank pool:	70%	0	0.0	0.0	0	0.0	0.0	0	0.0	0
1175	9930	<color=#26bbf9>70% rate in S-Rank pool</color>	Assets/Product/Texture/Image/UiDrawLog/UiDrawLog22.png	Assets/Product/Texture/Image/UiDrawLog/UiDrawLog23.png	Rate in S-Rank pool:	70%	0	0.0	0.0	0	0.0	0.0	0	0.0	0
1176	9920	<color=#26bbf9>70% rate in S-Rank pool</color>	Assets/Product/Texture/Image/UiDrawLog/UiDrawLog22.png	Assets/Product/Texture/Image/UiDrawLog/UiDrawLog23.png	Rate in S-Rank pool:	70%	0	0.0	0.0	0	0.0	0.0	0	0.0	0
1177	10000	<color=#ff8d1e>100% rate in S-Rank pool</color>	Assets/Product/Texture/Image/UiDrawLog/UiDrawLog22.png	Assets/Product/Texture/Image/UiDrawLog/UiDrawLog23.png	Rate in S-Rank pool:	100%	0	0.0	0.0	0	0.0	0.0	0	0.0	0
1178	10000	<color=#26bbf9>70% rate in S-Rank pool</color>	Assets/Product/Texture/Image/UiDrawLog/UiDrawLog22.png	Assets/Product/Texture/Image/UiDrawLog/UiDrawLog23.png	Rate in S-Rank pool:	70%	0	0.0	0.0	0	0.0	0.0	0	0.0	0
1179	9990	<color=#26bbf9>70% rate in S-Rank pool</color>	Assets/Product/Texture/Image/UiDrawLog/UiDrawLog22.png	Assets/Product/Texture/Image/UiDrawLog/UiDrawLog23.png	Rate in S-Rank pool:	70%	0	0.0	0.0	0	0.0	0.0	0	0.0	0
1180	9980	<color=#26bbf9>70% rate in S-Rank pool</color>	Assets/Product/Texture/Image/UiDrawLog/UiDrawLog22.png	Assets/Product/Texture/Image/UiDrawLog/UiDrawLog23.png	Rate in S-Rank pool:	70%	0	0.0	0.0	0	0.0	0.0	0	0.0	0
1181	9970	<color=#26bbf9>70% rate in S-Rank pool</color>	Assets/Product/Texture/Image/UiDrawLog/UiDrawLog22.png	Assets/Product/Texture/Image/UiDrawLog/UiDrawLog23.png	Rate in S-Rank pool:	70%	0	0.0	0.0	0	0.0	0.0	0	0.0	0
1182	9960	<color=#26bbf9>70% rate in S-Rank pool</color>	Assets/Product/Texture/Image/UiDrawLog/UiDrawLog22.png	Assets/Product/Texture/Image/UiDrawLog/UiDrawLog23.png	Rate in S-Rank pool:	70%	0	0.0	0.0	0	0.0	0.0	0	0.0	0
1183	9950	<color=#26bbf9>70% rate in S-Rank pool</color>	Assets/Product/Texture/Image/UiDrawLog/UiDrawLog22.png	Assets/Product/Texture/Image/UiDrawLog/UiDrawLog23.png	Rate in S-Rank pool:	70%	0	0.0	0.0	0	0.0	0.0	0	0.0	0
1184	9940	<color=#26bbf9>70% rate in S-Rank pool</color>	Assets/Product/Texture/Image/UiDrawLog/UiDrawLog22.png	Assets/Product/Texture/Image/UiDrawLog/UiDrawLog23.png	Rate in S-Rank pool:	70%	0	0.0	0.0	0	0.0	0.0	0	0.0	0
1185	9930	<color=#26bbf9>70% rate in S-Rank pool</color>	Assets/Product/Texture/Image/UiDrawLog/UiDrawLog22.png	Assets/Product/Texture/Image/UiDrawLog/UiDrawLog23.png	Rate in S-Rank pool:	70%	0	0.0	0.0	0	0.0	0.0	0	0.0	0
1186	9920	<color=#26bbf9>70% rate in S-Rank pool</color>	Assets/Product/Texture/Image/UiDrawLog/UiDrawLog22.png	Assets/Product/Texture/Image/UiDrawLog/UiDrawLog23.png	Rate in S-Rank pool:	70%	0	0.0	0.0	0	0.0	0.0	0	0.0	0
1187	10000	<color=#ff8d1e>100% rate in S-Rank pool</color>	Assets/Product/Texture/Image/UiDrawLog/UiDrawLog22.png	Assets/Product/Texture/Image/UiDrawLog/UiDrawLog23.png	Rate in S-Rank pool:	100%	0	0.0	0.0	0	0.0	0.0	0	0.0	0
1188	10000	<color=#26bbf9>70% rate in S-Rank pool</color>	Assets/Product/Texture/Image/UiDrawLog/UiDrawLog22.png	Assets/Product/Texture/Image/UiDrawLog/UiDrawLog23.png	Rate in S-Rank pool:	70%	0	0.0	0.0	0	0.0	0.0	0	0.0	0
1189	9990	<color=#26bbf9>70% rate in S-Rank pool</color>	Assets/Product/Texture/Image/UiDrawLog/UiDrawLog22.png	Assets/Product/Texture/Image/UiDrawLog/UiDrawLog23.png	Rate in S-Rank pool:	70%	0	0.0	0.0	0	0.0	0.0	0	0.0	0
1190	9980	<color=#26bbf9>70% rate in S-Rank pool</color>	Assets/Product/Texture/Image/UiDrawLog/UiDrawLog22.png	Assets/Product/Texture/Image/UiDrawLog/UiDrawLog23.png	Rate in S-Rank pool:	70%	0	0.0	0.0	0	0.0	0.0	0	0.0	0
1191	9970	<color=#26bbf9>70% rate in S-Rank pool</color>	Assets/Product/Texture/Image/UiDrawLog/UiDrawLog22.png	Assets/Product/Texture/Image/UiDrawLog/UiDrawLog23.png	Rate in S-Rank pool:	70%	0	0.0	0.0	0	0.0	0.0	0	0.0	0
1192	9960	<color=#26bbf9>70% rate in S-Rank pool</color>	Assets/Product/Texture/Image/UiDrawLog/UiDrawLog22.png	Assets/Product/Texture/Image/UiDrawLog/UiDrawLog23.png	Rate in S-Rank pool:	70%	0	0.0	0.0	0	0.0	0.0	0	0.0	0
1193	9950	<color=#26bbf9>70% rate in S-Rank pool</color>	Assets/Product/Texture/Image/UiDrawLog/UiDrawLog22.png	Assets/Product/Texture/Image/UiDrawLog/UiDrawLog23.png	Rate in S-Rank pool:	70%	0	0.0	0.0	0	0.0	0.0	0	0.0	0
1194	9940	<color=#26bbf9>70% rate in S-Rank pool</color>	Assets/Product/Texture/Image/UiDrawLog/UiDrawLog22.png	Assets/Product/Texture/Image/UiDrawLog/UiDrawLog23.png	Rate in S-Rank pool:	70%	0	0.0	0.0	0	0.0	0.0	0	0.0	0
1195	9930	<color=#26bbf9>70% rate in S-Rank pool</color>	Assets/Product/Texture/Image/UiDrawLog/UiDrawLog22.png	Assets/Product/Texture/Image/UiDrawLog/UiDrawLog23.png	Rate in S-Rank pool:	70%	0	0.0	0.0	0	0.0	0.0	0	0.0	0
1196	9920	<color=#26bbf9>70% rate in S-Rank pool</color>	Assets/Product/Texture/Image/UiDrawLog/UiDrawLog22.png	Assets/Product/Texture/Image/UiDrawLog/UiDrawLog23.png	Rate in S-Rank pool:	70%	0	0.0	0.0	0	0.0	0.0	0	0.0	0
1197	10000	<color=#ff8d1e>100% rate in S-Rank pool</color>	Assets/Product/Texture/Image/UiDrawLog/UiDrawLog22.png	Assets/Product/Texture/Image/UiDrawLog/UiDrawLog23.png	Rate in S-Rank pool:	100%	0	0.0	0.0	0	0.0	0.0	0	0.0	0
1198	10000	<color=#26bbf9>70% rate in S-Rank pool</color>	Assets/Product/Texture/Image/UiDrawLog/UiDrawLog22.png	Assets/Product/Texture/Image/UiDrawLog/UiDrawLog23.png	Rate in S-Rank pool:	70%	0	0.0	0.0	0	0.0	0.0	0	0.0	0
1199	9990	<color=#26bbf9>70% rate in S-Rank pool</color>	Assets/Product/Texture/Image/UiDrawLog/UiDrawLog22.png	Assets/Product/Texture/Image/UiDrawLog/UiDrawLog23.png	Rate in S-Rank pool:	70%	0	0.0	0.0	0	0.0	0.0	0	0.0	0
1200	9980	<color=#26bbf9>70% rate in S-Rank pool</color>	Assets/Product/Texture/Image/UiDrawLog/UiDrawLog22.png	Assets/Product/Texture/Image/UiDrawLog/UiDrawLog23.png	Rate in S-Rank pool:	70%	0	0.0	0.0	0	0.0	0.0	0	0.0	0
1201	9970	<color=#26bbf9>70% rate in S-Rank pool</color>	Assets/Product/Texture/Image/UiDrawLog/UiDrawLog22.png	Assets/Product/Texture/Image/UiDrawLog/UiDrawLog23.png	Rate in S-Rank pool:	70%	0	0.0	0.0	0	0.0	0.0	0	0.0	0
1202	9960	<color=#26bbf9>70% rate in S-Rank pool</color>	Assets/Product/Texture/Image/UiDrawLog/UiDrawLog22.png	Assets/Product/Texture/Image/UiDrawLog/UiDrawLog23.png	Rate in S-Rank pool:	70%	0	0.0	0.0	0	0.0	0.0	0	0.0	0
1203	9950	<color=#26bbf9>70% rate in S-Rank pool</color>	Assets/Product/Texture/Image/UiDrawLog/UiDrawLog22.png	Assets/Product/Texture/Image/UiDrawLog/UiDrawLog23.png	Rate in S-Rank pool:	70%	0	0.0	0.0	0	0.0	0.0	0	0.0	0
1204	9940	<color=#26bbf9>70% rate in S-Rank pool</color>	Assets/Product/Texture/Image/UiDrawLog/UiDrawLog22.png	Assets/Product/Texture/Image/UiDrawLog/UiDrawLog23.png	Rate in S-Rank pool:	70%	0	0.0	0.0	0	0.0	0.0	0	0.0	0
1205	9930	<color=#26bbf9>70% rate in S-Rank pool</color>	Assets/Product/Texture/Image/UiDrawLog/UiDrawLog22.png	Assets/Product/Texture/Image/UiDrawLog/UiDrawLog23.png	Rate in S-Rank pool:	70%	0	0.0	0.0	0	0.0	0.0	0	0.0	0
1206	9920	<color=#26bbf9>70% rate in S-Rank pool</color>	Assets/Product/Texture/Image/UiDrawLog/UiDrawLog22.png	Assets/Product/Texture/Image/UiDrawLog/UiDrawLog23.png	Rate in S-Rank pool:	70%	0	0.0	0.0	0	0.0	0.0	0	0.0	0
1207	10000	<color=#26bbf9>70% rate in S-Rank pool</color>	Assets/Product/Texture/Image/UiDrawLog/UiDrawLog22.png	Assets/Product/Texture/Image/UiDrawLog/UiDrawLog23.png	Rate in S-Rank pool:	70%	0	0.0	0.0	0	0.0	0.0	0	0.0	0
1208	9990	<color=#26bbf9>70% rate in S-Rank pool</color>	Assets/Product/Texture/Image/UiDrawLog/UiDrawLog22.png	Assets/Product/Texture/Image/UiDrawLog/UiDrawLog23.png	Rate in S-Rank pool:	70%	0	0.0	0.0	0	0.0	0.0	0	0.0	0
1209	9980	<color=#26bbf9>70% rate in S-Rank pool</color>	Assets/Product/Texture/Image/UiDrawLog/UiDrawLog22.png	Assets/Product/Texture/Image/UiDrawLog/UiDrawLog23.png	Rate in S-Rank pool:	70%	0	0.0	0.0	0	0.0	0.0	0	0.0	0
1210	9970	<color=#26bbf9>70% rate in S-Rank pool</color>	Assets/Product/Texture/Image/UiDrawLog/UiDrawLog22.png	Assets/Product/Texture/Image/UiDrawLog/UiDrawLog23.png	Rate in S-Rank pool:	70%	0	0.0	0.0	0	0.0	0.0	0	0.0	0
1211	9960	<color=#26bbf9>70% rate in S-Rank pool</color>	Assets/Product/Texture/Image/UiDrawLog/UiDrawLog22.png	Assets/Product/Texture/Image/UiDrawLog/UiDrawLog23.png	Rate in S-Rank pool:	70%	0	0.0	0.0	0	0.0	0.0	0	0.0	0
1212	9950	<color=#26bbf9>70% rate in S-Rank pool</color>	Assets/Product/Texture/Image/UiDrawLog/UiDrawLog22.png	Assets/Product/Texture/Image/UiDrawLog/UiDrawLog23.png	Rate in S-Rank pool:	70%	0	0.0	0.0	0	0.0	0.0	0	0.0	0
1213	9940	<color=#26bbf9>70% rate in S-Rank pool</color>	Assets/Product/Texture/Image/UiDrawLog/UiDrawLog22.png	Assets/Product/Texture/Image/UiDrawLog/UiDrawLog23.png	Rate in S-Rank pool:	70%	0	0.0	0.0	0	0.0	0.0	0	0.0	0
1214	9930	<color=#26bbf9>70% rate in S-Rank pool</color>	Assets/Product/Texture/Image/UiDrawLog/UiDrawLog22.png	Assets/Product/Texture/Image/UiDrawLog/UiDrawLog23.png	Rate in S-Rank pool:	70%	0	0.0	0.0	0	0.0	0.0	0	0.0	0
1215	9920	<color=#26bbf9>70% rate in S-Rank pool</color>	Assets/Product/Texture/Image/UiDrawLog/UiDrawLog22.png	Assets/Product/Texture/Image/UiDrawLog/UiDrawLog23.png	Rate in S-Rank pool:	70%	0	0.0	0.0	0	0.0	0.0	0	0.0	0
1216	10000	<color=#ff8d1e>100% rate in S-Rank pool</color>	Assets/Product/Texture/Image/UiDrawLog/UiDrawLog22.png	Assets/Product/Texture/Image/UiDrawLog/UiDrawLog23.png	Rate in S-Rank pool:	100%	0	0.0	0.0	0	0.0	0.0	0	0.0	0
1217	10000	<color=#26bbf9>70% rate in S-Rank pool</color>	Assets/Product/Texture/Image/UiDrawLog/UiDrawLog22.png	Assets/Product/Texture/Image/UiDrawLog/UiDrawLog23.png	Rate in S-Rank pool:	70%	0	0.0	0.0	0	0.0	0.0	0	0.0	0
1218	9990	<color=#26bbf9>70% rate in S-Rank pool</color>	Assets/Product/Texture/Image/UiDrawLog/UiDrawLog22.png	Assets/Product/Texture/Image/UiDrawLog/UiDrawLog23.png	Rate in S-Rank pool:	70%	0	0.0	0.0	0	0.0	0.0	0	0.0	0
1219	9980	<color=#26bbf9>70% rate in S-Rank pool</color>	Assets/Product/Texture/Image/UiDrawLog/UiDrawLog22.png	Assets/Product/Texture/Image/UiDrawLog/UiDrawLog23.png	Rate in S-Rank pool:	70%	0	0.0	0.0	0	0.0	0.0	0	0.0	0
1220	9970	<color=#26bbf9>70% rate in S-Rank pool</color>	Assets/Product/Texture/Image/UiDrawLog/UiDrawLog22.png	Assets/Product/Texture/Image/UiDrawLog/UiDrawLog23.png	Rate in S-Rank pool:	70%	0	0.0	0.0	0	0.0	0.0	0	0.0	0
1221	9960	<color=#26bbf9>70% rate in S-Rank pool</color>	Assets/Product/Texture/Image/UiDrawLog/UiDrawLog22.png	Assets/Product/Texture/Image/UiDrawLog/UiDrawLog23.png	Rate in S-Rank pool:	70%	0	0.0	0.0	0	0.0	0.0	0	0.0	0
1222	9950	<color=#26bbf9>70% rate in S-Rank pool</color>	Assets/Product/Texture/Image/UiDrawLog/UiDrawLog22.png	Assets/Product/Texture/Image/UiDrawLog/UiDrawLog23.png	Rate in S-Rank pool:	70%	0	0.0	0.0	0	0.0	0.0	0	0.0	0
1223	9940	<color=#26bbf9>70% rate in S-Rank pool</color>	Assets/Product/Texture/Image/UiDrawLog/UiDrawLog22.png	Assets/Product/Texture/Image/UiDrawLog/UiDrawLog23.png	Rate in S-Rank pool:	70%	0	0.0	0.0	0	0.0	0.0	0	0.0	0
1224	9930	<color=#26bbf9>70% rate in S-Rank pool</color>	Assets/Product/Texture/Image/UiDrawLog/UiDrawLog22.png	Assets/Product/Texture/Image/UiDrawLog/UiDrawLog23.png	Rate in S-Rank pool:	70%	0	0.0	0.0	0	0.0	0.0	0	0.0	0
1225	9920	<color=#26bbf9>70% rate in S-Rank pool</color>	Assets/Product/Texture/Image/UiDrawLog/UiDrawLog22.png	Assets/Product/Texture/Image/UiDrawLog/UiDrawLog23.png	Rate in S-Rank pool:	70%	0	0.0	0.0	0	0.0	0.0	0	0.0	0
1226	10000	<color=#26bbf9>70% rate in S-Rank pool</color>	Assets/Product/Texture/Image/UiDrawLog/UiDrawLog22.png	Assets/Product/Texture/Image/UiDrawLog/UiDrawLog23.png	Rate in S-Rank pool:	70%	0	0.0	0.0	0	0.0	0.0	0	0.0	0
1227	9990	<color=#26bbf9>70% rate in S-Rank pool</color>	Assets/Product/Texture/Image/UiDrawLog/UiDrawLog22.png	Assets/Product/Texture/Image/UiDrawLog/UiDrawLog23.png	Rate in S-Rank pool:	70%	0	0.0	0.0	0	0.0	0.0	0	0.0	0
1228	9980	<color=#26bbf9>70% rate in S-Rank pool</color>	Assets/Product/Texture/Image/UiDrawLog/UiDrawLog22.png	Assets/Product/Texture/Image/UiDrawLog/UiDrawLog23.png	Rate in S-Rank pool:	70%	0	0.0	0.0	0	0.0	0.0	0	0.0	0
1229	9970	<color=#26bbf9>70% rate in S-Rank pool</color>	Assets/Product/Texture/Image/UiDrawLog/UiDrawLog22.png	Assets/Product/Texture/Image/UiDrawLog/UiDrawLog23.png	Rate in S-Rank pool:	70%	0	0.0	0.0	0	0.0	0.0	0	0.0	0
1230	9960	<color=#26bbf9>70% rate in S-Rank pool</color>	Assets/Product/Texture/Image/UiDrawLog/UiDrawLog22.png	Assets/Product/Texture/Image/UiDrawLog/UiDrawLog23.png	Rate in S-Rank pool:	70%	0	0.0	0.0	0	0.0	0.0	0	0.0	0
1231	9950	<color=#26bbf9>70% rate in S-Rank pool</color>	Assets/Product/Texture/Image/UiDrawLog/UiDrawLog22.png	Assets/Product/Texture/Image/UiDrawLog/UiDrawLog23.png	Rate in S-Rank pool:	70%	0	0.0	0.0	0	0.0	0.0	0	0.0	0
1232	9940	<color=#26bbf9>70% rate in S-Rank pool</color>	Assets/Product/Texture/Image/UiDrawLog/UiDrawLog22.png	Assets/Product/Texture/Image/UiDrawLog/UiDrawLog23.png	Rate in S-Rank pool:	70%	0	0.0	0.0	0	0.0	0.0	0	0.0	0
1233	9930	<color=#26bbf9>70% rate in S-Rank pool</color>	Assets/Product/Texture/Image/UiDrawLog/UiDrawLog22.png	Assets/Product/Texture/Image/UiDrawLog/UiDrawLog23.png	Rate in S-Rank pool:	70%	0	0.0	0.0	0	0.0	0.0	0	0.0	0
1234	9920	<color=#26bbf9>70% rate in S-Rank pool</color>	Assets/Product/Texture/Image/UiDrawLog/UiDrawLog22.png	Assets/Product/Texture/Image/UiDrawLog/UiDrawLog23.png	Rate in S-Rank pool:	70%	0	0.0	0.0	0	0.0	0.0	0	0.0	0
1235	10000	<color=#ff8d1e>100% rate in S-Rank pool</color>	Assets/Product/Texture/Image/UiDrawLog/UiDrawLog22.png	Assets/Product/Texture/Image/UiDrawLog/UiDrawLog23.png	Rate in S-Rank pool:	100%	0	0.0	0.0	0	0.0	0.0	0	0.0	0
1236	10000	<color=#26bbf9>70% rate in S-Rank pool</color>	Assets/Product/Texture/Image/UiDrawLog/UiDrawLog22.png	Assets/Product/Texture/Image/UiDrawLog/UiDrawLog23.png	Rate in S-Rank pool:	70%	0	0.0	0.0	0	0.0	0.0	0	0.0	0
1237	9990	<color=#26bbf9>70% rate in S-Rank pool</color>	Assets/Product/Texture/Image/UiDrawLog/UiDrawLog22.png	Assets/Product/Texture/Image/UiDrawLog/UiDrawLog23.png	Rate in S-Rank pool:	70%	0	0.0	0.0	0	0.0	0.0	0	0.0	0
1238	9980	<color=#26bbf9>70% rate in S-Rank pool</color>	Assets/Product/Texture/Image/UiDrawLog/UiDrawLog22.png	Assets/Product/Texture/Image/UiDrawLog/UiDrawLog23.png	Rate in S-Rank pool:	70%	0	0.0	0.0	0	0.0	0.0	0	0.0	0
1239	9970	<color=#26bbf9>70% rate in S-Rank pool</color>	Assets/Product/Texture/Image/UiDrawLog/UiDrawLog22.png	Assets/Product/Texture/Image/UiDrawLog/UiDrawLog23.png	Rate in S-Rank pool:	70%	0	0.0	0.0	0	0.0	0.0	0	0.0	0
1240	9960	<color=#26bbf9>70% rate in S-Rank pool</color>	Assets/Product/Texture/Image/UiDrawLog/UiDrawLog22.png	Assets/Product/Texture/Image/UiDrawLog/UiDrawLog23.png	Rate in S-Rank pool:	70%	0	0.0	0.0	0	0.0	0.0	0	0.0	0
1241	9950	<color=#26bbf9>70% rate in S-Rank pool</color>	Assets/Product/Texture/Image/UiDrawLog/UiDrawLog22.png	Assets/Product/Texture/Image/UiDrawLog/UiDrawLog23.png	Rate in S-Rank pool:	70%	0	0.0	0.0	0	0.0	0.0	0	0.0	0
1242	9940	<color=#26bbf9>70% rate in S-Rank pool</color>	Assets/Product/Texture/Image/UiDrawLog/UiDrawLog22.png	Assets/Product/Texture/Image/UiDrawLog/UiDrawLog23.png	Rate in S-Rank pool:	70%	0	0.0	0.0	0	0.0	0.0	0	0.0	0
1243	9930	<color=#26bbf9>70% rate in S-Rank pool</color>	Assets/Product/Texture/Image/UiDrawLog/UiDrawLog22.png	Assets/Product/Texture/Image/UiDrawLog/UiDrawLog23.png	Rate in S-Rank pool:	70%	0	0.0	0.0	0	0.0	0.0	0	0.0	0
1244	9920	<color=#26bbf9>70% rate in S-Rank pool</color>	Assets/Product/Texture/Image/UiDrawLog/UiDrawLog22.png	Assets/Product/Texture/Image/UiDrawLog/UiDrawLog23.png	Rate in S-Rank pool:	70%	0	0.0	0.0	0	0.0	0.0	0	0.0	0
1245	10000	<color=#ff8d1e>100% rate in S-Rank pool</color>	Assets/Product/Texture/Image/UiDrawLog/UiDrawLog22.png	Assets/Product/Texture/Image/UiDrawLog/UiDrawLog23.png	Rate in S-Rank pool:	100%	0	0.0	0.0	0	0.0	0.0	0	0.0	0
1246	10000	<color=#26bbf9>70% rate in S-Rank pool</color>	Assets/Product/Texture/Image/UiDrawLog/UiDrawLog22.png	Assets/Product/Texture/Image/UiDrawLog/UiDrawLog23.png	Rate in S-Rank pool:	70%	0	0.0	0.0	0	0.0	0.0	0	0.0	0
1247	9990	<color=#26bbf9>70% rate in S-Rank pool</color>	Assets/Product/Texture/Image/UiDrawLog/UiDrawLog22.png	Assets/Product/Texture/Image/UiDrawLog/UiDrawLog23.png	Rate in S-Rank pool:	70%	0	0.0	0.0	0	0.0	0.0	0	0.0	0
1248	9980	<color=#26bbf9>70% rate in S-Rank pool</color>	Assets/Product/Texture/Image/UiDrawLog/UiDrawLog22.png	Assets/Product/Texture/Image/UiDrawLog/UiDrawLog23.png	Rate in S-Rank pool:	70%	0	0.0	0.0	0	0.0	0.0	0	0.0	0
1249	9970	<color=#26bbf9>70% rate in S-Rank pool</color>	Assets/Product/Texture/Image/UiDrawLog/UiDrawLog22.png	Assets/Product/Texture/Image/UiDrawLog/UiDrawLog23.png	Rate in S-Rank pool:	70%	0	0.0	0.0	0	0.0	0.0	0	0.0	0
1250	9960	<color=#26bbf9>70% rate in S-Rank pool</color>	Assets/Product/Texture/Image/UiDrawLog/UiDrawLog22.png	Assets/Product/Texture/Image/UiDrawLog/UiDrawLog23.png	Rate in S-Rank pool:	70%	0	0.0	0.0	0	0.0	0.0	0	0.0	0
1251	9950	<color=#26bbf9>70% rate in S-Rank pool</color>	Assets/Product/Texture/Image/UiDrawLog/UiDrawLog22.png	Assets/Product/Texture/Image/UiDrawLog/UiDrawLog23.png	Rate in S-Rank pool:	70%	0	0.0	0.0	0	0.0	0.0	0	0.0	0
1252	9940	<color=#26bbf9>70% rate in S-Rank pool</color>	Assets/Product/Texture/Image/UiDrawLog/UiDrawLog22.png	Assets/Product/Texture/Image/UiDrawLog/UiDrawLog23.png	Rate in S-Rank pool:	70%	0	0.0	0.0	0	0.0	0.0	0	0.0	0
1253	9930	<color=#26bbf9>70% rate in S-Rank pool</color>	Assets/Product/Texture/Image/UiDrawLog/UiDrawLog22.png	Assets/Product/Texture/Image/UiDrawLog/UiDrawLog23.png	Rate in S-Rank pool:	70%	0	0.0	0.0	0	0.0	0.0	0	0.0	0
1254	9920	<color=#26bbf9>70% rate in S-Rank pool</color>	Assets/Product/Texture/Image/UiDrawLog/UiDrawLog22.png	Assets/Product/Texture/Image/UiDrawLog/UiDrawLog23.png	Rate in S-Rank pool:	70%	0	0.0	0.0	0	0.0	0.0	0	0.0	0
1255	10000	<color=#26bbf9>70% rate in S-Rank pool</color>	Assets/Product/Texture/Image/UiDrawLog/UiDrawLog22.png	Assets/Product/Texture/Image/UiDrawLog/UiDrawLog23.png	Rate in S-Rank pool:	70%	0	0.0	0.0	0	0.0	0.0	0	0.0	0
1256	9990	<color=#26bbf9>70% rate in S-Rank pool</color>	Assets/Product/Texture/Image/UiDrawLog/UiDrawLog22.png	Assets/Product/Texture/Image/UiDrawLog/UiDrawLog23.png	Rate in S-Rank pool:	70%	0	0.0	0.0	0	0.0	0.0	0	0.0	0
1257	9980	<color=#26bbf9>70% rate in S-Rank pool</color>	Assets/Product/Texture/Image/UiDrawLog/UiDrawLog22.png	Assets/Product/Texture/Image/UiDrawLog/UiDrawLog23.png	Rate in S-Rank pool:	70%	0	0.0	0.0	0	0.0	0.0	0	0.0	0
1258	9970	<color=#26bbf9>70% rate in S-Rank pool</color>	Assets/Product/Texture/Image/UiDrawLog/UiDrawLog22.png	Assets/Product/Texture/Image/UiDrawLog/UiDrawLog23.png	Rate in S-Rank pool:	70%	0	0.0	0.0	0	0.0	0.0	0	0.0	0
1259	9960	<color=#26bbf9>70% rate in S-Rank pool</color>	Assets/Product/Texture/Image/UiDrawLog/UiDrawLog22.png	Assets/Product/Texture/Image/UiDrawLog/UiDrawLog23.png	Rate in S-Rank pool:	70%	0	0.0	0.0	0	0.0	0.0	0	0.0	0
1260	9950	<color=#26bbf9>70% rate in S-Rank pool</color>	Assets/Product/Texture/Image/UiDrawLog/UiDrawLog22.png	Assets/Product/Texture/Image/UiDrawLog/UiDrawLog23.png	Rate in S-Rank pool:	70%	0	0.0	0.0	0	0.0	0.0	0	0.0	0
1261	10000	<color=#26bbf9>70% rate in S-Rank pool</color>	Assets/Product/Texture/Image/UiDrawLog/UiDrawLog22.png	Assets/Product/Texture/Image/UiDrawLog/UiDrawLog23.png	Rate in S-Rank pool:	70%	0	0.0	0.0	0	0.0	0.0	0	0.0	0
1262	9990	<color=#26bbf9>70% rate in S-Rank pool</color>	Assets/Product/Texture/Image/UiDrawLog/UiDrawLog22.png	Assets/Product/Texture/Image/UiDrawLog/UiDrawLog23.png	Rate in S-Rank pool:	70%	0	0.0	0.0	0	0.0	0.0	0	0.0	0
1263	9980	<color=#26bbf9>70% rate in S-Rank pool</color>	Assets/Product/Texture/Image/UiDrawLog/UiDrawLog22.png	Assets/Product/Texture/Image/UiDrawLog/UiDrawLog23.png	Rate in S-Rank pool:	70%	0	0.0	0.0	0	0.0	0.0	0	0.0	0
1264	9970	<color=#26bbf9>70% rate in S-Rank pool</color>	Assets/Product/Texture/Image/UiDrawLog/UiDrawLog22.png	Assets/Product/Texture/Image/UiDrawLog/UiDrawLog23.png	Rate in S-Rank pool:	70%	0	0.0	0.0	0	0.0	0.0	0	0.0	0
1265	9960	<color=#26bbf9>70% rate in S-Rank pool</color>	Assets/Product/Texture/Image/UiDrawLog/UiDrawLog22.png	Assets/Product/Texture/Image/UiDrawLog/UiDrawLog23.png	Rate in S-Rank pool:	70%	0	0.0	0.0	0	0.0	0.0	0	0.0	0
1266	9950	<color=#26bbf9>70% rate in S-Rank pool</color>	Assets/Product/Texture/Image/UiDrawLog/UiDrawLog22.png	Assets/Product/Texture/Image/UiDrawLog/UiDrawLog23.png	Rate in S-Rank pool:	70%	0	0.0	0.0	0	0.0	0.0	0	0.0	0
1267	9940	<color=#26bbf9>70% rate in S-Rank pool</color>	Assets/Product/Texture/Image/UiDrawLog/UiDrawLog22.png	Assets/Product/Texture/Image/UiDrawLog/UiDrawLog23.png	Rate in S-Rank pool:	70%	0	0.0	0.0	0	0.0	0.0	0	0.0	0
1268	9930	<color=#26bbf9>70% rate in S-Rank pool</color>	Assets/Product/Texture/Image/UiDrawLog/UiDrawLog22.png	Assets/Product/Texture/Image/UiDrawLog/UiDrawLog23.png	Rate in S-Rank pool:	70%	0	0.0	0.0	0	0.0	0.0	0	0.0	0
1269	9920	<color=#26bbf9>70% rate in S-Rank pool</color>	Assets/Product/Texture/Image/UiDrawLog/UiDrawLog22.png	Assets/Product/Texture/Image/UiDrawLog/UiDrawLog23.png	Rate in S-Rank pool:	70%	0	0.0	0.0	0	0.0	0.0	0	0.0	0
1270	10000	<color=#ff8d1e>100% rate in S-Rank pool</color>	Assets/Product/Texture/Image/UiDrawLog/UiDrawLog22.png	Assets/Product/Texture/Image/UiDrawLog/UiDrawLog23.png	Rate in S-Rank pool:	100%	0	0.0	0.0	0	0.0	0.0	0	0.0	0
1271	10000	<color=#ff8d1e>100% rate in S-Rank pool</color>	Assets/Product/Texture/Image/UiDrawLog/UiDrawLog22.png	Assets/Product/Texture/Image/UiDrawLog/UiDrawLog23.png	Rate in S-Rank pool:	100%	0	0.0	0.0	0	0.0	0.0	0	0.0	0
1272	10000	<color=#26bbf9>70% rate in S-Rank pool</color>	Assets/Product/Texture/Image/UiDrawLog/UiDrawLog22.png	Assets/Product/Texture/Image/UiDrawLog/UiDrawLog23.png	Rate in S-Rank pool:	70%	0	0.0	0.0	0	0.0	0.0	0	0.0	0
1273	9990	<color=#26bbf9>70% rate in S-Rank pool</color>	Assets/Product/Texture/Image/UiDrawLog/UiDrawLog22.png	Assets/Product/Texture/Image/UiDrawLog/UiDrawLog23.png	Rate in S-Rank pool:	70%	0	0.0	0.0	0	0.0	0.0	0	0.0	0
1274	9980	<color=#26bbf9>70% rate in S-Rank pool</color>	Assets/Product/Texture/Image/UiDrawLog/UiDrawLog22.png	Assets/Product/Texture/Image/UiDrawLog/UiDrawLog23.png	Rate in S-Rank pool:	70%	0	0.0	0.0	0	0.0	0.0	0	0.0	0
1275	9970	<color=#26bbf9>70% rate in S-Rank pool</color>	Assets/Product/Texture/Image/UiDrawLog/UiDrawLog22.png	Assets/Product/Texture/Image/UiDrawLog/UiDrawLog23.png	Rate in S-Rank pool:	70%	0	0.0	0.0	0	0.0	0.0	0	0.0	0
1276	9960	<color=#26bbf9>70% rate in S-Rank pool</color>	Assets/Product/Texture/Image/UiDrawLog/UiDrawLog22.png	Assets/Product/Texture/Image/UiDrawLog/UiDrawLog23.png	Rate in S-Rank pool:	70%	0	0.0	0.0	0	0.0	0.0	0	0.0	0
1277	9950	<color=#26bbf9>70% rate in S-Rank pool</color>	Assets/Product/Texture/Image/UiDrawLog/UiDrawLog22.png	Assets/Product/Texture/Image/UiDrawLog/UiDrawLog23.png	Rate in S-Rank pool:	70%	0	0.0	0.0	0	0.0	0.0	0	0.0	0
1278	9940	<color=#26bbf9>70% rate in S-Rank pool</color>	Assets/Product/Texture/Image/UiDrawLog/UiDrawLog22.png	Assets/Product/Texture/Image/UiDrawLog/UiDrawLog23.png	Rate in S-Rank pool:	70%	0	0.0	0.0	0	0.0	0.0	0	0.0	0
1279	9930	<color=#26bbf9>70% rate in S-Rank pool</color>	Assets/Product/Texture/Image/UiDrawLog/UiDrawLog22.png	Assets/Product/Texture/Image/UiDrawLog/UiDrawLog23.png	Rate in S-Rank pool:	70%	0	0.0	0.0	0	0.0	0.0	0	0.0	0
1280	9920	<color=#26bbf9>70% rate in S-Rank pool</color>	Assets/Product/Texture/Image/UiDrawLog/UiDrawLog22.png	Assets/Product/Texture/Image/UiDrawLog/UiDrawLog23.png	Rate in S-Rank pool:	70%	0	0.0	0.0	0	0.0	0.0	0	0.0	0
1281	10000	<color=#26bbf9>70% rate in S-Rank pool</color>	Assets/Product/Texture/Image/UiDrawLog/UiDrawLog22.png	Assets/Product/Texture/Image/UiDrawLog/UiDrawLog23.png	Rate in S-Rank pool:	70%	0	0.0	0.0	0	0.0	0.0	0	0.0	0
1282	9990	<color=#26bbf9>70% rate in S-Rank pool</color>	Assets/Product/Texture/Image/UiDrawLog/UiDrawLog22.png	Assets/Product/Texture/Image/UiDrawLog/UiDrawLog23.png	Rate in S-Rank pool:	70%	0	0.0	0.0	0	0.0	0.0	0	0.0	0
1283	9980	<color=#26bbf9>70% rate in S-Rank pool</color>	Assets/Product/Texture/Image/UiDrawLog/UiDrawLog22.png	Assets/Product/Texture/Image/UiDrawLog/UiDrawLog23.png	Rate in S-Rank pool:	70%	0	0.0	0.0	0	0.0	0.0	0	0.0	0
1284	9970	<color=#26bbf9>70% rate in S-Rank pool</color>	Assets/Product/Texture/Image/UiDrawLog/UiDrawLog22.png	Assets/Product/Texture/Image/UiDrawLog/UiDrawLog23.png	Rate in S-Rank pool:	70%	0	0.0	0.0	0	0.0	0.0	0	0.0	0
1285	9960	<color=#26bbf9>70% rate in S-Rank pool</color>	Assets/Product/Texture/Image/UiDrawLog/UiDrawLog22.png	Assets/Product/Texture/Image/UiDrawLog/UiDrawLog23.png	Rate in S-Rank pool:	70%	0	0.0	0.0	0	0.0	0.0	0	0.0	0
1286	9950	<color=#26bbf9>70% rate in S-Rank pool</color>	Assets/Product/Texture/Image/UiDrawLog/UiDrawLog22.png	Assets/Product/Texture/Image/UiDrawLog/UiDrawLog23.png	Rate in S-Rank pool:	70%	0	0.0	0.0	0	0.0	0.0	0	0.0	0
1287	9940	<color=#26bbf9>70% rate in S-Rank pool</color>	Assets/Product/Texture/Image/UiDrawLog/UiDrawLog22.png	Assets/Product/Texture/Image/UiDrawLog/UiDrawLog23.png	Rate in S-Rank pool:	70%	0	0.0	0.0	0	0.0	0.0	0	0.0	0
1288	9930	<color=#26bbf9>70% rate in S-Rank pool</color>	Assets/Product/Texture/Image/UiDrawLog/UiDrawLog22.png	Assets/Product/Texture/Image/UiDrawLog/UiDrawLog23.png	Rate in S-Rank pool:	70%	0	0.0	0.0	0	0.0	0.0	0	0.0	0
1289	9920	<color=#26bbf9>70% rate in S-Rank pool</color>	Assets/Product/Texture/Image/UiDrawLog/UiDrawLog22.png	Assets/Product/Texture/Image/UiDrawLog/UiDrawLog23.png	Rate in S-Rank pool:	70%	0	0.0	0.0	0	0.0	0.0	0	0.0	0
1290	10000	<color=#ff8d1e>100% rate in S-Rank pool</color>	Assets/Product/Texture/Image/UiDrawLog/UiDrawLog22.png	Assets/Product/Texture/Image/UiDrawLog/UiDrawLog23.png	Rate in S-Rank pool:	100%	0	0.0	0.0	0	0.0	0.0	0	0.0	0
1291	10000	<color=#26bbf9>70% rate in S-Rank pool</color>	Assets/Product/Texture/Image/UiDrawLog/UiDrawLog22.png	Assets/Product/Texture/Image/UiDrawLog/UiDrawLog23.png	Rate in S-Rank pool:	70%	0	0.0	0.0	0	0.0	0.0	0	0.0	0
1292	9990	<color=#26bbf9>70% rate in S-Rank pool</color>	Assets/Product/Texture/Image/UiDrawLog/UiDrawLog22.png	Assets/Product/Texture/Image/UiDrawLog/UiDrawLog23.png	Rate in S-Rank pool:	70%	0	0.0	0.0	0	0.0	0.0	0	0.0	0
1293	9980	<color=#26bbf9>70% rate in S-Rank pool</color>	Assets/Product/Texture/Image/UiDrawLog/UiDrawLog22.png	Assets/Product/Texture/Image/UiDrawLog/UiDrawLog23.png	Rate in S-Rank pool:	70%	0	0.0	0.0	0	0.0	0.0	0	0.0	0
1294	9970	<color=#26bbf9>70% rate in S-Rank pool</color>	Assets/Product/Texture/Image/UiDrawLog/UiDrawLog22.png	Assets/Product/Texture/Image/UiDrawLog/UiDrawLog23.png	Rate in S-Rank pool:	70%	0	0.0	0.0	0	0.0	0.0	0	0.0	0
1295	9960	<color=#26bbf9>70% rate in S-Rank pool</color>	Assets/Product/Texture/Image/UiDrawLog/UiDrawLog22.png	Assets/Product/Texture/Image/UiDrawLog/UiDrawLog23.png	Rate in S-Rank pool:	70%	0	0.0	0.0	0	0.0	0.0	0	0.0	0
1296	9950	<color=#26bbf9>70% rate in S-Rank pool</color>	Assets/Product/Texture/Image/UiDrawLog/UiDrawLog22.png	Assets/Product/Texture/Image/UiDrawLog/UiDrawLog23.png	Rate in S-Rank pool:	70%	0	0.0	0.0	0	0.0	0.0	0	0.0	0
1297	9940	<color=#26bbf9>70% rate in S-Rank pool</color>	Assets/Product/Texture/Image/UiDrawLog/UiDrawLog22.png	Assets/Product/Texture/Image/UiDrawLog/UiDrawLog23.png	Rate in S-Rank pool:	70%	0	0.0	0.0	0	0.0	0.0	0	0.0	0
1298	9930	<color=#26bbf9>70% rate in S-Rank pool</color>	Assets/Product/Texture/Image/UiDrawLog/UiDrawLog22.png	Assets/Product/Texture/Image/UiDrawLog/UiDrawLog23.png	Rate in S-Rank pool:	70%	0	0.0	0.0	0	0.0	0.0	0	0.0	0
1299	9920	<color=#26bbf9>70% rate in S-Rank pool</color>	Assets/Product/Texture/Image/UiDrawLog/UiDrawLog22.png	Assets/Product/Texture/Image/UiDrawLog/UiDrawLog23.png	Rate in S-Rank pool:	70%	0	0.0	0.0	0	0.0	0.0	0	0.0	0
1300	10000	<color=#26bbf9>70% rate in S-Rank pool</color>	Assets/Product/Texture/Image/UiDrawLog/UiDrawLog22.png	Assets/Product/Texture/Image/UiDrawLog/UiDrawLog23.png	Rate in S-Rank pool:	70%	0	0.0	0.0	0	0.0	0.0	0	0.0	0
1301	9990	<color=#26bbf9>70% rate in S-Rank pool</color>	Assets/Product/Texture/Image/UiDrawLog/UiDrawLog22.png	Assets/Product/Texture/Image/UiDrawLog/UiDrawLog23.png	Rate in S-Rank pool:	70%	0	0.0	0.0	0	0.0	0.0	0	0.0	0
1302	9980	<color=#26bbf9>70% rate in S-Rank pool</color>	Assets/Product/Texture/Image/UiDrawLog/UiDrawLog22.png	Assets/Product/Texture/Image/UiDrawLog/UiDrawLog23.png	Rate in S-Rank pool:	70%	0	0.0	0.0	0	0.0	0.0	0	0.0	0
1303	9970	<color=#26bbf9>70% rate in S-Rank pool</color>	Assets/Product/Texture/Image/UiDrawLog/UiDrawLog22.png	Assets/Product/Texture/Image/UiDrawLog/UiDrawLog23.png	Rate in S-Rank pool:	70%	0	0.0	0.0	0	0.0	0.0	0	0.0	0
1304	9960	<color=#26bbf9>70% rate in S-Rank pool</color>	Assets/Product/Texture/Image/UiDrawLog/UiDrawLog22.png	Assets/Product/Texture/Image/UiDrawLog/UiDrawLog23.png	Rate in S-Rank pool:	70%	0	0.0	0.0	0	0.0	0.0	0	0.0	0
1305	9950	<color=#26bbf9>70% rate in S-Rank pool</color>	Assets/Product/Texture/Image/UiDrawLog/UiDrawLog22.png	Assets/Product/Texture/Image/UiDrawLog/UiDrawLog23.png	Rate in S-Rank pool:	70%	0	0.0	0.0	0	0.0	0.0	0	0.0	0
1306	9940	<color=#26bbf9>70% rate in S-Rank pool</color>	Assets/Product/Texture/Image/UiDrawLog/UiDrawLog22.png	Assets/Product/Texture/Image/UiDrawLog/UiDrawLog23.png	Rate in S-Rank pool:	70%	0	0.0	0.0	0	0.0	0.0	0	0.0	0
1307	9930	<color=#26bbf9>70% rate in S-Rank pool</color>	Assets/Product/Texture/Image/UiDrawLog/UiDrawLog22.png	Assets/Product/Texture/Image/UiDrawLog/UiDrawLog23.png	Rate in S-Rank pool:	70%	0	0.0	0.0	0	0.0	0.0	0	0.0	0
1308	9920	<color=#26bbf9>70% rate in S-Rank pool</color>	Assets/Product/Texture/Image/UiDrawLog/UiDrawLog22.png	Assets/Product/Texture/Image/UiDrawLog/UiDrawLog23.png	Rate in S-Rank pool:	70%	0	0.0	0.0	0	0.0	0.0	0	0.0	0
1309	10000	<color=#26bbf9>70% rate in S-Rank pool</color>	Assets/Product/Texture/Image/UiDrawLog/UiDrawLog22.png	Assets/Product/Texture/Image/UiDrawLog/UiDrawLog23.png	Rate in S-Rank pool:	70%	0	0.0	0.0	0	0.0	0.0	0	0.0	0
1310	9990	<color=#26bbf9>70% rate in S-Rank pool</color>	Assets/Product/Texture/Image/UiDrawLog/UiDrawLog22.png	Assets/Product/Texture/Image/UiDrawLog/UiDrawLog23.png	Rate in S-Rank pool:	70%	0	0.0	0.0	0	0.0	0.0	0	0.0	0
1311	9980	<color=#26bbf9>70% rate in S-Rank pool</color>	Assets/Product/Texture/Image/UiDrawLog/UiDrawLog22.png	Assets/Product/Texture/Image/UiDrawLog/UiDrawLog23.png	Rate in S-Rank pool:	70%	0	0.0	0.0	0	0.0	0.0	0	0.0	0
1312	9970	<color=#26bbf9>70% rate in S-Rank pool</color>	Assets/Product/Texture/Image/UiDrawLog/UiDrawLog22.png	Assets/Product/Texture/Image/UiDrawLog/UiDrawLog23.png	Rate in S-Rank pool:	70%	0	0.0	0.0	0	0.0	0.0	0	0.0	0
1313	9960	<color=#26bbf9>70% rate in S-Rank pool</color>	Assets/Product/Texture/Image/UiDrawLog/UiDrawLog22.png	Assets/Product/Texture/Image/UiDrawLog/UiDrawLog23.png	Rate in S-Rank pool:	70%	0	0.0	0.0	0	0.0	0.0	0	0.0	0
1314	9950	<color=#26bbf9>70% rate in S-Rank pool</color>	Assets/Product/Texture/Image/UiDrawLog/UiDrawLog22.png	Assets/Product/Texture/Image/UiDrawLog/UiDrawLog23.png	Rate in S-Rank pool:	70%	0	0.0	0.0	0	0.0	0.0	0	0.0	0
1315	9940	<color=#26bbf9>70% rate in S-Rank pool</color>	Assets/Product/Texture/Image/UiDrawLog/UiDrawLog22.png	Assets/Product/Texture/Image/UiDrawLog/UiDrawLog23.png	Rate in S-Rank pool:	70%	0	0.0	0.0	0	0.0	0.0	0	0.0	0
1316	9930	<color=#26bbf9>70% rate in S-Rank pool</color>	Assets/Product/Texture/Image/UiDrawLog/UiDrawLog22.png	Assets/Product/Texture/Image/UiDrawLog/UiDrawLog23.png	Rate in S-Rank pool:	70%	0	0.0	0.0	0	0.0	0.0	0	0.0	0
1317	9920	<color=#26bbf9>70% rate in S-Rank pool</color>	Assets/Product/Texture/Image/UiDrawLog/UiDrawLog22.png	Assets/Product/Texture/Image/UiDrawLog/UiDrawLog23.png	Rate in S-Rank pool:	70%	0	0.0	0.0	0	0.0	0.0	0	0.0	0
1318	10000	<color=#ff8d1e>100% rate in S-Rank pool</color>	Assets/Product/Texture/Image/UiDrawLog/UiDrawLog22.png	Assets/Product/Texture/Image/UiDrawLog/UiDrawLog23.png	Rate in S-Rank pool:	100%	0	0.0	0.0	0	0.0	0.0	0	0.0	0
1319	10000	<color=#26bbf9>70% rate in S-Rank pool</color>	Assets/Product/Texture/Image/UiDrawLog/UiDrawLog22.png	Assets/Product/Texture/Image/UiDrawLog/UiDrawLog23.png	Rate in S-Rank pool:	70%	0	0.0	0.0	0	0.0	0.0	0	0.0	0
1320	9990	<color=#26bbf9>70% rate in S-Rank pool</color>	Assets/Product/Texture/Image/UiDrawLog/UiDrawLog22.png	Assets/Product/Texture/Image/UiDrawLog/UiDrawLog23.png	Rate in S-Rank pool:	70%	0	0.0	0.0	0	0.0	0.0	0	0.0	0
1321	9980	<color=#26bbf9>70% rate in S-Rank pool</color>	Assets/Product/Texture/Image/UiDrawLog/UiDrawLog22.png	Assets/Product/Texture/Image/UiDrawLog/UiDrawLog23.png	Rate in S-Rank pool:	70%	0	0.0	0.0	0	0.0	0.0	0	0.0	0
1322	9970	<color=#26bbf9>70% rate in S-Rank pool</color>	Assets/Product/Texture/Image/UiDrawLog/UiDrawLog22.png	Assets/Product/Texture/Image/UiDrawLog/UiDrawLog23.png	Rate in S-Rank pool:	70%	0	0.0	0.0	0	0.0	0.0	0	0.0	0
1323	9960	<color=#26bbf9>70% rate in S-Rank pool</color>	Assets/Product/Texture/Image/UiDrawLog/UiDrawLog22.png	Assets/Product/Texture/Image/UiDrawLog/UiDrawLog23.png	Rate in S-Rank pool:	70%	0	0.0	0.0	0	0.0	0.0	0	0.0	0
1324	9950	<color=#26bbf9>70% rate in S-Rank pool</color>	Assets/Product/Texture/Image/UiDrawLog/UiDrawLog22.png	Assets/Product/Texture/Image/UiDrawLog/UiDrawLog23.png	Rate in S-Rank pool:	70%	0	0.0	0.0	0	0.0	0.0	0	0.0	0
1325	9940	<color=#26bbf9>70% rate in S-Rank pool</color>	Assets/Product/Texture/Image/UiDrawLog/UiDrawLog22.png	Assets/Product/Texture/Image/UiDrawLog/UiDrawLog23.png	Rate in S-Rank pool:	70%	0	0.0	0.0	0	0.0	0.0	0	0.0	0
1326	9930	<color=#26bbf9>70% rate in S-Rank pool</color>	Assets/Product/Texture/Image/UiDrawLog/UiDrawLog22.png	Assets/Product/Texture/Image/UiDrawLog/UiDrawLog23.png	Rate in S-Rank pool:	70%	0	0.0	0.0	0	0.0	0.0	0	0.0	0
1327	9920	<color=#26bbf9>70% rate in S-Rank pool</color>	Assets/Product/Texture/Image/UiDrawLog/UiDrawLog22.png	Assets/Product/Texture/Image/UiDrawLog/UiDrawLog23.png	Rate in S-Rank pool:	70%	0	0.0	0.0	0	0.0	0.0	0	0.0	0
1328	10000	<color=#ff8d1e>100% rate in S-Rank pool</color>	Assets/Product/Texture/Image/UiDrawLog/UiDrawLog22.png	Assets/Product/Texture/Image/UiDrawLog/UiDrawLog23.png	Rate in S-Rank pool:	100%	0	0.0	0.0	0	0.0	0.0	0	0.0	0
1329	10000	<color=#26bbf9>70% rate in S-Rank pool</color>	Assets/Product/Texture/Image/UiDrawLog/UiDrawLog22.png	Assets/Product/Texture/Image/UiDrawLog/UiDrawLog23.png	Rate in S-Rank pool:	70%	0	0.0	0.0	0	0.0	0.0	0	0.0	0
1330	9990	<color=#26bbf9>70% rate in S-Rank pool</color>	Assets/Product/Texture/Image/UiDrawLog/UiDrawLog22.png	Assets/Product/Texture/Image/UiDrawLog/UiDrawLog23.png	Rate in S-Rank pool:	70%	0	0.0	0.0	0	0.0	0.0	0	0.0	0
1331	9980	<color=#26bbf9>70% rate in S-Rank pool</color>	Assets/Product/Texture/Image/UiDrawLog/UiDrawLog22.png	Assets/Product/Texture/Image/UiDrawLog/UiDrawLog23.png	Rate in S-Rank pool:	70%	0	0.0	0.0	0	0.0	0.0	0	0.0	0
1332	9970	<color=#26bbf9>70% rate in S-Rank pool</color>	Assets/Product/Texture/Image/UiDrawLog/UiDrawLog22.png	Assets/Product/Texture/Image/UiDrawLog/UiDrawLog23.png	Rate in S-Rank pool:	70%	0	0.0	0.0	0	0.0	0.0	0	0.0	0
1333	9960	<color=#26bbf9>70% rate in S-Rank pool</color>	Assets/Product/Texture/Image/UiDrawLog/UiDrawLog22.png	Assets/Product/Texture/Image/UiDrawLog/UiDrawLog23.png	Rate in S-Rank pool:	70%	0	0.0	0.0	0	0.0	0.0	0	0.0	0
1334	9950	<color=#26bbf9>70% rate in S-Rank pool</color>	Assets/Product/Texture/Image/UiDrawLog/UiDrawLog22.png	Assets/Product/Texture/Image/UiDrawLog/UiDrawLog23.png	Rate in S-Rank pool:	70%	0	0.0	0.0	0	0.0	0.0	0	0.0	0
1335	9940	<color=#26bbf9>70% rate in S-Rank pool</color>	Assets/Product/Texture/Image/UiDrawLog/UiDrawLog22.png	Assets/Product/Texture/Image/UiDrawLog/UiDrawLog23.png	Rate in S-Rank pool:	70%	0	0.0	0.0	0	0.0	0.0	0	0.0	0
1336	9930	<color=#26bbf9>70% rate in S-Rank pool</color>	Assets/Product/Texture/Image/UiDrawLog/UiDrawLog22.png	Assets/Product/Texture/Image/UiDrawLog/UiDrawLog23.png	Rate in S-Rank pool:	70%	0	0.0	0.0	0	0.0	0.0	0	0.0	0
1337	9920	<color=#26bbf9>70% rate in S-Rank pool</color>	Assets/Product/Texture/Image/UiDrawLog/UiDrawLog22.png	Assets/Product/Texture/Image/UiDrawLog/UiDrawLog23.png	Rate in S-Rank pool:	70%	0	0.0	0.0	0	0.0	0.0	0	0.0	0
1338	10000	<color=#ff8d1e>100% rate in S-Rank pool</color>	Assets/Product/Texture/Image/UiDrawLog/UiDrawLog22.png	Assets/Product/Texture/Image/UiDrawLog/UiDrawLog23.png	Rate in S-Rank pool:	100%	0	0.0	0.0	0	0.0	0.0	0	0.0	0
1339	10000	<color=#26bbf9>70% rate in S-Rank pool</color>	Assets/Product/Texture/Image/UiDrawLog/UiDrawLog22.png	Assets/Product/Texture/Image/UiDrawLog/UiDrawLog23.png	Rate in S-Rank pool:	70%	0	0.0	0.0	0	0.0	0.0	0	0.0	0
1340	9990	<color=#26bbf9>70% rate in S-Rank pool</color>	Assets/Product/Texture/Image/UiDrawLog/UiDrawLog22.png	Assets/Product/Texture/Image/UiDrawLog/UiDrawLog23.png	Rate in S-Rank pool:	70%	0	0.0	0.0	0	0.0	0.0	0	0.0	0
1341	9980	<color=#26bbf9>70% rate in S-Rank pool</color>	Assets/Product/Texture/Image/UiDrawLog/UiDrawLog22.png	Assets/Product/Texture/Image/UiDrawLog/UiDrawLog23.png	Rate in S-Rank pool:	70%	0	0.0	0.0	0	0.0	0.0	0	0.0	0
1342	9970	<color=#26bbf9>70% rate in S-Rank pool</color>	Assets/Product/Texture/Image/UiDrawLog/UiDrawLog22.png	Assets/Product/Texture/Image/UiDrawLog/UiDrawLog23.png	Rate in S-Rank pool:	70%	0	0.0	0.0	0	0.0	0.0	0	0.0	0
1343	9960	<color=#26bbf9>70% rate in S-Rank pool</color>	Assets/Product/Texture/Image/UiDrawLog/UiDrawLog22.png	Assets/Product/Texture/Image/UiDrawLog/UiDrawLog23.png	Rate in S-Rank pool:	70%	0	0.0	0.0	0	0.0	0.0	0	0.0	0
1344	9950	<color=#26bbf9>70% rate in S-Rank pool</color>	Assets/Product/Texture/Image/UiDrawLog/UiDrawLog22.png	Assets/Product/Texture/Image/UiDrawLog/UiDrawLog23.png	Rate in S-Rank pool:	70%	0	0.0	0.0	0	0.0	0.0	0	0.0	0
1345	10000	<color=#26bbf9>70% rate in S-Rank pool</color>	Assets/Product/Texture/Image/UiDrawLog/UiDrawLog22.png	Assets/Product/Texture/Image/UiDrawLog/UiDrawLog23.png	Rate in S-Rank pool:	70%	0	0.0	0.0	0	0.0	0.0	0	0.0	0
1346	9990	<color=#26bbf9>70% rate in S-Rank pool</color>	Assets/Product/Texture/Image/UiDrawLog/UiDrawLog22.png	Assets/Product/Texture/Image/UiDrawLog/UiDrawLog23.png	Rate in S-Rank pool:	70%	0	0.0	0.0	0	0.0	0.0	0	0.0	0
1347	9980	<color=#26bbf9>70% rate in S-Rank pool</color>	Assets/Product/Texture/Image/UiDrawLog/UiDrawLog22.png	Assets/Product/Texture/Image/UiDrawLog/UiDrawLog23.png	Rate in S-Rank pool:	70%	0	0.0	0.0	0	0.0	0.0	0	0.0	0
1348	9970	<color=#26bbf9>70% rate in S-Rank pool</color>	Assets/Product/Texture/Image/UiDrawLog/UiDrawLog22.png	Assets/Product/Texture/Image/UiDrawLog/UiDrawLog23.png	Rate in S-Rank pool:	70%	0	0.0	0.0	0	0.0	0.0	0	0.0	0
1349	9960	<color=#26bbf9>70% rate in S-Rank pool</color>	Assets/Product/Texture/Image/UiDrawLog/UiDrawLog22.png	Assets/Product/Texture/Image/UiDrawLog/UiDrawLog23.png	Rate in S-Rank pool:	70%	0	0.0	0.0	0	0.0	0.0	0	0.0	0
1350	9950	<color=#26bbf9>70% rate in S-Rank pool</color>	Assets/Product/Texture/Image/UiDrawLog/UiDrawLog22.png	Assets/Product/Texture/Image/UiDrawLog/UiDrawLog23.png	Rate in S-Rank pool:	70%	0	0.0	0.0	0	0.0	0.0	0	0.0	0
1351	9940	<color=#26bbf9>70% rate in S-Rank pool</color>	Assets/Product/Texture/Image/UiDrawLog/UiDrawLog22.png	Assets/Product/Texture/Image/UiDrawLog/UiDrawLog23.png	Rate in S-Rank pool:	70%	0	0.0	0.0	0	0.0	0.0	0	0.0	0
1352	9930	<color=#26bbf9>70% rate in S-Rank pool</color>	Assets/Product/Texture/Image/UiDrawLog/UiDrawLog22.png	Assets/Product/Texture/Image/UiDrawLog/UiDrawLog23.png	Rate in S-Rank pool:	70%	0	0.0	0.0	0	0.0	0.0	0	0.0	0
1353	9920	<color=#26bbf9>70% rate in S-Rank pool</color>	Assets/Product/Texture/Image/UiDrawLog/UiDrawLog22.png	Assets/Product/Texture/Image/UiDrawLog/UiDrawLog23.png	Rate in S-Rank pool:	70%	0	0.0	0.0	0	0.0	0.0	0	0.0	0
1354	10000	<color=#ff8d1e>100% rate in S-Rank pool</color>	Assets/Product/Texture/Image/UiDrawLog/UiDrawLog22.png	Assets/Product/Texture/Image/UiDrawLog/UiDrawLog23.png	Rate in S-Rank pool:	100%	0	0.0	0.0	0	0.0	0.0	0	0.0	0
1355	10000	<color=#26bbf9>70% rate in S-Rank pool</color>	Assets/Product/Texture/Image/UiDrawLog/UiDrawLog22.png	Assets/Product/Texture/Image/UiDrawLog/UiDrawLog23.png	Rate in S-Rank pool:	70%	0	0.0	0.0	0	0.0	0.0	0	0.0	0
1356	9990	<color=#26bbf9>70% rate in S-Rank pool</color>	Assets/Product/Texture/Image/UiDrawLog/UiDrawLog22.png	Assets/Product/Texture/Image/UiDrawLog/UiDrawLog23.png	Rate in S-Rank pool:	70%	0	0.0	0.0	0	0.0	0.0	0	0.0	0
1357	9980	<color=#26bbf9>70% rate in S-Rank pool</color>	Assets/Product/Texture/Image/UiDrawLog/UiDrawLog22.png	Assets/Product/Texture/Image/UiDrawLog/UiDrawLog23.png	Rate in S-Rank pool:	70%	0	0.0	0.0	0	0.0	0.0	0	0.0	0
1358	9970	<color=#26bbf9>70% rate in S-Rank pool</color>	Assets/Product/Texture/Image/UiDrawLog/UiDrawLog22.png	Assets/Product/Texture/Image/UiDrawLog/UiDrawLog23.png	Rate in S-Rank pool:	70%	0	0.0	0.0	0	0.0	0.0	0	0.0	0
1359	9960	<color=#26bbf9>70% rate in S-Rank pool</color>	Assets/Product/Texture/Image/UiDrawLog/UiDrawLog22.png	Assets/Product/Texture/Image/UiDrawLog/UiDrawLog23.png	Rate in S-Rank pool:	70%	0	0.0	0.0	0	0.0	0.0	0	0.0	0
1360	9950	<color=#26bbf9>70% rate in S-Rank pool</color>	Assets/Product/Texture/Image/UiDrawLog/UiDrawLog22.png	Assets/Product/Texture/Image/UiDrawLog/UiDrawLog23.png	Rate in S-Rank pool:	70%	0	0.0	0.0	0	0.0	0.0	0	0.0	0
1361	9940	<color=#26bbf9>70% rate in S-Rank pool</color>	Assets/Product/Texture/Image/UiDrawLog/UiDrawLog22.png	Assets/Product/Texture/Image/UiDrawLog/UiDrawLog23.png	Rate in S-Rank pool:	70%	0	0.0	0.0	0	0.0	0.0	0	0.0	0
1362	9930	<color=#26bbf9>70% rate in S-Rank pool</color>	Assets/Product/Texture/Image/UiDrawLog/UiDrawLog22.png	Assets/Product/Texture/Image/UiDrawLog/UiDrawLog23.png	Rate in S-Rank pool:	70%	0	0.0	0.0	0	0.0	0.0	0	0.0	0
1363	9920	<color=#26bbf9>70% rate in S-Rank pool</color>	Assets/Product/Texture/Image/UiDrawLog/UiDrawLog22.png	Assets/Product/Texture/Image/UiDrawLog/UiDrawLog23.png	Rate in S-Rank pool:	70%	0	0.0	0.0	0	0.0	0.0	0	0.0	0
1364	10000	<color=#ff8d1e>100% rate in S-Rank pool</color>	Assets/Product/Texture/Image/UiDrawLog/UiDrawLog22.png	Assets/Product/Texture/Image/UiDrawLog/UiDrawLog23.png	Rate in S-Rank pool:	100%	0	0.0	0.0	0	0.0	0.0	0	0.0	0
1365	10000	<color=#26bbf9>70% rate in S-Rank pool</color>	Assets/Product/Texture/Image/UiDrawLog/UiDrawLog22.png	Assets/Product/Texture/Image/UiDrawLog/UiDrawLog23.png	Rate in S-Rank pool:	70%	0	0.0	0.0	0	0.0	0.0	0	0.0	0
1366	9990	<color=#26bbf9>70% rate in S-Rank pool</color>	Assets/Product/Texture/Image/UiDrawLog/UiDrawLog22.png	Assets/Product/Texture/Image/UiDrawLog/UiDrawLog23.png	Rate in S-Rank pool:	70%	0	0.0	0.0	0	0.0	0.0	0	0.0	0
1367	9980	<color=#26bbf9>70% rate in S-Rank pool</color>	Assets/Product/Texture/Image/UiDrawLog/UiDrawLog22.png	Assets/Product/Texture/Image/UiDrawLog/UiDrawLog23.png	Rate in S-Rank pool:	70%	0	0.0	0.0	0	0.0	0.0	0	0.0	0
1368	9970	<color=#26bbf9>70% rate in S-Rank pool</color>	Assets/Product/Texture/Image/UiDrawLog/UiDrawLog22.png	Assets/Product/Texture/Image/UiDrawLog/UiDrawLog23.png	Rate in S-Rank pool:	70%	0	0.0	0.0	0	0.0	0.0	0	0.0	0
1369	9960	<color=#26bbf9>70% rate in S-Rank pool</color>	Assets/Product/Texture/Image/UiDrawLog/UiDrawLog22.png	Assets/Product/Texture/Image/UiDrawLog/UiDrawLog23.png	Rate in S-Rank pool:	70%	0	0.0	0.0	0	0.0	0.0	0	0.0	0
1370	9950	<color=#26bbf9>70% rate in S-Rank pool</color>	Assets/Product/Texture/Image/UiDrawLog/UiDrawLog22.png	Assets/Product/Texture/Image/UiDrawLog/UiDrawLog23.png	Rate in S-Rank pool:	70%	0	0.0	0.0	0	0.0	0.0	0	0.0	0
1371	9940	<color=#26bbf9>70% rate in S-Rank pool</color>	Assets/Product/Texture/Image/UiDrawLog/UiDrawLog22.png	Assets/Product/Texture/Image/UiDrawLog/UiDrawLog23.png	Rate in S-Rank pool:	70%	0	0.0	0.0	0	0.0	0.0	0	0.0	0
1372	9930	<color=#26bbf9>70% rate in S-Rank pool</color>	Assets/Product/Texture/Image/UiDrawLog/UiDrawLog22.png	Assets/Product/Texture/Image/UiDrawLog/UiDrawLog23.png	Rate in S-Rank pool:	70%	0	0.0	0.0	0	0.0	0.0	0	0.0	0
1373	9920	<color=#26bbf9>70% rate in S-Rank pool</color>	Assets/Product/Texture/Image/UiDrawLog/UiDrawLog22.png	Assets/Product/Texture/Image/UiDrawLog/UiDrawLog23.png	Rate in S-Rank pool:	70%	0	0.0	0.0	0	0.0	0.0	0	0.0	0
1374	10000	<color=#26bbf9>70% rate in S-Rank pool</color>	Assets/Product/Texture/Image/UiDrawLog/UiDrawLog22.png	Assets/Product/Texture/Image/UiDrawLog/UiDrawLog23.png	Rate in S-Rank pool:	70%	0	0.0	0.0	0	0.0	0.0	0	0.0	0
1375	9990	<color=#26bbf9>70% rate in S-Rank pool</color>	Assets/Product/Texture/Image/UiDrawLog/UiDrawLog22.png	Assets/Product/Texture/Image/UiDrawLog/UiDrawLog23.png	Rate in S-Rank pool:	70%	0	0.0	0.0	0	0.0	0.0	0	0.0	0
1376	9980	<color=#26bbf9>70% rate in S-Rank pool</color>	Assets/Product/Texture/Image/UiDrawLog/UiDrawLog22.png	Assets/Product/Texture/Image/UiDrawLog/UiDrawLog23.png	Rate in S-Rank pool:	70%	0	0.0	0.0	0	0.0	0.0	0	0.0	0
1377	9970	<color=#26bbf9>70% rate in S-Rank pool</color>	Assets/Product/Texture/Image/UiDrawLog/UiDrawLog22.png	Assets/Product/Texture/Image/UiDrawLog/UiDrawLog23.png	Rate in S-Rank pool:	70%	0	0.0	0.0	0	0.0	0.0	0	0.0	0
1378	9960	<color=#26bbf9>70% rate in S-Rank pool</color>	Assets/Product/Texture/Image/UiDrawLog/UiDrawLog22.png	Assets/Product/Texture/Image/UiDrawLog/UiDrawLog23.png	Rate in S-Rank pool:	70%	0	0.0	0.0	0	0.0	0.0	0	0.0	0
1379	9950	<color=#26bbf9>70% rate in S-Rank pool</color>	Assets/Product/Texture/Image/UiDrawLog/UiDrawLog22.png	Assets/Product/Texture/Image/UiDrawLog/UiDrawLog23.png	Rate in S-Rank pool:	70%	0	0.0	0.0	0	0.0	0.0	0	0.0	0
1380	9940	<color=#26bbf9>70% rate in S-Rank pool</color>	Assets/Product/Texture/Image/UiDrawLog/UiDrawLog22.png	Assets/Product/Texture/Image/UiDrawLog/UiDrawLog23.png	Rate in S-Rank pool:	70%	0	0.0	0.0	0	0.0	0.0	0	0.0	0
1381	9930	<color=#26bbf9>70% rate in S-Rank pool</color>	Assets/Product/Texture/Image/UiDrawLog/UiDrawLog22.png	Assets/Product/Texture/Image/UiDrawLog/UiDrawLog23.png	Rate in S-Rank pool:	70%	0	0.0	0.0	0	0.0	0.0	0	0.0	0
1382	9920	<color=#26bbf9>70% rate in S-Rank pool</color>	Assets/Product/Texture/Image/UiDrawLog/UiDrawLog22.png	Assets/Product/Texture/Image/UiDrawLog/UiDrawLog23.png	Rate in S-Rank pool:	70%	0	0.0	0.0	0	0.0	0.0	0	0.0	0
1383	10000	<color=#ff8d1e>100% rate in S-Rank pool</color>	Assets/Product/Texture/Image/UiDrawLog/UiDrawLog22.png	Assets/Product/Texture/Image/UiDrawLog/UiDrawLog23.png	Rate in S-Rank pool:	100%	0	0.0	0.0	0	0.0	0.0	0	0.0	0
1384	10000	<color=#26bbf9>70% rate in S-Rank pool</color>	Assets/Product/Texture/Image/UiDrawLog/UiDrawLog22.png	Assets/Product/Texture/Image/UiDrawLog/UiDrawLog23.png	Rate in S-Rank pool:	70%	0	0.0	0.0	0	0.0	0.0	0	0.0	0
1385	9990	<color=#26bbf9>70% rate in S-Rank pool</color>	Assets/Product/Texture/Image/UiDrawLog/UiDrawLog22.png	Assets/Product/Texture/Image/UiDrawLog/UiDrawLog23.png	Rate in S-Rank pool:	70%	0	0.0	0.0	0	0.0	0.0	0	0.0	0
1386	9980	<color=#26bbf9>70% rate in S-Rank pool</color>	Assets/Product/Texture/Image/UiDrawLog/UiDrawLog22.png	Assets/Product/Texture/Image/UiDrawLog/UiDrawLog23.png	Rate in S-Rank pool:	70%	0	0.0	0.0	0	0.0	0.0	0	0.0	0
1387	9970	<color=#26bbf9>70% rate in S-Rank pool</color>	Assets/Product/Texture/Image/UiDrawLog/UiDrawLog22.png	Assets/Product/Texture/Image/UiDrawLog/UiDrawLog23.png	Rate in S-Rank pool:	70%	0	0.0	0.0	0	0.0	0.0	0	0.0	0
1388	9960	<color=#26bbf9>70% rate in S-Rank pool</color>	Assets/Product/Texture/Image/UiDrawLog/UiDrawLog22.png	Assets/Product/Texture/Image/UiDrawLog/UiDrawLog23.png	Rate in S-Rank pool:	70%	0	0.0	0.0	0	0.0	0.0	0	0.0	0
1389	9950	<color=#26bbf9>70% rate in S-Rank pool</color>	Assets/Product/Texture/Image/UiDrawLog/UiDrawLog22.png	Assets/Product/Texture/Image/UiDrawLog/UiDrawLog23.png	Rate in S-Rank pool:	70%	0	0.0	0.0	0	0.0	0.0	0	0.0	0
1390	10000	<color=#26bbf9>70% rate in S-Rank pool</color>	Assets/Product/Texture/Image/UiDrawLog/UiDrawLog22.png	Assets/Product/Texture/Image/UiDrawLog/UiDrawLog23.png	Rate in S-Rank pool:	70%	0	0.0	0.0	0	0.0	0.0	0	0.0	0
1391	9990	<color=#26bbf9>70% rate in S-Rank pool</color>	Assets/Product/Texture/Image/UiDrawLog/UiDrawLog22.png	Assets/Product/Texture/Image/UiDrawLog/UiDrawLog23.png	Rate in S-Rank pool:	70%	0	0.0	0.0	0	0.0	0.0	0	0.0	0
1392	9980	<color=#26bbf9>70% rate in S-Rank pool</color>	Assets/Product/Texture/Image/UiDrawLog/UiDrawLog22.png	Assets/Product/Texture/Image/UiDrawLog/UiDrawLog23.png	Rate in S-Rank pool:	70%	0	0.0	0.0	0	0.0	0.0	0	0.0	0
1393	9970	<color=#26bbf9>70% rate in S-Rank pool</color>	Assets/Product/Texture/Image/UiDrawLog/UiDrawLog22.png	Assets/Product/Texture/Image/UiDrawLog/UiDrawLog23.png	Rate in S-Rank pool:	70%	0	0.0	0.0	0	0.0	0.0	0	0.0	0
1394	9960	<color=#26bbf9>70% rate in S-Rank pool</color>	Assets/Product/Texture/Image/UiDrawLog/UiDrawLog22.png	Assets/Product/Texture/Image/UiDrawLog/UiDrawLog23.png	Rate in S-Rank pool:	70%	0	0.0	0.0	0	0.0	0.0	0	0.0	0
1395	9950	<color=#26bbf9>70% rate in S-Rank pool</color>	Assets/Product/Texture/Image/UiDrawLog/UiDrawLog22.png	Assets/Product/Texture/Image/UiDrawLog/UiDrawLog23.png	Rate in S-Rank pool:	70%	0	0.0	0.0	0	0.0	0.0	0	0.0	0
1396	9940	<color=#26bbf9>70% rate in S-Rank pool</color>	Assets/Product/Texture/Image/UiDrawLog/UiDrawLog22.png	Assets/Product/Texture/Image/UiDrawLog/UiDrawLog23.png	Rate in S-Rank pool:	70%	0	0.0	0.0	0	0.0	0.0	0	0.0	0
1397	9930	<color=#26bbf9>70% rate in S-Rank pool</color>	Assets/Product/Texture/Image/UiDrawLog/UiDrawLog22.png	Assets/Product/Texture/Image/UiDrawLog/UiDrawLog23.png	Rate in S-Rank pool:	70%	0	0.0	0.0	0	0.0	0.0	0	0.0	0
1398	9920	<color=#26bbf9>70% rate in S-Rank pool</color>	Assets/Product/Texture/Image/UiDrawLog/UiDrawLog22.png	Assets/Product/Texture/Image/UiDrawLog/UiDrawLog23.png	Rate in S-Rank pool:	70%	0	0.0	0.0	0	0.0	0.0	0	0.0	0
1399	10000	<color=#ff8d1e>100% rate in S-Rank pool</color>	Assets/Product/Texture/Image/UiDrawLog/UiDrawLog22.png	Assets/Product/Texture/Image/UiDrawLog/UiDrawLog23.png	Rate in S-Rank pool:	100%	0	0.0	0.0	0	0.0	0.0	0	0.0	0
1400	10000	<color=#26bbf9>70% rate in S-Rank pool</color>	Assets/Product/Texture/Image/UiDrawLog/UiDrawLog22.png	Assets/Product/Texture/Image/UiDrawLog/UiDrawLog23.png	Rate in S-Rank pool:	70%	0	0.0	0.0	0	0.0	0.0	0	0.0	0
1401	9990	<color=#26bbf9>70% rate in S-Rank pool</color>	Assets/Product/Texture/Image/UiDrawLog/UiDrawLog22.png	Assets/Product/Texture/Image/UiDrawLog/UiDrawLog23.png	Rate in S-Rank pool:	70%	0	0.0	0.0	0	0.0	0.0	0	0.0	0
1402	9980	<color=#26bbf9>70% rate in S-Rank pool</color>	Assets/Product/Texture/Image/UiDrawLog/UiDrawLog22.png	Assets/Product/Texture/Image/UiDrawLog/UiDrawLog23.png	Rate in S-Rank pool:	70%	0	0.0	0.0	0	0.0	0.0	0	0.0	0
1403	9970	<color=#26bbf9>70% rate in S-Rank pool</color>	Assets/Product/Texture/Image/UiDrawLog/UiDrawLog22.png	Assets/Product/Texture/Image/UiDrawLog/UiDrawLog23.png	Rate in S-Rank pool:	70%	0	0.0	0.0	0	0.0	0.0	0	0.0	0
1404	9960	<color=#26bbf9>70% rate in S-Rank pool</color>	Assets/Product/Texture/Image/UiDrawLog/UiDrawLog22.png	Assets/Product/Texture/Image/UiDrawLog/UiDrawLog23.png	Rate in S-Rank pool:	70%	0	0.0	0.0	0	0.0	0.0	0	0.0	0
1405	9950	<color=#26bbf9>70% rate in S-Rank pool</color>	Assets/Product/Texture/Image/UiDrawLog/UiDrawLog22.png	Assets/Product/Texture/Image/UiDrawLog/UiDrawLog23.png	Rate in S-Rank pool:	70%	0	0.0	0.0	0	0.0	0.0	0	0.0	0
1406	9940	<color=#26bbf9>70% rate in S-Rank pool</color>	Assets/Product/Texture/Image/UiDrawLog/UiDrawLog22.png	Assets/Product/Texture/Image/UiDrawLog/UiDrawLog23.png	Rate in S-Rank pool:	70%	0	0.0	0.0	0	0.0	0.0	0	0.0	0
1407	9930	<color=#26bbf9>70% rate in S-Rank pool</color>	Assets/Product/Texture/Image/UiDrawLog/UiDrawLog22.png	Assets/Product/Texture/Image/UiDrawLog/UiDrawLog23.png	Rate in S-Rank pool:	70%	0	0.0	0.0	0	0.0	0.0	0	0.0	0
1408	9920	<color=#26bbf9>70% rate in S-Rank pool</color>	Assets/Product/Texture/Image/UiDrawLog/UiDrawLog22.png	Assets/Product/Texture/Image/UiDrawLog/UiDrawLog23.png	Rate in S-Rank pool:	70%	0	0.0	0.0	0	0.0	0.0	0	0.0	0
1409	10000	<color=#26bbf9>70% rate in S-Rank pool</color>	Assets/Product/Texture/Image/UiDrawLog/UiDrawLog22.png	Assets/Product/Texture/Image/UiDrawLog/UiDrawLog23.png	Rate in S-Rank pool:	70%	0	0.0	0.0	0	0.0	0.0	0	0.0	0
1410	9990	<color=#26bbf9>70% rate in S-Rank pool</color>	Assets/Product/Texture/Image/UiDrawLog/UiDrawLog22.png	Assets/Product/Texture/Image/UiDrawLog/UiDrawLog23.png	Rate in S-Rank pool:	70%	0	0.0	0.0	0	0.0	0.0	0	0.0	0
1411	9980	<color=#26bbf9>70% rate in S-Rank pool</color>	Assets/Product/Texture/Image/UiDrawLog/UiDrawLog22.png	Assets/Product/Texture/Image/UiDrawLog/UiDrawLog23.png	Rate in S-Rank pool:	70%	0	0.0	0.0	0	0.0	0.0	0	0.0	0
1412	9970	<color=#26bbf9>70% rate in S-Rank pool</color>	Assets/Product/Texture/Image/UiDrawLog/UiDrawLog22.png	Assets/Product/Texture/Image/UiDrawLog/UiDrawLog23.png	Rate in S-Rank pool:	70%	0	0.0	0.0	0	0.0	0.0	0	0.0	0
1413	9960	<color=#26bbf9>70% rate in S-Rank pool</color>	Assets/Product/Texture/Image/UiDrawLog/UiDrawLog22.png	Assets/Product/Texture/Image/UiDrawLog/UiDrawLog23.png	Rate in S-Rank pool:	70%	0	0.0	0.0	0	0.0	0.0	0	0.0	0
1414	9950	<color=#26bbf9>70% rate in S-Rank pool</color>	Assets/Product/Texture/Image/UiDrawLog/UiDrawLog22.png	Assets/Product/Texture/Image/UiDrawLog/UiDrawLog23.png	Rate in S-Rank pool:	70%	0	0.0	0.0	0	0.0	0.0	0	0.0	0
1415	9940	<color=#26bbf9>70% rate in S-Rank pool</color>	Assets/Product/Texture/Image/UiDrawLog/UiDrawLog22.png	Assets/Product/Texture/Image/UiDrawLog/UiDrawLog23.png	Rate in S-Rank pool:	70%	0	0.0	0.0	0	0.0	0.0	0	0.0	0
1416	9930	<color=#26bbf9>70% rate in S-Rank pool</color>	Assets/Product/Texture/Image/UiDrawLog/UiDrawLog22.png	Assets/Product/Texture/Image/UiDrawLog/UiDrawLog23.png	Rate in S-Rank pool:	70%	0	0.0	0.0	0	0.0	0.0	0	0.0	0
1417	9920	<color=#26bbf9>70% rate in S-Rank pool</color>	Assets/Product/Texture/Image/UiDrawLog/UiDrawLog22.png	Assets/Product/Texture/Image/UiDrawLog/UiDrawLog23.png	Rate in S-Rank pool:	70%	0	0.0	0.0	0	0.0	0.0	0	0.0	0
1418	10000	<color=#26bbf9>70% rate in S-Rank pool</color>	Assets/Product/Texture/Image/UiDrawLog/UiDrawLog22.png	Assets/Product/Texture/Image/UiDrawLog/UiDrawLog23.png	Rate in S-Rank pool:	70%	0	0.0	0.0	0	0.0	0.0	0	0.0	0
1419	9990	<color=#26bbf9>70% rate in S-Rank pool</color>	Assets/Product/Texture/Image/UiDrawLog/UiDrawLog22.png	Assets/Product/Texture/Image/UiDrawLog/UiDrawLog23.png	Rate in S-Rank pool:	70%	0	0.0	0.0	0	0.0	0.0	0	0.0	0
1420	9980	<color=#26bbf9>70% rate in S-Rank pool</color>	Assets/Product/Texture/Image/UiDrawLog/UiDrawLog22.png	Assets/Product/Texture/Image/UiDrawLog/UiDrawLog23.png	Rate in S-Rank pool:	70%	0	0.0	0.0	0	0.0	0.0	0	0.0	0
1421	10000	<color=#ff8d1e>100% rate in S-Rank pool</color>	Assets/Product/Texture/Image/UiDrawLog/UiDrawLog22.png	Assets/Product/Texture/Image/UiDrawLog/UiDrawLog23.png	Rate in S-Rank pool:	100%	0	0.0	0.0	0	0.0	0.0	0	0.0	0
1422	10000	<color=#26bbf9>70% rate in S-Rank pool</color>	Assets/Product/Texture/Image/UiDrawLog/UiDrawLog22.png	Assets/Product/Texture/Image/UiDrawLog/UiDrawLog23.png	Rate in S-Rank pool:	70%	0	0.0	0.0	0	0.0	0.0	0	0.0	0
1423	9990	<color=#26bbf9>70% rate in S-Rank pool</color>	Assets/Product/Texture/Image/UiDrawLog/UiDrawLog22.png	Assets/Product/Texture/Image/UiDrawLog/UiDrawLog23.png	Rate in S-Rank pool:	70%	0	0.0	0.0	0	0.0	0.0	0	0.0	0
1424	9980	<color=#26bbf9>70% rate in S-Rank pool</color>	Assets/Product/Texture/Image/UiDrawLog/UiDrawLog22.png	Assets/Product/Texture/Image/UiDrawLog/UiDrawLog23.png	Rate in S-Rank pool:	70%	0	0.0	0.0	0	0.0	0.0	0	0.0	0
1425	9970	<color=#26bbf9>70% rate in S-Rank pool</color>	Assets/Product/Texture/Image/UiDrawLog/UiDrawLog22.png	Assets/Product/Texture/Image/UiDrawLog/UiDrawLog23.png	Rate in S-Rank pool:	70%	0	0.0	0.0	0	0.0	0.0	0	0.0	0
1426	9960	<color=#26bbf9>70% rate in S-Rank pool</color>	Assets/Product/Texture/Image/UiDrawLog/UiDrawLog22.png	Assets/Product/Texture/Image/UiDrawLog/UiDrawLog23.png	Rate in S-Rank pool:	70%	0	0.0	0.0	0	0.0	0.0	0	0.0	0
1427	9950	<color=#26bbf9>70% rate in S-Rank pool</color>	Assets/Product/Texture/Image/UiDrawLog/UiDrawLog22.png	Assets/Product/Texture/Image/UiDrawLog/UiDrawLog23.png	Rate in S-Rank pool:	70%	0	0.0	0.0	0	0.0	0.0	0	0.0	0
1428	10000	<color=#ff8d1e>100% rate in S-Rank pool</color>	Assets/Product/Texture/Image/UiDrawLog/UiDrawLog22.png	Assets/Product/Texture/Image/UiDrawLog/UiDrawLog23.png	Rate in S-Rank pool:	100%	0	0.0	0.0	0	0.0	0.0	0	0.0	0
1429	9990	<color=#26bbf9>70% rate in S-Rank pool</color>	Assets/Product/Texture/Image/UiDrawLog/UiDrawLog22.png	Assets/Product/Texture/Image/UiDrawLog/UiDrawLog23.png	Rate in S-Rank pool:	70%	0	0.0	0.0	0	0.0	0.0	0	0.0	0
1430	9980	<color=#26bbf9>70% rate in S-Rank pool</color>	Assets/Product/Texture/Image/UiDrawLog/UiDrawLog22.png	Assets/Product/Texture/Image/UiDrawLog/UiDrawLog23.png	Rate in S-Rank pool:	70%	0	0.0	0.0	0	0.0	0.0	0	0.0	0
1431	9970	<color=#26bbf9>70% rate in S-Rank pool</color>	Assets/Product/Texture/Image/UiDrawLog/UiDrawLog22.png	Assets/Product/Texture/Image/UiDrawLog/UiDrawLog23.png	Rate in S-Rank pool:	70%	0	0.0	0.0	0	0.0	0.0	0	0.0	0
1432	9960	<color=#26bbf9>70% rate in S-Rank pool</color>	Assets/Product/Texture/Image/UiDrawLog/UiDrawLog22.png	Assets/Product/Texture/Image/UiDrawLog/UiDrawLog23.png	Rate in S-Rank pool:	70%	0	0.0	0.0	0	0.0	0.0	0	0.0	0
1433	9950	<color=#26bbf9>70% rate in S-Rank pool</color>	Assets/Product/Texture/Image/UiDrawLog/UiDrawLog22.png	Assets/Product/Texture/Image/UiDrawLog/UiDrawLog23.png	Rate in S-Rank pool:	70%	0	0.0	0.0	0	0.0	0.0	0	0.0	0
1434	9940	<color=#26bbf9>70% rate in S-Rank pool</color>	Assets/Product/Texture/Image/UiDrawLog/UiDrawLog22.png	Assets/Product/Texture/Image/UiDrawLog/UiDrawLog23.png	Rate in S-Rank pool:	70%	0	0.0	0.0	0	0.0	0.0	0	0.0	0
1435	9930	<color=#26bbf9>70% rate in S-Rank pool</color>	Assets/Product/Texture/Image/UiDrawLog/UiDrawLog22.png	Assets/Product/Texture/Image/UiDrawLog/UiDrawLog23.png	Rate in S-Rank pool:	70%	0	0.0	0.0	0	0.0	0.0	0	0.0	0
1436	9920	<color=#26bbf9>70% rate in S-Rank pool</color>	Assets/Product/Texture/Image/UiDrawLog/UiDrawLog22.png	Assets/Product/Texture/Image/UiDrawLog/UiDrawLog23.png	Rate in S-Rank pool:	70%	0	0.0	0.0	0	0.0	0.0	0	0.0	0
1437	9910	<color=#26bbf9>70% rate in S-Rank pool</color>	Assets/Product/Texture/Image/UiDrawLog/UiDrawLog22.png	Assets/Product/Texture/Image/UiDrawLog/UiDrawLog23.png	Rate in S-Rank pool:	70%	0	0.0	0.0	0	0.0	0.0	0	0.0	0
1438	10000	<color=#ff8d1e>100% rate in S-Rank pool</color>	Assets/Product/Texture/Image/UiDrawLog/UiDrawLog22.png	Assets/Product/Texture/Image/UiDrawLog/UiDrawLog23.png	Rate in S-Rank pool:	100%	0	0.0	0.0	0	0.0	0.0	0	0.0	0
1439	9990	<color=#26bbf9>70% rate in S-Rank pool</color>	Assets/Product/Texture/Image/UiDrawLog/UiDrawLog22.png	Assets/Product/Texture/Image/UiDrawLog/UiDrawLog23.png	Rate in S-Rank pool:	70%	0	0.0	0.0	0	0.0	0.0	0	0.0	0
1440	9980	<color=#26bbf9>70% rate in S-Rank pool</color>	Assets/Product/Texture/Image/UiDrawLog/UiDrawLog22.png	Assets/Product/Texture/Image/UiDrawLog/UiDrawLog23.png	Rate in S-Rank pool:	70%	0	0.0	0.0	0	0.0	0.0	0	0.0	0
1441	9970	<color=#26bbf9>70% rate in S-Rank pool</color>	Assets/Product/Texture/Image/UiDrawLog/UiDrawLog22.png	Assets/Product/Texture/Image/UiDrawLog/UiDrawLog23.png	Rate in S-Rank pool:	70%	0	0.0	0.0	0	0.0	0.0	0	0.0	0
1442	9960	<color=#26bbf9>70% rate in S-Rank pool</color>	Assets/Product/Texture/Image/UiDrawLog/UiDrawLog22.png	Assets/Product/Texture/Image/UiDrawLog/UiDrawLog23.png	Rate in S-Rank pool:	70%	0	0.0	0.0	0	0.0	0.0	0	0.0	0
1443	9950	<color=#26bbf9>70% rate in S-Rank pool</color>	Assets/Product/Texture/Image/UiDrawLog/UiDrawLog22.png	Assets/Product/Texture/Image/UiDrawLog/UiDrawLog23.png	Rate in S-Rank pool:	70%	0	0.0	0.0	0	0.0	0.0	0	0.0	0
1444	9940	<color=#26bbf9>70% rate in S-Rank pool</color>	Assets/Product/Texture/Image/UiDrawLog/UiDrawLog22.png	Assets/Product/Texture/Image/UiDrawLog/UiDrawLog23.png	Rate in S-Rank pool:	70%	0	0.0	0.0	0	0.0	0.0	0	0.0	0
1445	9930	<color=#26bbf9>70% rate in S-Rank pool</color>	Assets/Product/Texture/Image/UiDrawLog/UiDrawLog22.png	Assets/Product/Texture/Image/UiDrawLog/UiDrawLog23.png	Rate in S-Rank pool:	70%	0	0.0	0.0	0	0.0	0.0	0	0.0	0
1446	9920	<color=#26bbf9>70% rate in S-Rank pool</color>	Assets/Product/Texture/Image/UiDrawLog/UiDrawLog22.png	Assets/Product/Texture/Image/UiDrawLog/UiDrawLog23.png	Rate in S-Rank pool:	70%	0	0.0	0.0	0	0.0	0.0	0	0.0	0
1447	9910	<color=#26bbf9>70% rate in S-Rank pool</color>	Assets/Product/Texture/Image/UiDrawLog/UiDrawLog22.png	Assets/Product/Texture/Image/UiDrawLog/UiDrawLog23.png	Rate in S-Rank pool:	70%	0	0.0	0.0	0	0.0	0.0	0	0.0	0
1448	10000	<color=#ff8d1e>100% rate in S-Rank pool</color>	Assets/Product/Texture/Image/UiDrawLog/UiDrawLog22.png	Assets/Product/Texture/Image/UiDrawLog/UiDrawLog23.png	Rate in S-Rank pool:	100%	0	0.0	0.0	0	0.0	0.0	0	0.0	0
1449	9990	<color=#26bbf9>70% rate in S-Rank pool</color>	Assets/Product/Texture/Image/UiDrawLog/UiDrawLog22.png	Assets/Product/Texture/Image/UiDrawLog/UiDrawLog23.png	Rate in S-Rank pool:	70%	0	0.0	0.0	0	0.0	0.0	0	0.0	0
1450	9980	<color=#26bbf9>70% rate in S-Rank pool</color>	Assets/Product/Texture/Image/UiDrawLog/UiDrawLog22.png	Assets/Product/Texture/Image/UiDrawLog/UiDrawLog23.png	Rate in S-Rank pool:	70%	0	0.0	0.0	0	0.0	0.0	0	0.0	0
1451	9970	<color=#26bbf9>70% rate in S-Rank pool</color>	Assets/Product/Texture/Image/UiDrawLog/UiDrawLog22.png	Assets/Product/Texture/Image/UiDrawLog/UiDrawLog23.png	Rate in S-Rank pool:	70%	0	0.0	0.0	0	0.0	0.0	0	0.0	0
1452	9960	<color=#26bbf9>70% rate in S-Rank pool</color>	Assets/Product/Texture/Image/UiDrawLog/UiDrawLog22.png	Assets/Product/Texture/Image/UiDrawLog/UiDrawLog23.png	Rate in S-Rank pool:	70%	0	0.0	0.0	0	0.0	0.0	0	0.0	0
1453	9950	<color=#26bbf9>70% rate in S-Rank pool</color>	Assets/Product/Texture/Image/UiDrawLog/UiDrawLog22.png	Assets/Product/Texture/Image/UiDrawLog/UiDrawLog23.png	Rate in S-Rank pool:	70%	0	0.0	0.0	0	0.0	0.0	0	0.0	0
1454	9940	<color=#26bbf9>70% rate in S-Rank pool</color>	Assets/Product/Texture/Image/UiDrawLog/UiDrawLog22.png	Assets/Product/Texture/Image/UiDrawLog/UiDrawLog23.png	Rate in S-Rank pool:	70%	0	0.0	0.0	0	0.0	0.0	0	0.0	0
1455	9930	<color=#26bbf9>70% rate in S-Rank pool</color>	Assets/Product/Texture/Image/UiDrawLog/UiDrawLog22.png	Assets/Product/Texture/Image/UiDrawLog/UiDrawLog23.png	Rate in S-Rank pool:	70%	0	0.0	0.0	0	0.0	0.0	0	0.0	0
1456	9920	<color=#26bbf9>70% rate in S-Rank pool</color>	Assets/Product/Texture/Image/UiDrawLog/UiDrawLog22.png	Assets/Product/Texture/Image/UiDrawLog/UiDrawLog23.png	Rate in S-Rank pool:	70%	0	0.0	0.0	0	0.0	0.0	0	0.0	0
1457	9910	<color=#26bbf9>70% rate in S-Rank pool</color>	Assets/Product/Texture/Image/UiDrawLog/UiDrawLog22.png	Assets/Product/Texture/Image/UiDrawLog/UiDrawLog23.png	Rate in S-Rank pool:	70%	0	0.0	0.0	0	0.0	0.0	0	0.0	0
1458	10000	<color=#ff8d1e>100% rate in S-Rank pool</color>	Assets/Product/Texture/Image/UiDrawLog/UiDrawLog22.png	Assets/Product/Texture/Image/UiDrawLog/UiDrawLog23.png	Rate in S-Rank pool:	100%	0	0.0	0.0	0	0.0	0.0	0	0.0	0
1459	9990	<color=#26bbf9>70% rate in S-Rank pool</color>	Assets/Product/Texture/Image/UiDrawLog/UiDrawLog22.png	Assets/Product/Texture/Image/UiDrawLog/UiDrawLog23.png	Rate in S-Rank pool:	70%	0	0.0	0.0	0	0.0	0.0	0	0.0	0
1460	9980	<color=#26bbf9>70% rate in S-Rank pool</color>	Assets/Product/Texture/Image/UiDrawLog/UiDrawLog22.png	Assets/Product/Texture/Image/UiDrawLog/UiDrawLog23.png	Rate in S-Rank pool:	70%	0	0.0	0.0	0	0.0	0.0	0	0.0	0
1461	9970	<color=#26bbf9>70% rate in S-Rank pool</color>	Assets/Product/Texture/Image/UiDrawLog/UiDrawLog22.png	Assets/Product/Texture/Image/UiDrawLog/UiDrawLog23.png	Rate in S-Rank pool:	70%	0	0.0	0.0	0	0.0	0.0	0	0.0	0
1462	9960	<color=#26bbf9>70% rate in S-Rank pool</color>	Assets/Product/Texture/Image/UiDrawLog/UiDrawLog22.png	Assets/Product/Texture/Image/UiDrawLog/UiDrawLog23.png	Rate in S-Rank pool:	70%	0	0.0	0.0	0	0.0	0.0	0	0.0	0
1463	9950	<color=#26bbf9>70% rate in S-Rank pool</color>	Assets/Product/Texture/Image/UiDrawLog/UiDrawLog22.png	Assets/Product/Texture/Image/UiDrawLog/UiDrawLog23.png	Rate in S-Rank pool:	70%	0	0.0	0.0	0	0.0	0.0	0	0.0	0
1464	9940	<color=#26bbf9>70% rate in S-Rank pool</color>	Assets/Product/Texture/Image/UiDrawLog/UiDrawLog22.png	Assets/Product/Texture/Image/UiDrawLog/UiDrawLog23.png	Rate in S-Rank pool:	70%	0	0.0	0.0	0	0.0	0.0	0	0.0	0
1465	9930	<color=#26bbf9>70% rate in S-Rank pool</color>	Assets/Product/Texture/Image/UiDrawLog/UiDrawLog22.png	Assets/Product/Texture/Image/UiDrawLog/UiDrawLog23.png	Rate in S-Rank pool:	70%	0	0.0	0.0	0	0.0	0.0	0	0.0	0
1466	9920	<color=#26bbf9>70% rate in S-Rank pool</color>	Assets/Product/Texture/Image/UiDrawLog/UiDrawLog22.png	Assets/Product/Texture/Image/UiDrawLog/UiDrawLog23.png	Rate in S-Rank pool:	70%	0	0.0	0.0	0	0.0	0.0	0	0.0	0
1467	9910	<color=#26bbf9>70% rate in S-Rank pool</color>	Assets/Product/Texture/Image/UiDrawLog/UiDrawLog22.png	Assets/Product/Texture/Image/UiDrawLog/UiDrawLog23.png	Rate in S-Rank pool:	70%	0	0.0	0.0	0	0.0	0.0	0	0.0	0
1468	10000	<color=#ff8d1e>100% rate in S-Rank pool</color>	Assets/Product/Texture/Image/UiDrawLog/UiDrawLog22.png	Assets/Product/Texture/Image/UiDrawLog/UiDrawLog23.png	Rate in S-Rank pool:	100%	0	0.0	0.0	0	0.0	0.0	0	0.0	0
1469	9990	<color=#26bbf9>70% rate in S-Rank pool</color>	Assets/Product/Texture/Image/UiDrawLog/UiDrawLog22.png	Assets/Product/Texture/Image/UiDrawLog/UiDrawLog23.png	Rate in S-Rank pool:	70%	0	0.0	0.0	0	0.0	0.0	0	0.0	0
1470	9980	<color=#26bbf9>70% rate in S-Rank pool</color>	Assets/Product/Texture/Image/UiDrawLog/UiDrawLog22.png	Assets/Product/Texture/Image/UiDrawLog/UiDrawLog23.png	Rate in S-Rank pool:	70%	0	0.0	0.0	0	0.0	0.0	0	0.0	0
1471	9970	<color=#26bbf9>70% rate in S-Rank pool</color>	Assets/Product/Texture/Image/UiDrawLog/UiDrawLog22.png	Assets/Product/Texture/Image/UiDrawLog/UiDrawLog23.png	Rate in S-Rank pool:	70%	0	0.0	0.0	0	0.0	0.0	0	0.0	0
1472	9960	<color=#26bbf9>70% rate in S-Rank pool</color>	Assets/Product/Texture/Image/UiDrawLog/UiDrawLog22.png	Assets/Product/Texture/Image/UiDrawLog/UiDrawLog23.png	Rate in S-Rank pool:	70%	0	0.0	0.0	0	0.0	0.0	0	0.0	0
1473	9950	<color=#26bbf9>70% rate in S-Rank pool</color>	Assets/Product/Texture/Image/UiDrawLog/UiDrawLog22.png	Assets/Product/Texture/Image/UiDrawLog/UiDrawLog23.png	Rate in S-Rank pool:	70%	0	0.0	0.0	0	0.0	0.0	0	0.0	0
1474	9940	<color=#26bbf9>70% rate in S-Rank pool</color>	Assets/Product/Texture/Image/UiDrawLog/UiDrawLog22.png	Assets/Product/Texture/Image/UiDrawLog/UiDrawLog23.png	Rate in S-Rank pool:	70%	0	0.0	0.0	0	0.0	0.0	0	0.0	0
1475	9930	<color=#26bbf9>70% rate in S-Rank pool</color>	Assets/Product/Texture/Image/UiDrawLog/UiDrawLog22.png	Assets/Product/Texture/Image/UiDrawLog/UiDrawLog23.png	Rate in S-Rank pool:	70%	0	0.0	0.0	0	0.0	0.0	0	0.0	0
1476	9920	<color=#26bbf9>70% rate in S-Rank pool</color>	Assets/Product/Texture/Image/UiDrawLog/UiDrawLog22.png	Assets/Product/Texture/Image/UiDrawLog/UiDrawLog23.png	Rate in S-Rank pool:	70%	0	0.0	0.0	0	0.0	0.0	0	0.0	0
1477	9910	<color=#26bbf9>70% rate in S-Rank pool</color>	Assets/Product/Texture/Image/UiDrawLog/UiDrawLog22.png	Assets/Product/Texture/Image/UiDrawLog/UiDrawLog23.png	Rate in S-Rank pool:	70%	0	0.0	0.0	0	0.0	0.0	0	0.0	0
1478	10000	<color=#ff8d1e>100% rate in S-Rank pool</color>	Assets/Product/Texture/Image/UiDrawLog/UiDrawLog22.png	Assets/Product/Texture/Image/UiDrawLog/UiDrawLog23.png	Rate in S-Rank pool:	100%	0	0.0	0.0	0	0.0	0.0	0	0.0	0
1479	9990	<color=#26bbf9>70% rate in S-Rank pool</color>	Assets/Product/Texture/Image/UiDrawLog/UiDrawLog22.png	Assets/Product/Texture/Image/UiDrawLog/UiDrawLog23.png	Rate in S-Rank pool:	70%	0	0.0	0.0	0	0.0	0.0	0	0.0	0
1480	9980	<color=#26bbf9>70% rate in S-Rank pool</color>	Assets/Product/Texture/Image/UiDrawLog/UiDrawLog22.png	Assets/Product/Texture/Image/UiDrawLog/UiDrawLog23.png	Rate in S-Rank pool:	70%	0	0.0	0.0	0	0.0	0.0	0	0.0	0
1481	9970	<color=#26bbf9>70% rate in S-Rank pool</color>	Assets/Product/Texture/Image/UiDrawLog/UiDrawLog22.png	Assets/Product/Texture/Image/UiDrawLog/UiDrawLog23.png	Rate in S-Rank pool:	70%	0	0.0	0.0	0	0.0	0.0	0	0.0	0
1482	9960	<color=#26bbf9>70% rate in S-Rank pool</color>	Assets/Product/Texture/Image/UiDrawLog/UiDrawLog22.png	Assets/Product/Texture/Image/UiDrawLog/UiDrawLog23.png	Rate in S-Rank pool:	70%	0	0.0	0.0	0	0.0	0.0	0	0.0	0
1483	9950	<color=#26bbf9>70% rate in S-Rank pool</color>	Assets/Product/Texture/Image/UiDrawLog/UiDrawLog22.png	Assets/Product/Texture/Image/UiDrawLog/UiDrawLog23.png	Rate in S-Rank pool:	70%	0	0.0	0.0	0	0.0	0.0	0	0.0	0
1484	9940	<color=#26bbf9>70% rate in S-Rank pool</color>	Assets/Product/Texture/Image/UiDrawLog/UiDrawLog22.png	Assets/Product/Texture/Image/UiDrawLog/UiDrawLog23.png	Rate in S-Rank pool:	70%	0	0.0	0.0	0	0.0	0.0	0	0.0	0
1485	9930	<color=#26bbf9>70% rate in S-Rank pool</color>	Assets/Product/Texture/Image/UiDrawLog/UiDrawLog22.png	Assets/Product/Texture/Image/UiDrawLog/UiDrawLog23.png	Rate in S-Rank pool:	70%	0	0.0	0.0	0	0.0	0.0	0	0.0	0
1486	9920	<color=#26bbf9>70% rate in S-Rank pool</color>	Assets/Product/Texture/Image/UiDrawLog/UiDrawLog22.png	Assets/Product/Texture/Image/UiDrawLog/UiDrawLog23.png	Rate in S-Rank pool:	70%	0	0.0	0.0	0	0.0	0.0	0	0.0	0
1487	9910	<color=#26bbf9>70% rate in S-Rank pool</color>	Assets/Product/Texture/Image/UiDrawLog/UiDrawLog22.png	Assets/Product/Texture/Image/UiDrawLog/UiDrawLog23.png	Rate in S-Rank pool:	70%	0	0.0	0.0	0	0.0	0.0	0	0.0	0
1488	10000	<color=#ff8d1e>100% rate in S-Rank pool</color>	Assets/Product/Texture/Image/UiDrawLog/UiDrawLog22.png	Assets/Product/Texture/Image/UiDrawLog/UiDrawLog23.png	Rate in S-Rank pool:	100%	0	0.0	0.0	0	0.0	0.0	0	0.0	0
1489	9990	<color=#26bbf9>70% rate in S-Rank pool</color>	Assets/Product/Texture/Image/UiDrawLog/UiDrawLog22.png	Assets/Product/Texture/Image/UiDrawLog/UiDrawLog23.png	Rate in S-Rank pool:	70%	0	0.0	0.0	0	0.0	0.0	0	0.0	0
1490	9980	<color=#26bbf9>70% rate in S-Rank pool</color>	Assets/Product/Texture/Image/UiDrawLog/UiDrawLog22.png	Assets/Product/Texture/Image/UiDrawLog/UiDrawLog23.png	Rate in S-Rank pool:	70%	0	0.0	0.0	0	0.0	0.0	0	0.0	0
1491	9970	<color=#26bbf9>70% rate in S-Rank pool</color>	Assets/Product/Texture/Image/UiDrawLog/UiDrawLog22.png	Assets/Product/Texture/Image/UiDrawLog/UiDrawLog23.png	Rate in S-Rank pool:	70%	0	0.0	0.0	0	0.0	0.0	0	0.0	0
1492	9960	<color=#26bbf9>70% rate in S-Rank pool</color>	Assets/Product/Texture/Image/UiDrawLog/UiDrawLog22.png	Assets/Product/Texture/Image/UiDrawLog/UiDrawLog23.png	Rate in S-Rank pool:	70%	0	0.0	0.0	0	0.0	0.0	0	0.0	0
1493	9950	<color=#26bbf9>70% rate in S-Rank pool</color>	Assets/Product/Texture/Image/UiDrawLog/UiDrawLog22.png	Assets/Product/Texture/Image/UiDrawLog/UiDrawLog23.png	Rate in S-Rank pool:	70%	0	0.0	0.0	0	0.0	0.0	0	0.0	0
1494	9940	<color=#26bbf9>70% rate in S-Rank pool</color>	Assets/Product/Texture/Image/UiDrawLog/UiDrawLog22.png	Assets/Product/Texture/Image/UiDrawLog/UiDrawLog23.png	Rate in S-Rank pool:	70%	0	0.0	0.0	0	0.0	0.0	0	0.0	0
1495	9930	<color=#26bbf9>70% rate in S-Rank pool</color>	Assets/Product/Texture/Image/UiDrawLog/UiDrawLog22.png	Assets/Product/Texture/Image/UiDrawLog/UiDrawLog23.png	Rate in S-Rank pool:	70%	0	0.0	0.0	0	0.0	0.0	0	0.0	0
1496	9920	<color=#26bbf9>70% rate in S-Rank pool</color>	Assets/Product/Texture/Image/UiDrawLog/UiDrawLog22.png	Assets/Product/Texture/Image/UiDrawLog/UiDrawLog23.png	Rate in S-Rank pool:	70%	0	0.0	0.0	0	0.0	0.0	0	0.0	0
1497	9910	<color=#26bbf9>70% rate in S-Rank pool</color>	Assets/Product/Texture/Image/UiDrawLog/UiDrawLog22.png	Assets/Product/Texture/Image/UiDrawLog/UiDrawLog23.png	Rate in S-Rank pool:	70%	0	0.0	0.0	0	0.0	0.0	0	0.0	0
1498	9900	<color=#ff8d1e>100% rate in S-Rank pool</color>	Assets/Product/Texture/Image/UiDrawLog/UiDrawLog22.png	Assets/Product/Texture/Image/UiDrawLog/UiDrawLog23.png	Rate in S-Rank pool:	100%	0	0.0	0.0	0	0.0	0.0	0	0.0	0
1499	10000	<color=#ff8d1e>100% rate in S-Rank pool</color>	Assets/Product/Texture/Image/UiDrawLog/UiDrawLog22.png	Assets/Product/Texture/Image/UiDrawLog/UiDrawLog23.png	Rate in S-Rank pool:	100%	0	0.0	0.0	0	0.0	0.0	0	0.0	0
1500	9990	<color=#26bbf9>70% rate in S-Rank pool</color>	Assets/Product/Texture/Image/UiDrawLog/UiDrawLog22.png	Assets/Product/Texture/Image/UiDrawLog/UiDrawLog23.png	Rate in S-Rank pool:	70%	0	0.0	0.0	0	0.0	0.0	0	0.0	0
1501	9980	<color=#26bbf9>70% rate in S-Rank pool</color>	Assets/Product/Texture/Image/UiDrawLog/UiDrawLog22.png	Assets/Product/Texture/Image/UiDrawLog/UiDrawLog23.png	Rate in S-Rank pool:	70%	0	0.0	0.0	0	0.0	0.0	0	0.0	0
1502	9970	<color=#26bbf9>70% rate in S-Rank pool</color>	Assets/Product/Texture/Image/UiDrawLog/UiDrawLog22.png	Assets/Product/Texture/Image/UiDrawLog/UiDrawLog23.png	Rate in S-Rank pool:	70%	0	0.0	0.0	0	0.0	0.0	0	0.0	0
1503	9960	<color=#26bbf9>70% rate in S-Rank pool</color>	Assets/Product/Texture/Image/UiDrawLog/UiDrawLog22.png	Assets/Product/Texture/Image/UiDrawLog/UiDrawLog23.png	Rate in S-Rank pool:	70%	0	0.0	0.0	0	0.0	0.0	0	0.0	0
1504	9950	<color=#26bbf9>70% rate in S-Rank pool</color>	Assets/Product/Texture/Image/UiDrawLog/UiDrawLog22.png	Assets/Product/Texture/Image/UiDrawLog/UiDrawLog23.png	Rate in S-Rank pool:	70%	0	0.0	0.0	0	0.0	0.0	0	0.0	0
1505	9940	<color=#26bbf9>70% rate in S-Rank pool</color>	Assets/Product/Texture/Image/UiDrawLog/UiDrawLog22.png	Assets/Product/Texture/Image/UiDrawLog/UiDrawLog23.png	Rate in S-Rank pool:	70%	0	0.0	0.0	0	0.0	0.0	0	0.0	0
1506	9930	<color=#26bbf9>70% rate in S-Rank pool</color>	Assets/Product/Texture/Image/UiDrawLog/UiDrawLog22.png	Assets/Product/Texture/Image/UiDrawLog/UiDrawLog23.png	Rate in S-Rank pool:	70%	0	0.0	0.0	0	0.0	0.0	0	0.0	0
1507	9920	<color=#26bbf9>70% rate in S-Rank pool</color>	Assets/Product/Texture/Image/UiDrawLog/UiDrawLog22.png	Assets/Product/Texture/Image/UiDrawLog/UiDrawLog23.png	Rate in S-Rank pool:	70%	0	0.0	0.0	0	0.0	0.0	0	0.0	0
1508	9910	<color=#26bbf9>70% rate in S-Rank pool</color>	Assets/Product/Texture/Image/UiDrawLog/UiDrawLog22.png	Assets/Product/Texture/Image/UiDrawLog/UiDrawLog23.png	Rate in S-Rank pool:	70%	0	0.0	0.0	0	0.0	0.0	0	0.0	0
1509	10000	<color=#ff8d1e>100% rate in S-Rank pool</color>	Assets/Product/Texture/Image/UiDrawLog/UiDrawLog22.png	Assets/Product/Texture/Image/UiDrawLog/UiDrawLog23.png	Rate in S-Rank pool:	100%	0	0.0	0.0	0	0.0	0.0	0	0.0	0
1510	9990	<color=#26bbf9>70% rate in S-Rank pool</color>	Assets/Product/Texture/Image/UiDrawLog/UiDrawLog22.png	Assets/Product/Texture/Image/UiDrawLog/UiDrawLog23.png	Rate in S-Rank pool:	70%	0	0.0	0.0	0	0.0	0.0	0	0.0	0
1511	9980	<color=#26bbf9>70% rate in S-Rank pool</color>	Assets/Product/Texture/Image/UiDrawLog/UiDrawLog22.png	Assets/Product/Texture/Image/UiDrawLog/UiDrawLog23.png	Rate in S-Rank pool:	70%	0	0.0	0.0	0	0.0	0.0	0	0.0	0
1512	9970	<color=#26bbf9>70% rate in S-Rank pool</color>	Assets/Product/Texture/Image/UiDrawLog/UiDrawLog22.png	Assets/Product/Texture/Image/UiDrawLog/UiDrawLog23.png	Rate in S-Rank pool:	70%	0	0.0	0.0	0	0.0	0.0	0	0.0	0
1513	9960	<color=#26bbf9>70% rate in S-Rank pool</color>	Assets/Product/Texture/Image/UiDrawLog/UiDrawLog22.png	Assets/Product/Texture/Image/UiDrawLog/UiDrawLog23.png	Rate in S-Rank pool:	70%	0	0.0	0.0	0	0.0	0.0	0	0.0	0
1514	9950	<color=#26bbf9>70% rate in S-Rank pool</color>	Assets/Product/Texture/Image/UiDrawLog/UiDrawLog22.png	Assets/Product/Texture/Image/UiDrawLog/UiDrawLog23.png	Rate in S-Rank pool:	70%	0	0.0	0.0	0	0.0	0.0	0	0.0	0
1515	9940	<color=#26bbf9>70% rate in S-Rank pool</color>	Assets/Product/Texture/Image/UiDrawLog/UiDrawLog22.png	Assets/Product/Texture/Image/UiDrawLog/UiDrawLog23.png	Rate in S-Rank pool:	70%	0	0.0	0.0	0	0.0	0.0	0	0.0	0
1516	10000	<color=#ff8d1e>100% rate in S-Rank pool</color>	Assets/Product/Texture/Image/UiDrawLog/UiDrawLog22.png	Assets/Product/Texture/Image/UiDrawLog/UiDrawLog23.png	Rate in S-Rank pool:	100%	0	0.0	0.0	0	0.0	0.0	0	0.0	0
1517	9990	<color=#26bbf9>70% rate in S-Rank pool</color>	Assets/Product/Texture/Image/UiDrawLog/UiDrawLog22.png	Assets/Product/Texture/Image/UiDrawLog/UiDrawLog23.png	Rate in S-Rank pool:	70%	0	0.0	0.0	0	0.0	0.0	0	0.0	0
1518	9980	<color=#26bbf9>70% rate in S-Rank pool</color>	Assets/Product/Texture/Image/UiDrawLog/UiDrawLog22.png	Assets/Product/Texture/Image/UiDrawLog/UiDrawLog23.png	Rate in S-Rank pool:	70%	0	0.0	0.0	0	0.0	0.0	0	0.0	0
1519	9970	<color=#26bbf9>70% rate in S-Rank pool</color>	Assets/Product/Texture/Image/UiDrawLog/UiDrawLog22.png	Assets/Product/Texture/Image/UiDrawLog/UiDrawLog23.png	Rate in S-Rank pool:	70%	0	0.0	0.0	0	0.0	0.0	0	0.0	0
1520	9960	<color=#26bbf9>70% rate in S-Rank pool</color>	Assets/Product/Texture/Image/UiDrawLog/UiDrawLog22.png	Assets/Product/Texture/Image/UiDrawLog/UiDrawLog23.png	Rate in S-Rank pool:	70%	0	0.0	0.0	0	0.0	0.0	0	0.0	0
1521	9950	<color=#26bbf9>70% rate in S-Rank pool</color>	Assets/Product/Texture/Image/UiDrawLog/UiDrawLog22.png	Assets/Product/Texture/Image/UiDrawLog/UiDrawLog23.png	Rate in S-Rank pool:	70%	0	0.0	0.0	0	0.0	0.0	0	0.0	0
1522	9940	<color=#26bbf9>70% rate in S-Rank pool</color>	Assets/Product/Texture/Image/UiDrawLog/UiDrawLog22.png	Assets/Product/Texture/Image/UiDrawLog/UiDrawLog23.png	Rate in S-Rank pool:	70%	0	0.0	0.0	0	0.0	0.0	0	0.0	0
1523	9930	<color=#26bbf9>70% rate in S-Rank pool</color>	Assets/Product/Texture/Image/UiDrawLog/UiDrawLog22.png	Assets/Product/Texture/Image/UiDrawLog/UiDrawLog23.png	Rate in S-Rank pool:	70%	0	0.0	0.0	0	0.0	0.0	0	0.0	0
1524	9920	<color=#26bbf9>70% rate in S-Rank pool</color>	Assets/Product/Texture/Image/UiDrawLog/UiDrawLog22.png	Assets/Product/Texture/Image/UiDrawLog/UiDrawLog23.png	Rate in S-Rank pool:	70%	0	0.0	0.0	0	0.0	0.0	0	0.0	0
1525	9910	<color=#26bbf9>70% rate in S-Rank pool</color>	Assets/Product/Texture/Image/UiDrawLog/UiDrawLog22.png	Assets/Product/Texture/Image/UiDrawLog/UiDrawLog23.png	Rate in S-Rank pool:	70%	0	0.0	0.0	0	0.0	0.0	0	0.0	0
5612	10000	<color=#ff8d1e>100% rate in S-Rank pool</color>	Assets/Product/Texture/Image/UiDrawLog/UiDrawLog22.png	Assets/Product/Texture/Image/UiDrawLog/UiDrawLog23.png	Rate in S-Rank pool:	100%	0	0.0	0.0	0	0.0	0.0	0	0.0	0
2024	10000	<color=#26bbf9>70% rate in S-Rank pool</color>	Assets/Product/Texture/Image/UiDrawLog/UiDrawLog22.png	Assets/Product/Texture/Image/UiDrawLog/UiDrawLog23.png	Rate in S-Rank pool:	70%	0	0.0	0.0	0	0.0	0.0	0	0.0	0
2025	9990	<color=#26bbf9>70% rate in S-Rank pool</color>	Assets/Product/Texture/Image/UiDrawLog/UiDrawLog22.png	Assets/Product/Texture/Image/UiDrawLog/UiDrawLog23.png	Rate in S-Rank pool:	70%	0	0.0	0.0	0	0.0	0.0	0	0.0	0
2026	9980	<color=#26bbf9>70% rate in S-Rank pool</color>	Assets/Product/Texture/Image/UiDrawLog/UiDrawLog22.png	Assets/Product/Texture/Image/UiDrawLog/UiDrawLog23.png	Rate in S-Rank pool:	70%	0	0.0	0.0	0	0.0	0.0	0	0.0	0
2027	9970	<color=#26bbf9>70% rate in S-Rank pool</color>	Assets/Product/Texture/Image/UiDrawLog/UiDrawLog22.png	Assets/Product/Texture/Image/UiDrawLog/UiDrawLog23.png	Rate in S-Rank pool:	70%	0	0.0	0.0	0	0.0	0.0	0	0.0	0
2028	9960	<color=#26bbf9>70% rate in S-Rank pool</color>	Assets/Product/Texture/Image/UiDrawLog/UiDrawLog22.png	Assets/Product/Texture/Image/UiDrawLog/UiDrawLog23.png	Rate in S-Rank pool:	70%	0	0.0	0.0	0	0.0	0.0	0	0.0	0
2029	9950	<color=#26bbf9>70% rate in S-Rank pool</color>	Assets/Product/Texture/Image/UiDrawLog/UiDrawLog22.png	Assets/Product/Texture/Image/UiDrawLog/UiDrawLog23.png	Rate in S-Rank pool:	70%	0	0.0	0.0	0	0.0	0.0	0	0.0	0
2031	10000	<color=#26bbf9>70% rate in S-Rank pool</color>	Assets/Product/Texture/Image/UiDrawLog/UiDrawLog22.png	Assets/Product/Texture/Image/UiDrawLog/UiDrawLog23.png	Rate in S-Rank pool:	70%	0	0.0	0.0	0	0.0	0.0	0	0.0	0
2032	9990	<color=#26bbf9>70% rate in S-Rank pool</color>	Assets/Product/Texture/Image/UiDrawLog/UiDrawLog22.png	Assets/Product/Texture/Image/UiDrawLog/UiDrawLog23.png	Rate in S-Rank pool:	70%	0	0.0	0.0	0	0.0	0.0	0	0.0	0
2033	9980	<color=#26bbf9>70% rate in S-Rank pool</color>	Assets/Product/Texture/Image/UiDrawLog/UiDrawLog22.png	Assets/Product/Texture/Image/UiDrawLog/UiDrawLog23.png	Rate in S-Rank pool:	70%	0	0.0	0.0	0	0.0	0.0	0	0.0	0
2034	9970	<color=#26bbf9>70% rate in S-Rank pool</color>	Assets/Product/Texture/Image/UiDrawLog/UiDrawLog22.png	Assets/Product/Texture/Image/UiDrawLog/UiDrawLog23.png	Rate in S-Rank pool:	70%	0	0.0	0.0	0	0.0	0.0	0	0.0	0
2035	9960	<color=#26bbf9>70% rate in S-Rank pool</color>	Assets/Product/Texture/Image/UiDrawLog/UiDrawLog22.png	Assets/Product/Texture/Image/UiDrawLog/UiDrawLog23.png	Rate in S-Rank pool:	70%	0	0.0	0.0	0	0.0	0.0	0	0.0	0
2036	9950	<color=#26bbf9>70% rate in S-Rank pool</color>	Assets/Product/Texture/Image/UiDrawLog/UiDrawLog22.png	Assets/Product/Texture/Image/UiDrawLog/UiDrawLog23.png	Rate in S-Rank pool:	70%	0	0.0	0.0	0	0.0	0.0	0	0.0	0
2037	10000	<color=#26bbf9>70% rate in S-Rank pool</color>	Assets/Product/Texture/Image/UiDrawLog/UiDrawLog22.png	Assets/Product/Texture/Image/UiDrawLog/UiDrawLog23.png	Rate in S-Rank pool:	70%	0	0.0	0.0	0	0.0	0.0	0	0.0	0
2038	9990	<color=#26bbf9>70% rate in S-Rank pool</color>	Assets/Product/Texture/Image/UiDrawLog/UiDrawLog22.png	Assets/Product/Texture/Image/UiDrawLog/UiDrawLog23.png	Rate in S-Rank pool:	70%	0	0.0	0.0	0	0.0	0.0	0	0.0	0
2039	9980	<color=#26bbf9>70% rate in S-Rank pool</color>	Assets/Product/Texture/Image/UiDrawLog/UiDrawLog22.png	Assets/Product/Texture/Image/UiDrawLog/UiDrawLog23.png	Rate in S-Rank pool:	70%	0	0.0	0.0	0	0.0	0.0	0	0.0	0
2040	9970	<color=#26bbf9>70% rate in S-Rank pool</color>	Assets/Product/Texture/Image/UiDrawLog/UiDrawLog22.png	Assets/Product/Texture/Image/UiDrawLog/UiDrawLog23.png	Rate in S-Rank pool:	70%	0	0.0	0.0	0	0.0	0.0	0	0.0	0
2041	9960	<color=#26bbf9>70% rate in S-Rank pool</color>	Assets/Product/Texture/Image/UiDrawLog/UiDrawLog22.png	Assets/Product/Texture/Image/UiDrawLog/UiDrawLog23.png	Rate in S-Rank pool:	70%	0	0.0	0.0	0	0.0	0.0	0	0.0	0
2042	9950	<color=#26bbf9>70% rate in S-Rank pool</color>	Assets/Product/Texture/Image/UiDrawLog/UiDrawLog22.png	Assets/Product/Texture/Image/UiDrawLog/UiDrawLog23.png	Rate in S-Rank pool:	70%	0	0.0	0.0	0	0.0	0.0	0	0.0	0
2044	10000	<color=#26bbf9>70% rate in S-Rank pool</color>	Assets/Product/Texture/Image/UiDrawLog/UiDrawLog22.png	Assets/Product/Texture/Image/UiDrawLog/UiDrawLog23.png	Rate in S-Rank pool:	70%	0	0.0	0.0	0	0.0	0.0	0	0.0	0
2045	9990	<color=#26bbf9>70% rate in S-Rank pool</color>	Assets/Product/Texture/Image/UiDrawLog/UiDrawLog22.png	Assets/Product/Texture/Image/UiDrawLog/UiDrawLog23.png	Rate in S-Rank pool:	70%	0	0.0	0.0	0	0.0	0.0	0	0.0	0
2046	9980	<color=#26bbf9>70% rate in S-Rank pool</color>	Assets/Product/Texture/Image/UiDrawLog/UiDrawLog22.png	Assets/Product/Texture/Image/UiDrawLog/UiDrawLog23.png	Rate in S-Rank pool:	70%	0	0.0	0.0	0	0.0	0.0	0	0.0	0
2047	9970	<color=#26bbf9>70% rate in S-Rank pool</color>	Assets/Product/Texture/Image/UiDrawLog/UiDrawLog22.png	Assets/Product/Texture/Image/UiDrawLog/UiDrawLog23.png	Rate in S-Rank pool:	70%	0	0.0	0.0	0	0.0	0.0	0	0.0	0
2048	9960	<color=#26bbf9>70% rate in S-Rank pool</color>	Assets/Product/Texture/Image/UiDrawLog/UiDrawLog22.png	Assets/Product/Texture/Image/UiDrawLog/UiDrawLog23.png	Rate in S-Rank pool:	70%	0	0.0	0.0	0	0.0	0.0	0	0.0	0
2049	9950	<color=#26bbf9>70% rate in S-Rank pool</color>	Assets/Product/Texture/Image/UiDrawLog/UiDrawLog22.png	Assets/Product/Texture/Image/UiDrawLog/UiDrawLog23.png	Rate in S-Rank pool:	70%	0	0.0	0.0	0	0.0	0.0	0	0.0	0
2050	9940	<color=#26bbf9>70% rate in S-Rank pool</color>	Assets/Product/Texture/Image/UiDrawLog/UiDrawLog22.png	Assets/Product/Texture/Image/UiDrawLog/UiDrawLog23.png	Rate in S-Rank pool:	70%	0	0.0	0.0	0	0.0	0.0	0	0.0	0
2051	9930	<color=#26bbf9>70% rate in S-Rank pool</color>	Assets/Product/Texture/Image/UiDrawLog/UiDrawLog22.png	Assets/Product/Texture/Image/UiDrawLog/UiDrawLog23.png	Rate in S-Rank pool:	70%	0	0.0	0.0	0	0.0	0.0	0	0.0	0
2052	9920	<color=#26bbf9>70% rate in S-Rank pool</color>	Assets/Product/Texture/Image/UiDrawLog/UiDrawLog22.png	Assets/Product/Texture/Image/UiDrawLog/UiDrawLog23.png	Rate in S-Rank pool:	70%	0	0.0	0.0	0	0.0	0.0	0	0.0	0
2053	9910	<color=#26bbf9>70% rate in S-Rank pool</color>	Assets/Product/Texture/Image/UiDrawLog/UiDrawLog22.png	Assets/Product/Texture/Image/UiDrawLog/UiDrawLog23.png	Rate in S-Rank pool:	70%	0	0.0	0.0	0	0.0	0.0	0	0.0	0
2055	9900	<color=#26bbf9>70% rate in S-Rank pool</color>	Assets/Product/Texture/Image/UiDrawLog/UiDrawLog22.png	Assets/Product/Texture/Image/UiDrawLog/UiDrawLog23.png	Rate in S-Rank pool:	70%	0	0.0	0.0	0	0.0	0.0	0	0.0	0
2056	9890	<color=#26bbf9>70% rate in S-Rank pool</color>	Assets/Product/Texture/Image/UiDrawLog/UiDrawLog22.png	Assets/Product/Texture/Image/UiDrawLog/UiDrawLog23.png	Rate in S-Rank pool:	70%	0	0.0	0.0	0	0.0	0.0	0	0.0	0
2057	9880	<color=#26bbf9>70% rate in S-Rank pool</color>	Assets/Product/Texture/Image/UiDrawLog/UiDrawLog22.png	Assets/Product/Texture/Image/UiDrawLog/UiDrawLog23.png	Rate in S-Rank pool:	70%	0	0.0	0.0	0	0.0	0.0	0	0.0	0
2058	9870	<color=#26bbf9>70% rate in S-Rank pool</color>	Assets/Product/Texture/Image/UiDrawLog/UiDrawLog22.png	Assets/Product/Texture/Image/UiDrawLog/UiDrawLog23.png	Rate in S-Rank pool:	70%	0	0.0	0.0	0	0.0	0.0	0	0.0	0
2059	9860	<color=#26bbf9>70% rate in S-Rank pool</color>	Assets/Product/Texture/Image/UiDrawLog/UiDrawLog22.png	Assets/Product/Texture/Image/UiDrawLog/UiDrawLog23.png	Rate in S-Rank pool:	70%	0	0.0	0.0	0	0.0	0.0	0	0.0	0
2060	9850	<color=#26bbf9>70% rate in S-Rank pool</color>	Assets/Product/Texture/Image/UiDrawLog/UiDrawLog22.png	Assets/Product/Texture/Image/UiDrawLog/UiDrawLog23.png	Rate in S-Rank pool:	70%	0	0.0	0.0	0	0.0	0.0	0	0.0	0
2061	9840	<color=#26bbf9>70% rate in S-Rank pool</color>	Assets/Product/Texture/Image/UiDrawLog/UiDrawLog22.png	Assets/Product/Texture/Image/UiDrawLog/UiDrawLog23.png	Rate in S-Rank pool:	70%	0	0.0	0.0	0	0.0	0.0	0	0.0	0
2062	9830	<color=#26bbf9>70% rate in S-Rank pool</color>	Assets/Product/Texture/Image/UiDrawLog/UiDrawLog22.png	Assets/Product/Texture/Image/UiDrawLog/UiDrawLog23.png	Rate in S-Rank pool:	70%	0	0.0	0.0	0	0.0	0.0	0	0.0	0
2063	9820	<color=#26bbf9>70% rate in S-Rank pool</color>	Assets/Product/Texture/Image/UiDrawLog/UiDrawLog22.png	Assets/Product/Texture/Image/UiDrawLog/UiDrawLog23.png	Rate in S-Rank pool:	70%	0	0.0	0.0	0	0.0	0.0	0	0.0	0
2064	9810	<color=#26bbf9>70% rate in S-Rank pool</color>	Assets/Product/Texture/Image/UiDrawLog/UiDrawLog22.png	Assets/Product/Texture/Image/UiDrawLog/UiDrawLog23.png	Rate in S-Rank pool:	70%	0	0.0	0.0	0	0.0	0.0	0	0.0	0
2065	9800	<color=#26bbf9>70% rate in S-Rank pool</color>	Assets/Product/Texture/Image/UiDrawLog/UiDrawLog22.png	Assets/Product/Texture/Image/UiDrawLog/UiDrawLog23.png	Rate in S-Rank pool:	70%	0	0.0	0.0	0	0.0	0.0	0	0.0	0
2066	9790	<color=#26bbf9>70% rate in S-Rank pool</color>	Assets/Product/Texture/Image/UiDrawLog/UiDrawLog22.png	Assets/Product/Texture/Image/UiDrawLog/UiDrawLog23.png	Rate in S-Rank pool:	70%	0	0.0	0.0	0	0.0	0.0	0	0.0	0
2067	9780	<color=#ff8d1e>100% rate in S-Rank pool</color>	Assets/Product/Texture/Image/UiDrawLog/UiDrawLog22.png	Assets/Product/Texture/Image/UiDrawLog/UiDrawLog23.png	Rate in S-Rank pool:	100%	0	0.0	0.0	0	0.0	0.0	0	0.0	0
2068	9770	<color=#26bbf9>70% rate in S-Rank pool</color>	Assets/Product/Texture/Image/UiDrawLog/UiDrawLog22.png	Assets/Product/Texture/Image/UiDrawLog/UiDrawLog23.png	Rate in S-Rank pool:	70%	0	0.0	0.0	0	0.0	0.0	0	0.0	0
2069	9760	<color=#26bbf9>70% rate in S-Rank pool</color>	Assets/Product/Texture/Image/UiDrawLog/UiDrawLog22.png	Assets/Product/Texture/Image/UiDrawLog/UiDrawLog23.png	Rate in S-Rank pool:	70%	0	0.0	0.0	0	0.0	0.0	0	0.0	0
2070	9750	<color=#26bbf9>70% rate in S-Rank pool</color>	Assets/Product/Texture/Image/UiDrawLog/UiDrawLog22.png	Assets/Product/Texture/Image/UiDrawLog/UiDrawLog23.png	Rate in S-Rank pool:	70%	0	0.0	0.0	0	0.0	0.0	0	0.0	0
2071	9740	<color=#26bbf9>70% rate in S-Rank pool</color>	Assets/Product/Texture/Image/UiDrawLog/UiDrawLog22.png	Assets/Product/Texture/Image/UiDrawLog/UiDrawLog23.png	Rate in S-Rank pool:	70%	0	0.0	0.0	0	0.0	0.0	0	0.0	0
2072	9730	<color=#26bbf9>70% rate in S-Rank pool</color>	Assets/Product/Texture/Image/UiDrawLog/UiDrawLog22.png	Assets/Product/Texture/Image/UiDrawLog/UiDrawLog23.png	Rate in S-Rank pool:	70%	0	0.0	0.0	0	0.0	0.0	0	0.0	0
2073	9720	<color=#26bbf9>70% rate in S-Rank pool</color>	Assets/Product/Texture/Image/UiDrawLog/UiDrawLog22.png	Assets/Product/Texture/Image/UiDrawLog/UiDrawLog23.png	Rate in S-Rank pool:	70%	0	0.0	0.0	0	0.0	0.0	0	0.0	0
2074	9650	<color=#26bbf9>70% rate in S-Rank pool</color>	Assets/Product/Texture/Image/UiDrawLog/UiDrawLog22.png	Assets/Product/Texture/Image/UiDrawLog/UiDrawLog23.png	Rate in S-Rank pool:	70%	0	0.0	0.0	0	0.0	0.0	0	0.0	0
2075	9640	<color=#26bbf9>70% rate in S-Rank pool</color>	Assets/Product/Texture/Image/UiDrawLog/UiDrawLog22.png	Assets/Product/Texture/Image/UiDrawLog/UiDrawLog23.png	Rate in S-Rank pool:	70%	0	0.0	0.0	0	0.0	0.0	0	0.0	0
2076	9630	<color=#26bbf9>70% rate in S-Rank pool</color>	Assets/Product/Texture/Image/UiDrawLog/UiDrawLog22.png	Assets/Product/Texture/Image/UiDrawLog/UiDrawLog23.png	Rate in S-Rank pool:	70%	0	0.0	0.0	0	0.0	0.0	0	0.0	0
2077	9620	<color=#26bbf9>70% rate in S-Rank pool</color>	Assets/Product/Texture/Image/UiDrawLog/UiDrawLog22.png	Assets/Product/Texture/Image/UiDrawLog/UiDrawLog23.png	Rate in S-Rank pool:	70%	0	0.0	0.0	0	0.0	0.0	0	0.0	0
2078	9610	<color=#26bbf9>70% rate in S-Rank pool</color>	Assets/Product/Texture/Image/UiDrawLog/UiDrawLog22.png	Assets/Product/Texture/Image/UiDrawLog/UiDrawLog23.png	Rate in S-Rank pool:	70%	0	0.0	0.0	0	0.0	0.0	0	0.0	0
2079	9600	<color=#26bbf9>70% rate in S-Rank pool</color>	Assets/Product/Texture/Image/UiDrawLog/UiDrawLog22.png	Assets/Product/Texture/Image/UiDrawLog/UiDrawLog23.png	Rate in S-Rank pool:	70%	0	0.0	0.0	0	0.0	0.0	0	0.0	0
2080	10000	<color=#ff8d1e>100% rate in S-Rank pool</color>	Assets/Product/Texture/Image/UiDrawLog/UiDrawLog22.png	Assets/Product/Texture/Image/UiDrawLog/UiDrawLog23.png	Rate in S-Rank pool:	100%	0	0.0	0.0	0	0.0	0.0	0	0.0	0
2081	10000	<color=#26bbf9>70% rate in S-Rank pool</color>	Assets/Product/Texture/Image/UiDrawLog/UiDrawLog22.png	Assets/Product/Texture/Image/UiDrawLog/UiDrawLog23.png	Rate in S-Rank pool:	70%	0	0.0	0.0	0	0.0	0.0	0	0.0	0
2082	9990	<color=#26bbf9>70% rate in S-Rank pool</color>	Assets/Product/Texture/Image/UiDrawLog/UiDrawLog22.png	Assets/Product/Texture/Image/UiDrawLog/UiDrawLog23.png	Rate in S-Rank pool:	70%	0	0.0	0.0	0	0.0	0.0	0	0.0	0
2083	9980	<color=#26bbf9>70% rate in S-Rank pool</color>	Assets/Product/Texture/Image/UiDrawLog/UiDrawLog22.png	Assets/Product/Texture/Image/UiDrawLog/UiDrawLog23.png	Rate in S-Rank pool:	70%	0	0.0	0.0	0	0.0	0.0	0	0.0	0
2084	9970	<color=#26bbf9>70% rate in S-Rank pool</color>	Assets/Product/Texture/Image/UiDrawLog/UiDrawLog22.png	Assets/Product/Texture/Image/UiDrawLog/UiDrawLog23.png	Rate in S-Rank pool:	70%	0	0.0	0.0	0	0.0	0.0	0	0.0	0
2085	9960	<color=#26bbf9>70% rate in S-Rank pool</color>	Assets/Product/Texture/Image/UiDrawLog/UiDrawLog22.png	Assets/Product/Texture/Image/UiDrawLog/UiDrawLog23.png	Rate in S-Rank pool:	70%	0	0.0	0.0	0	0.0	0.0	0	0.0	0
2086	9950	<color=#26bbf9>70% rate in S-Rank pool</color>	Assets/Product/Texture/Image/UiDrawLog/UiDrawLog22.png	Assets/Product/Texture/Image/UiDrawLog/UiDrawLog23.png	Rate in S-Rank pool:	70%	0	0.0	0.0	0	0.0	0.0	0	0.0	0
2087	10000	<color=#26bbf9>70% rate in S-Rank pool</color>	Assets/Product/Texture/Image/UiDrawLog/UiDrawLog22.png	Assets/Product/Texture/Image/UiDrawLog/UiDrawLog23.png	Rate in S-Rank pool:	70%	0	0.0	0.0	0	0.0	0.0	0	0.0	0
2088	9990	<color=#26bbf9>70% rate in S-Rank pool</color>	Assets/Product/Texture/Image/UiDrawLog/UiDrawLog22.png	Assets/Product/Texture/Image/UiDrawLog/UiDrawLog23.png	Rate in S-Rank pool:	70%	0	0.0	0.0	0	0.0	0.0	0	0.0	0
2089	9980	<color=#26bbf9>70% rate in S-Rank pool</color>	Assets/Product/Texture/Image/UiDrawLog/UiDrawLog22.png	Assets/Product/Texture/Image/UiDrawLog/UiDrawLog23.png	Rate in S-Rank pool:	70%	0	0.0	0.0	0	0.0	0.0	0	0.0	0
2090	9970	<color=#26bbf9>70% rate in S-Rank pool</color>	Assets/Product/Texture/Image/UiDrawLog/UiDrawLog22.png	Assets/Product/Texture/Image/UiDrawLog/UiDrawLog23.png	Rate in S-Rank pool:	70%	0	0.0	0.0	0	0.0	0.0	0	0.0	0
2091	9960	<color=#26bbf9>70% rate in S-Rank pool</color>	Assets/Product/Texture/Image/UiDrawLog/UiDrawLog22.png	Assets/Product/Texture/Image/UiDrawLog/UiDrawLog23.png	Rate in S-Rank pool:	70%	0	0.0	0.0	0	0.0	0.0	0	0.0	0
2092	9950	<color=#26bbf9>70% rate in S-Rank pool</color>	Assets/Product/Texture/Image/UiDrawLog/UiDrawLog22.png	Assets/Product/Texture/Image/UiDrawLog/UiDrawLog23.png	Rate in S-Rank pool:	70%	0	0.0	0.0	0	0.0	0.0	0	0.0	0
2093	9940	<color=#26bbf9>70% rate in S-Rank pool</color>	Assets/Product/Texture/Image/UiDrawLog/UiDrawLog22.png	Assets/Product/Texture/Image/UiDrawLog/UiDrawLog23.png	Rate in S-Rank pool:	70%	0	0.0	0.0	0	0.0	0.0	0	0.0	0
2094	9930	<color=#26bbf9>70% rate in S-Rank pool</color>	Assets/Product/Texture/Image/UiDrawLog/UiDrawLog22.png	Assets/Product/Texture/Image/UiDrawLog/UiDrawLog23.png	Rate in S-Rank pool:	70%	0	0.0	0.0	0	0.0	0.0	0	0.0	0
2095	10000	<color=#ff8d1e>100% rate in S-Rank pool</color>	Assets/Product/Texture/Image/UiDrawLog/UiDrawLog22.png	Assets/Product/Texture/Image/UiDrawLog/UiDrawLog23.png	Rate in S-Rank pool:	100%	0	0.0	0.0	0	0.0	0.0	0	0.0	0
2096	10000	<color=#26bbf9>70% rate in S-Rank pool</color>	Assets/Product/Texture/Image/UiDrawLog/UiDrawLog22.png	Assets/Product/Texture/Image/UiDrawLog/UiDrawLog23.png	Rate in S-Rank pool:	70%	0	0.0	0.0	0	0.0	0.0	0	0.0	0
2097	9990	<color=#26bbf9>70% rate in S-Rank pool</color>	Assets/Product/Texture/Image/UiDrawLog/UiDrawLog22.png	Assets/Product/Texture/Image/UiDrawLog/UiDrawLog23.png	Rate in S-Rank pool:	70%	0	0.0	0.0	0	0.0	0.0	0	0.0	0
2098	9980	<color=#26bbf9>70% rate in S-Rank pool</color>	Assets/Product/Texture/Image/UiDrawLog/UiDrawLog22.png	Assets/Product/Texture/Image/UiDrawLog/UiDrawLog23.png	Rate in S-Rank pool:	70%	0	0.0	0.0	0	0.0	0.0	0	0.0	0
2099	9970	<color=#26bbf9>70% rate in S-Rank pool</color>	Assets/Product/Texture/Image/UiDrawLog/UiDrawLog22.png	Assets/Product/Texture/Image/UiDrawLog/UiDrawLog23.png	Rate in S-Rank pool:	70%	0	0.0	0.0	0	0.0	0.0	0	0.0	0
2100	9960	<color=#26bbf9>70% rate in S-Rank pool</color>	Assets/Product/Texture/Image/UiDrawLog/UiDrawLog22.png	Assets/Product/Texture/Image/UiDrawLog/UiDrawLog23.png	Rate in S-Rank pool:	70%	0	0.0	0.0	0	0.0	0.0	0	0.0	0
2101	9950	<color=#26bbf9>70% rate in S-Rank pool</color>	Assets/Product/Texture/Image/UiDrawLog/UiDrawLog22.png	Assets/Product/Texture/Image/UiDrawLog/UiDrawLog23.png	Rate in S-Rank pool:	70%	0	0.0	0.0	0	0.0	0.0	0	0.0	0
2102	10000	<color=#ff8d1e>100% rate in S-Rank pool</color>	Assets/Product/Texture/Image/UiDrawLog/UiDrawLog22.png	Assets/Product/Texture/Image/UiDrawLog/UiDrawLog23.png	Rate in S-Rank pool:	100%	0	0.0	0.0	0	0.0	0.0	0	0.0	0
2103	10000	<color=#26bbf9>70% rate in S-Rank pool</color>	Assets/Product/Texture/Image/UiDrawLog/UiDrawLog22.png	Assets/Product/Texture/Image/UiDrawLog/UiDrawLog23.png	Rate in S-Rank pool:	70%	0	0.0	0.0	0	0.0	0.0	0	0.0	0
2104	9990	<color=#26bbf9>70% rate in S-Rank pool</color>	Assets/Product/Texture/Image/UiDrawLog/UiDrawLog22.png	Assets/Product/Texture/Image/UiDrawLog/UiDrawLog23.png	Rate in S-Rank pool:	70%	0	0.0	0.0	0	0.0	0.0	0	0.0	0
2105	10000	<color=#26bbf9>70% rate in S-Rank pool</color>	Assets/Product/Texture/Image/UiDrawLog/UiDrawLog22.png	Assets/Product/Texture/Image/UiDrawLog/UiDrawLog23.png	Rate in S-Rank pool:	70%	0	0.0	0.0	0	0.0	0.0	0	0.0	0
2106	9990	<color=#26bbf9>70% rate in S-Rank pool</color>	Assets/Product/Texture/Image/UiDrawLog/UiDrawLog22.png	Assets/Product/Texture/Image/UiDrawLog/UiDrawLog23.png	Rate in S-Rank pool:	70%	0	0.0	0.0	0	0.0	0.0	0	0.0	0
2107	9980	<color=#26bbf9>70% rate in S-Rank pool</color>	Assets/Product/Texture/Image/UiDrawLog/UiDrawLog22.png	Assets/Product/Texture/Image/UiDrawLog/UiDrawLog23.png	Rate in S-Rank pool:	70%	0	0.0	0.0	0	0.0	0.0	0	0.0	0
2108	9970	<color=#26bbf9>70% rate in S-Rank pool</color>	Assets/Product/Texture/Image/UiDrawLog/UiDrawLog22.png	Assets/Product/Texture/Image/UiDrawLog/UiDrawLog23.png	Rate in S-Rank pool:	70%	0	0.0	0.0	0	0.0	0.0	0	0.0	0
2109	9960	<color=#26bbf9>70% rate in S-Rank pool</color>	Assets/Product/Texture/Image/UiDrawLog/UiDrawLog22.png	Assets/Product/Texture/Image/UiDrawLog/UiDrawLog23.png	Rate in S-Rank pool:	70%	0	0.0	0.0	0	0.0	0.0	0	0.0	0
2110	9950	<color=#26bbf9>70% rate in S-Rank pool</color>	Assets/Product/Texture/Image/UiDrawLog/UiDrawLog22.png	Assets/Product/Texture/Image/UiDrawLog/UiDrawLog23.png	Rate in S-Rank pool:	70%	0	0.0	0.0	0	0.0	0.0	0	0.0	0
2111	9940	<color=#26bbf9>70% rate in S-Rank pool</color>	Assets/Product/Texture/Image/UiDrawLog/UiDrawLog22.png	Assets/Product/Texture/Image/UiDrawLog/UiDrawLog23.png	Rate in S-Rank pool:	70%	0	0.0	0.0	0	0.0	0.0	0	0.0	0
2112	9930	<color=#26bbf9>70% rate in S-Rank pool</color>	Assets/Product/Texture/Image/UiDrawLog/UiDrawLog22.png	Assets/Product/Texture/Image/UiDrawLog/UiDrawLog23.png	Rate in S-Rank pool:	70%	0	0.0	0.0	0	0.0	0.0	0	0.0	0
2113	9920	<color=#26bbf9>70% rate in S-Rank pool</color>	Assets/Product/Texture/Image/UiDrawLog/UiDrawLog22.png	Assets/Product/Texture/Image/UiDrawLog/UiDrawLog23.png	Rate in S-Rank pool:	70%	0	0.0	0.0	0	0.0	0.0	0	0.0	0
2114	10000	<color=#ff8d1e>100% rate in S-Rank pool</color>	Assets/Product/Texture/Image/UiDrawLog/UiDrawLog22.png	Assets/Product/Texture/Image/UiDrawLog/UiDrawLog23.png	Rate in S-Rank pool:	100%	0	0.0	0.0	0	0.0	0.0	0	0.0	0
2115	10000	<color=#26bbf9>70% rate in S-Rank pool</color>	Assets/Product/Texture/Image/UiDrawLog/UiDrawLog22.png	Assets/Product/Texture/Image/UiDrawLog/UiDrawLog23.png	Rate in S-Rank pool:	70%	0	0.0	0.0	0	0.0	0.0	0	0.0	0
2116	9990	<color=#26bbf9>70% rate in S-Rank pool</color>	Assets/Product/Texture/Image/UiDrawLog/UiDrawLog22.png	Assets/Product/Texture/Image/UiDrawLog/UiDrawLog23.png	Rate in S-Rank pool:	70%	0	0.0	0.0	0	0.0	0.0	0	0.0	0
2117	9980	<color=#26bbf9>70% rate in S-Rank pool</color>	Assets/Product/Texture/Image/UiDrawLog/UiDrawLog22.png	Assets/Product/Texture/Image/UiDrawLog/UiDrawLog23.png	Rate in S-Rank pool:	70%	0	0.0	0.0	0	0.0	0.0	0	0.0	0
2118	9970	<color=#26bbf9>70% rate in S-Rank pool</color>	Assets/Product/Texture/Image/UiDrawLog/UiDrawLog22.png	Assets/Product/Texture/Image/UiDrawLog/UiDrawLog23.png	Rate in S-Rank pool:	70%	0	0.0	0.0	0	0.0	0.0	0	0.0	0
2119	9960	<color=#26bbf9>70% rate in S-Rank pool</color>	Assets/Product/Texture/Image/UiDrawLog/UiDrawLog22.png	Assets/Product/Texture/Image/UiDrawLog/UiDrawLog23.png	Rate in S-Rank pool:	70%	0	0.0	0.0	0	0.0	0.0	0	0.0	0
2120	9950	<color=#26bbf9>70% rate in S-Rank pool</color>	Assets/Product/Texture/Image/UiDrawLog/UiDrawLog22.png	Assets/Product/Texture/Image/UiDrawLog/UiDrawLog23.png	Rate in S-Rank pool:	70%	0	0.0	0.0	0	0.0	0.0	0	0.0	0
2121	9940	<color=#26bbf9>70% rate in S-Rank pool</color>	Assets/Product/Texture/Image/UiDrawLog/UiDrawLog22.png	Assets/Product/Texture/Image/UiDrawLog/UiDrawLog23.png	Rate in S-Rank pool:	70%	0	0.0	0.0	0	0.0	0.0	0	0.0	0
2122	9930	<color=#26bbf9>70% rate in S-Rank pool</color>	Assets/Product/Texture/Image/UiDrawLog/UiDrawLog22.png	Assets/Product/Texture/Image/UiDrawLog/UiDrawLog23.png	Rate in S-Rank pool:	70%	0	0.0	0.0	0	0.0	0.0	0	0.0	0
2123	9920	<color=#26bbf9>70% rate in S-Rank pool</color>	Assets/Product/Texture/Image/UiDrawLog/UiDrawLog22.png	Assets/Product/Texture/Image/UiDrawLog/UiDrawLog23.png	Rate in S-Rank pool:	70%	0	0.0	0.0	0	0.0	0.0	0	0.0	0
2124	10000	<color=#26bbf9>70% rate in S-Rank pool</color>	Assets/Product/Texture/Image/UiDrawLog/UiDrawLog22.png	Assets/Product/Texture/Image/UiDrawLog/UiDrawLog23.png	Rate in S-Rank pool:	70%	0	0.0	0.0	0	0.0	0.0	0	0.0	0
2125	9990	<color=#26bbf9>70% rate in S-Rank pool</color>	Assets/Product/Texture/Image/UiDrawLog/UiDrawLog22.png	Assets/Product/Texture/Image/UiDrawLog/UiDrawLog23.png	Rate in S-Rank pool:	70%	0	0.0	0.0	0	0.0	0.0	0	0.0	0
2126	9980	<color=#26bbf9>70% rate in S-Rank pool</color>	Assets/Product/Texture/Image/UiDrawLog/UiDrawLog22.png	Assets/Product/Texture/Image/UiDrawLog/UiDrawLog23.png	Rate in S-Rank pool:	70%	0	0.0	0.0	0	0.0	0.0	0	0.0	0
2127	9970	<color=#26bbf9>70% rate in S-Rank pool</color>	Assets/Product/Texture/Image/UiDrawLog/UiDrawLog22.png	Assets/Product/Texture/Image/UiDrawLog/UiDrawLog23.png	Rate in S-Rank pool:	70%	0	0.0	0.0	0	0.0	0.0	0	0.0	0
2128	9960	<color=#26bbf9>70% rate in S-Rank pool</color>	Assets/Product/Texture/Image/UiDrawLog/UiDrawLog22.png	Assets/Product/Texture/Image/UiDrawLog/UiDrawLog23.png	Rate in S-Rank pool:	70%	0	0.0	0.0	0	0.0	0.0	0	0.0	0
2129	9950	<color=#26bbf9>70% rate in S-Rank pool</color>	Assets/Product/Texture/Image/UiDrawLog/UiDrawLog22.png	Assets/Product/Texture/Image/UiDrawLog/UiDrawLog23.png	Rate in S-Rank pool:	70%	0	0.0	0.0	0	0.0	0.0	0	0.0	0
2130	9940	<color=#26bbf9>70% rate in S-Rank pool</color>	Assets/Product/Texture/Image/UiDrawLog/UiDrawLog22.png	Assets/Product/Texture/Image/UiDrawLog/UiDrawLog23.png	Rate in S-Rank pool:	70%	0	0.0	0.0	0	0.0	0.0	0	0.0	0
2131	9930	<color=#26bbf9>70% rate in S-Rank pool</color>	Assets/Product/Texture/Image/UiDrawLog/UiDrawLog22.png	Assets/Product/Texture/Image/UiDrawLog/UiDrawLog23.png	Rate in S-Rank pool:	70%	0	0.0	0.0	0	0.0	0.0	0	0.0	0
2132	9920	<color=#26bbf9>70% rate in S-Rank pool</color>	Assets/Product/Texture/Image/UiDrawLog/UiDrawLog22.png	Assets/Product/Texture/Image/UiDrawLog/UiDrawLog23.png	Rate in S-Rank pool:	70%	0	0.0	0.0	0	0.0	0.0	0	0.0	0
2133	10000	<color=#ff8d1e>100% rate in S-Rank pool</color>	Assets/Product/Texture/Image/UiDrawLog/UiDrawLog22.png	Assets/Product/Texture/Image/UiDrawLog/UiDrawLog23.png	Rate in S-Rank pool:	100%	0	0.0	0.0	0	0.0	0.0	0	0.0	0
2134	10000	<color=#26bbf9>70% rate in S-Rank pool</color>	Assets/Product/Texture/Image/UiDrawLog/UiDrawLog22.png	Assets/Product/Texture/Image/UiDrawLog/UiDrawLog23.png	Rate in S-Rank pool:	70%	0	0.0	0.0	0	0.0	0.0	0	0.0	0
2135	9990	<color=#26bbf9>70% rate in S-Rank pool</color>	Assets/Product/Texture/Image/UiDrawLog/UiDrawLog22.png	Assets/Product/Texture/Image/UiDrawLog/UiDrawLog23.png	Rate in S-Rank pool:	70%	0	0.0	0.0	0	0.0	0.0	0	0.0	0
2136	9980	<color=#26bbf9>70% rate in S-Rank pool</color>	Assets/Product/Texture/Image/UiDrawLog/UiDrawLog22.png	Assets/Product/Texture/Image/UiDrawLog/UiDrawLog23.png	Rate in S-Rank pool:	70%	0	0.0	0.0	0	0.0	0.0	0	0.0	0
2137	9970	<color=#26bbf9>70% rate in S-Rank pool</color>	Assets/Product/Texture/Image/UiDrawLog/UiDrawLog22.png	Assets/Product/Texture/Image/UiDrawLog/UiDrawLog23.png	Rate in S-Rank pool:	70%	0	0.0	0.0	0	0.0	0.0	0	0.0	0
2138	9960	<color=#26bbf9>70% rate in S-Rank pool</color>	Assets/Product/Texture/Image/UiDrawLog/UiDrawLog22.png	Assets/Product/Texture/Image/UiDrawLog/UiDrawLog23.png	Rate in S-Rank pool:	70%	0	0.0	0.0	0	0.0	0.0	0	0.0	0
2139	9950	<color=#26bbf9>70% rate in S-Rank pool</color>	Assets/Product/Texture/Image/UiDrawLog/UiDrawLog22.png	Assets/Product/Texture/Image/UiDrawLog/UiDrawLog23.png	Rate in S-Rank pool:	70%	0	0.0	0.0	0	0.0	0.0	0	0.0	0
2140	9940	<color=#26bbf9>70% rate in S-Rank pool</color>	Assets/Product/Texture/Image/UiDrawLog/UiDrawLog22.png	Assets/Product/Texture/Image/UiDrawLog/UiDrawLog23.png	Rate in S-Rank pool:	70%	0	0.0	0.0	0	0.0	0.0	0	0.0	0
2141	9930	<color=#26bbf9>70% rate in S-Rank pool</color>	Assets/Product/Texture/Image/UiDrawLog/UiDrawLog22.png	Assets/Product/Texture/Image/UiDrawLog/UiDrawLog23.png	Rate in S-Rank pool:	70%	0	0.0	0.0	0	0.0	0.0	0	0.0	0
2142	9920	<color=#26bbf9>70% rate in S-Rank pool</color>	Assets/Product/Texture/Image/UiDrawLog/UiDrawLog22.png	Assets/Product/Texture/Image/UiDrawLog/UiDrawLog23.png	Rate in S-Rank pool:	70%	0	0.0	0.0	0	0.0	0.0	0	0.0	0
2143	10000	<color=#26bbf9>70% rate in S-Rank pool</color>	Assets/Product/Texture/Image/UiDrawLog/UiDrawLog22.png	Assets/Product/Texture/Image/UiDrawLog/UiDrawLog23.png	Rate in S-Rank pool:	70%	0	0.0	0.0	0	0.0	0.0	0	0.0	0
2144	9990	<color=#26bbf9>70% rate in S-Rank pool</color>	Assets/Product/Texture/Image/UiDrawLog/UiDrawLog22.png	Assets/Product/Texture/Image/UiDrawLog/UiDrawLog23.png	Rate in S-Rank pool:	70%	0	0.0	0.0	0	0.0	0.0	0	0.0	0
2145	9980	<color=#26bbf9>70% rate in S-Rank pool</color>	Assets/Product/Texture/Image/UiDrawLog/UiDrawLog22.png	Assets/Product/Texture/Image/UiDrawLog/UiDrawLog23.png	Rate in S-Rank pool:	70%	0	0.0	0.0	0	0.0	0.0	0	0.0	0
2146	9970	<color=#26bbf9>70% rate in S-Rank pool</color>	Assets/Product/Texture/Image/UiDrawLog/UiDrawLog22.png	Assets/Product/Texture/Image/UiDrawLog/UiDrawLog23.png	Rate in S-Rank pool:	70%	0	0.0	0.0	0	0.0	0.0	0	0.0	0
2147	9960	<color=#26bbf9>70% rate in S-Rank pool</color>	Assets/Product/Texture/Image/UiDrawLog/UiDrawLog22.png	Assets/Product/Texture/Image/UiDrawLog/UiDrawLog23.png	Rate in S-Rank pool:	70%	0	0.0	0.0	0	0.0	0.0	0	0.0	0
2148	9950	<color=#26bbf9>70% rate in S-Rank pool</color>	Assets/Product/Texture/Image/UiDrawLog/UiDrawLog22.png	Assets/Product/Texture/Image/UiDrawLog/UiDrawLog23.png	Rate in S-Rank pool:	70%	0	0.0	0.0	0	0.0	0.0	0	0.0	0
2149	9940	<color=#26bbf9>70% rate in S-Rank pool</color>	Assets/Product/Texture/Image/UiDrawLog/UiDrawLog22.png	Assets/Product/Texture/Image/UiDrawLog/UiDrawLog23.png	Rate in S-Rank pool:	70%	0	0.0	0.0	0	0.0	0.0	0	0.0	0
2150	9930	<color=#26bbf9>70% rate in S-Rank pool</color>	Assets/Product/Texture/Image/UiDrawLog/UiDrawLog22.png	Assets/Product/Texture/Image/UiDrawLog/UiDrawLog23.png	Rate in S-Rank pool:	70%	0	0.0	0.0	0	0.0	0.0	0	0.0	0
2151	9920	<color=#26bbf9>70% rate in S-Rank pool</color>	Assets/Product/Texture/Image/UiDrawLog/UiDrawLog22.png	Assets/Product/Texture/Image/UiDrawLog/UiDrawLog23.png	Rate in S-Rank pool:	70%	0	0.0	0.0	0	0.0	0.0	0	0.0	0
2152	10000	<color=#ff8d1e>100% rate in S-Rank pool</color>	Assets/Product/Texture/Image/UiDrawLog/UiDrawLog22.png	Assets/Product/Texture/Image/UiDrawLog/UiDrawLog23.png	Rate in S-Rank pool:	100%	0	0.0	0.0	0	0.0	0.0	0	0.0	0
2153	10000	<color=#26bbf9>70% rate in S-Rank pool</color>	Assets/Product/Texture/Image/UiDrawLog/UiDrawLog22.png	Assets/Product/Texture/Image/UiDrawLog/UiDrawLog23.png	Rate in S-Rank pool:	70%	0	0.0	0.0	0	0.0	0.0	0	0.0	0
2154	9990	<color=#26bbf9>70% rate in S-Rank pool</color>	Assets/Product/Texture/Image/UiDrawLog/UiDrawLog22.png	Assets/Product/Texture/Image/UiDrawLog/UiDrawLog23.png	Rate in S-Rank pool:	70%	0	0.0	0.0	0	0.0	0.0	0	0.0	0
2155	9980	<color=#26bbf9>70% rate in S-Rank pool</color>	Assets/Product/Texture/Image/UiDrawLog/UiDrawLog22.png	Assets/Product/Texture/Image/UiDrawLog/UiDrawLog23.png	Rate in S-Rank pool:	70%	0	0.0	0.0	0	0.0	0.0	0	0.0	0
2156	9970	<color=#26bbf9>70% rate in S-Rank pool</color>	Assets/Product/Texture/Image/UiDrawLog/UiDrawLog22.png	Assets/Product/Texture/Image/UiDrawLog/UiDrawLog23.png	Rate in S-Rank pool:	70%	0	0.0	0.0	0	0.0	0.0	0	0.0	0
2157	9960	<color=#26bbf9>70% rate in S-Rank pool</color>	Assets/Product/Texture/Image/UiDrawLog/UiDrawLog22.png	Assets/Product/Texture/Image/UiDrawLog/UiDrawLog23.png	Rate in S-Rank pool:	70%	0	0.0	0.0	0	0.0	0.0	0	0.0	0
2158	9950	<color=#26bbf9>70% rate in S-Rank pool</color>	Assets/Product/Texture/Image/UiDrawLog/UiDrawLog22.png	Assets/Product/Texture/Image/UiDrawLog/UiDrawLog23.png	Rate in S-Rank pool:	70%	0	0.0	0.0	0	0.0	0.0	0	0.0	0
2159	9940	<color=#26bbf9>70% rate in S-Rank pool</color>	Assets/Product/Texture/Image/UiDrawLog/UiDrawLog22.png	Assets/Product/Texture/Image/UiDrawLog/UiDrawLog23.png	Rate in S-Rank pool:	70%	0	0.0	0.0	0	0.0	0.0	0	0.0	0
2160	9930	<color=#26bbf9>70% rate in S-Rank pool</color>	Assets/Product/Texture/Image/UiDrawLog/UiDrawLog22.png	Assets/Product/Texture/Image/UiDrawLog/UiDrawLog23.png	Rate in S-Rank pool:	70%	0	0.0	0.0	0	0.0	0.0	0	0.0	0
2161	9920	<color=#26bbf9>70% rate in S-Rank pool</color>	Assets/Product/Texture/Image/UiDrawLog/UiDrawLog22.png	Assets/Product/Texture/Image/UiDrawLog/UiDrawLog23.png	Rate in S-Rank pool:	70%	0	0.0	0.0	0	0.0	0.0	0	0.0	0
2162	10000	<color=#26bbf9>70% rate in S-Rank pool</color>	Assets/Product/Texture/Image/UiDrawLog/UiDrawLog22.png	Assets/Product/Texture/Image/UiDrawLog/UiDrawLog23.png	Rate in S-Rank pool:	70%	0	0.0	0.0	0	0.0	0.0	0	0.0	0
2163	9990	<color=#26bbf9>70% rate in S-Rank pool</color>	Assets/Product/Texture/Image/UiDrawLog/UiDrawLog22.png	Assets/Product/Texture/Image/UiDrawLog/UiDrawLog23.png	Rate in S-Rank pool:	70%	0	0.0	0.0	0	0.0	0.0	0	0.0	0
2164	9980	<color=#26bbf9>70% rate in S-Rank pool</color>	Assets/Product/Texture/Image/UiDrawLog/UiDrawLog22.png	Assets/Product/Texture/Image/UiDrawLog/UiDrawLog23.png	Rate in S-Rank pool:	70%	0	0.0	0.0	0	0.0	0.0	0	0.0	0
2165	9970	<color=#26bbf9>70% rate in S-Rank pool</color>	Assets/Product/Texture/Image/UiDrawLog/UiDrawLog22.png	Assets/Product/Texture/Image/UiDrawLog/UiDrawLog23.png	Rate in S-Rank pool:	70%	0	0.0	0.0	0	0.0	0.0	0	0.0	0
2166	9960	<color=#26bbf9>70% rate in S-Rank pool</color>	Assets/Product/Texture/Image/UiDrawLog/UiDrawLog22.png	Assets/Product/Texture/Image/UiDrawLog/UiDrawLog23.png	Rate in S-Rank pool:	70%	0	0.0	0.0	0	0.0	0.0	0	0.0	0
2167	9950	<color=#26bbf9>70% rate in S-Rank pool</color>	Assets/Product/Texture/Image/UiDrawLog/UiDrawLog22.png	Assets/Product/Texture/Image/UiDrawLog/UiDrawLog23.png	Rate in S-Rank pool:	70%	0	0.0	0.0	0	0.0	0.0	0	0.0	0
2168	9940	<color=#26bbf9>70% rate in S-Rank pool</color>	Assets/Product/Texture/Image/UiDrawLog/UiDrawLog22.png	Assets/Product/Texture/Image/UiDrawLog/UiDrawLog23.png	Rate in S-Rank pool:	70%	0	0.0	0.0	0	0.0	0.0	0	0.0	0
2169	9930	<color=#26bbf9>70% rate in S-Rank pool</color>	Assets/Product/Texture/Image/UiDrawLog/UiDrawLog22.png	Assets/Product/Texture/Image/UiDrawLog/UiDrawLog23.png	Rate in S-Rank pool:	70%	0	0.0	0.0	0	0.0	0.0	0	0.0	0
2170	9920	<color=#26bbf9>70% rate in S-Rank pool</color>	Assets/Product/Texture/Image/UiDrawLog/UiDrawLog22.png	Assets/Product/Texture/Image/UiDrawLog/UiDrawLog23.png	Rate in S-Rank pool:	70%	0	0.0	0.0	0	0.0	0.0	0	0.0	0
2171	10000	<color=#ff8d1e>100% rate in S-Rank pool</color>	Assets/Product/Texture/Image/UiDrawLog/UiDrawLog22.png	Assets/Product/Texture/Image/UiDrawLog/UiDrawLog23.png	Rate in S-Rank pool:	100%	0	0.0	0.0	0	0.0	0.0	0	0.0	0
2172	10000	<color=#26bbf9>70% rate in S-Rank pool</color>	Assets/Product/Texture/Image/UiDrawLog/UiDrawLog22.png	Assets/Product/Texture/Image/UiDrawLog/UiDrawLog23.png	Rate in S-Rank pool:	70%	0	0.0	0.0	0	0.0	0.0	0	0.0	0
2173	9990	<color=#26bbf9>70% rate in S-Rank pool</color>	Assets/Product/Texture/Image/UiDrawLog/UiDrawLog22.png	Assets/Product/Texture/Image/UiDrawLog/UiDrawLog23.png	Rate in S-Rank pool:	70%	0	0.0	0.0	0	0.0	0.0	0	0.0	0
2174	9980	<color=#26bbf9>70% rate in S-Rank pool</color>	Assets/Product/Texture/Image/UiDrawLog/UiDrawLog22.png	Assets/Product/Texture/Image/UiDrawLog/UiDrawLog23.png	Rate in S-Rank pool:	70%	0	0.0	0.0	0	0.0	0.0	0	0.0	0
2175	9970	<color=#26bbf9>70% rate in S-Rank pool</color>	Assets/Product/Texture/Image/UiDrawLog/UiDrawLog22.png	Assets/Product/Texture/Image/UiDrawLog/UiDrawLog23.png	Rate in S-Rank pool:	70%	0	0.0	0.0	0	0.0	0.0	0	0.0	0
2176	9960	<color=#26bbf9>70% rate in S-Rank pool</color>	Assets/Product/Texture/Image/UiDrawLog/UiDrawLog22.png	Assets/Product/Texture/Image/UiDrawLog/UiDrawLog23.png	Rate in S-Rank pool:	70%	0	0.0	0.0	0	0.0	0.0	0	0.0	0
2177	9950	<color=#26bbf9>70% rate in S-Rank pool</color>	Assets/Product/Texture/Image/UiDrawLog/UiDrawLog22.png	Assets/Product/Texture/Image/UiDrawLog/UiDrawLog23.png	Rate in S-Rank pool:	70%	0	0.0	0.0	0	0.0	0.0	0	0.0	0
2178	9940	<color=#26bbf9>70% rate in S-Rank pool</color>	Assets/Product/Texture/Image/UiDrawLog/UiDrawLog22.png	Assets/Product/Texture/Image/UiDrawLog/UiDrawLog23.png	Rate in S-Rank pool:	70%	0	0.0	0.0	0	0.0	0.0	0	0.0	0
2179	9930	<color=#26bbf9>70% rate in S-Rank pool</color>	Assets/Product/Texture/Image/UiDrawLog/UiDrawLog22.png	Assets/Product/Texture/Image/UiDrawLog/UiDrawLog23.png	Rate in S-Rank pool:	70%	0	0.0	0.0	0	0.0	0.0	0	0.0	0
2180	9920	<color=#26bbf9>70% rate in S-Rank pool</color>	Assets/Product/Texture/Image/UiDrawLog/UiDrawLog22.png	Assets/Product/Texture/Image/UiDrawLog/UiDrawLog23.png	Rate in S-Rank pool:	70%	0	0.0	0.0	0	0.0	0.0	0	0.0	0
2181	10000	<color=#ff8d1e>100% rate in S-Rank pool</color>	Assets/Product/Texture/Image/UiDrawLog/UiDrawLog22.png	Assets/Product/Texture/Image/UiDrawLog/UiDrawLog23.png	Rate in S-Rank pool:	100%	0	0.0	0.0	0	0.0	0.0	0	0.0	0
2182	10000	<color=#26bbf9>70% rate in S-Rank pool</color>	Assets/Product/Texture/Image/UiDrawLog/UiDrawLog22.png	Assets/Product/Texture/Image/UiDrawLog/UiDrawLog23.png	Rate in S-Rank pool:	70%	0	0.0	0.0	0	0.0	0.0	0	0.0	0
2183	9990	<color=#26bbf9>70% rate in S-Rank pool</color>	Assets/Product/Texture/Image/UiDrawLog/UiDrawLog22.png	Assets/Product/Texture/Image/UiDrawLog/UiDrawLog23.png	Rate in S-Rank pool:	70%	0	0.0	0.0	0	0.0	0.0	0	0.0	0
2184	9980	<color=#26bbf9>70% rate in S-Rank pool</color>	Assets/Product/Texture/Image/UiDrawLog/UiDrawLog22.png	Assets/Product/Texture/Image/UiDrawLog/UiDrawLog23.png	Rate in S-Rank pool:	70%	0	0.0	0.0	0	0.0	0.0	0	0.0	0
2185	9970	<color=#26bbf9>70% rate in S-Rank pool</color>	Assets/Product/Texture/Image/UiDrawLog/UiDrawLog22.png	Assets/Product/Texture/Image/UiDrawLog/UiDrawLog23.png	Rate in S-Rank pool:	70%	0	0.0	0.0	0	0.0	0.0	0	0.0	0
2186	9960	<color=#26bbf9>70% rate in S-Rank pool</color>	Assets/Product/Texture/Image/UiDrawLog/UiDrawLog22.png	Assets/Product/Texture/Image/UiDrawLog/UiDrawLog23.png	Rate in S-Rank pool:	70%	0	0.0	0.0	0	0.0	0.0	0	0.0	0
2187	9950	<color=#26bbf9>70% rate in S-Rank pool</color>	Assets/Product/Texture/Image/UiDrawLog/UiDrawLog22.png	Assets/Product/Texture/Image/UiDrawLog/UiDrawLog23.png	Rate in S-Rank pool:	70%	0	0.0	0.0	0	0.0	0.0	0	0.0	0
2188	9940	<color=#26bbf9>70% rate in S-Rank pool</color>	Assets/Product/Texture/Image/UiDrawLog/UiDrawLog22.png	Assets/Product/Texture/Image/UiDrawLog/UiDrawLog23.png	Rate in S-Rank pool:	70%	0	0.0	0.0	0	0.0	0.0	0	0.0	0
2189	9930	<color=#26bbf9>70% rate in S-Rank pool</color>	Assets/Product/Texture/Image/UiDrawLog/UiDrawLog22.png	Assets/Product/Texture/Image/UiDrawLog/UiDrawLog23.png	Rate in S-Rank pool:	70%	0	0.0	0.0	0	0.0	0.0	0	0.0	0
2190	9920	<color=#26bbf9>70% rate in S-Rank pool</color>	Assets/Product/Texture/Image/UiDrawLog/UiDrawLog22.png	Assets/Product/Texture/Image/UiDrawLog/UiDrawLog23.png	Rate in S-Rank pool:	70%	0	0.0	0.0	0	0.0	0.0	0	0.0	0
2191	10000	<color=#ff8d1e>100% rate in S-Rank pool</color>	Assets/Product/Texture/Image/UiDrawLog/UiDrawLog22.png	Assets/Product/Texture/Image/UiDrawLog/UiDrawLog23.png	Rate in S-Rank pool:	100%	0	0.0	0.0	0	0.0	0.0	0	0.0	0
2192	10000	<color=#26bbf9>70% rate in S-Rank pool</color>	Assets/Product/Texture/Image/UiDrawLog/UiDrawLog22.png	Assets/Product/Texture/Image/UiDrawLog/UiDrawLog23.png	Rate in S-Rank pool:	70%	0	0.0	0.0	0	0.0	0.0	0	0.0	0
2193	9990	<color=#26bbf9>70% rate in S-Rank pool</color>	Assets/Product/Texture/Image/UiDrawLog/UiDrawLog22.png	Assets/Product/Texture/Image/UiDrawLog/UiDrawLog23.png	Rate in S-Rank pool:	70%	0	0.0	0.0	0	0.0	0.0	0	0.0	0
2194	9980	<color=#26bbf9>70% rate in S-Rank pool</color>	Assets/Product/Texture/Image/UiDrawLog/UiDrawLog22.png	Assets/Product/Texture/Image/UiDrawLog/UiDrawLog23.png	Rate in S-Rank pool:	70%	0	0.0	0.0	0	0.0	0.0	0	0.0	0
2195	9970	<color=#26bbf9>70% rate in S-Rank pool</color>	Assets/Product/Texture/Image/UiDrawLog/UiDrawLog22.png	Assets/Product/Texture/Image/UiDrawLog/UiDrawLog23.png	Rate in S-Rank pool:	70%	0	0.0	0.0	0	0.0	0.0	0	0.0	0
2196	9960	<color=#26bbf9>70% rate in S-Rank pool</color>	Assets/Product/Texture/Image/UiDrawLog/UiDrawLog22.png	Assets/Product/Texture/Image/UiDrawLog/UiDrawLog23.png	Rate in S-Rank pool:	70%	0	0.0	0.0	0	0.0	0.0	0	0.0	0
2197	9950	<color=#26bbf9>70% rate in S-Rank pool</color>	Assets/Product/Texture/Image/UiDrawLog/UiDrawLog22.png	Assets/Product/Texture/Image/UiDrawLog/UiDrawLog23.png	Rate in S-Rank pool:	70%	0	0.0	0.0	0	0.0	0.0	0	0.0	0
2198	9940	<color=#26bbf9>70% rate in S-Rank pool</color>	Assets/Product/Texture/Image/UiDrawLog/UiDrawLog22.png	Assets/Product/Texture/Image/UiDrawLog/UiDrawLog23.png	Rate in S-Rank pool:	70%	0	0.0	0.0	0	0.0	0.0	0	0.0	0
2199	9930	<color=#26bbf9>70% rate in S-Rank pool</color>	Assets/Product/Texture/Image/UiDrawLog/UiDrawLog22.png	Assets/Product/Texture/Image/UiDrawLog/UiDrawLog23.png	Rate in S-Rank pool:	70%	0	0.0	0.0	0	0.0	0.0	0	0.0	0
2200	9920	<color=#26bbf9>70% rate in S-Rank pool</color>	Assets/Product/Texture/Image/UiDrawLog/UiDrawLog22.png	Assets/Product/Texture/Image/UiDrawLog/UiDrawLog23.png	Rate in S-Rank pool:	70%	0	0.0	0.0	0	0.0	0.0	0	0.0	0
2201	10000	<color=#26bbf9>70% rate in S-Rank pool</color>	Assets/Product/Texture/Image/UiDrawLog/UiDrawLog22.png	Assets/Product/Texture/Image/UiDrawLog/UiDrawLog23.png	Rate in S-Rank pool:	70%	0	0.0	0.0	0	0.0	0.0	0	0.0	0
2202	9990	<color=#26bbf9>70% rate in S-Rank pool</color>	Assets/Product/Texture/Image/UiDrawLog/UiDrawLog22.png	Assets/Product/Texture/Image/UiDrawLog/UiDrawLog23.png	Rate in S-Rank pool:	70%	0	0.0	0.0	0	0.0	0.0	0	0.0	0
2203	9980	<color=#26bbf9>70% rate in S-Rank pool</color>	Assets/Product/Texture/Image/UiDrawLog/UiDrawLog22.png	Assets/Product/Texture/Image/UiDrawLog/UiDrawLog23.png	Rate in S-Rank pool:	70%	0	0.0	0.0	0	0.0	0.0	0	0.0	0
2204	9970	<color=#26bbf9>70% rate in S-Rank pool</color>	Assets/Product/Texture/Image/UiDrawLog/UiDrawLog22.png	Assets/Product/Texture/Image/UiDrawLog/UiDrawLog23.png	Rate in S-Rank pool:	70%	0	0.0	0.0	0	0.0	0.0	0	0.0	0
2205	9960	<color=#26bbf9>70% rate in S-Rank pool</color>	Assets/Product/Texture/Image/UiDrawLog/UiDrawLog22.png	Assets/Product/Texture/Image/UiDrawLog/UiDrawLog23.png	Rate in S-Rank pool:	70%	0	0.0	0.0	0	0.0	0.0	0	0.0	0
2206	9950	<color=#26bbf9>70% rate in S-Rank pool</color>	Assets/Product/Texture/Image/UiDrawLog/UiDrawLog22.png	Assets/Product/Texture/Image/UiDrawLog/UiDrawLog23.png	Rate in S-Rank pool:	70%	0	0.0	0.0	0	0.0	0.0	0	0.0	0
2207	9940	<color=#26bbf9>70% rate in S-Rank pool</color>	Assets/Product/Texture/Image/UiDrawLog/UiDrawLog22.png	Assets/Product/Texture/Image/UiDrawLog/UiDrawLog23.png	Rate in S-Rank pool:	70%	0	0.0	0.0	0	0.0	0.0	0	0.0	0
2208	9930	<color=#26bbf9>70% rate in S-Rank pool</color>	Assets/Product/Texture/Image/UiDrawLog/UiDrawLog22.png	Assets/Product/Texture/Image/UiDrawLog/UiDrawLog23.png	Rate in S-Rank pool:	70%	0	0.0	0.0	0	0.0	0.0	0	0.0	0
2209	9920	<color=#26bbf9>70% rate in S-Rank pool</color>	Assets/Product/Texture/Image/UiDrawLog/UiDrawLog22.png	Assets/Product/Texture/Image/UiDrawLog/UiDrawLog23.png	Rate in S-Rank pool:	70%	0	0.0	0.0	0	0.0	0.0	0	0.0	0
2210	10000	<color=#ff8d1e>100% rate in S-Rank pool</color>	Assets/Product/Texture/Image/UiDrawLog/UiDrawLog22.png	Assets/Product/Texture/Image/UiDrawLog/UiDrawLog23.png	Rate in S-Rank pool:	100%	0	0.0	0.0	0	0.0	0.0	0	0.0	0
2211	10000	<color=#26bbf9>70% rate in S-Rank pool</color>	Assets/Product/Texture/Image/UiDrawLog/UiDrawLog22.png	Assets/Product/Texture/Image/UiDrawLog/UiDrawLog23.png	Rate in S-Rank pool:	70%	0	0.0	0.0	0	0.0	0.0	0	0.0	0
2212	9990	<color=#26bbf9>70% rate in S-Rank pool</color>	Assets/Product/Texture/Image/UiDrawLog/UiDrawLog22.png	Assets/Product/Texture/Image/UiDrawLog/UiDrawLog23.png	Rate in S-Rank pool:	70%	0	0.0	0.0	0	0.0	0.0	0	0.0	0
2213	9980	<color=#26bbf9>70% rate in S-Rank pool</color>	Assets/Product/Texture/Image/UiDrawLog/UiDrawLog22.png	Assets/Product/Texture/Image/UiDrawLog/UiDrawLog23.png	Rate in S-Rank pool:	70%	0	0.0	0.0	0	0.0	0.0	0	0.0	0
2214	9970	<color=#26bbf9>70% rate in S-Rank pool</color>	Assets/Product/Texture/Image/UiDrawLog/UiDrawLog22.png	Assets/Product/Texture/Image/UiDrawLog/UiDrawLog23.png	Rate in S-Rank pool:	70%	0	0.0	0.0	0	0.0	0.0	0	0.0	0
2215	9960	<color=#26bbf9>70% rate in S-Rank pool</color>	Assets/Product/Texture/Image/UiDrawLog/UiDrawLog22.png	Assets/Product/Texture/Image/UiDrawLog/UiDrawLog23.png	Rate in S-Rank pool:	70%	0	0.0	0.0	0	0.0	0.0	0	0.0	0
2216	9950	<color=#26bbf9>70% rate in S-Rank pool</color>	Assets/Product/Texture/Image/UiDrawLog/UiDrawLog22.png	Assets/Product/Texture/Image/UiDrawLog/UiDrawLog23.png	Rate in S-Rank pool:	70%	0	0.0	0.0	0	0.0	0.0	0	0.0	0
2217	9940	<color=#26bbf9>70% rate in S-Rank pool</color>	Assets/Product/Texture/Image/UiDrawLog/UiDrawLog22.png	Assets/Product/Texture/Image/UiDrawLog/UiDrawLog23.png	Rate in S-Rank pool:	70%	0	0.0	0.0	0	0.0	0.0	0	0.0	0
2218	9930	<color=#26bbf9>70% rate in S-Rank pool</color>	Assets/Product/Texture/Image/UiDrawLog/UiDrawLog22.png	Assets/Product/Texture/Image/UiDrawLog/UiDrawLog23.png	Rate in S-Rank pool:	70%	0	0.0	0.0	0	0.0	0.0	0	0.0	0
2219	9920	<color=#26bbf9>70% rate in S-Rank pool</color>	Assets/Product/Texture/Image/UiDrawLog/UiDrawLog22.png	Assets/Product/Texture/Image/UiDrawLog/UiDrawLog23.png	Rate in S-Rank pool:	70%	0	0.0	0.0	0	0.0	0.0	0	0.0	0
2220	10000	<color=#26bbf9>70% rate in S-Rank pool</color>	Assets/Product/Texture/Image/UiDrawLog/UiDrawLog22.png	Assets/Product/Texture/Image/UiDrawLog/UiDrawLog23.png	Rate in S-Rank pool:	70%	0	0.0	0.0	0	0.0	0.0	0	0.0	0
2221	9990	<color=#26bbf9>70% rate in S-Rank pool</color>	Assets/Product/Texture/Image/UiDrawLog/UiDrawLog22.png	Assets/Product/Texture/Image/UiDrawLog/UiDrawLog23.png	Rate in S-Rank pool:	70%	0	0.0	0.0	0	0.0	0.0	0	0.0	0
2222	9980	<color=#26bbf9>70% rate in S-Rank pool</color>	Assets/Product/Texture/Image/UiDrawLog/UiDrawLog22.png	Assets/Product/Texture/Image/UiDrawLog/UiDrawLog23.png	Rate in S-Rank pool:	70%	0	0.0	0.0	0	0.0	0.0	0	0.0	0
2223	9970	<color=#26bbf9>70% rate in S-Rank pool</color>	Assets/Product/Texture/Image/UiDrawLog/UiDrawLog22.png	Assets/Product/Texture/Image/UiDrawLog/UiDrawLog23.png	Rate in S-Rank pool:	70%	0	0.0	0.0	0	0.0	0.0	0	0.0	0
2224	9960	<color=#26bbf9>70% rate in S-Rank pool</color>	Assets/Product/Texture/Image/UiDrawLog/UiDrawLog22.png	Assets/Product/Texture/Image/UiDrawLog/UiDrawLog23.png	Rate in S-Rank pool:	70%	0	0.0	0.0	0	0.0	0.0	0	0.0	0
2225	9950	<color=#26bbf9>70% rate in S-Rank pool</color>	Assets/Product/Texture/Image/UiDrawLog/UiDrawLog22.png	Assets/Product/Texture/Image/UiDrawLog/UiDrawLog23.png	Rate in S-Rank pool:	70%	0	0.0	0.0	0	0.0	0.0	0	0.0	0
2226	9940	<color=#26bbf9>70% rate in S-Rank pool</color>	Assets/Product/Texture/Image/UiDrawLog/UiDrawLog22.png	Assets/Product/Texture/Image/UiDrawLog/UiDrawLog23.png	Rate in S-Rank pool:	70%	0	0.0	0.0	0	0.0	0.0	0	0.0	0
2227	9930	<color=#26bbf9>70% rate in S-Rank pool</color>	Assets/Product/Texture/Image/UiDrawLog/UiDrawLog22.png	Assets/Product/Texture/Image/UiDrawLog/UiDrawLog23.png	Rate in S-Rank pool:	70%	0	0.0	0.0	0	0.0	0.0	0	0.0	0
2228	9920	<color=#26bbf9>70% rate in S-Rank pool</color>	Assets/Product/Texture/Image/UiDrawLog/UiDrawLog22.png	Assets/Product/Texture/Image/UiDrawLog/UiDrawLog23.png	Rate in S-Rank pool:	70%	0	0.0	0.0	0	0.0	0.0	0	0.0	0
2229	10000	<color=#ff8d1e>100% rate in S-Rank pool</color>	Assets/Product/Texture/Image/UiDrawLog/UiDrawLog22.png	Assets/Product/Texture/Image/UiDrawLog/UiDrawLog23.png	Rate in S-Rank pool:	100%	0	0.0	0.0	0	0.0	0.0	0	0.0	0
2230	10000	<color=#26bbf9>70% rate in S-Rank pool</color>	Assets/Product/Texture/Image/UiDrawLog/UiDrawLog22.png	Assets/Product/Texture/Image/UiDrawLog/UiDrawLog23.png	Rate in S-Rank pool:	70%	0	0.0	0.0	0	0.0	0.0	0	0.0	0
2231	9990	<color=#26bbf9>70% rate in S-Rank pool</color>	Assets/Product/Texture/Image/UiDrawLog/UiDrawLog22.png	Assets/Product/Texture/Image/UiDrawLog/UiDrawLog23.png	Rate in S-Rank pool:	70%	0	0.0	0.0	0	0.0	0.0	0	0.0	0
2232	9980	<color=#26bbf9>70% rate in S-Rank pool</color>	Assets/Product/Texture/Image/UiDrawLog/UiDrawLog22.png	Assets/Product/Texture/Image/UiDrawLog/UiDrawLog23.png	Rate in S-Rank pool:	70%	0	0.0	0.0	0	0.0	0.0	0	0.0	0
2233	9970	<color=#26bbf9>70% rate in S-Rank pool</color>	Assets/Product/Texture/Image/UiDrawLog/UiDrawLog22.png	Assets/Product/Texture/Image/UiDrawLog/UiDrawLog23.png	Rate in S-Rank pool:	70%	0	0.0	0.0	0	0.0	0.0	0	0.0	0
2234	9960	<color=#26bbf9>70% rate in S-Rank pool</color>	Assets/Product/Texture/Image/UiDrawLog/UiDrawLog22.png	Assets/Product/Texture/Image/UiDrawLog/UiDrawLog23.png	Rate in S-Rank pool:	70%	0	0.0	0.0	0	0.0	0.0	0	0.0	0
2235	9950	<color=#26bbf9>70% rate in S-Rank pool</color>	Assets/Product/Texture/Image/UiDrawLog/UiDrawLog22.png	Assets/Product/Texture/Image/UiDrawLog/UiDrawLog23.png	Rate in S-Rank pool:	70%	0	0.0	0.0	0	0.0	0.0	0	0.0	0
2236	9940	<color=#26bbf9>70% rate in S-Rank pool</color>	Assets/Product/Texture/Image/UiDrawLog/UiDrawLog22.png	Assets/Product/Texture/Image/UiDrawLog/UiDrawLog23.png	Rate in S-Rank pool:	70%	0	0.0	0.0	0	0.0	0.0	0	0.0	0
2237	9930	<color=#26bbf9>70% rate in S-Rank pool</color>	Assets/Product/Texture/Image/UiDrawLog/UiDrawLog22.png	Assets/Product/Texture/Image/UiDrawLog/UiDrawLog23.png	Rate in S-Rank pool:	70%	0	0.0	0.0	0	0.0	0.0	0	0.0	0
2238	9920	<color=#26bbf9>70% rate in S-Rank pool</color>	Assets/Product/Texture/Image/UiDrawLog/UiDrawLog22.png	Assets/Product/Texture/Image/UiDrawLog/UiDrawLog23.png	Rate in S-Rank pool:	70%	0	0.0	0.0	0	0.0	0.0	0	0.0	0
2239	10000	<color=#ff8d1e>100% rate in S-Rank pool</color>	Assets/Product/Texture/Image/UiDrawLog/UiDrawLog22.png	Assets/Product/Texture/Image/UiDrawLog/UiDrawLog23.png	Rate in S-Rank pool:	100%	0	0.0	0.0	0	0.0	0.0	0	0.0	0
2240	10000	<color=#26bbf9>70% rate in S-Rank pool</color>	Assets/Product/Texture/Image/UiDrawLog/UiDrawLog22.png	Assets/Product/Texture/Image/UiDrawLog/UiDrawLog23.png	Rate in S-Rank pool:	70%	0	0.0	0.0	0	0.0	0.0	0	0.0	0
2241	9990	<color=#26bbf9>70% rate in S-Rank pool</color>	Assets/Product/Texture/Image/UiDrawLog/UiDrawLog22.png	Assets/Product/Texture/Image/UiDrawLog/UiDrawLog23.png	Rate in S-Rank pool:	70%	0	0.0	0.0	0	0.0	0.0	0	0.0	0
2242	9980	<color=#26bbf9>70% rate in S-Rank pool</color>	Assets/Product/Texture/Image/UiDrawLog/UiDrawLog22.png	Assets/Product/Texture/Image/UiDrawLog/UiDrawLog23.png	Rate in S-Rank pool:	70%	0	0.0	0.0	0	0.0	0.0	0	0.0	0
2243	9970	<color=#26bbf9>70% rate in S-Rank pool</color>	Assets/Product/Texture/Image/UiDrawLog/UiDrawLog22.png	Assets/Product/Texture/Image/UiDrawLog/UiDrawLog23.png	Rate in S-Rank pool:	70%	0	0.0	0.0	0	0.0	0.0	0	0.0	0
2244	9960	<color=#26bbf9>70% rate in S-Rank pool</color>	Assets/Product/Texture/Image/UiDrawLog/UiDrawLog22.png	Assets/Product/Texture/Image/UiDrawLog/UiDrawLog23.png	Rate in S-Rank pool:	70%	0	0.0	0.0	0	0.0	0.0	0	0.0	0
2245	9950	<color=#26bbf9>70% rate in S-Rank pool</color>	Assets/Product/Texture/Image/UiDrawLog/UiDrawLog22.png	Assets/Product/Texture/Image/UiDrawLog/UiDrawLog23.png	Rate in S-Rank pool:	70%	0	0.0	0.0	0	0.0	0.0	0	0.0	0
2246	9940	<color=#26bbf9>70% rate in S-Rank pool</color>	Assets/Product/Texture/Image/UiDrawLog/UiDrawLog22.png	Assets/Product/Texture/Image/UiDrawLog/UiDrawLog23.png	Rate in S-Rank pool:	70%	0	0.0	0.0	0	0.0	0.0	0	0.0	0
2247	9930	<color=#26bbf9>70% rate in S-Rank pool</color>	Assets/Product/Texture/Image/UiDrawLog/UiDrawLog22.png	Assets/Product/Texture/Image/UiDrawLog/UiDrawLog23.png	Rate in S-Rank pool:	70%	0	0.0	0.0	0	0.0	0.0	0	0.0	0
2248	9920	<color=#26bbf9>70% rate in S-Rank pool</color>	Assets/Product/Texture/Image/UiDrawLog/UiDrawLog22.png	Assets/Product/Texture/Image/UiDrawLog/UiDrawLog23.png	Rate in S-Rank pool:	70%	0	0.0	0.0	0	0.0	0.0	0	0.0	0
2249	10000	<color=#26bbf9>70% rate in S-Rank pool</color>	Assets/Product/Texture/Image/UiDrawLog/UiDrawLog22.png	Assets/Product/Texture/Image/UiDrawLog/UiDrawLog23.png	Rate in S-Rank pool:	70%	0	0.0	0.0	0	0.0	0.0	0	0.0	0
2250	9990	<color=#26bbf9>70% rate in S-Rank pool</color>	Assets/Product/Texture/Image/UiDrawLog/UiDrawLog22.png	Assets/Product/Texture/Image/UiDrawLog/UiDrawLog23.png	Rate in S-Rank pool:	70%	0	0.0	0.0	0	0.0	0.0	0	0.0	0
2251	9980	<color=#26bbf9>70% rate in S-Rank pool</color>	Assets/Product/Texture/Image/UiDrawLog/UiDrawLog22.png	Assets/Product/Texture/Image/UiDrawLog/UiDrawLog23.png	Rate in S-Rank pool:	70%	0	0.0	0.0	0	0.0	0.0	0	0.0	0
2252	9970	<color=#26bbf9>70% rate in S-Rank pool</color>	Assets/Product/Texture/Image/UiDrawLog/UiDrawLog22.png	Assets/Product/Texture/Image/UiDrawLog/UiDrawLog23.png	Rate in S-Rank pool:	70%	0	0.0	0.0	0	0.0	0.0	0	0.0	0
2253	9960	<color=#26bbf9>70% rate in S-Rank pool</color>	Assets/Product/Texture/Image/UiDrawLog/UiDrawLog22.png	Assets/Product/Texture/Image/UiDrawLog/UiDrawLog23.png	Rate in S-Rank pool:	70%	0	0.0	0.0	0	0.0	0.0	0	0.0	0
2254	9950	<color=#26bbf9>70% rate in S-Rank pool</color>	Assets/Product/Texture/Image/UiDrawLog/UiDrawLog22.png	Assets/Product/Texture/Image/UiDrawLog/UiDrawLog23.png	Rate in S-Rank pool:	70%	0	0.0	0.0	0	0.0	0.0	0	0.0	0
2255	10000	<color=#26bbf9>70% rate in S-Rank pool</color>	Assets/Product/Texture/Image/UiDrawLog/UiDrawLog22.png	Assets/Product/Texture/Image/UiDrawLog/UiDrawLog23.png	Rate in S-Rank pool:	70%	0	0.0	0.0	0	0.0	0.0	0	0.0	0
2256	9990	<color=#26bbf9>70% rate in S-Rank pool</color>	Assets/Product/Texture/Image/UiDrawLog/UiDrawLog22.png	Assets/Product/Texture/Image/UiDrawLog/UiDrawLog23.png	Rate in S-Rank pool:	70%	0	0.0	0.0	0	0.0	0.0	0	0.0	0
2257	9980	<color=#26bbf9>70% rate in S-Rank pool</color>	Assets/Product/Texture/Image/UiDrawLog/UiDrawLog22.png	Assets/Product/Texture/Image/UiDrawLog/UiDrawLog23.png	Rate in S-Rank pool:	70%	0	0.0	0.0	0	0.0	0.0	0	0.0	0
2258	9970	<color=#26bbf9>70% rate in S-Rank pool</color>	Assets/Product/Texture/Image/UiDrawLog/UiDrawLog22.png	Assets/Product/Texture/Image/UiDrawLog/UiDrawLog23.png	Rate in S-Rank pool:	70%	0	0.0	0.0	0	0.0	0.0	0	0.0	0
2259	9960	<color=#26bbf9>70% rate in S-Rank pool</color>	Assets/Product/Texture/Image/UiDrawLog/UiDrawLog22.png	Assets/Product/Texture/Image/UiDrawLog/UiDrawLog23.png	Rate in S-Rank pool:	70%	0	0.0	0.0	0	0.0	0.0	0	0.0	0
2260	9950	<color=#26bbf9>70% rate in S-Rank pool</color>	Assets/Product/Texture/Image/UiDrawLog/UiDrawLog22.png	Assets/Product/Texture/Image/UiDrawLog/UiDrawLog23.png	Rate in S-Rank pool:	70%	0	0.0	0.0	0	0.0	0.0	0	0.0	0
2261	9940	<color=#26bbf9>70% rate in S-Rank pool</color>	Assets/Product/Texture/Image/UiDrawLog/UiDrawLog22.png	Assets/Product/Texture/Image/UiDrawLog/UiDrawLog23.png	Rate in S-Rank pool:	70%	0	0.0	0.0	0	0.0	0.0	0	0.0	0
2262	9930	<color=#26bbf9>70% rate in S-Rank pool</color>	Assets/Product/Texture/Image/UiDrawLog/UiDrawLog22.png	Assets/Product/Texture/Image/UiDrawLog/UiDrawLog23.png	Rate in S-Rank pool:	70%	0	0.0	0.0	0	0.0	0.0	0	0.0	0
2263	9920	<color=#26bbf9>70% rate in S-Rank pool</color>	Assets/Product/Texture/Image/UiDrawLog/UiDrawLog22.png	Assets/Product/Texture/Image/UiDrawLog/UiDrawLog23.png	Rate in S-Rank pool:	70%	0	0.0	0.0	0	0.0	0.0	0	0.0	0
2264	10000	<color=#ff8d1e>100% rate in S-Rank pool</color>	Assets/Product/Texture/Image/UiDrawLog/UiDrawLog22.png	Assets/Product/Texture/Image/UiDrawLog/UiDrawLog23.png	Rate in S-Rank pool:	100%	0	0.0	0.0	0	0.0	0.0	0	0.0	0
2265	10000	<color=#ff8d1e>100% rate in S-Rank pool</color>	Assets/Product/Texture/Image/UiDrawLog/UiDrawLog22.png	Assets/Product/Texture/Image/UiDrawLog/UiDrawLog23.png	Rate in S-Rank pool:	100%	0	0.0	0.0	0	0.0	0.0	0	0.0	0
2266	10000	<color=#26bbf9>70% rate in S-Rank pool</color>	Assets/Product/Texture/Image/UiDrawLog/UiDrawLog22.png	Assets/Product/Texture/Image/UiDrawLog/UiDrawLog23.png	Rate in S-Rank pool:	70%	0	0.0	0.0	0	0.0	0.0	0	0.0	0
2267	9990	<color=#26bbf9>70% rate in S-Rank pool</color>	Assets/Product/Texture/Image/UiDrawLog/UiDrawLog22.png	Assets/Product/Texture/Image/UiDrawLog/UiDrawLog23.png	Rate in S-Rank pool:	70%	0	0.0	0.0	0	0.0	0.0	0	0.0	0
2268	9980	<color=#26bbf9>70% rate in S-Rank pool</color>	Assets/Product/Texture/Image/UiDrawLog/UiDrawLog22.png	Assets/Product/Texture/Image/UiDrawLog/UiDrawLog23.png	Rate in S-Rank pool:	70%	0	0.0	0.0	0	0.0	0.0	0	0.0	0
2269	9970	<color=#26bbf9>70% rate in S-Rank pool</color>	Assets/Product/Texture/Image/UiDrawLog/UiDrawLog22.png	Assets/Product/Texture/Image/UiDrawLog/UiDrawLog23.png	Rate in S-Rank pool:	70%	0	0.0	0.0	0	0.0	0.0	0	0.0	0
2270	9960	<color=#26bbf9>70% rate in S-Rank pool</color>	Assets/Product/Texture/Image/UiDrawLog/UiDrawLog22.png	Assets/Product/Texture/Image/UiDrawLog/UiDrawLog23.png	Rate in S-Rank pool:	70%	0	0.0	0.0	0	0.0	0.0	0	0.0	0
2271	9950	<color=#26bbf9>70% rate in S-Rank pool</color>	Assets/Product/Texture/Image/UiDrawLog/UiDrawLog22.png	Assets/Product/Texture/Image/UiDrawLog/UiDrawLog23.png	Rate in S-Rank pool:	70%	0	0.0	0.0	0	0.0	0.0	0	0.0	0
2272	9940	<color=#26bbf9>70% rate in S-Rank pool</color>	Assets/Product/Texture/Image/UiDrawLog/UiDrawLog22.png	Assets/Product/Texture/Image/UiDrawLog/UiDrawLog23.png	Rate in S-Rank pool:	70%	0	0.0	0.0	0	0.0	0.0	0	0.0	0
2273	9930	<color=#26bbf9>70% rate in S-Rank pool</color>	Assets/Product/Texture/Image/UiDrawLog/UiDrawLog22.png	Assets/Product/Texture/Image/UiDrawLog/UiDrawLog23.png	Rate in S-Rank pool:	70%	0	0.0	0.0	0	0.0	0.0	0	0.0	0
2274	9920	<color=#26bbf9>70% rate in S-Rank pool</color>	Assets/Product/Texture/Image/UiDrawLog/UiDrawLog22.png	Assets/Product/Texture/Image/UiDrawLog/UiDrawLog23.png	Rate in S-Rank pool:	70%	0	0.0	0.0	0	0.0	0.0	0	0.0	0
2275	10000	<color=#26bbf9>70% rate in S-Rank pool</color>	Assets/Product/Texture/Image/UiDrawLog/UiDrawLog22.png	Assets/Product/Texture/Image/UiDrawLog/UiDrawLog23.png	Rate in S-Rank pool:	70%	0	0.0	0.0	0	0.0	0.0	0	0.0	0
2276	9990	<color=#26bbf9>70% rate in S-Rank pool</color>	Assets/Product/Texture/Image/UiDrawLog/UiDrawLog22.png	Assets/Product/Texture/Image/UiDrawLog/UiDrawLog23.png	Rate in S-Rank pool:	70%	0	0.0	0.0	0	0.0	0.0	0	0.0	0
2277	9980	<color=#26bbf9>70% rate in S-Rank pool</color>	Assets/Product/Texture/Image/UiDrawLog/UiDrawLog22.png	Assets/Product/Texture/Image/UiDrawLog/UiDrawLog23.png	Rate in S-Rank pool:	70%	0	0.0	0.0	0	0.0	0.0	0	0.0	0
2278	9970	<color=#26bbf9>70% rate in S-Rank pool</color>	Assets/Product/Texture/Image/UiDrawLog/UiDrawLog22.png	Assets/Product/Texture/Image/UiDrawLog/UiDrawLog23.png	Rate in S-Rank pool:	70%	0	0.0	0.0	0	0.0	0.0	0	0.0	0
2279	9960	<color=#26bbf9>70% rate in S-Rank pool</color>	Assets/Product/Texture/Image/UiDrawLog/UiDrawLog22.png	Assets/Product/Texture/Image/UiDrawLog/UiDrawLog23.png	Rate in S-Rank pool:	70%	0	0.0	0.0	0	0.0	0.0	0	0.0	0
2280	9950	<color=#26bbf9>70% rate in S-Rank pool</color>	Assets/Product/Texture/Image/UiDrawLog/UiDrawLog22.png	Assets/Product/Texture/Image/UiDrawLog/UiDrawLog23.png	Rate in S-Rank pool:	70%	0	0.0	0.0	0	0.0	0.0	0	0.0	0
2281	9940	<color=#26bbf9>70% rate in S-Rank pool</color>	Assets/Product/Texture/Image/UiDrawLog/UiDrawLog22.png	Assets/Product/Texture/Image/UiDrawLog/UiDrawLog23.png	Rate in S-Rank pool:	70%	0	0.0	0.0	0	0.0	0.0	0	0.0	0
2282	9930	<color=#26bbf9>70% rate in S-Rank pool</color>	Assets/Product/Texture/Image/UiDrawLog/UiDrawLog22.png	Assets/Product/Texture/Image/UiDrawLog/UiDrawLog23.png	Rate in S-Rank pool:	70%	0	0.0	0.0	0	0.0	0.0	0	0.0	0
2283	9920	<color=#26bbf9>70% rate in S-Rank pool</color>	Assets/Product/Texture/Image/UiDrawLog/UiDrawLog22.png	Assets/Product/Texture/Image/UiDrawLog/UiDrawLog23.png	Rate in S-Rank pool:	70%	0	0.0	0.0	0	0.0	0.0	0	0.0	0
2284	10000	<color=#ff8d1e>100% rate in S-Rank pool</color>	Assets/Product/Texture/Image/UiDrawLog/UiDrawLog22.png	Assets/Product/Texture/Image/UiDrawLog/UiDrawLog23.png	Rate in S-Rank pool:	100%	0	0.0	0.0	0	0.0	0.0	0	0.0	0
2285	10000	<color=#26bbf9>70% rate in S-Rank pool</color>	Assets/Product/Texture/Image/UiDrawLog/UiDrawLog22.png	Assets/Product/Texture/Image/UiDrawLog/UiDrawLog23.png	Rate in S-Rank pool:	70%	0	0.0	0.0	0	0.0	0.0	0	0.0	0
2286	9990	<color=#26bbf9>70% rate in S-Rank pool</color>	Assets/Product/Texture/Image/UiDrawLog/UiDrawLog22.png	Assets/Product/Texture/Image/UiDrawLog/UiDrawLog23.png	Rate in S-Rank pool:	70%	0	0.0	0.0	0	0.0	0.0	0	0.0	0
2287	9980	<color=#26bbf9>70% rate in S-Rank pool</color>	Assets/Product/Texture/Image/UiDrawLog/UiDrawLog22.png	Assets/Product/Texture/Image/UiDrawLog/UiDrawLog23.png	Rate in S-Rank pool:	70%	0	0.0	0.0	0	0.0	0.0	0	0.0	0
2288	9970	<color=#26bbf9>70% rate in S-Rank pool</color>	Assets/Product/Texture/Image/UiDrawLog/UiDrawLog22.png	Assets/Product/Texture/Image/UiDrawLog/UiDrawLog23.png	Rate in S-Rank pool:	70%	0	0.0	0.0	0	0.0	0.0	0	0.0	0
2289	9960	<color=#26bbf9>70% rate in S-Rank pool</color>	Assets/Product/Texture/Image/UiDrawLog/UiDrawLog22.png	Assets/Product/Texture/Image/UiDrawLog/UiDrawLog23.png	Rate in S-Rank pool:	70%	0	0.0	0.0	0	0.0	0.0	0	0.0	0
2290	9950	<color=#26bbf9>70% rate in S-Rank pool</color>	Assets/Product/Texture/Image/UiDrawLog/UiDrawLog22.png	Assets/Product/Texture/Image/UiDrawLog/UiDrawLog23.png	Rate in S-Rank pool:	70%	0	0.0	0.0	0	0.0	0.0	0	0.0	0
2291	9940	<color=#26bbf9>70% rate in S-Rank pool</color>	Assets/Product/Texture/Image/UiDrawLog/UiDrawLog22.png	Assets/Product/Texture/Image/UiDrawLog/UiDrawLog23.png	Rate in S-Rank pool:	70%	0	0.0	0.0	0	0.0	0.0	0	0.0	0
2292	9930	<color=#26bbf9>70% rate in S-Rank pool</color>	Assets/Product/Texture/Image/UiDrawLog/UiDrawLog22.png	Assets/Product/Texture/Image/UiDrawLog/UiDrawLog23.png	Rate in S-Rank pool:	70%	0	0.0	0.0	0	0.0	0.0	0	0.0	0
2293	9920	<color=#26bbf9>70% rate in S-Rank pool</color>	Assets/Product/Texture/Image/UiDrawLog/UiDrawLog22.png	Assets/Product/Texture/Image/UiDrawLog/UiDrawLog23.png	Rate in S-Rank pool:	70%	0	0.0	0.0	0	0.0	0.0	0	0.0	0
2294	10000	<color=#26bbf9>70% rate in S-Rank pool</color>	Assets/Product/Texture/Image/UiDrawLog/UiDrawLog22.png	Assets/Product/Texture/Image/UiDrawLog/UiDrawLog23.png	Rate in S-Rank pool:	70%	0	0.0	0.0	0	0.0	0.0	0	0.0	0
2295	9990	<color=#26bbf9>70% rate in S-Rank pool</color>	Assets/Product/Texture/Image/UiDrawLog/UiDrawLog22.png	Assets/Product/Texture/Image/UiDrawLog/UiDrawLog23.png	Rate in S-Rank pool:	70%	0	0.0	0.0	0	0.0	0.0	0	0.0	0
2296	9980	<color=#26bbf9>70% rate in S-Rank pool</color>	Assets/Product/Texture/Image/UiDrawLog/UiDrawLog22.png	Assets/Product/Texture/Image/UiDrawLog/UiDrawLog23.png	Rate in S-Rank pool:	70%	0	0.0	0.0	0	0.0	0.0	0	0.0	0
2297	9970	<color=#26bbf9>70% rate in S-Rank pool</color>	Assets/Product/Texture/Image/UiDrawLog/UiDrawLog22.png	Assets/Product/Texture/Image/UiDrawLog/UiDrawLog23.png	Rate in S-Rank pool:	70%	0	0.0	0.0	0	0.0	0.0	0	0.0	0
2298	9960	<color=#26bbf9>70% rate in S-Rank pool</color>	Assets/Product/Texture/Image/UiDrawLog/UiDrawLog22.png	Assets/Product/Texture/Image/UiDrawLog/UiDrawLog23.png	Rate in S-Rank pool:	70%	0	0.0	0.0	0	0.0	0.0	0	0.0	0
2299	9950	<color=#26bbf9>70% rate in S-Rank pool</color>	Assets/Product/Texture/Image/UiDrawLog/UiDrawLog22.png	Assets/Product/Texture/Image/UiDrawLog/UiDrawLog23.png	Rate in S-Rank pool:	70%	0	0.0	0.0	0	0.0	0.0	0	0.0	0
2300	9940	<color=#26bbf9>70% rate in S-Rank pool</color>	Assets/Product/Texture/Image/UiDrawLog/UiDrawLog22.png	Assets/Product/Texture/Image/UiDrawLog/UiDrawLog23.png	Rate in S-Rank pool:	70%	0	0.0	0.0	0	0.0	0.0	0	0.0	0
2301	9930	<color=#26bbf9>70% rate in S-Rank pool</color>	Assets/Product/Texture/Image/UiDrawLog/UiDrawLog22.png	Assets/Product/Texture/Image/UiDrawLog/UiDrawLog23.png	Rate in S-Rank pool:	70%	0	0.0	0.0	0	0.0	0.0	0	0.0	0
2302	9920	<color=#26bbf9>70% rate in S-Rank pool</color>	Assets/Product/Texture/Image/UiDrawLog/UiDrawLog22.png	Assets/Product/Texture/Image/UiDrawLog/UiDrawLog23.png	Rate in S-Rank pool:	70%	0	0.0	0.0	0	0.0	0.0	0	0.0	0
2303	10000	<color=#26bbf9>70% rate in S-Rank pool</color>	Assets/Product/Texture/Image/UiDrawLog/UiDrawLog22.png	Assets/Product/Texture/Image/UiDrawLog/UiDrawLog23.png	Rate in S-Rank pool:	70%	0	0.0	0.0	0	0.0	0.0	0	0.0	0
2304	9990	<color=#26bbf9>70% rate in S-Rank pool</color>	Assets/Product/Texture/Image/UiDrawLog/UiDrawLog22.png	Assets/Product/Texture/Image/UiDrawLog/UiDrawLog23.png	Rate in S-Rank pool:	70%	0	0.0	0.0	0	0.0	0.0	0	0.0	0
2305	9980	<color=#26bbf9>70% rate in S-Rank pool</color>	Assets/Product/Texture/Image/UiDrawLog/UiDrawLog22.png	Assets/Product/Texture/Image/UiDrawLog/UiDrawLog23.png	Rate in S-Rank pool:	70%	0	0.0	0.0	0	0.0	0.0	0	0.0	0
2306	9970	<color=#26bbf9>70% rate in S-Rank pool</color>	Assets/Product/Texture/Image/UiDrawLog/UiDrawLog22.png	Assets/Product/Texture/Image/UiDrawLog/UiDrawLog23.png	Rate in S-Rank pool:	70%	0	0.0	0.0	0	0.0	0.0	0	0.0	0
2307	9960	<color=#26bbf9>70% rate in S-Rank pool</color>	Assets/Product/Texture/Image/UiDrawLog/UiDrawLog22.png	Assets/Product/Texture/Image/UiDrawLog/UiDrawLog23.png	Rate in S-Rank pool:	70%	0	0.0	0.0	0	0.0	0.0	0	0.0	0
2308	9950	<color=#26bbf9>70% rate in S-Rank pool</color>	Assets/Product/Texture/Image/UiDrawLog/UiDrawLog22.png	Assets/Product/Texture/Image/UiDrawLog/UiDrawLog23.png	Rate in S-Rank pool:	70%	0	0.0	0.0	0	0.0	0.0	0	0.0	0
2309	9940	<color=#26bbf9>70% rate in S-Rank pool</color>	Assets/Product/Texture/Image/UiDrawLog/UiDrawLog22.png	Assets/Product/Texture/Image/UiDrawLog/UiDrawLog23.png	Rate in S-Rank pool:	70%	0	0.0	0.0	0	0.0	0.0	0	0.0	0
2310	9930	<color=#26bbf9>70% rate in S-Rank pool</color>	Assets/Product/Texture/Image/UiDrawLog/UiDrawLog22.png	Assets/Product/Texture/Image/UiDrawLog/UiDrawLog23.png	Rate in S-Rank pool:	70%	0	0.0	0.0	0	0.0	0.0	0	0.0	0
2311	9920	<color=#26bbf9>70% rate in S-Rank pool</color>	Assets/Product/Texture/Image/UiDrawLog/UiDrawLog22.png	Assets/Product/Texture/Image/UiDrawLog/UiDrawLog23.png	Rate in S-Rank pool:	70%	0	0.0	0.0	0	0.0	0.0	0	0.0	0
2312	10000	<color=#ff8d1e>100% rate in S-Rank pool</color>	Assets/Product/Texture/Image/UiDrawLog/UiDrawLog22.png	Assets/Product/Texture/Image/UiDrawLog/UiDrawLog23.png	Rate in S-Rank pool:	100%	0	0.0	0.0	0	0.0	0.0	0	0.0	0
2313	10000	<color=#26bbf9>70% rate in S-Rank pool</color>	Assets/Product/Texture/Image/UiDrawLog/UiDrawLog22.png	Assets/Product/Texture/Image/UiDrawLog/UiDrawLog23.png	Rate in S-Rank pool:	70%	0	0.0	0.0	0	0.0	0.0	0	0.0	0
2314	9990	<color=#26bbf9>70% rate in S-Rank pool</color>	Assets/Product/Texture/Image/UiDrawLog/UiDrawLog22.png	Assets/Product/Texture/Image/UiDrawLog/UiDrawLog23.png	Rate in S-Rank pool:	70%	0	0.0	0.0	0	0.0	0.0	0	0.0	0
2315	9980	<color=#26bbf9>70% rate in S-Rank pool</color>	Assets/Product/Texture/Image/UiDrawLog/UiDrawLog22.png	Assets/Product/Texture/Image/UiDrawLog/UiDrawLog23.png	Rate in S-Rank pool:	70%	0	0.0	0.0	0	0.0	0.0	0	0.0	0
2316	9970	<color=#26bbf9>70% rate in S-Rank pool</color>	Assets/Product/Texture/Image/UiDrawLog/UiDrawLog22.png	Assets/Product/Texture/Image/UiDrawLog/UiDrawLog23.png	Rate in S-Rank pool:	70%	0	0.0	0.0	0	0.0	0.0	0	0.0	0
2317	9960	<color=#26bbf9>70% rate in S-Rank pool</color>	Assets/Product/Texture/Image/UiDrawLog/UiDrawLog22.png	Assets/Product/Texture/Image/UiDrawLog/UiDrawLog23.png	Rate in S-Rank pool:	70%	0	0.0	0.0	0	0.0	0.0	0	0.0	0
2318	9950	<color=#26bbf9>70% rate in S-Rank pool</color>	Assets/Product/Texture/Image/UiDrawLog/UiDrawLog22.png	Assets/Product/Texture/Image/UiDrawLog/UiDrawLog23.png	Rate in S-Rank pool:	70%	0	0.0	0.0	0	0.0	0.0	0	0.0	0
2319	9940	<color=#26bbf9>70% rate in S-Rank pool</color>	Assets/Product/Texture/Image/UiDrawLog/UiDrawLog22.png	Assets/Product/Texture/Image/UiDrawLog/UiDrawLog23.png	Rate in S-Rank pool:	70%	0	0.0	0.0	0	0.0	0.0	0	0.0	0
2320	9930	<color=#26bbf9>70% rate in S-Rank pool</color>	Assets/Product/Texture/Image/UiDrawLog/UiDrawLog22.png	Assets/Product/Texture/Image/UiDrawLog/UiDrawLog23.png	Rate in S-Rank pool:	70%	0	0.0	0.0	0	0.0	0.0	0	0.0	0
2321	9920	<color=#26bbf9>70% rate in S-Rank pool</color>	Assets/Product/Texture/Image/UiDrawLog/UiDrawLog22.png	Assets/Product/Texture/Image/UiDrawLog/UiDrawLog23.png	Rate in S-Rank pool:	70%	0	0.0	0.0	0	0.0	0.0	0	0.0	0
2322	10000	<color=#ff8d1e>100% rate in S-Rank pool</color>	Assets/Product/Texture/Image/UiDrawLog/UiDrawLog22.png	Assets/Product/Texture/Image/UiDrawLog/UiDrawLog23.png	Rate in S-Rank pool:	100%	0	0.0	0.0	0	0.0	0.0	0	0.0	0
2323	10000	<color=#26bbf9>70% rate in S-Rank pool</color>	Assets/Product/Texture/Image/UiDrawLog/UiDrawLog22.png	Assets/Product/Texture/Image/UiDrawLog/UiDrawLog23.png	Rate in S-Rank pool:	70%	0	0.0	0.0	0	0.0	0.0	0	0.0	0
2324	9990	<color=#26bbf9>70% rate in S-Rank pool</color>	Assets/Product/Texture/Image/UiDrawLog/UiDrawLog22.png	Assets/Product/Texture/Image/UiDrawLog/UiDrawLog23.png	Rate in S-Rank pool:	70%	0	0.0	0.0	0	0.0	0.0	0	0.0	0
2325	9980	<color=#26bbf9>70% rate in S-Rank pool</color>	Assets/Product/Texture/Image/UiDrawLog/UiDrawLog22.png	Assets/Product/Texture/Image/UiDrawLog/UiDrawLog23.png	Rate in S-Rank pool:	70%	0	0.0	0.0	0	0.0	0.0	0	0.0	0
2326	9970	<color=#26bbf9>70% rate in S-Rank pool</color>	Assets/Product/Texture/Image/UiDrawLog/UiDrawLog22.png	Assets/Product/Texture/Image/UiDrawLog/UiDrawLog23.png	Rate in S-Rank pool:	70%	0	0.0	0.0	0	0.0	0.0	0	0.0	0
2327	9960	<color=#26bbf9>70% rate in S-Rank pool</color>	Assets/Product/Texture/Image/UiDrawLog/UiDrawLog22.png	Assets/Product/Texture/Image/UiDrawLog/UiDrawLog23.png	Rate in S-Rank pool:	70%	0	0.0	0.0	0	0.0	0.0	0	0.0	0
2328	9950	<color=#26bbf9>70% rate in S-Rank pool</color>	Assets/Product/Texture/Image/UiDrawLog/UiDrawLog22.png	Assets/Product/Texture/Image/UiDrawLog/UiDrawLog23.png	Rate in S-Rank pool:	70%	0	0.0	0.0	0	0.0	0.0	0	0.0	0
2329	9940	<color=#26bbf9>70% rate in S-Rank pool</color>	Assets/Product/Texture/Image/UiDrawLog/UiDrawLog22.png	Assets/Product/Texture/Image/UiDrawLog/UiDrawLog23.png	Rate in S-Rank pool:	70%	0	0.0	0.0	0	0.0	0.0	0	0.0	0
2330	9930	<color=#26bbf9>70% rate in S-Rank pool</color>	Assets/Product/Texture/Image/UiDrawLog/UiDrawLog22.png	Assets/Product/Texture/Image/UiDrawLog/UiDrawLog23.png	Rate in S-Rank pool:	70%	0	0.0	0.0	0	0.0	0.0	0	0.0	0
2331	9920	<color=#26bbf9>70% rate in S-Rank pool</color>	Assets/Product/Texture/Image/UiDrawLog/UiDrawLog22.png	Assets/Product/Texture/Image/UiDrawLog/UiDrawLog23.png	Rate in S-Rank pool:	70%	0	0.0	0.0	0	0.0	0.0	0	0.0	0
2332	10000	<color=#ff8d1e>100% rate in S-Rank pool</color>	Assets/Product/Texture/Image/UiDrawLog/UiDrawLog22.png	Assets/Product/Texture/Image/UiDrawLog/UiDrawLog23.png	Rate in S-Rank pool:	100%	0	0.0	0.0	0	0.0	0.0	0	0.0	0
2333	10000	<color=#26bbf9>70% rate in S-Rank pool</color>	Assets/Product/Texture/Image/UiDrawLog/UiDrawLog22.png	Assets/Product/Texture/Image/UiDrawLog/UiDrawLog23.png	Rate in S-Rank pool:	70%	0	0.0	0.0	0	0.0	0.0	0	0.0	0
2334	9990	<color=#26bbf9>70% rate in S-Rank pool</color>	Assets/Product/Texture/Image/UiDrawLog/UiDrawLog22.png	Assets/Product/Texture/Image/UiDrawLog/UiDrawLog23.png	Rate in S-Rank pool:	70%	0	0.0	0.0	0	0.0	0.0	0	0.0	0
2335	9980	<color=#26bbf9>70% rate in S-Rank pool</color>	Assets/Product/Texture/Image/UiDrawLog/UiDrawLog22.png	Assets/Product/Texture/Image/UiDrawLog/UiDrawLog23.png	Rate in S-Rank pool:	70%	0	0.0	0.0	0	0.0	0.0	0	0.0	0
2336	9970	<color=#26bbf9>70% rate in S-Rank pool</color>	Assets/Product/Texture/Image/UiDrawLog/UiDrawLog22.png	Assets/Product/Texture/Image/UiDrawLog/UiDrawLog23.png	Rate in S-Rank pool:	70%	0	0.0	0.0	0	0.0	0.0	0	0.0	0
2337	9960	<color=#26bbf9>70% rate in S-Rank pool</color>	Assets/Product/Texture/Image/UiDrawLog/UiDrawLog22.png	Assets/Product/Texture/Image/UiDrawLog/UiDrawLog23.png	Rate in S-Rank pool:	70%	0	0.0	0.0	0	0.0	0.0	0	0.0	0
2338	9950	<color=#26bbf9>70% rate in S-Rank pool</color>	Assets/Product/Texture/Image/UiDrawLog/UiDrawLog22.png	Assets/Product/Texture/Image/UiDrawLog/UiDrawLog23.png	Rate in S-Rank pool:	70%	0	0.0	0.0	0	0.0	0.0	0	0.0	0
2339	10000	<color=#26bbf9>70% rate in S-Rank pool</color>	Assets/Product/Texture/Image/UiDrawLog/UiDrawLog22.png	Assets/Product/Texture/Image/UiDrawLog/UiDrawLog23.png	Rate in S-Rank pool:	70%	0	0.0	0.0	0	0.0	0.0	0	0.0	0
2340	9990	<color=#26bbf9>70% rate in S-Rank pool</color>	Assets/Product/Texture/Image/UiDrawLog/UiDrawLog22.png	Assets/Product/Texture/Image/UiDrawLog/UiDrawLog23.png	Rate in S-Rank pool:	70%	0	0.0	0.0	0	0.0	0.0	0	0.0	0
2341	9980	<color=#26bbf9>70% rate in S-Rank pool</color>	Assets/Product/Texture/Image/UiDrawLog/UiDrawLog22.png	Assets/Product/Texture/Image/UiDrawLog/UiDrawLog23.png	Rate in S-Rank pool:	70%	0	0.0	0.0	0	0.0	0.0	0	0.0	0
2342	9970	<color=#26bbf9>70% rate in S-Rank pool</color>	Assets/Product/Texture/Image/UiDrawLog/UiDrawLog22.png	Assets/Product/Texture/Image/UiDrawLog/UiDrawLog23.png	Rate in S-Rank pool:	70%	0	0.0	0.0	0	0.0	0.0	0	0.0	0
2343	9960	<color=#26bbf9>70% rate in S-Rank pool</color>	Assets/Product/Texture/Image/UiDrawLog/UiDrawLog22.png	Assets/Product/Texture/Image/UiDrawLog/UiDrawLog23.png	Rate in S-Rank pool:	70%	0	0.0	0.0	0	0.0	0.0	0	0.0	0
2344	9950	<color=#26bbf9>70% rate in S-Rank pool</color>	Assets/Product/Texture/Image/UiDrawLog/UiDrawLog22.png	Assets/Product/Texture/Image/UiDrawLog/UiDrawLog23.png	Rate in S-Rank pool:	70%	0	0.0	0.0	0	0.0	0.0	0	0.0	0
2345	9940	<color=#26bbf9>70% rate in S-Rank pool</color>	Assets/Product/Texture/Image/UiDrawLog/UiDrawLog22.png	Assets/Product/Texture/Image/UiDrawLog/UiDrawLog23.png	Rate in S-Rank pool:	70%	0	0.0	0.0	0	0.0	0.0	0	0.0	0
2346	9930	<color=#26bbf9>70% rate in S-Rank pool</color>	Assets/Product/Texture/Image/UiDrawLog/UiDrawLog22.png	Assets/Product/Texture/Image/UiDrawLog/UiDrawLog23.png	Rate in S-Rank pool:	70%	0	0.0	0.0	0	0.0	0.0	0	0.0	0
2347	9920	<color=#26bbf9>70% rate in S-Rank pool</color>	Assets/Product/Texture/Image/UiDrawLog/UiDrawLog22.png	Assets/Product/Texture/Image/UiDrawLog/UiDrawLog23.png	Rate in S-Rank pool:	70%	0	0.0	0.0	0	0.0	0.0	0	0.0	0
2348	10000	<color=#ff8d1e>100% rate in S-Rank pool</color>	Assets/Product/Texture/Image/UiDrawLog/UiDrawLog22.png	Assets/Product/Texture/Image/UiDrawLog/UiDrawLog23.png	Rate in S-Rank pool:	100%	0	0.0	0.0	0	0.0	0.0	0	0.0	0
2349	10000	<color=#26bbf9>70% rate in S-Rank pool</color>	Assets/Product/Texture/Image/UiDrawLog/UiDrawLog22.png	Assets/Product/Texture/Image/UiDrawLog/UiDrawLog23.png	Rate in S-Rank pool:	70%	0	0.0	0.0	0	0.0	0.0	0	0.0	0
2350	9990	<color=#26bbf9>70% rate in S-Rank pool</color>	Assets/Product/Texture/Image/UiDrawLog/UiDrawLog22.png	Assets/Product/Texture/Image/UiDrawLog/UiDrawLog23.png	Rate in S-Rank pool:	70%	0	0.0	0.0	0	0.0	0.0	0	0.0	0
2351	9980	<color=#26bbf9>70% rate in S-Rank pool</color>	Assets/Product/Texture/Image/UiDrawLog/UiDrawLog22.png	Assets/Product/Texture/Image/UiDrawLog/UiDrawLog23.png	Rate in S-Rank pool:	70%	0	0.0	0.0	0	0.0	0.0	0	0.0	0
2352	9970	<color=#26bbf9>70% rate in S-Rank pool</color>	Assets/Product/Texture/Image/UiDrawLog/UiDrawLog22.png	Assets/Product/Texture/Image/UiDrawLog/UiDrawLog23.png	Rate in S-Rank pool:	70%	0	0.0	0.0	0	0.0	0.0	0	0.0	0
2353	9960	<color=#26bbf9>70% rate in S-Rank pool</color>	Assets/Product/Texture/Image/UiDrawLog/UiDrawLog22.png	Assets/Product/Texture/Image/UiDrawLog/UiDrawLog23.png	Rate in S-Rank pool:	70%	0	0.0	0.0	0	0.0	0.0	0	0.0	0
2354	9950	<color=#26bbf9>70% rate in S-Rank pool</color>	Assets/Product/Texture/Image/UiDrawLog/UiDrawLog22.png	Assets/Product/Texture/Image/UiDrawLog/UiDrawLog23.png	Rate in S-Rank pool:	70%	0	0.0	0.0	0	0.0	0.0	0	0.0	0
2355	9940	<color=#26bbf9>70% rate in S-Rank pool</color>	Assets/Product/Texture/Image/UiDrawLog/UiDrawLog22.png	Assets/Product/Texture/Image/UiDrawLog/UiDrawLog23.png	Rate in S-Rank pool:	70%	0	0.0	0.0	0	0.0	0.0	0	0.0	0
2356	9930	<color=#26bbf9>70% rate in S-Rank pool</color>	Assets/Product/Texture/Image/UiDrawLog/UiDrawLog22.png	Assets/Product/Texture/Image/UiDrawLog/UiDrawLog23.png	Rate in S-Rank pool:	70%	0	0.0	0.0	0	0.0	0.0	0	0.0	0
2357	9920	<color=#26bbf9>70% rate in S-Rank pool</color>	Assets/Product/Texture/Image/UiDrawLog/UiDrawLog22.png	Assets/Product/Texture/Image/UiDrawLog/UiDrawLog23.png	Rate in S-Rank pool:	70%	0	0.0	0.0	0	0.0	0.0	0	0.0	0
2358	10000	<color=#ff8d1e>100% rate in S-Rank pool</color>	Assets/Product/Texture/Image/UiDrawLog/UiDrawLog22.png	Assets/Product/Texture/Image/UiDrawLog/UiDrawLog23.png	Rate in S-Rank pool:	100%	0	0.0	0.0	0	0.0	0.0	0	0.0	0
2359	10000	<color=#26bbf9>70% rate in S-Rank pool</color>	Assets/Product/Texture/Image/UiDrawLog/UiDrawLog22.png	Assets/Product/Texture/Image/UiDrawLog/UiDrawLog23.png	Rate in S-Rank pool:	70%	0	0.0	0.0	0	0.0	0.0	0	0.0	0
2360	9990	<color=#26bbf9>70% rate in S-Rank pool</color>	Assets/Product/Texture/Image/UiDrawLog/UiDrawLog22.png	Assets/Product/Texture/Image/UiDrawLog/UiDrawLog23.png	Rate in S-Rank pool:	70%	0	0.0	0.0	0	0.0	0.0	0	0.0	0
2361	9980	<color=#26bbf9>70% rate in S-Rank pool</color>	Assets/Product/Texture/Image/UiDrawLog/UiDrawLog22.png	Assets/Product/Texture/Image/UiDrawLog/UiDrawLog23.png	Rate in S-Rank pool:	70%	0	0.0	0.0	0	0.0	0.0	0	0.0	0
2362	9970	<color=#26bbf9>70% rate in S-Rank pool</color>	Assets/Product/Texture/Image/UiDrawLog/UiDrawLog22.png	Assets/Product/Texture/Image/UiDrawLog/UiDrawLog23.png	Rate in S-Rank pool:	70%	0	0.0	0.0	0	0.0	0.0	0	0.0	0
2363	9960	<color=#26bbf9>70% rate in S-Rank pool</color>	Assets/Product/Texture/Image/UiDrawLog/UiDrawLog22.png	Assets/Product/Texture/Image/UiDrawLog/UiDrawLog23.png	Rate in S-Rank pool:	70%	0	0.0	0.0	0	0.0	0.0	0	0.0	0
2364	9950	<color=#26bbf9>70% rate in S-Rank pool</color>	Assets/Product/Texture/Image/UiDrawLog/UiDrawLog22.png	Assets/Product/Texture/Image/UiDrawLog/UiDrawLog23.png	Rate in S-Rank pool:	70%	0	0.0	0.0	0	0.0	0.0	0	0.0	0
2365	9940	<color=#26bbf9>70% rate in S-Rank pool</color>	Assets/Product/Texture/Image/UiDrawLog/UiDrawLog22.png	Assets/Product/Texture/Image/UiDrawLog/UiDrawLog23.png	Rate in S-Rank pool:	70%	0	0.0	0.0	0	0.0	0.0	0	0.0	0
2366	9930	<color=#26bbf9>70% rate in S-Rank pool</color>	Assets/Product/Texture/Image/UiDrawLog/UiDrawLog22.png	Assets/Product/Texture/Image/UiDrawLog/UiDrawLog23.png	Rate in S-Rank pool:	70%	0	0.0	0.0	0	0.0	0.0	0	0.0	0
2367	9920	<color=#26bbf9>70% rate in S-Rank pool</color>	Assets/Product/Texture/Image/UiDrawLog/UiDrawLog22.png	Assets/Product/Texture/Image/UiDrawLog/UiDrawLog23.png	Rate in S-Rank pool:	70%	0	0.0	0.0	0	0.0	0.0	0	0.0	0
2368	10000	<color=#26bbf9>70% rate in S-Rank pool</color>	Assets/Product/Texture/Image/UiDrawLog/UiDrawLog22.png	Assets/Product/Texture/Image/UiDrawLog/UiDrawLog23.png	Rate in S-Rank pool:	70%	0	0.0	0.0	0	0.0	0.0	0	0.0	0
2369	9990	<color=#26bbf9>70% rate in S-Rank pool</color>	Assets/Product/Texture/Image/UiDrawLog/UiDrawLog22.png	Assets/Product/Texture/Image/UiDrawLog/UiDrawLog23.png	Rate in S-Rank pool:	70%	0	0.0	0.0	0	0.0	0.0	0	0.0	0
2370	9980	<color=#26bbf9>70% rate in S-Rank pool</color>	Assets/Product/Texture/Image/UiDrawLog/UiDrawLog22.png	Assets/Product/Texture/Image/UiDrawLog/UiDrawLog23.png	Rate in S-Rank pool:	70%	0	0.0	0.0	0	0.0	0.0	0	0.0	0
2371	9970	<color=#26bbf9>70% rate in S-Rank pool</color>	Assets/Product/Texture/Image/UiDrawLog/UiDrawLog22.png	Assets/Product/Texture/Image/UiDrawLog/UiDrawLog23.png	Rate in S-Rank pool:	70%	0	0.0	0.0	0	0.0	0.0	0	0.0	0
2372	9960	<color=#26bbf9>70% rate in S-Rank pool</color>	Assets/Product/Texture/Image/UiDrawLog/UiDrawLog22.png	Assets/Product/Texture/Image/UiDrawLog/UiDrawLog23.png	Rate in S-Rank pool:	70%	0	0.0	0.0	0	0.0	0.0	0	0.0	0
2373	9950	<color=#26bbf9>70% rate in S-Rank pool</color>	Assets/Product/Texture/Image/UiDrawLog/UiDrawLog22.png	Assets/Product/Texture/Image/UiDrawLog/UiDrawLog23.png	Rate in S-Rank pool:	70%	0	0.0	0.0	0	0.0	0.0	0	0.0	0
2374	9940	<color=#26bbf9>70% rate in S-Rank pool</color>	Assets/Product/Texture/Image/UiDrawLog/UiDrawLog22.png	Assets/Product/Texture/Image/UiDrawLog/UiDrawLog23.png	Rate in S-Rank pool:	70%	0	0.0	0.0	0	0.0	0.0	0	0.0	0
2375	9930	<color=#26bbf9>70% rate in S-Rank pool</color>	Assets/Product/Texture/Image/UiDrawLog/UiDrawLog22.png	Assets/Product/Texture/Image/UiDrawLog/UiDrawLog23.png	Rate in S-Rank pool:	70%	0	0.0	0.0	0	0.0	0.0	0	0.0	0
2376	9920	<color=#26bbf9>70% rate in S-Rank pool</color>	Assets/Product/Texture/Image/UiDrawLog/UiDrawLog22.png	Assets/Product/Texture/Image/UiDrawLog/UiDrawLog23.png	Rate in S-Rank pool:	70%	0	0.0	0.0	0	0.0	0.0	0	0.0	0
2377	10000	<color=#ff8d1e>100% rate in S-Rank pool</color>	Assets/Product/Texture/Image/UiDrawLog/UiDrawLog22.png	Assets/Product/Texture/Image/UiDrawLog/UiDrawLog23.png	Rate in S-Rank pool:	100%	0	0.0	0.0	0	0.0	0.0	0	0.0	0
2378	10000	<color=#26bbf9>70% rate in S-Rank pool</color>	Assets/Product/Texture/Image/UiDrawLog/UiDrawLog22.png	Assets/Product/Texture/Image/UiDrawLog/UiDrawLog23.png	Rate in S-Rank pool:	70%	0	0.0	0.0	0	0.0	0.0	0	0.0	0
2379	9990	<color=#26bbf9>70% rate in S-Rank pool</color>	Assets/Product/Texture/Image/UiDrawLog/UiDrawLog22.png	Assets/Product/Texture/Image/UiDrawLog/UiDrawLog23.png	Rate in S-Rank pool:	70%	0	0.0	0.0	0	0.0	0.0	0	0.0	0
2380	9980	<color=#26bbf9>70% rate in S-Rank pool</color>	Assets/Product/Texture/Image/UiDrawLog/UiDrawLog22.png	Assets/Product/Texture/Image/UiDrawLog/UiDrawLog23.png	Rate in S-Rank pool:	70%	0	0.0	0.0	0	0.0	0.0	0	0.0	0
2381	9970	<color=#26bbf9>70% rate in S-Rank pool</color>	Assets/Product/Texture/Image/UiDrawLog/UiDrawLog22.png	Assets/Product/Texture/Image/UiDrawLog/UiDrawLog23.png	Rate in S-Rank pool:	70%	0	0.0	0.0	0	0.0	0.0	0	0.0	0
2382	9960	<color=#26bbf9>70% rate in S-Rank pool</color>	Assets/Product/Texture/Image/UiDrawLog/UiDrawLog22.png	Assets/Product/Texture/Image/UiDrawLog/UiDrawLog23.png	Rate in S-Rank pool:	70%	0	0.0	0.0	0	0.0	0.0	0	0.0	0
2383	9950	<color=#26bbf9>70% rate in S-Rank pool</color>	Assets/Product/Texture/Image/UiDrawLog/UiDrawLog22.png	Assets/Product/Texture/Image/UiDrawLog/UiDrawLog23.png	Rate in S-Rank pool:	70%	0	0.0	0.0	0	0.0	0.0	0	0.0	0
2384	10000	<color=#26bbf9>70% rate in S-Rank pool</color>	Assets/Product/Texture/Image/UiDrawLog/UiDrawLog22.png	Assets/Product/Texture/Image/UiDrawLog/UiDrawLog23.png	Rate in S-Rank pool:	70%	0	0.0	0.0	0	0.0	0.0	0	0.0	0
2385	9990	<color=#26bbf9>70% rate in S-Rank pool</color>	Assets/Product/Texture/Image/UiDrawLog/UiDrawLog22.png	Assets/Product/Texture/Image/UiDrawLog/UiDrawLog23.png	Rate in S-Rank pool:	70%	0	0.0	0.0	0	0.0	0.0	0	0.0	0
2386	9980	<color=#26bbf9>70% rate in S-Rank pool</color>	Assets/Product/Texture/Image/UiDrawLog/UiDrawLog22.png	Assets/Product/Texture/Image/UiDrawLog/UiDrawLog23.png	Rate in S-Rank pool:	70%	0	0.0	0.0	0	0.0	0.0	0	0.0	0
2387	9970	<color=#26bbf9>70% rate in S-Rank pool</color>	Assets/Product/Texture/Image/UiDrawLog/UiDrawLog22.png	Assets/Product/Texture/Image/UiDrawLog/UiDrawLog23.png	Rate in S-Rank pool:	70%	0	0.0	0.0	0	0.0	0.0	0	0.0	0
2388	9960	<color=#26bbf9>70% rate in S-Rank pool</color>	Assets/Product/Texture/Image/UiDrawLog/UiDrawLog22.png	Assets/Product/Texture/Image/UiDrawLog/UiDrawLog23.png	Rate in S-Rank pool:	70%	0	0.0	0.0	0	0.0	0.0	0	0.0	0
2389	9950	<color=#26bbf9>70% rate in S-Rank pool</color>	Assets/Product/Texture/Image/UiDrawLog/UiDrawLog22.png	Assets/Product/Texture/Image/UiDrawLog/UiDrawLog23.png	Rate in S-Rank pool:	70%	0	0.0	0.0	0	0.0	0.0	0	0.0	0
2390	9940	<color=#26bbf9>70% rate in S-Rank pool</color>	Assets/Product/Texture/Image/UiDrawLog/UiDrawLog22.png	Assets/Product/Texture/Image/UiDrawLog/UiDrawLog23.png	Rate in S-Rank pool:	70%	0	0.0	0.0	0	0.0	0.0	0	0.0	0
2391	9930	<color=#26bbf9>70% rate in S-Rank pool</color>	Assets/Product/Texture/Image/UiDrawLog/UiDrawLog22.png	Assets/Product/Texture/Image/UiDrawLog/UiDrawLog23.png	Rate in S-Rank pool:	70%	0	0.0	0.0	0	0.0	0.0	0	0.0	0
2392	9920	<color=#26bbf9>70% rate in S-Rank pool</color>	Assets/Product/Texture/Image/UiDrawLog/UiDrawLog22.png	Assets/Product/Texture/Image/UiDrawLog/UiDrawLog23.png	Rate in S-Rank pool:	70%	0	0.0	0.0	0	0.0	0.0	0	0.0	0
2393	10000	<color=#ff8d1e>100% rate in S-Rank pool</color>	Assets/Product/Texture/Image/UiDrawLog/UiDrawLog22.png	Assets/Product/Texture/Image/UiDrawLog/UiDrawLog23.png	Rate in S-Rank pool:	100%	0	0.0	0.0	0	0.0	0.0	0	0.0	0
2394	10000	<color=#26bbf9>70% rate in S-Rank pool</color>	Assets/Product/Texture/Image/UiDrawLog/UiDrawLog22.png	Assets/Product/Texture/Image/UiDrawLog/UiDrawLog23.png	Rate in S-Rank pool:	70%	0	0.0	0.0	0	0.0	0.0	0	0.0	0
2395	9990	<color=#26bbf9>70% rate in S-Rank pool</color>	Assets/Product/Texture/Image/UiDrawLog/UiDrawLog22.png	Assets/Product/Texture/Image/UiDrawLog/UiDrawLog23.png	Rate in S-Rank pool:	70%	0	0.0	0.0	0	0.0	0.0	0	0.0	0
2396	9980	<color=#26bbf9>70% rate in S-Rank pool</color>	Assets/Product/Texture/Image/UiDrawLog/UiDrawLog22.png	Assets/Product/Texture/Image/UiDrawLog/UiDrawLog23.png	Rate in S-Rank pool:	70%	0	0.0	0.0	0	0.0	0.0	0	0.0	0
2397	9970	<color=#26bbf9>70% rate in S-Rank pool</color>	Assets/Product/Texture/Image/UiDrawLog/UiDrawLog22.png	Assets/Product/Texture/Image/UiDrawLog/UiDrawLog23.png	Rate in S-Rank pool:	70%	0	0.0	0.0	0	0.0	0.0	0	0.0	0
2398	9960	<color=#26bbf9>70% rate in S-Rank pool</color>	Assets/Product/Texture/Image/UiDrawLog/UiDrawLog22.png	Assets/Product/Texture/Image/UiDrawLog/UiDrawLog23.png	Rate in S-Rank pool:	70%	0	0.0	0.0	0	0.0	0.0	0	0.0	0
2399	9950	<color=#26bbf9>70% rate in S-Rank pool</color>	Assets/Product/Texture/Image/UiDrawLog/UiDrawLog22.png	Assets/Product/Texture/Image/UiDrawLog/UiDrawLog23.png	Rate in S-Rank pool:	70%	0	0.0	0.0	0	0.0	0.0	0	0.0	0
2400	9940	<color=#26bbf9>70% rate in S-Rank pool</color>	Assets/Product/Texture/Image/UiDrawLog/UiDrawLog22.png	Assets/Product/Texture/Image/UiDrawLog/UiDrawLog23.png	Rate in S-Rank pool:	70%	0	0.0	0.0	0	0.0	0.0	0	0.0	0
2401	9930	<color=#26bbf9>70% rate in S-Rank pool</color>	Assets/Product/Texture/Image/UiDrawLog/UiDrawLog22.png	Assets/Product/Texture/Image/UiDrawLog/UiDrawLog23.png	Rate in S-Rank pool:	70%	0	0.0	0.0	0	0.0	0.0	0	0.0	0
2402	9920	<color=#26bbf9>70% rate in S-Rank pool</color>	Assets/Product/Texture/Image/UiDrawLog/UiDrawLog22.png	Assets/Product/Texture/Image/UiDrawLog/UiDrawLog23.png	Rate in S-Rank pool:	70%	0	0.0	0.0	0	0.0	0.0	0	0.0	0
2403	10000	<color=#26bbf9>70% rate in S-Rank pool</color>	Assets/Product/Texture/Image/UiDrawLog/UiDrawLog22.png	Assets/Product/Texture/Image/UiDrawLog/UiDrawLog23.png	Rate in S-Rank pool:	70%	0	0.0	0.0	0	0.0	0.0	0	0.0	0
2404	9990	<color=#26bbf9>70% rate in S-Rank pool</color>	Assets/Product/Texture/Image/UiDrawLog/UiDrawLog22.png	Assets/Product/Texture/Image/UiDrawLog/UiDrawLog23.png	Rate in S-Rank pool:	70%	0	0.0	0.0	0	0.0	0.0	0	0.0	0
2405	9980	<color=#26bbf9>70% rate in S-Rank pool</color>	Assets/Product/Texture/Image/UiDrawLog/UiDrawLog22.png	Assets/Product/Texture/Image/UiDrawLog/UiDrawLog23.png	Rate in S-Rank pool:	70%	0	0.0	0.0	0	0.0	0.0	0	0.0	0
2406	9970	<color=#26bbf9>70% rate in S-Rank pool</color>	Assets/Product/Texture/Image/UiDrawLog/UiDrawLog22.png	Assets/Product/Texture/Image/UiDrawLog/UiDrawLog23.png	Rate in S-Rank pool:	70%	0	0.0	0.0	0	0.0	0.0	0	0.0	0
2407	9960	<color=#26bbf9>70% rate in S-Rank pool</color>	Assets/Product/Texture/Image/UiDrawLog/UiDrawLog22.png	Assets/Product/Texture/Image/UiDrawLog/UiDrawLog23.png	Rate in S-Rank pool:	70%	0	0.0	0.0	0	0.0	0.0	0	0.0	0
2408	9950	<color=#26bbf9>70% rate in S-Rank pool</color>	Assets/Product/Texture/Image/UiDrawLog/UiDrawLog22.png	Assets/Product/Texture/Image/UiDrawLog/UiDrawLog23.png	Rate in S-Rank pool:	70%	0	0.0	0.0	0	0.0	0.0	0	0.0	0
2409	9940	<color=#26bbf9>70% rate in S-Rank pool</color>	Assets/Product/Texture/Image/UiDrawLog/UiDrawLog22.png	Assets/Product/Texture/Image/UiDrawLog/UiDrawLog23.png	Rate in S-Rank pool:	70%	0	0.0	0.0	0	0.0	0.0	0	0.0	0
2410	9930	<color=#26bbf9>70% rate in S-Rank pool</color>	Assets/Product/Texture/Image/UiDrawLog/UiDrawLog22.png	Assets/Product/Texture/Image/UiDrawLog/UiDrawLog23.png	Rate in S-Rank pool:	70%	0	0.0	0.0	0	0.0	0.0	0	0.0	0
2411	9920	<color=#26bbf9>70% rate in S-Rank pool</color>	Assets/Product/Texture/Image/UiDrawLog/UiDrawLog22.png	Assets/Product/Texture/Image/UiDrawLog/UiDrawLog23.png	Rate in S-Rank pool:	70%	0	0.0	0.0	0	0.0	0.0	0	0.0	0
2412	10000	<color=#26bbf9>70% rate in S-Rank pool</color>	Assets/Product/Texture/Image/UiDrawLog/UiDrawLog22.png	Assets/Product/Texture/Image/UiDrawLog/UiDrawLog23.png	Rate in S-Rank pool:	70%	0	0.0	0.0	0	0.0	0.0	0	0.0	0
2413	9990	<color=#26bbf9>70% rate in S-Rank pool</color>	Assets/Product/Texture/Image/UiDrawLog/UiDrawLog22.png	Assets/Product/Texture/Image/UiDrawLog/UiDrawLog23.png	Rate in S-Rank pool:	70%	0	0.0	0.0	0	0.0	0.0	0	0.0	0
2414	9980	<color=#26bbf9>70% rate in S-Rank pool</color>	Assets/Product/Texture/Image/UiDrawLog/UiDrawLog22.png	Assets/Product/Texture/Image/UiDrawLog/UiDrawLog23.png	Rate in S-Rank pool:	70%	0	0.0	0.0	0	0.0	0.0	0	0.0	0
2415	10000	<color=#ff8d1e>100% rate in S-Rank pool</color>	Assets/Product/Texture/Image/UiDrawLog/UiDrawLog22.png	Assets/Product/Texture/Image/UiDrawLog/UiDrawLog23.png	Rate in S-Rank pool:	100%	0	0.0	0.0	0	0.0	0.0	0	0.0	0
2416	10000	<color=#26bbf9>70% rate in S-Rank pool</color>	Assets/Product/Texture/Image/UiDrawLog/UiDrawLog22.png	Assets/Product/Texture/Image/UiDrawLog/UiDrawLog23.png	Rate in S-Rank pool:	70%	0	0.0	0.0	0	0.0	0.0	0	0.0	0
2417	9990	<color=#26bbf9>70% rate in S-Rank pool</color>	Assets/Product/Texture/Image/UiDrawLog/UiDrawLog22.png	Assets/Product/Texture/Image/UiDrawLog/UiDrawLog23.png	Rate in S-Rank pool:	70%	0	0.0	0.0	0	0.0	0.0	0	0.0	0
2418	9980	<color=#26bbf9>70% rate in S-Rank pool</color>	Assets/Product/Texture/Image/UiDrawLog/UiDrawLog22.png	Assets/Product/Texture/Image/UiDrawLog/UiDrawLog23.png	Rate in S-Rank pool:	70%	0	0.0	0.0	0	0.0	0.0	0	0.0	0
2419	9970	<color=#26bbf9>70% rate in S-Rank pool</color>	Assets/Product/Texture/Image/UiDrawLog/UiDrawLog22.png	Assets/Product/Texture/Image/UiDrawLog/UiDrawLog23.png	Rate in S-Rank pool:	70%	0	0.0	0.0	0	0.0	0.0	0	0.0	0
2420	9960	<color=#26bbf9>70% rate in S-Rank pool</color>	Assets/Product/Texture/Image/UiDrawLog/UiDrawLog22.png	Assets/Product/Texture/Image/UiDrawLog/UiDrawLog23.png	Rate in S-Rank pool:	70%	0	0.0	0.0	0	0.0	0.0	0	0.0	0
2421	9950	<color=#26bbf9>70% rate in S-Rank pool</color>	Assets/Product/Texture/Image/UiDrawLog/UiDrawLog22.png	Assets/Product/Texture/Image/UiDrawLog/UiDrawLog23.png	Rate in S-Rank pool:	70%	0	0.0	0.0	0	0.0	0.0	0	0.0	0
2422	10000	<color=#ff8d1e>100% rate in S-Rank pool</color>	Assets/Product/Texture/Image/UiDrawLog/UiDrawLog22.png	Assets/Product/Texture/Image/UiDrawLog/UiDrawLog23.png	Rate in S-Rank pool:	100%	0	0.0	0.0	0	0.0	0.0	0	0.0	0
2423	9990	<color=#26bbf9>70% rate in S-Rank pool</color>	Assets/Product/Texture/Image/UiDrawLog/UiDrawLog22.png	Assets/Product/Texture/Image/UiDrawLog/UiDrawLog23.png	Rate in S-Rank pool:	70%	0	0.0	0.0	0	0.0	0.0	0	0.0	0
2424	9980	<color=#26bbf9>70% rate in S-Rank pool</color>	Assets/Product/Texture/Image/UiDrawLog/UiDrawLog22.png	Assets/Product/Texture/Image/UiDrawLog/UiDrawLog23.png	Rate in S-Rank pool:	70%	0	0.0	0.0	0	0.0	0.0	0	0.0	0
2425	9970	<color=#26bbf9>70% rate in S-Rank pool</color>	Assets/Product/Texture/Image/UiDrawLog/UiDrawLog22.png	Assets/Product/Texture/Image/UiDrawLog/UiDrawLog23.png	Rate in S-Rank pool:	70%	0	0.0	0.0	0	0.0	0.0	0	0.0	0
2426	9960	<color=#26bbf9>70% rate in S-Rank pool</color>	Assets/Product/Texture/Image/UiDrawLog/UiDrawLog22.png	Assets/Product/Texture/Image/UiDrawLog/UiDrawLog23.png	Rate in S-Rank pool:	70%	0	0.0	0.0	0	0.0	0.0	0	0.0	0
2427	9950	<color=#26bbf9>70% rate in S-Rank pool</color>	Assets/Product/Texture/Image/UiDrawLog/UiDrawLog22.png	Assets/Product/Texture/Image/UiDrawLog/UiDrawLog23.png	Rate in S-Rank pool:	70%	0	0.0	0.0	0	0.0	0.0	0	0.0	0
2428	9940	<color=#26bbf9>70% rate in S-Rank pool</color>	Assets/Product/Texture/Image/UiDrawLog/UiDrawLog22.png	Assets/Product/Texture/Image/UiDrawLog/UiDrawLog23.png	Rate in S-Rank pool:	70%	0	0.0	0.0	0	0.0	0.0	0	0.0	0
2429	9930	<color=#26bbf9>70% rate in S-Rank pool</color>	Assets/Product/Texture/Image/UiDrawLog/UiDrawLog22.png	Assets/Product/Texture/Image/UiDrawLog/UiDrawLog23.png	Rate in S-Rank pool:	70%	0	0.0	0.0	0	0.0	0.0	0	0.0	0
2430	9920	<color=#26bbf9>70% rate in S-Rank pool</color>	Assets/Product/Texture/Image/UiDrawLog/UiDrawLog22.png	Assets/Product/Texture/Image/UiDrawLog/UiDrawLog23.png	Rate in S-Rank pool:	70%	0	0.0	0.0	0	0.0	0.0	0	0.0	0
2431	9910	<color=#26bbf9>70% rate in S-Rank pool</color>	Assets/Product/Texture/Image/UiDrawLog/UiDrawLog22.png	Assets/Product/Texture/Image/UiDrawLog/UiDrawLog23.png	Rate in S-Rank pool:	70%	0	0.0	0.0	0	0.0	0.0	0	0.0	0
2432	10000	<color=#ff8d1e>100% rate in S-Rank pool</color>	Assets/Product/Texture/Image/UiDrawLog/UiDrawLog22.png	Assets/Product/Texture/Image/UiDrawLog/UiDrawLog23.png	Rate in S-Rank pool:	100%	0	0.0	0.0	0	0.0	0.0	0	0.0	0
2433	9990	<color=#26bbf9>70% rate in S-Rank pool</color>	Assets/Product/Texture/Image/UiDrawLog/UiDrawLog22.png	Assets/Product/Texture/Image/UiDrawLog/UiDrawLog23.png	Rate in S-Rank pool:	70%	0	0.0	0.0	0	0.0	0.0	0	0.0	0
2434	9980	<color=#26bbf9>70% rate in S-Rank pool</color>	Assets/Product/Texture/Image/UiDrawLog/UiDrawLog22.png	Assets/Product/Texture/Image/UiDrawLog/UiDrawLog23.png	Rate in S-Rank pool:	70%	0	0.0	0.0	0	0.0	0.0	0	0.0	0
2435	9970	<color=#26bbf9>70% rate in S-Rank pool</color>	Assets/Product/Texture/Image/UiDrawLog/UiDrawLog22.png	Assets/Product/Texture/Image/UiDrawLog/UiDrawLog23.png	Rate in S-Rank pool:	70%	0	0.0	0.0	0	0.0	0.0	0	0.0	0
2436	9960	<color=#26bbf9>70% rate in S-Rank pool</color>	Assets/Product/Texture/Image/UiDrawLog/UiDrawLog22.png	Assets/Product/Texture/Image/UiDrawLog/UiDrawLog23.png	Rate in S-Rank pool:	70%	0	0.0	0.0	0	0.0	0.0	0	0.0	0
2437	9950	<color=#26bbf9>70% rate in S-Rank pool</color>	Assets/Product/Texture/Image/UiDrawLog/UiDrawLog22.png	Assets/Product/Texture/Image/UiDrawLog/UiDrawLog23.png	Rate in S-Rank pool:	70%	0	0.0	0.0	0	0.0	0.0	0	0.0	0
2438	9940	<color=#26bbf9>70% rate in S-Rank pool</color>	Assets/Product/Texture/Image/UiDrawLog/UiDrawLog22.png	Assets/Product/Texture/Image/UiDrawLog/UiDrawLog23.png	Rate in S-Rank pool:	70%	0	0.0	0.0	0	0.0	0.0	0	0.0	0
2439	9930	<color=#26bbf9>70% rate in S-Rank pool</color>	Assets/Product/Texture/Image/UiDrawLog/UiDrawLog22.png	Assets/Product/Texture/Image/UiDrawLog/UiDrawLog23.png	Rate in S-Rank pool:	70%	0	0.0	0.0	0	0.0	0.0	0	0.0	0
2440	9920	<color=#26bbf9>70% rate in S-Rank pool</color>	Assets/Product/Texture/Image/UiDrawLog/UiDrawLog22.png	Assets/Product/Texture/Image/UiDrawLog/UiDrawLog23.png	Rate in S-Rank pool:	70%	0	0.0	0.0	0	0.0	0.0	0	0.0	0
2441	9910	<color=#26bbf9>70% rate in S-Rank pool</color>	Assets/Product/Texture/Image/UiDrawLog/UiDrawLog22.png	Assets/Product/Texture/Image/UiDrawLog/UiDrawLog23.png	Rate in S-Rank pool:	70%	0	0.0	0.0	0	0.0	0.0	0	0.0	0
2442	10000	<color=#ff8d1e>100% rate in S-Rank pool</color>	Assets/Product/Texture/Image/UiDrawLog/UiDrawLog22.png	Assets/Product/Texture/Image/UiDrawLog/UiDrawLog23.png	Rate in S-Rank pool:	100%	0	0.0	0.0	0	0.0	0.0	0	0.0	0
2443	9990	<color=#26bbf9>70% rate in S-Rank pool</color>	Assets/Product/Texture/Image/UiDrawLog/UiDrawLog22.png	Assets/Product/Texture/Image/UiDrawLog/UiDrawLog23.png	Rate in S-Rank pool:	70%	0	0.0	0.0	0	0.0	0.0	0	0.0	0
2444	9980	<color=#26bbf9>70% rate in S-Rank pool</color>	Assets/Product/Texture/Image/UiDrawLog/UiDrawLog22.png	Assets/Product/Texture/Image/UiDrawLog/UiDrawLog23.png	Rate in S-Rank pool:	70%	0	0.0	0.0	0	0.0	0.0	0	0.0	0
2445	9970	<color=#26bbf9>70% rate in S-Rank pool</color>	Assets/Product/Texture/Image/UiDrawLog/UiDrawLog22.png	Assets/Product/Texture/Image/UiDrawLog/UiDrawLog23.png	Rate in S-Rank pool:	70%	0	0.0	0.0	0	0.0	0.0	0	0.0	0
2446	9960	<color=#26bbf9>70% rate in S-Rank pool</color>	Assets/Product/Texture/Image/UiDrawLog/UiDrawLog22.png	Assets/Product/Texture/Image/UiDrawLog/UiDrawLog23.png	Rate in S-Rank pool:	70%	0	0.0	0.0	0	0.0	0.0	0	0.0	0
2447	9950	<color=#26bbf9>70% rate in S-Rank pool</color>	Assets/Product/Texture/Image/UiDrawLog/UiDrawLog22.png	Assets/Product/Texture/Image/UiDrawLog/UiDrawLog23.png	Rate in S-Rank pool:	70%	0	0.0	0.0	0	0.0	0.0	0	0.0	0
2448	9940	<color=#26bbf9>70% rate in S-Rank pool</color>	Assets/Product/Texture/Image/UiDrawLog/UiDrawLog22.png	Assets/Product/Texture/Image/UiDrawLog/UiDrawLog23.png	Rate in S-Rank pool:	70%	0	0.0	0.0	0	0.0	0.0	0	0.0	0
2449	9930	<color=#26bbf9>70% rate in S-Rank pool</color>	Assets/Product/Texture/Image/UiDrawLog/UiDrawLog22.png	Assets/Product/Texture/Image/UiDrawLog/UiDrawLog23.png	Rate in S-Rank pool:	70%	0	0.0	0.0	0	0.0	0.0	0	0.0	0
2450	9920	<color=#26bbf9>70% rate in S-Rank pool</color>	Assets/Product/Texture/Image/UiDrawLog/UiDrawLog22.png	Assets/Product/Texture/Image/UiDrawLog/UiDrawLog23.png	Rate in S-Rank pool:	70%	0	0.0	0.0	0	0.0	0.0	0	0.0	0
2451	9910	<color=#26bbf9>70% rate in S-Rank pool</color>	Assets/Product/Texture/Image/UiDrawLog/UiDrawLog22.png	Assets/Product/Texture/Image/UiDrawLog/UiDrawLog23.png	Rate in S-Rank pool:	70%	0	0.0	0.0	0	0.0	0.0	0	0.0	0
2452	10000	<color=#ff8d1e>100% rate in S-Rank pool</color>	Assets/Product/Texture/Image/UiDrawLog/UiDrawLog22.png	Assets/Product/Texture/Image/UiDrawLog/UiDrawLog23.png	Rate in S-Rank pool:	100%	0	0.0	0.0	0	0.0	0.0	0	0.0	0
2453	9990	<color=#26bbf9>70% rate in S-Rank pool</color>	Assets/Product/Texture/Image/UiDrawLog/UiDrawLog22.png	Assets/Product/Texture/Image/UiDrawLog/UiDrawLog23.png	Rate in S-Rank pool:	70%	0	0.0	0.0	0	0.0	0.0	0	0.0	0
2454	9980	<color=#26bbf9>70% rate in S-Rank pool</color>	Assets/Product/Texture/Image/UiDrawLog/UiDrawLog22.png	Assets/Product/Texture/Image/UiDrawLog/UiDrawLog23.png	Rate in S-Rank pool:	70%	0	0.0	0.0	0	0.0	0.0	0	0.0	0
2455	9970	<color=#26bbf9>70% rate in S-Rank pool</color>	Assets/Product/Texture/Image/UiDrawLog/UiDrawLog22.png	Assets/Product/Texture/Image/UiDrawLog/UiDrawLog23.png	Rate in S-Rank pool:	70%	0	0.0	0.0	0	0.0	0.0	0	0.0	0
2456	9960	<color=#26bbf9>70% rate in S-Rank pool</color>	Assets/Product/Texture/Image/UiDrawLog/UiDrawLog22.png	Assets/Product/Texture/Image/UiDrawLog/UiDrawLog23.png	Rate in S-Rank pool:	70%	0	0.0	0.0	0	0.0	0.0	0	0.0	0
2457	9950	<color=#26bbf9>70% rate in S-Rank pool</color>	Assets/Product/Texture/Image/UiDrawLog/UiDrawLog22.png	Assets/Product/Texture/Image/UiDrawLog/UiDrawLog23.png	Rate in S-Rank pool:	70%	0	0.0	0.0	0	0.0	0.0	0	0.0	0
2458	9940	<color=#26bbf9>70% rate in S-Rank pool</color>	Assets/Product/Texture/Image/UiDrawLog/UiDrawLog22.png	Assets/Product/Texture/Image/UiDrawLog/UiDrawLog23.png	Rate in S-Rank pool:	70%	0	0.0	0.0	0	0.0	0.0	0	0.0	0
2459	9930	<color=#26bbf9>70% rate in S-Rank pool</color>	Assets/Product/Texture/Image/UiDrawLog/UiDrawLog22.png	Assets/Product/Texture/Image/UiDrawLog/UiDrawLog23.png	Rate in S-Rank pool:	70%	0	0.0	0.0	0	0.0	0.0	0	0.0	0
2460	9920	<color=#26bbf9>70% rate in S-Rank pool</color>	Assets/Product/Texture/Image/UiDrawLog/UiDrawLog22.png	Assets/Product/Texture/Image/UiDrawLog/UiDrawLog23.png	Rate in S-Rank pool:	70%	0	0.0	0.0	0	0.0	0.0	0	0.0	0
2461	9910	<color=#26bbf9>70% rate in S-Rank pool</color>	Assets/Product/Texture/Image/UiDrawLog/UiDrawLog22.png	Assets/Product/Texture/Image/UiDrawLog/UiDrawLog23.png	Rate in S-Rank pool:	70%	0	0.0	0.0	0	0.0	0.0	0	0.0	0
2462	10000	<color=#ff8d1e>100% rate in S-Rank pool</color>	Assets/Product/Texture/Image/UiDrawLog/UiDrawLog22.png	Assets/Product/Texture/Image/UiDrawLog/UiDrawLog23.png	Rate in S-Rank pool:	100%	0	0.0	0.0	0	0.0	0.0	0	0.0	0
2463	9990	<color=#26bbf9>70% rate in S-Rank pool</color>	Assets/Product/Texture/Image/UiDrawLog/UiDrawLog22.png	Assets/Product/Texture/Image/UiDrawLog/UiDrawLog23.png	Rate in S-Rank pool:	70%	0	0.0	0.0	0	0.0	0.0	0	0.0	0
2464	9980	<color=#26bbf9>70% rate in S-Rank pool</color>	Assets/Product/Texture/Image/UiDrawLog/UiDrawLog22.png	Assets/Product/Texture/Image/UiDrawLog/UiDrawLog23.png	Rate in S-Rank pool:	70%	0	0.0	0.0	0	0.0	0.0	0	0.0	0
2465	9970	<color=#26bbf9>70% rate in S-Rank pool</color>	Assets/Product/Texture/Image/UiDrawLog/UiDrawLog22.png	Assets/Product/Texture/Image/UiDrawLog/UiDrawLog23.png	Rate in S-Rank pool:	70%	0	0.0	0.0	0	0.0	0.0	0	0.0	0
2466	9960	<color=#26bbf9>70% rate in S-Rank pool</color>	Assets/Product/Texture/Image/UiDrawLog/UiDrawLog22.png	Assets/Product/Texture/Image/UiDrawLog/UiDrawLog23.png	Rate in S-Rank pool:	70%	0	0.0	0.0	0	0.0	0.0	0	0.0	0
2467	9950	<color=#26bbf9>70% rate in S-Rank pool</color>	Assets/Product/Texture/Image/UiDrawLog/UiDrawLog22.png	Assets/Product/Texture/Image/UiDrawLog/UiDrawLog23.png	Rate in S-Rank pool:	70%	0	0.0	0.0	0	0.0	0.0	0	0.0	0
2468	9940	<color=#26bbf9>70% rate in S-Rank pool</color>	Assets/Product/Texture/Image/UiDrawLog/UiDrawLog22.png	Assets/Product/Texture/Image/UiDrawLog/UiDrawLog23.png	Rate in S-Rank pool:	70%	0	0.0	0.0	0	0.0	0.0	0	0.0	0
2469	9930	<color=#26bbf9>70% rate in S-Rank pool</color>	Assets/Product/Texture/Image/UiDrawLog/UiDrawLog22.png	Assets/Product/Texture/Image/UiDrawLog/UiDrawLog23.png	Rate in S-Rank pool:	70%	0	0.0	0.0	0	0.0	0.0	0	0.0	0
2470	9920	<color=#26bbf9>70% rate in S-Rank pool</color>	Assets/Product/Texture/Image/UiDrawLog/UiDrawLog22.png	Assets/Product/Texture/Image/UiDrawLog/UiDrawLog23.png	Rate in S-Rank pool:	70%	0	0.0	0.0	0	0.0	0.0	0	0.0	0
2471	9910	<color=#26bbf9>70% rate in S-Rank pool</color>	Assets/Product/Texture/Image/UiDrawLog/UiDrawLog22.png	Assets/Product/Texture/Image/UiDrawLog/UiDrawLog23.png	Rate in S-Rank pool:	70%	0	0.0	0.0	0	0.0	0.0	0	0.0	0
2472	10000	<color=#ff8d1e>100% rate in S-Rank pool</color>	Assets/Product/Texture/Image/UiDrawLog/UiDrawLog22.png	Assets/Product/Texture/Image/UiDrawLog/UiDrawLog23.png	Rate in S-Rank pool:	100%	0	0.0	0.0	0	0.0	0.0	0	0.0	0
2473	9990	<color=#26bbf9>70% rate in S-Rank pool</color>	Assets/Product/Texture/Image/UiDrawLog/UiDrawLog22.png	Assets/Product/Texture/Image/UiDrawLog/UiDrawLog23.png	Rate in S-Rank pool:	70%	0	0.0	0.0	0	0.0	0.0	0	0.0	0
2474	9980	<color=#26bbf9>70% rate in S-Rank pool</color>	Assets/Product/Texture/Image/UiDrawLog/UiDrawLog22.png	Assets/Product/Texture/Image/UiDrawLog/UiDrawLog23.png	Rate in S-Rank pool:	70%	0	0.0	0.0	0	0.0	0.0	0	0.0	0
2475	9970	<color=#26bbf9>70% rate in S-Rank pool</color>	Assets/Product/Texture/Image/UiDrawLog/UiDrawLog22.png	Assets/Product/Texture/Image/UiDrawLog/UiDrawLog23.png	Rate in S-Rank pool:	70%	0	0.0	0.0	0	0.0	0.0	0	0.0	0
2476	9960	<color=#26bbf9>70% rate in S-Rank pool</color>	Assets/Product/Texture/Image/UiDrawLog/UiDrawLog22.png	Assets/Product/Texture/Image/UiDrawLog/UiDrawLog23.png	Rate in S-Rank pool:	70%	0	0.0	0.0	0	0.0	0.0	0	0.0	0
2477	9950	<color=#26bbf9>70% rate in S-Rank pool</color>	Assets/Product/Texture/Image/UiDrawLog/UiDrawLog22.png	Assets/Product/Texture/Image/UiDrawLog/UiDrawLog23.png	Rate in S-Rank pool:	70%	0	0.0	0.0	0	0.0	0.0	0	0.0	0
2478	9940	<color=#26bbf9>70% rate in S-Rank pool</color>	Assets/Product/Texture/Image/UiDrawLog/UiDrawLog22.png	Assets/Product/Texture/Image/UiDrawLog/UiDrawLog23.png	Rate in S-Rank pool:	70%	0	0.0	0.0	0	0.0	0.0	0	0.0	0
2479	9930	<color=#26bbf9>70% rate in S-Rank pool</color>	Assets/Product/Texture/Image/UiDrawLog/UiDrawLog22.png	Assets/Product/Texture/Image/UiDrawLog/UiDrawLog23.png	Rate in S-Rank pool:	70%	0	0.0	0.0	0	0.0	0.0	0	0.0	0
2480	9920	<color=#26bbf9>70% rate in S-Rank pool</color>	Assets/Product/Texture/Image/UiDrawLog/UiDrawLog22.png	Assets/Product/Texture/Image/UiDrawLog/UiDrawLog23.png	Rate in S-Rank pool:	70%	0	0.0	0.0	0	0.0	0.0	0	0.0	0
2481	9910	<color=#26bbf9>70% rate in S-Rank pool</color>	Assets/Product/Texture/Image/UiDrawLog/UiDrawLog22.png	Assets/Product/Texture/Image/UiDrawLog/UiDrawLog23.png	Rate in S-Rank pool:	70%	0	0.0	0.0	0	0.0	0.0	0	0.0	0
2482	10000	<color=#ff8d1e>100% rate in S-Rank pool</color>	Assets/Product/Texture/Image/UiDrawLog/UiDrawLog22.png	Assets/Product/Texture/Image/UiDrawLog/UiDrawLog23.png	Rate in S-Rank pool:	100%	0	0.0	0.0	0	0.0	0.0	0	0.0	0
2483	9990	<color=#26bbf9>70% rate in S-Rank pool</color>	Assets/Product/Texture/Image/UiDrawLog/UiDrawLog22.png	Assets/Product/Texture/Image/UiDrawLog/UiDrawLog23.png	Rate in S-Rank pool:	70%	0	0.0	0.0	0	0.0	0.0	0	0.0	0
2484	9980	<color=#26bbf9>70% rate in S-Rank pool</color>	Assets/Product/Texture/Image/UiDrawLog/UiDrawLog22.png	Assets/Product/Texture/Image/UiDrawLog/UiDrawLog23.png	Rate in S-Rank pool:	70%	0	0.0	0.0	0	0.0	0.0	0	0.0	0
2485	9970	<color=#26bbf9>70% rate in S-Rank pool</color>	Assets/Product/Texture/Image/UiDrawLog/UiDrawLog22.png	Assets/Product/Texture/Image/UiDrawLog/UiDrawLog23.png	Rate in S-Rank pool:	70%	0	0.0	0.0	0	0.0	0.0	0	0.0	0
2486	9960	<color=#26bbf9>70% rate in S-Rank pool</color>	Assets/Product/Texture/Image/UiDrawLog/UiDrawLog22.png	Assets/Product/Texture/Image/UiDrawLog/UiDrawLog23.png	Rate in S-Rank pool:	70%	0	0.0	0.0	0	0.0	0.0	0	0.0	0
2487	9950	<color=#26bbf9>70% rate in S-Rank pool</color>	Assets/Product/Texture/Image/UiDrawLog/UiDrawLog22.png	Assets/Product/Texture/Image/UiDrawLog/UiDrawLog23.png	Rate in S-Rank pool:	70%	0	0.0	0.0	0	0.0	0.0	0	0.0	0
2488	9940	<color=#26bbf9>70% rate in S-Rank pool</color>	Assets/Product/Texture/Image/UiDrawLog/UiDrawLog22.png	Assets/Product/Texture/Image/UiDrawLog/UiDrawLog23.png	Rate in S-Rank pool:	70%	0	0.0	0.0	0	0.0	0.0	0	0.0	0
2489	9930	<color=#26bbf9>70% rate in S-Rank pool</color>	Assets/Product/Texture/Image/UiDrawLog/UiDrawLog22.png	Assets/Product/Texture/Image/UiDrawLog/UiDrawLog23.png	Rate in S-Rank pool:	70%	0	0.0	0.0	0	0.0	0.0	0	0.0	0
2490	9920	<color=#26bbf9>70% rate in S-Rank pool</color>	Assets/Product/Texture/Image/UiDrawLog/UiDrawLog22.png	Assets/Product/Texture/Image/UiDrawLog/UiDrawLog23.png	Rate in S-Rank pool:	70%	0	0.0	0.0	0	0.0	0.0	0	0.0	0
2491	9910	<color=#26bbf9>70% rate in S-Rank pool</color>	Assets/Product/Texture/Image/UiDrawLog/UiDrawLog22.png	Assets/Product/Texture/Image/UiDrawLog/UiDrawLog23.png	Rate in S-Rank pool:	70%	0	0.0	0.0	0	0.0	0.0	0	0.0	0
2492	9900	<color=#ff8d1e>100% rate in S-Rank pool</color>	Assets/Product/Texture/Image/UiDrawLog/UiDrawLog22.png	Assets/Product/Texture/Image/UiDrawLog/UiDrawLog23.png	Rate in S-Rank pool:	100%	0	0.0	0.0	0	0.0	0.0	0	0.0	0
2493	10000	<color=#ff8d1e>100% rate in S-Rank pool</color>	Assets/Product/Texture/Image/UiDrawLog/UiDrawLog22.png	Assets/Product/Texture/Image/UiDrawLog/UiDrawLog23.png	Rate in S-Rank pool:	100%	0	0.0	0.0	0	0.0	0.0	0	0.0	0
2494	9990	<color=#26bbf9>70% rate in S-Rank pool</color>	Assets/Product/Texture/Image/UiDrawLog/UiDrawLog22.png	Assets/Product/Texture/Image/UiDrawLog/UiDrawLog23.png	Rate in S-Rank pool:	70%	0	0.0	0.0	0	0.0	0.0	0	0.0	0
2495	9980	<color=#26bbf9>70% rate in S-Rank pool</color>	Assets/Product/Texture/Image/UiDrawLog/UiDrawLog22.png	Assets/Product/Texture/Image/UiDrawLog/UiDrawLog23.png	Rate in S-Rank pool:	70%	0	0.0	0.0	0	0.0	0.0	0	0.0	0
2496	9970	<color=#26bbf9>70% rate in S-Rank pool</color>	Assets/Product/Texture/Image/UiDrawLog/UiDrawLog22.png	Assets/Product/Texture/Image/UiDrawLog/UiDrawLog23.png	Rate in S-Rank pool:	70%	0	0.0	0.0	0	0.0	0.0	0	0.0	0
2497	9960	<color=#26bbf9>70% rate in S-Rank pool</color>	Assets/Product/Texture/Image/UiDrawLog/UiDrawLog22.png	Assets/Product/Texture/Image/UiDrawLog/UiDrawLog23.png	Rate in S-Rank pool:	70%	0	0.0	0.0	0	0.0	0.0	0	0.0	0
2498	9950	<color=#26bbf9>70% rate in S-Rank pool</color>	Assets/Product/Texture/Image/UiDrawLog/UiDrawLog22.png	Assets/Product/Texture/Image/UiDrawLog/UiDrawLog23.png	Rate in S-Rank pool:	70%	0	0.0	0.0	0	0.0	0.0	0	0.0	0
2499	9940	<color=#26bbf9>70% rate in S-Rank pool</color>	Assets/Product/Texture/Image/UiDrawLog/UiDrawLog22.png	Assets/Product/Texture/Image/UiDrawLog/UiDrawLog23.png	Rate in S-Rank pool:	70%	0	0.0	0.0	0	0.0	0.0	0	0.0	0
2500	9930	<color=#26bbf9>70% rate in S-Rank pool</color>	Assets/Product/Texture/Image/UiDrawLog/UiDrawLog22.png	Assets/Product/Texture/Image/UiDrawLog/UiDrawLog23.png	Rate in S-Rank pool:	70%	0	0.0	0.0	0	0.0	0.0	0	0.0	0
2501	9920	<color=#26bbf9>70% rate in S-Rank pool</color>	Assets/Product/Texture/Image/UiDrawLog/UiDrawLog22.png	Assets/Product/Texture/Image/UiDrawLog/UiDrawLog23.png	Rate in S-Rank pool:	70%	0	0.0	0.0	0	0.0	0.0	0	0.0	0
2502	9910	<color=#26bbf9>70% rate in S-Rank pool</color>	Assets/Product/Texture/Image/UiDrawLog/UiDrawLog22.png	Assets/Product/Texture/Image/UiDrawLog/UiDrawLog23.png	Rate in S-Rank pool:	70%	0	0.0	0.0	0	0.0	0.0	0	0.0	0
2503	10000	<color=#ff8d1e>100% rate in S-Rank pool</color>	Assets/Product/Texture/Image/UiDrawLog/UiDrawLog22.png	Assets/Product/Texture/Image/UiDrawLog/UiDrawLog23.png	Rate in S-Rank pool:	100%	0	0.0	0.0	0	0.0	0.0	0	0.0	0
2504	9990	<color=#26bbf9>70% rate in S-Rank pool</color>	Assets/Product/Texture/Image/UiDrawLog/UiDrawLog22.png	Assets/Product/Texture/Image/UiDrawLog/UiDrawLog23.png	Rate in S-Rank pool:	70%	0	0.0	0.0	0	0.0	0.0	0	0.0	0
2505	9980	<color=#26bbf9>70% rate in S-Rank pool</color>	Assets/Product/Texture/Image/UiDrawLog/UiDrawLog22.png	Assets/Product/Texture/Image/UiDrawLog/UiDrawLog23.png	Rate in S-Rank pool:	70%	0	0.0	0.0	0	0.0	0.0	0	0.0	0
2506	9970	<color=#26bbf9>70% rate in S-Rank pool</color>	Assets/Product/Texture/Image/UiDrawLog/UiDrawLog22.png	Assets/Product/Texture/Image/UiDrawLog/UiDrawLog23.png	Rate in S-Rank pool:	70%	0	0.0	0.0	0	0.0	0.0	0	0.0	0
2507	9960	<color=#26bbf9>70% rate in S-Rank pool</color>	Assets/Product/Texture/Image/UiDrawLog/UiDrawLog22.png	Assets/Product/Texture/Image/UiDrawLog/UiDrawLog23.png	Rate in S-Rank pool:	70%	0	0.0	0.0	0	0.0	0.0	0	0.0	0
2508	9950	<color=#26bbf9>70% rate in S-Rank pool</color>	Assets/Product/Texture/Image/UiDrawLog/UiDrawLog22.png	Assets/Product/Texture/Image/UiDrawLog/UiDrawLog23.png	Rate in S-Rank pool:	70%	0	0.0	0.0	0	0.0	0.0	0	0.0	0
2509	9940	<color=#26bbf9>70% rate in S-Rank pool</color>	Assets/Product/Texture/Image/UiDrawLog/UiDrawLog22.png	Assets/Product/Texture/Image/UiDrawLog/UiDrawLog23.png	Rate in S-Rank pool:	70%	0	0.0	0.0	0	0.0	0.0	0	0.0	0
2510	10000	<color=#ff8d1e>100% rate in S-Rank pool</color>	Assets/Product/Texture/Image/UiDrawLog/UiDrawLog22.png	Assets/Product/Texture/Image/UiDrawLog/UiDrawLog23.png	Rate in S-Rank pool:	100%	0	0.0	0.0	0	0.0	0.0	0	0.0	0
2511	9990	<color=#26bbf9>70% rate in S-Rank pool</color>	Assets/Product/Texture/Image/UiDrawLog/UiDrawLog22.png	Assets/Product/Texture/Image/UiDrawLog/UiDrawLog23.png	Rate in S-Rank pool:	70%	0	0.0	0.0	0	0.0	0.0	0	0.0	0
2512	9980	<color=#26bbf9>70% rate in S-Rank pool</color>	Assets/Product/Texture/Image/UiDrawLog/UiDrawLog22.png	Assets/Product/Texture/Image/UiDrawLog/UiDrawLog23.png	Rate in S-Rank pool:	70%	0	0.0	0.0	0	0.0	0.0	0	0.0	0
2513	9970	<color=#26bbf9>70% rate in S-Rank pool</color>	Assets/Product/Texture/Image/UiDrawLog/UiDrawLog22.png	Assets/Product/Texture/Image/UiDrawLog/UiDrawLog23.png	Rate in S-Rank pool:	70%	0	0.0	0.0	0	0.0	0.0	0	0.0	0
2514	9960	<color=#26bbf9>70% rate in S-Rank pool</color>	Assets/Product/Texture/Image/UiDrawLog/UiDrawLog22.png	Assets/Product/Texture/Image/UiDrawLog/UiDrawLog23.png	Rate in S-Rank pool:	70%	0	0.0	0.0	0	0.0	0.0	0	0.0	0
2515	9950	<color=#26bbf9>70% rate in S-Rank pool</color>	Assets/Product/Texture/Image/UiDrawLog/UiDrawLog22.png	Assets/Product/Texture/Image/UiDrawLog/UiDrawLog23.png	Rate in S-Rank pool:	70%	0	0.0	0.0	0	0.0	0.0	0	0.0	0
2516	9940	<color=#26bbf9>70% rate in S-Rank pool</color>	Assets/Product/Texture/Image/UiDrawLog/UiDrawLog22.png	Assets/Product/Texture/Image/UiDrawLog/UiDrawLog23.png	Rate in S-Rank pool:	70%	0	0.0	0.0	0	0.0	0.0	0	0.0	0
2517	9930	<color=#26bbf9>70% rate in S-Rank pool</color>	Assets/Product/Texture/Image/UiDrawLog/UiDrawLog22.png	Assets/Product/Texture/Image/UiDrawLog/UiDrawLog23.png	Rate in S-Rank pool:	70%	0	0.0	0.0	0	0.0	0.0	0	0.0	0
2518	9920	<color=#26bbf9>70% rate in S-Rank pool</color>	Assets/Product/Texture/Image/UiDrawLog/UiDrawLog22.png	Assets/Product/Texture/Image/UiDrawLog/UiDrawLog23.png	Rate in S-Rank pool:	70%	0	0.0	0.0	0	0.0	0.0	0	0.0	0
2519	9910	<color=#26bbf9>70% rate in S-Rank pool</color>	Assets/Product/Texture/Image/UiDrawLog/UiDrawLog22.png	Assets/Product/Texture/Image/UiDrawLog/UiDrawLog23.png	Rate in S-Rank pool:	70%	0	0.0	0.0	0	0.0	0.0	0	0.0	0
5613	10000	<color=#ff8d1e>100% rate in S-Rank pool</color>	Assets/Product/Texture/Image/UiDrawLog/UiDrawLog22.png	Assets/Product/Texture/Image/UiDrawLog/UiDrawLog23.png	Rate in S-Rank pool:	100%	0	0.0	0.0	0	0.0	0.0	0	0.0	0
3000	8000	<color=#26bbf9>80% rate in A-Rank pool</color>	Assets/Product/Texture/Image/UiDrawLog/UiDrawLog18.png	Assets/Product/Texture/Image/UiDrawLog/UiDrawLog20.png	Rate in A-Rank pool:	80%	0	0.0	0.0	0	0.0	0.0	0	0.0	0
3001	8001	<color=#26bbf9>80% rate in A-Rank pool</color>	Assets/Product/Texture/Image/UiDrawLog/UiDrawLog18.png	Assets/Product/Texture/Image/UiDrawLog/UiDrawLog20.png	Rate in A-Rank pool:	80%	0	0.0	0.0	0	0.0	0.0	0	0.0	0
3002	8002	<color=#26bbf9>80% rate in A-Rank pool</color>	Assets/Product/Texture/Image/UiDrawLog/UiDrawLog18.png	Assets/Product/Texture/Image/UiDrawLog/UiDrawLog20.png	Rate in A-Rank pool:	80%	0	0.0	0.0	0	0.0	0.0	0	0.0	0
3003	8003	<color=#26bbf9>80% rate in A-Rank pool</color>	Assets/Product/Texture/Image/UiDrawLog/UiDrawLog18.png	Assets/Product/Texture/Image/UiDrawLog/UiDrawLog20.png	Rate in A-Rank pool:	80%	0	0.0	0.0	0	0.0	0.0	0	0.0	0
3004	8004	<color=#26bbf9>80% rate in A-Rank pool</color>	Assets/Product/Texture/Image/UiDrawLog/UiDrawLog18.png	Assets/Product/Texture/Image/UiDrawLog/UiDrawLog20.png	Rate in A-Rank pool:	80%	0	0.0	0.0	0	0.0	0.0	0	0.0	0
3005	8005	<color=#26bbf9>80% rate in A-Rank pool</color>	Assets/Product/Texture/Image/UiDrawLog/UiDrawLog18.png	Assets/Product/Texture/Image/UiDrawLog/UiDrawLog20.png	Rate in A-Rank pool:	80%	0	0.0	0.0	0	0.0	0.0	0	0.0	0
3006	8006	<color=#26bbf9>80% rate in A-Rank pool</color>	Assets/Product/Texture/Image/UiDrawLog/UiDrawLog18.png	Assets/Product/Texture/Image/UiDrawLog/UiDrawLog20.png	Rate in A-Rank pool:	80%	0	0.0	0.0	0	0.0	0.0	0	0.0	0
3007	8007	<color=#26bbf9>80% rate in A-Rank pool</color>	Assets/Product/Texture/Image/UiDrawLog/UiDrawLog18.png	Assets/Product/Texture/Image/UiDrawLog/UiDrawLog20.png	Rate in A-Rank pool:	80%	0	0.0	0.0	0	0.0	0.0	0	0.0	0
3008	8008	<color=#26bbf9>80% rate in A-Rank pool</color>	Assets/Product/Texture/Image/UiDrawLog/UiDrawLog18.png	Assets/Product/Texture/Image/UiDrawLog/UiDrawLog20.png	Rate in A-Rank pool:	80%	0	0.0	0.0	0	0.0	0.0	0	0.0	0
3009	9000	<color=#ff8d1e>100% rate in A-Rank pool</color>	Assets/Product/Texture/Image/UiDrawLog/UiDrawLog18.png	Assets/Product/Texture/Image/UiDrawLog/UiDrawLog20.png	Rate in A-Rank pool:	100%	0	0.0	0.0	0	0.0	0.0	0	0.0	0
3010	8009	<color=#26bbf9>80% rate in A-Rank pool</color>	Assets/Product/Texture/Image/UiDrawLog/UiDrawLog18.png	Assets/Product/Texture/Image/UiDrawLog/UiDrawLog20.png	Rate in A-Rank pool:	80%	0	0.0	0.0	0	0.0	0.0	0	0.0	0
3011	9001	<color=#ff8d1e>100% rate in A-Rank pool</color>	Assets/Product/Texture/Image/UiDrawLog/UiDrawLog18.png	Assets/Product/Texture/Image/UiDrawLog/UiDrawLog20.png	Rate in A-Rank pool:	100%	0	0.0	0.0	0	0.0	0.0	0	0.0	0
3012	8010	<color=#26bbf9>80% rate in A-Rank pool</color>	Assets/Product/Texture/Image/UiDrawLog/UiDrawLog18.png	Assets/Product/Texture/Image/UiDrawLog/UiDrawLog20.png	Rate in A-Rank pool:	80%	0	0.0	0.0	0	0.0	0.0	0	0.0	0
3013	9002	<color=#ff8d1e>100% rate in A-Rank pool</color>	Assets/Product/Texture/Image/UiDrawLog/UiDrawLog18.png	Assets/Product/Texture/Image/UiDrawLog/UiDrawLog20.png	Rate in A-Rank pool:	100%	0	0.0	0.0	0	0.0	0.0	0	0.0	0
3014	8011	<color=#26bbf9>80% rate in A-Rank pool</color>	Assets/Product/Texture/Image/UiDrawLog/UiDrawLog18.png	Assets/Product/Texture/Image/UiDrawLog/UiDrawLog20.png	Rate in A-Rank pool:	80%	0	0.0	0.0	0	0.0	0.0	0	0.0	0
3015	9004	<color=#ff8d1e>100% rate in A-Rank pool</color>	Assets/Product/Texture/Image/UiDrawLog/UiDrawLog18.png	Assets/Product/Texture/Image/UiDrawLog/UiDrawLog20.png	Rate in A-Rank pool:	100%	0	0.0	0.0	0	0.0	0.0	0	0.0	0
3016	8013	<color=#26bbf9>80% rate in A-Rank pool</color>	Assets/Product/Texture/Image/UiDrawLog/UiDrawLog18.png	Assets/Product/Texture/Image/UiDrawLog/UiDrawLog20.png	Rate in A-Rank pool:	80%	0	0.0	0.0	0	0.0	0.0	0	0.0	0
3017	9005	<color=#ff8d1e>100% rate in A-Rank pool</color>	Assets/Product/Texture/Image/UiDrawLog/UiDrawLog18.png	Assets/Product/Texture/Image/UiDrawLog/UiDrawLog20.png	Rate in A-Rank pool:	100%	0	0.0	0.0	0	0.0	0.0	0	0.0	0
3018	8015	<color=#26bbf9>80% rate in A-Rank pool</color>	Assets/Product/Texture/Image/UiDrawLog/UiDrawLog18.png	Assets/Product/Texture/Image/UiDrawLog/UiDrawLog20.png	Rate in A-Rank pool:	80%	0	0.0	0.0	0	0.0	0.0	0	0.0	0
3019	9006	<color=#ff8d1e>100% rate in A-Rank pool</color>	Assets/Product/Texture/Image/UiDrawLog/UiDrawLog18.png	Assets/Product/Texture/Image/UiDrawLog/UiDrawLog20.png	Rate in A-Rank pool:	100%	0	0.0	0.0	0	0.0	0.0	0	0.0	0
3020	8016	<color=#26bbf9>80% rate in A-Rank pool</color>	Assets/Product/Texture/Image/UiDrawLog/UiDrawLog18.png	Assets/Product/Texture/Image/UiDrawLog/UiDrawLog20.png	Rate in A-Rank pool:	80%	0	0.0	0.0	0	0.0	0.0	0	0.0	0
3021	9007	<color=#ff8d1e>100% rate in A-Rank pool</color>	Assets/Product/Texture/Image/UiDrawLog/UiDrawLog18.png	Assets/Product/Texture/Image/UiDrawLog/UiDrawLog20.png	Rate in A-Rank pool:	100%	0	0.0	0.0	0	0.0	0.0	0	0.0	0
3022	8017	<color=#26bbf9>80% rate in A-Rank pool</color>	Assets/Product/Texture/Image/UiDrawLog/UiDrawLog18.png	Assets/Product/Texture/Image/UiDrawLog/UiDrawLog20.png	Rate in A-Rank pool:	80%	0	0.0	0.0	0	0.0	0.0	0	0.0	0
3023	9008	<color=#ff8d1e>100% rate in A-Rank pool</color>	Assets/Product/Texture/Image/UiDrawLog/UiDrawLog18.png	Assets/Product/Texture/Image/UiDrawLog/UiDrawLog20.png	Rate in A-Rank pool:	100%	0	0.0	0.0	0	0.0	0.0	0	0.0	0
3024	8018	<color=#26bbf9>80% rate in A-Rank pool</color>	Assets/Product/Texture/Image/UiDrawLog/UiDrawLog18.png	Assets/Product/Texture/Image/UiDrawLog/UiDrawLog20.png	Rate in A-Rank pool:	80%	0	0.0	0.0	0	0.0	0.0	0	0.0	0
3025	9009	<color=#ff8d1e>100% rate in A-Rank pool</color>	Assets/Product/Texture/Image/UiDrawLog/UiDrawLog18.png	Assets/Product/Texture/Image/UiDrawLog/UiDrawLog20.png	Rate in A-Rank pool:	100%	0	0.0	0.0	0	0.0	0.0	0	0.0	0
3026	8019	<color=#26bbf9>80% rate in A-Rank pool</color>	Assets/Product/Texture/Image/UiDrawLog/UiDrawLog18.png	Assets/Product/Texture/Image/UiDrawLog/UiDrawLog20.png	Rate in A-Rank pool:	80%	0	0.0	0.0	0	0.0	0.0	0	0.0	0
3027	9010	<color=#ff8d1e>100% rate in A-Rank pool</color>	Assets/Product/Texture/Image/UiDrawLog/UiDrawLog18.png	Assets/Product/Texture/Image/UiDrawLog/UiDrawLog20.png	Rate in A-Rank pool:	100%	0	0.0	0.0	0	0.0	0.0	0	0.0	0
3028	8020	<color=#26bbf9>80% rate in A-Rank pool</color>	Assets/Product/Texture/Image/UiDrawLog/UiDrawLog18.png	Assets/Product/Texture/Image/UiDrawLog/UiDrawLog20.png	Rate in A-Rank pool:	80%	0	0.0	0.0	0	0.0	0.0	0	0.0	0
3029	9011	<color=#ff8d1e>100% rate in A-Rank pool</color>	Assets/Product/Texture/Image/UiDrawLog/UiDrawLog18.png	Assets/Product/Texture/Image/UiDrawLog/UiDrawLog20.png	Rate in A-Rank pool:	100%	0	0.0	0.0	0	0.0	0.0	0	0.0	0
3030	8021	<color=#26bbf9>80% rate in A-Rank pool</color>	Assets/Product/Texture/Image/UiDrawLog/UiDrawLog18.png	Assets/Product/Texture/Image/UiDrawLog/UiDrawLog20.png	Rate in A-Rank pool:	80%	0	0.0	0.0	0	0.0	0.0	0	0.0	0
3031	9012	<color=#ff8d1e>100% rate in A-Rank pool</color>	Assets/Product/Texture/Image/UiDrawLog/UiDrawLog18.png	Assets/Product/Texture/Image/UiDrawLog/UiDrawLog20.png	Rate in A-Rank pool:	100%	0	0.0	0.0	0	0.0	0.0	0	0.0	0
3032	8022	<color=#26bbf9>80% rate in A-Rank pool</color>	Assets/Product/Texture/Image/UiDrawLog/UiDrawLog18.png	Assets/Product/Texture/Image/UiDrawLog/UiDrawLog20.png	Rate in A-Rank pool:	80%	0	0.0	0.0	0	0.0	0.0	0	0.0	0
3033	9013	<color=#ff8d1e>100% rate in A-Rank pool</color>	Assets/Product/Texture/Image/UiDrawLog/UiDrawLog18.png	Assets/Product/Texture/Image/UiDrawLog/UiDrawLog20.png	Rate in A-Rank pool:	100%	0	0.0	0.0	0	0.0	0.0	0	0.0	0
3034	8023	<color=#26bbf9>80% rate in A-Rank pool</color>	Assets/Product/Texture/Image/UiDrawLog/UiDrawLog18.png	Assets/Product/Texture/Image/UiDrawLog/UiDrawLog20.png	Rate in A-Rank pool:	80%	0	0.0	0.0	0	0.0	0.0	0	0.0	0
3035	9014	<color=#ff8d1e>100% rate in A-Rank pool</color>	Assets/Product/Texture/Image/UiDrawLog/UiDrawLog18.png	Assets/Product/Texture/Image/UiDrawLog/UiDrawLog20.png	Rate in A-Rank pool:	100%	0	0.0	0.0	0	0.0	0.0	0	0.0	0
3036	8024	<color=#26bbf9>80% rate in A-Rank pool</color>	Assets/Product/Texture/Image/UiDrawLog/UiDrawLog18.png	Assets/Product/Texture/Image/UiDrawLog/UiDrawLog20.png	Rate in A-Rank pool:	80%	0	0.0	0.0	0	0.0	0.0	0	0.0	0
4000	9500	<color=#26bbf9>占S级出率100%</color>	Assets/Product/Texture/Image/UiDrawLog/UiDrawLog22.png	Assets/Product/Texture/Image/UiDrawLog/UiDrawLog23.png	Rate in S-Rank pool:	100%	0	0.0	0.0	0	0.0	0.0	0	0.0	0
4001	9501	<color=#26bbf9>80% rate in S-Rank pool</color>	Assets/Product/Texture/Image/UiDrawLog/UiDrawLog22.png	Assets/Product/Texture/Image/UiDrawLog/UiDrawLog23.png	Rate in S-Rank pool:	80%	0	0.0	0.0	0	0.0	0.0	0	0.0	0
4002	9800	<color=#ff8d1e>100% rate in S-Rank pool</color>	Assets/Product/Texture/Image/UiDrawLog/UiDrawLog22.png	Assets/Product/Texture/Image/UiDrawLog/UiDrawLog23.png	Rate in S-Rank pool:	100%	0	0.0	0.0	0	0.0	0.0	0	0.0	0
4003	9502	<color=#26bbf9>80% rate in S-Rank pool</color>	Assets/Product/Texture/Image/UiDrawLog/UiDrawLog22.png	Assets/Product/Texture/Image/UiDrawLog/UiDrawLog23.png	Rate in S-Rank pool:	80%	0	0.0	0.0	0	0.0	0.0	0	0.0	0
4004	9790	<color=#ff8d1e>100% rate in S-Rank pool</color>	Assets/Product/Texture/Image/UiDrawLog/UiDrawLog22.png	Assets/Product/Texture/Image/UiDrawLog/UiDrawLog23.png	Rate in S-Rank pool:	100%	0	0.0	0.0	0	0.0	0.0	0	0.0	0
4005	9501	<color=#26bbf9>80% rate in S-Rank pool</color>	Assets/Product/Texture/Image/UiDrawLog/UiDrawLog22.png	Assets/Product/Texture/Image/UiDrawLog/UiDrawLog23.png	Rate in S-Rank pool:	80%	0	0.0	0.0	0	0.0	0.0	0	0.0	0
4006	9780	<color=#ff8d1e>100% rate in S-Rank pool</color>	Assets/Product/Texture/Image/UiDrawLog/UiDrawLog22.png	Assets/Product/Texture/Image/UiDrawLog/UiDrawLog23.png	Rate in S-Rank pool:	100%	0	0.0	0.0	0	0.0	0.0	0	0.0	0
4007	9503	<color=#26bbf9>80% rate in S-Rank pool</color>	Assets/Product/Texture/Image/UiDrawLog/UiDrawLog22.png	Assets/Product/Texture/Image/UiDrawLog/UiDrawLog23.png	Rate in S-Rank pool:	80%	0	0.0	0.0	0	0.0	0.0	0	0.0	0
4008	9770	<color=#ff8d1e>100% rate in S-Rank pool</color>	Assets/Product/Texture/Image/UiDrawLog/UiDrawLog22.png	Assets/Product/Texture/Image/UiDrawLog/UiDrawLog23.png	Rate in S-Rank pool:	100%	0	0.0	0.0	0	0.0	0.0	0	0.0	0
4009	9504	<color=#26bbf9>80% rate in S-Rank pool</color>	Assets/Product/Texture/Image/UiDrawLog/UiDrawLog22.png	Assets/Product/Texture/Image/UiDrawLog/UiDrawLog23.png	Rate in S-Rank pool:	80%	0	0.0	0.0	0	0.0	0.0	0	0.0	0
4010	9760	<color=#ff8d1e>100% rate in S-Rank pool</color>	Assets/Product/Texture/Image/UiDrawLog/UiDrawLog22.png	Assets/Product/Texture/Image/UiDrawLog/UiDrawLog23.png	Rate in S-Rank pool:	100%	0	0.0	0.0	0	0.0	0.0	0	0.0	0
4011	9505	<color=#26bbf9>80% rate in S-Rank pool</color>	Assets/Product/Texture/Image/UiDrawLog/UiDrawLog22.png	Assets/Product/Texture/Image/UiDrawLog/UiDrawLog23.png	Rate in S-Rank pool:	80%	0	0.0	0.0	0	0.0	0.0	0	0.0	0
4012	9750	<color=#ff8d1e>100% rate in S-Rank pool</color>	Assets/Product/Texture/Image/UiDrawLog/UiDrawLog22.png	Assets/Product/Texture/Image/UiDrawLog/UiDrawLog23.png	Rate in S-Rank pool:	100%	0	0.0	0.0	0	0.0	0.0	0	0.0	0
4013	9506	<color=#26bbf9>80% rate in S-Rank pool</color>	Assets/Product/Texture/Image/UiDrawLog/UiDrawLog22.png	Assets/Product/Texture/Image/UiDrawLog/UiDrawLog23.png	Rate in S-Rank pool:	80%	0	0.0	0.0	0	0.0	0.0	0	0.0	0
5000	10000	<color=#ff8d1e>100% rate in S-Rank pool</color>	Assets/Product/Texture/Image/UiDrawLog/UiDrawLog22.png	Assets/Product/Texture/Image/UiDrawLog/UiDrawLog23.png	Rate in S-Rank pool:	100%	0	0.0	0.0	0	0.0	0.0	0	0.0	0
5001	9999	<color=#ff8d1e>100% rate in S-Rank pool</color>	Assets/Product/Texture/Image/UiDrawLog/UiDrawLog22.png	Assets/Product/Texture/Image/UiDrawLog/UiDrawLog23.png	Rate in S-Rank pool:	100%	0	0.0	0.0	0	0.0	0.0	0	0.0	0
5002	9998	<color=#ff8d1e>100% rate in S-Rank pool</color>	Assets/Product/Texture/Image/UiDrawLog/UiDrawLog22.png	Assets/Product/Texture/Image/UiDrawLog/UiDrawLog23.png	Rate in S-Rank pool:	100%	0	0.0	0.0	0	0.0	0.0	0	0.0	0
5003	9997	<color=#ff8d1e>100% rate in S-Rank pool</color>	Assets/Product/Texture/Image/UiDrawLog/UiDrawLog22.png	Assets/Product/Texture/Image/UiDrawLog/UiDrawLog23.png	Rate in S-Rank pool:	100%	0	0.0	0.0	0	0.0	0.0	0	0.0	0
5004	9996	<color=#ff8d1e>100% rate in S-Rank pool</color>	Assets/Product/Texture/Image/UiDrawLog/UiDrawLog22.png	Assets/Product/Texture/Image/UiDrawLog/UiDrawLog23.png	Rate in S-Rank pool:	100%	0	0.0	0.0	0	0.0	0.0	0	0.0	0
5005	9995	<color=#ff8d1e>100% rate in S-Rank pool</color>	Assets/Product/Texture/Image/UiDrawLog/UiDrawLog22.png	Assets/Product/Texture/Image/UiDrawLog/UiDrawLog23.png	Rate in S-Rank pool:	100%	0	0.0	0.0	0	0.0	0.0	0	0.0	0
5006	9994	<color=#ff8d1e>100% rate in S-Rank pool</color>	Assets/Product/Texture/Image/UiDrawLog/UiDrawLog22.png	Assets/Product/Texture/Image/UiDrawLog/UiDrawLog23.png	Rate in S-Rank pool:	100%	0	0.0	0.0	0	0.0	0.0	0	0.0	0
5007	9993	<color=#ff8d1e>100% rate in S-Rank pool</color>	Assets/Product/Texture/Image/UiDrawLog/UiDrawLog22.png	Assets/Product/Texture/Image/UiDrawLog/UiDrawLog23.png	Rate in S-Rank pool:	100%	0	0.0	0.0	0	0.0	0.0	0	0.0	0
5008	9992	<color=#ff8d1e>100% rate in S-Rank pool</color>	Assets/Product/Texture/Image/UiDrawLog/UiDrawLog22.png	Assets/Product/Texture/Image/UiDrawLog/UiDrawLog23.png	Rate in S-Rank pool:	100%	0	0.0	0.0	0	0.0	0.0	0	0.0	0
5009	10000	<color=#ff8d1e>100% rate in S-Rank pool</color>	Assets/Product/Texture/Image/UiDrawLog/UiDrawLog22.png	Assets/Product/Texture/Image/UiDrawLog/UiDrawLog23.png	Rate in S-Rank pool:	100%	0	0.0	0.0	0	0.0	0.0	0	0.0	0
5010	9999	<color=#ff8d1e>100% rate in S-Rank pool</color>	Assets/Product/Texture/Image/UiDrawLog/UiDrawLog22.png	Assets/Product/Texture/Image/UiDrawLog/UiDrawLog23.png	Rate in S-Rank pool:	100%	0	0.0	0.0	0	0.0	0.0	0	0.0	0
5011	9998	<color=#ff8d1e>100% rate in S-Rank pool</color>	Assets/Product/Texture/Image/UiDrawLog/UiDrawLog22.png	Assets/Product/Texture/Image/UiDrawLog/UiDrawLog23.png	Rate in S-Rank pool:	100%	0	0.0	0.0	0	0.0	0.0	0	0.0	0
5012	9997	<color=#ff8d1e>100% rate in S-Rank pool</color>	Assets/Product/Texture/Image/UiDrawLog/UiDrawLog22.png	Assets/Product/Texture/Image/UiDrawLog/UiDrawLog23.png	Rate in S-Rank pool:	100%	0	0.0	0.0	0	0.0	0.0	0	0.0	0
5013	9996	<color=#ff8d1e>100% rate in S-Rank pool</color>	Assets/Product/Texture/Image/UiDrawLog/UiDrawLog22.png	Assets/Product/Texture/Image/UiDrawLog/UiDrawLog23.png	Rate in S-Rank pool:	100%	0	0.0	0.0	0	0.0	0.0	0	0.0	0
5014	9995	<color=#ff8d1e>100% rate in S-Rank pool</color>	Assets/Product/Texture/Image/UiDrawLog/UiDrawLog22.png	Assets/Product/Texture/Image/UiDrawLog/UiDrawLog23.png	Rate in S-Rank pool:	100%	0	0.0	0.0	0	0.0	0.0	0	0.0	0
5015	9994	<color=#ff8d1e>100% rate in S-Rank pool</color>	Assets/Product/Texture/Image/UiDrawLog/UiDrawLog22.png	Assets/Product/Texture/Image/UiDrawLog/UiDrawLog23.png	Rate in S-Rank pool:	100%	0	0.0	0.0	0	0.0	0.0	0	0.0	0
5016	9993	<color=#ff8d1e>100% rate in S-Rank pool</color>	Assets/Product/Texture/Image/UiDrawLog/UiDrawLog22.png	Assets/Product/Texture/Image/UiDrawLog/UiDrawLog23.png	Rate in S-Rank pool:	100%	0	0.0	0.0	0	0.0	0.0	0	0.0	0
5017	9992	<color=#ff8d1e>100% rate in S-Rank pool</color>	Assets/Product/Texture/Image/UiDrawLog/UiDrawLog22.png	Assets/Product/Texture/Image/UiDrawLog/UiDrawLog23.png	Rate in S-Rank pool:	100%	0	0.0	0.0	0	0.0	0.0	0	0.0	0
5018	9991	<color=#ff8d1e>100% rate in S-Rank pool</color>	Assets/Product/Texture/Image/UiDrawLog/UiDrawLog22.png	Assets/Product/Texture/Image/UiDrawLog/UiDrawLog23.png	Rate in S-Rank pool:	100%	0	0.0	0.0	0	0.0	0.0	0	0.0	0
5019	9990	<color=#ff8d1e>100% rate in S-Rank pool</color>	Assets/Product/Texture/Image/UiDrawLog/UiDrawLog22.png	Assets/Product/Texture/Image/UiDrawLog/UiDrawLog23.png	Rate in S-Rank pool:	100%	0	0.0	0.0	0	0.0	0.0	0	0.0	0
5020	9989	<color=#ff8d1e>100% rate in S-Rank pool</color>	Assets/Product/Texture/Image/UiDrawLog/UiDrawLog22.png	Assets/Product/Texture/Image/UiDrawLog/UiDrawLog23.png	Rate in S-Rank pool:	100%	0	0.0	0.0	0	0.0	0.0	0	0.0	0
5021	10000	<color=#ff8d1e>100% rate in S-Rank pool</color>	Assets/Product/Texture/Image/UiDrawLog/UiDrawLog22.png	Assets/Product/Texture/Image/UiDrawLog/UiDrawLog23.png	Rate in S-Rank pool:	100%	0	0.0	0.0	0	0.0	0.0	0	0.0	0
5022	9999	<color=#ff8d1e>100% rate in S-Rank pool</color>	Assets/Product/Texture/Image/UiDrawLog/UiDrawLog22.png	Assets/Product/Texture/Image/UiDrawLog/UiDrawLog23.png	Rate in S-Rank pool:	100%	0	0.0	0.0	0	0.0	0.0	0	0.0	0
5023	9998	<color=#ff8d1e>100% rate in S-Rank pool</color>	Assets/Product/Texture/Image/UiDrawLog/UiDrawLog22.png	Assets/Product/Texture/Image/UiDrawLog/UiDrawLog23.png	Rate in S-Rank pool:	100%	0	0.0	0.0	0	0.0	0.0	0	0.0	0
5024	9997	<color=#ff8d1e>100% rate in S-Rank pool</color>	Assets/Product/Texture/Image/UiDrawLog/UiDrawLog22.png	Assets/Product/Texture/Image/UiDrawLog/UiDrawLog23.png	Rate in S-Rank pool:	100%	0	0.0	0.0	0	0.0	0.0	0	0.0	0
5025	9996	<color=#ff8d1e>100% rate in S-Rank pool</color>	Assets/Product/Texture/Image/UiDrawLog/UiDrawLog22.png	Assets/Product/Texture/Image/UiDrawLog/UiDrawLog23.png	Rate in S-Rank pool:	100%	0	0.0	0.0	0	0.0	0.0	0	0.0	0
5026	9995	<color=#ff8d1e>100% rate in S-Rank pool</color>	Assets/Product/Texture/Image/UiDrawLog/UiDrawLog22.png	Assets/Product/Texture/Image/UiDrawLog/UiDrawLog23.png	Rate in S-Rank pool:	100%	0	0.0	0.0	0	0.0	0.0	0	0.0	0
5027	9994	<color=#ff8d1e>100% rate in S-Rank pool</color>	Assets/Product/Texture/Image/UiDrawLog/UiDrawLog22.png	Assets/Product/Texture/Image/UiDrawLog/UiDrawLog23.png	Rate in S-Rank pool:	100%	0	0.0	0.0	0	0.0	0.0	0	0.0	0
5028	9993	<color=#ff8d1e>100% rate in S-Rank pool</color>	Assets/Product/Texture/Image/UiDrawLog/UiDrawLog22.png	Assets/Product/Texture/Image/UiDrawLog/UiDrawLog23.png	Rate in S-Rank pool:	100%	0	0.0	0.0	0	0.0	0.0	0	0.0	0
5029	9992	<color=#ff8d1e>100% rate in S-Rank pool</color>	Assets/Product/Texture/Image/UiDrawLog/UiDrawLog22.png	Assets/Product/Texture/Image/UiDrawLog/UiDrawLog23.png	Rate in S-Rank pool:	100%	0	0.0	0.0	0	0.0	0.0	0	0.0	0
5030	9991	<color=#ff8d1e>100% rate in S-Rank pool</color>	Assets/Product/Texture/Image/UiDrawLog/UiDrawLog22.png	Assets/Product/Texture/Image/UiDrawLog/UiDrawLog23.png	Rate in S-Rank pool:	100%	0	0.0	0.0	0	0.0	0.0	0	0.0	0
5031	9990	<color=#ff8d1e>100% rate in S-Rank pool</color>	Assets/Product/Texture/Image/UiDrawLog/UiDrawLog22.png	Assets/Product/Texture/Image/UiDrawLog/UiDrawLog23.png	Rate in S-Rank pool:	100%	0	0.0	0.0	0	0.0	0.0	0	0.0	0
5032	9989	<color=#ff8d1e>100% rate in S-Rank pool</color>	Assets/Product/Texture/Image/UiDrawLog/UiDrawLog22.png	Assets/Product/Texture/Image/UiDrawLog/UiDrawLog23.png	Rate in S-Rank pool:	100%	0	0.0	0.0	0	0.0	0.0	0	0.0	0
5033	9988	<color=#ff8d1e>100% rate in S-Rank pool</color>	Assets/Product/Texture/Image/UiDrawLog/UiDrawLog22.png	Assets/Product/Texture/Image/UiDrawLog/UiDrawLog23.png	Rate in S-Rank pool:	100%	0	0.0	0.0	0	0.0	0.0	0	0.0	0
5034	9987	<color=#ff8d1e>100% rate in S-Rank pool</color>	Assets/Product/Texture/Image/UiDrawLog/UiDrawLog22.png	Assets/Product/Texture/Image/UiDrawLog/UiDrawLog23.png	Rate in S-Rank pool:	100%	0	0.0	0.0	0	0.0	0.0	0	0.0	0
5035	9986	<color=#ff8d1e>100% rate in S-Rank pool</color>	Assets/Product/Texture/Image/UiDrawLog/UiDrawLog22.png	Assets/Product/Texture/Image/UiDrawLog/UiDrawLog23.png	Rate in S-Rank pool:	100%	0	0.0	0.0	0	0.0	0.0	0	0.0	0
5036	9985	<color=#ff8d1e>100% rate in S-Rank pool</color>	Assets/Product/Texture/Image/UiDrawLog/UiDrawLog22.png	Assets/Product/Texture/Image/UiDrawLog/UiDrawLog23.png	Rate in S-Rank pool:	100%	0	0.0	0.0	0	0.0	0.0	0	0.0	0
5037	9984	<color=#ff8d1e>100% rate in S-Rank pool</color>	Assets/Product/Texture/Image/UiDrawLog/UiDrawLog22.png	Assets/Product/Texture/Image/UiDrawLog/UiDrawLog23.png	Rate in S-Rank pool:	100%	0	0.0	0.0	0	0.0	0.0	0	0.0	0
5038	10000	<color=#ff8d1e>100% rate in S-Rank pool</color>	Assets/Product/Texture/Image/UiDrawLog/UiDrawLog22.png	Assets/Product/Texture/Image/UiDrawLog/UiDrawLog23.png	Rate in S-Rank pool:	100%	0	0.0	0.0	0	0.0	0.0	0	0.0	0
5039	9999	<color=#ff8d1e>100% rate in S-Rank pool</color>	Assets/Product/Texture/Image/UiDrawLog/UiDrawLog22.png	Assets/Product/Texture/Image/UiDrawLog/UiDrawLog23.png	Rate in S-Rank pool:	100%	0	0.0	0.0	0	0.0	0.0	0	0.0	0
5040	9998	<color=#ff8d1e>100% rate in S-Rank pool</color>	Assets/Product/Texture/Image/UiDrawLog/UiDrawLog22.png	Assets/Product/Texture/Image/UiDrawLog/UiDrawLog23.png	Rate in S-Rank pool:	100%	0	0.0	0.0	0	0.0	0.0	0	0.0	0
5041	9997	<color=#ff8d1e>100% rate in S-Rank pool</color>	Assets/Product/Texture/Image/UiDrawLog/UiDrawLog22.png	Assets/Product/Texture/Image/UiDrawLog/UiDrawLog23.png	Rate in S-Rank pool:	100%	0	0.0	0.0	0	0.0	0.0	0	0.0	0
5042	9996	<color=#ff8d1e>100% rate in S-Rank pool</color>	Assets/Product/Texture/Image/UiDrawLog/UiDrawLog22.png	Assets/Product/Texture/Image/UiDrawLog/UiDrawLog23.png	Rate in S-Rank pool:	100%	0	0.0	0.0	0	0.0	0.0	0	0.0	0
5043	9995	<color=#ff8d1e>100% rate in S-Rank pool</color>	Assets/Product/Texture/Image/UiDrawLog/UiDrawLog22.png	Assets/Product/Texture/Image/UiDrawLog/UiDrawLog23.png	Rate in S-Rank pool:	100%	0	0.0	0.0	0	0.0	0.0	0	0.0	0
5044	9994	<color=#ff8d1e>100% rate in S-Rank pool</color>	Assets/Product/Texture/Image/UiDrawLog/UiDrawLog22.png	Assets/Product/Texture/Image/UiDrawLog/UiDrawLog23.png	Rate in S-Rank pool:	100%	0	0.0	0.0	0	0.0	0.0	0	0.0	0
5045	9993	<color=#ff8d1e>100% rate in S-Rank pool</color>	Assets/Product/Texture/Image/UiDrawLog/UiDrawLog22.png	Assets/Product/Texture/Image/UiDrawLog/UiDrawLog23.png	Rate in S-Rank pool:	100%	0	0.0	0.0	0	0.0	0.0	0	0.0	0
5046	9992	<color=#ff8d1e>100% rate in S-Rank pool</color>	Assets/Product/Texture/Image/UiDrawLog/UiDrawLog22.png	Assets/Product/Texture/Image/UiDrawLog/UiDrawLog23.png	Rate in S-Rank pool:	100%	0	0.0	0.0	0	0.0	0.0	0	0.0	0
5047	9991	<color=#ff8d1e>100% rate in S-Rank pool</color>	Assets/Product/Texture/Image/UiDrawLog/UiDrawLog22.png	Assets/Product/Texture/Image/UiDrawLog/UiDrawLog23.png	Rate in S-Rank pool:	100%	0	0.0	0.0	0	0.0	0.0	0	0.0	0
5048	9990	<color=#ff8d1e>100% rate in S-Rank pool</color>	Assets/Product/Texture/Image/UiDrawLog/UiDrawLog22.png	Assets/Product/Texture/Image/UiDrawLog/UiDrawLog23.png	Rate in S-Rank pool:	100%	0	0.0	0.0	0	0.0	0.0	0	0.0	0
5049	9989	<color=#ff8d1e>100% rate in S-Rank pool</color>	Assets/Product/Texture/Image/UiDrawLog/UiDrawLog22.png	Assets/Product/Texture/Image/UiDrawLog/UiDrawLog23.png	Rate in S-Rank pool:	100%	0	0.0	0.0	0	0.0	0.0	0	0.0	0
5050	9988	<color=#ff8d1e>100% rate in S-Rank pool</color>	Assets/Product/Texture/Image/UiDrawLog/UiDrawLog22.png	Assets/Product/Texture/Image/UiDrawLog/UiDrawLog23.png	Rate in S-Rank pool:	100%	0	0.0	0.0	0	0.0	0.0	0	0.0	0
5051	9987	<color=#ff8d1e>100% rate in S-Rank pool</color>	Assets/Product/Texture/Image/UiDrawLog/UiDrawLog22.png	Assets/Product/Texture/Image/UiDrawLog/UiDrawLog23.png	Rate in S-Rank pool:	100%	0	0.0	0.0	0	0.0	0.0	0	0.0	0
5052	9986	<color=#ff8d1e>100% rate in S-Rank pool</color>	Assets/Product/Texture/Image/UiDrawLog/UiDrawLog22.png	Assets/Product/Texture/Image/UiDrawLog/UiDrawLog23.png	Rate in S-Rank pool:	100%	0	0.0	0.0	0	0.0	0.0	0	0.0	0
5053	9985	<color=#ff8d1e>100% rate in S-Rank pool</color>	Assets/Product/Texture/Image/UiDrawLog/UiDrawLog22.png	Assets/Product/Texture/Image/UiDrawLog/UiDrawLog23.png	Rate in S-Rank pool:	100%	0	0.0	0.0	0	0.0	0.0	0	0.0	0
5054	9984	<color=#ff8d1e>100% rate in S-Rank pool</color>	Assets/Product/Texture/Image/UiDrawLog/UiDrawLog22.png	Assets/Product/Texture/Image/UiDrawLog/UiDrawLog23.png	Rate in S-Rank pool:	100%	0	0.0	0.0	0	0.0	0.0	0	0.0	0
5055	9983	<color=#ff8d1e>100% rate in S-Rank pool</color>	Assets/Product/Texture/Image/UiDrawLog/UiDrawLog22.png	Assets/Product/Texture/Image/UiDrawLog/UiDrawLog23.png	Rate in S-Rank pool:	100%	0	0.0	0.0	0	0.0	0.0	0	0.0	0
5056	9982	<color=#ff8d1e>100% rate in S-Rank pool</color>	Assets/Product/Texture/Image/UiDrawLog/UiDrawLog22.png	Assets/Product/Texture/Image/UiDrawLog/UiDrawLog23.png	Rate in S-Rank pool:	100%	0	0.0	0.0	0	0.0	0.0	0	0.0	0
5057	9981	<color=#ff8d1e>100% rate in S-Rank pool</color>	Assets/Product/Texture/Image/UiDrawLog/UiDrawLog22.png	Assets/Product/Texture/Image/UiDrawLog/UiDrawLog23.png	Rate in S-Rank pool:	100%	0	0.0	0.0	0	0.0	0.0	0	0.0	0
5058	9980	<color=#ff8d1e>100% rate in S-Rank pool</color>	Assets/Product/Texture/Image/UiDrawLog/UiDrawLog22.png	Assets/Product/Texture/Image/UiDrawLog/UiDrawLog23.png	Rate in S-Rank pool:	100%	0	0.0	0.0	0	0.0	0.0	0	0.0	0
5059	9979	<color=#ff8d1e>100% rate in S-Rank pool</color>	Assets/Product/Texture/Image/UiDrawLog/UiDrawLog22.png	Assets/Product/Texture/Image/UiDrawLog/UiDrawLog23.png	Rate in S-Rank pool:	100%	0	0.0	0.0	0	0.0	0.0	0	0.0	0
5060	9978	<color=#ff8d1e>100% rate in S-Rank pool</color>	Assets/Product/Texture/Image/UiDrawLog/UiDrawLog22.png	Assets/Product/Texture/Image/UiDrawLog/UiDrawLog23.png	Rate in S-Rank pool:	100%	0	0.0	0.0	0	0.0	0.0	0	0.0	0
5061	10000	<color=#ff8d1e>100% rate in S-Rank pool</color>	Assets/Product/Texture/Image/UiDrawLog/UiDrawLog22.png	Assets/Product/Texture/Image/UiDrawLog/UiDrawLog23.png	Rate in S-Rank pool:	100%	0	0.0	0.0	0	0.0	0.0	0	0.0	0
5062	9990	<color=#ff8d1e>100% rate in S-Rank pool</color>	Assets/Product/Texture/Image/UiDrawLog/UiDrawLog22.png	Assets/Product/Texture/Image/UiDrawLog/UiDrawLog23.png	Rate in S-Rank pool:	100%	0	0.0	0.0	0	0.0	0.0	0	0.0	0
5063	9980	<color=#ff8d1e>100% rate in S-Rank pool</color>	Assets/Product/Texture/Image/UiDrawLog/UiDrawLog22.png	Assets/Product/Texture/Image/UiDrawLog/UiDrawLog23.png	Rate in S-Rank pool:	100%	0	0.0	0.0	0	0.0	0.0	0	0.0	0
5064	9970	<color=#ff8d1e>100% rate in S-Rank pool</color>	Assets/Product/Texture/Image/UiDrawLog/UiDrawLog22.png	Assets/Product/Texture/Image/UiDrawLog/UiDrawLog23.png	Rate in S-Rank pool:	100%	0	0.0	0.0	0	0.0	0.0	0	0.0	0
5065	9960	<color=#ff8d1e>100% rate in S-Rank pool</color>	Assets/Product/Texture/Image/UiDrawLog/UiDrawLog22.png	Assets/Product/Texture/Image/UiDrawLog/UiDrawLog23.png	Rate in S-Rank pool:	100%	0	0.0	0.0	0	0.0	0.0	0	0.0	0
5066	9950	<color=#ff8d1e>100% rate in S-Rank pool</color>	Assets/Product/Texture/Image/UiDrawLog/UiDrawLog22.png	Assets/Product/Texture/Image/UiDrawLog/UiDrawLog23.png	Rate in S-Rank pool:	100%	0	0.0	0.0	0	0.0	0.0	0	0.0	0
5067	9940	<color=#ff8d1e>100% rate in S-Rank pool</color>	Assets/Product/Texture/Image/UiDrawLog/UiDrawLog22.png	Assets/Product/Texture/Image/UiDrawLog/UiDrawLog23.png	Rate in S-Rank pool:	100%	0	0.0	0.0	0	0.0	0.0	0	0.0	0
5068	9930	<color=#ff8d1e>100% rate in S-Rank pool</color>	Assets/Product/Texture/Image/UiDrawLog/UiDrawLog22.png	Assets/Product/Texture/Image/UiDrawLog/UiDrawLog23.png	Rate in S-Rank pool:	100%	0	0.0	0.0	0	0.0	0.0	0	0.0	0
5069	9920	<color=#ff8d1e>100% rate in S-Rank pool</color>	Assets/Product/Texture/Image/UiDrawLog/UiDrawLog22.png	Assets/Product/Texture/Image/UiDrawLog/UiDrawLog23.png	Rate in S-Rank pool:	100%	0	0.0	0.0	0	0.0	0.0	0	0.0	0
5070	9910	<color=#ff8d1e>100% rate in S-Rank pool</color>	Assets/Product/Texture/Image/UiDrawLog/UiDrawLog22.png	Assets/Product/Texture/Image/UiDrawLog/UiDrawLog23.png	Rate in S-Rank pool:	100%	0	0.0	0.0	0	0.0	0.0	0	0.0	0
5071	9900	<color=#ff8d1e>100% rate in S-Rank pool</color>	Assets/Product/Texture/Image/UiDrawLog/UiDrawLog22.png	Assets/Product/Texture/Image/UiDrawLog/UiDrawLog23.png	Rate in S-Rank pool:	100%	0	0.0	0.0	0	0.0	0.0	0	0.0	0
5072	9890	<color=#ff8d1e>100% rate in S-Rank pool</color>	Assets/Product/Texture/Image/UiDrawLog/UiDrawLog22.png	Assets/Product/Texture/Image/UiDrawLog/UiDrawLog23.png	Rate in S-Rank pool:	100%	0	0.0	0.0	0	0.0	0.0	0	0.0	0
5073	9880	<color=#ff8d1e>100% rate in S-Rank pool</color>	Assets/Product/Texture/Image/UiDrawLog/UiDrawLog22.png	Assets/Product/Texture/Image/UiDrawLog/UiDrawLog23.png	Rate in S-Rank pool:	100%	0	0.0	0.0	0	0.0	0.0	0	0.0	0
5074	9870	<color=#ff8d1e>100% rate in S-Rank pool</color>	Assets/Product/Texture/Image/UiDrawLog/UiDrawLog22.png	Assets/Product/Texture/Image/UiDrawLog/UiDrawLog23.png	Rate in S-Rank pool:	100%	0	0.0	0.0	0	0.0	0.0	0	0.0	0
5075	9860	<color=#ff8d1e>100% rate in S-Rank pool</color>	Assets/Product/Texture/Image/UiDrawLog/UiDrawLog22.png	Assets/Product/Texture/Image/UiDrawLog/UiDrawLog23.png	Rate in S-Rank pool:	100%	0	0.0	0.0	0	0.0	0.0	0	0.0	0
5076	9850	<color=#ff8d1e>100% rate in S-Rank pool</color>	Assets/Product/Texture/Image/UiDrawLog/UiDrawLog22.png	Assets/Product/Texture/Image/UiDrawLog/UiDrawLog23.png	Rate in S-Rank pool:	100%	0	0.0	0.0	0	0.0	0.0	0	0.0	0
5077	9840	<color=#ff8d1e>100% rate in S-Rank pool</color>	Assets/Product/Texture/Image/UiDrawLog/UiDrawLog22.png	Assets/Product/Texture/Image/UiDrawLog/UiDrawLog23.png	Rate in S-Rank pool:	100%	0	0.0	0.0	0	0.0	0.0	0	0.0	0
5078	9830	<color=#ff8d1e>100% rate in S-Rank pool</color>	Assets/Product/Texture/Image/UiDrawLog/UiDrawLog22.png	Assets/Product/Texture/Image/UiDrawLog/UiDrawLog23.png	Rate in S-Rank pool:	100%	0	0.0	0.0	0	0.0	0.0	0	0.0	0
5079	9820	<color=#ff8d1e>100% rate in S-Rank pool</color>	Assets/Product/Texture/Image/UiDrawLog/UiDrawLog22.png	Assets/Product/Texture/Image/UiDrawLog/UiDrawLog23.png	Rate in S-Rank pool:	100%	0	0.0	0.0	0	0.0	0.0	0	0.0	0
5080	9810	<color=#ff8d1e>100% rate in S-Rank pool</color>	Assets/Product/Texture/Image/UiDrawLog/UiDrawLog22.png	Assets/Product/Texture/Image/UiDrawLog/UiDrawLog23.png	Rate in S-Rank pool:	100%	0	0.0	0.0	0	0.0	0.0	0	0.0	0
5081	9800	<color=#ff8d1e>100% rate in S-Rank pool</color>	Assets/Product/Texture/Image/UiDrawLog/UiDrawLog22.png	Assets/Product/Texture/Image/UiDrawLog/UiDrawLog23.png	Rate in S-Rank pool:	100%	0	0.0	0.0	0	0.0	0.0	0	0.0	0
5082	9790	<color=#ff8d1e>100% rate in S-Rank pool</color>	Assets/Product/Texture/Image/UiDrawLog/UiDrawLog22.png	Assets/Product/Texture/Image/UiDrawLog/UiDrawLog23.png	Rate in S-Rank pool:	100%	0	0.0	0.0	0	0.0	0.0	0	0.0	0
5083	9780	<color=#ff8d1e>100% rate in S-Rank pool</color>	Assets/Product/Texture/Image/UiDrawLog/UiDrawLog22.png	Assets/Product/Texture/Image/UiDrawLog/UiDrawLog23.png	Rate in S-Rank pool:	100%	0	0.0	0.0	0	0.0	0.0	0	0.0	0
5084	9770	<color=#ff8d1e>100% rate in S-Rank pool</color>	Assets/Product/Texture/Image/UiDrawLog/UiDrawLog22.png	Assets/Product/Texture/Image/UiDrawLog/UiDrawLog23.png	Rate in S-Rank pool:	100%	0	0.0	0.0	0	0.0	0.0	0	0.0	0
5085	9760	<color=#ff8d1e>100% rate in S-Rank pool</color>	Assets/Product/Texture/Image/UiDrawLog/UiDrawLog22.png	Assets/Product/Texture/Image/UiDrawLog/UiDrawLog23.png	Rate in S-Rank pool:	100%	0	0.0	0.0	0	0.0	0.0	0	0.0	0
5086	9750	<color=#ff8d1e>100% rate in S-Rank pool</color>	Assets/Product/Texture/Image/UiDrawLog/UiDrawLog22.png	Assets/Product/Texture/Image/UiDrawLog/UiDrawLog23.png	Rate in S-Rank pool:	100%	0	0.0	0.0	0	0.0	0.0	0	0.0	0
5087	9740	<color=#ff8d1e>100% rate in S-Rank pool</color>	Assets/Product/Texture/Image/UiDrawLog/UiDrawLog22.png	Assets/Product/Texture/Image/UiDrawLog/UiDrawLog23.png	Rate in S-Rank pool:	100%	0	0.0	0.0	0	0.0	0.0	0	0.0	0
5088	9730	<color=#ff8d1e>100% rate in S-Rank pool</color>	Assets/Product/Texture/Image/UiDrawLog/UiDrawLog22.png	Assets/Product/Texture/Image/UiDrawLog/UiDrawLog23.png	Rate in S-Rank pool:	100%	0	0.0	0.0	0	0.0	0.0	0	0.0	0
5089	9720	<color=#ff8d1e>100% rate in S-Rank pool</color>	Assets/Product/Texture/Image/UiDrawLog/UiDrawLog22.png	Assets/Product/Texture/Image/UiDrawLog/UiDrawLog23.png	Rate in S-Rank pool:	100%	0	0.0	0.0	0	0.0	0.0	0	0.0	0
5090	10000	<color=#ff8d1e>100% rate in S-Rank pool</color>	Assets/Product/Texture/Image/UiDrawLog/UiDrawLog22.png	Assets/Product/Texture/Image/UiDrawLog/UiDrawLog23.png	Rate in S-Rank pool:	100%	0	0.0	0.0	0	0.0	0.0	0	0.0	0
5091	9990	<color=#ff8d1e>100% rate in S-Rank pool</color>	Assets/Product/Texture/Image/UiDrawLog/UiDrawLog22.png	Assets/Product/Texture/Image/UiDrawLog/UiDrawLog23.png	Rate in S-Rank pool:	100%	0	0.0	0.0	0	0.0	0.0	0	0.0	0
5092	9980	<color=#ff8d1e>100% rate in S-Rank pool</color>	Assets/Product/Texture/Image/UiDrawLog/UiDrawLog22.png	Assets/Product/Texture/Image/UiDrawLog/UiDrawLog23.png	Rate in S-Rank pool:	100%	0	0.0	0.0	0	0.0	0.0	0	0.0	0
5093	9970	<color=#ff8d1e>100% rate in S-Rank pool</color>	Assets/Product/Texture/Image/UiDrawLog/UiDrawLog22.png	Assets/Product/Texture/Image/UiDrawLog/UiDrawLog23.png	Rate in S-Rank pool:	100%	0	0.0	0.0	0	0.0	0.0	0	0.0	0
5094	9960	<color=#ff8d1e>100% rate in S-Rank pool</color>	Assets/Product/Texture/Image/UiDrawLog/UiDrawLog22.png	Assets/Product/Texture/Image/UiDrawLog/UiDrawLog23.png	Rate in S-Rank pool:	100%	0	0.0	0.0	0	0.0	0.0	0	0.0	0
5095	9950	<color=#ff8d1e>100% rate in S-Rank pool</color>	Assets/Product/Texture/Image/UiDrawLog/UiDrawLog22.png	Assets/Product/Texture/Image/UiDrawLog/UiDrawLog23.png	Rate in S-Rank pool:	100%	0	0.0	0.0	0	0.0	0.0	0	0.0	0
5096	9940	<color=#ff8d1e>100% rate in S-Rank pool</color>	Assets/Product/Texture/Image/UiDrawLog/UiDrawLog22.png	Assets/Product/Texture/Image/UiDrawLog/UiDrawLog23.png	Rate in S-Rank pool:	100%	0	0.0	0.0	0	0.0	0.0	0	0.0	0
5097	9930	<color=#ff8d1e>100% rate in S-Rank pool</color>	Assets/Product/Texture/Image/UiDrawLog/UiDrawLog22.png	Assets/Product/Texture/Image/UiDrawLog/UiDrawLog23.png	Rate in S-Rank pool:	100%	0	0.0	0.0	0	0.0	0.0	0	0.0	0
5098	9920	<color=#ff8d1e>100% rate in S-Rank pool</color>	Assets/Product/Texture/Image/UiDrawLog/UiDrawLog22.png	Assets/Product/Texture/Image/UiDrawLog/UiDrawLog23.png	Rate in S-Rank pool:	100%	0	0.0	0.0	0	0.0	0.0	0	0.0	0
5099	9910	<color=#ff8d1e>100% rate in S-Rank pool</color>	Assets/Product/Texture/Image/UiDrawLog/UiDrawLog22.png	Assets/Product/Texture/Image/UiDrawLog/UiDrawLog23.png	Rate in S-Rank pool:	100%	0	0.0	0.0	0	0.0	0.0	0	0.0	0
5100	9900	<color=#ff8d1e>100% rate in S-Rank pool</color>	Assets/Product/Texture/Image/UiDrawLog/UiDrawLog22.png	Assets/Product/Texture/Image/UiDrawLog/UiDrawLog23.png	Rate in S-Rank pool:	100%	0	0.0	0.0	0	0.0	0.0	0	0.0	0
5101	9890	<color=#ff8d1e>100% rate in S-Rank pool</color>	Assets/Product/Texture/Image/UiDrawLog/UiDrawLog22.png	Assets/Product/Texture/Image/UiDrawLog/UiDrawLog23.png	Rate in S-Rank pool:	100%	0	0.0	0.0	0	0.0	0.0	0	0.0	0
5102	9880	<color=#ff8d1e>100% rate in S-Rank pool</color>	Assets/Product/Texture/Image/UiDrawLog/UiDrawLog22.png	Assets/Product/Texture/Image/UiDrawLog/UiDrawLog23.png	Rate in S-Rank pool:	100%	0	0.0	0.0	0	0.0	0.0	0	0.0	0
5103	9870	<color=#ff8d1e>100% rate in S-Rank pool</color>	Assets/Product/Texture/Image/UiDrawLog/UiDrawLog22.png	Assets/Product/Texture/Image/UiDrawLog/UiDrawLog23.png	Rate in S-Rank pool:	100%	0	0.0	0.0	0	0.0	0.0	0	0.0	0
5104	9860	<color=#ff8d1e>100% rate in S-Rank pool</color>	Assets/Product/Texture/Image/UiDrawLog/UiDrawLog22.png	Assets/Product/Texture/Image/UiDrawLog/UiDrawLog23.png	Rate in S-Rank pool:	100%	0	0.0	0.0	0	0.0	0.0	0	0.0	0
5105	9850	<color=#ff8d1e>100% rate in S-Rank pool</color>	Assets/Product/Texture/Image/UiDrawLog/UiDrawLog22.png	Assets/Product/Texture/Image/UiDrawLog/UiDrawLog23.png	Rate in S-Rank pool:	100%	0	0.0	0.0	0	0.0	0.0	0	0.0	0
5106	9840	<color=#ff8d1e>100% rate in S-Rank pool</color>	Assets/Product/Texture/Image/UiDrawLog/UiDrawLog22.png	Assets/Product/Texture/Image/UiDrawLog/UiDrawLog23.png	Rate in S-Rank pool:	100%	0	0.0	0.0	0	0.0	0.0	0	0.0	0
5107	9830	<color=#ff8d1e>100% rate in S-Rank pool</color>	Assets/Product/Texture/Image/UiDrawLog/UiDrawLog22.png	Assets/Product/Texture/Image/UiDrawLog/UiDrawLog23.png	Rate in S-Rank pool:	100%	0	0.0	0.0	0	0.0	0.0	0	0.0	0
5108	9820	<color=#ff8d1e>100% rate in S-Rank pool</color>	Assets/Product/Texture/Image/UiDrawLog/UiDrawLog22.png	Assets/Product/Texture/Image/UiDrawLog/UiDrawLog23.png	Rate in S-Rank pool:	100%	0	0.0	0.0	0	0.0	0.0	0	0.0	0
5109	9810	<color=#ff8d1e>100% rate in S-Rank pool</color>	Assets/Product/Texture/Image/UiDrawLog/UiDrawLog22.png	Assets/Product/Texture/Image/UiDrawLog/UiDrawLog23.png	Rate in S-Rank pool:	100%	0	0.0	0.0	0	0.0	0.0	0	0.0	0
5110	9800	<color=#ff8d1e>100% rate in S-Rank pool</color>	Assets/Product/Texture/Image/UiDrawLog/UiDrawLog22.png	Assets/Product/Texture/Image/UiDrawLog/UiDrawLog23.png	Rate in S-Rank pool:	100%	0	0.0	0.0	0	0.0	0.0	0	0.0	0
5111	9790	<color=#ff8d1e>100% rate in S-Rank pool</color>	Assets/Product/Texture/Image/UiDrawLog/UiDrawLog22.png	Assets/Product/Texture/Image/UiDrawLog/UiDrawLog23.png	Rate in S-Rank pool:	100%	0	0.0	0.0	0	0.0	0.0	0	0.0	0
5112	9780	<color=#ff8d1e>100% rate in S-Rank pool</color>	Assets/Product/Texture/Image/UiDrawLog/UiDrawLog22.png	Assets/Product/Texture/Image/UiDrawLog/UiDrawLog23.png	Rate in S-Rank pool:	100%	0	0.0	0.0	0	0.0	0.0	0	0.0	0
5113	9770	<color=#ff8d1e>100% rate in S-Rank pool</color>	Assets/Product/Texture/Image/UiDrawLog/UiDrawLog22.png	Assets/Product/Texture/Image/UiDrawLog/UiDrawLog23.png	Rate in S-Rank pool:	100%	0	0.0	0.0	0	0.0	0.0	0	0.0	0
5114	9760	<color=#ff8d1e>100% rate in S-Rank pool</color>	Assets/Product/Texture/Image/UiDrawLog/UiDrawLog22.png	Assets/Product/Texture/Image/UiDrawLog/UiDrawLog23.png	Rate in S-Rank pool:	100%	0	0.0	0.0	0	0.0	0.0	0	0.0	0
5115	9750	<color=#ff8d1e>100% rate in S-Rank pool</color>	Assets/Product/Texture/Image/UiDrawLog/UiDrawLog22.png	Assets/Product/Texture/Image/UiDrawLog/UiDrawLog23.png	Rate in S-Rank pool:	100%	0	0.0	0.0	0	0.0	0.0	0	0.0	0
5116	9740	<color=#ff8d1e>100% rate in S-Rank pool</color>	Assets/Product/Texture/Image/UiDrawLog/UiDrawLog22.png	Assets/Product/Texture/Image/UiDrawLog/UiDrawLog23.png	Rate in S-Rank pool:	100%	0	0.0	0.0	0	0.0	0.0	0	0.0	0
5117	9730	<color=#ff8d1e>100% rate in S-Rank pool</color>	Assets/Product/Texture/Image/UiDrawLog/UiDrawLog22.png	Assets/Product/Texture/Image/UiDrawLog/UiDrawLog23.png	Rate in S-Rank pool:	100%	0	0.0	0.0	0	0.0	0.0	0	0.0	0
5118	9720	<color=#ff8d1e>100% rate in S-Rank pool</color>	Assets/Product/Texture/Image/UiDrawLog/UiDrawLog22.png	Assets/Product/Texture/Image/UiDrawLog/UiDrawLog23.png	Rate in S-Rank pool:	100%	0	0.0	0.0	0	0.0	0.0	0	0.0	0
5119	9710	<color=#ff8d1e>100% rate in S-Rank pool</color>	Assets/Product/Texture/Image/UiDrawLog/UiDrawLog22.png	Assets/Product/Texture/Image/UiDrawLog/UiDrawLog23.png	Rate in S-Rank pool:	100%	0	0.0	0.0	0	0.0	0.0	0	0.0	0
5120	9700	<color=#ff8d1e>100% rate in S-Rank pool</color>	Assets/Product/Texture/Image/UiDrawLog/UiDrawLog22.png	Assets/Product/Texture/Image/UiDrawLog/UiDrawLog23.png	Rate in S-Rank pool:	100%	0	0.0	0.0	0	0.0	0.0	0	0.0	0
5121	9690	<color=#ff8d1e>100% rate in S-Rank pool</color>	Assets/Product/Texture/Image/UiDrawLog/UiDrawLog22.png	Assets/Product/Texture/Image/UiDrawLog/UiDrawLog23.png	Rate in S-Rank pool:	100%	0	0.0	0.0	0	0.0	0.0	0	0.0	0
5122	9680	<color=#ff8d1e>100% rate in S-Rank pool</color>	Assets/Product/Texture/Image/UiDrawLog/UiDrawLog22.png	Assets/Product/Texture/Image/UiDrawLog/UiDrawLog23.png	Rate in S-Rank pool:	100%	0	0.0	0.0	0	0.0	0.0	0	0.0	0
5123	9670	<color=#ff8d1e>100% rate in S-Rank pool</color>	Assets/Product/Texture/Image/UiDrawLog/UiDrawLog22.png	Assets/Product/Texture/Image/UiDrawLog/UiDrawLog23.png	Rate in S-Rank pool:	100%	0	0.0	0.0	0	0.0	0.0	0	0.0	0
5124	9660	<color=#ff8d1e>100% rate in S-Rank pool</color>	Assets/Product/Texture/Image/UiDrawLog/UiDrawLog22.png	Assets/Product/Texture/Image/UiDrawLog/UiDrawLog23.png	Rate in S-Rank pool:	100%	0	0.0	0.0	0	0.0	0.0	0	0.0	0
5500	10000	<color=#ff8d1e>100% rate in S-Rank pool</color>	Assets/Product/Texture/Image/UiDrawLog/UiDrawLog22.png	Assets/Product/Texture/Image/UiDrawLog/UiDrawLog23.png	Rate in S-Rank pool:	100%	0	0.0	0.0	0	0.0	0.0	0	0.0	0
5501	9999	<color=#ff8d1e>100% rate in S-Rank pool</color>	Assets/Product/Texture/Image/UiDrawLog/UiDrawLog22.png	Assets/Product/Texture/Image/UiDrawLog/UiDrawLog23.png	Rate in S-Rank pool:	100%	0	0.0	0.0	0	0.0	0.0	0	0.0	0
5502	9998	<color=#ff8d1e>100% rate in S-Rank pool</color>	Assets/Product/Texture/Image/UiDrawLog/UiDrawLog22.png	Assets/Product/Texture/Image/UiDrawLog/UiDrawLog23.png	Rate in S-Rank pool:	100%	0	0.0	0.0	0	0.0	0.0	0	0.0	0
5503	9997	<color=#ff8d1e>100% rate in S-Rank pool</color>	Assets/Product/Texture/Image/UiDrawLog/UiDrawLog22.png	Assets/Product/Texture/Image/UiDrawLog/UiDrawLog23.png	Rate in S-Rank pool:	100%	0	0.0	0.0	0	0.0	0.0	0	0.0	0
5504	9996	<color=#ff8d1e>100% rate in S-Rank pool</color>	Assets/Product/Texture/Image/UiDrawLog/UiDrawLog22.png	Assets/Product/Texture/Image/UiDrawLog/UiDrawLog23.png	Rate in S-Rank pool:	100%	0	0.0	0.0	0	0.0	0.0	0	0.0	0
5505	9995	<color=#ff8d1e>100% rate in S-Rank pool</color>	Assets/Product/Texture/Image/UiDrawLog/UiDrawLog22.png	Assets/Product/Texture/Image/UiDrawLog/UiDrawLog23.png	Rate in S-Rank pool:	100%	0	0.0	0.0	0	0.0	0.0	0	0.0	0
5506	9994	<color=#ff8d1e>100% rate in S-Rank pool</color>	Assets/Product/Texture/Image/UiDrawLog/UiDrawLog22.png	Assets/Product/Texture/Image/UiDrawLog/UiDrawLog23.png	Rate in S-Rank pool:	100%	0	0.0	0.0	0	0.0	0.0	0	0.0	0
5507	9993	<color=#ff8d1e>100% rate in S-Rank pool</color>	Assets/Product/Texture/Image/UiDrawLog/UiDrawLog22.png	Assets/Product/Texture/Image/UiDrawLog/UiDrawLog23.png	Rate in S-Rank pool:	100%	0	0.0	0.0	0	0.0	0.0	0	0.0	0
5508	10000	<color=#ff8d1e>100% rate in A-Rank pool</color>	Assets/Product/Texture/Image/UiDrawLog/UiDrawLog18.png	Assets/Product/Texture/Image/UiDrawLog/UiDrawLog20.png	Rate in A-Rank pool:	100%	0	0.0	0.0	0	0.0	0.0	0	0.0	0
5600	9990		Assets/Product/Texture/Image/UiDrawLog/UiDrawLog18.png				0	0.0	0.0	0	0.0	0.0	0	0.0	0
5601	9989		Assets/Product/Texture/Image/UiDrawLog/UiDrawLog18.png				0	0.0	0.0	0	0.0	0.0	0	0.0	0
5602	9988		Assets/Product/Texture/Image/UiDrawLog/UiDrawLog18.png				0	0.0	0.0	0	0.0	0.0	0	0.0	0
5603	9987		Assets/Product/Texture/Image/UiDrawLog/UiDrawLog18.png				0	0.0	0.0	0	0.0	0.0	0	0.0	0
5604	9986		Assets/Product/Texture/Image/UiDrawLog/UiDrawLog18.png				0	0.0	0.0	0	0.0	0.0	0	0.0	0
5605	9985		Assets/Product/Texture/Image/UiDrawLog/UiDrawLog18.png				0	0.0	0.0	0	0.0	0.0	0	0.0	0
5606	9984		Assets/Product/Texture/Image/UiDrawLog/UiDrawLog18.png				0	0.0	0.0	0	0.0	0.0	0	0.0	0
5607	9983		Assets/Product/Texture/Image/UiDrawLog/UiDrawLog18.png				0	0.0	0.0	0	0.0	0.0	0	0.0	0
5608	10000	<color=#ff8d1e>100% rate in S-Rank pool</color>	Assets/Product/Texture/Image/UiDrawLog/UiDrawLog22.png	Assets/Product/Texture/Image/UiDrawLog/UiDrawLog23.png	Rate in S-Rank pool:	100%	0	0.0	0.0	0	0.0	0.0	0	0.0	0
5609	9999	<color=#ff8d1e>100% rate in S-Rank pool</color>	Assets/Product/Texture/Image/UiDrawLog/UiDrawLog22.png	Assets/Product/Texture/Image/UiDrawLog/UiDrawLog23.png	Rate in S-Rank pool:	100%	0	0.0	0.0	0	0.0	0.0	0	0.0	0
5610	9998	<color=#ff8d1e>100% rate in S-Rank pool</color>	Assets/Product/Texture/Image/UiDrawLog/UiDrawLog22.png	Assets/Product/Texture/Image/UiDrawLog/UiDrawLog23.png	Rate in S-Rank pool:	100%	0	0.0	0.0	0	0.0	0.0	0	0.0	0
5611	9997	<color=#ff8d1e>100% rate in S-Rank pool</color>	Assets/Product/Texture/Image/UiDrawLog/UiDrawLog22.png	Assets/Product/Texture/Image/UiDrawLog/UiDrawLog23.png	Rate in S-Rank pool:	100%	0	0.0	0.0	0	0.0	0.0	0	0.0	0
6000	9991	<color=#ff8d1e>100% rate in S-Rank pool</color>	Assets/Product/Texture/Image/UiDrawLog/UiDrawLog22.png	Assets/Product/Texture/Image/UiDrawLog/UiDrawLog23.png	Rate in S-Rank pool:	100%	0	0.0	0.0	0	0.0	0.0	0	0.0	0
6001	9990	<color=#ff8d1e>100% rate in S-Rank pool</color>	Assets/Product/Texture/Image/UiDrawLog/UiDrawLog22.png	Assets/Product/Texture/Image/UiDrawLog/UiDrawLog23.png	Rate in S-Rank pool:	100%	0	0.0	0.0	0	0.0	0.0	0	0.0	0
6002	9989	<color=#ff8d1e>100% rate in S-Rank pool</color>	Assets/Product/Texture/Image/UiDrawLog/UiDrawLog22.png	Assets/Product/Texture/Image/UiDrawLog/UiDrawLog23.png	Rate in S-Rank pool:	100%	0	0.0	0.0	0	0.0	0.0	0	0.0	0
6003	9988	<color=#ff8d1e>100% rate in S-Rank pool</color>	Assets/Product/Texture/Image/UiDrawLog/UiDrawLog22.png	Assets/Product/Texture/Image/UiDrawLog/UiDrawLog23.png	Rate in S-Rank pool:	100%	0	0.0	0.0	0	0.0	0.0	0	0.0	0
6004	9987	<color=#ff8d1e>100% rate in S-Rank pool</color>	Assets/Product/Texture/Image/UiDrawLog/UiDrawLog22.png	Assets/Product/Texture/Image/UiDrawLog/UiDrawLog23.png	Rate in S-Rank pool:	100%	0	0.0	0.0	0	0.0	0.0	0	0.0	0
6005	9986	<color=#ff8d1e>100% rate in S-Rank pool</color>	Assets/Product/Texture/Image/UiDrawLog/UiDrawLog22.png	Assets/Product/Texture/Image/UiDrawLog/UiDrawLog23.png	Rate in S-Rank pool:	100%	0	0.0	0.0	0	0.0	0.0	0	0.0	0
6006	9985	<color=#ff8d1e>100% rate in S-Rank pool</color>	Assets/Product/Texture/Image/UiDrawLog/UiDrawLog22.png	Assets/Product/Texture/Image/UiDrawLog/UiDrawLog23.png	Rate in S-Rank pool:	100%	0	0.0	0.0	0	0.0	0.0	0	0.0	0
6007	9984	<color=#ff8d1e>100% rate in S-Rank pool</color>	Assets/Product/Texture/Image/UiDrawLog/UiDrawLog22.png	Assets/Product/Texture/Image/UiDrawLog/UiDrawLog23.png	Rate in S-Rank pool:	100%	0	0.0	0.0	0	0.0	0.0	0	0.0	0
6008	9983	<color=#ff8d1e>100% rate in S-Rank pool</color>	Assets/Product/Texture/Image/UiDrawLog/UiDrawLog22.png	Assets/Product/Texture/Image/UiDrawLog/UiDrawLog23.png	Rate in S-Rank pool:	100%	0	0.0	0.0	0	0.0	0.0	0	0.0	0
6009	10000	<color=#ff8d1e>100% rate in S-Rank pool</color>	Assets/Product/Texture/Image/UiDrawLog/UiDrawLog22.png	Assets/Product/Texture/Image/UiDrawLog/UiDrawLog23.png	Rate in S-Rank pool:	100%	0	0.0	0.0	0	0.0	0.0	0	0.0	0
6010	9999	<color=#ff8d1e>100% rate in S-Rank pool</color>	Assets/Product/Texture/Image/UiDrawLog/UiDrawLog22.png	Assets/Product/Texture/Image/UiDrawLog/UiDrawLog23.png	Rate in S-Rank pool:	100%	0	0.0	0.0	0	0.0	0.0	0	0.0	0
6011	9998	<color=#ff8d1e>100% rate in S-Rank pool</color>	Assets/Product/Texture/Image/UiDrawLog/UiDrawLog22.png	Assets/Product/Texture/Image/UiDrawLog/UiDrawLog23.png	Rate in S-Rank pool:	100%	0	0.0	0.0	0	0.0	0.0	0	0.0	0
6012	9997	<color=#ff8d1e>100% rate in S-Rank pool</color>	Assets/Product/Texture/Image/UiDrawLog/UiDrawLog22.png	Assets/Product/Texture/Image/UiDrawLog/UiDrawLog23.png	Rate in S-Rank pool:	100%	0	0.0	0.0	0	0.0	0.0	0	0.0	0
6013	9996	<color=#ff8d1e>100% rate in S-Rank pool</color>	Assets/Product/Texture/Image/UiDrawLog/UiDrawLog22.png	Assets/Product/Texture/Image/UiDrawLog/UiDrawLog23.png	Rate in S-Rank pool:	100%	0	0.0	0.0	0	0.0	0.0	0	0.0	0
6014	9995	<color=#ff8d1e>100% rate in S-Rank pool</color>	Assets/Product/Texture/Image/UiDrawLog/UiDrawLog22.png	Assets/Product/Texture/Image/UiDrawLog/UiDrawLog23.png	Rate in S-Rank pool:	100%	0	0.0	0.0	0	0.0	0.0	0	0.0	0
6015	9994	<color=#ff8d1e>100% rate in S-Rank pool</color>	Assets/Product/Texture/Image/UiDrawLog/UiDrawLog22.png	Assets/Product/Texture/Image/UiDrawLog/UiDrawLog23.png	Rate in S-Rank pool:	100%	0	0.0	0.0	0	0.0	0.0	0	0.0	0
6016	9993	<color=#ff8d1e>100% rate in S-Rank pool</color>	Assets/Product/Texture/Image/UiDrawLog/UiDrawLog22.png	Assets/Product/Texture/Image/UiDrawLog/UiDrawLog23.png	Rate in S-Rank pool:	100%	0	0.0	0.0	0	0.0	0.0	0	0.0	0
6017	9992	<color=#ff8d1e>100% rate in S-Rank pool</color>	Assets/Product/Texture/Image/UiDrawLog/UiDrawLog22.png	Assets/Product/Texture/Image/UiDrawLog/UiDrawLog23.png	Rate in S-Rank pool:	100%	0	0.0	0.0	0	0.0	0.0	0	0.0	0
6018	9991	<color=#ff8d1e>100% rate in S-Rank pool</color>	Assets/Product/Texture/Image/UiDrawLog/UiDrawLog22.png	Assets/Product/Texture/Image/UiDrawLog/UiDrawLog23.png	Rate in S-Rank pool:	100%	0	0.0	0.0	0	0.0	0.0	0	0.0	0
6019	9990	<color=#ff8d1e>100% rate in S-Rank pool</color>	Assets/Product/Texture/Image/UiDrawLog/UiDrawLog22.png	Assets/Product/Texture/Image/UiDrawLog/UiDrawLog23.png	Rate in S-Rank pool:	100%	0	0.0	0.0	0	0.0	0.0	0	0.0	0
6020	9989	<color=#ff8d1e>100% rate in S-Rank pool</color>	Assets/Product/Texture/Image/UiDrawLog/UiDrawLog22.png	Assets/Product/Texture/Image/UiDrawLog/UiDrawLog23.png	Rate in S-Rank pool:	100%	0	0.0	0.0	0	0.0	0.0	0	0.0	0
6021	10000	<color=#ff8d1e>100% rate in S-Rank pool</color>	Assets/Product/Texture/Image/UiDrawLog/UiDrawLog22.png	Assets/Product/Texture/Image/UiDrawLog/UiDrawLog23.png	Rate in S-Rank pool:	100%	0	0.0	0.0	0	0.0	0.0	0	0.0	0
6022	9999	<color=#ff8d1e>100% rate in S-Rank pool</color>	Assets/Product/Texture/Image/UiDrawLog/UiDrawLog22.png	Assets/Product/Texture/Image/UiDrawLog/UiDrawLog23.png	Rate in S-Rank pool:	100%	0	0.0	0.0	0	0.0	0.0	0	0.0	0
6023	9998	<color=#ff8d1e>100% rate in S-Rank pool</color>	Assets/Product/Texture/Image/UiDrawLog/UiDrawLog22.png	Assets/Product/Texture/Image/UiDrawLog/UiDrawLog23.png	Rate in S-Rank pool:	100%	0	0.0	0.0	0	0.0	0.0	0	0.0	0
6024	9997	<color=#ff8d1e>100% rate in S-Rank pool</color>	Assets/Product/Texture/Image/UiDrawLog/UiDrawLog22.png	Assets/Product/Texture/Image/UiDrawLog/UiDrawLog23.png	Rate in S-Rank pool:	100%	0	0.0	0.0	0	0.0	0.0	0	0.0	0
6025	9996	<color=#ff8d1e>100% rate in S-Rank pool</color>	Assets/Product/Texture/Image/UiDrawLog/UiDrawLog22.png	Assets/Product/Texture/Image/UiDrawLog/UiDrawLog23.png	Rate in S-Rank pool:	100%	0	0.0	0.0	0	0.0	0.0	0	0.0	0
6026	9995	<color=#ff8d1e>100% rate in S-Rank pool</color>	Assets/Product/Texture/Image/UiDrawLog/UiDrawLog22.png	Assets/Product/Texture/Image/UiDrawLog/UiDrawLog23.png	Rate in S-Rank pool:	100%	0	0.0	0.0	0	0.0	0.0	0	0.0	0
6027	9994	<color=#ff8d1e>100% rate in S-Rank pool</color>	Assets/Product/Texture/Image/UiDrawLog/UiDrawLog22.png	Assets/Product/Texture/Image/UiDrawLog/UiDrawLog23.png	Rate in S-Rank pool:	100%	0	0.0	0.0	0	0.0	0.0	0	0.0	0
6028	9993	<color=#ff8d1e>100% rate in S-Rank pool</color>	Assets/Product/Texture/Image/UiDrawLog/UiDrawLog22.png	Assets/Product/Texture/Image/UiDrawLog/UiDrawLog23.png	Rate in S-Rank pool:	100%	0	0.0	0.0	0	0.0	0.0	0	0.0	0
6029	9992	<color=#ff8d1e>100% rate in S-Rank pool</color>	Assets/Product/Texture/Image/UiDrawLog/UiDrawLog22.png	Assets/Product/Texture/Image/UiDrawLog/UiDrawLog23.png	Rate in S-Rank pool:	100%	0	0.0	0.0	0	0.0	0.0	0	0.0	0
6030	9991	<color=#ff8d1e>100% rate in S-Rank pool</color>	Assets/Product/Texture/Image/UiDrawLog/UiDrawLog22.png	Assets/Product/Texture/Image/UiDrawLog/UiDrawLog23.png	Rate in S-Rank pool:	100%	0	0.0	0.0	0	0.0	0.0	0	0.0	0
6031	9990	<color=#ff8d1e>100% rate in S-Rank pool</color>	Assets/Product/Texture/Image/UiDrawLog/UiDrawLog22.png	Assets/Product/Texture/Image/UiDrawLog/UiDrawLog23.png	Rate in S-Rank pool:	100%	0	0.0	0.0	0	0.0	0.0	0	0.0	0
6032	9989	<color=#ff8d1e>100% rate in S-Rank pool</color>	Assets/Product/Texture/Image/UiDrawLog/UiDrawLog22.png	Assets/Product/Texture/Image/UiDrawLog/UiDrawLog23.png	Rate in S-Rank pool:	100%	0	0.0	0.0	0	0.0	0.0	0	0.0	0
6033	9988	<color=#ff8d1e>100% rate in S-Rank pool</color>	Assets/Product/Texture/Image/UiDrawLog/UiDrawLog22.png	Assets/Product/Texture/Image/UiDrawLog/UiDrawLog23.png	Rate in S-Rank pool:	100%	0	0.0	0.0	0	0.0	0.0	0	0.0	0
6034	9987	<color=#ff8d1e>100% rate in S-Rank pool</color>	Assets/Product/Texture/Image/UiDrawLog/UiDrawLog22.png	Assets/Product/Texture/Image/UiDrawLog/UiDrawLog23.png	Rate in S-Rank pool:	100%	0	0.0	0.0	0	0.0	0.0	0	0.0	0
6035	9986	<color=#ff8d1e>100% rate in S-Rank pool</color>	Assets/Product/Texture/Image/UiDrawLog/UiDrawLog22.png	Assets/Product/Texture/Image/UiDrawLog/UiDrawLog23.png	Rate in S-Rank pool:	100%	0	0.0	0.0	0	0.0	0.0	0	0.0	0
6036	9985	<color=#ff8d1e>100% rate in S-Rank pool</color>	Assets/Product/Texture/Image/UiDrawLog/UiDrawLog22.png	Assets/Product/Texture/Image/UiDrawLog/UiDrawLog23.png	Rate in S-Rank pool:	100%	0	0.0	0.0	0	0.0	0.0	0	0.0	0
6037	9984	<color=#ff8d1e>100% rate in S-Rank pool</color>	Assets/Product/Texture/Image/UiDrawLog/UiDrawLog22.png	Assets/Product/Texture/Image/UiDrawLog/UiDrawLog23.png	Rate in S-Rank pool:	100%	0	0.0	0.0	0	0.0	0.0	0	0.0	0
6038	10000	<color=#ff8d1e>100% rate in S-Rank pool</color>	Assets/Product/Texture/Image/UiDrawLog/UiDrawLog22.png	Assets/Product/Texture/Image/UiDrawLog/UiDrawLog23.png	Rate in S-Rank pool:	100%	0	0.0	0.0	0	0.0	0.0	0	0.0	0
6039	9999	<color=#ff8d1e>100% rate in S-Rank pool</color>	Assets/Product/Texture/Image/UiDrawLog/UiDrawLog22.png	Assets/Product/Texture/Image/UiDrawLog/UiDrawLog23.png	Rate in S-Rank pool:	100%	0	0.0	0.0	0	0.0	0.0	0	0.0	0
6040	9998	<color=#ff8d1e>100% rate in S-Rank pool</color>	Assets/Product/Texture/Image/UiDrawLog/UiDrawLog22.png	Assets/Product/Texture/Image/UiDrawLog/UiDrawLog23.png	Rate in S-Rank pool:	100%	0	0.0	0.0	0	0.0	0.0	0	0.0	0
6041	9997	<color=#ff8d1e>100% rate in S-Rank pool</color>	Assets/Product/Texture/Image/UiDrawLog/UiDrawLog22.png	Assets/Product/Texture/Image/UiDrawLog/UiDrawLog23.png	Rate in S-Rank pool:	100%	0	0.0	0.0	0	0.0	0.0	0	0.0	0
6042	9996	<color=#ff8d1e>100% rate in S-Rank pool</color>	Assets/Product/Texture/Image/UiDrawLog/UiDrawLog22.png	Assets/Product/Texture/Image/UiDrawLog/UiDrawLog23.png	Rate in S-Rank pool:	100%	0	0.0	0.0	0	0.0	0.0	0	0.0	0
6043	9995	<color=#ff8d1e>100% rate in S-Rank pool</color>	Assets/Product/Texture/Image/UiDrawLog/UiDrawLog22.png	Assets/Product/Texture/Image/UiDrawLog/UiDrawLog23.png	Rate in S-Rank pool:	100%	0	0.0	0.0	0	0.0	0.0	0	0.0	0
6044	9994	<color=#ff8d1e>100% rate in S-Rank pool</color>	Assets/Product/Texture/Image/UiDrawLog/UiDrawLog22.png	Assets/Product/Texture/Image/UiDrawLog/UiDrawLog23.png	Rate in S-Rank pool:	100%	0	0.0	0.0	0	0.0	0.0	0	0.0	0
6045	9993	<color=#ff8d1e>100% rate in S-Rank pool</color>	Assets/Product/Texture/Image/UiDrawLog/UiDrawLog22.png	Assets/Product/Texture/Image/UiDrawLog/UiDrawLog23.png	Rate in S-Rank pool:	100%	0	0.0	0.0	0	0.0	0.0	0	0.0	0
6046	9992	<color=#ff8d1e>100% rate in S-Rank pool</color>	Assets/Product/Texture/Image/UiDrawLog/UiDrawLog22.png	Assets/Product/Texture/Image/UiDrawLog/UiDrawLog23.png	Rate in S-Rank pool:	100%	0	0.0	0.0	0	0.0	0.0	0	0.0	0
6047	9991	<color=#ff8d1e>100% rate in S-Rank pool</color>	Assets/Product/Texture/Image/UiDrawLog/UiDrawLog22.png	Assets/Product/Texture/Image/UiDrawLog/UiDrawLog23.png	Rate in S-Rank pool:	100%	0	0.0	0.0	0	0.0	0.0	0	0.0	0
6048	9990	<color=#ff8d1e>100% rate in S-Rank pool</color>	Assets/Product/Texture/Image/UiDrawLog/UiDrawLog22.png	Assets/Product/Texture/Image/UiDrawLog/UiDrawLog23.png	Rate in S-Rank pool:	100%	0	0.0	0.0	0	0.0	0.0	0	0.0	0
6049	9989	<color=#ff8d1e>100% rate in S-Rank pool</color>	Assets/Product/Texture/Image/UiDrawLog/UiDrawLog22.png	Assets/Product/Texture/Image/UiDrawLog/UiDrawLog23.png	Rate in S-Rank pool:	100%	0	0.0	0.0	0	0.0	0.0	0	0.0	0
6050	9988	<color=#ff8d1e>100% rate in S-Rank pool</color>	Assets/Product/Texture/Image/UiDrawLog/UiDrawLog22.png	Assets/Product/Texture/Image/UiDrawLog/UiDrawLog23.png	Rate in S-Rank pool:	100%	0	0.0	0.0	0	0.0	0.0	0	0.0	0
6051	9987	<color=#ff8d1e>100% rate in S-Rank pool</color>	Assets/Product/Texture/Image/UiDrawLog/UiDrawLog22.png	Assets/Product/Texture/Image/UiDrawLog/UiDrawLog23.png	Rate in S-Rank pool:	100%	0	0.0	0.0	0	0.0	0.0	0	0.0	0
6052	9986	<color=#ff8d1e>100% rate in S-Rank pool</color>	Assets/Product/Texture/Image/UiDrawLog/UiDrawLog22.png	Assets/Product/Texture/Image/UiDrawLog/UiDrawLog23.png	Rate in S-Rank pool:	100%	0	0.0	0.0	0	0.0	0.0	0	0.0	0
6053	9985	<color=#ff8d1e>100% rate in S-Rank pool</color>	Assets/Product/Texture/Image/UiDrawLog/UiDrawLog22.png	Assets/Product/Texture/Image/UiDrawLog/UiDrawLog23.png	Rate in S-Rank pool:	100%	0	0.0	0.0	0	0.0	0.0	0	0.0	0
6054	9984	<color=#ff8d1e>100% rate in S-Rank pool</color>	Assets/Product/Texture/Image/UiDrawLog/UiDrawLog22.png	Assets/Product/Texture/Image/UiDrawLog/UiDrawLog23.png	Rate in S-Rank pool:	100%	0	0.0	0.0	0	0.0	0.0	0	0.0	0
6055	9983	<color=#ff8d1e>100% rate in S-Rank pool</color>	Assets/Product/Texture/Image/UiDrawLog/UiDrawLog22.png	Assets/Product/Texture/Image/UiDrawLog/UiDrawLog23.png	Rate in S-Rank pool:	100%	0	0.0	0.0	0	0.0	0.0	0	0.0	0
6056	9982	<color=#ff8d1e>100% rate in S-Rank pool</color>	Assets/Product/Texture/Image/UiDrawLog/UiDrawLog22.png	Assets/Product/Texture/Image/UiDrawLog/UiDrawLog23.png	Rate in S-Rank pool:	100%	0	0.0	0.0	0	0.0	0.0	0	0.0	0
6057	9981	<color=#ff8d1e>100% rate in S-Rank pool</color>	Assets/Product/Texture/Image/UiDrawLog/UiDrawLog22.png	Assets/Product/Texture/Image/UiDrawLog/UiDrawLog23.png	Rate in S-Rank pool:	100%	0	0.0	0.0	0	0.0	0.0	0	0.0	0
6058	9980	<color=#ff8d1e>100% rate in S-Rank pool</color>	Assets/Product/Texture/Image/UiDrawLog/UiDrawLog22.png	Assets/Product/Texture/Image/UiDrawLog/UiDrawLog23.png	Rate in S-Rank pool:	100%	0	0.0	0.0	0	0.0	0.0	0	0.0	0
6059	9979	<color=#ff8d1e>100% rate in S-Rank pool</color>	Assets/Product/Texture/Image/UiDrawLog/UiDrawLog22.png	Assets/Product/Texture/Image/UiDrawLog/UiDrawLog23.png	Rate in S-Rank pool:	100%	0	0.0	0.0	0	0.0	0.0	0	0.0	0
6060	9978	<color=#ff8d1e>100% rate in S-Rank pool</color>	Assets/Product/Texture/Image/UiDrawLog/UiDrawLog22.png	Assets/Product/Texture/Image/UiDrawLog/UiDrawLog23.png	Rate in S-Rank pool:	100%	0	0.0	0.0	0	0.0	0.0	0	0.0	0
6061	10000	<color=#ff8d1e>100% rate in S-Rank pool</color>	Assets/Product/Texture/Image/UiDrawLog/UiDrawLog22.png	Assets/Product/Texture/Image/UiDrawLog/UiDrawLog23.png	Rate in S-Rank pool:	100%	0	0.0	0.0	0	0.0	0.0	0	0.0	0
6062	9990	<color=#ff8d1e>100% rate in S-Rank pool</color>	Assets/Product/Texture/Image/UiDrawLog/UiDrawLog22.png	Assets/Product/Texture/Image/UiDrawLog/UiDrawLog23.png	Rate in S-Rank pool:	100%	0	0.0	0.0	0	0.0	0.0	0	0.0	0
6063	9980	<color=#ff8d1e>100% rate in S-Rank pool</color>	Assets/Product/Texture/Image/UiDrawLog/UiDrawLog22.png	Assets/Product/Texture/Image/UiDrawLog/UiDrawLog23.png	Rate in S-Rank pool:	100%	0	0.0	0.0	0	0.0	0.0	0	0.0	0
6064	9970	<color=#ff8d1e>100% rate in S-Rank pool</color>	Assets/Product/Texture/Image/UiDrawLog/UiDrawLog22.png	Assets/Product/Texture/Image/UiDrawLog/UiDrawLog23.png	Rate in S-Rank pool:	100%	0	0.0	0.0	0	0.0	0.0	0	0.0	0
6065	9960	<color=#ff8d1e>100% rate in S-Rank pool</color>	Assets/Product/Texture/Image/UiDrawLog/UiDrawLog22.png	Assets/Product/Texture/Image/UiDrawLog/UiDrawLog23.png	Rate in S-Rank pool:	100%	0	0.0	0.0	0	0.0	0.0	0	0.0	0
6066	9950	<color=#ff8d1e>100% rate in S-Rank pool</color>	Assets/Product/Texture/Image/UiDrawLog/UiDrawLog22.png	Assets/Product/Texture/Image/UiDrawLog/UiDrawLog23.png	Rate in S-Rank pool:	100%	0	0.0	0.0	0	0.0	0.0	0	0.0	0
6067	9940	<color=#ff8d1e>100% rate in S-Rank pool</color>	Assets/Product/Texture/Image/UiDrawLog/UiDrawLog22.png	Assets/Product/Texture/Image/UiDrawLog/UiDrawLog23.png	Rate in S-Rank pool:	100%	0	0.0	0.0	0	0.0	0.0	0	0.0	0
6068	9930	<color=#ff8d1e>100% rate in S-Rank pool</color>	Assets/Product/Texture/Image/UiDrawLog/UiDrawLog22.png	Assets/Product/Texture/Image/UiDrawLog/UiDrawLog23.png	Rate in S-Rank pool:	100%	0	0.0	0.0	0	0.0	0.0	0	0.0	0
6069	9920	<color=#ff8d1e>100% rate in S-Rank pool</color>	Assets/Product/Texture/Image/UiDrawLog/UiDrawLog22.png	Assets/Product/Texture/Image/UiDrawLog/UiDrawLog23.png	Rate in S-Rank pool:	100%	0	0.0	0.0	0	0.0	0.0	0	0.0	0
6070	9910	<color=#ff8d1e>100% rate in S-Rank pool</color>	Assets/Product/Texture/Image/UiDrawLog/UiDrawLog22.png	Assets/Product/Texture/Image/UiDrawLog/UiDrawLog23.png	Rate in S-Rank pool:	100%	0	0.0	0.0	0	0.0	0.0	0	0.0	0
6071	9900	<color=#ff8d1e>100% rate in S-Rank pool</color>	Assets/Product/Texture/Image/UiDrawLog/UiDrawLog22.png	Assets/Product/Texture/Image/UiDrawLog/UiDrawLog23.png	Rate in S-Rank pool:	100%	0	0.0	0.0	0	0.0	0.0	0	0.0	0
6072	9890	<color=#ff8d1e>100% rate in S-Rank pool</color>	Assets/Product/Texture/Image/UiDrawLog/UiDrawLog22.png	Assets/Product/Texture/Image/UiDrawLog/UiDrawLog23.png	Rate in S-Rank pool:	100%	0	0.0	0.0	0	0.0	0.0	0	0.0	0
6073	9880	<color=#ff8d1e>100% rate in S-Rank pool</color>	Assets/Product/Texture/Image/UiDrawLog/UiDrawLog22.png	Assets/Product/Texture/Image/UiDrawLog/UiDrawLog23.png	Rate in S-Rank pool:	100%	0	0.0	0.0	0	0.0	0.0	0	0.0	0
6074	9870	<color=#ff8d1e>100% rate in S-Rank pool</color>	Assets/Product/Texture/Image/UiDrawLog/UiDrawLog22.png	Assets/Product/Texture/Image/UiDrawLog/UiDrawLog23.png	Rate in S-Rank pool:	100%	0	0.0	0.0	0	0.0	0.0	0	0.0	0
6075	9860	<color=#ff8d1e>100% rate in S-Rank pool</color>	Assets/Product/Texture/Image/UiDrawLog/UiDrawLog22.png	Assets/Product/Texture/Image/UiDrawLog/UiDrawLog23.png	Rate in S-Rank pool:	100%	0	0.0	0.0	0	0.0	0.0	0	0.0	0
6076	9850	<color=#ff8d1e>100% rate in S-Rank pool</color>	Assets/Product/Texture/Image/UiDrawLog/UiDrawLog22.png	Assets/Product/Texture/Image/UiDrawLog/UiDrawLog23.png	Rate in S-Rank pool:	100%	0	0.0	0.0	0	0.0	0.0	0	0.0	0
6077	9840	<color=#ff8d1e>100% rate in S-Rank pool</color>	Assets/Product/Texture/Image/UiDrawLog/UiDrawLog22.png	Assets/Product/Texture/Image/UiDrawLog/UiDrawLog23.png	Rate in S-Rank pool:	100%	0	0.0	0.0	0	0.0	0.0	0	0.0	0
6078	9830	<color=#ff8d1e>100% rate in S-Rank pool</color>	Assets/Product/Texture/Image/UiDrawLog/UiDrawLog22.png	Assets/Product/Texture/Image/UiDrawLog/UiDrawLog23.png	Rate in S-Rank pool:	100%	0	0.0	0.0	0	0.0	0.0	0	0.0	0
6079	9820	<color=#ff8d1e>100% rate in S-Rank pool</color>	Assets/Product/Texture/Image/UiDrawLog/UiDrawLog22.png	Assets/Product/Texture/Image/UiDrawLog/UiDrawLog23.png	Rate in S-Rank pool:	100%	0	0.0	0.0	0	0.0	0.0	0	0.0	0
6080	9810	<color=#ff8d1e>100% rate in S-Rank pool</color>	Assets/Product/Texture/Image/UiDrawLog/UiDrawLog22.png	Assets/Product/Texture/Image/UiDrawLog/UiDrawLog23.png	Rate in S-Rank pool:	100%	0	0.0	0.0	0	0.0	0.0	0	0.0	0
6081	9800	<color=#ff8d1e>100% rate in S-Rank pool</color>	Assets/Product/Texture/Image/UiDrawLog/UiDrawLog22.png	Assets/Product/Texture/Image/UiDrawLog/UiDrawLog23.png	Rate in S-Rank pool:	100%	0	0.0	0.0	0	0.0	0.0	0	0.0	0
6082	9790	<color=#ff8d1e>100% rate in S-Rank pool</color>	Assets/Product/Texture/Image/UiDrawLog/UiDrawLog22.png	Assets/Product/Texture/Image/UiDrawLog/UiDrawLog23.png	Rate in S-Rank pool:	100%	0	0.0	0.0	0	0.0	0.0	0	0.0	0
6083	9780	<color=#ff8d1e>100% rate in S-Rank pool</color>	Assets/Product/Texture/Image/UiDrawLog/UiDrawLog22.png	Assets/Product/Texture/Image/UiDrawLog/UiDrawLog23.png	Rate in S-Rank pool:	100%	0	0.0	0.0	0	0.0	0.0	0	0.0	0
6084	9770	<color=#ff8d1e>100% rate in S-Rank pool</color>	Assets/Product/Texture/Image/UiDrawLog/UiDrawLog22.png	Assets/Product/Texture/Image/UiDrawLog/UiDrawLog23.png	Rate in S-Rank pool:	100%	0	0.0	0.0	0	0.0	0.0	0	0.0	0
6085	9760	<color=#ff8d1e>100% rate in S-Rank pool</color>	Assets/Product/Texture/Image/UiDrawLog/UiDrawLog22.png	Assets/Product/Texture/Image/UiDrawLog/UiDrawLog23.png	Rate in S-Rank pool:	100%	0	0.0	0.0	0	0.0	0.0	0	0.0	0
6086	9750	<color=#ff8d1e>100% rate in S-Rank pool</color>	Assets/Product/Texture/Image/UiDrawLog/UiDrawLog22.png	Assets/Product/Texture/Image/UiDrawLog/UiDrawLog23.png	Rate in S-Rank pool:	100%	0	0.0	0.0	0	0.0	0.0	0	0.0	0
6087	9740	<color=#ff8d1e>100% rate in S-Rank pool</color>	Assets/Product/Texture/Image/UiDrawLog/UiDrawLog22.png	Assets/Product/Texture/Image/UiDrawLog/UiDrawLog23.png	Rate in S-Rank pool:	100%	0	0.0	0.0	0	0.0	0.0	0	0.0	0
6088	9730	<color=#ff8d1e>100% rate in S-Rank pool</color>	Assets/Product/Texture/Image/UiDrawLog/UiDrawLog22.png	Assets/Product/Texture/Image/UiDrawLog/UiDrawLog23.png	Rate in S-Rank pool:	100%	0	0.0	0.0	0	0.0	0.0	0	0.0	0
6089	9720	<color=#ff8d1e>100% rate in S-Rank pool</color>	Assets/Product/Texture/Image/UiDrawLog/UiDrawLog22.png	Assets/Product/Texture/Image/UiDrawLog/UiDrawLog23.png	Rate in S-Rank pool:	100%	0	0.0	0.0	0	0.0	0.0	0	0.0	0
6090	10000	<color=#ff8d1e>100% rate in S-Rank pool</color>	Assets/Product/Texture/Image/UiDrawLog/UiDrawLog22.png	Assets/Product/Texture/Image/UiDrawLog/UiDrawLog23.png	Rate in S-Rank pool:	100%	0	0.0	0.0	0	0.0	0.0	0	0.0	0
6091	9990	<color=#ff8d1e>100% rate in S-Rank pool</color>	Assets/Product/Texture/Image/UiDrawLog/UiDrawLog22.png	Assets/Product/Texture/Image/UiDrawLog/UiDrawLog23.png	Rate in S-Rank pool:	100%	0	0.0	0.0	0	0.0	0.0	0	0.0	0
6092	9980	<color=#ff8d1e>100% rate in S-Rank pool</color>	Assets/Product/Texture/Image/UiDrawLog/UiDrawLog22.png	Assets/Product/Texture/Image/UiDrawLog/UiDrawLog23.png	Rate in S-Rank pool:	100%	0	0.0	0.0	0	0.0	0.0	0	0.0	0
6093	9970	<color=#ff8d1e>100% rate in S-Rank pool</color>	Assets/Product/Texture/Image/UiDrawLog/UiDrawLog22.png	Assets/Product/Texture/Image/UiDrawLog/UiDrawLog23.png	Rate in S-Rank pool:	100%	0	0.0	0.0	0	0.0	0.0	0	0.0	0
6094	9960	<color=#ff8d1e>100% rate in S-Rank pool</color>	Assets/Product/Texture/Image/UiDrawLog/UiDrawLog22.png	Assets/Product/Texture/Image/UiDrawLog/UiDrawLog23.png	Rate in S-Rank pool:	100%	0	0.0	0.0	0	0.0	0.0	0	0.0	0
6095	9950	<color=#ff8d1e>100% rate in S-Rank pool</color>	Assets/Product/Texture/Image/UiDrawLog/UiDrawLog22.png	Assets/Product/Texture/Image/UiDrawLog/UiDrawLog23.png	Rate in S-Rank pool:	100%	0	0.0	0.0	0	0.0	0.0	0	0.0	0
6096	9940	<color=#ff8d1e>100% rate in S-Rank pool</color>	Assets/Product/Texture/Image/UiDrawLog/UiDrawLog22.png	Assets/Product/Texture/Image/UiDrawLog/UiDrawLog23.png	Rate in S-Rank pool:	100%	0	0.0	0.0	0	0.0	0.0	0	0.0	0
6097	9930	<color=#ff8d1e>100% rate in S-Rank pool</color>	Assets/Product/Texture/Image/UiDrawLog/UiDrawLog22.png	Assets/Product/Texture/Image/UiDrawLog/UiDrawLog23.png	Rate in S-Rank pool:	100%	0	0.0	0.0	0	0.0	0.0	0	0.0	0
6098	9920	<color=#ff8d1e>100% rate in S-Rank pool</color>	Assets/Product/Texture/Image/UiDrawLog/UiDrawLog22.png	Assets/Product/Texture/Image/UiDrawLog/UiDrawLog23.png	Rate in S-Rank pool:	100%	0	0.0	0.0	0	0.0	0.0	0	0.0	0
6099	9910	<color=#ff8d1e>100% rate in S-Rank pool</color>	Assets/Product/Texture/Image/UiDrawLog/UiDrawLog22.png	Assets/Product/Texture/Image/UiDrawLog/UiDrawLog23.png	Rate in S-Rank pool:	100%	0	0.0	0.0	0	0.0	0.0	0	0.0	0
6100	9900	<color=#ff8d1e>100% rate in S-Rank pool</color>	Assets/Product/Texture/Image/UiDrawLog/UiDrawLog22.png	Assets/Product/Texture/Image/UiDrawLog/UiDrawLog23.png	Rate in S-Rank pool:	100%	0	0.0	0.0	0	0.0	0.0	0	0.0	0
6101	9890	<color=#ff8d1e>100% rate in S-Rank pool</color>	Assets/Product/Texture/Image/UiDrawLog/UiDrawLog22.png	Assets/Product/Texture/Image/UiDrawLog/UiDrawLog23.png	Rate in S-Rank pool:	100%	0	0.0	0.0	0	0.0	0.0	0	0.0	0
6102	9880	<color=#ff8d1e>100% rate in S-Rank pool</color>	Assets/Product/Texture/Image/UiDrawLog/UiDrawLog22.png	Assets/Product/Texture/Image/UiDrawLog/UiDrawLog23.png	Rate in S-Rank pool:	100%	0	0.0	0.0	0	0.0	0.0	0	0.0	0
6103	9870	<color=#ff8d1e>100% rate in S-Rank pool</color>	Assets/Product/Texture/Image/UiDrawLog/UiDrawLog22.png	Assets/Product/Texture/Image/UiDrawLog/UiDrawLog23.png	Rate in S-Rank pool:	100%	0	0.0	0.0	0	0.0	0.0	0	0.0	0
6104	9860	<color=#ff8d1e>100% rate in S-Rank pool</color>	Assets/Product/Texture/Image/UiDrawLog/UiDrawLog22.png	Assets/Product/Texture/Image/UiDrawLog/UiDrawLog23.png	Rate in S-Rank pool:	100%	0	0.0	0.0	0	0.0	0.0	0	0.0	0
6105	9850	<color=#ff8d1e>100% rate in S-Rank pool</color>	Assets/Product/Texture/Image/UiDrawLog/UiDrawLog22.png	Assets/Product/Texture/Image/UiDrawLog/UiDrawLog23.png	Rate in S-Rank pool:	100%	0	0.0	0.0	0	0.0	0.0	0	0.0	0
6106	9840	<color=#ff8d1e>100% rate in S-Rank pool</color>	Assets/Product/Texture/Image/UiDrawLog/UiDrawLog22.png	Assets/Product/Texture/Image/UiDrawLog/UiDrawLog23.png	Rate in S-Rank pool:	100%	0	0.0	0.0	0	0.0	0.0	0	0.0	0
6107	9830	<color=#ff8d1e>100% rate in S-Rank pool</color>	Assets/Product/Texture/Image/UiDrawLog/UiDrawLog22.png	Assets/Product/Texture/Image/UiDrawLog/UiDrawLog23.png	Rate in S-Rank pool:	100%	0	0.0	0.0	0	0.0	0.0	0	0.0	0
6108	9820	<color=#ff8d1e>100% rate in S-Rank pool</color>	Assets/Product/Texture/Image/UiDrawLog/UiDrawLog22.png	Assets/Product/Texture/Image/UiDrawLog/UiDrawLog23.png	Rate in S-Rank pool:	100%	0	0.0	0.0	0	0.0	0.0	0	0.0	0
6109	9810	<color=#ff8d1e>100% rate in S-Rank pool</color>	Assets/Product/Texture/Image/UiDrawLog/UiDrawLog22.png	Assets/Product/Texture/Image/UiDrawLog/UiDrawLog23.png	Rate in S-Rank pool:	100%	0	0.0	0.0	0	0.0	0.0	0	0.0	0
6110	9800	<color=#ff8d1e>100% rate in S-Rank pool</color>	Assets/Product/Texture/Image/UiDrawLog/UiDrawLog22.png	Assets/Product/Texture/Image/UiDrawLog/UiDrawLog23.png	Rate in S-Rank pool:	100%	0	0.0	0.0	0	0.0	0.0	0	0.0	0
6111	9790	<color=#ff8d1e>100% rate in S-Rank pool</color>	Assets/Product/Texture/Image/UiDrawLog/UiDrawLog22.png	Assets/Product/Texture/Image/UiDrawLog/UiDrawLog23.png	Rate in S-Rank pool:	100%	0	0.0	0.0	0	0.0	0.0	0	0.0	0
6112	9780	<color=#ff8d1e>100% rate in S-Rank pool</color>	Assets/Product/Texture/Image/UiDrawLog/UiDrawLog22.png	Assets/Product/Texture/Image/UiDrawLog/UiDrawLog23.png	Rate in S-Rank pool:	100%	0	0.0	0.0	0	0.0	0.0	0	0.0	0
6113	9770	<color=#ff8d1e>100% rate in S-Rank pool</color>	Assets/Product/Texture/Image/UiDrawLog/UiDrawLog22.png	Assets/Product/Texture/Image/UiDrawLog/UiDrawLog23.png	Rate in S-Rank pool:	100%	0	0.0	0.0	0	0.0	0.0	0	0.0	0
6114	9760	<color=#ff8d1e>100% rate in S-Rank pool</color>	Assets/Product/Texture/Image/UiDrawLog/UiDrawLog22.png	Assets/Product/Texture/Image/UiDrawLog/UiDrawLog23.png	Rate in S-Rank pool:	100%	0	0.0	0.0	0	0.0	0.0	0	0.0	0
6115	9750	<color=#ff8d1e>100% rate in S-Rank pool</color>	Assets/Product/Texture/Image/UiDrawLog/UiDrawLog22.png	Assets/Product/Texture/Image/UiDrawLog/UiDrawLog23.png	Rate in S-Rank pool:	100%	0	0.0	0.0	0	0.0	0.0	0	0.0	0
6116	9740	<color=#ff8d1e>100% rate in S-Rank pool</color>	Assets/Product/Texture/Image/UiDrawLog/UiDrawLog22.png	Assets/Product/Texture/Image/UiDrawLog/UiDrawLog23.png	Rate in S-Rank pool:	100%	0	0.0	0.0	0	0.0	0.0	0	0.0	0
6117	9730	<color=#ff8d1e>100% rate in S-Rank pool</color>	Assets/Product/Texture/Image/UiDrawLog/UiDrawLog22.png	Assets/Product/Texture/Image/UiDrawLog/UiDrawLog23.png	Rate in S-Rank pool:	100%	0	0.0	0.0	0	0.0	0.0	0	0.0	0
6118	9720	<color=#ff8d1e>100% rate in S-Rank pool</color>	Assets/Product/Texture/Image/UiDrawLog/UiDrawLog22.png	Assets/Product/Texture/Image/UiDrawLog/UiDrawLog23.png	Rate in S-Rank pool:	100%	0	0.0	0.0	0	0.0	0.0	0	0.0	0
6119	9710	<color=#ff8d1e>100% rate in S-Rank pool</color>	Assets/Product/Texture/Image/UiDrawLog/UiDrawLog22.png	Assets/Product/Texture/Image/UiDrawLog/UiDrawLog23.png	Rate in S-Rank pool:	100%	0	0.0	0.0	0	0.0	0.0	0	0.0	0
6120	9700	<color=#ff8d1e>100% rate in S-Rank pool</color>	Assets/Product/Texture/Image/UiDrawLog/UiDrawLog22.png	Assets/Product/Texture/Image/UiDrawLog/UiDrawLog23.png	Rate in S-Rank pool:	100%	0	0.0	0.0	0	0.0	0.0	0	0.0	0
6121	9690	<color=#ff8d1e>100% rate in S-Rank pool</color>	Assets/Product/Texture/Image/UiDrawLog/UiDrawLog22.png	Assets/Product/Texture/Image/UiDrawLog/UiDrawLog23.png	Rate in S-Rank pool:	100%	0	0.0	0.0	0	0.0	0.0	0	0.0	0
6122	9680	<color=#ff8d1e>100% rate in S-Rank pool</color>	Assets/Product/Texture/Image/UiDrawLog/UiDrawLog22.png	Assets/Product/Texture/Image/UiDrawLog/UiDrawLog23.png	Rate in S-Rank pool:	100%	0	0.0	0.0	0	0.0	0.0	0	0.0	0
6123	9670	<color=#ff8d1e>100% rate in S-Rank pool</color>	Assets/Product/Texture/Image/UiDrawLog/UiDrawLog22.png	Assets/Product/Texture/Image/UiDrawLog/UiDrawLog23.png	Rate in S-Rank pool:	100%	0	0.0	0.0	0	0.0	0.0	0	0.0	0
6124	9660	<color=#ff8d1e>100% rate in S-Rank pool</color>	Assets/Product/Texture/Image/UiDrawLog/UiDrawLog22.png	Assets/Product/Texture/Image/UiDrawLog/UiDrawLog23.png	Rate in S-Rank pool:	100%	0	0.0	0.0	0	0.0	0.0	0	0.0	0
6500	9995	<color=#ff8d1e>100% rate in S-Rank pool</color>	Assets/Product/Texture/Image/UiDrawLog/UiDrawLog22.png	Assets/Product/Texture/Image/UiDrawLog/UiDrawLog23.png	Rate in S-Rank pool:	100%	0	0.0	0.0	0	0.0	0.0	0	0.0	0
6501	9994	<color=#ff8d1e>100% rate in S-Rank pool</color>	Assets/Product/Texture/Image/UiDrawLog/UiDrawLog22.png	Assets/Product/Texture/Image/UiDrawLog/UiDrawLog23.png	Rate in S-Rank pool:	100%	0	0.0	0.0	0	0.0	0.0	0	0.0	0
6502	9993	<color=#ff8d1e>100% rate in S-Rank pool</color>	Assets/Product/Texture/Image/UiDrawLog/UiDrawLog22.png	Assets/Product/Texture/Image/UiDrawLog/UiDrawLog23.png	Rate in S-Rank pool:	100%	0	0.0	0.0	0	0.0	0.0	0	0.0	0
6503	9992	<color=#ff8d1e>100% rate in S-Rank pool</color>	Assets/Product/Texture/Image/UiDrawLog/UiDrawLog22.png	Assets/Product/Texture/Image/UiDrawLog/UiDrawLog23.png	Rate in S-Rank pool:	100%	0	0.0	0.0	0	0.0	0.0	0	0.0	0
6504	9991	<color=#ff8d1e>100% rate in S-Rank pool</color>	Assets/Product/Texture/Image/UiDrawLog/UiDrawLog22.png	Assets/Product/Texture/Image/UiDrawLog/UiDrawLog23.png	Rate in S-Rank pool:	100%	0	0.0	0.0	0	0.0	0.0	0	0.0	0
6505	9990	<color=#ff8d1e>100% rate in S-Rank pool</color>	Assets/Product/Texture/Image/UiDrawLog/UiDrawLog22.png	Assets/Product/Texture/Image/UiDrawLog/UiDrawLog23.png	Rate in S-Rank pool:	100%	0	0.0	0.0	0	0.0	0.0	0	0.0	0
6506	9989	<color=#ff8d1e>100% rate in S-Rank pool</color>	Assets/Product/Texture/Image/UiDrawLog/UiDrawLog22.png	Assets/Product/Texture/Image/UiDrawLog/UiDrawLog23.png	Rate in S-Rank pool:	100%	0	0.0	0.0	0	0.0	0.0	0	0.0	0
6507	9988	<color=#ff8d1e>100% rate in S-Rank pool</color>	Assets/Product/Texture/Image/UiDrawLog/UiDrawLog22.png	Assets/Product/Texture/Image/UiDrawLog/UiDrawLog23.png	Rate in S-Rank pool:	100%	0	0.0	0.0	0	0.0	0.0	0	0.0	0
7001	5000	<color=#ff8d1e>100% rate in S-Rank pool</color>	Assets/Product/Texture/Image/UiDrawLog/UiDrawLog15.png	Assets/Product/Texture/Image/UiDrawLog/UiDrawLog4.png	Rate in S-Rank pool:	100%	1	-48.0	-47.0	1	613.94	664.4099	1	0.0	0
7002	1000	<color=#26bbf9>80% rate in S-Rank pool</color>	Assets/Product/Texture/Image/UiDrawLog/UiDrawLog15.png	Assets/Product/Texture/Image/UiDrawLog/UiDrawLog4.png	Rate in S-Rank pool:	80%	1	-48.0	-47.0	1	613.94	664.4099	1	0.0	0
7003	5001	<color=#ff8d1e>100% rate in S-Rank pool</color>	Assets/Product/Texture/Image/UiDrawLog/UiDrawLog15.png	Assets/Product/Texture/Image/UiDrawLog/UiDrawLog4.png	Rate in S-Rank pool:	100%	1	-65.5	-11.1999	1	548.1199	593.1799	1	0.0	0
7004	1001	<color=#26bbf9>80% rate in S-Rank pool</color>	Assets/Product/Texture/Image/UiDrawLog/UiDrawLog15.png	Assets/Product/Texture/Image/UiDrawLog/UiDrawLog4.png	Rate in S-Rank pool:	80%	1	-65.5	-11.1999	1	548.1199	593.1799	1	0.0	0
7005	5002	<color=#ff8d1e>100% rate in S-Rank pool</color>	Assets/Product/Texture/Image/UiDrawLog/UiDrawLog15.png	Assets/Product/Texture/Image/UiDrawLog/UiDrawLog4.png	Rate in S-Rank pool:	100%	1	-57.0	14.0	1	545.75	590.6199	1	0.0	0
7006	1002	<color=#26bbf9>80% rate in S-Rank pool</color>	Assets/Product/Texture/Image/UiDrawLog/UiDrawLog15.png	Assets/Product/Texture/Image/UiDrawLog/UiDrawLog4.png	Rate in S-Rank pool:	80%	1	-57.0	14.0	1	545.75	590.6199	1	0.0	0
7007	5003	<color=#ff8d1e>100% rate in S-Rank pool</color>	Assets/Product/Texture/Image/UiDrawLog/UiDrawLog15.png	Assets/Product/Texture/Image/UiDrawLog/UiDrawLog4.png	Rate in S-Rank pool:	100%	1	-41.0	-13.0	1	613.94	664.4099	1	0.0	0
7008	1003	<color=#26bbf9>80% rate in S-Rank pool</color>	Assets/Product/Texture/Image/UiDrawLog/UiDrawLog15.png	Assets/Product/Texture/Image/UiDrawLog/UiDrawLog4.png	Rate in S-Rank pool:	80%	1	-41.0	-13.0	1	613.94	664.4099	1	0.0	0
7009	5004	<color=#ff8d1e>100% rate in S-Rank pool</color>	Assets/Product/Texture/Image/UiDrawLog/UiDrawLog15.png	Assets/Product/Texture/Image/UiDrawLog/UiDrawLog4.png	Rate in S-Rank pool:	100%	1	-14.1999	0.0	1	587.9099	636.25	1	0.0	0
7010	1004	<color=#26bbf9>80% rate in S-Rank pool</color>	Assets/Product/Texture/Image/UiDrawLog/UiDrawLog15.png	Assets/Product/Texture/Image/UiDrawLog/UiDrawLog4.png	Rate in S-Rank pool:	80%	1	-14.1999	0.0	1	587.9099	636.25	1	0.0	0
7011	5005	<color=#ff8d1e>100% rate in S-Rank pool</color>	Assets/Product/Texture/Image/UiDrawLog/UiDrawLog15.png	Assets/Product/Texture/Image/UiDrawLog/UiDrawLog4.png	Rate in S-Rank pool:	100%	1	-29.0	0.0	1	574.14	621.3499	1	0.0	0
7012	1005	<color=#26bbf9>80% rate in S-Rank pool</color>	Assets/Product/Texture/Image/UiDrawLog/UiDrawLog15.png	Assets/Product/Texture/Image/UiDrawLog/UiDrawLog4.png	Rate in S-Rank pool:	80%	1	-29.0	0.0	1	574.14	621.3499	1	0.0	0
7013	5006	<color=#ff8d1e>100% rate in S-Rank pool</color>	Assets/Product/Texture/Image/UiDrawLog/UiDrawLog15.png	Assets/Product/Texture/Image/UiDrawLog/UiDrawLog4.png	Rate in S-Rank pool:	100%	1	5.0	-18.0	1	585.75	633.9	1	0.0	0
7014	1006	<color=#26bbf9>80% rate in S-Rank pool</color>	Assets/Product/Texture/Image/UiDrawLog/UiDrawLog15.png	Assets/Product/Texture/Image/UiDrawLog/UiDrawLog4.png	Rate in S-Rank pool:	80%	1	5.0	-18.0	1	585.75	633.9	1	0.0	0
7015	5007	<color=#ff8d1e>100% rate in S-Rank pool</color>	Assets/Product/Texture/Image/UiDrawLog/UiDrawLog15.png	Assets/Product/Texture/Image/UiDrawLog/UiDrawLog4.png	Rate in S-Rank pool:	100%	1	-6.0	13.0	1	602.0599	651.5499	1	0.0	0
7016	1007	<color=#26bbf9>80% rate in S-Rank pool</color>	Assets/Product/Texture/Image/UiDrawLog/UiDrawLog15.png	Assets/Product/Texture/Image/UiDrawLog/UiDrawLog4.png	Rate in S-Rank pool:	80%	1	-6.0	13.0	1	602.0599	651.5499	1	0.0	0
7017	5008	<color=#ff8d1e>100% rate in S-Rank pool</color>	Assets/Product/Texture/Image/UiDrawLog/UiDrawLog15.png	Assets/Product/Texture/Image/UiDrawLog/UiDrawLog4.png	Rate in S-Rank pool:	100%	1	11.0	-48.5999	1	688.76	745.385	1	0.0	0
7018	1008	<color=#26bbf9>80% rate in S-Rank pool</color>	Assets/Product/Texture/Image/UiDrawLog/UiDrawLog15.png	Assets/Product/Texture/Image/UiDrawLog/UiDrawLog4.png	Rate in S-Rank pool:	80%	1	11.0	-48.5999	1	688.76	745.385	1	0.0	0
7019	5009	<color=#ff8d1e>100% rate in S-Rank pool</color>	Assets/Product/Texture/Image/UiDrawLog/UiDrawLog15.png	Assets/Product/Texture/Image/UiDrawLog/UiDrawLog4.png	Rate in S-Rank pool:	100%	1	8.1999	-10.0	1	562.39	608.63	1	0.0	0
7020	1009	<color=#26bbf9>80% rate in S-Rank pool</color>	Assets/Product/Texture/Image/UiDrawLog/UiDrawLog15.png	Assets/Product/Texture/Image/UiDrawLog/UiDrawLog4.png	Rate in S-Rank pool:	80%	1	8.1999	-10.0	1	562.39	608.63	1	0.0	0
7021	5010	<color=#ff8d1e>100% rate in S-Rank pool</color>	Assets/Product/Texture/Image/UiDrawLog/UiDrawLog15.png	Assets/Product/Texture/Image/UiDrawLog/UiDrawLog4.png	Rate in S-Rank pool:	100%	1	-62.0	-23.0	1	573.4099	620.5499	1	0.0	0
7022	1010	<color=#26bbf9>80% rate in S-Rank pool</color>	Assets/Product/Texture/Image/UiDrawLog/UiDrawLog15.png	Assets/Product/Texture/Image/UiDrawLog/UiDrawLog4.png	Rate in S-Rank pool:	80%	1	-62.0	-23.0	1	573.4099	620.5499	1	0.0	0
7023	5011	<color=#ff8d1e>100% rate in S-Rank pool</color>	Assets/Product/Texture/Image/UiDrawLog/UiDrawLog15.png	Assets/Product/Texture/Image/UiDrawLog/UiDrawLog4.png	Rate in S-Rank pool:	100%	1	-63.0	-62.0	1	554.5	600.0	1	0.0	0
7024	1011	<color=#26bbf9>80% rate in S-Rank pool</color>	Assets/Product/Texture/Image/UiDrawLog/UiDrawLog15.png	Assets/Product/Texture/Image/UiDrawLog/UiDrawLog4.png	Rate in S-Rank pool:	80%	1	-63.0	-62.0	1	554.5	600.0	1	0.0	0
7025	5012	<color=#ff8d1e>100% rate in S-Rank pool</color>	Assets/Product/Texture/Image/UiDrawLog/UiDrawLog15.png	Assets/Product/Texture/Image/UiDrawLog/UiDrawLog4.png	Rate in S-Rank pool:	100%	0	0.0	0.0	0	0.0	0.0	0	0.0	0
7026	1012	<color=#26bbf9>80% rate in S-Rank pool</color>	Assets/Product/Texture/Image/UiDrawLog/UiDrawLog15.png	Assets/Product/Texture/Image/UiDrawLog/UiDrawLog4.png	Rate in S-Rank pool:	80%	0	0.0	0.0	0	0.0	0.0	0	0.0	0
7027	5013	<color=#ff8d1e>100% rate in S-Rank pool</color>	Assets/Product/Texture/Image/UiDrawLog/UiDrawLog15.png	Assets/Product/Texture/Image/UiDrawLog/UiDrawLog4.png	Rate in S-Rank pool:	100%	0	0.0	0.0	0	0.0	0.0	0	0.0	0
7028	1013	<color=#26bbf9>80% rate in S-Rank pool</color>	Assets/Product/Texture/Image/UiDrawLog/UiDrawLog15.png	Assets/Product/Texture/Image/UiDrawLog/UiDrawLog4.png	Rate in S-Rank pool:	80%	0	0.0	0.0	0	0.0	0.0	0	0.0	0
7029	5014	<color=#ff8d1e>100% rate in S-Rank pool</color>	Assets/Product/Texture/Image/UiDrawLog/UiDrawLog15.png	Assets/Product/Texture/Image/UiDrawLog/UiDrawLog4.png	Rate in S-Rank pool:	100%	0	0.0	0.0	0	0.0	0.0	0	0.0	0
7030	1014	<color=#26bbf9>80% rate in S-Rank pool</color>	Assets/Product/Texture/Image/UiDrawLog/UiDrawLog15.png	Assets/Product/Texture/Image/UiDrawLog/UiDrawLog4.png	Rate in S-Rank pool:	80%	0	0.0	0.0	0	0.0	0.0	0	0.0	0
7031	5015	<color=#ff8d1e>100% rate in S-Rank pool</color>	Assets/Product/Texture/Image/UiDrawLog/UiDrawLog15.png	Assets/Product/Texture/Image/UiDrawLog/UiDrawLog4.png	Rate in S-Rank pool:	100%	0	0.0	0.0	0	0.0	0.0	0	0.0	0
7032	1015	<color=#26bbf9>80% rate in S-Rank pool</color>	Assets/Product/Texture/Image/UiDrawLog/UiDrawLog15.png	Assets/Product/Texture/Image/UiDrawLog/UiDrawLog4.png	Rate in S-Rank pool:	80%	0	0.0	0.0	0	0.0	0.0	0	0.0	0
7033	5016	<color=#ff8d1e>100% rate in S-Rank pool</color>	Assets/Product/Texture/Image/UiDrawLog/UiDrawLog15.png	Assets/Product/Texture/Image/UiDrawLog/UiDrawLog4.png	Rate in S-Rank pool:	100%	0	0.0	0.0	0	0.0	0.0	0	0.0	0
7034	1016	<color=#26bbf9>80% rate in S-Rank pool</color>	Assets/Product/Texture/Image/UiDrawLog/UiDrawLog15.png	Assets/Product/Texture/Image/UiDrawLog/UiDrawLog4.png	Rate in S-Rank pool:	80%	0	0.0	0.0	0	0.0	0.0	0	0.0	0
7035	5017	<color=#ff8d1e>100% rate in S-Rank pool</color>	Assets/Product/Texture/Image/UiDrawLog/UiDrawLog15.png	Assets/Product/Texture/Image/UiDrawLog/UiDrawLog4.png	Rate in S-Rank pool:	100%	0	0.0	0.0	0	0.0	0.0	0	0.0	0
7036	1017	<color=#26bbf9>80% rate in S-Rank pool</color>	Assets/Product/Texture/Image/UiDrawLog/UiDrawLog15.png	Assets/Product/Texture/Image/UiDrawLog/UiDrawLog4.png	Rate in S-Rank pool:	80%	0	0.0	0.0	0	0.0	0.0	0	0.0	0
7037	5018	<color=#ff8d1e>100% rate in S-Rank pool</color>	Assets/Product/Texture/Image/UiDrawLog/UiDrawLog15.png	Assets/Product/Texture/Image/UiDrawLog/UiDrawLog4.png	Rate in S-Rank pool:	100%	0	0.0	0.0	0	0.0	0.0	0	0.0	0
7038	1018	<color=#26bbf9>80% rate in S-Rank pool</color>	Assets/Product/Texture/Image/UiDrawLog/UiDrawLog15.png	Assets/Product/Texture/Image/UiDrawLog/UiDrawLog4.png	Rate in S-Rank pool:	80%	0	0.0	0.0	0	0.0	0.0	0	0.0	0
7039	5019	<color=#ff8d1e>100% rate in S-Rank pool</color>	Assets/Product/Texture/Image/UiDrawLog/UiDrawLog15.png	Assets/Product/Texture/Image/UiDrawLog/UiDrawLog4.png	Rate in S-Rank pool:	100%	0	0.0	0.0	0	0.0	0.0	0	0.0	0
7040	1019	<color=#26bbf9>80% rate in S-Rank pool</color>	Assets/Product/Texture/Image/UiDrawLog/UiDrawLog15.png	Assets/Product/Texture/Image/UiDrawLog/UiDrawLog4.png	Rate in S-Rank pool:	80%	0	0.0	0.0	0	0.0	0.0	0	0.0	0
7041	5020	<color=#ff8d1e>100% rate in S-Rank pool</color>	Assets/Product/Texture/Image/UiDrawLog/UiDrawLog15.png	Assets/Product/Texture/Image/UiDrawLog/UiDrawLog4.png	Rate in S-Rank pool:	100%	0	0.0	0.0	0	0.0	0.0	0	0.0	0
7042	1020	<color=#26bbf9>80% rate in S-Rank pool</color>	Assets/Product/Texture/Image/UiDrawLog/UiDrawLog15.png	Assets/Product/Texture/Image/UiDrawLog/UiDrawLog4.png	Rate in S-Rank pool:	80%	0	0.0	0.0	0	0.0	0.0	0	0.0	0
7043	5021	<color=#ff8d1e>100% rate in S-Rank pool</color>	Assets/Product/Texture/Image/UiDrawLog/UiDrawLog15.png	Assets/Product/Texture/Image/UiDrawLog/UiDrawLog4.png	Rate in S-Rank pool:	100%	0	0.0	0.0	0	0.0	0.0	0	0.0	0
7044	1021	<color=#26bbf9>80% rate in S-Rank pool</color>	Assets/Product/Texture/Image/UiDrawLog/UiDrawLog15.png	Assets/Product/Texture/Image/UiDrawLog/UiDrawLog4.png	Rate in S-Rank pool:	80%	0	0.0	0.0	0	0.0	0.0	0	0.0	0
7045	5022	<color=#ff8d1e>100% rate in S-Rank pool</color>	Assets/Product/Texture/Image/UiDrawLog/UiDrawLog15.png	Assets/Product/Texture/Image/UiDrawLog/UiDrawLog4.png	Rate in S-Rank pool:	100%	0	0.0	0.0	0	0.0	0.0	0	0.0	0
7046	1022	<color=#26bbf9>80% rate in S-Rank pool</color>	Assets/Product/Texture/Image/UiDrawLog/UiDrawLog15.png	Assets/Product/Texture/Image/UiDrawLog/UiDrawLog4.png	Rate in S-Rank pool:	80%	0	0.0	0.0	0	0.0	0.0	0	0.0	0
7047	5023	<color=#ff8d1e>100% rate in S-Rank pool</color>	Assets/Product/Texture/Image/UiDrawLog/UiDrawLog15.png	Assets/Product/Texture/Image/UiDrawLog/UiDrawLog4.png	Rate in S-Rank pool:	100%	0	0.0	0.0	0	0.0	0.0	0	0.0	0
7048	1023	<color=#26bbf9>80% rate in S-Rank pool</color>	Assets/Product/Texture/Image/UiDrawLog/UiDrawLog15.png	Assets/Product/Texture/Image/UiDrawLog/UiDrawLog4.png	Rate in S-Rank pool:	80%	0	0.0	0.0	0	0.0	0.0	0	0.0	0
7049	5024	<color=#ff8d1e>100% rate in S-Rank pool</color>	Assets/Product/Texture/Image/UiDrawLog/UiDrawLog15.png	Assets/Product/Texture/Image/UiDrawLog/UiDrawLog4.png	Rate in S-Rank pool:	100%	0	0.0	0.0	0	0.0	0.0	0	0.0	0
7050	5025	<color=#ff8d1e>100% rate in S-Rank pool</color>	Assets/Product/Texture/Image/UiDrawLog/UiDrawLog15.png	Assets/Product/Texture/Image/UiDrawLog/UiDrawLog4.png	Rate in S-Rank pool:	100%	0	0.0	0.0	0	0.0	0.0	0	0.0	0
7051	5026	<color=#ff8d1e>100% rate in S-Rank pool</color>	Assets/Product/Texture/Image/UiDrawLog/UiDrawLog15.png	Assets/Product/Texture/Image/UiDrawLog/UiDrawLog4.png	Rate in S-Rank pool:	100%	0	0.0	0.0	0	0.0	0.0	0	0.0	0
7052	1024	<color=#26bbf9>80% rate in S-Rank pool</color>	Assets/Product/Texture/Image/UiDrawLog/UiDrawLog15.png	Assets/Product/Texture/Image/UiDrawLog/UiDrawLog4.png	Rate in S-Rank pool:	80%	0	0.0	0.0	0	0.0	0.0	0	0.0	0
7053	5027	<color=#ff8d1e>100% rate in S-Rank pool</color>	Assets/Product/Texture/Image/UiDrawLog/UiDrawLog15.png	Assets/Product/Texture/Image/UiDrawLog/UiDrawLog4.png	Rate in S-Rank pool:	100%	0	0.0	0.0	0	0.0	0.0	0	0.0	0
7054	1025	<color=#26bbf9>80% rate in S-Rank pool</color>	Assets/Product/Texture/Image/UiDrawLog/UiDrawLog15.png	Assets/Product/Texture/Image/UiDrawLog/UiDrawLog4.png	Rate in S-Rank pool:	80%	0	0.0	0.0	0	0.0	0.0	0	0.0	0
7055	5028	<color=#ff8d1e>100% rate in S-Rank pool</color>	Assets/Product/Texture/Image/UiDrawLog/UiDrawLog15.png	Assets/Product/Texture/Image/UiDrawLog/UiDrawLog4.png	Rate in S-Rank pool:	100%	0	0.0	0.0	0	0.0	0.0	0	0.0	0
7056	5029	<color=#ff8d1e>100% rate in S-Rank pool</color>	Assets/Product/Texture/Image/UiDrawLog/UiDrawLog15.png	Assets/Product/Texture/Image/UiDrawLog/UiDrawLog4.png	Rate in S-Rank pool:	100%	0	0.0	0.0	0	0.0	0.0	0	0.0	0
7057	1026	<color=#26bbf9>80% rate in S-Rank pool</color>	Assets/Product/Texture/Image/UiDrawLog/UiDrawLog15.png	Assets/Product/Texture/Image/UiDrawLog/UiDrawLog4.png	Rate in S-Rank pool:	80%	0	0.0	0.0	0	0.0	0.0	0	0.0	0
7058	5030	<color=#ff8d1e>100% rate in S-Rank pool</color>	Assets/Product/Texture/Image/UiDrawLog/UiDrawLog15.png	Assets/Product/Texture/Image/UiDrawLog/UiDrawLog4.png	Rate in S-Rank pool:	100%	0	0.0	0.0	0	0.0	0.0	0	0.0	0
7059	1027	<color=#26bbf9>80% rate in S-Rank pool</color>	Assets/Product/Texture/Image/UiDrawLog/UiDrawLog15.png	Assets/Product/Texture/Image/UiDrawLog/UiDrawLog4.png	Rate in S-Rank pool:	80%	0	0.0	0.0	0	0.0	0.0	0	0.0	0
7060	5031	<color=#ff8d1e>100% rate in S-Rank pool</color>	Assets/Product/Texture/Image/UiDrawLog/UiDrawLog15.png	Assets/Product/Texture/Image/UiDrawLog/UiDrawLog4.png	Rate in S-Rank pool:	100%	0	0.0	0.0	0	0.0	0.0	0	0.0	0
7061	1028	<color=#26bbf9>80% rate in S-Rank pool</color>	Assets/Product/Texture/Image/UiDrawLog/UiDrawLog15.png	Assets/Product/Texture/Image/UiDrawLog/UiDrawLog4.png	Rate in S-Rank pool:	80%	0	0.0	0.0	0	0.0	0.0	0	0.0	0
7062	5032	<color=#ff8d1e>100% rate in S-Rank pool</color>	Assets/Product/Texture/Image/UiDrawLog/UiDrawLog15.png	Assets/Product/Texture/Image/UiDrawLog/UiDrawLog4.png	Rate in S-Rank pool:	100%	0	0.0	0.0	0	0.0	0.0	0	0.0	0
7063	1029	<color=#26bbf9>80% rate in S-Rank pool</color>	Assets/Product/Texture/Image/UiDrawLog/UiDrawLog15.png	Assets/Product/Texture/Image/UiDrawLog/UiDrawLog4.png	Rate in S-Rank pool:	80%	0	0.0	0.0	0	0.0	0.0	0	0.0	0
7064	5034	<color=#ff8d1e>100% rate in S-Rank pool</color>	Assets/Product/Texture/Image/UiDrawLog/UiDrawLog15.png	Assets/Product/Texture/Image/UiDrawLog/UiDrawLog4.png	Rate in S-Rank pool:	100%	0	0.0	0.0	0	0.0	0.0	0	0.0	0
7065	5033	<color=#ff8d1e>100% rate in S-Rank pool</color>	Assets/Product/Texture/Image/UiDrawLog/UiDrawLog15.png	Assets/Product/Texture/Image/UiDrawLog/UiDrawLog4.png	Rate in S-Rank pool:	100%	0	0.0	0.0	0	0.0	0.0	0	0.0	0
7066	5035	<color=#ff8d1e>100% rate in S-Rank pool</color>	Assets/Product/Texture/Image/UiDrawLog/UiDrawLog15.png	Assets/Product/Texture/Image/UiDrawLog/UiDrawLog4.png	Rate in S-Rank pool:	100%	0	0.0	0.0	0	0.0	0.0	0	0.0	0
7067	1030	<color=#26bbf9>80% rate in S-Rank pool</color>	Assets/Product/Texture/Image/UiDrawLog/UiDrawLog15.png	Assets/Product/Texture/Image/UiDrawLog/UiDrawLog4.png	Rate in S-Rank pool:	80%	0	0.0	0.0	0	0.0	0.0	0	0.0	0
7068	5037	<color=#ff8d1e>100% rate in S-Rank pool</color>	Assets/Product/Texture/Image/UiDrawLog/UiDrawLog15.png	Assets/Product/Texture/Image/UiDrawLog/UiDrawLog4.png	Rate in S-Rank pool:	100%	0	0.0	0.0	0	0.0	0.0	0	0.0	0
7069	5036	<color=#ff8d1e>100% rate in S-Rank pool</color>	Assets/Product/Texture/Image/UiDrawLog/UiDrawLog15.png	Assets/Product/Texture/Image/UiDrawLog/UiDrawLog4.png	Rate in S-Rank pool:	100%	0	0.0	0.0	0	0.0	0.0	0	0.0	0
7070	1031	<color=#26bbf9>80% rate in S-Rank pool</color>	Assets/Product/Texture/Image/UiDrawLog/UiDrawLog15.png	Assets/Product/Texture/Image/UiDrawLog/UiDrawLog4.png	Rate in S-Rank pool:	80%	0	0.0	0.0	0	0.0	0.0	0	0.0	0
7071	5038	<color=#ff8d1e>100% rate in S-Rank pool</color>	Assets/Product/Texture/Image/UiDrawLog/UiDrawLog15.png	Assets/Product/Texture/Image/UiDrawLog/UiDrawLog4.png	Rate in S-Rank pool:	100%	0	0.0	0.0	0	0.0	0.0	0	0.0	0
7072	1032	<color=#26bbf9>80% rate in S-Rank pool</color>	Assets/Product/Texture/Image/UiDrawLog/UiDrawLog15.png	Assets/Product/Texture/Image/UiDrawLog/UiDrawLog4.png	Rate in S-Rank pool:	80%	0	0.0	0.0	0	0.0	0.0	0	0.0	0
8001	10000	<color=#ff8d1e>100% rate in S-Rank pool</color>	Assets/Product/Texture/Image/UiDrawLog/UiDrawLog22.png	Assets/Product/Texture/Image/UiDrawLog/UiDrawLog23.png	Rate in S-Rank pool:	100%	0	0.0	0.0	0	0.0	0.0	0	0.0	0
8002	9990	<color=#ff8d1e>100% rate in S-Rank pool</color>	Assets/Product/Texture/Image/UiDrawLog/UiDrawLog22.png	Assets/Product/Texture/Image/UiDrawLog/UiDrawLog23.png	Rate in S-Rank pool:	100%	0	0.0	0.0	0	0.0	0.0	0	0.0	0
8003	9980	<color=#ff8d1e>100% rate in S-Rank pool</color>	Assets/Product/Texture/Image/UiDrawLog/UiDrawLog22.png	Assets/Product/Texture/Image/UiDrawLog/UiDrawLog23.png	Rate in S-Rank pool:	100%	0	0.0	0.0	0	0.0	0.0	0	0.0	0
8004	9970	<color=#ff8d1e>100% rate in S-Rank pool</color>	Assets/Product/Texture/Image/UiDrawLog/UiDrawLog22.png	Assets/Product/Texture/Image/UiDrawLog/UiDrawLog23.png	Rate in S-Rank pool:	100%	0	0.0	0.0	0	0.0	0.0	0	0.0	0
8005	9960	<color=#ff8d1e>100% rate in S-Rank pool</color>	Assets/Product/Texture/Image/UiDrawLog/UiDrawLog22.png	Assets/Product/Texture/Image/UiDrawLog/UiDrawLog23.png	Rate in S-Rank pool:	100%	0	0.0	0.0	0	0.0	0.0	0	0.0	0
8006	9950	<color=#ff8d1e>100% rate in S-Rank pool</color>	Assets/Product/Texture/Image/UiDrawLog/UiDrawLog22.png	Assets/Product/Texture/Image/UiDrawLog/UiDrawLog23.png	Rate in S-Rank pool:	100%	0	0.0	0.0	0	0.0	0.0	0	0.0	0
8007	9940	<color=#ff8d1e>100% rate in S-Rank pool</color>	Assets/Product/Texture/Image/UiDrawLog/UiDrawLog22.png	Assets/Product/Texture/Image/UiDrawLog/UiDrawLog23.png	Rate in S-Rank pool:	100%	0	0.0	0.0	0	0.0	0.0	0	0.0	0
8008	9930	<color=#ff8d1e>100% rate in S-Rank pool</color>	Assets/Product/Texture/Image/UiDrawLog/UiDrawLog22.png	Assets/Product/Texture/Image/UiDrawLog/UiDrawLog23.png	Rate in S-Rank pool:	100%	0	0.0	0.0	0	0.0	0.0	0	0.0	0
8009	9920	<color=#ff8d1e>100% rate in S-Rank pool</color>	Assets/Product/Texture/Image/UiDrawLog/UiDrawLog22.png	Assets/Product/Texture/Image/UiDrawLog/UiDrawLog23.png	Rate in S-Rank pool:	100%	0	0.0	0.0	0	0.0	0.0	0	0.0	0
8010	9910	<color=#ff8d1e>100% rate in S-Rank pool</color>	Assets/Product/Texture/Image/UiDrawLog/UiDrawLog22.png	Assets/Product/Texture/Image/UiDrawLog/UiDrawLog23.png	Rate in S-Rank pool:	100%	0	0.0	0.0	0	0.0	0.0	0	0.0	0
8011	9900	<color=#ff8d1e>100% rate in S-Rank pool</color>	Assets/Product/Texture/Image/UiDrawLog/UiDrawLog22.png	Assets/Product/Texture/Image/UiDrawLog/UiDrawLog23.png	Rate in S-Rank pool:	100%	0	0.0	0.0	0	0.0	0.0	0	0.0	0
8012	10000	<color=#ff8d1e>100% rate in S-Rank pool</color>	Assets/Product/Texture/Image/UiDrawLog/UiDrawLog22.png	Assets/Product/Texture/Image/UiDrawLog/UiDrawLog23.png	Rate in S-Rank pool:	100%	0	0.0	0.0	0	0.0	0.0	0	0.0	0
8013	9990	<color=#ff8d1e>100% rate in S-Rank pool</color>	Assets/Product/Texture/Image/UiDrawLog/UiDrawLog22.png	Assets/Product/Texture/Image/UiDrawLog/UiDrawLog23.png	Rate in S-Rank pool:	100%	0	0.0	0.0	0	0.0	0.0	0	0.0	0
8014	9980	<color=#ff8d1e>100% rate in S-Rank pool</color>	Assets/Product/Texture/Image/UiDrawLog/UiDrawLog22.png	Assets/Product/Texture/Image/UiDrawLog/UiDrawLog23.png	Rate in S-Rank pool:	100%	0	0.0	0.0	0	0.0	0.0	0	0.0	0
8015	9970	<color=#ff8d1e>100% rate in S-Rank pool</color>	Assets/Product/Texture/Image/UiDrawLog/UiDrawLog22.png	Assets/Product/Texture/Image/UiDrawLog/UiDrawLog23.png	Rate in S-Rank pool:	100%	0	0.0	0.0	0	0.0	0.0	0	0.0	0
8016	9960	<color=#ff8d1e>100% rate in S-Rank pool</color>	Assets/Product/Texture/Image/UiDrawLog/UiDrawLog22.png	Assets/Product/Texture/Image/UiDrawLog/UiDrawLog23.png	Rate in S-Rank pool:	100%	0	0.0	0.0	0	0.0	0.0	0	0.0	0
8017	9950	<color=#ff8d1e>100% rate in S-Rank pool</color>	Assets/Product/Texture/Image/UiDrawLog/UiDrawLog22.png	Assets/Product/Texture/Image/UiDrawLog/UiDrawLog23.png	Rate in S-Rank pool:	100%	0	0.0	0.0	0	0.0	0.0	0	0.0	0
8018	9940	<color=#ff8d1e>100% rate in S-Rank pool</color>	Assets/Product/Texture/Image/UiDrawLog/UiDrawLog22.png	Assets/Product/Texture/Image/UiDrawLog/UiDrawLog23.png	Rate in S-Rank pool:	100%	0	0.0	0.0	0	0.0	0.0	0	0.0	0
8019	9930	<color=#ff8d1e>100% rate in S-Rank pool</color>	Assets/Product/Texture/Image/UiDrawLog/UiDrawLog22.png	Assets/Product/Texture/Image/UiDrawLog/UiDrawLog23.png	Rate in S-Rank pool:	100%	0	0.0	0.0	0	0.0	0.0	0	0.0	0
8020	9920	<color=#ff8d1e>100% rate in S-Rank pool</color>	Assets/Product/Texture/Image/UiDrawLog/UiDrawLog22.png	Assets/Product/Texture/Image/UiDrawLog/UiDrawLog23.png	Rate in S-Rank pool:	100%	0	0.0	0.0	0	0.0	0.0	0	0.0	0
8021	9910	<color=#ff8d1e>100% rate in S-Rank pool</color>	Assets/Product/Texture/Image/UiDrawLog/UiDrawLog22.png	Assets/Product/Texture/Image/UiDrawLog/UiDrawLog23.png	Rate in S-Rank pool:	100%	0	0.0	0.0	0	0.0	0.0	0	0.0	0
8022	9900	<color=#ff8d1e>100% rate in S-Rank pool</color>	Assets/Product/Texture/Image/UiDrawLog/UiDrawLog22.png	Assets/Product/Texture/Image/UiDrawLog/UiDrawLog23.png	Rate in S-Rank pool:	100%	0	0.0	0.0	0	0.0	0.0	0	0.0	0
8023	9890	<color=#ff8d1e>100% rate in S-Rank pool</color>	Assets/Product/Texture/Image/UiDrawLog/UiDrawLog22.png	Assets/Product/Texture/Image/UiDrawLog/UiDrawLog23.png	Rate in S-Rank pool:	100%	0	0.0	0.0	0	0.0	0.0	0	0.0	0
8024	9880	<color=#ff8d1e>100% rate in S-Rank pool</color>	Assets/Product/Texture/Image/UiDrawLog/UiDrawLog22.png	Assets/Product/Texture/Image/UiDrawLog/UiDrawLog23.png	Rate in S-Rank pool:	100%	0	0.0	0.0	0	0.0	0.0	0	0.0	0
8025	9870	<color=#ff8d1e>100% rate in S-Rank pool</color>	Assets/Product/Texture/Image/UiDrawLog/UiDrawLog22.png	Assets/Product/Texture/Image/UiDrawLog/UiDrawLog23.png	Rate in S-Rank pool:	100%	0	0.0	0.0	0	0.0	0.0	0	0.0	0
8026	9860	<color=#ff8d1e>100% rate in S-Rank pool</color>	Assets/Product/Texture/Image/UiDrawLog/UiDrawLog22.png	Assets/Product/Texture/Image/UiDrawLog/UiDrawLog23.png	Rate in S-Rank pool:	100%	0	0.0	0.0	0	0.0	0.0	0	0.0	0
8027	10000	<color=#ff8d1e>100% rate in S-Rank pool</color>	Assets/Product/Texture/Image/UiDrawLog/UiDrawLog22.png	Assets/Product/Texture/Image/UiDrawLog/UiDrawLog23.png	Rate in S-Rank pool:	100%	0	0.0	0.0	0	0.0	0.0	0	0.0	0
8028	9990	<color=#ff8d1e>100% rate in S-Rank pool</color>	Assets/Product/Texture/Image/UiDrawLog/UiDrawLog22.png	Assets/Product/Texture/Image/UiDrawLog/UiDrawLog23.png	Rate in S-Rank pool:	100%	0	0.0	0.0	0	0.0	0.0	0	0.0	0
8029	9980	<color=#ff8d1e>100% rate in S-Rank pool</color>	Assets/Product/Texture/Image/UiDrawLog/UiDrawLog22.png	Assets/Product/Texture/Image/UiDrawLog/UiDrawLog23.png	Rate in S-Rank pool:	100%	0	0.0	0.0	0	0.0	0.0	0	0.0	0
8030	9970	<color=#ff8d1e>100% rate in S-Rank pool</color>	Assets/Product/Texture/Image/UiDrawLog/UiDrawLog22.png	Assets/Product/Texture/Image/UiDrawLog/UiDrawLog23.png	Rate in S-Rank pool:	100%	0	0.0	0.0	0	0.0	0.0	0	0.0	0
8031	9960	<color=#ff8d1e>100% rate in S-Rank pool</color>	Assets/Product/Texture/Image/UiDrawLog/UiDrawLog22.png	Assets/Product/Texture/Image/UiDrawLog/UiDrawLog23.png	Rate in S-Rank pool:	100%	0	0.0	0.0	0	0.0	0.0	0	0.0	0
8032	9950	<color=#ff8d1e>100% rate in S-Rank pool</color>	Assets/Product/Texture/Image/UiDrawLog/UiDrawLog22.png	Assets/Product/Texture/Image/UiDrawLog/UiDrawLog23.png	Rate in S-Rank pool:	100%	0	0.0	0.0	0	0.0	0.0	0	0.0	0
8033	9940	<color=#ff8d1e>100% rate in S-Rank pool</color>	Assets/Product/Texture/Image/UiDrawLog/UiDrawLog22.png	Assets/Product/Texture/Image/UiDrawLog/UiDrawLog23.png	Rate in S-Rank pool:	100%	0	0.0	0.0	0	0.0	0.0	0	0.0	0
8034	9930	<color=#ff8d1e>100% rate in S-Rank pool</color>	Assets/Product/Texture/Image/UiDrawLog/UiDrawLog22.png	Assets/Product/Texture/Image/UiDrawLog/UiDrawLog23.png	Rate in S-Rank pool:	100%	0	0.0	0.0	0	0.0	0.0	0	0.0	0
8035	9920	<color=#ff8d1e>100% rate in S-Rank pool</color>	Assets/Product/Texture/Image/UiDrawLog/UiDrawLog22.png	Assets/Product/Texture/Image/UiDrawLog/UiDrawLog23.png	Rate in S-Rank pool:	100%	0	0.0	0.0	0	0.0	0.0	0	0.0	0
8036	9910	<color=#ff8d1e>100% rate in S-Rank pool</color>	Assets/Product/Texture/Image/UiDrawLog/UiDrawLog22.png	Assets/Product/Texture/Image/UiDrawLog/UiDrawLog23.png	Rate in S-Rank pool:	100%	0	0.0	0.0	0	0.0	0.0	0	0.0	0
8037	9900	<color=#ff8d1e>100% rate in S-Rank pool</color>	Assets/Product/Texture/Image/UiDrawLog/UiDrawLog22.png	Assets/Product/Texture/Image/UiDrawLog/UiDrawLog23.png	Rate in S-Rank pool:	100%	0	0.0	0.0	0	0.0	0.0	0	0.0	0
8038	9890	<color=#ff8d1e>100% rate in S-Rank pool</color>	Assets/Product/Texture/Image/UiDrawLog/UiDrawLog22.png	Assets/Product/Texture/Image/UiDrawLog/UiDrawLog23.png	Rate in S-Rank pool:	100%	0	0.0	0.0	0	0.0	0.0	0	0.0	0
8039	9880	<color=#ff8d1e>100% rate in S-Rank pool</color>	Assets/Product/Texture/Image/UiDrawLog/UiDrawLog22.png	Assets/Product/Texture/Image/UiDrawLog/UiDrawLog23.png	Rate in S-Rank pool:	100%	0	0.0	0.0	0	0.0	0.0	0	0.0	0
8040	9870	<color=#ff8d1e>100% rate in S-Rank pool</color>	Assets/Product/Texture/Image/UiDrawLog/UiDrawLog22.png	Assets/Product/Texture/Image/UiDrawLog/UiDrawLog23.png	Rate in S-Rank pool:	100%	0	0.0	0.0	0	0.0	0.0	0	0.0	0
8041	9860	<color=#ff8d1e>100% rate in S-Rank pool</color>	Assets/Product/Texture/Image/UiDrawLog/UiDrawLog22.png	Assets/Product/Texture/Image/UiDrawLog/UiDrawLog23.png	Rate in S-Rank pool:	100%	0	0.0	0.0	0	0.0	0.0	0	0.0	0
8042	9850	<color=#ff8d1e>100% rate in S-Rank pool</color>	Assets/Product/Texture/Image/UiDrawLog/UiDrawLog22.png	Assets/Product/Texture/Image/UiDrawLog/UiDrawLog23.png	Rate in S-Rank pool:	100%	0	0.0	0.0	0	0.0	0.0	0	0.0	0
8043	9840	<color=#ff8d1e>100% rate in S-Rank pool</color>	Assets/Product/Texture/Image/UiDrawLog/UiDrawLog22.png	Assets/Product/Texture/Image/UiDrawLog/UiDrawLog23.png	Rate in S-Rank pool:	100%	0	0.0	0.0	0	0.0	0.0	0	0.0	0
8044	9830	<color=#ff8d1e>100% rate in S-Rank pool</color>	Assets/Product/Texture/Image/UiDrawLog/UiDrawLog22.png	Assets/Product/Texture/Image/UiDrawLog/UiDrawLog23.png	Rate in S-Rank pool:	100%	0	0.0	0.0	0	0.0	0.0	0	0.0	0
8045	9820	<color=#ff8d1e>100% rate in S-Rank pool</color>	Assets/Product/Texture/Image/UiDrawLog/UiDrawLog22.png	Assets/Product/Texture/Image/UiDrawLog/UiDrawLog23.png	Rate in S-Rank pool:	100%	0	0.0	0.0	0	0.0	0.0	0	0.0	0
8046	9810	<color=#ff8d1e>100% rate in S-Rank pool</color>	Assets/Product/Texture/Image/UiDrawLog/UiDrawLog22.png	Assets/Product/Texture/Image/UiDrawLog/UiDrawLog23.png	Rate in S-Rank pool:	100%	0	0.0	0.0	0	0.0	0.0	0	0.0	0
8047	10000	<color=#ff8d1e>100% rate in S-Rank pool</color>	Assets/Product/Texture/Image/UiDrawLog/UiDrawLog22.png	Assets/Product/Texture/Image/UiDrawLog/UiDrawLog23.png	Rate in S-Rank pool:	100%	0	0.0	0.0	0	0.0	0.0	0	0.0	0
8048	9990	<color=#ff8d1e>100% rate in S-Rank pool</color>	Assets/Product/Texture/Image/UiDrawLog/UiDrawLog22.png	Assets/Product/Texture/Image/UiDrawLog/UiDrawLog23.png	Rate in S-Rank pool:	100%	0	0.0	0.0	0	0.0	0.0	0	0.0	0
8049	9980	<color=#ff8d1e>100% rate in S-Rank pool</color>	Assets/Product/Texture/Image/UiDrawLog/UiDrawLog22.png	Assets/Product/Texture/Image/UiDrawLog/UiDrawLog23.png	Rate in S-Rank pool:	100%	0	0.0	0.0	0	0.0	0.0	0	0.0	0
8050	9970	<color=#ff8d1e>100% rate in S-Rank pool</color>	Assets/Product/Texture/Image/UiDrawLog/UiDrawLog22.png	Assets/Product/Texture/Image/UiDrawLog/UiDrawLog23.png	Rate in S-Rank pool:	100%	0	0.0	0.0	0	0.0	0.0	0	0.0	0
8051	9960	<color=#ff8d1e>100% rate in S-Rank pool</color>	Assets/Product/Texture/Image/UiDrawLog/UiDrawLog22.png	Assets/Product/Texture/Image/UiDrawLog/UiDrawLog23.png	Rate in S-Rank pool:	100%	0	0.0	0.0	0	0.0	0.0	0	0.0	0
8052	9950	<color=#ff8d1e>100% rate in S-Rank pool</color>	Assets/Product/Texture/Image/UiDrawLog/UiDrawLog22.png	Assets/Product/Texture/Image/UiDrawLog/UiDrawLog23.png	Rate in S-Rank pool:	100%	0	0.0	0.0	0	0.0	0.0	0	0.0	0
8053	9940	<color=#ff8d1e>100% rate in S-Rank pool</color>	Assets/Product/Texture/Image/UiDrawLog/UiDrawLog22.png	Assets/Product/Texture/Image/UiDrawLog/UiDrawLog23.png	Rate in S-Rank pool:	100%	0	0.0	0.0	0	0.0	0.0	0	0.0	0
8054	9930	<color=#ff8d1e>100% rate in S-Rank pool</color>	Assets/Product/Texture/Image/UiDrawLog/UiDrawLog22.png	Assets/Product/Texture/Image/UiDrawLog/UiDrawLog23.png	Rate in S-Rank pool:	100%	0	0.0	0.0	0	0.0	0.0	0	0.0	0
8055	9920	<color=#ff8d1e>100% rate in S-Rank pool</color>	Assets/Product/Texture/Image/UiDrawLog/UiDrawLog22.png	Assets/Product/Texture/Image/UiDrawLog/UiDrawLog23.png	Rate in S-Rank pool:	100%	0	0.0	0.0	0	0.0	0.0	0	0.0	0
8056	9910	<color=#ff8d1e>100% rate in S-Rank pool</color>	Assets/Product/Texture/Image/UiDrawLog/UiDrawLog22.png	Assets/Product/Texture/Image/UiDrawLog/UiDrawLog23.png	Rate in S-Rank pool:	100%	0	0.0	0.0	0	0.0	0.0	0	0.0	0
8057	9900	<color=#ff8d1e>100% rate in S-Rank pool</color>	Assets/Product/Texture/Image/UiDrawLog/UiDrawLog22.png	Assets/Product/Texture/Image/UiDrawLog/UiDrawLog23.png	Rate in S-Rank pool:	100%	0	0.0	0.0	0	0.0	0.0	0	0.0	0
8058	9890	<color=#ff8d1e>100% rate in S-Rank pool</color>	Assets/Product/Texture/Image/UiDrawLog/UiDrawLog22.png	Assets/Product/Texture/Image/UiDrawLog/UiDrawLog23.png	Rate in S-Rank pool:	100%	0	0.0	0.0	0	0.0	0.0	0	0.0	0
8059	9880	<color=#ff8d1e>100% rate in S-Rank pool</color>	Assets/Product/Texture/Image/UiDrawLog/UiDrawLog22.png	Assets/Product/Texture/Image/UiDrawLog/UiDrawLog23.png	Rate in S-Rank pool:	100%	0	0.0	0.0	0	0.0	0.0	0	0.0	0
8060	9870	<color=#ff8d1e>100% rate in S-Rank pool</color>	Assets/Product/Texture/Image/UiDrawLog/UiDrawLog22.png	Assets/Product/Texture/Image/UiDrawLog/UiDrawLog23.png	Rate in S-Rank pool:	100%	0	0.0	0.0	0	0.0	0.0	0	0.0	0
8061	9860	<color=#ff8d1e>100% rate in S-Rank pool</color>	Assets/Product/Texture/Image/UiDrawLog/UiDrawLog22.png	Assets/Product/Texture/Image/UiDrawLog/UiDrawLog23.png	Rate in S-Rank pool:	100%	0	0.0	0.0	0	0.0	0.0	0	0.0	0
8062	9850	<color=#ff8d1e>100% rate in S-Rank pool</color>	Assets/Product/Texture/Image/UiDrawLog/UiDrawLog22.png	Assets/Product/Texture/Image/UiDrawLog/UiDrawLog23.png	Rate in S-Rank pool:	100%	0	0.0	0.0	0	0.0	0.0	0	0.0	0
8063	9840	<color=#ff8d1e>100% rate in S-Rank pool</color>	Assets/Product/Texture/Image/UiDrawLog/UiDrawLog22.png	Assets/Product/Texture/Image/UiDrawLog/UiDrawLog23.png	Rate in S-Rank pool:	100%	0	0.0	0.0	0	0.0	0.0	0	0.0	0
8064	9830	<color=#ff8d1e>100% rate in S-Rank pool</color>	Assets/Product/Texture/Image/UiDrawLog/UiDrawLog22.png	Assets/Product/Texture/Image/UiDrawLog/UiDrawLog23.png	Rate in S-Rank pool:	100%	0	0.0	0.0	0	0.0	0.0	0	0.0	0
8065	9820	<color=#ff8d1e>100% rate in S-Rank pool</color>	Assets/Product/Texture/Image/UiDrawLog/UiDrawLog22.png	Assets/Product/Texture/Image/UiDrawLog/UiDrawLog23.png	Rate in S-Rank pool:	100%	0	0.0	0.0	0	0.0	0.0	0	0.0	0
8066	9810	<color=#ff8d1e>100% rate in S-Rank pool</color>	Assets/Product/Texture/Image/UiDrawLog/UiDrawLog22.png	Assets/Product/Texture/Image/UiDrawLog/UiDrawLog23.png	Rate in S-Rank pool:	100%	0	0.0	0.0	0	0.0	0.0	0	0.0	0
8067	9800	<color=#ff8d1e>100% rate in S-Rank pool</color>	Assets/Product/Texture/Image/UiDrawLog/UiDrawLog22.png	Assets/Product/Texture/Image/UiDrawLog/UiDrawLog23.png	Rate in S-Rank pool:	100%	0	0.0	0.0	0	0.0	0.0	0	0.0	0
8068	9790	<color=#ff8d1e>100% rate in S-Rank pool</color>	Assets/Product/Texture/Image/UiDrawLog/UiDrawLog22.png	Assets/Product/Texture/Image/UiDrawLog/UiDrawLog23.png	Rate in S-Rank pool:	100%	0	0.0	0.0	0	0.0	0.0	0	0.0	0
8069	9780	<color=#ff8d1e>100% rate in S-Rank pool</color>	Assets/Product/Texture/Image/UiDrawLog/UiDrawLog22.png	Assets/Product/Texture/Image/UiDrawLog/UiDrawLog23.png	Rate in S-Rank pool:	100%	0	0.0	0.0	0	0.0	0.0	0	0.0	0
8070	9770	<color=#ff8d1e>100% rate in S-Rank pool</color>	Assets/Product/Texture/Image/UiDrawLog/UiDrawLog22.png	Assets/Product/Texture/Image/UiDrawLog/UiDrawLog23.png	Rate in S-Rank pool:	100%	0	0.0	0.0	0	0.0	0.0	0	0.0	0
8071	9760	<color=#ff8d1e>100% rate in S-Rank pool</color>	Assets/Product/Texture/Image/UiDrawLog/UiDrawLog22.png	Assets/Product/Texture/Image/UiDrawLog/UiDrawLog23.png	Rate in S-Rank pool:	100%	0	0.0	0.0	0	0.0	0.0	0	0.0	0
8072	9750	<color=#ff8d1e>100% rate in S-Rank pool</color>	Assets/Product/Texture/Image/UiDrawLog/UiDrawLog22.png	Assets/Product/Texture/Image/UiDrawLog/UiDrawLog23.png	Rate in S-Rank pool:	100%	0	0.0	0.0	0	0.0	0.0	0	0.0	0
8073	10000	<color=#ff8d1e>100% rate in S-Rank pool</color>	Assets/Product/Texture/Image/UiDrawLog/UiDrawLog22.png	Assets/Product/Texture/Image/UiDrawLog/UiDrawLog23.png	Rate in S-Rank pool:	100%	0	0.0	0.0	0	0.0	0.0	0	0.0	0
8074	9990	<color=#ff8d1e>100% rate in S-Rank pool</color>	Assets/Product/Texture/Image/UiDrawLog/UiDrawLog22.png	Assets/Product/Texture/Image/UiDrawLog/UiDrawLog23.png	Rate in S-Rank pool:	100%	0	0.0	0.0	0	0.0	0.0	0	0.0	0
8075	9980	<color=#ff8d1e>100% rate in S-Rank pool</color>	Assets/Product/Texture/Image/UiDrawLog/UiDrawLog22.png	Assets/Product/Texture/Image/UiDrawLog/UiDrawLog23.png	Rate in S-Rank pool:	100%	0	0.0	0.0	0	0.0	0.0	0	0.0	0
8076	9970	<color=#ff8d1e>100% rate in S-Rank pool</color>	Assets/Product/Texture/Image/UiDrawLog/UiDrawLog22.png	Assets/Product/Texture/Image/UiDrawLog/UiDrawLog23.png	Rate in S-Rank pool:	100%	0	0.0	0.0	0	0.0	0.0	0	0.0	0
8077	9960	<color=#ff8d1e>100% rate in S-Rank pool</color>	Assets/Product/Texture/Image/UiDrawLog/UiDrawLog22.png	Assets/Product/Texture/Image/UiDrawLog/UiDrawLog23.png	Rate in S-Rank pool:	100%	0	0.0	0.0	0	0.0	0.0	0	0.0	0
8078	9950	<color=#ff8d1e>100% rate in S-Rank pool</color>	Assets/Product/Texture/Image/UiDrawLog/UiDrawLog22.png	Assets/Product/Texture/Image/UiDrawLog/UiDrawLog23.png	Rate in S-Rank pool:	100%	0	0.0	0.0	0	0.0	0.0	0	0.0	0
8079	9940	<color=#ff8d1e>100% rate in S-Rank pool</color>	Assets/Product/Texture/Image/UiDrawLog/UiDrawLog22.png	Assets/Product/Texture/Image/UiDrawLog/UiDrawLog23.png	Rate in S-Rank pool:	100%	0	0.0	0.0	0	0.0	0.0	0	0.0	0
8080	9930	<color=#ff8d1e>100% rate in S-Rank pool</color>	Assets/Product/Texture/Image/UiDrawLog/UiDrawLog22.png	Assets/Product/Texture/Image/UiDrawLog/UiDrawLog23.png	Rate in S-Rank pool:	100%	0	0.0	0.0	0	0.0	0.0	0	0.0	0
8081	9920	<color=#ff8d1e>100% rate in S-Rank pool</color>	Assets/Product/Texture/Image/UiDrawLog/UiDrawLog22.png	Assets/Product/Texture/Image/UiDrawLog/UiDrawLog23.png	Rate in S-Rank pool:	100%	0	0.0	0.0	0	0.0	0.0	0	0.0	0
8082	9910	<color=#ff8d1e>100% rate in S-Rank pool</color>	Assets/Product/Texture/Image/UiDrawLog/UiDrawLog22.png	Assets/Product/Texture/Image/UiDrawLog/UiDrawLog23.png	Rate in S-Rank pool:	100%	0	0.0	0.0	0	0.0	0.0	0	0.0	0
8083	9900	<color=#ff8d1e>100% rate in S-Rank pool</color>	Assets/Product/Texture/Image/UiDrawLog/UiDrawLog22.png	Assets/Product/Texture/Image/UiDrawLog/UiDrawLog23.png	Rate in S-Rank pool:	100%	0	0.0	0.0	0	0.0	0.0	0	0.0	0
8084	9890	<color=#ff8d1e>100% rate in S-Rank pool</color>	Assets/Product/Texture/Image/UiDrawLog/UiDrawLog22.png	Assets/Product/Texture/Image/UiDrawLog/UiDrawLog23.png	Rate in S-Rank pool:	100%	0	0.0	0.0	0	0.0	0.0	0	0.0	0
8085	9880	<color=#ff8d1e>100% rate in S-Rank pool</color>	Assets/Product/Texture/Image/UiDrawLog/UiDrawLog22.png	Assets/Product/Texture/Image/UiDrawLog/UiDrawLog23.png	Rate in S-Rank pool:	100%	0	0.0	0.0	0	0.0	0.0	0	0.0	0
8086	9870	<color=#ff8d1e>100% rate in S-Rank pool</color>	Assets/Product/Texture/Image/UiDrawLog/UiDrawLog22.png	Assets/Product/Texture/Image/UiDrawLog/UiDrawLog23.png	Rate in S-Rank pool:	100%	0	0.0	0.0	0	0.0	0.0	0	0.0	0
8087	9860	<color=#ff8d1e>100% rate in S-Rank pool</color>	Assets/Product/Texture/Image/UiDrawLog/UiDrawLog22.png	Assets/Product/Texture/Image/UiDrawLog/UiDrawLog23.png	Rate in S-Rank pool:	100%	0	0.0	0.0	0	0.0	0.0	0	0.0	0
8088	9850	<color=#ff8d1e>100% rate in S-Rank pool</color>	Assets/Product/Texture/Image/UiDrawLog/UiDrawLog22.png	Assets/Product/Texture/Image/UiDrawLog/UiDrawLog23.png	Rate in S-Rank pool:	100%	0	0.0	0.0	0	0.0	0.0	0	0.0	0
8089	9840	<color=#ff8d1e>100% rate in S-Rank pool</color>	Assets/Product/Texture/Image/UiDrawLog/UiDrawLog22.png	Assets/Product/Texture/Image/UiDrawLog/UiDrawLog23.png	Rate in S-Rank pool:	100%	0	0.0	0.0	0	0.0	0.0	0	0.0	0
8090	9830	<color=#ff8d1e>100% rate in S-Rank pool</color>	Assets/Product/Texture/Image/UiDrawLog/UiDrawLog22.png	Assets/Product/Texture/Image/UiDrawLog/UiDrawLog23.png	Rate in S-Rank pool:	100%	0	0.0	0.0	0	0.0	0.0	0	0.0	0
8091	9820	<color=#ff8d1e>100% rate in S-Rank pool</color>	Assets/Product/Texture/Image/UiDrawLog/UiDrawLog22.png	Assets/Product/Texture/Image/UiDrawLog/UiDrawLog23.png	Rate in S-Rank pool:	100%	0	0.0	0.0	0	0.0	0.0	0	0.0	0
8092	9810	<color=#ff8d1e>100% rate in S-Rank pool</color>	Assets/Product/Texture/Image/UiDrawLog/UiDrawLog22.png	Assets/Product/Texture/Image/UiDrawLog/UiDrawLog23.png	Rate in S-Rank pool:	100%	0	0.0	0.0	0	0.0	0.0	0	0.0	0
8093	9800	<color=#ff8d1e>100% rate in S-Rank pool</color>	Assets/Product/Texture/Image/UiDrawLog/UiDrawLog22.png	Assets/Product/Texture/Image/UiDrawLog/UiDrawLog23.png	Rate in S-Rank pool:	100%	0	0.0	0.0	0	0.0	0.0	0	0.0	0
8094	9790	<color=#ff8d1e>100% rate in S-Rank pool</color>	Assets/Product/Texture/Image/UiDrawLog/UiDrawLog22.png	Assets/Product/Texture/Image/UiDrawLog/UiDrawLog23.png	Rate in S-Rank pool:	100%	0	0.0	0.0	0	0.0	0.0	0	0.0	0
8095	9780	<color=#ff8d1e>100% rate in S-Rank pool</color>	Assets/Product/Texture/Image/UiDrawLog/UiDrawLog22.png	Assets/Product/Texture/Image/UiDrawLog/UiDrawLog23.png	Rate in S-Rank pool:	100%	0	0.0	0.0	0	0.0	0.0	0	0.0	0
8096	9770	<color=#ff8d1e>100% rate in S-Rank pool</color>	Assets/Product/Texture/Image/UiDrawLog/UiDrawLog22.png	Assets/Product/Texture/Image/UiDrawLog/UiDrawLog23.png	Rate in S-Rank pool:	100%	0	0.0	0.0	0	0.0	0.0	0	0.0	0
8097	9760	<color=#ff8d1e>100% rate in S-Rank pool</color>	Assets/Product/Texture/Image/UiDrawLog/UiDrawLog22.png	Assets/Product/Texture/Image/UiDrawLog/UiDrawLog23.png	Rate in S-Rank pool:	100%	0	0.0	0.0	0	0.0	0.0	0	0.0	0
8098	9750	<color=#ff8d1e>100% rate in S-Rank pool</color>	Assets/Product/Texture/Image/UiDrawLog/UiDrawLog22.png	Assets/Product/Texture/Image/UiDrawLog/UiDrawLog23.png	Rate in S-Rank pool:	100%	0	0.0	0.0	0	0.0	0.0	0	0.0	0
8099	9740	<color=#ff8d1e>100% rate in S-Rank pool</color>	Assets/Product/Texture/Image/UiDrawLog/UiDrawLog22.png	Assets/Product/Texture/Image/UiDrawLog/UiDrawLog23.png	Rate in S-Rank pool:	100%	0	0.0	0.0	0	0.0	0.0	0	0.0	0
8100	9730	<color=#ff8d1e>100% rate in S-Rank pool</color>	Assets/Product/Texture/Image/UiDrawLog/UiDrawLog22.png	Assets/Product/Texture/Image/UiDrawLog/UiDrawLog23.png	Rate in S-Rank pool:	100%	0	0.0	0.0	0	0.0	0.0	0	0.0	0
8101	9720	<color=#ff8d1e>100% rate in S-Rank pool</color>	Assets/Product/Texture/Image/UiDrawLog/UiDrawLog22.png	Assets/Product/Texture/Image/UiDrawLog/UiDrawLog23.png	Rate in S-Rank pool:	100%	0	0.0	0.0	0	0.0	0.0	0	0.0	0
8102	9710	<color=#ff8d1e>100% rate in S-Rank pool</color>	Assets/Product/Texture/Image/UiDrawLog/UiDrawLog22.png	Assets/Product/Texture/Image/UiDrawLog/UiDrawLog23.png	Rate in S-Rank pool:	100%	0	0.0	0.0	0	0.0	0.0	0	0.0	0
8103	9700	<color=#ff8d1e>100% rate in S-Rank pool</color>	Assets/Product/Texture/Image/UiDrawLog/UiDrawLog22.png	Assets/Product/Texture/Image/UiDrawLog/UiDrawLog23.png	Rate in S-Rank pool:	100%	0	0.0	0.0	0	0.0	0.0	0	0.0	0
8104	9690	<color=#ff8d1e>100% rate in S-Rank pool</color>	Assets/Product/Texture/Image/UiDrawLog/UiDrawLog22.png	Assets/Product/Texture/Image/UiDrawLog/UiDrawLog23.png	Rate in S-Rank pool:	100%	0	0.0	0.0	0	0.0	0.0	0	0.0	0
8105	9680	<color=#ff8d1e>100% rate in S-Rank pool</color>	Assets/Product/Texture/Image/UiDrawLog/UiDrawLog22.png	Assets/Product/Texture/Image/UiDrawLog/UiDrawLog23.png	Rate in S-Rank pool:	100%	0	0.0	0.0	0	0.0	0.0	0	0.0	0
8106	10000	<color=#ff8d1e>100% rate in S-Rank pool</color>	Assets/Product/Texture/Image/UiDrawLog/UiDrawLog22.png	Assets/Product/Texture/Image/UiDrawLog/UiDrawLog23.png	Rate in S-Rank pool:	100%	0	0.0	0.0	0	0.0	0.0	0	0.0	0
8107	9990	<color=#ff8d1e>100% rate in S-Rank pool</color>	Assets/Product/Texture/Image/UiDrawLog/UiDrawLog22.png	Assets/Product/Texture/Image/UiDrawLog/UiDrawLog23.png	Rate in S-Rank pool:	100%	0	0.0	0.0	0	0.0	0.0	0	0.0	0
8108	9980	<color=#ff8d1e>100% rate in S-Rank pool</color>	Assets/Product/Texture/Image/UiDrawLog/UiDrawLog22.png	Assets/Product/Texture/Image/UiDrawLog/UiDrawLog23.png	Rate in S-Rank pool:	100%	0	0.0	0.0	0	0.0	0.0	0	0.0	0
8109	9970	<color=#ff8d1e>100% rate in S-Rank pool</color>	Assets/Product/Texture/Image/UiDrawLog/UiDrawLog22.png	Assets/Product/Texture/Image/UiDrawLog/UiDrawLog23.png	Rate in S-Rank pool:	100%	0	0.0	0.0	0	0.0	0.0	0	0.0	0
8110	9960	<color=#ff8d1e>100% rate in S-Rank pool</color>	Assets/Product/Texture/Image/UiDrawLog/UiDrawLog22.png	Assets/Product/Texture/Image/UiDrawLog/UiDrawLog23.png	Rate in S-Rank pool:	100%	0	0.0	0.0	0	0.0	0.0	0	0.0	0
8111	9950	<color=#ff8d1e>100% rate in S-Rank pool</color>	Assets/Product/Texture/Image/UiDrawLog/UiDrawLog22.png	Assets/Product/Texture/Image/UiDrawLog/UiDrawLog23.png	Rate in S-Rank pool:	100%	0	0.0	0.0	0	0.0	0.0	0	0.0	0
8112	9940	<color=#ff8d1e>100% rate in S-Rank pool</color>	Assets/Product/Texture/Image/UiDrawLog/UiDrawLog22.png	Assets/Product/Texture/Image/UiDrawLog/UiDrawLog23.png	Rate in S-Rank pool:	100%	0	0.0	0.0	0	0.0	0.0	0	0.0	0
8113	9930	<color=#ff8d1e>100% rate in S-Rank pool</color>	Assets/Product/Texture/Image/UiDrawLog/UiDrawLog22.png	Assets/Product/Texture/Image/UiDrawLog/UiDrawLog23.png	Rate in S-Rank pool:	100%	0	0.0	0.0	0	0.0	0.0	0	0.0	0
8114	9920	<color=#ff8d1e>100% rate in S-Rank pool</color>	Assets/Product/Texture/Image/UiDrawLog/UiDrawLog22.png	Assets/Product/Texture/Image/UiDrawLog/UiDrawLog23.png	Rate in S-Rank pool:	100%	0	0.0	0.0	0	0.0	0.0	0	0.0	0
8115	9910	<color=#ff8d1e>100% rate in S-Rank pool</color>	Assets/Product/Texture/Image/UiDrawLog/UiDrawLog22.png	Assets/Product/Texture/Image/UiDrawLog/UiDrawLog23.png	Rate in S-Rank pool:	100%	0	0.0	0.0	0	0.0	0.0	0	0.0	0
8116	9900	<color=#ff8d1e>100% rate in S-Rank pool</color>	Assets/Product/Texture/Image/UiDrawLog/UiDrawLog22.png	Assets/Product/Texture/Image/UiDrawLog/UiDrawLog23.png	Rate in S-Rank pool:	100%	0	0.0	0.0	0	0.0	0.0	0	0.0	0
8117	9890	<color=#ff8d1e>100% rate in S-Rank pool</color>	Assets/Product/Texture/Image/UiDrawLog/UiDrawLog22.png	Assets/Product/Texture/Image/UiDrawLog/UiDrawLog23.png	Rate in S-Rank pool:	100%	0	0.0	0.0	0	0.0	0.0	0	0.0	0
8118	9880	<color=#ff8d1e>100% rate in S-Rank pool</color>	Assets/Product/Texture/Image/UiDrawLog/UiDrawLog22.png	Assets/Product/Texture/Image/UiDrawLog/UiDrawLog23.png	Rate in S-Rank pool:	100%	0	0.0	0.0	0	0.0	0.0	0	0.0	0
8119	9870	<color=#ff8d1e>100% rate in S-Rank pool</color>	Assets/Product/Texture/Image/UiDrawLog/UiDrawLog22.png	Assets/Product/Texture/Image/UiDrawLog/UiDrawLog23.png	Rate in S-Rank pool:	100%	0	0.0	0.0	0	0.0	0.0	0	0.0	0
8120	9860	<color=#ff8d1e>100% rate in S-Rank pool</color>	Assets/Product/Texture/Image/UiDrawLog/UiDrawLog22.png	Assets/Product/Texture/Image/UiDrawLog/UiDrawLog23.png	Rate in S-Rank pool:	100%	0	0.0	0.0	0	0.0	0.0	0	0.0	0
8121	9850	<color=#ff8d1e>100% rate in S-Rank pool</color>	Assets/Product/Texture/Image/UiDrawLog/UiDrawLog22.png	Assets/Product/Texture/Image/UiDrawLog/UiDrawLog23.png	Rate in S-Rank pool:	100%	0	0.0	0.0	0	0.0	0.0	0	0.0	0
8122	9840	<color=#ff8d1e>100% rate in S-Rank pool</color>	Assets/Product/Texture/Image/UiDrawLog/UiDrawLog22.png	Assets/Product/Texture/Image/UiDrawLog/UiDrawLog23.png	Rate in S-Rank pool:	100%	0	0.0	0.0	0	0.0	0.0	0	0.0	0
8123	9830	<color=#ff8d1e>100% rate in S-Rank pool</color>	Assets/Product/Texture/Image/UiDrawLog/UiDrawLog22.png	Assets/Product/Texture/Image/UiDrawLog/UiDrawLog23.png	Rate in S-Rank pool:	100%	0	0.0	0.0	0	0.0	0.0	0	0.0	0
8124	9820	<color=#ff8d1e>100% rate in S-Rank pool</color>	Assets/Product/Texture/Image/UiDrawLog/UiDrawLog22.png	Assets/Product/Texture/Image/UiDrawLog/UiDrawLog23.png	Rate in S-Rank pool:	100%	0	0.0	0.0	0	0.0	0.0	0	0.0	0
8125	9810	<color=#ff8d1e>100% rate in S-Rank pool</color>	Assets/Product/Texture/Image/UiDrawLog/UiDrawLog22.png	Assets/Product/Texture/Image/UiDrawLog/UiDrawLog23.png	Rate in S-Rank pool:	100%	0	0.0	0.0	0	0.0	0.0	0	0.0	0
8126	9800	<color=#ff8d1e>100% rate in S-Rank pool</color>	Assets/Product/Texture/Image/UiDrawLog/UiDrawLog22.png	Assets/Product/Texture/Image/UiDrawLog/UiDrawLog23.png	Rate in S-Rank pool:	100%	0	0.0	0.0	0	0.0	0.0	0	0.0	0
8127	9790	<color=#ff8d1e>100% rate in S-Rank pool</color>	Assets/Product/Texture/Image/UiDrawLog/UiDrawLog22.png	Assets/Product/Texture/Image/UiDrawLog/UiDrawLog23.png	Rate in S-Rank pool:	100%	0	0.0	0.0	0	0.0	0.0	0	0.0	0
8128	9780	<color=#ff8d1e>100% rate in S-Rank pool</color>	Assets/Product/Texture/Image/UiDrawLog/UiDrawLog22.png	Assets/Product/Texture/Image/UiDrawLog/UiDrawLog23.png	Rate in S-Rank pool:	100%	0	0.0	0.0	0	0.0	0.0	0	0.0	0
8129	9770	<color=#ff8d1e>100% rate in S-Rank pool</color>	Assets/Product/Texture/Image/UiDrawLog/UiDrawLog22.png	Assets/Product/Texture/Image/UiDrawLog/UiDrawLog23.png	Rate in S-Rank pool:	100%	0	0.0	0.0	0	0.0	0.0	0	0.0	0
8130	9760	<color=#ff8d1e>100% rate in S-Rank pool</color>	Assets/Product/Texture/Image/UiDrawLog/UiDrawLog22.png	Assets/Product/Texture/Image/UiDrawLog/UiDrawLog23.png	Rate in S-Rank pool:	100%	0	0.0	0.0	0	0.0	0.0	0	0.0	0
8131	9750	<color=#ff8d1e>100% rate in S-Rank pool</color>	Assets/Product/Texture/Image/UiDrawLog/UiDrawLog22.png	Assets/Product/Texture/Image/UiDrawLog/UiDrawLog23.png	Rate in S-Rank pool:	100%	0	0.0	0.0	0	0.0	0.0	0	0.0	0
8132	9740	<color=#ff8d1e>100% rate in S-Rank pool</color>	Assets/Product/Texture/Image/UiDrawLog/UiDrawLog22.png	Assets/Product/Texture/Image/UiDrawLog/UiDrawLog23.png	Rate in S-Rank pool:	100%	0	0.0	0.0	0	0.0	0.0	0	0.0	0
8133	9730	<color=#ff8d1e>100% rate in S-Rank pool</color>	Assets/Product/Texture/Image/UiDrawLog/UiDrawLog22.png	Assets/Product/Texture/Image/UiDrawLog/UiDrawLog23.png	Rate in S-Rank pool:	100%	0	0.0	0.0	0	0.0	0.0	0	0.0	0
8134	9720	<color=#ff8d1e>100% rate in S-Rank pool</color>	Assets/Product/Texture/Image/UiDrawLog/UiDrawLog22.png	Assets/Product/Texture/Image/UiDrawLog/UiDrawLog23.png	Rate in S-Rank pool:	100%	0	0.0	0.0	0	0.0	0.0	0	0.0	0
8135	9710	<color=#ff8d1e>100% rate in S-Rank pool</color>	Assets/Product/Texture/Image/UiDrawLog/UiDrawLog22.png	Assets/Product/Texture/Image/UiDrawLog/UiDrawLog23.png	Rate in S-Rank pool:	100%	0	0.0	0.0	0	0.0	0.0	0	0.0	0
8136	9700	<color=#ff8d1e>100% rate in S-Rank pool</color>	Assets/Product/Texture/Image/UiDrawLog/UiDrawLog22.png	Assets/Product/Texture/Image/UiDrawLog/UiDrawLog23.png	Rate in S-Rank pool:	100%	0	0.0	0.0	0	0.0	0.0	0	0.0	0
8137	9690	<color=#ff8d1e>100% rate in S-Rank pool</color>	Assets/Product/Texture/Image/UiDrawLog/UiDrawLog22.png	Assets/Product/Texture/Image/UiDrawLog/UiDrawLog23.png	Rate in S-Rank pool:	100%	0	0.0	0.0	0	0.0	0.0	0	0.0	0
8138	9680	<color=#ff8d1e>100% rate in S-Rank pool</color>	Assets/Product/Texture/Image/UiDrawLog/UiDrawLog22.png	Assets/Product/Texture/Image/UiDrawLog/UiDrawLog23.png	Rate in S-Rank pool:	100%	0	0.0	0.0	0	0.0	0.0	0	0.0	0
8139	9670	<color=#ff8d1e>100% rate in S-Rank pool</color>	Assets/Product/Texture/Image/UiDrawLog/UiDrawLog22.png	Assets/Product/Texture/Image/UiDrawLog/UiDrawLog23.png	Rate in S-Rank pool:	100%	0	0.0	0.0	0	0.0	0.0	0	0.0	0
8140	9660	<color=#ff8d1e>100% rate in S-Rank pool</color>	Assets/Product/Texture/Image/UiDrawLog/UiDrawLog22.png	Assets/Product/Texture/Image/UiDrawLog/UiDrawLog23.png	Rate in S-Rank pool:	100%	0	0.0	0.0	0	0.0	0.0	0	0.0	0
8141	9650	<color=#ff8d1e>100% rate in S-Rank pool</color>	Assets/Product/Texture/Image/UiDrawLog/UiDrawLog22.png	Assets/Product/Texture/Image/UiDrawLog/UiDrawLog23.png	Rate in S-Rank pool:	100%	0	0.0	0.0	0	0.0	0.0	0	0.0	0
8142	9640	<color=#ff8d1e>100% rate in S-Rank pool</color>	Assets/Product/Texture/Image/UiDrawLog/UiDrawLog22.png	Assets/Product/Texture/Image/UiDrawLog/UiDrawLog23.png	Rate in S-Rank pool:	100%	0	0.0	0.0	0	0.0	0.0	0	0.0	0
8143	9630	<color=#ff8d1e>100% rate in S-Rank pool</color>	Assets/Product/Texture/Image/UiDrawLog/UiDrawLog22.png	Assets/Product/Texture/Image/UiDrawLog/UiDrawLog23.png	Rate in S-Rank pool:	100%	0	0.0	0.0	0	0.0	0.0	0	0.0	0
8501	9890	<color=#ff8d1e>100% rate in S-Rank pool</color>	Assets/Product/Texture/Image/UiDrawLog/UiDrawLog22.png	Assets/Product/Texture/Image/UiDrawLog/UiDrawLog23.png	Rate in S-Rank pool:	100%	0	0.0	0.0	0	0.0	0.0	0	0.0	0
8502	9880	<color=#ff8d1e>100% rate in S-Rank pool</color>	Assets/Product/Texture/Image/UiDrawLog/UiDrawLog22.png	Assets/Product/Texture/Image/UiDrawLog/UiDrawLog23.png	Rate in S-Rank pool:	100%	0	0.0	0.0	0	0.0	0.0	0	0.0	0
8503	9870	<color=#ff8d1e>100% rate in S-Rank pool</color>	Assets/Product/Texture/Image/UiDrawLog/UiDrawLog22.png	Assets/Product/Texture/Image/UiDrawLog/UiDrawLog23.png	Rate in S-Rank pool:	100%	0	0.0	0.0	0	0.0	0.0	0	0.0	0
8504	9860	<color=#ff8d1e>100% rate in S-Rank pool</color>	Assets/Product/Texture/Image/UiDrawLog/UiDrawLog22.png	Assets/Product/Texture/Image/UiDrawLog/UiDrawLog23.png	Rate in S-Rank pool:	100%	0	0.0	0.0	0	0.0	0.0	0	0.0	0
8505	9850	<color=#ff8d1e>100% rate in S-Rank pool</color>	Assets/Product/Texture/Image/UiDrawLog/UiDrawLog22.png	Assets/Product/Texture/Image/UiDrawLog/UiDrawLog23.png	Rate in S-Rank pool:	100%	0	0.0	0.0	0	0.0	0.0	0	0.0	0
8506	9840	<color=#ff8d1e>100% rate in S-Rank pool</color>	Assets/Product/Texture/Image/UiDrawLog/UiDrawLog22.png	Assets/Product/Texture/Image/UiDrawLog/UiDrawLog23.png	Rate in S-Rank pool:	100%	0	0.0	0.0	0	0.0	0.0	0	0.0	0
8507	9830	<color=#ff8d1e>100% rate in S-Rank pool</color>	Assets/Product/Texture/Image/UiDrawLog/UiDrawLog22.png	Assets/Product/Texture/Image/UiDrawLog/UiDrawLog23.png	Rate in S-Rank pool:	100%	0	0.0	0.0	0	0.0	0.0	0	0.0	0
8508	9820	<color=#ff8d1e>100% rate in S-Rank pool</color>	Assets/Product/Texture/Image/UiDrawLog/UiDrawLog22.png	Assets/Product/Texture/Image/UiDrawLog/UiDrawLog23.png	Rate in S-Rank pool:	100%	0	0.0	0.0	0	0.0	0.0	0	0.0	0
8509	9810	<color=#ff8d1e>100% rate in S-Rank pool</color>	Assets/Product/Texture/Image/UiDrawLog/UiDrawLog22.png	Assets/Product/Texture/Image/UiDrawLog/UiDrawLog23.png	Rate in S-Rank pool:	100%	0	0.0	0.0	0	0.0	0.0	0	0.0	0
8510	9800	<color=#ff8d1e>100% rate in S-Rank pool</color>	Assets/Product/Texture/Image/UiDrawLog/UiDrawLog22.png	Assets/Product/Texture/Image/UiDrawLog/UiDrawLog23.png	Rate in S-Rank pool:	100%	0	0.0	0.0	0	0.0	0.0	0	0.0	0
8511	9790	<color=#ff8d1e>100% rate in S-Rank pool</color>	Assets/Product/Texture/Image/UiDrawLog/UiDrawLog22.png	Assets/Product/Texture/Image/UiDrawLog/UiDrawLog23.png	Rate in S-Rank pool:	100%	0	0.0	0.0	0	0.0	0.0	0	0.0	0
8512	10000	<color=#ff8d1e>100% rate in S-Rank pool</color>	Assets/Product/Texture/Image/UiDrawLog/UiDrawLog22.png	Assets/Product/Texture/Image/UiDrawLog/UiDrawLog23.png	Rate in S-Rank pool:	100%	0	0.0	0.0	0	0.0	0.0	0	0.0	0
8513	9990	<color=#ff8d1e>100% rate in S-Rank pool</color>	Assets/Product/Texture/Image/UiDrawLog/UiDrawLog22.png	Assets/Product/Texture/Image/UiDrawLog/UiDrawLog23.png	Rate in S-Rank pool:	100%	0	0.0	0.0	0	0.0	0.0	0	0.0	0
8514	9980	<color=#ff8d1e>100% rate in S-Rank pool</color>	Assets/Product/Texture/Image/UiDrawLog/UiDrawLog22.png	Assets/Product/Texture/Image/UiDrawLog/UiDrawLog23.png	Rate in S-Rank pool:	100%	0	0.0	0.0	0	0.0	0.0	0	0.0	0
8515	9970	<color=#ff8d1e>100% rate in S-Rank pool</color>	Assets/Product/Texture/Image/UiDrawLog/UiDrawLog22.png	Assets/Product/Texture/Image/UiDrawLog/UiDrawLog23.png	Rate in S-Rank pool:	100%	0	0.0	0.0	0	0.0	0.0	0	0.0	0
8516	9960	<color=#ff8d1e>100% rate in S-Rank pool</color>	Assets/Product/Texture/Image/UiDrawLog/UiDrawLog22.png	Assets/Product/Texture/Image/UiDrawLog/UiDrawLog23.png	Rate in S-Rank pool:	100%	0	0.0	0.0	0	0.0	0.0	0	0.0	0
8517	9950	<color=#ff8d1e>100% rate in S-Rank pool</color>	Assets/Product/Texture/Image/UiDrawLog/UiDrawLog22.png	Assets/Product/Texture/Image/UiDrawLog/UiDrawLog23.png	Rate in S-Rank pool:	100%	0	0.0	0.0	0	0.0	0.0	0	0.0	0
8518	9940	<color=#ff8d1e>100% rate in S-Rank pool</color>	Assets/Product/Texture/Image/UiDrawLog/UiDrawLog22.png	Assets/Product/Texture/Image/UiDrawLog/UiDrawLog23.png	Rate in S-Rank pool:	100%	0	0.0	0.0	0	0.0	0.0	0	0.0	0
8519	9930	<color=#ff8d1e>100% rate in S-Rank pool</color>	Assets/Product/Texture/Image/UiDrawLog/UiDrawLog22.png	Assets/Product/Texture/Image/UiDrawLog/UiDrawLog23.png	Rate in S-Rank pool:	100%	0	0.0	0.0	0	0.0	0.0	0	0.0	0
8520	9920	<color=#ff8d1e>100% rate in S-Rank pool</color>	Assets/Product/Texture/Image/UiDrawLog/UiDrawLog22.png	Assets/Product/Texture/Image/UiDrawLog/UiDrawLog23.png	Rate in S-Rank pool:	100%	0	0.0	0.0	0	0.0	0.0	0	0.0	0
8521	9910	<color=#ff8d1e>100% rate in S-Rank pool</color>	Assets/Product/Texture/Image/UiDrawLog/UiDrawLog22.png	Assets/Product/Texture/Image/UiDrawLog/UiDrawLog23.png	Rate in S-Rank pool:	100%	0	0.0	0.0	0	0.0	0.0	0	0.0	0
8522	9900	<color=#ff8d1e>100% rate in S-Rank pool</color>	Assets/Product/Texture/Image/UiDrawLog/UiDrawLog22.png	Assets/Product/Texture/Image/UiDrawLog/UiDrawLog23.png	Rate in S-Rank pool:	100%	0	0.0	0.0	0	0.0	0.0	0	0.0	0
8523	9890	<color=#ff8d1e>100% rate in S-Rank pool</color>	Assets/Product/Texture/Image/UiDrawLog/UiDrawLog22.png	Assets/Product/Texture/Image/UiDrawLog/UiDrawLog23.png	Rate in S-Rank pool:	100%	0	0.0	0.0	0	0.0	0.0	0	0.0	0
8524	9880	<color=#ff8d1e>100% rate in S-Rank pool</color>	Assets/Product/Texture/Image/UiDrawLog/UiDrawLog22.png	Assets/Product/Texture/Image/UiDrawLog/UiDrawLog23.png	Rate in S-Rank pool:	100%	0	0.0	0.0	0	0.0	0.0	0	0.0	0
8525	9870	<color=#ff8d1e>100% rate in S-Rank pool</color>	Assets/Product/Texture/Image/UiDrawLog/UiDrawLog22.png	Assets/Product/Texture/Image/UiDrawLog/UiDrawLog23.png	Rate in S-Rank pool:	100%	0	0.0	0.0	0	0.0	0.0	0	0.0	0
8526	9860	<color=#ff8d1e>100% rate in S-Rank pool</color>	Assets/Product/Texture/Image/UiDrawLog/UiDrawLog22.png	Assets/Product/Texture/Image/UiDrawLog/UiDrawLog23.png	Rate in S-Rank pool:	100%	0	0.0	0.0	0	0.0	0.0	0	0.0	0
8527	10000	<color=#ff8d1e>100% rate in S-Rank pool</color>	Assets/Product/Texture/Image/UiDrawLog/UiDrawLog22.png	Assets/Product/Texture/Image/UiDrawLog/UiDrawLog23.png	Rate in S-Rank pool:	100%	0	0.0	0.0	0	0.0	0.0	0	0.0	0
8528	9990	<color=#ff8d1e>100% rate in S-Rank pool</color>	Assets/Product/Texture/Image/UiDrawLog/UiDrawLog22.png	Assets/Product/Texture/Image/UiDrawLog/UiDrawLog23.png	Rate in S-Rank pool:	100%	0	0.0	0.0	0	0.0	0.0	0	0.0	0
8529	9980	<color=#ff8d1e>100% rate in S-Rank pool</color>	Assets/Product/Texture/Image/UiDrawLog/UiDrawLog22.png	Assets/Product/Texture/Image/UiDrawLog/UiDrawLog23.png	Rate in S-Rank pool:	100%	0	0.0	0.0	0	0.0	0.0	0	0.0	0
8530	9970	<color=#ff8d1e>100% rate in S-Rank pool</color>	Assets/Product/Texture/Image/UiDrawLog/UiDrawLog22.png	Assets/Product/Texture/Image/UiDrawLog/UiDrawLog23.png	Rate in S-Rank pool:	100%	0	0.0	0.0	0	0.0	0.0	0	0.0	0
8531	9960	<color=#ff8d1e>100% rate in S-Rank pool</color>	Assets/Product/Texture/Image/UiDrawLog/UiDrawLog22.png	Assets/Product/Texture/Image/UiDrawLog/UiDrawLog23.png	Rate in S-Rank pool:	100%	0	0.0	0.0	0	0.0	0.0	0	0.0	0
8532	9950	<color=#ff8d1e>100% rate in S-Rank pool</color>	Assets/Product/Texture/Image/UiDrawLog/UiDrawLog22.png	Assets/Product/Texture/Image/UiDrawLog/UiDrawLog23.png	Rate in S-Rank pool:	100%	0	0.0	0.0	0	0.0	0.0	0	0.0	0
8533	9940	<color=#ff8d1e>100% rate in S-Rank pool</color>	Assets/Product/Texture/Image/UiDrawLog/UiDrawLog22.png	Assets/Product/Texture/Image/UiDrawLog/UiDrawLog23.png	Rate in S-Rank pool:	100%	0	0.0	0.0	0	0.0	0.0	0	0.0	0
8534	9930	<color=#ff8d1e>100% rate in S-Rank pool</color>	Assets/Product/Texture/Image/UiDrawLog/UiDrawLog22.png	Assets/Product/Texture/Image/UiDrawLog/UiDrawLog23.png	Rate in S-Rank pool:	100%	0	0.0	0.0	0	0.0	0.0	0	0.0	0
8535	9920	<color=#ff8d1e>100% rate in S-Rank pool</color>	Assets/Product/Texture/Image/UiDrawLog/UiDrawLog22.png	Assets/Product/Texture/Image/UiDrawLog/UiDrawLog23.png	Rate in S-Rank pool:	100%	0	0.0	0.0	0	0.0	0.0	0	0.0	0
8536	9910	<color=#ff8d1e>100% rate in S-Rank pool</color>	Assets/Product/Texture/Image/UiDrawLog/UiDrawLog22.png	Assets/Product/Texture/Image/UiDrawLog/UiDrawLog23.png	Rate in S-Rank pool:	100%	0	0.0	0.0	0	0.0	0.0	0	0.0	0
8537	9900	<color=#ff8d1e>100% rate in S-Rank pool</color>	Assets/Product/Texture/Image/UiDrawLog/UiDrawLog22.png	Assets/Product/Texture/Image/UiDrawLog/UiDrawLog23.png	Rate in S-Rank pool:	100%	0	0.0	0.0	0	0.0	0.0	0	0.0	0
8538	9890	<color=#ff8d1e>100% rate in S-Rank pool</color>	Assets/Product/Texture/Image/UiDrawLog/UiDrawLog22.png	Assets/Product/Texture/Image/UiDrawLog/UiDrawLog23.png	Rate in S-Rank pool:	100%	0	0.0	0.0	0	0.0	0.0	0	0.0	0
8539	9880	<color=#ff8d1e>100% rate in S-Rank pool</color>	Assets/Product/Texture/Image/UiDrawLog/UiDrawLog22.png	Assets/Product/Texture/Image/UiDrawLog/UiDrawLog23.png	Rate in S-Rank pool:	100%	0	0.0	0.0	0	0.0	0.0	0	0.0	0
8540	9870	<color=#ff8d1e>100% rate in S-Rank pool</color>	Assets/Product/Texture/Image/UiDrawLog/UiDrawLog22.png	Assets/Product/Texture/Image/UiDrawLog/UiDrawLog23.png	Rate in S-Rank pool:	100%	0	0.0	0.0	0	0.0	0.0	0	0.0	0
8541	9860	<color=#ff8d1e>100% rate in S-Rank pool</color>	Assets/Product/Texture/Image/UiDrawLog/UiDrawLog22.png	Assets/Product/Texture/Image/UiDrawLog/UiDrawLog23.png	Rate in S-Rank pool:	100%	0	0.0	0.0	0	0.0	0.0	0	0.0	0
8542	9850	<color=#ff8d1e>100% rate in S-Rank pool</color>	Assets/Product/Texture/Image/UiDrawLog/UiDrawLog22.png	Assets/Product/Texture/Image/UiDrawLog/UiDrawLog23.png	Rate in S-Rank pool:	100%	0	0.0	0.0	0	0.0	0.0	0	0.0	0
8543	9840	<color=#ff8d1e>100% rate in S-Rank pool</color>	Assets/Product/Texture/Image/UiDrawLog/UiDrawLog22.png	Assets/Product/Texture/Image/UiDrawLog/UiDrawLog23.png	Rate in S-Rank pool:	100%	0	0.0	0.0	0	0.0	0.0	0	0.0	0
8544	9830	<color=#ff8d1e>100% rate in S-Rank pool</color>	Assets/Product/Texture/Image/UiDrawLog/UiDrawLog22.png	Assets/Product/Texture/Image/UiDrawLog/UiDrawLog23.png	Rate in S-Rank pool:	100%	0	0.0	0.0	0	0.0	0.0	0	0.0	0
8545	9820	<color=#ff8d1e>100% rate in S-Rank pool</color>	Assets/Product/Texture/Image/UiDrawLog/UiDrawLog22.png	Assets/Product/Texture/Image/UiDrawLog/UiDrawLog23.png	Rate in S-Rank pool:	100%	0	0.0	0.0	0	0.0	0.0	0	0.0	0
8546	9810	<color=#ff8d1e>100% rate in S-Rank pool</color>	Assets/Product/Texture/Image/UiDrawLog/UiDrawLog22.png	Assets/Product/Texture/Image/UiDrawLog/UiDrawLog23.png	Rate in S-Rank pool:	100%	0	0.0	0.0	0	0.0	0.0	0	0.0	0
8547	10000	<color=#ff8d1e>100% rate in S-Rank pool</color>	Assets/Product/Texture/Image/UiDrawLog/UiDrawLog22.png	Assets/Product/Texture/Image/UiDrawLog/UiDrawLog23.png	Rate in S-Rank pool:	100%	0	0.0	0.0	0	0.0	0.0	0	0.0	0
8548	9990	<color=#ff8d1e>100% rate in S-Rank pool</color>	Assets/Product/Texture/Image/UiDrawLog/UiDrawLog22.png	Assets/Product/Texture/Image/UiDrawLog/UiDrawLog23.png	Rate in S-Rank pool:	100%	0	0.0	0.0	0	0.0	0.0	0	0.0	0
8549	9980	<color=#ff8d1e>100% rate in S-Rank pool</color>	Assets/Product/Texture/Image/UiDrawLog/UiDrawLog22.png	Assets/Product/Texture/Image/UiDrawLog/UiDrawLog23.png	Rate in S-Rank pool:	100%	0	0.0	0.0	0	0.0	0.0	0	0.0	0
8550	9970	<color=#ff8d1e>100% rate in S-Rank pool</color>	Assets/Product/Texture/Image/UiDrawLog/UiDrawLog22.png	Assets/Product/Texture/Image/UiDrawLog/UiDrawLog23.png	Rate in S-Rank pool:	100%	0	0.0	0.0	0	0.0	0.0	0	0.0	0
8551	9960	<color=#ff8d1e>100% rate in S-Rank pool</color>	Assets/Product/Texture/Image/UiDrawLog/UiDrawLog22.png	Assets/Product/Texture/Image/UiDrawLog/UiDrawLog23.png	Rate in S-Rank pool:	100%	0	0.0	0.0	0	0.0	0.0	0	0.0	0
8552	9950	<color=#ff8d1e>100% rate in S-Rank pool</color>	Assets/Product/Texture/Image/UiDrawLog/UiDrawLog22.png	Assets/Product/Texture/Image/UiDrawLog/UiDrawLog23.png	Rate in S-Rank pool:	100%	0	0.0	0.0	0	0.0	0.0	0	0.0	0
8553	9940	<color=#ff8d1e>100% rate in S-Rank pool</color>	Assets/Product/Texture/Image/UiDrawLog/UiDrawLog22.png	Assets/Product/Texture/Image/UiDrawLog/UiDrawLog23.png	Rate in S-Rank pool:	100%	0	0.0	0.0	0	0.0	0.0	0	0.0	0
8554	9930	<color=#ff8d1e>100% rate in S-Rank pool</color>	Assets/Product/Texture/Image/UiDrawLog/UiDrawLog22.png	Assets/Product/Texture/Image/UiDrawLog/UiDrawLog23.png	Rate in S-Rank pool:	100%	0	0.0	0.0	0	0.0	0.0	0	0.0	0
8555	9920	<color=#ff8d1e>100% rate in S-Rank pool</color>	Assets/Product/Texture/Image/UiDrawLog/UiDrawLog22.png	Assets/Product/Texture/Image/UiDrawLog/UiDrawLog23.png	Rate in S-Rank pool:	100%	0	0.0	0.0	0	0.0	0.0	0	0.0	0
8556	9910	<color=#ff8d1e>100% rate in S-Rank pool</color>	Assets/Product/Texture/Image/UiDrawLog/UiDrawLog22.png	Assets/Product/Texture/Image/UiDrawLog/UiDrawLog23.png	Rate in S-Rank pool:	100%	0	0.0	0.0	0	0.0	0.0	0	0.0	0
8557	9900	<color=#ff8d1e>100% rate in S-Rank pool</color>	Assets/Product/Texture/Image/UiDrawLog/UiDrawLog22.png	Assets/Product/Texture/Image/UiDrawLog/UiDrawLog23.png	Rate in S-Rank pool:	100%	0	0.0	0.0	0	0.0	0.0	0	0.0	0
8558	9890	<color=#ff8d1e>100% rate in S-Rank pool</color>	Assets/Product/Texture/Image/UiDrawLog/UiDrawLog22.png	Assets/Product/Texture/Image/UiDrawLog/UiDrawLog23.png	Rate in S-Rank pool:	100%	0	0.0	0.0	0	0.0	0.0	0	0.0	0
8559	9880	<color=#ff8d1e>100% rate in S-Rank pool</color>	Assets/Product/Texture/Image/UiDrawLog/UiDrawLog22.png	Assets/Product/Texture/Image/UiDrawLog/UiDrawLog23.png	Rate in S-Rank pool:	100%	0	0.0	0.0	0	0.0	0.0	0	0.0	0
8560	9870	<color=#ff8d1e>100% rate in S-Rank pool</color>	Assets/Product/Texture/Image/UiDrawLog/UiDrawLog22.png	Assets/Product/Texture/Image/UiDrawLog/UiDrawLog23.png	Rate in S-Rank pool:	100%	0	0.0	0.0	0	0.0	0.0	0	0.0	0
8561	9860	<color=#ff8d1e>100% rate in S-Rank pool</color>	Assets/Product/Texture/Image/UiDrawLog/UiDrawLog22.png	Assets/Product/Texture/Image/UiDrawLog/UiDrawLog23.png	Rate in S-Rank pool:	100%	0	0.0	0.0	0	0.0	0.0	0	0.0	0
8562	9850	<color=#ff8d1e>100% rate in S-Rank pool</color>	Assets/Product/Texture/Image/UiDrawLog/UiDrawLog22.png	Assets/Product/Texture/Image/UiDrawLog/UiDrawLog23.png	Rate in S-Rank pool:	100%	0	0.0	0.0	0	0.0	0.0	0	0.0	0
8563	9840	<color=#ff8d1e>100% rate in S-Rank pool</color>	Assets/Product/Texture/Image/UiDrawLog/UiDrawLog22.png	Assets/Product/Texture/Image/UiDrawLog/UiDrawLog23.png	Rate in S-Rank pool:	100%	0	0.0	0.0	0	0.0	0.0	0	0.0	0
8564	9830	<color=#ff8d1e>100% rate in S-Rank pool</color>	Assets/Product/Texture/Image/UiDrawLog/UiDrawLog22.png	Assets/Product/Texture/Image/UiDrawLog/UiDrawLog23.png	Rate in S-Rank pool:	100%	0	0.0	0.0	0	0.0	0.0	0	0.0	0
8565	9820	<color=#ff8d1e>100% rate in S-Rank pool</color>	Assets/Product/Texture/Image/UiDrawLog/UiDrawLog22.png	Assets/Product/Texture/Image/UiDrawLog/UiDrawLog23.png	Rate in S-Rank pool:	100%	0	0.0	0.0	0	0.0	0.0	0	0.0	0
8566	9810	<color=#ff8d1e>100% rate in S-Rank pool</color>	Assets/Product/Texture/Image/UiDrawLog/UiDrawLog22.png	Assets/Product/Texture/Image/UiDrawLog/UiDrawLog23.png	Rate in S-Rank pool:	100%	0	0.0	0.0	0	0.0	0.0	0	0.0	0
8567	9800	<color=#ff8d1e>100% rate in S-Rank pool</color>	Assets/Product/Texture/Image/UiDrawLog/UiDrawLog22.png	Assets/Product/Texture/Image/UiDrawLog/UiDrawLog23.png	Rate in S-Rank pool:	100%	0	0.0	0.0	0	0.0	0.0	0	0.0	0
8568	9790	<color=#ff8d1e>100% rate in S-Rank pool</color>	Assets/Product/Texture/Image/UiDrawLog/UiDrawLog22.png	Assets/Product/Texture/Image/UiDrawLog/UiDrawLog23.png	Rate in S-Rank pool:	100%	0	0.0	0.0	0	0.0	0.0	0	0.0	0
8569	9780	<color=#ff8d1e>100% rate in S-Rank pool</color>	Assets/Product/Texture/Image/UiDrawLog/UiDrawLog22.png	Assets/Product/Texture/Image/UiDrawLog/UiDrawLog23.png	Rate in S-Rank pool:	100%	0	0.0	0.0	0	0.0	0.0	0	0.0	0
8570	9770	<color=#ff8d1e>100% rate in S-Rank pool</color>	Assets/Product/Texture/Image/UiDrawLog/UiDrawLog22.png	Assets/Product/Texture/Image/UiDrawLog/UiDrawLog23.png	Rate in S-Rank pool:	100%	0	0.0	0.0	0	0.0	0.0	0	0.0	0
8571	9760	<color=#ff8d1e>100% rate in S-Rank pool</color>	Assets/Product/Texture/Image/UiDrawLog/UiDrawLog22.png	Assets/Product/Texture/Image/UiDrawLog/UiDrawLog23.png	Rate in S-Rank pool:	100%	0	0.0	0.0	0	0.0	0.0	0	0.0	0
8572	9750	<color=#ff8d1e>100% rate in S-Rank pool</color>	Assets/Product/Texture/Image/UiDrawLog/UiDrawLog22.png	Assets/Product/Texture/Image/UiDrawLog/UiDrawLog23.png	Rate in S-Rank pool:	100%	0	0.0	0.0	0	0.0	0.0	0	0.0	0
8573	10000	<color=#ff8d1e>100% rate in S-Rank pool</color>	Assets/Product/Texture/Image/UiDrawLog/UiDrawLog22.png	Assets/Product/Texture/Image/UiDrawLog/UiDrawLog23.png	Rate in S-Rank pool:	100%	0	0.0	0.0	0	0.0	0.0	0	0.0	0
8574	9990	<color=#ff8d1e>100% rate in S-Rank pool</color>	Assets/Product/Texture/Image/UiDrawLog/UiDrawLog22.png	Assets/Product/Texture/Image/UiDrawLog/UiDrawLog23.png	Rate in S-Rank pool:	100%	0	0.0	0.0	0	0.0	0.0	0	0.0	0
8575	9980	<color=#ff8d1e>100% rate in S-Rank pool</color>	Assets/Product/Texture/Image/UiDrawLog/UiDrawLog22.png	Assets/Product/Texture/Image/UiDrawLog/UiDrawLog23.png	Rate in S-Rank pool:	100%	0	0.0	0.0	0	0.0	0.0	0	0.0	0
8576	9970	<color=#ff8d1e>100% rate in S-Rank pool</color>	Assets/Product/Texture/Image/UiDrawLog/UiDrawLog22.png	Assets/Product/Texture/Image/UiDrawLog/UiDrawLog23.png	Rate in S-Rank pool:	100%	0	0.0	0.0	0	0.0	0.0	0	0.0	0
8577	9960	<color=#ff8d1e>100% rate in S-Rank pool</color>	Assets/Product/Texture/Image/UiDrawLog/UiDrawLog22.png	Assets/Product/Texture/Image/UiDrawLog/UiDrawLog23.png	Rate in S-Rank pool:	100%	0	0.0	0.0	0	0.0	0.0	0	0.0	0
8578	9950	<color=#ff8d1e>100% rate in S-Rank pool</color>	Assets/Product/Texture/Image/UiDrawLog/UiDrawLog22.png	Assets/Product/Texture/Image/UiDrawLog/UiDrawLog23.png	Rate in S-Rank pool:	100%	0	0.0	0.0	0	0.0	0.0	0	0.0	0
8579	9940	<color=#ff8d1e>100% rate in S-Rank pool</color>	Assets/Product/Texture/Image/UiDrawLog/UiDrawLog22.png	Assets/Product/Texture/Image/UiDrawLog/UiDrawLog23.png	Rate in S-Rank pool:	100%	0	0.0	0.0	0	0.0	0.0	0	0.0	0
8580	9930	<color=#ff8d1e>100% rate in S-Rank pool</color>	Assets/Product/Texture/Image/UiDrawLog/UiDrawLog22.png	Assets/Product/Texture/Image/UiDrawLog/UiDrawLog23.png	Rate in S-Rank pool:	100%	0	0.0	0.0	0	0.0	0.0	0	0.0	0
8581	9920	<color=#ff8d1e>100% rate in S-Rank pool</color>	Assets/Product/Texture/Image/UiDrawLog/UiDrawLog22.png	Assets/Product/Texture/Image/UiDrawLog/UiDrawLog23.png	Rate in S-Rank pool:	100%	0	0.0	0.0	0	0.0	0.0	0	0.0	0
8582	9910	<color=#ff8d1e>100% rate in S-Rank pool</color>	Assets/Product/Texture/Image/UiDrawLog/UiDrawLog22.png	Assets/Product/Texture/Image/UiDrawLog/UiDrawLog23.png	Rate in S-Rank pool:	100%	0	0.0	0.0	0	0.0	0.0	0	0.0	0
8583	9900	<color=#ff8d1e>100% rate in S-Rank pool</color>	Assets/Product/Texture/Image/UiDrawLog/UiDrawLog22.png	Assets/Product/Texture/Image/UiDrawLog/UiDrawLog23.png	Rate in S-Rank pool:	100%	0	0.0	0.0	0	0.0	0.0	0	0.0	0
8584	9890	<color=#ff8d1e>100% rate in S-Rank pool</color>	Assets/Product/Texture/Image/UiDrawLog/UiDrawLog22.png	Assets/Product/Texture/Image/UiDrawLog/UiDrawLog23.png	Rate in S-Rank pool:	100%	0	0.0	0.0	0	0.0	0.0	0	0.0	0
8585	9880	<color=#ff8d1e>100% rate in S-Rank pool</color>	Assets/Product/Texture/Image/UiDrawLog/UiDrawLog22.png	Assets/Product/Texture/Image/UiDrawLog/UiDrawLog23.png	Rate in S-Rank pool:	100%	0	0.0	0.0	0	0.0	0.0	0	0.0	0
8586	9870	<color=#ff8d1e>100% rate in S-Rank pool</color>	Assets/Product/Texture/Image/UiDrawLog/UiDrawLog22.png	Assets/Product/Texture/Image/UiDrawLog/UiDrawLog23.png	Rate in S-Rank pool:	100%	0	0.0	0.0	0	0.0	0.0	0	0.0	0
8587	9860	<color=#ff8d1e>100% rate in S-Rank pool</color>	Assets/Product/Texture/Image/UiDrawLog/UiDrawLog22.png	Assets/Product/Texture/Image/UiDrawLog/UiDrawLog23.png	Rate in S-Rank pool:	100%	0	0.0	0.0	0	0.0	0.0	0	0.0	0
8588	9850	<color=#ff8d1e>100% rate in S-Rank pool</color>	Assets/Product/Texture/Image/UiDrawLog/UiDrawLog22.png	Assets/Product/Texture/Image/UiDrawLog/UiDrawLog23.png	Rate in S-Rank pool:	100%	0	0.0	0.0	0	0.0	0.0	0	0.0	0
8589	9840	<color=#ff8d1e>100% rate in S-Rank pool</color>	Assets/Product/Texture/Image/UiDrawLog/UiDrawLog22.png	Assets/Product/Texture/Image/UiDrawLog/UiDrawLog23.png	Rate in S-Rank pool:	100%	0	0.0	0.0	0	0.0	0.0	0	0.0	0
8590	9830	<color=#ff8d1e>100% rate in S-Rank pool</color>	Assets/Product/Texture/Image/UiDrawLog/UiDrawLog22.png	Assets/Product/Texture/Image/UiDrawLog/UiDrawLog23.png	Rate in S-Rank pool:	100%	0	0.0	0.0	0	0.0	0.0	0	0.0	0
8591	9820	<color=#ff8d1e>100% rate in S-Rank pool</color>	Assets/Product/Texture/Image/UiDrawLog/UiDrawLog22.png	Assets/Product/Texture/Image/UiDrawLog/UiDrawLog23.png	Rate in S-Rank pool:	100%	0	0.0	0.0	0	0.0	0.0	0	0.0	0
8592	9810	<color=#ff8d1e>100% rate in S-Rank pool</color>	Assets/Product/Texture/Image/UiDrawLog/UiDrawLog22.png	Assets/Product/Texture/Image/UiDrawLog/UiDrawLog23.png	Rate in S-Rank pool:	100%	0	0.0	0.0	0	0.0	0.0	0	0.0	0
8593	9800	<color=#ff8d1e>100% rate in S-Rank pool</color>	Assets/Product/Texture/Image/UiDrawLog/UiDrawLog22.png	Assets/Product/Texture/Image/UiDrawLog/UiDrawLog23.png	Rate in S-Rank pool:	100%	0	0.0	0.0	0	0.0	0.0	0	0.0	0
8594	9790	<color=#ff8d1e>100% rate in S-Rank pool</color>	Assets/Product/Texture/Image/UiDrawLog/UiDrawLog22.png	Assets/Product/Texture/Image/UiDrawLog/UiDrawLog23.png	Rate in S-Rank pool:	100%	0	0.0	0.0	0	0.0	0.0	0	0.0	0
8595	9780	<color=#ff8d1e>100% rate in S-Rank pool</color>	Assets/Product/Texture/Image/UiDrawLog/UiDrawLog22.png	Assets/Product/Texture/Image/UiDrawLog/UiDrawLog23.png	Rate in S-Rank pool:	100%	0	0.0	0.0	0	0.0	0.0	0	0.0	0
8596	9770	<color=#ff8d1e>100% rate in S-Rank pool</color>	Assets/Product/Texture/Image/UiDrawLog/UiDrawLog22.png	Assets/Product/Texture/Image/UiDrawLog/UiDrawLog23.png	Rate in S-Rank pool:	100%	0	0.0	0.0	0	0.0	0.0	0	0.0	0
8597	9760	<color=#ff8d1e>100% rate in S-Rank pool</color>	Assets/Product/Texture/Image/UiDrawLog/UiDrawLog22.png	Assets/Product/Texture/Image/UiDrawLog/UiDrawLog23.png	Rate in S-Rank pool:	100%	0	0.0	0.0	0	0.0	0.0	0	0.0	0
8598	9750	<color=#ff8d1e>100% rate in S-Rank pool</color>	Assets/Product/Texture/Image/UiDrawLog/UiDrawLog22.png	Assets/Product/Texture/Image/UiDrawLog/UiDrawLog23.png	Rate in S-Rank pool:	100%	0	0.0	0.0	0	0.0	0.0	0	0.0	0
8599	9740	<color=#ff8d1e>100% rate in S-Rank pool</color>	Assets/Product/Texture/Image/UiDrawLog/UiDrawLog22.png	Assets/Product/Texture/Image/UiDrawLog/UiDrawLog23.png	Rate in S-Rank pool:	100%	0	0.0	0.0	0	0.0	0.0	0	0.0	0
8600	9730	<color=#ff8d1e>100% rate in S-Rank pool</color>	Assets/Product/Texture/Image/UiDrawLog/UiDrawLog22.png	Assets/Product/Texture/Image/UiDrawLog/UiDrawLog23.png	Rate in S-Rank pool:	100%	0	0.0	0.0	0	0.0	0.0	0	0.0	0
8601	9720	<color=#ff8d1e>100% rate in S-Rank pool</color>	Assets/Product/Texture/Image/UiDrawLog/UiDrawLog22.png	Assets/Product/Texture/Image/UiDrawLog/UiDrawLog23.png	Rate in S-Rank pool:	100%	0	0.0	0.0	0	0.0	0.0	0	0.0	0
8602	9710	<color=#ff8d1e>100% rate in S-Rank pool</color>	Assets/Product/Texture/Image/UiDrawLog/UiDrawLog22.png	Assets/Product/Texture/Image/UiDrawLog/UiDrawLog23.png	Rate in S-Rank pool:	100%	0	0.0	0.0	0	0.0	0.0	0	0.0	0
8603	9700	<color=#ff8d1e>100% rate in S-Rank pool</color>	Assets/Product/Texture/Image/UiDrawLog/UiDrawLog22.png	Assets/Product/Texture/Image/UiDrawLog/UiDrawLog23.png	Rate in S-Rank pool:	100%	0	0.0	0.0	0	0.0	0.0	0	0.0	0
8604	9690	<color=#ff8d1e>100% rate in S-Rank pool</color>	Assets/Product/Texture/Image/UiDrawLog/UiDrawLog22.png	Assets/Product/Texture/Image/UiDrawLog/UiDrawLog23.png	Rate in S-Rank pool:	100%	0	0.0	0.0	0	0.0	0.0	0	0.0	0
8605	9680	<color=#ff8d1e>100% rate in S-Rank pool</color>	Assets/Product/Texture/Image/UiDrawLog/UiDrawLog22.png	Assets/Product/Texture/Image/UiDrawLog/UiDrawLog23.png	Rate in S-Rank pool:	100%	0	0.0	0.0	0	0.0	0.0	0	0.0	0
8606	10000	<color=#ff8d1e>100% rate in S-Rank pool</color>	Assets/Product/Texture/Image/UiDrawLog/UiDrawLog22.png	Assets/Product/Texture/Image/UiDrawLog/UiDrawLog23.png	Rate in S-Rank pool:	100%	0	0.0	0.0	0	0.0	0.0	0	0.0	0
8607	9900	<color=#ff8d1e>100% rate in S-Rank pool</color>	Assets/Product/Texture/Image/UiDrawLog/UiDrawLog22.png	Assets/Product/Texture/Image/UiDrawLog/UiDrawLog23.png	Rate in S-Rank pool:	100%	0	0.0	0.0	0	0.0	0.0	0	0.0	0
8608	9800	<color=#ff8d1e>100% rate in S-Rank pool</color>	Assets/Product/Texture/Image/UiDrawLog/UiDrawLog22.png	Assets/Product/Texture/Image/UiDrawLog/UiDrawLog23.png	Rate in S-Rank pool:	100%	0	0.0	0.0	0	0.0	0.0	0	0.0	0
8609	9700	<color=#ff8d1e>100% rate in S-Rank pool</color>	Assets/Product/Texture/Image/UiDrawLog/UiDrawLog22.png	Assets/Product/Texture/Image/UiDrawLog/UiDrawLog23.png	Rate in S-Rank pool:	100%	0	0.0	0.0	0	0.0	0.0	0	0.0	0
8610	9600	<color=#ff8d1e>100% rate in S-Rank pool</color>	Assets/Product/Texture/Image/UiDrawLog/UiDrawLog22.png	Assets/Product/Texture/Image/UiDrawLog/UiDrawLog23.png	Rate in S-Rank pool:	100%	0	0.0	0.0	0	0.0	0.0	0	0.0	0
8611	9500	<color=#ff8d1e>100% rate in S-Rank pool</color>	Assets/Product/Texture/Image/UiDrawLog/UiDrawLog22.png	Assets/Product/Texture/Image/UiDrawLog/UiDrawLog23.png	Rate in S-Rank pool:	100%	0	0.0	0.0	0	0.0	0.0	0	0.0	0
8612	9400	<color=#ff8d1e>100% rate in S-Rank pool</color>	Assets/Product/Texture/Image/UiDrawLog/UiDrawLog22.png	Assets/Product/Texture/Image/UiDrawLog/UiDrawLog23.png	Rate in S-Rank pool:	100%	0	0.0	0.0	0	0.0	0.0	0	0.0	0
8613	9300	<color=#ff8d1e>100% rate in S-Rank pool</color>	Assets/Product/Texture/Image/UiDrawLog/UiDrawLog22.png	Assets/Product/Texture/Image/UiDrawLog/UiDrawLog23.png	Rate in S-Rank pool:	100%	0	0.0	0.0	0	0.0	0.0	0	0.0	0
8614	9200	<color=#ff8d1e>100% rate in S-Rank pool</color>	Assets/Product/Texture/Image/UiDrawLog/UiDrawLog22.png	Assets/Product/Texture/Image/UiDrawLog/UiDrawLog23.png	Rate in S-Rank pool:	100%	0	0.0	0.0	0	0.0	0.0	0	0.0	0
8615	9100	<color=#ff8d1e>100% rate in S-Rank pool</color>	Assets/Product/Texture/Image/UiDrawLog/UiDrawLog22.png	Assets/Product/Texture/Image/UiDrawLog/UiDrawLog23.png	Rate in S-Rank pool:	100%	0	0.0	0.0	0	0.0	0.0	0	0.0	0
8616	9000	<color=#ff8d1e>100% rate in S-Rank pool</color>	Assets/Product/Texture/Image/UiDrawLog/UiDrawLog22.png	Assets/Product/Texture/Image/UiDrawLog/UiDrawLog23.png	Rate in S-Rank pool:	100%	0	0.0	0.0	0	0.0	0.0	0	0.0	0
8617	8900	<color=#ff8d1e>100% rate in S-Rank pool</color>	Assets/Product/Texture/Image/UiDrawLog/UiDrawLog22.png	Assets/Product/Texture/Image/UiDrawLog/UiDrawLog23.png	Rate in S-Rank pool:	100%	0	0.0	0.0	0	0.0	0.0	0	0.0	0
8618	8800	<color=#ff8d1e>100% rate in S-Rank pool</color>	Assets/Product/Texture/Image/UiDrawLog/UiDrawLog22.png	Assets/Product/Texture/Image/UiDrawLog/UiDrawLog23.png	Rate in S-Rank pool:	100%	0	0.0	0.0	0	0.0	0.0	0	0.0	0
8619	8700	<color=#ff8d1e>100% rate in S-Rank pool</color>	Assets/Product/Texture/Image/UiDrawLog/UiDrawLog22.png	Assets/Product/Texture/Image/UiDrawLog/UiDrawLog23.png	Rate in S-Rank pool:	100%	0	0.0	0.0	0	0.0	0.0	0	0.0	0
8620	8600	<color=#ff8d1e>100% rate in S-Rank pool</color>	Assets/Product/Texture/Image/UiDrawLog/UiDrawLog22.png	Assets/Product/Texture/Image/UiDrawLog/UiDrawLog23.png	Rate in S-Rank pool:	100%	0	0.0	0.0	0	0.0	0.0	0	0.0	0
8621	8500	<color=#ff8d1e>100% rate in S-Rank pool</color>	Assets/Product/Texture/Image/UiDrawLog/UiDrawLog22.png	Assets/Product/Texture/Image/UiDrawLog/UiDrawLog23.png	Rate in S-Rank pool:	100%	0	0.0	0.0	0	0.0	0.0	0	0.0	0
8622	8400	<color=#ff8d1e>100% rate in S-Rank pool</color>	Assets/Product/Texture/Image/UiDrawLog/UiDrawLog22.png	Assets/Product/Texture/Image/UiDrawLog/UiDrawLog23.png	Rate in S-Rank pool:	100%	0	0.0	0.0	0	0.0	0.0	0	0.0	0
8623	8300	<color=#ff8d1e>100% rate in S-Rank pool</color>	Assets/Product/Texture/Image/UiDrawLog/UiDrawLog22.png	Assets/Product/Texture/Image/UiDrawLog/UiDrawLog23.png	Rate in S-Rank pool:	100%	0	0.0	0.0	0	0.0	0.0	0	0.0	0
8624	8200	<color=#ff8d1e>100% rate in S-Rank pool</color>	Assets/Product/Texture/Image/UiDrawLog/UiDrawLog22.png	Assets/Product/Texture/Image/UiDrawLog/UiDrawLog23.png	Rate in S-Rank pool:	100%	0	0.0	0.0	0	0.0	0.0	0	0.0	0
8625	8100	<color=#ff8d1e>100% rate in S-Rank pool</color>	Assets/Product/Texture/Image/UiDrawLog/UiDrawLog22.png	Assets/Product/Texture/Image/UiDrawLog/UiDrawLog23.png	Rate in S-Rank pool:	100%	0	0.0	0.0	0	0.0	0.0	0	0.0	0
8626	8000	<color=#ff8d1e>100% rate in S-Rank pool</color>	Assets/Product/Texture/Image/UiDrawLog/UiDrawLog22.png	Assets/Product/Texture/Image/UiDrawLog/UiDrawLog23.png	Rate in S-Rank pool:	100%	0	0.0	0.0	0	0.0	0.0	0	0.0	0
8627	7900	<color=#ff8d1e>100% rate in S-Rank pool</color>	Assets/Product/Texture/Image/UiDrawLog/UiDrawLog22.png	Assets/Product/Texture/Image/UiDrawLog/UiDrawLog23.png	Rate in S-Rank pool:	100%	0	0.0	0.0	0	0.0	0.0	0	0.0	0
8628	7800	<color=#ff8d1e>100% rate in S-Rank pool</color>	Assets/Product/Texture/Image/UiDrawLog/UiDrawLog22.png	Assets/Product/Texture/Image/UiDrawLog/UiDrawLog23.png	Rate in S-Rank pool:	100%	0	0.0	0.0	0	0.0	0.0	0	0.0	0
8629	7700	<color=#ff8d1e>100% rate in S-Rank pool</color>	Assets/Product/Texture/Image/UiDrawLog/UiDrawLog22.png	Assets/Product/Texture/Image/UiDrawLog/UiDrawLog23.png	Rate in S-Rank pool:	100%	0	0.0	0.0	0	0.0	0.0	0	0.0	0
8630	7600	<color=#ff8d1e>100% rate in S-Rank pool</color>	Assets/Product/Texture/Image/UiDrawLog/UiDrawLog22.png	Assets/Product/Texture/Image/UiDrawLog/UiDrawLog23.png	Rate in S-Rank pool:	100%	0	0.0	0.0	0	0.0	0.0	0	0.0	0
8631	7500	<color=#ff8d1e>100% rate in S-Rank pool</color>	Assets/Product/Texture/Image/UiDrawLog/UiDrawLog22.png	Assets/Product/Texture/Image/UiDrawLog/UiDrawLog23.png	Rate in S-Rank pool:	100%	0	0.0	0.0	0	0.0	0.0	0	0.0	0
8632	7400	<color=#ff8d1e>100% rate in S-Rank pool</color>	Assets/Product/Texture/Image/UiDrawLog/UiDrawLog22.png	Assets/Product/Texture/Image/UiDrawLog/UiDrawLog23.png	Rate in S-Rank pool:	100%	0	0.0	0.0	0	0.0	0.0	0	0.0	0
8633	7300	<color=#ff8d1e>100% rate in S-Rank pool</color>	Assets/Product/Texture/Image/UiDrawLog/UiDrawLog22.png	Assets/Product/Texture/Image/UiDrawLog/UiDrawLog23.png	Rate in S-Rank pool:	100%	0	0.0	0.0	0	0.0	0.0	0	0.0	0
8634	7200	<color=#ff8d1e>100% rate in S-Rank pool</color>	Assets/Product/Texture/Image/UiDrawLog/UiDrawLog22.png	Assets/Product/Texture/Image/UiDrawLog/UiDrawLog23.png	Rate in S-Rank pool:	100%	0	0.0	0.0	0	0.0	0.0	0	0.0	0
8635	7100	<color=#ff8d1e>100% rate in S-Rank pool</color>	Assets/Product/Texture/Image/UiDrawLog/UiDrawLog22.png	Assets/Product/Texture/Image/UiDrawLog/UiDrawLog23.png	Rate in S-Rank pool:	100%	0	0.0	0.0	0	0.0	0.0	0	0.0	0
8636	7000	<color=#ff8d1e>100% rate in S-Rank pool</color>	Assets/Product/Texture/Image/UiDrawLog/UiDrawLog22.png	Assets/Product/Texture/Image/UiDrawLog/UiDrawLog23.png	Rate in S-Rank pool:	100%	0	0.0	0.0	0	0.0	0.0	0	0.0	0
8637	6900	<color=#ff8d1e>100% rate in S-Rank pool</color>	Assets/Product/Texture/Image/UiDrawLog/UiDrawLog22.png	Assets/Product/Texture/Image/UiDrawLog/UiDrawLog23.png	Rate in S-Rank pool:	100%	0	0.0	0.0	0	0.0	0.0	0	0.0	0
8638	6800	<color=#ff8d1e>100% rate in S-Rank pool</color>	Assets/Product/Texture/Image/UiDrawLog/UiDrawLog22.png	Assets/Product/Texture/Image/UiDrawLog/UiDrawLog23.png	Rate in S-Rank pool:	100%	0	0.0	0.0	0	0.0	0.0	0	0.0	0
8639	6700	<color=#ff8d1e>100% rate in S-Rank pool</color>	Assets/Product/Texture/Image/UiDrawLog/UiDrawLog22.png	Assets/Product/Texture/Image/UiDrawLog/UiDrawLog23.png	Rate in S-Rank pool:	100%	0	0.0	0.0	0	0.0	0.0	0	0.0	0
8640	6600	<color=#ff8d1e>100% rate in S-Rank pool</color>	Assets/Product/Texture/Image/UiDrawLog/UiDrawLog22.png	Assets/Product/Texture/Image/UiDrawLog/UiDrawLog23.png	Rate in S-Rank pool:	100%	0	0.0	0.0	0	0.0	0.0	0	0.0	0
8641	6500	<color=#ff8d1e>100% rate in S-Rank pool</color>	Assets/Product/Texture/Image/UiDrawLog/UiDrawLog22.png	Assets/Product/Texture/Image/UiDrawLog/UiDrawLog23.png	Rate in S-Rank pool:	100%	0	0.0	0.0	0	0.0	0.0	0	0.0	0
8642	6400	<color=#ff8d1e>100% rate in S-Rank pool</color>	Assets/Product/Texture/Image/UiDrawLog/UiDrawLog22.png	Assets/Product/Texture/Image/UiDrawLog/UiDrawLog23.png	Rate in S-Rank pool:	100%	0	0.0	0.0	0	0.0	0.0	0	0.0	0
8643	6300	<color=#ff8d1e>100% rate in S-Rank pool</color>	Assets/Product/Texture/Image/UiDrawLog/UiDrawLog22.png	Assets/Product/Texture/Image/UiDrawLog/UiDrawLog23.png	Rate in S-Rank pool:	100%	0	0.0	0.0	0	0.0	0.0	0	0.0	0
2043	10000	<color=#26bbf9>100% rate in S-Rank pool</color>					0	0.0	0.0	0	0.0	0.0	0	0.0	0
1049	10000	<color=#26bbf9>100% rate in S-Rank pool</color>					0	0.0	0.0	0	0.0	0.0	0	0.0	0
2022	10000	<color=#26bbf9>70% rate in S-Rank pool</color>					0	0.0	0.0	0	0.0	0.0	0	0.0	0
2023	9990	<color=#26bbf9>70% rate in S-Rank pool</color>					0	0.0	0.0	0	0.0	0.0	0	0.0	0
100200	9920	<color=#26bbf9>70% rate in S-Rank pool</color>					0	0.0	0.0	0	0.0	0.0	0	0.0	0
1028	10000	<color=#26bbf9>70% rate in S-Rank pool</color>					0	0.0	0.0	0	0.0	0.0	0	0.0	0
1029	9990	<color=#26bbf9>70% rate in S-Rank pool</color>					0	0.0	0.0	0	0.0	0.0	0	0.0	0
100100	9920	<color=#26bbf9>70% rate in S-Rank pool</color>					0	0.0	0.0	0	0.0	0.0	0	0.0	0
100300	9910	<color=#26bbf9>70% rate in S-Rank pool</color>					0	0.0	0.0	0	0.0	0.0	0	0.0	0
100400	9910	<color=#26bbf9>70% rate in S-Rank pool</color>					0	0.0	0.0	0	0.0	0.0	0	0.0	0
100500	9900	<color=#26bbf9>70% rate in S-Rank pool</color>					0	0.0	0.0	0	0.0	0.0	0	0.0	0
101800	9890	<color=#26bbf9>70% rate in S-Rank pool</color>					0	0.0	0.0	0	0.0	0.0	0	0.0	0
101900	9880	<color=#26bbf9>70% rate in S-Rank pool</color>					0	0.0	0.0	0	0.0	0.0	0	0.0	0
102000	9870	<color=#26bbf9>70% rate in S-Rank pool</color>					0	0.0	0.0	0	0.0	0.0	0	0.0	0
102100	9860	<color=#26bbf9>70% rate in S-Rank pool</color>					0	0.0	0.0	0	0.0	0.0	0	0.0	0
102200	9850	<color=#26bbf9>70% rate in S-Rank pool</color>					0	0.0	0.0	0	0.0	0.0	0	0.0	0
102300	9840	<color=#26bbf9>70% rate in S-Rank pool</color>					0	0.0	0.0	0	0.0	0.0	0	0.0	0
102400	9830	<color=#26bbf9>70% rate in S-Rank pool</color>					0	0.0	0.0	0	0.0	0.0	0	0.0	0
102500	9820	<color=#26bbf9>70% rate in S-Rank pool</color>					0	0.0	0.0	0	0.0	0.0	0	0.0	0
102600	9810	<color=#26bbf9>70% rate in S-Rank pool</color>					0	0.0	0.0	0	0.0	0.0	0	0.0	0
102700	9800	<color=#26bbf9>70% rate in S-Rank pool</color>					0	0.0	0.0	0	0.0	0.0	0	0.0	0
102800	9790	<color=#26bbf9>70% rate in S-Rank pool</color>					0	0.0	0.0	0	0.0	0.0	0	0.0	0
102900	9780	<color=#26bbf9>70% rate in S-Rank pool</color>					0	0.0	0.0	0	0.0	0.0	0	0.0	0
101000	9770	<color=#26bbf9>70% rate in S-Rank pool</color>					0	0.0	0.0	0	0.0	0.0	0	0.0	0
101500	9760	<color=#26bbf9>70% rate in S-Rank pool</color>					0	0.0	0.0	0	0.0	0.0	0	0.0	0
103000	9750	<color=#26bbf9>100% rate in S-Rank pool</color>					0	0.0	0.0	0	0.0	0.0	0	0.0	0
103100	9740	<color=#26bbf9>100% rate in S-Rank pool</color>					0	0.0	0.0	0	0.0	0.0	0	0.0	0
103200	9730	<color=#26bbf9>70% rate in S-Rank pool</color>					0	0.0	0.0	0	0.0	0.0	0	0.0	0
103300	9720	<color=#26bbf9>70% rate in S-Rank pool</color>					0	0.0	0.0	0	0.0	0.0	0	0.0	0
103400	9710	<color=#26bbf9>70% rate in S-Rank pool</color>					0	0.0	0.0	0	0.0	0.0	0	0.0	0
103500	9700	<color=#26bbf9>70% rate in S-Rank pool</color>					0	0.0	0.0	0	0.0	0.0	0	0.0	0
103600	9690	<color=#26bbf9>70% rate in S-Rank pool</color>					0	0.0	0.0	0	0.0	0.0	0	0.0	0
103700	9680	<color=#26bbf9>70% rate in S-Rank pool</color>					0	0.0	0.0	0	0.0	0.0	0	0.0	0
103800	9670	<color=#26bbf9>70% rate in S-Rank pool</color>					0	0.0	0.0	0	0.0	0.0	0	0.0	0
103900	9660	<color=#26bbf9>70% rate in S-Rank pool</color>					0	0.0	0.0	0	0.0	0.0	0	0.0	0
104000	9650	<color=#26bbf9>70% rate in S-Rank pool</color>					0	0.0	0.0	0	0.0	0.0	0	0.0	0
104100	9640	<color=#26bbf9>70% rate in S-Rank pool</color>					0	0.0	0.0	0	0.0	0.0	0	0.0	0
104200	9630	<color=#26bbf9>70% rate in S-Rank pool</color>					0	0.0	0.0	0	0.0	0.0	0	0.0	0
104300	9620	<color=#26bbf9>70% rate in S-Rank pool</color>					0	0.0	0.0	0	0.0	0.0	0	0.0	0
104400	9610	<color=#26bbf9>70% rate in S-Rank pool</color>					0	0.0	0.0	0	0.0	0.0	0	0.0	0
104500	9600	<color=#26bbf9>70% rate in S-Rank pool</color>					0	0.0	0.0	0	0.0	0.0	0	0.0	0
104600	9590	<color=#26bbf9>70% rate in S-Rank pool</color>					0	0.0	0.0	0	0.0	0.0	0	0.0	0
104700	9580	<color=#26bbf9>70% rate in S-Rank pool</color>					0	0.0	0.0	0	0.0	0.0	0	0.0	0
104800	9570	<color=#26bbf9>70% rate in S-Rank pool</color>					0	0.0	0.0	0	0.0	0.0	0	0.0	0
104900	9560	<color=#26bbf9>70% rate in S-Rank pool</color>					0	0.0	0.0	0	0.0	0.0	0	0.0	0
105000	9550	<color=#26bbf9>70% rate in S-Rank pool</color>					0	0.0	0.0	0	0.0	0.0	0	0.0	0
105100	9540	<color=#26bbf9>70% rate in S-Rank pool</color>					0	0.0	0.0	0	0.0	0.0	0	0.0	0
105200	9530	<color=#26bbf9>70% rate in S-Rank pool</color>					0	0.0	0.0	0	0.0	0.0	0	0.0	0
105300	9520	<color=#26bbf9>70% rate in S-Rank pool</color>					0	0.0	0.0	0	0.0	0.0	0	0.0	0
105400	9510	<color=#26bbf9>70% rate in S-Rank pool</color>					0	0.0	0.0	0	0.0	0.0	0	0.0	0
105500	9500	<color=#26bbf9>70% rate in S-Rank pool</color>					0	0.0	0.0	0	0.0	0.0	0	0.0	0
105600	9490	<color=#26bbf9>70% rate in S-Rank pool</color>					0	0.0	0.0	0	0.0	0.0	0	0.0	0
105700	9480	<color=#26bbf9>70% rate in S-Rank pool</color>					0	0.0	0.0	0	0.0	0.0	0	0.0	0
105800	9470	<color=#26bbf9>70% rate in S-Rank pool</color>					0	0.0	0.0	0	0.0	0.0	0	0.0	0
105900	9460	<color=#26bbf9>70% rate in S-Rank pool</color>					0	0.0	0.0	0	0.0	0.0	0	0.0	0
106000	9450	<color=#26bbf9>70% rate in S-Rank pool</color>					0	0.0	0.0	0	0.0	0.0	0	0.0	0
106100	9440	<color=#26bbf9>70% rate in S-Rank pool</color>					0	0.0	0.0	0	0.0	0.0	0	0.0	0
106200	9430	<color=#26bbf9>70% rate in S-Rank pool</color>					0	0.0	0.0	0	0.0	0.0	0	0.0	0
106300	9420	<color=#26bbf9>70% rate in S-Rank pool</color>					0	0.0	0.0	0	0.0	0.0	0	0.0	0
106400	9410	<color=#26bbf9>100% rate in S-Rank pool</color>					0	0.0	0.0	0	0.0	0.0	0	0.0	0
106500	9400	<color=#26bbf9>100% rate in S-Rank pool</color>					0	0.0	0.0	0	0.0	0.0	0	0.0	0
106600	9390	<color=#26bbf9>70% rate in S-Rank pool</color>					0	0.0	0.0	0	0.0	0.0	0	0.0	0
106700	9380	<color=#26bbf9>70% rate in S-Rank pool</color>					0	0.0	0.0	0	0.0	0.0	0	0.0	0
106800	9370	<color=#26bbf9>70% rate in S-Rank pool</color>					0	0.0	0.0	0	0.0	0.0	0	0.0	0
106900	9360	<color=#26bbf9>70% rate in S-Rank pool</color>					0	0.0	0.0	0	0.0	0.0	0	0.0	0
107000	9350	<color=#26bbf9>70% rate in S-Rank pool</color>					0	0.0	0.0	0	0.0	0.0	0	0.0	0
107100	9340	<color=#26bbf9>70% rate in S-Rank pool</color>					0	0.0	0.0	0	0.0	0.0	0	0.0	0
107200	9330	<color=#26bbf9>70% rate in S-Rank pool</color>					0	0.0	0.0	0	0.0	0.0	0	0.0	0
107300	9320	<color=#26bbf9>70% rate in S-Rank pool</color>					0	0.0	0.0	0	0.0	0.0	0	0.0	0
107400	9310	<color=#26bbf9>70% rate in S-Rank pool</color>					0	0.0	0.0	0	0.0	0.0	0	0.0	0
107500	9300	<color=#26bbf9>70% rate in S-Rank pool</color>					0	0.0	0.0	0	0.0	0.0	0	0.0	0
107600	9290	<color=#26bbf9>70% rate in S-Rank pool</color>					0	0.0	0.0	0	0.0	0.0	0	0.0	0
107700	9280	<color=#26bbf9>70% rate in S-Rank pool</color>					0	0.0	0.0	0	0.0	0.0	0	0.0	0
107800	9270	<color=#26bbf9>70% rate in S-Rank pool</color>					0	0.0	0.0	0	0.0	0.0	0	0.0	0
107900	9260	<color=#26bbf9>70% rate in S-Rank pool</color>					0	0.0	0.0	0	0.0	0.0	0	0.0	0
108000	9250	<color=#26bbf9>70% rate in S-Rank pool</color>					0	0.0	0.0	0	0.0	0.0	0	0.0	0
108100	9240	<color=#26bbf9>70% rate in S-Rank pool</color>					0	0.0	0.0	0	0.0	0.0	0	0.0	0
108200	9230	<color=#26bbf9>70% rate in S-Rank pool</color>					0	0.0	0.0	0	0.0	0.0	0	0.0	0
108300	9220	<color=#26bbf9>70% rate in S-Rank pool</color>					0	0.0	0.0	0	0.0	0.0	0	0.0	0
108400	9210	<color=#26bbf9>70% rate in S-Rank pool</color>					0	0.0	0.0	0	0.0	0.0	0	0.0	0
108500	9200	<color=#26bbf9>70% rate in S-Rank pool</color>					0	0.0	0.0	0	0.0	0.0	0	0.0	0
108600	9190	<color=#26bbf9>70% rate in S-Rank pool</color>					0	0.0	0.0	0	0.0	0.0	0	0.0	0
108700	9180	<color=#26bbf9>70% rate in S-Rank pool</color>					0	0.0	0.0	0	0.0	0.0	0	0.0	0
108800	9170	<color=#26bbf9>70% rate in S-Rank pool</color>					0	0.0	0.0	0	0.0	0.0	0	0.0	0
108900	9160	<color=#26bbf9>70% rate in S-Rank pool</color>					0	0.0	0.0	0	0.0	0.0	0	0.0	0
109000	9150	<color=#26bbf9>70% rate in S-Rank pool</color>					0	0.0	0.0	0	0.0	0.0	0	0.0	0
109100	9140	<color=#26bbf9>70% rate in S-Rank pool</color>					0	0.0	0.0	0	0.0	0.0	0	0.0	0
109200	9130	<color=#26bbf9>70% rate in S-Rank pool</color>					0	0.0	0.0	0	0.0	0.0	0	0.0	0
109300	9120	<color=#26bbf9>70% rate in S-Rank pool</color>					0	0.0	0.0	0	0.0	0.0	0	0.0	0
109400	9110	<color=#26bbf9>70% rate in S-Rank pool</color>					0	0.0	0.0	0	0.0	0.0	0	0.0	0
109500	9100	<color=#26bbf9>70% rate in S-Rank pool</color>					0	0.0	0.0	0	0.0	0.0	0	0.0	0
109600	9090	<color=#26bbf9>70% rate in S-Rank pool</color>					0	0.0	0.0	0	0.0	0.0	0	0.0	0
109700	9080	<color=#26bbf9>70% rate in S-Rank pool</color>					0	0.0	0.0	0	0.0	0.0	0	0.0	0
109800	8780	<color=#26bbf9>Increase chance to obtain an S-rank by 70%</color>					0	0.0	0.0	0	0.0	0.0	0	0.0	0
109900	8770	<color=#26bbf9>Increase chance to obtain an S-rank by 70%</color>					0	0.0	0.0	0	0.0	0.0	0	0.0	0
110000	8760	<color=#26bbf9>Increase chance to obtain an S-rank by 70%</color>					0	0.0	0.0	0	0.0	0.0	0	0.0	0
110100	8750	<color=#26bbf9>Increase chance to obtain an S-rank by 70%</color>					0	0.0	0.0	0	0.0	0.0	0	0.0	0
110200	8740	<color=#26bbf9>Increase chance to obtain an S-rank by 70%</color>					0	0.0	0.0	0	0.0	0.0	0	0.0	0
110300	8730	<color=#26bbf9>Increase chance to obtain an S-rank by 70%</color>					0	0.0	0.0	0	0.0	0.0	0	0.0	0
110400	8720	<color=#26bbf9>Increase chance to obtain an S-rank by 70%</color>					0	0.0	0.0	0	0.0	0.0	0	0.0	0
110500	8710	<color=#26bbf9>Increase chance to obtain an S-rank by 70%</color>					0	0.0	0.0	0	0.0	0.0	0	0.0	0
110600	8700	<color=#26bbf9>Increase chance to obtain an S-rank by 70%</color>					0	0.0	0.0	0	0.0	0.0	0	0.0	0
110700	8690	<color=#26bbf9>Increase chance to obtain an S-rank by 70%</color>					0	0.0	0.0	0	0.0	0.0	0	0.0	0
110800	8680	<color=#26bbf9>Increase chance to obtain an S-rank by 70%</color>					0	0.0	0.0	0	0.0	0.0	0	0.0	0
110900	8670	<color=#26bbf9>Increase chance to obtain an S-rank by 70%</color>					0	0.0	0.0	0	0.0	0.0	0	0.0	0
111000	8660	<color=#26bbf9>Increase chance to obtain an S-rank by 70%</color>					0	0.0	0.0	0	0.0	0.0	0	0.0	0
111100	8650	<color=#26bbf9>Increase chance to obtain an S-rank by 70%</color>					0	0.0	0.0	0	0.0	0.0	0	0.0	0
111200	8640	<color=#26bbf9>Increase chance to obtain an S-rank by 70%</color>					0	0.0	0.0	0	0.0	0.0	0	0.0	0
111300	8630	<color=#26bbf9>Increase chance to obtain an S-rank by 70%</color>					0	0.0	0.0	0	0.0	0.0	0	0.0	0
111400	8620	<color=#26bbf9>Increase chance to obtain an S-rank by 70%</color>					0	0.0	0.0	0	0.0	0.0	0	0.0	0
111500	8610	<color=#26bbf9>Increase chance to obtain an S-rank by 70%</color>					0	0.0	0.0	0	0.0	0.0	0	0.0	0
111600	8600	<color=#26bbf9>70% rate in S-Rank pool</color>					0	0.0	0.0	0	0.0	0.0	0	0.0	0
111700	8590	<color=#26bbf9>70% rate in S-Rank pool</color>					0	0.0	0.0	0	0.0	0.0	0	0.0	0
111800	8580	<color=#26bbf9>70% rate in S-Rank pool</color>					0	0.0	0.0	0	0.0	0.0	0	0.0	0
111900	8570	<color=#26bbf9>70% rate in S-Rank pool</color>					0	0.0	0.0	0	0.0	0.0	0	0.0	0
112000	8560	<color=#26bbf9>70% rate in S-Rank pool</color>					0	0.0	0.0	0	0.0	0.0	0	0.0	0
112100	8550	<color=#26bbf9>70% rate in S-Rank pool</color>					0	0.0	0.0	0	0.0	0.0	0	0.0	0
112200	8540	<color=#26bbf9>70% rate in S-Rank pool</color>					0	0.0	0.0	0	0.0	0.0	0	0.0	0
112300	8530	<color=#26bbf9>70% rate in S-Rank pool</color>					0	0.0	0.0	0	0.0	0.0	0	0.0	0
112400	8520	<color=#26bbf9>70% rate in S-Rank pool</color>					0	0.0	0.0	0	0.0	0.0	0	0.0	0
112500	8510	<color=#26bbf9>70% rate in S-Rank pool</color>					0	0.0	0.0	0	0.0	0.0	0	0.0	0
112600	8500	<color=#26bbf9>70% rate in S-Rank pool</color>					0	0.0	0.0	0	0.0	0.0	0	0.0	0
112700	8490	<color=#26bbf9>70% rate in S-Rank pool</color>					0	0.0	0.0	0	0.0	0.0	0	0.0	0
112800	8480	<color=#26bbf9>70% rate in S-Rank pool</color>					0	0.0	0.0	0	0.0	0.0	0	0.0	0
112900	8470	<color=#26bbf9>70% rate in S-Rank pool</color>					0	0.0	0.0	0	0.0	0.0	0	0.0	0
113000	8460	<color=#26bbf9>70% rate in S-Rank pool</color>					0	0.0	0.0	0	0.0	0.0	0	0.0	0
113100	8450	<color=#26bbf9>70% rate in S-Rank pool</color>					0	0.0	0.0	0	0.0	0.0	0	0.0	0
113200	8440	<color=#26bbf9>70% rate in S-Rank pool</color>					0	0.0	0.0	0	0.0	0.0	0	0.0	0
113300	8430	<color=#26bbf9>70% rate in S-Rank pool</color>					0	0.0	0.0	0	0.0	0.0	0	0.0	0
113400	8420	<color=#26bbf9>70% rate in S-Rank pool</color>					0	0.0	0.0	0	0.0	0.0	0	0.0	0
113500	8410	<color=#26bbf9>70% rate in S-Rank pool</color>					0	0.0	0.0	0	0.0	0.0	0	0.0	0
113600	8400	<color=#26bbf9>70% rate in S-Rank pool</color>					0	0.0	0.0	0	0.0	0.0	0	0.0	0
113700	8390	<color=#26bbf9>70% rate in S-Rank pool</color>					0	0.0	0.0	0	0.0	0.0	0	0.0	0
113800	8380	<color=#26bbf9>70% rate in S-Rank pool</color>					0	0.0	0.0	0	0.0	0.0	0	0.0	0
113900	8370	<color=#26bbf9>70% rate in S-Rank pool</color>					0	0.0	0.0	0	0.0	0.0	0	0.0	0
114000	8360	<color=#26bbf9>70% rate in S-Rank pool</color>					0	0.0	0.0	0	0.0	0.0	0	0.0	0
114100	8350	<color=#26bbf9>70% rate in S-Rank pool</color>					0	0.0	0.0	0	0.0	0.0	0	0.0	0
114200	8340	<color=#26bbf9>70% rate in S-Rank pool</color>					0	0.0	0.0	0	0.0	0.0	0	0.0	0
114300	8330	<color=#26bbf9>70% rate in S-Rank pool</color>					0	0.0	0.0	0	0.0	0.0	0	0.0	0
114400	8320	<color=#26bbf9>70% rate in S-Rank pool</color>					0	0.0	0.0	0	0.0	0.0	0	0.0	0
114500	8310	<color=#26bbf9>70% rate in S-Rank pool</color>					0	0.0	0.0	0	0.0	0.0	0	0.0	0
114600	8300	<color=#26bbf9>70% rate in S-Rank pool</color>					0	0.0	0.0	0	0.0	0.0	0	0.0	0
114700	8290	<color=#26bbf9>70% rate in S-Rank pool</color>					0	0.0	0.0	0	0.0	0.0	0	0.0	0
114800	8280	<color=#26bbf9>70% rate in S-Rank pool</color>					0	0.0	0.0	0	0.0	0.0	0	0.0	0
114900	8270	<color=#26bbf9>70% rate in S-Rank pool</color>					0	0.0	0.0	0	0.0	0.0	0	0.0	0
115000	8260	<color=#26bbf9>70% rate in S-Rank pool</color>					0	0.0	0.0	0	0.0	0.0	0	0.0	0
115100	8250	<color=#26bbf9>70% rate in S-Rank pool</color>					0	0.0	0.0	0	0.0	0.0	0	0.0	0
115200	8240	<color=#26bbf9>70% rate in S-Rank pool</color>					0	0.0	0.0	0	0.0	0.0	0	0.0	0
115300	8230	<color=#26bbf9>70% rate in S-Rank pool</color>					0	0.0	0.0	0	0.0	0.0	0	0.0	0
115400	8220	<color=#26bbf9>70% rate in S-Rank pool</color>					0	0.0	0.0	0	0.0	0.0	0	0.0	0
115500	8210	<color=#26bbf9>70% rate in S-Rank pool</color>					0	0.0	0.0	0	0.0	0.0	0	0.0	0
115600	8200	<color=#26bbf9>70% rate in S-Rank pool</color>					0	0.0	0.0	0	0.0	0.0	0	0.0	0
115700	8190	<color=#26bbf9>70% rate in S-Rank pool</color>					0	0.0	0.0	0	0.0	0.0	0	0.0	0
115800	8180	<color=#26bbf9>70% rate in S-Rank pool</color>					0	0.0	0.0	0	0.0	0.0	0	0.0	0
115900	8170	<color=#26bbf9>70% rate in S-Rank pool</color>					0	0.0	0.0	0	0.0	0.0	0	0.0	0
116000	8160	<color=#26bbf9>70% rate in S-Rank pool</color>					0	0.0	0.0	0	0.0	0.0	0	0.0	0
116100	8150	<color=#26bbf9>70% rate in S-Rank pool</color>					0	0.0	0.0	0	0.0	0.0	0	0.0	0
116200	8140	<color=#26bbf9>70% rate in S-Rank pool</color>					0	0.0	0.0	0	0.0	0.0	0	0.0	0
116300	8130	<color=#26bbf9>70% rate in S-Rank pool</color>					0	0.0	0.0	0	0.0	0.0	0	0.0	0
116400	8120	<color=#26bbf9>70% rate in S-Rank pool</color>					0	0.0	0.0	0	0.0	0.0	0	0.0	0
116500	8110	<color=#26bbf9>70% rate in S-Rank pool</color>					0	0.0	0.0	0	0.0	0.0	0	0.0	0
116600	8100	<color=#26bbf9>70% rate in S-Rank pool</color>					0	0.0	0.0	0	0.0	0.0	0	0.0	0
116700	8090	<color=#26bbf9>70% rate in S-Rank pool</color>					0	0.0	0.0	0	0.0	0.0	0	0.0	0
116800	8080	<color=#26bbf9>70% rate in S-Rank pool</color>					0	0.0	0.0	0	0.0	0.0	0	0.0	0
116900	8070	<color=#26bbf9>70% rate in S-Rank pool</color>					0	0.0	0.0	0	0.0	0.0	0	0.0	0
117000	8060	<color=#26bbf9>70% rate in S-Rank pool</color>					0	0.0	0.0	0	0.0	0.0	0	0.0	0
117100	8050	<color=#26bbf9>70% rate in S-Rank pool</color>					0	0.0	0.0	0	0.0	0.0	0	0.0	0
117200	8040	<color=#26bbf9>70% rate in S-Rank pool</color>					0	0.0	0.0	0	0.0	0.0	0	0.0	0
117300	8030	<color=#26bbf9>70% rate in S-Rank pool</color>					0	0.0	0.0	0	0.0	0.0	0	0.0	0
117400	8020	<color=#26bbf9>70% rate in S-Rank pool</color>					0	0.0	0.0	0	0.0	0.0	0	0.0	0
117500	8010	<color=#26bbf9>70% rate in S-Rank pool</color>					0	0.0	0.0	0	0.0	0.0	0	0.0	0
117600	8000	<color=#26bbf9>70% rate in S-Rank pool</color>					0	0.0	0.0	0	0.0	0.0	0	0.0	0
117700	7990	<color=#26bbf9>70% rate in S-Rank pool</color>					0	0.0	0.0	0	0.0	0.0	0	0.0	0
117800	7980	<color=#26bbf9>70% rate in S-Rank pool</color>					0	0.0	0.0	0	0.0	0.0	0	0.0	0
117900	7970	<color=#26bbf9>70% rate in S-Rank pool</color>					0	0.0	0.0	0	0.0	0.0	0	0.0	0
118000	7960	<color=#26bbf9>70% rate in S-Rank pool</color>					0	0.0	0.0	0	0.0	0.0	0	0.0	0
118100	7950	<color=#26bbf9>70% rate in S-Rank pool</color>					0	0.0	0.0	0	0.0	0.0	0	0.0	0
118200	7940	<color=#26bbf9>70% rate in S-Rank pool</color>					0	0.0	0.0	0	0.0	0.0	0	0.0	0
118300	7930	<color=#26bbf9>70% rate in S-Rank pool</color>					0	0.0	0.0	0	0.0	0.0	0	0.0	0
118400	7920	<color=#26bbf9>70% rate in S-Rank pool</color>					0	0.0	0.0	0	0.0	0.0	0	0.0	0
118500	7910	<color=#26bbf9>70% rate in S-Rank pool</color>					0	0.0	0.0	0	0.0	0.0	0	0.0	0
118600	7900	<color=#26bbf9>70% rate in S-Rank pool</color>					0	0.0	0.0	0	0.0	0.0	0	0.0	0
118700	7890	<color=#26bbf9>70% rate in S-Rank pool</color>					0	0.0	0.0	0	0.0	0.0	0	0.0	0
118800	7880	<color=#26bbf9>70% rate in S-Rank pool</color>					0	0.0	0.0	0	0.0	0.0	0	0.0	0
118900	7870	<color=#26bbf9>70% rate in S-Rank pool</color>					0	0.0	0.0	0	0.0	0.0	0	0.0	0
119000	7860	<color=#26bbf9>70% rate in S-Rank pool</color>					0	0.0	0.0	0	0.0	0.0	0	0.0	0
119100	7850	<color=#26bbf9>70% rate in S-Rank pool</color>					0	0.0	0.0	0	0.0	0.0	0	0.0	0
119200	7840	<color=#26bbf9>70% rate in S-Rank pool</color>					0	0.0	0.0	0	0.0	0.0	0	0.0	0
119300	7830	<color=#26bbf9>70% rate in S-Rank pool</color>					0	0.0	0.0	0	0.0	0.0	0	0.0	0
119400	7820	<color=#26bbf9>70% rate in S-Rank pool</color>					0	0.0	0.0	0	0.0	0.0	0	0.0	0
119500	7810	<color=#26bbf9>70% rate in S-Rank pool</color>					0	0.0	0.0	0	0.0	0.0	0	0.0	0
119600	7800	<color=#26bbf9>70% rate in S-Rank pool</color>					0	0.0	0.0	0	0.0	0.0	0	0.0	0
119700	7790	<color=#26bbf9>70% rate in S-Rank pool</color>					0	0.0	0.0	0	0.0	0.0	0	0.0	0
119800	7780	<color=#26bbf9>70% rate in S-Rank pool</color>					0	0.0	0.0	0	0.0	0.0	0	0.0	0
119900	7770	<color=#26bbf9>70% rate in S-Rank pool</color>					0	0.0	0.0	0	0.0	0.0	0	0.0	0
120000	7760	<color=#26bbf9>70% rate in S-Rank pool</color>					0	0.0	0.0	0	0.0	0.0	0	0.0	0
120100	7750	<color=#26bbf9>70% rate in S-Rank pool</color>					0	0.0	0.0	0	0.0	0.0	0	0.0	0
120200	7740	<color=#26bbf9>70% rate in S-Rank pool</color>					0	0.0	0.0	0	0.0	0.0	0	0.0	0
120300	7730	<color=#26bbf9>70% rate in S-Rank pool</color>					0	0.0	0.0	0	0.0	0.0	0	0.0	0
120400	7720	<color=#26bbf9>70% rate in S-Rank pool</color>					0	0.0	0.0	0	0.0	0.0	0	0.0	0
120500	7710	<color=#26bbf9>70% rate in S-Rank pool</color>					0	0.0	0.0	0	0.0	0.0	0	0.0	0
120600	7700	<color=#26bbf9>70% rate in S-Rank pool</color>					0	0.0	0.0	0	0.0	0.0	0	0.0	0
120700	7690	<color=#26bbf9>70% rate in S-Rank pool</color>					0	0.0	0.0	0	0.0	0.0	0	0.0	0
120800	7680	<color=#26bbf9>70% rate in S-Rank pool</color>					0	0.0	0.0	0	0.0	0.0	0	0.0	0
120900	7670	<color=#26bbf9>70% rate in S-Rank pool</color>					0	0.0	0.0	0	0.0	0.0	0	0.0	0
121000	7660	<color=#26bbf9>70% rate in S-Rank pool</color>					0	0.0	0.0	0	0.0	0.0	0	0.0	0
121100	7650	<color=#26bbf9>70% rate in S-Rank pool</color>					0	0.0	0.0	0	0.0	0.0	0	0.0	0
121200	7640	<color=#26bbf9>70% rate in S-Rank pool</color>					0	0.0	0.0	0	0.0	0.0	0	0.0	0
121300	7630	<color=#26bbf9>70% rate in S-Rank pool</color>					0	0.0	0.0	0	0.0	0.0	0	0.0	0
121400	7620	<color=#26bbf9>70% rate in S-Rank pool</color>					0	0.0	0.0	0	0.0	0.0	0	0.0	0
121500	7610	<color=#26bbf9>70% rate in S-Rank pool</color>					0	0.0	0.0	0	0.0	0.0	0	0.0	0
121600	7600	<color=#26bbf9>70% rate in S-Rank pool</color>					0	0.0	0.0	0	0.0	0.0	0	0.0	0
121700	7590	<color=#26bbf9>70% rate in S-Rank pool</color>					0	0.0	0.0	0	0.0	0.0	0	0.0	0
121800	7580	<color=#26bbf9>70% rate in S-Rank pool</color>					0	0.0	0.0	0	0.0	0.0	0	0.0	0
121900	7570	<color=#26bbf9>70% rate in S-Rank pool</color>					0	0.0	0.0	0	0.0	0.0	0	0.0	0
122000	7560	<color=#26bbf9>70% rate in S-Rank pool</color>					0	0.0	0.0	0	0.0	0.0	0	0.0	0
122100	7550	<color=#26bbf9>70% rate in S-Rank pool</color>					0	0.0	0.0	0	0.0	0.0	0	0.0	0
122200	7540	<color=#26bbf9>70% rate in S-Rank pool</color>					0	0.0	0.0	0	0.0	0.0	0	0.0	0
122300	7530	<color=#26bbf9>70% rate in S-Rank pool</color>					0	0.0	0.0	0	0.0	0.0	0	0.0	0
122400	7520	<color=#26bbf9>70% rate in S-Rank pool</color>					0	0.0	0.0	0	0.0	0.0	0	0.0	0
122500	7510	<color=#26bbf9>70% rate in S-Rank pool</color>					0	0.0	0.0	0	0.0	0.0	0	0.0	0
122600	7500	<color=#26bbf9>70% rate in S-Rank pool</color>					0	0.0	0.0	0	0.0	0.0	0	0.0	0
122700	7490	<color=#26bbf9>70% rate in S-Rank pool</color>					0	0.0	0.0	0	0.0	0.0	0	0.0	0
122800	7480	<color=#26bbf9>70% rate in S-Rank pool</color>					0	0.0	0.0	0	0.0	0.0	0	0.0	0
122900	7470	<color=#26bbf9>70% rate in S-Rank pool</color>					0	0.0	0.0	0	0.0	0.0	0	0.0	0
123000	7460	<color=#26bbf9>70% rate in S-Rank pool</color>					0	0.0	0.0	0	0.0	0.0	0	0.0	0
123100	7450	<color=#26bbf9>70% rate in S-Rank pool</color>					0	0.0	0.0	0	0.0	0.0	0	0.0	0
123200	7440	<color=#26bbf9>70% rate in S-Rank pool</color>					0	0.0	0.0	0	0.0	0.0	0	0.0	0
123300	7430	<color=#26bbf9>70% rate in S-Rank pool</color>					0	0.0	0.0	0	0.0	0.0	0	0.0	0
123400	7420	<color=#26bbf9>70% rate in S-Rank pool</color>					0	0.0	0.0	0	0.0	0.0	0	0.0	0
123500	7410	<color=#26bbf9>70% rate in S-Rank pool</color>					0	0.0	0.0	0	0.0	0.0	0	0.0	0
130001	10000	<color=#26bbf9>70% rate in S-Rank pool</color>					0	0.0	0.0	0	0.0	0.0	0	0.0	0
130002	9990	<color=#26bbf9>70% rate in S-Rank pool</color>					0	0.0	0.0	0	0.0	0.0	0	0.0	0
130003	9980	<color=#26bbf9>70% rate in S-Rank pool</color>					0	0.0	0.0	0	0.0	0.0	0	0.0	0
130004	9970	<color=#26bbf9>70% rate in S-Rank pool</color>					0	0.0	0.0	0	0.0	0.0	0	0.0	0
130005	9960	<color=#26bbf9>70% rate in S-Rank pool</color>					0	0.0	0.0	0	0.0	0.0	0	0.0	0
130006	9950	<color=#26bbf9>70% rate in S-Rank pool</color>					0	0.0	0.0	0	0.0	0.0	0	0.0	0
130007	10000	<color=#26bbf9>70% rate in S-Rank pool</color>					0	0.0	0.0	0	0.0	0.0	0	0.0	0
130008	9990	<color=#26bbf9>70% rate in S-Rank pool</color>					0	0.0	0.0	0	0.0	0.0	0	0.0	0
130009	9980	<color=#26bbf9>70% rate in S-Rank pool</color>					0	0.0	0.0	0	0.0	0.0	0	0.0	0
130010	9970	<color=#26bbf9>70% rate in S-Rank pool</color>					0	0.0	0.0	0	0.0	0.0	0	0.0	0
130011	9960	<color=#26bbf9>70% rate in S-Rank pool</color>					0	0.0	0.0	0	0.0	0.0	0	0.0	0
130012	9950	<color=#26bbf9>70% rate in S-Rank pool</color>					0	0.0	0.0	0	0.0	0.0	0	0.0	0
130013	10000	<color=#26bbf9>70% rate in S-Rank pool</color>					0	0.0	0.0	0	0.0	0.0	0	0.0	0
130014	9990	<color=#26bbf9>70% rate in S-Rank pool</color>					0	0.0	0.0	0	0.0	0.0	0	0.0	0
130015	9980	<color=#26bbf9>70% rate in S-Rank pool</color>					0	0.0	0.0	0	0.0	0.0	0	0.0	0
130016	9970	<color=#26bbf9>70% rate in S-Rank pool</color>					0	0.0	0.0	0	0.0	0.0	0	0.0	0
130017	9960	<color=#26bbf9>70% rate in S-Rank pool</color>					0	0.0	0.0	0	0.0	0.0	0	0.0	0
130018	9950	<color=#26bbf9>70% rate in S-Rank pool</color>					0	0.0	0.0	0	0.0	0.0	0	0.0	0
130019	9940	<color=#26bbf9>70% rate in S-Rank pool</color>					0	0.0	0.0	0	0.0	0.0	0	0.0	0
130020	9930	<color=#26bbf9>70% rate in S-Rank pool</color>					0	0.0	0.0	0	0.0	0.0	0	0.0	0
130021	9920	<color=#26bbf9>70% rate in S-Rank pool</color>					0	0.0	0.0	0	0.0	0.0	0	0.0	0
130022	10000	<color=#26bbf9>70% rate in S-Rank pool</color>					0	0.0	0.0	0	0.0	0.0	0	0.0	0
130023	9990	<color=#26bbf9>70% rate in S-Rank pool</color>					0	0.0	0.0	0	0.0	0.0	0	0.0	0
130024	9980	<color=#26bbf9>70% rate in S-Rank pool</color>					0	0.0	0.0	0	0.0	0.0	0	0.0	0
130025	9970	<color=#26bbf9>70% rate in S-Rank pool</color>					0	0.0	0.0	0	0.0	0.0	0	0.0	0
130026	9960	<color=#26bbf9>70% rate in S-Rank pool</color>					0	0.0	0.0	0	0.0	0.0	0	0.0	0
130027	9950	<color=#26bbf9>70% rate in S-Rank pool</color>					0	0.0	0.0	0	0.0	0.0	0	0.0	0
130028	9940	<color=#26bbf9>70% rate in S-Rank pool</color>					0	0.0	0.0	0	0.0	0.0	0	0.0	0
130029	9930	<color=#26bbf9>70% rate in S-Rank pool</color>					0	0.0	0.0	0	0.0	0.0	0	0.0	0
130030	9920	<color=#26bbf9>70% rate in S-Rank pool</color>					0	0.0	0.0	0	0.0	0.0	0	0.0	0
130031	10000	<color=#26bbf9>70% rate in S-Rank pool</color>					0	0.0	0.0	0	0.0	0.0	0	0.0	0
130032	9990	<color=#26bbf9>70% rate in S-Rank pool</color>					0	0.0	0.0	0	0.0	0.0	0	0.0	0
130033	9980	<color=#26bbf9>70% rate in S-Rank pool</color>					0	0.0	0.0	0	0.0	0.0	0	0.0	0
130034	9970	<color=#26bbf9>70% rate in S-Rank pool</color>					0	0.0	0.0	0	0.0	0.0	0	0.0	0
130035	9960	<color=#26bbf9>70% rate in S-Rank pool</color>					0	0.0	0.0	0	0.0	0.0	0	0.0	0
130036	9950	<color=#26bbf9>70% rate in S-Rank pool</color>					0	0.0	0.0	0	0.0	0.0	0	0.0	0
130037	10000	<color=#26bbf9>70% rate in S-Rank pool</color>					0	0.0	0.0	0	0.0	0.0	0	0.0	0
130038	9990	<color=#26bbf9>70% rate in S-Rank pool</color>					0	0.0	0.0	0	0.0	0.0	0	0.0	0
130039	9980	<color=#26bbf9>70% rate in S-Rank pool</color>					0	0.0	0.0	0	0.0	0.0	0	0.0	0
130040	9970	<color=#26bbf9>70% rate in S-Rank pool</color>					0	0.0	0.0	0	0.0	0.0	0	0.0	0
130041	9960	<color=#26bbf9>70% rate in S-Rank pool</color>					0	0.0	0.0	0	0.0	0.0	0	0.0	0
130042	9950	<color=#26bbf9>70% rate in S-Rank pool</color>					0	0.0	0.0	0	0.0	0.0	0	0.0	0
130043	10000	<color=#26bbf9>70% rate in S-Rank pool</color>					0	0.0	0.0	0	0.0	0.0	0	0.0	0
130044	9990	<color=#26bbf9>70% rate in S-Rank pool</color>					0	0.0	0.0	0	0.0	0.0	0	0.0	0
130045	9980	<color=#26bbf9>70% rate in S-Rank pool</color>					0	0.0	0.0	0	0.0	0.0	0	0.0	0
130046	9970	<color=#26bbf9>70% rate in S-Rank pool</color>					0	0.0	0.0	0	0.0	0.0	0	0.0	0
130047	9960	<color=#26bbf9>70% rate in S-Rank pool</color>					0	0.0	0.0	0	0.0	0.0	0	0.0	0
130048	9950	<color=#26bbf9>70% rate in S-Rank pool</color>					0	0.0	0.0	0	0.0	0.0	0	0.0	0
130049	9940	<color=#26bbf9>70% rate in S-Rank pool</color>					0	0.0	0.0	0	0.0	0.0	0	0.0	0
130050	9930	<color=#26bbf9>70% rate in S-Rank pool</color>					0	0.0	0.0	0	0.0	0.0	0	0.0	0
130051	9920	<color=#26bbf9>70% rate in S-Rank pool</color>					0	0.0	0.0	0	0.0	0.0	0	0.0	0
130052	10000	<color=#26bbf9>70% rate in S-Rank pool</color>					0	0.0	0.0	0	0.0	0.0	0	0.0	0
130053	9990	<color=#26bbf9>70% rate in S-Rank pool</color>					0	0.0	0.0	0	0.0	0.0	0	0.0	0
130054	9980	<color=#26bbf9>70% rate in S-Rank pool</color>					0	0.0	0.0	0	0.0	0.0	0	0.0	0
130055	9970	<color=#26bbf9>70% rate in S-Rank pool</color>					0	0.0	0.0	0	0.0	0.0	0	0.0	0
130056	9960	<color=#26bbf9>70% rate in S-Rank pool</color>					0	0.0	0.0	0	0.0	0.0	0	0.0	0
130057	9950	<color=#26bbf9>70% rate in S-Rank pool</color>					0	0.0	0.0	0	0.0	0.0	0	0.0	0
130058	9940	<color=#26bbf9>70% rate in S-Rank pool</color>					0	0.0	0.0	0	0.0	0.0	0	0.0	0
130059	9930	<color=#26bbf9>70% rate in S-Rank pool</color>					0	0.0	0.0	0	0.0	0.0	0	0.0	0
130060	9920	<color=#26bbf9>70% rate in S-Rank pool</color>					0	0.0	0.0	0	0.0	0.0	0	0.0	0
130061	10000	<color=#26bbf9>70% rate in S-Rank pool</color>	Assets/Product/Texture/Image/UiDrawLog/UiDrawLog22.png	Assets/Product/Texture/Image/UiDrawLog/UiDrawLog23.png	Rate in S-Rank pool:	70%	0	0.0	0.0	0	0.0	0.0	0	0.0	0
130062	9990	<color=#26bbf9>70% rate in S-Rank pool</color>	Assets/Product/Texture/Image/UiDrawLog/UiDrawLog22.png	Assets/Product/Texture/Image/UiDrawLog/UiDrawLog23.png	Rate in S-Rank pool:	70%	0	0.0	0.0	0	0.0	0.0	0	0.0	0
130063	9980	<color=#26bbf9>70% rate in S-Rank pool</color>	Assets/Product/Texture/Image/UiDrawLog/UiDrawLog22.png	Assets/Product/Texture/Image/UiDrawLog/UiDrawLog23.png	Rate in S-Rank pool:	70%	0	0.0	0.0	0	0.0	0.0	0	0.0	0
130064	9970	<color=#26bbf9>70% rate in S-Rank pool</color>	Assets/Product/Texture/Image/UiDrawLog/UiDrawLog22.png	Assets/Product/Texture/Image/UiDrawLog/UiDrawLog23.png	Rate in S-Rank pool:	70%	0	0.0	0.0	0	0.0	0.0	0	0.0	0
130065	9960	<color=#26bbf9>70% rate in S-Rank pool</color>	Assets/Product/Texture/Image/UiDrawLog/UiDrawLog22.png	Assets/Product/Texture/Image/UiDrawLog/UiDrawLog23.png	Rate in S-Rank pool:	70%	0	0.0	0.0	0	0.0	0.0	0	0.0	0
130066	9950	<color=#26bbf9>70% rate in S-Rank pool</color>	Assets/Product/Texture/Image/UiDrawLog/UiDrawLog22.png	Assets/Product/Texture/Image/UiDrawLog/UiDrawLog23.png	Rate in S-Rank pool:	70%	0	0.0	0.0	0	0.0	0.0	0	0.0	0
130067	9940	<color=#26bbf9>70% rate in S-Rank pool</color>	Assets/Product/Texture/Image/UiDrawLog/UiDrawLog22.png	Assets/Product/Texture/Image/UiDrawLog/UiDrawLog23.png	Rate in S-Rank pool:	70%	0	0.0	0.0	0	0.0	0.0	0	0.0	0
130068	9930	<color=#26bbf9>70% rate in S-Rank pool</color>	Assets/Product/Texture/Image/UiDrawLog/UiDrawLog22.png	Assets/Product/Texture/Image/UiDrawLog/UiDrawLog23.png	Rate in S-Rank pool:	70%	0	0.0	0.0	0	0.0	0.0	0	0.0	0
130069	9920	<color=#26bbf9>70% rate in S-Rank pool</color>	Assets/Product/Texture/Image/UiDrawLog/UiDrawLog22.png	Assets/Product/Texture/Image/UiDrawLog/UiDrawLog23.png	Rate in S-Rank pool:	70%	0	0.0	0.0	0	0.0	0.0	0	0.0	0
130070	10000	<color=#26bbf9>70% rate in S-Rank pool</color>	Assets/Product/Texture/Image/UiDrawLog/UiDrawLog22.png	Assets/Product/Texture/Image/UiDrawLog/UiDrawLog23.png	Rate in S-Rank pool:	70%	0	0.0	0.0	0	0.0	0.0	0	0.0	0
130071	9990	<color=#26bbf9>70% rate in S-Rank pool</color>	Assets/Product/Texture/Image/UiDrawLog/UiDrawLog22.png	Assets/Product/Texture/Image/UiDrawLog/UiDrawLog23.png	Rate in S-Rank pool:	70%	0	0.0	0.0	0	0.0	0.0	0	0.0	0
130072	9980	<color=#26bbf9>70% rate in S-Rank pool</color>	Assets/Product/Texture/Image/UiDrawLog/UiDrawLog22.png	Assets/Product/Texture/Image/UiDrawLog/UiDrawLog23.png	Rate in S-Rank pool:	70%	0	0.0	0.0	0	0.0	0.0	0	0.0	0
130073	9970	<color=#26bbf9>70% rate in S-Rank pool</color>	Assets/Product/Texture/Image/UiDrawLog/UiDrawLog22.png	Assets/Product/Texture/Image/UiDrawLog/UiDrawLog23.png	Rate in S-Rank pool:	70%	0	0.0	0.0	0	0.0	0.0	0	0.0	0
130074	9960	<color=#26bbf9>70% rate in S-Rank pool</color>	Assets/Product/Texture/Image/UiDrawLog/UiDrawLog22.png	Assets/Product/Texture/Image/UiDrawLog/UiDrawLog23.png	Rate in S-Rank pool:	70%	0	0.0	0.0	0	0.0	0.0	0	0.0	0
130075	9950	<color=#26bbf9>70% rate in S-Rank pool</color>	Assets/Product/Texture/Image/UiDrawLog/UiDrawLog22.png	Assets/Product/Texture/Image/UiDrawLog/UiDrawLog23.png	Rate in S-Rank pool:	70%	0	0.0	0.0	0	0.0	0.0	0	0.0	0
130076	9940	<color=#26bbf9>70% rate in S-Rank pool</color>	Assets/Product/Texture/Image/UiDrawLog/UiDrawLog22.png	Assets/Product/Texture/Image/UiDrawLog/UiDrawLog23.png	Rate in S-Rank pool:	70%	0	0.0	0.0	0	0.0	0.0	0	0.0	0
130077	9930	<color=#26bbf9>70% rate in S-Rank pool</color>	Assets/Product/Texture/Image/UiDrawLog/UiDrawLog22.png	Assets/Product/Texture/Image/UiDrawLog/UiDrawLog23.png	Rate in S-Rank pool:	70%	0	0.0	0.0	0	0.0	0.0	0	0.0	0
130078	9920	<color=#26bbf9>70% rate in S-Rank pool</color>	Assets/Product/Texture/Image/UiDrawLog/UiDrawLog22.png	Assets/Product/Texture/Image/UiDrawLog/UiDrawLog23.png	Rate in S-Rank pool:	70%	0	0.0	0.0	0	0.0	0.0	0	0.0	0
130079	10000	<color=#26bbf9>70% rate in S-Rank pool</color>	Assets/Product/Texture/Image/UiDrawLog/UiDrawLog22.png	Assets/Product/Texture/Image/UiDrawLog/UiDrawLog23.png	Rate in S-Rank pool:	70%	0	0.0	0.0	0	0.0	0.0	0	0.0	0
130080	9990	<color=#26bbf9>70% rate in S-Rank pool</color>	Assets/Product/Texture/Image/UiDrawLog/UiDrawLog22.png	Assets/Product/Texture/Image/UiDrawLog/UiDrawLog23.png	Rate in S-Rank pool:	70%	0	0.0	0.0	0	0.0	0.0	0	0.0	0
130081	9980	<color=#26bbf9>70% rate in S-Rank pool</color>	Assets/Product/Texture/Image/UiDrawLog/UiDrawLog22.png	Assets/Product/Texture/Image/UiDrawLog/UiDrawLog23.png	Rate in S-Rank pool:	70%	0	0.0	0.0	0	0.0	0.0	0	0.0	0
130082	9970	<color=#26bbf9>70% rate in S-Rank pool</color>	Assets/Product/Texture/Image/UiDrawLog/UiDrawLog22.png	Assets/Product/Texture/Image/UiDrawLog/UiDrawLog23.png	Rate in S-Rank pool:	70%	0	0.0	0.0	0	0.0	0.0	0	0.0	0
130083	9960	<color=#26bbf9>70% rate in S-Rank pool</color>	Assets/Product/Texture/Image/UiDrawLog/UiDrawLog22.png	Assets/Product/Texture/Image/UiDrawLog/UiDrawLog23.png	Rate in S-Rank pool:	70%	0	0.0	0.0	0	0.0	0.0	0	0.0	0
130084	9950	<color=#26bbf9>70% rate in S-Rank pool</color>	Assets/Product/Texture/Image/UiDrawLog/UiDrawLog22.png	Assets/Product/Texture/Image/UiDrawLog/UiDrawLog23.png	Rate in S-Rank pool:	70%	0	0.0	0.0	0	0.0	0.0	0	0.0	0
130085	9940	<color=#26bbf9>70% rate in S-Rank pool</color>	Assets/Product/Texture/Image/UiDrawLog/UiDrawLog22.png	Assets/Product/Texture/Image/UiDrawLog/UiDrawLog23.png	Rate in S-Rank pool:	70%	0	0.0	0.0	0	0.0	0.0	0	0.0	0
130086	9930	<color=#26bbf9>70% rate in S-Rank pool</color>	Assets/Product/Texture/Image/UiDrawLog/UiDrawLog22.png	Assets/Product/Texture/Image/UiDrawLog/UiDrawLog23.png	Rate in S-Rank pool:	70%	0	0.0	0.0	0	0.0	0.0	0	0.0	0
130087	9920	<color=#26bbf9>70% rate in S-Rank pool</color>	Assets/Product/Texture/Image/UiDrawLog/UiDrawLog22.png	Assets/Product/Texture/Image/UiDrawLog/UiDrawLog23.png	Rate in S-Rank pool:	70%	0	0.0	0.0	0	0.0	0.0	0	0.0	0
130088	10000	<color=#26bbf9>70% rate in S-Rank pool</color>	Assets/Product/Texture/Image/UiDrawLog/UiDrawLog22.png	Assets/Product/Texture/Image/UiDrawLog/UiDrawLog23.png	Rate in S-Rank pool:	70%	0	0.0	0.0	0	0.0	0.0	0	0.0	0
130089	9990	<color=#26bbf9>70% rate in S-Rank pool</color>	Assets/Product/Texture/Image/UiDrawLog/UiDrawLog22.png	Assets/Product/Texture/Image/UiDrawLog/UiDrawLog23.png	Rate in S-Rank pool:	70%	0	0.0	0.0	0	0.0	0.0	0	0.0	0
130090	9980	<color=#26bbf9>70% rate in S-Rank pool</color>	Assets/Product/Texture/Image/UiDrawLog/UiDrawLog22.png	Assets/Product/Texture/Image/UiDrawLog/UiDrawLog23.png	Rate in S-Rank pool:	70%	0	0.0	0.0	0	0.0	0.0	0	0.0	0
130091	9970	<color=#26bbf9>70% rate in S-Rank pool</color>	Assets/Product/Texture/Image/UiDrawLog/UiDrawLog22.png	Assets/Product/Texture/Image/UiDrawLog/UiDrawLog23.png	Rate in S-Rank pool:	70%	0	0.0	0.0	0	0.0	0.0	0	0.0	0
130092	9960	<color=#26bbf9>70% rate in S-Rank pool</color>	Assets/Product/Texture/Image/UiDrawLog/UiDrawLog22.png	Assets/Product/Texture/Image/UiDrawLog/UiDrawLog23.png	Rate in S-Rank pool:	70%	0	0.0	0.0	0	0.0	0.0	0	0.0	0
130093	9950	<color=#26bbf9>70% rate in S-Rank pool</color>	Assets/Product/Texture/Image/UiDrawLog/UiDrawLog22.png	Assets/Product/Texture/Image/UiDrawLog/UiDrawLog23.png	Rate in S-Rank pool:	70%	0	0.0	0.0	0	0.0	0.0	0	0.0	0
130094	9940	<color=#26bbf9>70% rate in S-Rank pool</color>	Assets/Product/Texture/Image/UiDrawLog/UiDrawLog22.png	Assets/Product/Texture/Image/UiDrawLog/UiDrawLog23.png	Rate in S-Rank pool:	70%	0	0.0	0.0	0	0.0	0.0	0	0.0	0
130095	9930	<color=#26bbf9>70% rate in S-Rank pool</color>	Assets/Product/Texture/Image/UiDrawLog/UiDrawLog22.png	Assets/Product/Texture/Image/UiDrawLog/UiDrawLog23.png	Rate in S-Rank pool:	70%	0	0.0	0.0	0	0.0	0.0	0	0.0	0
130096	9920	<color=#26bbf9>70% rate in S-Rank pool</color>	Assets/Product/Texture/Image/UiDrawLog/UiDrawLog22.png	Assets/Product/Texture/Image/UiDrawLog/UiDrawLog23.png	Rate in S-Rank pool:	70%	0	0.0	0.0	0	0.0	0.0	0	0.0	0
130097	10000	<color=#26bbf9>70% rate in S-Rank pool</color>	Assets/Product/Texture/Image/UiDrawLog/UiDrawLog22.png	Assets/Product/Texture/Image/UiDrawLog/UiDrawLog23.png	Rate in S-Rank pool:	70%	0	0.0	0.0	0	0.0	0.0	0	0.0	0
130098	9990	<color=#26bbf9>70% rate in S-Rank pool</color>	Assets/Product/Texture/Image/UiDrawLog/UiDrawLog22.png	Assets/Product/Texture/Image/UiDrawLog/UiDrawLog23.png	Rate in S-Rank pool:	70%	0	0.0	0.0	0	0.0	0.0	0	0.0	0
130099	9980	<color=#26bbf9>70% rate in S-Rank pool</color>	Assets/Product/Texture/Image/UiDrawLog/UiDrawLog22.png	Assets/Product/Texture/Image/UiDrawLog/UiDrawLog23.png	Rate in S-Rank pool:	70%	0	0.0	0.0	0	0.0	0.0	0	0.0	0
130100	9970	<color=#26bbf9>70% rate in S-Rank pool</color>	Assets/Product/Texture/Image/UiDrawLog/UiDrawLog22.png	Assets/Product/Texture/Image/UiDrawLog/UiDrawLog23.png	Rate in S-Rank pool:	70%	0	0.0	0.0	0	0.0	0.0	0	0.0	0
130101	9960	<color=#26bbf9>70% rate in S-Rank pool</color>	Assets/Product/Texture/Image/UiDrawLog/UiDrawLog22.png	Assets/Product/Texture/Image/UiDrawLog/UiDrawLog23.png	Rate in S-Rank pool:	70%	0	0.0	0.0	0	0.0	0.0	0	0.0	0
130102	9950	<color=#26bbf9>70% rate in S-Rank pool</color>	Assets/Product/Texture/Image/UiDrawLog/UiDrawLog22.png	Assets/Product/Texture/Image/UiDrawLog/UiDrawLog23.png	Rate in S-Rank pool:	70%	0	0.0	0.0	0	0.0	0.0	0	0.0	0
130103	9940	<color=#26bbf9>70% rate in S-Rank pool</color>	Assets/Product/Texture/Image/UiDrawLog/UiDrawLog22.png	Assets/Product/Texture/Image/UiDrawLog/UiDrawLog23.png	Rate in S-Rank pool:	70%	0	0.0	0.0	0	0.0	0.0	0	0.0	0
130104	9930	<color=#26bbf9>70% rate in S-Rank pool</color>	Assets/Product/Texture/Image/UiDrawLog/UiDrawLog22.png	Assets/Product/Texture/Image/UiDrawLog/UiDrawLog23.png	Rate in S-Rank pool:	70%	0	0.0	0.0	0	0.0	0.0	0	0.0	0
130105	9920	<color=#26bbf9>70% rate in S-Rank pool</color>	Assets/Product/Texture/Image/UiDrawLog/UiDrawLog22.png	Assets/Product/Texture/Image/UiDrawLog/UiDrawLog23.png	Rate in S-Rank pool:	70%	0	0.0	0.0	0	0.0	0.0	0	0.0	0
130106	10000	<color=#26bbf9>70% rate in S-Rank pool</color>	Assets/Product/Texture/Image/UiDrawLog/UiDrawLog22.png	Assets/Product/Texture/Image/UiDrawLog/UiDrawLog23.png	Rate in S-Rank pool:	70%	0	0.0	0.0	0	0.0	0.0	0	0.0	0
130107	9990	<color=#26bbf9>70% rate in S-Rank pool</color>	Assets/Product/Texture/Image/UiDrawLog/UiDrawLog22.png	Assets/Product/Texture/Image/UiDrawLog/UiDrawLog23.png	Rate in S-Rank pool:	70%	0	0.0	0.0	0	0.0	0.0	0	0.0	0
130108	9980	<color=#26bbf9>70% rate in S-Rank pool</color>	Assets/Product/Texture/Image/UiDrawLog/UiDrawLog22.png	Assets/Product/Texture/Image/UiDrawLog/UiDrawLog23.png	Rate in S-Rank pool:	70%	0	0.0	0.0	0	0.0	0.0	0	0.0	0
130109	9970	<color=#26bbf9>70% rate in S-Rank pool</color>	Assets/Product/Texture/Image/UiDrawLog/UiDrawLog22.png	Assets/Product/Texture/Image/UiDrawLog/UiDrawLog23.png	Rate in S-Rank pool:	70%	0	0.0	0.0	0	0.0	0.0	0	0.0	0
130110	9960	<color=#26bbf9>70% rate in S-Rank pool</color>	Assets/Product/Texture/Image/UiDrawLog/UiDrawLog22.png	Assets/Product/Texture/Image/UiDrawLog/UiDrawLog23.png	Rate in S-Rank pool:	70%	0	0.0	0.0	0	0.0	0.0	0	0.0	0
130111	9950	<color=#26bbf9>70% rate in S-Rank pool</color>	Assets/Product/Texture/Image/UiDrawLog/UiDrawLog22.png	Assets/Product/Texture/Image/UiDrawLog/UiDrawLog23.png	Rate in S-Rank pool:	70%	0	0.0	0.0	0	0.0	0.0	0	0.0	0
130112	9940	<color=#26bbf9>70% rate in S-Rank pool</color>	Assets/Product/Texture/Image/UiDrawLog/UiDrawLog22.png	Assets/Product/Texture/Image/UiDrawLog/UiDrawLog23.png	Rate in S-Rank pool:	70%	0	0.0	0.0	0	0.0	0.0	0	0.0	0
130113	9930	<color=#26bbf9>70% rate in S-Rank pool</color>	Assets/Product/Texture/Image/UiDrawLog/UiDrawLog22.png	Assets/Product/Texture/Image/UiDrawLog/UiDrawLog23.png	Rate in S-Rank pool:	70%	0	0.0	0.0	0	0.0	0.0	0	0.0	0
130114	9920	<color=#26bbf9>70% rate in S-Rank pool</color>	Assets/Product/Texture/Image/UiDrawLog/UiDrawLog22.png	Assets/Product/Texture/Image/UiDrawLog/UiDrawLog23.png	Rate in S-Rank pool:	70%	0	0.0	0.0	0	0.0	0.0	0	0.0	0
130115	10000	<color=#26bbf9>70% rate in S-Rank pool</color>	Assets/Product/Texture/Image/UiDrawLog/UiDrawLog22.png	Assets/Product/Texture/Image/UiDrawLog/UiDrawLog23.png	Rate in S-Rank pool:	70%	0	0.0	0.0	0	0.0	0.0	0	0.0	0
130116	9990	<color=#26bbf9>70% rate in S-Rank pool</color>	Assets/Product/Texture/Image/UiDrawLog/UiDrawLog22.png	Assets/Product/Texture/Image/UiDrawLog/UiDrawLog23.png	Rate in S-Rank pool:	70%	0	0.0	0.0	0	0.0	0.0	0	0.0	0
130117	9980	<color=#26bbf9>70% rate in S-Rank pool</color>	Assets/Product/Texture/Image/UiDrawLog/UiDrawLog22.png	Assets/Product/Texture/Image/UiDrawLog/UiDrawLog23.png	Rate in S-Rank pool:	70%	0	0.0	0.0	0	0.0	0.0	0	0.0	0
130118	9970	<color=#26bbf9>70% rate in S-Rank pool</color>	Assets/Product/Texture/Image/UiDrawLog/UiDrawLog22.png	Assets/Product/Texture/Image/UiDrawLog/UiDrawLog23.png	Rate in S-Rank pool:	70%	0	0.0	0.0	0	0.0	0.0	0	0.0	0
130119	9960	<color=#26bbf9>70% rate in S-Rank pool</color>	Assets/Product/Texture/Image/UiDrawLog/UiDrawLog22.png	Assets/Product/Texture/Image/UiDrawLog/UiDrawLog23.png	Rate in S-Rank pool:	70%	0	0.0	0.0	0	0.0	0.0	0	0.0	0
130120	9950	<color=#26bbf9>70% rate in S-Rank pool</color>	Assets/Product/Texture/Image/UiDrawLog/UiDrawLog22.png	Assets/Product/Texture/Image/UiDrawLog/UiDrawLog23.png	Rate in S-Rank pool:	70%	0	0.0	0.0	0	0.0	0.0	0	0.0	0
130121	9940	<color=#26bbf9>70% rate in S-Rank pool</color>	Assets/Product/Texture/Image/UiDrawLog/UiDrawLog22.png	Assets/Product/Texture/Image/UiDrawLog/UiDrawLog23.png	Rate in S-Rank pool:	70%	0	0.0	0.0	0	0.0	0.0	0	0.0	0
130122	9930	<color=#26bbf9>70% rate in S-Rank pool</color>	Assets/Product/Texture/Image/UiDrawLog/UiDrawLog22.png	Assets/Product/Texture/Image/UiDrawLog/UiDrawLog23.png	Rate in S-Rank pool:	70%	0	0.0	0.0	0	0.0	0.0	0	0.0	0
130123	9920	<color=#26bbf9>70% rate in S-Rank pool</color>	Assets/Product/Texture/Image/UiDrawLog/UiDrawLog22.png	Assets/Product/Texture/Image/UiDrawLog/UiDrawLog23.png	Rate in S-Rank pool:	70%	0	0.0	0.0	0	0.0	0.0	0	0.0	0
130124	10000	<color=#26bbf9>70% rate in S-Rank pool</color>	Assets/Product/Texture/Image/UiDrawLog/UiDrawLog22.png	Assets/Product/Texture/Image/UiDrawLog/UiDrawLog23.png	Rate in S-Rank pool:	70%	0	0.0	0.0	0	0.0	0.0	0	0.0	0
130125	9990	<color=#26bbf9>70% rate in S-Rank pool</color>	Assets/Product/Texture/Image/UiDrawLog/UiDrawLog22.png	Assets/Product/Texture/Image/UiDrawLog/UiDrawLog23.png	Rate in S-Rank pool:	70%	0	0.0	0.0	0	0.0	0.0	0	0.0	0
130126	9980	<color=#26bbf9>70% rate in S-Rank pool</color>	Assets/Product/Texture/Image/UiDrawLog/UiDrawLog22.png	Assets/Product/Texture/Image/UiDrawLog/UiDrawLog23.png	Rate in S-Rank pool:	70%	0	0.0	0.0	0	0.0	0.0	0	0.0	0
130127	9970	<color=#26bbf9>70% rate in S-Rank pool</color>	Assets/Product/Texture/Image/UiDrawLog/UiDrawLog22.png	Assets/Product/Texture/Image/UiDrawLog/UiDrawLog23.png	Rate in S-Rank pool:	70%	0	0.0	0.0	0	0.0	0.0	0	0.0	0
130128	9960	<color=#26bbf9>70% rate in S-Rank pool</color>	Assets/Product/Texture/Image/UiDrawLog/UiDrawLog22.png	Assets/Product/Texture/Image/UiDrawLog/UiDrawLog23.png	Rate in S-Rank pool:	70%	0	0.0	0.0	0	0.0	0.0	0	0.0	0
130129	9950	<color=#26bbf9>70% rate in S-Rank pool</color>	Assets/Product/Texture/Image/UiDrawLog/UiDrawLog22.png	Assets/Product/Texture/Image/UiDrawLog/UiDrawLog23.png	Rate in S-Rank pool:	70%	0	0.0	0.0	0	0.0	0.0	0	0.0	0
130130	9940	<color=#26bbf9>70% rate in S-Rank pool</color>	Assets/Product/Texture/Image/UiDrawLog/UiDrawLog22.png	Assets/Product/Texture/Image/UiDrawLog/UiDrawLog23.png	Rate in S-Rank pool:	70%	0	0.0	0.0	0	0.0	0.0	0	0.0	0
130131	9930	<color=#26bbf9>70% rate in S-Rank pool</color>	Assets/Product/Texture/Image/UiDrawLog/UiDrawLog22.png	Assets/Product/Texture/Image/UiDrawLog/UiDrawLog23.png	Rate in S-Rank pool:	70%	0	0.0	0.0	0	0.0	0.0	0	0.0	0
130132	9920	<color=#26bbf9>70% rate in S-Rank pool</color>	Assets/Product/Texture/Image/UiDrawLog/UiDrawLog22.png	Assets/Product/Texture/Image/UiDrawLog/UiDrawLog23.png	Rate in S-Rank pool:	70%	0	0.0	0.0	0	0.0	0.0	0	0.0	0
130133	10000	<color=#26bbf9>70% rate in S-Rank pool</color>	Assets/Product/Texture/Image/UiDrawLog/UiDrawLog22.png	Assets/Product/Texture/Image/UiDrawLog/UiDrawLog23.png	Rate in S-Rank pool:	70%	0	0.0	0.0	0	0.0	0.0	0	0.0	0
130134	9990	<color=#26bbf9>70% rate in S-Rank pool</color>	Assets/Product/Texture/Image/UiDrawLog/UiDrawLog22.png	Assets/Product/Texture/Image/UiDrawLog/UiDrawLog23.png	Rate in S-Rank pool:	70%	0	0.0	0.0	0	0.0	0.0	0	0.0	0
130135	9980	<color=#26bbf9>70% rate in S-Rank pool</color>	Assets/Product/Texture/Image/UiDrawLog/UiDrawLog22.png	Assets/Product/Texture/Image/UiDrawLog/UiDrawLog23.png	Rate in S-Rank pool:	70%	0	0.0	0.0	0	0.0	0.0	0	0.0	0
130136	9970	<color=#26bbf9>70% rate in S-Rank pool</color>	Assets/Product/Texture/Image/UiDrawLog/UiDrawLog22.png	Assets/Product/Texture/Image/UiDrawLog/UiDrawLog23.png	Rate in S-Rank pool:	70%	0	0.0	0.0	0	0.0	0.0	0	0.0	0
130137	9960	<color=#26bbf9>70% rate in S-Rank pool</color>	Assets/Product/Texture/Image/UiDrawLog/UiDrawLog22.png	Assets/Product/Texture/Image/UiDrawLog/UiDrawLog23.png	Rate in S-Rank pool:	70%	0	0.0	0.0	0	0.0	0.0	0	0.0	0
130138	9950	<color=#26bbf9>70% rate in S-Rank pool</color>	Assets/Product/Texture/Image/UiDrawLog/UiDrawLog22.png	Assets/Product/Texture/Image/UiDrawLog/UiDrawLog23.png	Rate in S-Rank pool:	70%	0	0.0	0.0	0	0.0	0.0	0	0.0	0
130139	10000	<color=#26bbf9>70% rate in S-Rank pool</color>	Assets/Product/Texture/Image/UiDrawLog/UiDrawLog22.png	Assets/Product/Texture/Image/UiDrawLog/UiDrawLog23.png	Rate in S-Rank pool:	70%	0	0.0	0.0	0	0.0	0.0	0	0.0	0
130140	9990	<color=#26bbf9>70% rate in S-Rank pool</color>	Assets/Product/Texture/Image/UiDrawLog/UiDrawLog22.png	Assets/Product/Texture/Image/UiDrawLog/UiDrawLog23.png	Rate in S-Rank pool:	70%	0	0.0	0.0	0	0.0	0.0	0	0.0	0
130141	9980	<color=#26bbf9>70% rate in S-Rank pool</color>	Assets/Product/Texture/Image/UiDrawLog/UiDrawLog22.png	Assets/Product/Texture/Image/UiDrawLog/UiDrawLog23.png	Rate in S-Rank pool:	70%	0	0.0	0.0	0	0.0	0.0	0	0.0	0
130142	9970	<color=#26bbf9>70% rate in S-Rank pool</color>	Assets/Product/Texture/Image/UiDrawLog/UiDrawLog22.png	Assets/Product/Texture/Image/UiDrawLog/UiDrawLog23.png	Rate in S-Rank pool:	70%	0	0.0	0.0	0	0.0	0.0	0	0.0	0
130143	9960	<color=#26bbf9>70% rate in S-Rank pool</color>	Assets/Product/Texture/Image/UiDrawLog/UiDrawLog22.png	Assets/Product/Texture/Image/UiDrawLog/UiDrawLog23.png	Rate in S-Rank pool:	70%	0	0.0	0.0	0	0.0	0.0	0	0.0	0
130144	9950	<color=#26bbf9>70% rate in S-Rank pool</color>	Assets/Product/Texture/Image/UiDrawLog/UiDrawLog22.png	Assets/Product/Texture/Image/UiDrawLog/UiDrawLog23.png	Rate in S-Rank pool:	70%	0	0.0	0.0	0	0.0	0.0	0	0.0	0
130145	10000	<color=#26bbf9>70% rate in S-Rank pool</color>	Assets/Product/Texture/Image/UiDrawLog/UiDrawLog22.png	Assets/Product/Texture/Image/UiDrawLog/UiDrawLog23.png	Rate in S-Rank pool:	70%	0	0.0	0.0	0	0.0	0.0	0	0.0	0
130146	9990	<color=#26bbf9>70% rate in S-Rank pool</color>	Assets/Product/Texture/Image/UiDrawLog/UiDrawLog22.png	Assets/Product/Texture/Image/UiDrawLog/UiDrawLog23.png	Rate in S-Rank pool:	70%	0	0.0	0.0	0	0.0	0.0	0	0.0	0
130147	9980	<color=#26bbf9>70% rate in S-Rank pool</color>	Assets/Product/Texture/Image/UiDrawLog/UiDrawLog22.png	Assets/Product/Texture/Image/UiDrawLog/UiDrawLog23.png	Rate in S-Rank pool:	70%	0	0.0	0.0	0	0.0	0.0	0	0.0	0
130148	9970	<color=#26bbf9>70% rate in S-Rank pool</color>	Assets/Product/Texture/Image/UiDrawLog/UiDrawLog22.png	Assets/Product/Texture/Image/UiDrawLog/UiDrawLog23.png	Rate in S-Rank pool:	70%	0	0.0	0.0	0	0.0	0.0	0	0.0	0
130149	9960	<color=#26bbf9>70% rate in S-Rank pool</color>	Assets/Product/Texture/Image/UiDrawLog/UiDrawLog22.png	Assets/Product/Texture/Image/UiDrawLog/UiDrawLog23.png	Rate in S-Rank pool:	70%	0	0.0	0.0	0	0.0	0.0	0	0.0	0
130150	9950	<color=#26bbf9>70% rate in S-Rank pool</color>	Assets/Product/Texture/Image/UiDrawLog/UiDrawLog22.png	Assets/Product/Texture/Image/UiDrawLog/UiDrawLog23.png	Rate in S-Rank pool:	70%	0	0.0	0.0	0	0.0	0.0	0	0.0	0
130151	9940	<color=#26bbf9>70% rate in S-Rank pool</color>	Assets/Product/Texture/Image/UiDrawLog/UiDrawLog22.png	Assets/Product/Texture/Image/UiDrawLog/UiDrawLog23.png	Rate in S-Rank pool:	70%	0	0.0	0.0	0	0.0	0.0	0	0.0	0
130152	9930	<color=#26bbf9>70% rate in S-Rank pool</color>	Assets/Product/Texture/Image/UiDrawLog/UiDrawLog22.png	Assets/Product/Texture/Image/UiDrawLog/UiDrawLog23.png	Rate in S-Rank pool:	70%	0	0.0	0.0	0	0.0	0.0	0	0.0	0
130153	9920	<color=#26bbf9>70% rate in S-Rank pool</color>	Assets/Product/Texture/Image/UiDrawLog/UiDrawLog22.png	Assets/Product/Texture/Image/UiDrawLog/UiDrawLog23.png	Rate in S-Rank pool:	70%	0	0.0	0.0	0	0.0	0.0	0	0.0	0
130154	10000	<color=#26bbf9>70% rate in S-Rank pool</color>	Assets/Product/Texture/Image/UiDrawLog/UiDrawLog22.png	Assets/Product/Texture/Image/UiDrawLog/UiDrawLog23.png	Rate in S-Rank pool:	70%	0	0.0	0.0	0	0.0	0.0	0	0.0	0
130155	9990	<color=#26bbf9>70% rate in S-Rank pool</color>	Assets/Product/Texture/Image/UiDrawLog/UiDrawLog22.png	Assets/Product/Texture/Image/UiDrawLog/UiDrawLog23.png	Rate in S-Rank pool:	70%	0	0.0	0.0	0	0.0	0.0	0	0.0	0
130156	9980	<color=#26bbf9>70% rate in S-Rank pool</color>	Assets/Product/Texture/Image/UiDrawLog/UiDrawLog22.png	Assets/Product/Texture/Image/UiDrawLog/UiDrawLog23.png	Rate in S-Rank pool:	70%	0	0.0	0.0	0	0.0	0.0	0	0.0	0
130157	9970	<color=#26bbf9>70% rate in S-Rank pool</color>	Assets/Product/Texture/Image/UiDrawLog/UiDrawLog22.png	Assets/Product/Texture/Image/UiDrawLog/UiDrawLog23.png	Rate in S-Rank pool:	70%	0	0.0	0.0	0	0.0	0.0	0	0.0	0
130158	9960	<color=#26bbf9>70% rate in S-Rank pool</color>	Assets/Product/Texture/Image/UiDrawLog/UiDrawLog22.png	Assets/Product/Texture/Image/UiDrawLog/UiDrawLog23.png	Rate in S-Rank pool:	70%	0	0.0	0.0	0	0.0	0.0	0	0.0	0
130159	9950	<color=#26bbf9>70% rate in S-Rank pool</color>	Assets/Product/Texture/Image/UiDrawLog/UiDrawLog22.png	Assets/Product/Texture/Image/UiDrawLog/UiDrawLog23.png	Rate in S-Rank pool:	70%	0	0.0	0.0	0	0.0	0.0	0	0.0	0
130160	9940	<color=#26bbf9>70% rate in S-Rank pool</color>	Assets/Product/Texture/Image/UiDrawLog/UiDrawLog22.png	Assets/Product/Texture/Image/UiDrawLog/UiDrawLog23.png	Rate in S-Rank pool:	70%	0	0.0	0.0	0	0.0	0.0	0	0.0	0
130161	9930	<color=#26bbf9>70% rate in S-Rank pool</color>	Assets/Product/Texture/Image/UiDrawLog/UiDrawLog22.png	Assets/Product/Texture/Image/UiDrawLog/UiDrawLog23.png	Rate in S-Rank pool:	70%	0	0.0	0.0	0	0.0	0.0	0	0.0	0
130162	9920	<color=#26bbf9>70% rate in S-Rank pool</color>	Assets/Product/Texture/Image/UiDrawLog/UiDrawLog22.png	Assets/Product/Texture/Image/UiDrawLog/UiDrawLog23.png	Rate in S-Rank pool:	70%	0	0.0	0.0	0	0.0	0.0	0	0.0	0
130163	10000	<color=#26bbf9>70% rate in S-Rank pool</color>	Assets/Product/Texture/Image/UiDrawLog/UiDrawLog22.png	Assets/Product/Texture/Image/UiDrawLog/UiDrawLog23.png	Rate in S-Rank pool:	70%	0	0.0	0.0	0	0.0	0.0	0	0.0	0
130164	9990	<color=#26bbf9>70% rate in S-Rank pool</color>	Assets/Product/Texture/Image/UiDrawLog/UiDrawLog22.png	Assets/Product/Texture/Image/UiDrawLog/UiDrawLog23.png	Rate in S-Rank pool:	70%	0	0.0	0.0	0	0.0	0.0	0	0.0	0
130165	9980	<color=#26bbf9>70% rate in S-Rank pool</color>	Assets/Product/Texture/Image/UiDrawLog/UiDrawLog22.png	Assets/Product/Texture/Image/UiDrawLog/UiDrawLog23.png	Rate in S-Rank pool:	70%	0	0.0	0.0	0	0.0	0.0	0	0.0	0
130166	9970	<color=#26bbf9>70% rate in S-Rank pool</color>	Assets/Product/Texture/Image/UiDrawLog/UiDrawLog22.png	Assets/Product/Texture/Image/UiDrawLog/UiDrawLog23.png	Rate in S-Rank pool:	70%	0	0.0	0.0	0	0.0	0.0	0	0.0	0
130167	9960	<color=#26bbf9>70% rate in S-Rank pool</color>	Assets/Product/Texture/Image/UiDrawLog/UiDrawLog22.png	Assets/Product/Texture/Image/UiDrawLog/UiDrawLog23.png	Rate in S-Rank pool:	70%	0	0.0	0.0	0	0.0	0.0	0	0.0	0
130168	9950	<color=#26bbf9>70% rate in S-Rank pool</color>	Assets/Product/Texture/Image/UiDrawLog/UiDrawLog22.png	Assets/Product/Texture/Image/UiDrawLog/UiDrawLog23.png	Rate in S-Rank pool:	70%	0	0.0	0.0	0	0.0	0.0	0	0.0	0
130169	10000	<color=#26bbf9>70% rate in S-Rank pool</color>	Assets/Product/Texture/Image/UiDrawLog/UiDrawLog22.png	Assets/Product/Texture/Image/UiDrawLog/UiDrawLog23.png	Rate in S-Rank pool:	70%	0	0.0	0.0	0	0.0	0.0	0	0.0	0
130170	9990	<color=#26bbf9>70% rate in S-Rank pool</color>	Assets/Product/Texture/Image/UiDrawLog/UiDrawLog22.png	Assets/Product/Texture/Image/UiDrawLog/UiDrawLog23.png	Rate in S-Rank pool:	70%	0	0.0	0.0	0	0.0	0.0	0	0.0	0
130171	9980	<color=#26bbf9>70% rate in S-Rank pool</color>	Assets/Product/Texture/Image/UiDrawLog/UiDrawLog22.png	Assets/Product/Texture/Image/UiDrawLog/UiDrawLog23.png	Rate in S-Rank pool:	70%	0	0.0	0.0	0	0.0	0.0	0	0.0	0
130172	9970	<color=#26bbf9>70% rate in S-Rank pool</color>	Assets/Product/Texture/Image/UiDrawLog/UiDrawLog22.png	Assets/Product/Texture/Image/UiDrawLog/UiDrawLog23.png	Rate in S-Rank pool:	70%	0	0.0	0.0	0	0.0	0.0	0	0.0	0
130173	9960	<color=#26bbf9>70% rate in S-Rank pool</color>	Assets/Product/Texture/Image/UiDrawLog/UiDrawLog22.png	Assets/Product/Texture/Image/UiDrawLog/UiDrawLog23.png	Rate in S-Rank pool:	70%	0	0.0	0.0	0	0.0	0.0	0	0.0	0
130174	9950	<color=#26bbf9>70% rate in S-Rank pool</color>	Assets/Product/Texture/Image/UiDrawLog/UiDrawLog22.png	Assets/Product/Texture/Image/UiDrawLog/UiDrawLog23.png	Rate in S-Rank pool:	70%	0	0.0	0.0	0	0.0	0.0	0	0.0	0
130175	10000	<color=#26bbf9>70% rate in S-Rank pool</color>	Assets/Product/Texture/Image/UiDrawLog/UiDrawLog22.png	Assets/Product/Texture/Image/UiDrawLog/UiDrawLog23.png	Rate in S-Rank pool:	70%	0	0.0	0.0	0	0.0	0.0	0	0.0	0
130176	9990	<color=#26bbf9>70% rate in S-Rank pool</color>	Assets/Product/Texture/Image/UiDrawLog/UiDrawLog22.png	Assets/Product/Texture/Image/UiDrawLog/UiDrawLog23.png	Rate in S-Rank pool:	70%	0	0.0	0.0	0	0.0	0.0	0	0.0	0
130177	9980	<color=#26bbf9>70% rate in S-Rank pool</color>	Assets/Product/Texture/Image/UiDrawLog/UiDrawLog22.png	Assets/Product/Texture/Image/UiDrawLog/UiDrawLog23.png	Rate in S-Rank pool:	70%	0	0.0	0.0	0	0.0	0.0	0	0.0	0
130178	9970	<color=#26bbf9>70% rate in S-Rank pool</color>	Assets/Product/Texture/Image/UiDrawLog/UiDrawLog22.png	Assets/Product/Texture/Image/UiDrawLog/UiDrawLog23.png	Rate in S-Rank pool:	70%	0	0.0	0.0	0	0.0	0.0	0	0.0	0
130179	9960	<color=#26bbf9>70% rate in S-Rank pool</color>	Assets/Product/Texture/Image/UiDrawLog/UiDrawLog22.png	Assets/Product/Texture/Image/UiDrawLog/UiDrawLog23.png	Rate in S-Rank pool:	70%	0	0.0	0.0	0	0.0	0.0	0	0.0	0
130180	9950	<color=#26bbf9>70% rate in S-Rank pool</color>	Assets/Product/Texture/Image/UiDrawLog/UiDrawLog22.png	Assets/Product/Texture/Image/UiDrawLog/UiDrawLog23.png	Rate in S-Rank pool:	70%	0	0.0	0.0	0	0.0	0.0	0	0.0	0
130181	9940	<color=#26bbf9>70% rate in S-Rank pool</color>	Assets/Product/Texture/Image/UiDrawLog/UiDrawLog22.png	Assets/Product/Texture/Image/UiDrawLog/UiDrawLog23.png	Rate in S-Rank pool:	70%	0	0.0	0.0	0	0.0	0.0	0	0.0	0
130182	9930	<color=#26bbf9>70% rate in S-Rank pool</color>	Assets/Product/Texture/Image/UiDrawLog/UiDrawLog22.png	Assets/Product/Texture/Image/UiDrawLog/UiDrawLog23.png	Rate in S-Rank pool:	70%	0	0.0	0.0	0	0.0	0.0	0	0.0	0
130183	9920	<color=#26bbf9>70% rate in S-Rank pool</color>	Assets/Product/Texture/Image/UiDrawLog/UiDrawLog22.png	Assets/Product/Texture/Image/UiDrawLog/UiDrawLog23.png	Rate in S-Rank pool:	70%	0	0.0	0.0	0	0.0	0.0	0	0.0	0
130184	10000	<color=#26bbf9>70% rate in S-Rank pool</color>	Assets/Product/Texture/Image/UiDrawLog/UiDrawLog22.png	Assets/Product/Texture/Image/UiDrawLog/UiDrawLog23.png	Rate in S-Rank pool:	70%	0	0.0	0.0	0	0.0	0.0	0	0.0	0
130185	9990	<color=#26bbf9>70% rate in S-Rank pool</color>	Assets/Product/Texture/Image/UiDrawLog/UiDrawLog22.png	Assets/Product/Texture/Image/UiDrawLog/UiDrawLog23.png	Rate in S-Rank pool:	70%	0	0.0	0.0	0	0.0	0.0	0	0.0	0
130186	9980	<color=#26bbf9>70% rate in S-Rank pool</color>	Assets/Product/Texture/Image/UiDrawLog/UiDrawLog22.png	Assets/Product/Texture/Image/UiDrawLog/UiDrawLog23.png	Rate in S-Rank pool:	70%	0	0.0	0.0	0	0.0	0.0	0	0.0	0
130187	9970	<color=#26bbf9>70% rate in S-Rank pool</color>	Assets/Product/Texture/Image/UiDrawLog/UiDrawLog22.png	Assets/Product/Texture/Image/UiDrawLog/UiDrawLog23.png	Rate in S-Rank pool:	70%	0	0.0	0.0	0	0.0	0.0	0	0.0	0
130188	9960	<color=#26bbf9>70% rate in S-Rank pool</color>	Assets/Product/Texture/Image/UiDrawLog/UiDrawLog22.png	Assets/Product/Texture/Image/UiDrawLog/UiDrawLog23.png	Rate in S-Rank pool:	70%	0	0.0	0.0	0	0.0	0.0	0	0.0	0
130189	9950	<color=#26bbf9>70% rate in S-Rank pool</color>	Assets/Product/Texture/Image/UiDrawLog/UiDrawLog22.png	Assets/Product/Texture/Image/UiDrawLog/UiDrawLog23.png	Rate in S-Rank pool:	70%	0	0.0	0.0	0	0.0	0.0	0	0.0	0
130190	9940	<color=#26bbf9>70% rate in S-Rank pool</color>	Assets/Product/Texture/Image/UiDrawLog/UiDrawLog22.png	Assets/Product/Texture/Image/UiDrawLog/UiDrawLog23.png	Rate in S-Rank pool:	70%	0	0.0	0.0	0	0.0	0.0	0	0.0	0
130191	9930	<color=#26bbf9>70% rate in S-Rank pool</color>	Assets/Product/Texture/Image/UiDrawLog/UiDrawLog22.png	Assets/Product/Texture/Image/UiDrawLog/UiDrawLog23.png	Rate in S-Rank pool:	70%	0	0.0	0.0	0	0.0	0.0	0	0.0	0
130192	9920	<color=#26bbf9>70% rate in S-Rank pool</color>	Assets/Product/Texture/Image/UiDrawLog/UiDrawLog22.png	Assets/Product/Texture/Image/UiDrawLog/UiDrawLog23.png	Rate in S-Rank pool:	70%	0	0.0	0.0	0	0.0	0.0	0	0.0	0
130193	10000	<color=#26bbf9>70% rate in S-Rank pool</color>	Assets/Product/Texture/Image/UiDrawLog/UiDrawLog22.png	Assets/Product/Texture/Image/UiDrawLog/UiDrawLog23.png	Rate in S-Rank pool:	70%	0	0.0	0.0	0	0.0	0.0	0	0.0	0
130194	9990	<color=#26bbf9>70% rate in S-Rank pool</color>	Assets/Product/Texture/Image/UiDrawLog/UiDrawLog22.png	Assets/Product/Texture/Image/UiDrawLog/UiDrawLog23.png	Rate in S-Rank pool:	70%	0	0.0	0.0	0	0.0	0.0	0	0.0	0
130195	9980	<color=#26bbf9>70% rate in S-Rank pool</color>	Assets/Product/Texture/Image/UiDrawLog/UiDrawLog22.png	Assets/Product/Texture/Image/UiDrawLog/UiDrawLog23.png	Rate in S-Rank pool:	70%	0	0.0	0.0	0	0.0	0.0	0	0.0	0
130196	9970	<color=#26bbf9>70% rate in S-Rank pool</color>	Assets/Product/Texture/Image/UiDrawLog/UiDrawLog22.png	Assets/Product/Texture/Image/UiDrawLog/UiDrawLog23.png	Rate in S-Rank pool:	70%	0	0.0	0.0	0	0.0	0.0	0	0.0	0
130197	9960	<color=#26bbf9>70% rate in S-Rank pool</color>	Assets/Product/Texture/Image/UiDrawLog/UiDrawLog22.png	Assets/Product/Texture/Image/UiDrawLog/UiDrawLog23.png	Rate in S-Rank pool:	70%	0	0.0	0.0	0	0.0	0.0	0	0.0	0
130198	9950	<color=#26bbf9>70% rate in S-Rank pool</color>	Assets/Product/Texture/Image/UiDrawLog/UiDrawLog22.png	Assets/Product/Texture/Image/UiDrawLog/UiDrawLog23.png	Rate in S-Rank pool:	70%	0	0.0	0.0	0	0.0	0.0	0	0.0	0
130199	10000	<color=#26bbf9>70% rate in S-Rank pool</color>	Assets/Product/Texture/Image/UiDrawLog/UiDrawLog22.png	Assets/Product/Texture/Image/UiDrawLog/UiDrawLog23.png	Rate in S-Rank pool:	70%	0	0.0	0.0	0	0.0	0.0	0	0.0	0
130200	9990	<color=#26bbf9>70% rate in S-Rank pool</color>	Assets/Product/Texture/Image/UiDrawLog/UiDrawLog22.png	Assets/Product/Texture/Image/UiDrawLog/UiDrawLog23.png	Rate in S-Rank pool:	70%	0	0.0	0.0	0	0.0	0.0	0	0.0	0
130201	9980	<color=#26bbf9>70% rate in S-Rank pool</color>	Assets/Product/Texture/Image/UiDrawLog/UiDrawLog22.png	Assets/Product/Texture/Image/UiDrawLog/UiDrawLog23.png	Rate in S-Rank pool:	70%	0	0.0	0.0	0	0.0	0.0	0	0.0	0
130202	9970	<color=#26bbf9>70% rate in S-Rank pool</color>	Assets/Product/Texture/Image/UiDrawLog/UiDrawLog22.png	Assets/Product/Texture/Image/UiDrawLog/UiDrawLog23.png	Rate in S-Rank pool:	70%	0	0.0	0.0	0	0.0	0.0	0	0.0	0
130203	9960	<color=#26bbf9>70% rate in S-Rank pool</color>	Assets/Product/Texture/Image/UiDrawLog/UiDrawLog22.png	Assets/Product/Texture/Image/UiDrawLog/UiDrawLog23.png	Rate in S-Rank pool:	70%	0	0.0	0.0	0	0.0	0.0	0	0.0	0
130204	9950	<color=#26bbf9>70% rate in S-Rank pool</color>	Assets/Product/Texture/Image/UiDrawLog/UiDrawLog22.png	Assets/Product/Texture/Image/UiDrawLog/UiDrawLog23.png	Rate in S-Rank pool:	70%	0	0.0	0.0	0	0.0	0.0	0	0.0	0
170001	9980	<color=#26bbf9>70% rate in S-Rank pool</color>	Assets/Product/Texture/Image/UiDrawLog/UiDrawLog22.png	Assets/Product/Texture/Image/UiDrawLog/UiDrawLog23.png	Rate in S-Rank pool:	70%	0	0.0	0.0	0	0.0	0.0	0	0.0	0
170002	9980	<color=#26bbf9>70% rate in S-Rank pool</color>	Assets/Product/Texture/Image/UiDrawLog/UiDrawLog22.png	Assets/Product/Texture/Image/UiDrawLog/UiDrawLog23.png	Rate in S-Rank pool:	70%	0	0.0	0.0	0	0.0	0.0	0	0.0	0
170003	9970	<color=#26bbf9>70% rate in S-Rank pool</color>	Assets/Product/Texture/Image/UiDrawLog/UiDrawLog22.png	Assets/Product/Texture/Image/UiDrawLog/UiDrawLog23.png	Rate in S-Rank pool:	70%	0	0.0	0.0	0	0.0	0.0	0	0.0	0
170004	9970	<color=#26bbf9>70% rate in S-Rank pool</color>	Assets/Product/Texture/Image/UiDrawLog/UiDrawLog22.png	Assets/Product/Texture/Image/UiDrawLog/UiDrawLog23.png	Rate in S-Rank pool:	70%	0	0.0	0.0	0	0.0	0.0	0	0.0	0
170005	9980	<color=#26bbf9>70% rate in S-Rank pool</color>	Assets/Product/Texture/Image/UiDrawLog/UiDrawLog22.png	Assets/Product/Texture/Image/UiDrawLog/UiDrawLog23.png	Rate in S-Rank pool:	70%	0	0.0	0.0	0	0.0	0.0	0	0.0	0
170006	9980	<color=#26bbf9>70% rate in S-Rank pool</color>	Assets/Product/Texture/Image/UiDrawLog/UiDrawLog22.png	Assets/Product/Texture/Image/UiDrawLog/UiDrawLog23.png	Rate in S-Rank pool:	70%	0	0.0	0.0	0	0.0	0.0	0	0.0	0
170007	9970	<color=#26bbf9>70% rate in S-Rank pool</color>	Assets/Product/Texture/Image/UiDrawLog/UiDrawLog22.png	Assets/Product/Texture/Image/UiDrawLog/UiDrawLog23.png	Rate in S-Rank pool:	70%	0	0.0	0.0	0	0.0	0.0	0	0.0	0
170008	9970	<color=#26bbf9>70% rate in S-Rank pool</color>	Assets/Product/Texture/Image/UiDrawLog/UiDrawLog22.png	Assets/Product/Texture/Image/UiDrawLog/UiDrawLog23.png	Rate in S-Rank pool:	70%	0	0.0	0.0	0	0.0	0.0	0	0.0	0
170009	9970	<color=#26bbf9>70% rate in S-Rank pool</color>	Assets/Product/Texture/Image/UiDrawLog/UiDrawLog22.png	Assets/Product/Texture/Image/UiDrawLog/UiDrawLog23.png	Rate in S-Rank pool:	70%	0	0.0	0.0	0	0.0	0.0	0	0.0	0
170010	9970	<color=#26bbf9>70% rate in S-Rank pool</color>	Assets/Product/Texture/Image/UiDrawLog/UiDrawLog22.png	Assets/Product/Texture/Image/UiDrawLog/UiDrawLog23.png	Rate in S-Rank pool:	70%	0	0.0	0.0	0	0.0	0.0	0	0.0	0
170011	9980	<color=#26bbf9>70% rate in S-Rank pool</color>	Assets/Product/Texture/Image/UiDrawLog/UiDrawLog22.png	Assets/Product/Texture/Image/UiDrawLog/UiDrawLog23.png	Rate in S-Rank pool:	70%	0	0.0	0.0	0	0.0	0.0	0	0.0	0
170012	9980	<color=#26bbf9>70% rate in S-Rank pool</color>	Assets/Product/Texture/Image/UiDrawLog/UiDrawLog22.png	Assets/Product/Texture/Image/UiDrawLog/UiDrawLog23.png	Rate in S-Rank pool:	70%	0	0.0	0.0	0	0.0	0.0	0	0.0	0
170013	9980	<color=#26bbf9>70% rate in S-Rank pool</color>	Assets/Product/Texture/Image/UiDrawLog/UiDrawLog22.png	Assets/Product/Texture/Image/UiDrawLog/UiDrawLog23.png	Rate in S-Rank pool:	70%	0	0.0	0.0	0	0.0	0.0	0	0.0	0
170014	9980	<color=#26bbf9>70% rate in S-Rank pool</color>	Assets/Product/Texture/Image/UiDrawLog/UiDrawLog22.png	Assets/Product/Texture/Image/UiDrawLog/UiDrawLog23.png	Rate in S-Rank pool:	70%	0	0.0	0.0	0	0.0	0.0	0	0.0	0
170015	9970	<color=#26bbf9>70% rate in S-Rank pool</color>	Assets/Product/Texture/Image/UiDrawLog/UiDrawLog22.png	Assets/Product/Texture/Image/UiDrawLog/UiDrawLog23.png	Rate in S-Rank pool:	70%	0	0.0	0.0	0	0.0	0.0	0	0.0	0
170016	9970	<color=#26bbf9>70% rate in S-Rank pool</color>	Assets/Product/Texture/Image/UiDrawLog/UiDrawLog22.png	Assets/Product/Texture/Image/UiDrawLog/UiDrawLog23.png	Rate in S-Rank pool:	70%	0	0.0	0.0	0	0.0	0.0	0	0.0	0
170017	9970	<color=#26bbf9>70% rate in S-Rank pool</color>	Assets/Product/Texture/Image/UiDrawLog/UiDrawLog22.png	Assets/Product/Texture/Image/UiDrawLog/UiDrawLog23.png	Rate in S-Rank pool:	70%	0	0.0	0.0	0	0.0	0.0	0	0.0	0
170018	9970	<color=#26bbf9>70% rate in S-Rank pool</color>	Assets/Product/Texture/Image/UiDrawLog/UiDrawLog22.png	Assets/Product/Texture/Image/UiDrawLog/UiDrawLog23.png	Rate in S-Rank pool:	70%	0	0.0	0.0	0	0.0	0.0	0	0.0	0
170019	9980	<color=#26bbf9>70% rate in S-Rank pool</color>	Assets/Product/Texture/Image/UiDrawLog/UiDrawLog22.png	Assets/Product/Texture/Image/UiDrawLog/UiDrawLog23.png	Rate in S-Rank pool:	70%	0	0.0	0.0	0	0.0	0.0	0	0.0	0
170020	9980	<color=#26bbf9>70% rate in S-Rank pool</color>	Assets/Product/Texture/Image/UiDrawLog/UiDrawLog22.png	Assets/Product/Texture/Image/UiDrawLog/UiDrawLog23.png	Rate in S-Rank pool:	70%	0	0.0	0.0	0	0.0	0.0	0	0.0	0
170021	9980	<color=#26bbf9>70% rate in S-Rank pool</color>	Assets/Product/Texture/Image/UiDrawLog/UiDrawLog22.png	Assets/Product/Texture/Image/UiDrawLog/UiDrawLog23.png	Rate in S-Rank pool:	70%	0	0.0	0.0	0	0.0	0.0	0	0.0	0
170022	9980	<color=#26bbf9>70% rate in S-Rank pool</color>	Assets/Product/Texture/Image/UiDrawLog/UiDrawLog22.png	Assets/Product/Texture/Image/UiDrawLog/UiDrawLog23.png	Rate in S-Rank pool:	70%	0	0.0	0.0	0	0.0	0.0	0	0.0	0
170023	9970	<color=#26bbf9>70% rate in S-Rank pool</color>	Assets/Product/Texture/Image/UiDrawLog/UiDrawLog22.png	Assets/Product/Texture/Image/UiDrawLog/UiDrawLog23.png	Rate in S-Rank pool:	70%	0	0.0	0.0	0	0.0	0.0	0	0.0	0
170024	9970	<color=#26bbf9>70% rate in S-Rank pool</color>	Assets/Product/Texture/Image/UiDrawLog/UiDrawLog22.png	Assets/Product/Texture/Image/UiDrawLog/UiDrawLog23.png	Rate in S-Rank pool:	70%	0	0.0	0.0	0	0.0	0.0	0	0.0	0
170025	9980	<color=#26bbf9>70% rate in S-Rank pool</color>	Assets/Product/Texture/Image/UiDrawLog/UiDrawLog22.png	Assets/Product/Texture/Image/UiDrawLog/UiDrawLog23.png	Rate in S-Rank pool:	70%	0	0.0	0.0	0	0.0	0.0	0	0.0	0
170026	9980	<color=#26bbf9>70% rate in S-Rank pool</color>	Assets/Product/Texture/Image/UiDrawLog/UiDrawLog22.png	Assets/Product/Texture/Image/UiDrawLog/UiDrawLog23.png	Rate in S-Rank pool:	70%	0	0.0	0.0	0	0.0	0.0	0	0.0	0
170027	9970	<color=#26bbf9>70% rate in S-Rank pool</color>	Assets/Product/Texture/Image/UiDrawLog/UiDrawLog22.png	Assets/Product/Texture/Image/UiDrawLog/UiDrawLog23.png	Rate in S-Rank pool:	70%	0	0.0	0.0	0	0.0	0.0	0	0.0	0
170028	9970	<color=#26bbf9>70% rate in S-Rank pool</color>	Assets/Product/Texture/Image/UiDrawLog/UiDrawLog22.png	Assets/Product/Texture/Image/UiDrawLog/UiDrawLog23.png	Rate in S-Rank pool:	70%	0	0.0	0.0	0	0.0	0.0	0	0.0	0
170029	9970	<color=#26bbf9>70% rate in S-Rank pool</color>	Assets/Product/Texture/Image/UiDrawLog/UiDrawLog22.png	Assets/Product/Texture/Image/UiDrawLog/UiDrawLog23.png	Rate in S-Rank pool:	70%	0	0.0	0.0	0	0.0	0.0	0	0.0	0
170030	9970	<color=#26bbf9>70% rate in S-Rank pool</color>	Assets/Product/Texture/Image/UiDrawLog/UiDrawLog22.png	Assets/Product/Texture/Image/UiDrawLog/UiDrawLog23.png	Rate in S-Rank pool:	70%	0	0.0	0.0	0	0.0	0.0	0	0.0	0
170031	9980	<color=#26bbf9>70% rate in S-Rank pool</color>	Assets/Product/Texture/Image/UiDrawLog/UiDrawLog22.png	Assets/Product/Texture/Image/UiDrawLog/UiDrawLog23.png	Rate in S-Rank pool:	70%	0	0.0	0.0	0	0.0	0.0	0	0.0	0
170032	9980	<color=#26bbf9>70% rate in S-Rank pool</color>	Assets/Product/Texture/Image/UiDrawLog/UiDrawLog22.png	Assets/Product/Texture/Image/UiDrawLog/UiDrawLog23.png	Rate in S-Rank pool:	70%	0	0.0	0.0	0	0.0	0.0	0	0.0	0
170033	9980	<color=#26bbf9>70% rate in S-Rank pool</color>	Assets/Product/Texture/Image/UiDrawLog/UiDrawLog22.png	Assets/Product/Texture/Image/UiDrawLog/UiDrawLog23.png	Rate in S-Rank pool:	70%	0	0.0	0.0	0	0.0	0.0	0	0.0	0
170034	9980	<color=#26bbf9>70% rate in S-Rank pool</color>	Assets/Product/Texture/Image/UiDrawLog/UiDrawLog22.png	Assets/Product/Texture/Image/UiDrawLog/UiDrawLog23.png	Rate in S-Rank pool:	70%	0	0.0	0.0	0	0.0	0.0	0	0.0	0
170035	9970	<color=#26bbf9>70% rate in S-Rank pool</color>	Assets/Product/Texture/Image/UiDrawLog/UiDrawLog22.png	Assets/Product/Texture/Image/UiDrawLog/UiDrawLog23.png	Rate in S-Rank pool:	70%	0	0.0	0.0	0	0.0	0.0	0	0.0	0
170036	9970	<color=#26bbf9>70% rate in S-Rank pool</color>	Assets/Product/Texture/Image/UiDrawLog/UiDrawLog22.png	Assets/Product/Texture/Image/UiDrawLog/UiDrawLog23.png	Rate in S-Rank pool:	70%	0	0.0	0.0	0	0.0	0.0	0	0.0	0
170037	9980	<color=#26bbf9>70% rate in S-Rank pool</color>	Assets/Product/Texture/Image/UiDrawLog/UiDrawLog22.png	Assets/Product/Texture/Image/UiDrawLog/UiDrawLog23.png	Rate in S-Rank pool:	70%	0	0.0	0.0	0	0.0	0.0	0	0.0	0
170038	9980	<color=#26bbf9>70% rate in S-Rank pool</color>	Assets/Product/Texture/Image/UiDrawLog/UiDrawLog22.png	Assets/Product/Texture/Image/UiDrawLog/UiDrawLog23.png	Rate in S-Rank pool:	70%	0	0.0	0.0	0	0.0	0.0	0	0.0	0
170039	9970	<color=#26bbf9>70% rate in S-Rank pool</color>	Assets/Product/Texture/Image/UiDrawLog/UiDrawLog22.png	Assets/Product/Texture/Image/UiDrawLog/UiDrawLog23.png	Rate in S-Rank pool:	70%	0	0.0	0.0	0	0.0	0.0	0	0.0	0
170040	9970	<color=#26bbf9>70% rate in S-Rank pool</color>	Assets/Product/Texture/Image/UiDrawLog/UiDrawLog22.png	Assets/Product/Texture/Image/UiDrawLog/UiDrawLog23.png	Rate in S-Rank pool:	70%	0	0.0	0.0	0	0.0	0.0	0	0.0	0
170041	9980	<color=#26bbf9>70% rate in S-Rank pool</color>	Assets/Product/Texture/Image/UiDrawLog/UiDrawLog22.png	Assets/Product/Texture/Image/UiDrawLog/UiDrawLog23.png	Rate in S-Rank pool:	70%	0	0.0	0.0	0	0.0	0.0	0	0.0	0
170042	9980	<color=#26bbf9>70% rate in S-Rank pool</color>	Assets/Product/Texture/Image/UiDrawLog/UiDrawLog22.png	Assets/Product/Texture/Image/UiDrawLog/UiDrawLog23.png	Rate in S-Rank pool:	70%	0	0.0	0.0	0	0.0	0.0	0	0.0	0
170043	9970	<color=#26bbf9>70% rate in S-Rank pool</color>	Assets/Product/Texture/Image/UiDrawLog/UiDrawLog22.png	Assets/Product/Texture/Image/UiDrawLog/UiDrawLog23.png	Rate in S-Rank pool:	70%	0	0.0	0.0	0	0.0	0.0	0	0.0	0
170044	9970	<color=#26bbf9>70% rate in S-Rank pool</color>	Assets/Product/Texture/Image/UiDrawLog/UiDrawLog22.png	Assets/Product/Texture/Image/UiDrawLog/UiDrawLog23.png	Rate in S-Rank pool:	70%	0	0.0	0.0	0	0.0	0.0	0	0.0	0
1060	10000	<color=#26bbf9>100% rate in S-Rank pool</color>	Assets/Product/Texture/Image/UiDrawLog/UiDrawLog22.png	Assets/Product/Texture/Image/UiDrawLog/UiDrawLog23.png	Rate in S-Rank pool:	100%	0	0.0	0.0	0	0.0	0.0	0	0.0	0
2054	10000	<color=#26bbf9>100% rate in S-Rank pool</color>	Assets/Product/Texture/Image/UiDrawLog/UiDrawLog22.png	Assets/Product/Texture/Image/UiDrawLog/UiDrawLog23.png	Rate in S-Rank pool:	100%	0	0.0	0.0	0	0.0	0.0	0	0.0	0
170045	9980	<color=#26bbf9>70% rate in S-Rank pool</color>	Assets/Product/Texture/Image/UiDrawLog/UiDrawLog22.png	Assets/Product/Texture/Image/UiDrawLog/UiDrawLog23.png	Rate in S-Rank pool:	70%	0	0.0	0.0	0	0.0	0.0	0	0.0	0
170046	9980	<color=#26bbf9>70% rate in S-Rank pool</color>	Assets/Product/Texture/Image/UiDrawLog/UiDrawLog22.png	Assets/Product/Texture/Image/UiDrawLog/UiDrawLog23.png	Rate in S-Rank pool:	70%	0	0.0	0.0	0	0.0	0.0	0	0.0	0
170047	9970	<color=#26bbf9>70% rate in S-Rank pool</color>	Assets/Product/Texture/Image/UiDrawLog/UiDrawLog22.png	Assets/Product/Texture/Image/UiDrawLog/UiDrawLog23.png	Rate in S-Rank pool:	70%	0	0.0	0.0	0	0.0	0.0	0	0.0	0
170048	9970	<color=#26bbf9>70% rate in S-Rank pool</color>	Assets/Product/Texture/Image/UiDrawLog/UiDrawLog22.png	Assets/Product/Texture/Image/UiDrawLog/UiDrawLog23.png	Rate in S-Rank pool:	70%	0	0.0	0.0	0	0.0	0.0	0	0.0	0
170049	9980	<color=#26bbf9>70% rate in S-Rank pool</color>	Assets/Product/Texture/Image/UiDrawLog/UiDrawLog22.png	Assets/Product/Texture/Image/UiDrawLog/UiDrawLog23.png	Rate in S-Rank pool:	70%	0	0.0	0.0	0	0.0	0.0	0	0.0	0
170050	9980	<color=#26bbf9>70% rate in S-Rank pool</color>	Assets/Product/Texture/Image/UiDrawLog/UiDrawLog22.png	Assets/Product/Texture/Image/UiDrawLog/UiDrawLog23.png	Rate in S-Rank pool:	70%	0	0.0	0.0	0	0.0	0.0	0	0.0	0
170051	9970	<color=#26bbf9>70% rate in S-Rank pool</color>	Assets/Product/Texture/Image/UiDrawLog/UiDrawLog22.png	Assets/Product/Texture/Image/UiDrawLog/UiDrawLog23.png	Rate in S-Rank pool:	70%	0	0.0	0.0	0	0.0	0.0	0	0.0	0
170052	9970	<color=#26bbf9>70% rate in S-Rank pool</color>	Assets/Product/Texture/Image/UiDrawLog/UiDrawLog22.png	Assets/Product/Texture/Image/UiDrawLog/UiDrawLog23.png	Rate in S-Rank pool:	70%	0	0.0	0.0	0	0.0	0.0	0	0.0	0
170053	9980	<color=#26bbf9>70% rate in S-Rank pool</color>	Assets/Product/Texture/Image/UiDrawLog/UiDrawLog22.png	Assets/Product/Texture/Image/UiDrawLog/UiDrawLog23.png	Rate in S-Rank pool:	70%	0	0.0	0.0	0	0.0	0.0	0	0.0	0
170054	9980	<color=#26bbf9>70% rate in S-Rank pool</color>	Assets/Product/Texture/Image/UiDrawLog/UiDrawLog22.png	Assets/Product/Texture/Image/UiDrawLog/UiDrawLog23.png	Rate in S-Rank pool:	70%	0	0.0	0.0	0	0.0	0.0	0	0.0	0
170055	9970	<color=#26bbf9>70% rate in S-Rank pool</color>	Assets/Product/Texture/Image/UiDrawLog/UiDrawLog22.png	Assets/Product/Texture/Image/UiDrawLog/UiDrawLog23.png	Rate in S-Rank pool:	70%	0	0.0	0.0	0	0.0	0.0	0	0.0	0
170056	9970	<color=#26bbf9>70% rate in S-Rank pool</color>	Assets/Product/Texture/Image/UiDrawLog/UiDrawLog22.png	Assets/Product/Texture/Image/UiDrawLog/UiDrawLog23.png	Rate in S-Rank pool:	70%	0	0.0	0.0	0	0.0	0.0	0	0.0	0
170057	9980	<color=#26bbf9>70% rate in S-Rank pool</color>	Assets/Product/Texture/Image/UiDrawLog/UiDrawLog22.png	Assets/Product/Texture/Image/UiDrawLog/UiDrawLog23.png	Rate in S-Rank pool:	70%	0	0.0	0.0	0	0.0	0.0	0	0.0	0
170058	9980	<color=#26bbf9>70% rate in S-Rank pool</color>	Assets/Product/Texture/Image/UiDrawLog/UiDrawLog22.png	Assets/Product/Texture/Image/UiDrawLog/UiDrawLog23.png	Rate in S-Rank pool:	70%	0	0.0	0.0	0	0.0	0.0	0	0.0	0
170059	9970	<color=#26bbf9>70% rate in S-Rank pool</color>	Assets/Product/Texture/Image/UiDrawLog/UiDrawLog22.png	Assets/Product/Texture/Image/UiDrawLog/UiDrawLog23.png	Rate in S-Rank pool:	70%	0	0.0	0.0	0	0.0	0.0	0	0.0	0
170060	9970	<color=#26bbf9>70% rate in S-Rank pool</color>	Assets/Product/Texture/Image/UiDrawLog/UiDrawLog22.png	Assets/Product/Texture/Image/UiDrawLog/UiDrawLog23.png	Rate in S-Rank pool:	70%	0	0.0	0.0	0	0.0	0.0	0	0.0	0
170061	9980	<color=#26bbf9>70% rate in S-Rank pool</color>	Assets/Product/Texture/Image/UiDrawLog/UiDrawLog22.png	Assets/Product/Texture/Image/UiDrawLog/UiDrawLog23.png	Rate in S-Rank pool:	70%	0	0.0	0.0	0	0.0	0.0	0	0.0	0
170062	9980	<color=#26bbf9>70% rate in S-Rank pool</color>	Assets/Product/Texture/Image/UiDrawLog/UiDrawLog22.png	Assets/Product/Texture/Image/UiDrawLog/UiDrawLog23.png	Rate in S-Rank pool:	70%	0	0.0	0.0	0	0.0	0.0	0	0.0	0
170063	9970	<color=#26bbf9>70% rate in S-Rank pool</color>	Assets/Product/Texture/Image/UiDrawLog/UiDrawLog22.png	Assets/Product/Texture/Image/UiDrawLog/UiDrawLog23.png	Rate in S-Rank pool:	70%	0	0.0	0.0	0	0.0	0.0	0	0.0	0
170064	9970	<color=#26bbf9>70% rate in S-Rank pool</color>	Assets/Product/Texture/Image/UiDrawLog/UiDrawLog22.png	Assets/Product/Texture/Image/UiDrawLog/UiDrawLog23.png	Rate in S-Rank pool:	70%	0	0.0	0.0	0	0.0	0.0	0	0.0	0
170065	9970	<color=#26bbf9>70% rate in S-Rank pool</color>	Assets/Product/Texture/Image/UiDrawLog/UiDrawLog22.png	Assets/Product/Texture/Image/UiDrawLog/UiDrawLog23.png	Rate in S-Rank pool:	70%	0	0.0	0.0	0	0.0	0.0	0	0.0	0
170066	9970	<color=#26bbf9>70% rate in S-Rank pool</color>	Assets/Product/Texture/Image/UiDrawLog/UiDrawLog22.png	Assets/Product/Texture/Image/UiDrawLog/UiDrawLog23.png	Rate in S-Rank pool:	70%	0	0.0	0.0	0	0.0	0.0	0	0.0	0
170067	9980	<color=#26bbf9>70% rate in S-Rank pool</color>	Assets/Product/Texture/Image/UiDrawLog/UiDrawLog22.png	Assets/Product/Texture/Image/UiDrawLog/UiDrawLog23.png	Rate in S-Rank pool:	70%	0	0.0	0.0	0	0.0	0.0	0	0.0	0
170068	9980	<color=#26bbf9>70% rate in S-Rank pool</color>	Assets/Product/Texture/Image/UiDrawLog/UiDrawLog22.png	Assets/Product/Texture/Image/UiDrawLog/UiDrawLog23.png	Rate in S-Rank pool:	70%	0	0.0	0.0	0	0.0	0.0	0	0.0	0
170069	9970	<color=#26bbf9>70% rate in S-Rank pool</color>	Assets/Product/Texture/Image/UiDrawLog/UiDrawLog22.png	Assets/Product/Texture/Image/UiDrawLog/UiDrawLog23.png	Rate in S-Rank pool:	70%	0	0.0	0.0	0	0.0	0.0	0	0.0	0
170070	9970	<color=#26bbf9>70% rate in S-Rank pool</color>	Assets/Product/Texture/Image/UiDrawLog/UiDrawLog22.png	Assets/Product/Texture/Image/UiDrawLog/UiDrawLog23.png	Rate in S-Rank pool:	70%	0	0.0	0.0	0	0.0	0.0	0	0.0	0
170071	9980	<color=#26bbf9>70% rate in S-Rank pool</color>	Assets/Product/Texture/Image/UiDrawLog/UiDrawLog22.png	Assets/Product/Texture/Image/UiDrawLog/UiDrawLog23.png	Rate in S-Rank pool:	70%	0	0.0	0.0	0	0.0	0.0	0	0.0	0
170072	9980	<color=#26bbf9>70% rate in S-Rank pool</color>	Assets/Product/Texture/Image/UiDrawLog/UiDrawLog22.png	Assets/Product/Texture/Image/UiDrawLog/UiDrawLog23.png	Rate in S-Rank pool:	70%	0	0.0	0.0	0	0.0	0.0	0	0.0	0
170073	9980	<color=#26bbf9>70% rate in S-Rank pool</color>	Assets/Product/Texture/Image/UiDrawLog/UiDrawLog22.png	Assets/Product/Texture/Image/UiDrawLog/UiDrawLog23.png	Rate in S-Rank pool:	70%	0	0.0	0.0	0	0.0	0.0	0	0.0	0
170074	9980	<color=#26bbf9>70% rate in S-Rank pool</color>	Assets/Product/Texture/Image/UiDrawLog/UiDrawLog22.png	Assets/Product/Texture/Image/UiDrawLog/UiDrawLog23.png	Rate in S-Rank pool:	70%	0	0.0	0.0	0	0.0	0.0	0	0.0	0
170075	9970	<color=#26bbf9>70% rate in S-Rank pool</color>	Assets/Product/Texture/Image/UiDrawLog/UiDrawLog22.png	Assets/Product/Texture/Image/UiDrawLog/UiDrawLog23.png	Rate in S-Rank pool:	70%	0	0.0	0.0	0	0.0	0.0	0	0.0	0
170076	9970	<color=#26bbf9>70% rate in S-Rank pool</color>	Assets/Product/Texture/Image/UiDrawLog/UiDrawLog22.png	Assets/Product/Texture/Image/UiDrawLog/UiDrawLog23.png	Rate in S-Rank pool:	70%	0	0.0	0.0	0	0.0	0.0	0	0.0	0
170077	9970	<color=#26bbf9>70% rate in S-Rank pool</color>	Assets/Product/Texture/Image/UiDrawLog/UiDrawLog22.png	Assets/Product/Texture/Image/UiDrawLog/UiDrawLog23.png	Rate in S-Rank pool:	70%	0	0.0	0.0	0	0.0	0.0	0	0.0	0
170078	9970	<color=#26bbf9>70% rate in S-Rank pool</color>	Assets/Product/Texture/Image/UiDrawLog/UiDrawLog22.png	Assets/Product/Texture/Image/UiDrawLog/UiDrawLog23.png	Rate in S-Rank pool:	70%	0	0.0	0.0	0	0.0	0.0	0	0.0	0
170079	9980	<color=#26bbf9>70% rate in S-Rank pool</color>	Assets/Product/Texture/Image/UiDrawLog/UiDrawLog22.png	Assets/Product/Texture/Image/UiDrawLog/UiDrawLog23.png	Rate in S-Rank pool:	70%	0	0.0	0.0	0	0.0	0.0	0	0.0	0
170080	9980	<color=#26bbf9>70% rate in S-Rank pool</color>	Assets/Product/Texture/Image/UiDrawLog/UiDrawLog22.png	Assets/Product/Texture/Image/UiDrawLog/UiDrawLog23.png	Rate in S-Rank pool:	70%	0	0.0	0.0	0	0.0	0.0	0	0.0	0
170081	9980	<color=#26bbf9>70% rate in S-Rank pool</color>	Assets/Product/Texture/Image/UiDrawLog/UiDrawLog22.png	Assets/Product/Texture/Image/UiDrawLog/UiDrawLog23.png	Rate in S-Rank pool:	70%	0	0.0	0.0	0	0.0	0.0	0	0.0	0
170082	9980	<color=#26bbf9>70% rate in S-Rank pool</color>	Assets/Product/Texture/Image/UiDrawLog/UiDrawLog22.png	Assets/Product/Texture/Image/UiDrawLog/UiDrawLog23.png	Rate in S-Rank pool:	70%	0	0.0	0.0	0	0.0	0.0	0	0.0	0
170083	9970	<color=#26bbf9>70% rate in S-Rank pool</color>	Assets/Product/Texture/Image/UiDrawLog/UiDrawLog22.png	Assets/Product/Texture/Image/UiDrawLog/UiDrawLog23.png	Rate in S-Rank pool:	70%	0	0.0	0.0	0	0.0	0.0	0	0.0	0
170084	9970	<color=#26bbf9>70% rate in S-Rank pool</color>	Assets/Product/Texture/Image/UiDrawLog/UiDrawLog22.png	Assets/Product/Texture/Image/UiDrawLog/UiDrawLog23.png	Rate in S-Rank pool:	70%	0	0.0	0.0	0	0.0	0.0	0	0.0	0
170085	9980	<color=#26bbf9>70% rate in S-Rank pool</color>	Assets/Product/Texture/Image/UiDrawLog/UiDrawLog22.png	Assets/Product/Texture/Image/UiDrawLog/UiDrawLog23.png	Rate in S-Rank pool:	70%	0	0.0	0.0	0	0.0	0.0	0	0.0	0
170086	9980	<color=#26bbf9>70% rate in S-Rank pool</color>	Assets/Product/Texture/Image/UiDrawLog/UiDrawLog22.png	Assets/Product/Texture/Image/UiDrawLog/UiDrawLog23.png	Rate in S-Rank pool:	70%	0	0.0	0.0	0	0.0	0.0	0	0.0	0
170087	9970	<color=#26bbf9>70% rate in S-Rank pool</color>	Assets/Product/Texture/Image/UiDrawLog/UiDrawLog22.png	Assets/Product/Texture/Image/UiDrawLog/UiDrawLog23.png	Rate in S-Rank pool:	70%	0	0.0	0.0	0	0.0	0.0	0	0.0	0
170088	9970	<color=#26bbf9>70% rate in S-Rank pool</color>	Assets/Product/Texture/Image/UiDrawLog/UiDrawLog22.png	Assets/Product/Texture/Image/UiDrawLog/UiDrawLog23.png	Rate in S-Rank pool:	70%	0	0.0	0.0	0	0.0	0.0	0	0.0	0
170089	9970	<color=#26bbf9>70% rate in S-Rank pool</color>	Assets/Product/Texture/Image/UiDrawLog/UiDrawLog22.png	Assets/Product/Texture/Image/UiDrawLog/UiDrawLog23.png	Rate in S-Rank pool:	70%	0	0.0	0.0	0	0.0	0.0	0	0.0	0
170090	9970	<color=#26bbf9>70% rate in S-Rank pool</color>	Assets/Product/Texture/Image/UiDrawLog/UiDrawLog22.png	Assets/Product/Texture/Image/UiDrawLog/UiDrawLog23.png	Rate in S-Rank pool:	70%	0	0.0	0.0	0	0.0	0.0	0	0.0	0
170091	9980	<color=#26bbf9>70% rate in S-Rank pool</color>	Assets/Product/Texture/Image/UiDrawLog/UiDrawLog22.png	Assets/Product/Texture/Image/UiDrawLog/UiDrawLog23.png	Rate in S-Rank pool:	70%	0	0.0	0.0	0	0.0	0.0	0	0.0	0
170092	9980	<color=#26bbf9>70% rate in S-Rank pool</color>	Assets/Product/Texture/Image/UiDrawLog/UiDrawLog22.png	Assets/Product/Texture/Image/UiDrawLog/UiDrawLog23.png	Rate in S-Rank pool:	70%	0	0.0	0.0	0	0.0	0.0	0	0.0	0
170093	9980	<color=#26bbf9>70% rate in S-Rank pool</color>	Assets/Product/Texture/Image/UiDrawLog/UiDrawLog22.png	Assets/Product/Texture/Image/UiDrawLog/UiDrawLog23.png	Rate in S-Rank pool:	70%	0	0.0	0.0	0	0.0	0.0	0	0.0	0
170094	9980	<color=#26bbf9>70% rate in S-Rank pool</color>	Assets/Product/Texture/Image/UiDrawLog/UiDrawLog22.png	Assets/Product/Texture/Image/UiDrawLog/UiDrawLog23.png	Rate in S-Rank pool:	70%	0	0.0	0.0	0	0.0	0.0	0	0.0	0
170095	9970	<color=#26bbf9>70% rate in S-Rank pool</color>	Assets/Product/Texture/Image/UiDrawLog/UiDrawLog22.png	Assets/Product/Texture/Image/UiDrawLog/UiDrawLog23.png	Rate in S-Rank pool:	70%	0	0.0	0.0	0	0.0	0.0	0	0.0	0
170096	9970	<color=#26bbf9>70% rate in S-Rank pool</color>	Assets/Product/Texture/Image/UiDrawLog/UiDrawLog22.png	Assets/Product/Texture/Image/UiDrawLog/UiDrawLog23.png	Rate in S-Rank pool:	70%	0	0.0	0.0	0	0.0	0.0	0	0.0	0
170097	9970	<color=#26bbf9>70% rate in S-Rank pool</color>	Assets/Product/Texture/Image/UiDrawLog/UiDrawLog22.png	Assets/Product/Texture/Image/UiDrawLog/UiDrawLog23.png	Rate in S-Rank pool:	70%	0	0.0	0.0	0	0.0	0.0	0	0.0	0
170098	9970	<color=#26bbf9>70% rate in S-Rank pool</color>	Assets/Product/Texture/Image/UiDrawLog/UiDrawLog22.png	Assets/Product/Texture/Image/UiDrawLog/UiDrawLog23.png	Rate in S-Rank pool:	70%	0	0.0	0.0	0	0.0	0.0	0	0.0	0
170099	9980	<color=#26bbf9>70% rate in S-Rank pool</color>	Assets/Product/Texture/Image/UiDrawLog/UiDrawLog22.png	Assets/Product/Texture/Image/UiDrawLog/UiDrawLog23.png	Rate in S-Rank pool:	70%	0	0.0	0.0	0	0.0	0.0	0	0.0	0
170100	9980	<color=#26bbf9>70% rate in S-Rank pool</color>	Assets/Product/Texture/Image/UiDrawLog/UiDrawLog22.png	Assets/Product/Texture/Image/UiDrawLog/UiDrawLog23.png	Rate in S-Rank pool:	70%	0	0.0	0.0	0	0.0	0.0	0	0.0	0
170101	9980	<color=#26bbf9>70% rate in S-Rank pool</color>	Assets/Product/Texture/Image/UiDrawLog/UiDrawLog22.png	Assets/Product/Texture/Image/UiDrawLog/UiDrawLog23.png	Rate in S-Rank pool:	70%	0	0.0	0.0	0	0.0	0.0	0	0.0	0
170102	9980	<color=#26bbf9>70% rate in S-Rank pool</color>	Assets/Product/Texture/Image/UiDrawLog/UiDrawLog22.png	Assets/Product/Texture/Image/UiDrawLog/UiDrawLog23.png	Rate in S-Rank pool:	70%	0	0.0	0.0	0	0.0	0.0	0	0.0	0
170103	9970	<color=#26bbf9>70% rate in S-Rank pool</color>	Assets/Product/Texture/Image/UiDrawLog/UiDrawLog22.png	Assets/Product/Texture/Image/UiDrawLog/UiDrawLog23.png	Rate in S-Rank pool:	70%	0	0.0	0.0	0	0.0	0.0	0	0.0	0
170104	9970	<color=#26bbf9>70% rate in S-Rank pool</color>	Assets/Product/Texture/Image/UiDrawLog/UiDrawLog22.png	Assets/Product/Texture/Image/UiDrawLog/UiDrawLog23.png	Rate in S-Rank pool:	70%	0	0.0	0.0	0	0.0	0.0	0	0.0	0
170105	9980	<color=#26bbf9>70% rate in S-Rank pool</color>	Assets/Product/Texture/Image/UiDrawLog/UiDrawLog22.png	Assets/Product/Texture/Image/UiDrawLog/UiDrawLog23.png	Rate in S-Rank pool:	70%	0	0.0	0.0	0	0.0	0.0	0	0.0	0
170106	9980	<color=#26bbf9>70% rate in S-Rank pool</color>	Assets/Product/Texture/Image/UiDrawLog/UiDrawLog22.png	Assets/Product/Texture/Image/UiDrawLog/UiDrawLog23.png	Rate in S-Rank pool:	70%	0	0.0	0.0	0	0.0	0.0	0	0.0	0
170107	9970	<color=#26bbf9>70% rate in S-Rank pool</color>	Assets/Product/Texture/Image/UiDrawLog/UiDrawLog22.png	Assets/Product/Texture/Image/UiDrawLog/UiDrawLog23.png	Rate in S-Rank pool:	70%	0	0.0	0.0	0	0.0	0.0	0	0.0	0
170108	9970	<color=#26bbf9>70% rate in S-Rank pool</color>	Assets/Product/Texture/Image/UiDrawLog/UiDrawLog22.png	Assets/Product/Texture/Image/UiDrawLog/UiDrawLog23.png	Rate in S-Rank pool:	70%	0	0.0	0.0	0	0.0	0.0	0	0.0	0
170109	9980	<color=#26bbf9>70% rate in S-Rank pool</color>	Assets/Product/Texture/Image/UiDrawLog/UiDrawLog22.png	Assets/Product/Texture/Image/UiDrawLog/UiDrawLog23.png	Rate in S-Rank pool:	70%	0	0.0	0.0	0	0.0	0.0	0	0.0	0
170110	9980	<color=#26bbf9>70% rate in S-Rank pool</color>	Assets/Product/Texture/Image/UiDrawLog/UiDrawLog22.png	Assets/Product/Texture/Image/UiDrawLog/UiDrawLog23.png	Rate in S-Rank pool:	70%	0	0.0	0.0	0	0.0	0.0	0	0.0	0
170111	9970	<color=#26bbf9>70% rate in S-Rank pool</color>	Assets/Product/Texture/Image/UiDrawLog/UiDrawLog22.png	Assets/Product/Texture/Image/UiDrawLog/UiDrawLog23.png	Rate in S-Rank pool:	70%	0	0.0	0.0	0	0.0	0.0	0	0.0	0
170112	9970	<color=#26bbf9>70% rate in S-Rank pool</color>	Assets/Product/Texture/Image/UiDrawLog/UiDrawLog22.png	Assets/Product/Texture/Image/UiDrawLog/UiDrawLog23.png	Rate in S-Rank pool:	70%	0	0.0	0.0	0	0.0	0.0	0	0.0	0
170113	9980	<color=#26bbf9>70% rate in S-Rank pool</color>	Assets/Product/Texture/Image/UiDrawLog/UiDrawLog22.png	Assets/Product/Texture/Image/UiDrawLog/UiDrawLog23.png	Rate in S-Rank pool:	70%	0	0.0	0.0	0	0.0	0.0	0	0.0	0
170114	9980	<color=#26bbf9>70% rate in S-Rank pool</color>	Assets/Product/Texture/Image/UiDrawLog/UiDrawLog22.png	Assets/Product/Texture/Image/UiDrawLog/UiDrawLog23.png	Rate in S-Rank pool:	70%	0	0.0	0.0	0	0.0	0.0	0	0.0	0
170115	9970	<color=#26bbf9>70% rate in S-Rank pool</color>	Assets/Product/Texture/Image/UiDrawLog/UiDrawLog22.png	Assets/Product/Texture/Image/UiDrawLog/UiDrawLog23.png	Rate in S-Rank pool:	70%	0	0.0	0.0	0	0.0	0.0	0	0.0	0
170116	9970	<color=#26bbf9>70% rate in S-Rank pool</color>	Assets/Product/Texture/Image/UiDrawLog/UiDrawLog22.png	Assets/Product/Texture/Image/UiDrawLog/UiDrawLog23.png	Rate in S-Rank pool:	70%	0	0.0	0.0	0	0.0	0.0	0	0.0	0
170117	9980	<color=#26bbf9>70% rate in S-Rank pool</color>	Assets/Product/Texture/Image/UiDrawLog/UiDrawLog22.png	Assets/Product/Texture/Image/UiDrawLog/UiDrawLog23.png	Rate in S-Rank pool:	70%	0	0.0	0.0	0	0.0	0.0	0	0.0	0
170118	9980	<color=#26bbf9>70% rate in S-Rank pool</color>	Assets/Product/Texture/Image/UiDrawLog/UiDrawLog22.png	Assets/Product/Texture/Image/UiDrawLog/UiDrawLog23.png	Rate in S-Rank pool:	70%	0	0.0	0.0	0	0.0	0.0	0	0.0	0
170119	9970	<color=#26bbf9>70% rate in S-Rank pool</color>	Assets/Product/Texture/Image/UiDrawLog/UiDrawLog22.png	Assets/Product/Texture/Image/UiDrawLog/UiDrawLog23.png	Rate in S-Rank pool:	70%	0	0.0	0.0	0	0.0	0.0	0	0.0	0
170120	9970	<color=#26bbf9>70% rate in S-Rank pool</color>	Assets/Product/Texture/Image/UiDrawLog/UiDrawLog22.png	Assets/Product/Texture/Image/UiDrawLog/UiDrawLog23.png	Rate in S-Rank pool:	70%	0	0.0	0.0	0	0.0	0.0	0	0.0	0
170121	9980	<color=#26bbf9>70% rate in S-Rank pool</color>	Assets/Product/Texture/Image/UiDrawLog/UiDrawLog22.png	Assets/Product/Texture/Image/UiDrawLog/UiDrawLog23.png	Rate in S-Rank pool:	70%	0	0.0	0.0	0	0.0	0.0	0	0.0	0
170122	9980	<color=#26bbf9>70% rate in S-Rank pool</color>	Assets/Product/Texture/Image/UiDrawLog/UiDrawLog22.png	Assets/Product/Texture/Image/UiDrawLog/UiDrawLog23.png	Rate in S-Rank pool:	70%	0	0.0	0.0	0	0.0	0.0	0	0.0	0
170123	9970	<color=#26bbf9>70% rate in S-Rank pool</color>	Assets/Product/Texture/Image/UiDrawLog/UiDrawLog22.png	Assets/Product/Texture/Image/UiDrawLog/UiDrawLog23.png	Rate in S-Rank pool:	70%	0	0.0	0.0	0	0.0	0.0	0	0.0	0
170124	9970	<color=#26bbf9>70% rate in S-Rank pool</color>	Assets/Product/Texture/Image/UiDrawLog/UiDrawLog22.png	Assets/Product/Texture/Image/UiDrawLog/UiDrawLog23.png	Rate in S-Rank pool:	70%	0	0.0	0.0	0	0.0	0.0	0	0.0	0
170125	9980	<color=#26bbf9>70% rate in S-Rank pool</color>	Assets/Product/Texture/Image/UiDrawLog/UiDrawLog22.png	Assets/Product/Texture/Image/UiDrawLog/UiDrawLog23.png	Rate in S-Rank pool:	70%	0	0.0	0.0	0	0.0	0.0	0	0.0	0
170126	9980	<color=#26bbf9>70% rate in S-Rank pool</color>	Assets/Product/Texture/Image/UiDrawLog/UiDrawLog22.png	Assets/Product/Texture/Image/UiDrawLog/UiDrawLog23.png	Rate in S-Rank pool:	70%	0	0.0	0.0	0	0.0	0.0	0	0.0	0
170127	9970	<color=#26bbf9>70% rate in S-Rank pool</color>	Assets/Product/Texture/Image/UiDrawLog/UiDrawLog22.png	Assets/Product/Texture/Image/UiDrawLog/UiDrawLog23.png	Rate in S-Rank pool:	70%	0	0.0	0.0	0	0.0	0.0	0	0.0	0
170128	9970	<color=#26bbf9>70% rate in S-Rank pool</color>	Assets/Product/Texture/Image/UiDrawLog/UiDrawLog22.png	Assets/Product/Texture/Image/UiDrawLog/UiDrawLog23.png	Rate in S-Rank pool:	70%	0	0.0	0.0	0	0.0	0.0	0	0.0	0
170129	9970	<color=#26bbf9>70% rate in S-Rank pool</color>	Assets/Product/Texture/Image/UiDrawLog/UiDrawLog22.png	Assets/Product/Texture/Image/UiDrawLog/UiDrawLog23.png	Rate in S-Rank pool:	70%	0	0.0	0.0	0	0.0	0.0	0	0.0	0
170130	9970	<color=#26bbf9>70% rate in S-Rank pool</color>	Assets/Product/Texture/Image/UiDrawLog/UiDrawLog22.png	Assets/Product/Texture/Image/UiDrawLog/UiDrawLog23.png	Rate in S-Rank pool:	70%	0	0.0	0.0	0	0.0	0.0	0	0.0	0
170131	9980	<color=#26bbf9>70% rate in S-Rank pool</color>	Assets/Product/Texture/Image/UiDrawLog/UiDrawLog22.png	Assets/Product/Texture/Image/UiDrawLog/UiDrawLog23.png	Rate in S-Rank pool:	70%	0	0.0	0.0	0	0.0	0.0	0	0.0	0
170132	9980	<color=#26bbf9>70% rate in S-Rank pool</color>	Assets/Product/Texture/Image/UiDrawLog/UiDrawLog22.png	Assets/Product/Texture/Image/UiDrawLog/UiDrawLog23.png	Rate in S-Rank pool:	70%	0	0.0	0.0	0	0.0	0.0	0	0.0	0
170133	9970	<color=#26bbf9>70% rate in S-Rank pool</color>	Assets/Product/Texture/Image/UiDrawLog/UiDrawLog22.png	Assets/Product/Texture/Image/UiDrawLog/UiDrawLog23.png	Rate in S-Rank pool:	70%	0	0.0	0.0	0	0.0	0.0	0	0.0	0
170134	9970	<color=#26bbf9>70% rate in S-Rank pool</color>	Assets/Product/Texture/Image/UiDrawLog/UiDrawLog22.png	Assets/Product/Texture/Image/UiDrawLog/UiDrawLog23.png	Rate in S-Rank pool:	70%	0	0.0	0.0	0	0.0	0.0	0	0.0	0
170135	9980	<color=#26bbf9>70% rate in S-Rank pool</color>	Assets/Product/Texture/Image/UiDrawLog/UiDrawLog22.png	Assets/Product/Texture/Image/UiDrawLog/UiDrawLog23.png	Rate in S-Rank pool:	70%	0	0.0	0.0	0	0.0	0.0	0	0.0	0
170136	9980	<color=#26bbf9>70% rate in S-Rank pool</color>	Assets/Product/Texture/Image/UiDrawLog/UiDrawLog22.png	Assets/Product/Texture/Image/UiDrawLog/UiDrawLog23.png	Rate in S-Rank pool:	70%	0	0.0	0.0	0	0.0	0.0	0	0.0	0
170137	10000	<color=#ff8d1e>100% rate in S-Rank pool</color>	Assets/Product/Texture/Image/UiDrawLog/UiDrawLog22.png	Assets/Product/Texture/Image/UiDrawLog/UiDrawLog23.png	Rate in S-Rank pool:	100%	0	0.0	0.0	0	0.0	0.0	0	0.0	0
170138	9990	<color=#ff8d1e>100% rate in S-Rank pool</color>	Assets/Product/Texture/Image/UiDrawLog/UiDrawLog22.png	Assets/Product/Texture/Image/UiDrawLog/UiDrawLog23.png	Rate in S-Rank pool:	100%	0	0.0	0.0	0	0.0	0.0	0	0.0	0
170139	9980	<color=#ff8d1e>100% rate in S-Rank pool</color>	Assets/Product/Texture/Image/UiDrawLog/UiDrawLog22.png	Assets/Product/Texture/Image/UiDrawLog/UiDrawLog23.png	Rate in S-Rank pool:	100%	0	0.0	0.0	0	0.0	0.0	0	0.0	0
170140	9970	<color=#ff8d1e>100% rate in S-Rank pool</color>	Assets/Product/Texture/Image/UiDrawLog/UiDrawLog22.png	Assets/Product/Texture/Image/UiDrawLog/UiDrawLog23.png	Rate in S-Rank pool:	100%	0	0.0	0.0	0	0.0	0.0	0	0.0	0
170141	9960	<color=#ff8d1e>100% rate in S-Rank pool</color>	Assets/Product/Texture/Image/UiDrawLog/UiDrawLog22.png	Assets/Product/Texture/Image/UiDrawLog/UiDrawLog23.png	Rate in S-Rank pool:	100%	0	0.0	0.0	0	0.0	0.0	0	0.0	0
170142	9950	<color=#ff8d1e>100% rate in S-Rank pool</color>	Assets/Product/Texture/Image/UiDrawLog/UiDrawLog22.png	Assets/Product/Texture/Image/UiDrawLog/UiDrawLog23.png	Rate in S-Rank pool:	100%	0	0.0	0.0	0	0.0	0.0	0	0.0	0
170143	9940	<color=#ff8d1e>100% rate in S-Rank pool</color>	Assets/Product/Texture/Image/UiDrawLog/UiDrawLog22.png	Assets/Product/Texture/Image/UiDrawLog/UiDrawLog23.png	Rate in S-Rank pool:	100%	0	0.0	0.0	0	0.0	0.0	0	0.0	0
170144	9930	<color=#ff8d1e>100% rate in S-Rank pool</color>	Assets/Product/Texture/Image/UiDrawLog/UiDrawLog22.png	Assets/Product/Texture/Image/UiDrawLog/UiDrawLog23.png	Rate in S-Rank pool:	100%	0	0.0	0.0	0	0.0	0.0	0	0.0	0
170145	9920	<color=#ff8d1e>100% rate in S-Rank pool</color>	Assets/Product/Texture/Image/UiDrawLog/UiDrawLog22.png	Assets/Product/Texture/Image/UiDrawLog/UiDrawLog23.png	Rate in S-Rank pool:	100%	0	0.0	0.0	0	0.0	0.0	0	0.0	0
170146	9910	<color=#ff8d1e>100% rate in S-Rank pool</color>	Assets/Product/Texture/Image/UiDrawLog/UiDrawLog22.png	Assets/Product/Texture/Image/UiDrawLog/UiDrawLog23.png	Rate in S-Rank pool:	100%	0	0.0	0.0	0	0.0	0.0	0	0.0	0
170147	9900	<color=#ff8d1e>100% rate in S-Rank pool</color>	Assets/Product/Texture/Image/UiDrawLog/UiDrawLog22.png	Assets/Product/Texture/Image/UiDrawLog/UiDrawLog23.png	Rate in S-Rank pool:	100%	0	0.0	0.0	0	0.0	0.0	0	0.0	0
170148	9890	<color=#ff8d1e>100% rate in S-Rank pool</color>	Assets/Product/Texture/Image/UiDrawLog/UiDrawLog22.png	Assets/Product/Texture/Image/UiDrawLog/UiDrawLog23.png	Rate in S-Rank pool:	100%	0	0.0	0.0	0	0.0	0.0	0	0.0	0
170149	9880	<color=#ff8d1e>100% rate in S-Rank pool</color>	Assets/Product/Texture/Image/UiDrawLog/UiDrawLog22.png	Assets/Product/Texture/Image/UiDrawLog/UiDrawLog23.png	Rate in S-Rank pool:	100%	0	0.0	0.0	0	0.0	0.0	0	0.0	0
170150	9870	<color=#ff8d1e>100% rate in S-Rank pool</color>	Assets/Product/Texture/Image/UiDrawLog/UiDrawLog22.png	Assets/Product/Texture/Image/UiDrawLog/UiDrawLog23.png	Rate in S-Rank pool:	100%	0	0.0	0.0	0	0.0	0.0	0	0.0	0
170151	9860	<color=#ff8d1e>100% rate in S-Rank pool</color>	Assets/Product/Texture/Image/UiDrawLog/UiDrawLog22.png	Assets/Product/Texture/Image/UiDrawLog/UiDrawLog23.png	Rate in S-Rank pool:	100%	0	0.0	0.0	0	0.0	0.0	0	0.0	0
170152	9850	<color=#ff8d1e>100% rate in S-Rank pool</color>	Assets/Product/Texture/Image/UiDrawLog/UiDrawLog22.png	Assets/Product/Texture/Image/UiDrawLog/UiDrawLog23.png	Rate in S-Rank pool:	100%	0	0.0	0.0	0	0.0	0.0	0	0.0	0
170153	9840	<color=#ff8d1e>100% rate in S-Rank pool</color>	Assets/Product/Texture/Image/UiDrawLog/UiDrawLog22.png	Assets/Product/Texture/Image/UiDrawLog/UiDrawLog23.png	Rate in S-Rank pool:	100%	0	0.0	0.0	0	0.0	0.0	0	0.0	0
170154	9830	<color=#ff8d1e>100% rate in S-Rank pool</color>	Assets/Product/Texture/Image/UiDrawLog/UiDrawLog22.png	Assets/Product/Texture/Image/UiDrawLog/UiDrawLog23.png	Rate in S-Rank pool:	100%	0	0.0	0.0	0	0.0	0.0	0	0.0	0
170155	9820	<color=#ff8d1e>100% rate in S-Rank pool</color>	Assets/Product/Texture/Image/UiDrawLog/UiDrawLog22.png	Assets/Product/Texture/Image/UiDrawLog/UiDrawLog23.png	Rate in S-Rank pool:	100%	0	0.0	0.0	0	0.0	0.0	0	0.0	0
170156	9810	<color=#ff8d1e>100% rate in S-Rank pool</color>	Assets/Product/Texture/Image/UiDrawLog/UiDrawLog22.png	Assets/Product/Texture/Image/UiDrawLog/UiDrawLog23.png	Rate in S-Rank pool:	100%	0	0.0	0.0	0	0.0	0.0	0	0.0	0
170157	9800	<color=#ff8d1e>100% rate in S-Rank pool</color>	Assets/Product/Texture/Image/UiDrawLog/UiDrawLog22.png	Assets/Product/Texture/Image/UiDrawLog/UiDrawLog23.png	Rate in S-Rank pool:	100%	0	0.0	0.0	0	0.0	0.0	0	0.0	0
170158	9790	<color=#ff8d1e>100% rate in S-Rank pool</color>	Assets/Product/Texture/Image/UiDrawLog/UiDrawLog22.png	Assets/Product/Texture/Image/UiDrawLog/UiDrawLog23.png	Rate in S-Rank pool:	100%	0	0.0	0.0	0	0.0	0.0	0	0.0	0
170159	9780	<color=#ff8d1e>100% rate in S-Rank pool</color>	Assets/Product/Texture/Image/UiDrawLog/UiDrawLog22.png	Assets/Product/Texture/Image/UiDrawLog/UiDrawLog23.png	Rate in S-Rank pool:	100%	0	0.0	0.0	0	0.0	0.0	0	0.0	0
170160	9770	<color=#ff8d1e>100% rate in S-Rank pool</color>	Assets/Product/Texture/Image/UiDrawLog/UiDrawLog22.png	Assets/Product/Texture/Image/UiDrawLog/UiDrawLog23.png	Rate in S-Rank pool:	100%	0	0.0	0.0	0	0.0	0.0	0	0.0	0
170161	9980	<color=#26bbf9>70% rate in S-Rank pool</color>	Assets/Product/Texture/Image/UiDrawLog/UiDrawLog22.png	Assets/Product/Texture/Image/UiDrawLog/UiDrawLog23.png	Rate in S-Rank pool:	70%	0	0.0	0.0	0	0.0	0.0	0	0.0	0
170162	9980	<color=#26bbf9>70% rate in S-Rank pool</color>	Assets/Product/Texture/Image/UiDrawLog/UiDrawLog22.png	Assets/Product/Texture/Image/UiDrawLog/UiDrawLog23.png	Rate in S-Rank pool:	70%	0	0.0	0.0	0	0.0	0.0	0	0.0	0
170163	9960	<color=#26bbf9>70% rate in S-Rank pool</color>	Assets/Product/Texture/Image/UiDrawLog/UiDrawLog22.png	Assets/Product/Texture/Image/UiDrawLog/UiDrawLog23.png	Rate in S-Rank pool:	70%	0	0.0	0.0	0	0.0	0.0	0	0.0	0
170164	9960	<color=#26bbf9>70% rate in S-Rank pool</color>	Assets/Product/Texture/Image/UiDrawLog/UiDrawLog22.png	Assets/Product/Texture/Image/UiDrawLog/UiDrawLog23.png	Rate in S-Rank pool:	70%	0	0.0	0.0	0	0.0	0.0	0	0.0	0
170165	9970	<color=#26bbf9>70% rate in S-Rank pool</color>	Assets/Product/Texture/Image/UiDrawLog/UiDrawLog22.png	Assets/Product/Texture/Image/UiDrawLog/UiDrawLog23.png	Rate in S-Rank pool:	70%	0	0.0	0.0	0	0.0	0.0	0	0.0	0
170166	9970	<color=#26bbf9>70% rate in S-Rank pool</color>	Assets/Product/Texture/Image/UiDrawLog/UiDrawLog22.png	Assets/Product/Texture/Image/UiDrawLog/UiDrawLog23.png	Rate in S-Rank pool:	70%	0	0.0	0.0	0	0.0	0.0	0	0.0	0
170167	9980	<color=#26bbf9>70% rate in S-Rank pool</color>	Assets/Product/Texture/Image/UiDrawLog/UiDrawLog22.png	Assets/Product/Texture/Image/UiDrawLog/UiDrawLog23.png	Rate in S-Rank pool:	70%	0	0.0	0.0	0	0.0	0.0	0	0.0	0
170168	9980	<color=#26bbf9>70% rate in S-Rank pool</color>	Assets/Product/Texture/Image/UiDrawLog/UiDrawLog22.png	Assets/Product/Texture/Image/UiDrawLog/UiDrawLog23.png	Rate in S-Rank pool:	70%	0	0.0	0.0	0	0.0	0.0	0	0.0	0
170169	9970	<color=#26bbf9>70% rate in S-Rank pool</color>	Assets/Product/Texture/Image/UiDrawLog/UiDrawLog22.png	Assets/Product/Texture/Image/UiDrawLog/UiDrawLog23.png	Rate in S-Rank pool:	70%	0	0.0	0.0	0	0.0	0.0	0	0.0	0
170170	9970	<color=#26bbf9>70% rate in S-Rank pool</color>	Assets/Product/Texture/Image/UiDrawLog/UiDrawLog22.png	Assets/Product/Texture/Image/UiDrawLog/UiDrawLog23.png	Rate in S-Rank pool:	70%	0	0.0	0.0	0	0.0	0.0	0	0.0	0
170171	9960	<color=#26bbf9>70% rate in S-Rank pool</color>	Assets/Product/Texture/Image/UiDrawLog/UiDrawLog22.png	Assets/Product/Texture/Image/UiDrawLog/UiDrawLog23.png	Rate in S-Rank pool:	70%	0	0.0	0.0	0	0.0	0.0	0	0.0	0
170172	9960	<color=#26bbf9>70% rate in S-Rank pool</color>	Assets/Product/Texture/Image/UiDrawLog/UiDrawLog22.png	Assets/Product/Texture/Image/UiDrawLog/UiDrawLog23.png	Rate in S-Rank pool:	70%	0	0.0	0.0	0	0.0	0.0	0	0.0	0
170173	9980	<color=#26bbf9>70% rate in S-Rank pool</color>	Assets/Product/Texture/Image/UiDrawLog/UiDrawLog22.png	Assets/Product/Texture/Image/UiDrawLog/UiDrawLog23.png	Rate in S-Rank pool:	70%	0	0.0	0.0	0	0.0	0.0	0	0.0	0
170174	9980	<color=#26bbf9>70% rate in S-Rank pool</color>	Assets/Product/Texture/Image/UiDrawLog/UiDrawLog22.png	Assets/Product/Texture/Image/UiDrawLog/UiDrawLog23.png	Rate in S-Rank pool:	70%	0	0.0	0.0	0	0.0	0.0	0	0.0	0
170175	9970	<color=#26bbf9>70% rate in S-Rank pool</color>	Assets/Product/Texture/Image/UiDrawLog/UiDrawLog22.png	Assets/Product/Texture/Image/UiDrawLog/UiDrawLog23.png	Rate in S-Rank pool:	70%	0	0.0	0.0	0	0.0	0.0	0	0.0	0
170176	9970	<color=#26bbf9>70% rate in S-Rank pool</color>	Assets/Product/Texture/Image/UiDrawLog/UiDrawLog22.png	Assets/Product/Texture/Image/UiDrawLog/UiDrawLog23.png	Rate in S-Rank pool:	70%	0	0.0	0.0	0	0.0	0.0	0	0.0	0
170177	9960	<color=#26bbf9>70% rate in S-Rank pool</color>	Assets/Product/Texture/Image/UiDrawLog/UiDrawLog22.png	Assets/Product/Texture/Image/UiDrawLog/UiDrawLog23.png	Rate in S-Rank pool:	70%	0	0.0	0.0	0	0.0	0.0	0	0.0	0
170178	9960	<color=#26bbf9>70% rate in S-Rank pool</color>	Assets/Product/Texture/Image/UiDrawLog/UiDrawLog22.png	Assets/Product/Texture/Image/UiDrawLog/UiDrawLog23.png	Rate in S-Rank pool:	70%	0	0.0	0.0	0	0.0	0.0	0	0.0	0
170179	9980	<color=#26bbf9>70% rate in S-Rank pool</color>	Assets/Product/Texture/Image/UiDrawLog/UiDrawLog22.png	Assets/Product/Texture/Image/UiDrawLog/UiDrawLog23.png	Rate in S-Rank pool:	70%	0	0.0	0.0	0	0.0	0.0	0	0.0	0
170180	9980	<color=#26bbf9>70% rate in S-Rank pool</color>	Assets/Product/Texture/Image/UiDrawLog/UiDrawLog22.png	Assets/Product/Texture/Image/UiDrawLog/UiDrawLog23.png	Rate in S-Rank pool:	70%	0	0.0	0.0	0	0.0	0.0	0	0.0	0
170181	9970	<color=#26bbf9>70% rate in S-Rank pool</color>	Assets/Product/Texture/Image/UiDrawLog/UiDrawLog22.png	Assets/Product/Texture/Image/UiDrawLog/UiDrawLog23.png	Rate in S-Rank pool:	70%	0	0.0	0.0	0	0.0	0.0	0	0.0	0
170182	9970	<color=#26bbf9>70% rate in S-Rank pool</color>	Assets/Product/Texture/Image/UiDrawLog/UiDrawLog22.png	Assets/Product/Texture/Image/UiDrawLog/UiDrawLog23.png	Rate in S-Rank pool:	70%	0	0.0	0.0	0	0.0	0.0	0	0.0	0
170183	9960	<color=#26bbf9>70% rate in S-Rank pool</color>	Assets/Product/Texture/Image/UiDrawLog/UiDrawLog22.png	Assets/Product/Texture/Image/UiDrawLog/UiDrawLog23.png	Rate in S-Rank pool:	70%	0	0.0	0.0	0	0.0	0.0	0	0.0	0
170184	9960	<color=#26bbf9>70% rate in S-Rank pool</color>	Assets/Product/Texture/Image/UiDrawLog/UiDrawLog22.png	Assets/Product/Texture/Image/UiDrawLog/UiDrawLog23.png	Rate in S-Rank pool:	70%	0	0.0	0.0	0	0.0	0.0	0	0.0	0
170185	9980	<color=#26bbf9>70% rate in S-Rank pool</color>	Assets/Product/Texture/Image/UiDrawLog/UiDrawLog22.png	Assets/Product/Texture/Image/UiDrawLog/UiDrawLog23.png	Rate in S-Rank pool:	70%	0	0.0	0.0	0	0.0	0.0	0	0.0	0
170186	9980	<color=#26bbf9>70% rate in S-Rank pool</color>	Assets/Product/Texture/Image/UiDrawLog/UiDrawLog22.png	Assets/Product/Texture/Image/UiDrawLog/UiDrawLog23.png	Rate in S-Rank pool:	70%	0	0.0	0.0	0	0.0	0.0	0	0.0	0
170187	9970	<color=#26bbf9>70% rate in S-Rank pool</color>	Assets/Product/Texture/Image/UiDrawLog/UiDrawLog22.png	Assets/Product/Texture/Image/UiDrawLog/UiDrawLog23.png	Rate in S-Rank pool:	70%	0	0.0	0.0	0	0.0	0.0	0	0.0	0
170188	9970	<color=#26bbf9>70% rate in S-Rank pool</color>	Assets/Product/Texture/Image/UiDrawLog/UiDrawLog22.png	Assets/Product/Texture/Image/UiDrawLog/UiDrawLog23.png	Rate in S-Rank pool:	70%	0	0.0	0.0	0	0.0	0.0	0	0.0	0
170189	9960	<color=#26bbf9>70% rate in S-Rank pool</color>	Assets/Product/Texture/Image/UiDrawLog/UiDrawLog22.png	Assets/Product/Texture/Image/UiDrawLog/UiDrawLog23.png	Rate in S-Rank pool:	70%	0	0.0	0.0	0	0.0	0.0	0	0.0	0
170190	9960	<color=#26bbf9>70% rate in S-Rank pool</color>	Assets/Product/Texture/Image/UiDrawLog/UiDrawLog22.png	Assets/Product/Texture/Image/UiDrawLog/UiDrawLog23.png	Rate in S-Rank pool:	70%	0	0.0	0.0	0	0.0	0.0	0	0.0	0
170191	9980	<color=#26bbf9>70% rate in S-Rank pool</color>	Assets/Product/Texture/Image/UiDrawLog/UiDrawLog22.png	Assets/Product/Texture/Image/UiDrawLog/UiDrawLog23.png	Rate in S-Rank pool:	70%	0	0.0	0.0	0	0.0	0.0	0	0.0	0
170192	9980	<color=#26bbf9>70% rate in S-Rank pool</color>	Assets/Product/Texture/Image/UiDrawLog/UiDrawLog22.png	Assets/Product/Texture/Image/UiDrawLog/UiDrawLog23.png	Rate in S-Rank pool:	70%	0	0.0	0.0	0	0.0	0.0	0	0.0	0
170193	9970	<color=#26bbf9>70% rate in S-Rank pool</color>	Assets/Product/Texture/Image/UiDrawLog/UiDrawLog22.png	Assets/Product/Texture/Image/UiDrawLog/UiDrawLog23.png	Rate in S-Rank pool:	70%	0	0.0	0.0	0	0.0	0.0	0	0.0	0
170194	9970	<color=#26bbf9>70% rate in S-Rank pool</color>	Assets/Product/Texture/Image/UiDrawLog/UiDrawLog22.png	Assets/Product/Texture/Image/UiDrawLog/UiDrawLog23.png	Rate in S-Rank pool:	70%	0	0.0	0.0	0	0.0	0.0	0	0.0	0
170195	9960	<color=#26bbf9>70% rate in S-Rank pool</color>	Assets/Product/Texture/Image/UiDrawLog/UiDrawLog22.png	Assets/Product/Texture/Image/UiDrawLog/UiDrawLog23.png	Rate in S-Rank pool:	70%	0	0.0	0.0	0	0.0	0.0	0	0.0	0
170196	9960	<color=#26bbf9>70% rate in S-Rank pool</color>	Assets/Product/Texture/Image/UiDrawLog/UiDrawLog22.png	Assets/Product/Texture/Image/UiDrawLog/UiDrawLog23.png	Rate in S-Rank pool:	70%	0	0.0	0.0	0	0.0	0.0	0	0.0	0
170197	9980	<color=#26bbf9>70% rate in S-Rank pool</color>	Assets/Product/Texture/Image/UiDrawLog/UiDrawLog22.png	Assets/Product/Texture/Image/UiDrawLog/UiDrawLog23.png	Rate in S-Rank pool:	70%	0	0.0	0.0	0	0.0	0.0	0	0.0	0
170198	9980	<color=#26bbf9>70% rate in S-Rank pool</color>	Assets/Product/Texture/Image/UiDrawLog/UiDrawLog22.png	Assets/Product/Texture/Image/UiDrawLog/UiDrawLog23.png	Rate in S-Rank pool:	70%	0	0.0	0.0	0	0.0	0.0	0	0.0	0
170199	9970	<color=#26bbf9>70% rate in S-Rank pool</color>	Assets/Product/Texture/Image/UiDrawLog/UiDrawLog22.png	Assets/Product/Texture/Image/UiDrawLog/UiDrawLog23.png	Rate in S-Rank pool:	70%	0	0.0	0.0	0	0.0	0.0	0	0.0	0
170200	9970	<color=#26bbf9>70% rate in S-Rank pool</color>	Assets/Product/Texture/Image/UiDrawLog/UiDrawLog22.png	Assets/Product/Texture/Image/UiDrawLog/UiDrawLog23.png	Rate in S-Rank pool:	70%	0	0.0	0.0	0	0.0	0.0	0	0.0	0
170201	9960	<color=#26bbf9>70% rate in S-Rank pool</color>	Assets/Product/Texture/Image/UiDrawLog/UiDrawLog22.png	Assets/Product/Texture/Image/UiDrawLog/UiDrawLog23.png	Rate in S-Rank pool:	70%	0	0.0	0.0	0	0.0	0.0	0	0.0	0
170202	9960	<color=#26bbf9>70% rate in S-Rank pool</color>	Assets/Product/Texture/Image/UiDrawLog/UiDrawLog22.png	Assets/Product/Texture/Image/UiDrawLog/UiDrawLog23.png	Rate in S-Rank pool:	70%	0	0.0	0.0	0	0.0	0.0	0	0.0	0
170203	10000	<color=#26bbf9>70% rate in S-Rank pool</color>	Assets/Product/Texture/Image/UiDrawLog/UiDrawLog22.png	Assets/Product/Texture/Image/UiDrawLog/UiDrawLog23.png	Rate in S-Rank pool:	70%	0	0.0	0.0	0	0.0	0.0	0	0.0	0
170204	9900	<color=#26bbf9>70% rate in S-Rank pool</color>	Assets/Product/Texture/Image/UiDrawLog/UiDrawLog22.png	Assets/Product/Texture/Image/UiDrawLog/UiDrawLog23.png	Rate in S-Rank pool:	70%	0	0.0	0.0	0	0.0	0.0	0	0.0	0
170205	9800	<color=#26bbf9>70% rate in S-Rank pool</color>	Assets/Product/Texture/Image/UiDrawLog/UiDrawLog22.png	Assets/Product/Texture/Image/UiDrawLog/UiDrawLog23.png	Rate in S-Rank pool:	70%	0	0.0	0.0	0	0.0	0.0	0	0.0	0
170206	9700	<color=#26bbf9>70% rate in S-Rank pool</color>	Assets/Product/Texture/Image/UiDrawLog/UiDrawLog22.png	Assets/Product/Texture/Image/UiDrawLog/UiDrawLog23.png	Rate in S-Rank pool:	70%	0	0.0	0.0	0	0.0	0.0	0	0.0	0
170207	9600	<color=#26bbf9>70% rate in S-Rank pool</color>	Assets/Product/Texture/Image/UiDrawLog/UiDrawLog22.png	Assets/Product/Texture/Image/UiDrawLog/UiDrawLog23.png	Rate in S-Rank pool:	70%	0	0.0	0.0	0	0.0	0.0	0	0.0	0
170208	9500	<color=#26bbf9>70% rate in S-Rank pool</color>	Assets/Product/Texture/Image/UiDrawLog/UiDrawLog22.png	Assets/Product/Texture/Image/UiDrawLog/UiDrawLog23.png	Rate in S-Rank pool:	70%	0	0.0	0.0	0	0.0	0.0	0	0.0	0
170209	9400	<color=#26bbf9>70% rate in S-Rank pool</color>	Assets/Product/Texture/Image/UiDrawLog/UiDrawLog22.png	Assets/Product/Texture/Image/UiDrawLog/UiDrawLog23.png	Rate in S-Rank pool:	70%	0	0.0	0.0	0	0.0	0.0	0	0.0	0
170210	9300	<color=#26bbf9>70% rate in S-Rank pool</color>	Assets/Product/Texture/Image/UiDrawLog/UiDrawLog22.png	Assets/Product/Texture/Image/UiDrawLog/UiDrawLog23.png	Rate in S-Rank pool:	70%	0	0.0	0.0	0	0.0	0.0	0	0.0	0
170211	9200	<color=#26bbf9>70% rate in S-Rank pool</color>	Assets/Product/Texture/Image/UiDrawLog/UiDrawLog22.png	Assets/Product/Texture/Image/UiDrawLog/UiDrawLog23.png	Rate in S-Rank pool:	70%	0	0.0	0.0	0	0.0	0.0	0	0.0	0
170212	10000	<color=#26bbf9>70% rate in S-Rank pool</color>	Assets/Product/Texture/Image/UiDrawLog/UiDrawLog22.png	Assets/Product/Texture/Image/UiDrawLog/UiDrawLog23.png	Rate in S-Rank pool:	70%	0	0.0	0.0	0	0.0	0.0	0	0.0	0
170213	9900	<color=#26bbf9>70% rate in S-Rank pool</color>	Assets/Product/Texture/Image/UiDrawLog/UiDrawLog22.png	Assets/Product/Texture/Image/UiDrawLog/UiDrawLog23.png	Rate in S-Rank pool:	70%	0	0.0	0.0	0	0.0	0.0	0	0.0	0
170214	9800	<color=#26bbf9>70% rate in S-Rank pool</color>	Assets/Product/Texture/Image/UiDrawLog/UiDrawLog22.png	Assets/Product/Texture/Image/UiDrawLog/UiDrawLog23.png	Rate in S-Rank pool:	70%	0	0.0	0.0	0	0.0	0.0	0	0.0	0
170215	9700	<color=#26bbf9>70% rate in S-Rank pool</color>	Assets/Product/Texture/Image/UiDrawLog/UiDrawLog22.png	Assets/Product/Texture/Image/UiDrawLog/UiDrawLog23.png	Rate in S-Rank pool:	70%	0	0.0	0.0	0	0.0	0.0	0	0.0	0
170216	9600	<color=#26bbf9>70% rate in S-Rank pool</color>	Assets/Product/Texture/Image/UiDrawLog/UiDrawLog22.png	Assets/Product/Texture/Image/UiDrawLog/UiDrawLog23.png	Rate in S-Rank pool:	70%	0	0.0	0.0	0	0.0	0.0	0	0.0	0
170217	9500	<color=#26bbf9>70% rate in S-Rank pool</color>	Assets/Product/Texture/Image/UiDrawLog/UiDrawLog22.png	Assets/Product/Texture/Image/UiDrawLog/UiDrawLog23.png	Rate in S-Rank pool:	70%	0	0.0	0.0	0	0.0	0.0	0	0.0	0
170218	9400	<color=#26bbf9>70% rate in S-Rank pool</color>	Assets/Product/Texture/Image/UiDrawLog/UiDrawLog22.png	Assets/Product/Texture/Image/UiDrawLog/UiDrawLog23.png	Rate in S-Rank pool:	70%	0	0.0	0.0	0	0.0	0.0	0	0.0	0
170219	9300	<color=#26bbf9>70% rate in S-Rank pool</color>	Assets/Product/Texture/Image/UiDrawLog/UiDrawLog22.png	Assets/Product/Texture/Image/UiDrawLog/UiDrawLog23.png	Rate in S-Rank pool:	70%	0	0.0	0.0	0	0.0	0.0	0	0.0	0
170220	9200	<color=#26bbf9>70% rate in S-Rank pool</color>	Assets/Product/Texture/Image/UiDrawLog/UiDrawLog22.png	Assets/Product/Texture/Image/UiDrawLog/UiDrawLog23.png	Rate in S-Rank pool:	70%	0	0.0	0.0	0	0.0	0.0	0	0.0	0
170223	10000	<color=#ff8d1e>100% rate in S-Rank pool</color>	Assets/Product/Texture/Image/UiDrawLog/UiDrawLog22.png	Assets/Product/Texture/Image/UiDrawLog/UiDrawLog23.png	Rate in S-Rank pool:	100%	0	0.0	0.0	0	0.0	0.0	0	0.0	0
170224	9900	<color=#ff8d1e>100% rate in S-Rank pool</color>	Assets/Product/Texture/Image/UiDrawLog/UiDrawLog22.png	Assets/Product/Texture/Image/UiDrawLog/UiDrawLog23.png	Rate in S-Rank pool:	100%	0	0.0	0.0	0	0.0	0.0	0	0.0	0
170225	9800	<color=#ff8d1e>100% rate in S-Rank pool</color>	Assets/Product/Texture/Image/UiDrawLog/UiDrawLog22.png	Assets/Product/Texture/Image/UiDrawLog/UiDrawLog23.png	Rate in S-Rank pool:	100%	0	0.0	0.0	0	0.0	0.0	0	0.0	0
170226	9700	<color=#ff8d1e>100% rate in S-Rank pool</color>	Assets/Product/Texture/Image/UiDrawLog/UiDrawLog22.png	Assets/Product/Texture/Image/UiDrawLog/UiDrawLog23.png	Rate in S-Rank pool:	100%	0	0.0	0.0	0	0.0	0.0	0	0.0	0
170227	9600	<color=#ff8d1e>100% rate in S-Rank pool</color>	Assets/Product/Texture/Image/UiDrawLog/UiDrawLog22.png	Assets/Product/Texture/Image/UiDrawLog/UiDrawLog23.png	Rate in S-Rank pool:	100%	0	0.0	0.0	0	0.0	0.0	0	0.0	0
170228	9500	<color=#ff8d1e>100% rate in S-Rank pool</color>	Assets/Product/Texture/Image/UiDrawLog/UiDrawLog22.png	Assets/Product/Texture/Image/UiDrawLog/UiDrawLog23.png	Rate in S-Rank pool:	100%	0	0.0	0.0	0	0.0	0.0	0	0.0	0
170229	9400	<color=#ff8d1e>100% rate in S-Rank pool</color>	Assets/Product/Texture/Image/UiDrawLog/UiDrawLog22.png	Assets/Product/Texture/Image/UiDrawLog/UiDrawLog23.png	Rate in S-Rank pool:	100%	0	0.0	0.0	0	0.0	0.0	0	0.0	0
170230	9300	<color=#ff8d1e>100% rate in S-Rank pool</color>	Assets/Product/Texture/Image/UiDrawLog/UiDrawLog22.png	Assets/Product/Texture/Image/UiDrawLog/UiDrawLog23.png	Rate in S-Rank pool:	100%	0	0.0	0.0	0	0.0	0.0	0	0.0	0
170231	9200	<color=#ff8d1e>100% rate in S-Rank pool</color>	Assets/Product/Texture/Image/UiDrawLog/UiDrawLog22.png	Assets/Product/Texture/Image/UiDrawLog/UiDrawLog23.png	Rate in S-Rank pool:	100%	0	0.0	0.0	0	0.0	0.0	0	0.0	0
170232	9100	<color=#ff8d1e>100% rate in S-Rank pool</color>	Assets/Product/Texture/Image/UiDrawLog/UiDrawLog22.png	Assets/Product/Texture/Image/UiDrawLog/UiDrawLog23.png	Rate in S-Rank pool:	100%	0	0.0	0.0	0	0.0	0.0	0	0.0	0
170233	9000	<color=#ff8d1e>100% rate in S-Rank pool</color>	Assets/Product/Texture/Image/UiDrawLog/UiDrawLog22.png	Assets/Product/Texture/Image/UiDrawLog/UiDrawLog23.png	Rate in S-Rank pool:	100%	0	0.0	0.0	0	0.0	0.0	0	0.0	0
170234	8900	<color=#ff8d1e>100% rate in S-Rank pool</color>	Assets/Product/Texture/Image/UiDrawLog/UiDrawLog22.png	Assets/Product/Texture/Image/UiDrawLog/UiDrawLog23.png	Rate in S-Rank pool:	100%	0	0.0	0.0	0	0.0	0.0	0	0.0	0
170235	8800	<color=#ff8d1e>100% rate in S-Rank pool</color>	Assets/Product/Texture/Image/UiDrawLog/UiDrawLog22.png	Assets/Product/Texture/Image/UiDrawLog/UiDrawLog23.png	Rate in S-Rank pool:	100%	0	0.0	0.0	0	0.0	0.0	0	0.0	0
170236	8700	<color=#ff8d1e>100% rate in S-Rank pool</color>	Assets/Product/Texture/Image/UiDrawLog/UiDrawLog22.png	Assets/Product/Texture/Image/UiDrawLog/UiDrawLog23.png	Rate in S-Rank pool:	100%	0	0.0	0.0	0	0.0	0.0	0	0.0	0
170237	8600	<color=#ff8d1e>100% rate in S-Rank pool</color>	Assets/Product/Texture/Image/UiDrawLog/UiDrawLog22.png	Assets/Product/Texture/Image/UiDrawLog/UiDrawLog23.png	Rate in S-Rank pool:	100%	0	0.0	0.0	0	0.0	0.0	0	0.0	0
170238	10000	<color=#ff8d1e>100% rate in S-Rank pool</color>	Assets/Product/Texture/Image/UiDrawLog/UiDrawLog22.png	Assets/Product/Texture/Image/UiDrawLog/UiDrawLog23.png	Rate in S-Rank pool:	100%	0	0.0	0.0	0	0.0	0.0	0	0.0	0
170239	9900	<color=#ff8d1e>100% rate in S-Rank pool</color>	Assets/Product/Texture/Image/UiDrawLog/UiDrawLog22.png	Assets/Product/Texture/Image/UiDrawLog/UiDrawLog23.png	Rate in S-Rank pool:	100%	0	0.0	0.0	0	0.0	0.0	0	0.0	0
170240	9800	<color=#ff8d1e>100% rate in S-Rank pool</color>	Assets/Product/Texture/Image/UiDrawLog/UiDrawLog22.png	Assets/Product/Texture/Image/UiDrawLog/UiDrawLog23.png	Rate in S-Rank pool:	100%	0	0.0	0.0	0	0.0	0.0	0	0.0	0
170241	9700	<color=#ff8d1e>100% rate in S-Rank pool</color>	Assets/Product/Texture/Image/UiDrawLog/UiDrawLog22.png	Assets/Product/Texture/Image/UiDrawLog/UiDrawLog23.png	Rate in S-Rank pool:	100%	0	0.0	0.0	0	0.0	0.0	0	0.0	0
170242	9600	<color=#ff8d1e>100% rate in S-Rank pool</color>	Assets/Product/Texture/Image/UiDrawLog/UiDrawLog22.png	Assets/Product/Texture/Image/UiDrawLog/UiDrawLog23.png	Rate in S-Rank pool:	100%	0	0.0	0.0	0	0.0	0.0	0	0.0	0
170243	9500	<color=#ff8d1e>100% rate in S-Rank pool</color>	Assets/Product/Texture/Image/UiDrawLog/UiDrawLog22.png	Assets/Product/Texture/Image/UiDrawLog/UiDrawLog23.png	Rate in S-Rank pool:	100%	0	0.0	0.0	0	0.0	0.0	0	0.0	0
170244	9400	<color=#ff8d1e>100% rate in S-Rank pool</color>	Assets/Product/Texture/Image/UiDrawLog/UiDrawLog22.png	Assets/Product/Texture/Image/UiDrawLog/UiDrawLog23.png	Rate in S-Rank pool:	100%	0	0.0	0.0	0	0.0	0.0	0	0.0	0
170245	9300	<color=#ff8d1e>100% rate in S-Rank pool</color>	Assets/Product/Texture/Image/UiDrawLog/UiDrawLog22.png	Assets/Product/Texture/Image/UiDrawLog/UiDrawLog23.png	Rate in S-Rank pool:	100%	0	0.0	0.0	0	0.0	0.0	0	0.0	0
170246	9200	<color=#ff8d1e>100% rate in S-Rank pool</color>	Assets/Product/Texture/Image/UiDrawLog/UiDrawLog22.png	Assets/Product/Texture/Image/UiDrawLog/UiDrawLog23.png	Rate in S-Rank pool:	100%	0	0.0	0.0	0	0.0	0.0	0	0.0	0
170247	9100	<color=#ff8d1e>100% rate in S-Rank pool</color>	Assets/Product/Texture/Image/UiDrawLog/UiDrawLog22.png	Assets/Product/Texture/Image/UiDrawLog/UiDrawLog23.png	Rate in S-Rank pool:	100%	0	0.0	0.0	0	0.0	0.0	0	0.0	0
170248	9000	<color=#ff8d1e>100% rate in S-Rank pool</color>	Assets/Product/Texture/Image/UiDrawLog/UiDrawLog22.png	Assets/Product/Texture/Image/UiDrawLog/UiDrawLog23.png	Rate in S-Rank pool:	100%	0	0.0	0.0	0	0.0	0.0	0	0.0	0
170249	8900	<color=#ff8d1e>100% rate in S-Rank pool</color>	Assets/Product/Texture/Image/UiDrawLog/UiDrawLog22.png	Assets/Product/Texture/Image/UiDrawLog/UiDrawLog23.png	Rate in S-Rank pool:	100%	0	0.0	0.0	0	0.0	0.0	0	0.0	0
170250	8800	<color=#ff8d1e>100% rate in S-Rank pool</color>	Assets/Product/Texture/Image/UiDrawLog/UiDrawLog22.png	Assets/Product/Texture/Image/UiDrawLog/UiDrawLog23.png	Rate in S-Rank pool:	100%	0	0.0	0.0	0	0.0	0.0	0	0.0	0
170251	8700	<color=#ff8d1e>100% rate in S-Rank pool</color>	Assets/Product/Texture/Image/UiDrawLog/UiDrawLog22.png	Assets/Product/Texture/Image/UiDrawLog/UiDrawLog23.png	Rate in S-Rank pool:	100%	0	0.0	0.0	0	0.0	0.0	0	0.0	0
170252	8600	<color=#ff8d1e>100% rate in S-Rank pool</color>	Assets/Product/Texture/Image/UiDrawLog/UiDrawLog22.png	Assets/Product/Texture/Image/UiDrawLog/UiDrawLog23.png	Rate in S-Rank pool:	100%	0	0.0	0.0	0	0.0	0.0	0	0.0	0
170253	10000	<color=#26bbf9>70% rate in S-Rank pool</color>	Assets/Product/Texture/Image/UiDrawLog/UiDrawLog22.png	Assets/Product/Texture/Image/UiDrawLog/UiDrawLog23.png	Rate in S-Rank pool:	70%	0	0.0	0.0	0	0.0	0.0	0	0.0	0
170254	9990	<color=#26bbf9>70% rate in S-Rank pool</color>	Assets/Product/Texture/Image/UiDrawLog/UiDrawLog22.png	Assets/Product/Texture/Image/UiDrawLog/UiDrawLog23.png	Rate in S-Rank pool:	70%	0	0.0	0.0	0	0.0	0.0	0	0.0	0
170255	9980	<color=#26bbf9>70% rate in S-Rank pool</color>	Assets/Product/Texture/Image/UiDrawLog/UiDrawLog22.png	Assets/Product/Texture/Image/UiDrawLog/UiDrawLog23.png	Rate in S-Rank pool:	70%	0	0.0	0.0	0	0.0	0.0	0	0.0	0
170256	9970	<color=#26bbf9>70% rate in S-Rank pool</color>	Assets/Product/Texture/Image/UiDrawLog/UiDrawLog22.png	Assets/Product/Texture/Image/UiDrawLog/UiDrawLog23.png	Rate in S-Rank pool:	70%	0	0.0	0.0	0	0.0	0.0	0	0.0	0
170257	9960	<color=#26bbf9>70% rate in S-Rank pool</color>	Assets/Product/Texture/Image/UiDrawLog/UiDrawLog22.png	Assets/Product/Texture/Image/UiDrawLog/UiDrawLog23.png	Rate in S-Rank pool:	70%	0	0.0	0.0	0	0.0	0.0	0	0.0	0
170258	9950	<color=#26bbf9>70% rate in S-Rank pool</color>	Assets/Product/Texture/Image/UiDrawLog/UiDrawLog22.png	Assets/Product/Texture/Image/UiDrawLog/UiDrawLog23.png	Rate in S-Rank pool:	70%	0	0.0	0.0	0	0.0	0.0	0	0.0	0
170259	10000	<color=#26bbf9>70% rate in S-Rank pool</color>	Assets/Product/Texture/Image/UiDrawLog/UiDrawLog22.png	Assets/Product/Texture/Image/UiDrawLog/UiDrawLog23.png	Rate in S-Rank pool:	70%	0	0.0	0.0	0	0.0	0.0	0	0.0	0
170260	9990	<color=#26bbf9>70% rate in S-Rank pool</color>	Assets/Product/Texture/Image/UiDrawLog/UiDrawLog22.png	Assets/Product/Texture/Image/UiDrawLog/UiDrawLog23.png	Rate in S-Rank pool:	70%	0	0.0	0.0	0	0.0	0.0	0	0.0	0
170261	9980	<color=#26bbf9>70% rate in S-Rank pool</color>	Assets/Product/Texture/Image/UiDrawLog/UiDrawLog22.png	Assets/Product/Texture/Image/UiDrawLog/UiDrawLog23.png	Rate in S-Rank pool:	70%	0	0.0	0.0	0	0.0	0.0	0	0.0	0
170262	9970	<color=#26bbf9>70% rate in S-Rank pool</color>	Assets/Product/Texture/Image/UiDrawLog/UiDrawLog22.png	Assets/Product/Texture/Image/UiDrawLog/UiDrawLog23.png	Rate in S-Rank pool:	70%	0	0.0	0.0	0	0.0	0.0	0	0.0	0
170263	9960	<color=#26bbf9>70% rate in S-Rank pool</color>	Assets/Product/Texture/Image/UiDrawLog/UiDrawLog22.png	Assets/Product/Texture/Image/UiDrawLog/UiDrawLog23.png	Rate in S-Rank pool:	70%	0	0.0	0.0	0	0.0	0.0	0	0.0	0
170264	9950	<color=#26bbf9>70% rate in S-Rank pool</color>	Assets/Product/Texture/Image/UiDrawLog/UiDrawLog22.png	Assets/Product/Texture/Image/UiDrawLog/UiDrawLog23.png	Rate in S-Rank pool:	70%	0	0.0	0.0	0	0.0	0.0	0	0.0	0
170265	10000	<color=#26bbf9>70% rate in S-Rank pool</color>	Assets/Product/Texture/Image/UiDrawLog/UiDrawLog22.png	Assets/Product/Texture/Image/UiDrawLog/UiDrawLog23.png	Rate in S-Rank pool:	70%	0	0.0	0.0	0	0.0	0.0	0	0.0	0
170266	9990	<color=#26bbf9>70% rate in S-Rank pool</color>	Assets/Product/Texture/Image/UiDrawLog/UiDrawLog22.png	Assets/Product/Texture/Image/UiDrawLog/UiDrawLog23.png	Rate in S-Rank pool:	70%	0	0.0	0.0	0	0.0	0.0	0	0.0	0
170267	9980	<color=#26bbf9>70% rate in S-Rank pool</color>	Assets/Product/Texture/Image/UiDrawLog/UiDrawLog22.png	Assets/Product/Texture/Image/UiDrawLog/UiDrawLog23.png	Rate in S-Rank pool:	70%	0	0.0	0.0	0	0.0	0.0	0	0.0	0
170268	9970	<color=#26bbf9>70% rate in S-Rank pool</color>	Assets/Product/Texture/Image/UiDrawLog/UiDrawLog22.png	Assets/Product/Texture/Image/UiDrawLog/UiDrawLog23.png	Rate in S-Rank pool:	70%	0	0.0	0.0	0	0.0	0.0	0	0.0	0
170269	9960	<color=#26bbf9>70% rate in S-Rank pool</color>	Assets/Product/Texture/Image/UiDrawLog/UiDrawLog22.png	Assets/Product/Texture/Image/UiDrawLog/UiDrawLog23.png	Rate in S-Rank pool:	70%	0	0.0	0.0	0	0.0	0.0	0	0.0	0
170270	9950	<color=#26bbf9>70% rate in S-Rank pool</color>	Assets/Product/Texture/Image/UiDrawLog/UiDrawLog22.png	Assets/Product/Texture/Image/UiDrawLog/UiDrawLog23.png	Rate in S-Rank pool:	70%	0	0.0	0.0	0	0.0	0.0	0	0.0	0
170271	9940	<color=#26bbf9>70% rate in S-Rank pool</color>	Assets/Product/Texture/Image/UiDrawLog/UiDrawLog22.png	Assets/Product/Texture/Image/UiDrawLog/UiDrawLog23.png	Rate in S-Rank pool:	70%	0	0.0	0.0	0	0.0	0.0	0	0.0	0
170272	9930	<color=#26bbf9>70% rate in S-Rank pool</color>	Assets/Product/Texture/Image/UiDrawLog/UiDrawLog22.png	Assets/Product/Texture/Image/UiDrawLog/UiDrawLog23.png	Rate in S-Rank pool:	70%	0	0.0	0.0	0	0.0	0.0	0	0.0	0
170273	9920	<color=#26bbf9>70% rate in S-Rank pool</color>	Assets/Product/Texture/Image/UiDrawLog/UiDrawLog22.png	Assets/Product/Texture/Image/UiDrawLog/UiDrawLog23.png	Rate in S-Rank pool:	70%	0	0.0	0.0	0	0.0	0.0	0	0.0	0
170274	10000	<color=#26bbf9>70% rate in S-Rank pool</color>	Assets/Product/Texture/Image/UiDrawLog/UiDrawLog22.png	Assets/Product/Texture/Image/UiDrawLog/UiDrawLog23.png	Rate in S-Rank pool:	70%	0	0.0	0.0	0	0.0	0.0	0	0.0	0
170275	9990	<color=#26bbf9>70% rate in S-Rank pool</color>	Assets/Product/Texture/Image/UiDrawLog/UiDrawLog22.png	Assets/Product/Texture/Image/UiDrawLog/UiDrawLog23.png	Rate in S-Rank pool:	70%	0	0.0	0.0	0	0.0	0.0	0	0.0	0
170276	9980	<color=#26bbf9>70% rate in S-Rank pool</color>	Assets/Product/Texture/Image/UiDrawLog/UiDrawLog22.png	Assets/Product/Texture/Image/UiDrawLog/UiDrawLog23.png	Rate in S-Rank pool:	70%	0	0.0	0.0	0	0.0	0.0	0	0.0	0
170277	9970	<color=#26bbf9>70% rate in S-Rank pool</color>	Assets/Product/Texture/Image/UiDrawLog/UiDrawLog22.png	Assets/Product/Texture/Image/UiDrawLog/UiDrawLog23.png	Rate in S-Rank pool:	70%	0	0.0	0.0	0	0.0	0.0	0	0.0	0
170278	9960	<color=#26bbf9>70% rate in S-Rank pool</color>	Assets/Product/Texture/Image/UiDrawLog/UiDrawLog22.png	Assets/Product/Texture/Image/UiDrawLog/UiDrawLog23.png	Rate in S-Rank pool:	70%	0	0.0	0.0	0	0.0	0.0	0	0.0	0
170279	9950	<color=#26bbf9>70% rate in S-Rank pool</color>	Assets/Product/Texture/Image/UiDrawLog/UiDrawLog22.png	Assets/Product/Texture/Image/UiDrawLog/UiDrawLog23.png	Rate in S-Rank pool:	70%	0	0.0	0.0	0	0.0	0.0	0	0.0	0
170280	9940	<color=#26bbf9>70% rate in S-Rank pool</color>	Assets/Product/Texture/Image/UiDrawLog/UiDrawLog22.png	Assets/Product/Texture/Image/UiDrawLog/UiDrawLog23.png	Rate in S-Rank pool:	70%	0	0.0	0.0	0	0.0	0.0	0	0.0	0
170281	9930	<color=#26bbf9>70% rate in S-Rank pool</color>	Assets/Product/Texture/Image/UiDrawLog/UiDrawLog22.png	Assets/Product/Texture/Image/UiDrawLog/UiDrawLog23.png	Rate in S-Rank pool:	70%	0	0.0	0.0	0	0.0	0.0	0	0.0	0
170282	9920	<color=#26bbf9>70% rate in S-Rank pool</color>	Assets/Product/Texture/Image/UiDrawLog/UiDrawLog22.png	Assets/Product/Texture/Image/UiDrawLog/UiDrawLog23.png	Rate in S-Rank pool:	70%	0	0.0	0.0	0	0.0	0.0	0	0.0	0
170283	10000	<color=#26bbf9>70% rate in S-Rank pool</color>	Assets/Product/Texture/Image/UiDrawLog/UiDrawLog22.png	Assets/Product/Texture/Image/UiDrawLog/UiDrawLog23.png	Rate in S-Rank pool:	70%	0	0.0	0.0	0	0.0	0.0	0	0.0	0
170284	9990	<color=#26bbf9>70% rate in S-Rank pool</color>	Assets/Product/Texture/Image/UiDrawLog/UiDrawLog22.png	Assets/Product/Texture/Image/UiDrawLog/UiDrawLog23.png	Rate in S-Rank pool:	70%	0	0.0	0.0	0	0.0	0.0	0	0.0	0
170285	9980	<color=#26bbf9>70% rate in S-Rank pool</color>	Assets/Product/Texture/Image/UiDrawLog/UiDrawLog22.png	Assets/Product/Texture/Image/UiDrawLog/UiDrawLog23.png	Rate in S-Rank pool:	70%	0	0.0	0.0	0	0.0	0.0	0	0.0	0
170286	9970	<color=#26bbf9>70% rate in S-Rank pool</color>	Assets/Product/Texture/Image/UiDrawLog/UiDrawLog22.png	Assets/Product/Texture/Image/UiDrawLog/UiDrawLog23.png	Rate in S-Rank pool:	70%	0	0.0	0.0	0	0.0	0.0	0	0.0	0
170287	9960	<color=#26bbf9>70% rate in S-Rank pool</color>	Assets/Product/Texture/Image/UiDrawLog/UiDrawLog22.png	Assets/Product/Texture/Image/UiDrawLog/UiDrawLog23.png	Rate in S-Rank pool:	70%	0	0.0	0.0	0	0.0	0.0	0	0.0	0
170288	9950	<color=#26bbf9>70% rate in S-Rank pool</color>	Assets/Product/Texture/Image/UiDrawLog/UiDrawLog22.png	Assets/Product/Texture/Image/UiDrawLog/UiDrawLog23.png	Rate in S-Rank pool:	70%	0	0.0	0.0	0	0.0	0.0	0	0.0	0
170289	9940	<color=#26bbf9>70% rate in S-Rank pool</color>	Assets/Product/Texture/Image/UiDrawLog/UiDrawLog22.png	Assets/Product/Texture/Image/UiDrawLog/UiDrawLog23.png	Rate in S-Rank pool:	70%	0	0.0	0.0	0	0.0	0.0	0	0.0	0
170290	9930	<color=#26bbf9>70% rate in S-Rank pool</color>	Assets/Product/Texture/Image/UiDrawLog/UiDrawLog22.png	Assets/Product/Texture/Image/UiDrawLog/UiDrawLog23.png	Rate in S-Rank pool:	70%	0	0.0	0.0	0	0.0	0.0	0	0.0	0
170291	9920	<color=#26bbf9>70% rate in S-Rank pool</color>	Assets/Product/Texture/Image/UiDrawLog/UiDrawLog22.png	Assets/Product/Texture/Image/UiDrawLog/UiDrawLog23.png	Rate in S-Rank pool:	70%	0	0.0	0.0	0	0.0	0.0	0	0.0	0
170292	10000	<color=#26bbf9>70% rate in S-Rank pool</color>	Assets/Product/Texture/Image/UiDrawLog/UiDrawLog22.png	Assets/Product/Texture/Image/UiDrawLog/UiDrawLog23.png	Rate in S-Rank pool:	70%	0	0.0	0.0	0	0.0	0.0	0	0.0	0
170293	9990	<color=#26bbf9>70% rate in S-Rank pool</color>	Assets/Product/Texture/Image/UiDrawLog/UiDrawLog22.png	Assets/Product/Texture/Image/UiDrawLog/UiDrawLog23.png	Rate in S-Rank pool:	70%	0	0.0	0.0	0	0.0	0.0	0	0.0	0
170294	9980	<color=#26bbf9>70% rate in S-Rank pool</color>	Assets/Product/Texture/Image/UiDrawLog/UiDrawLog22.png	Assets/Product/Texture/Image/UiDrawLog/UiDrawLog23.png	Rate in S-Rank pool:	70%	0	0.0	0.0	0	0.0	0.0	0	0.0	0
170295	9970	<color=#26bbf9>70% rate in S-Rank pool</color>	Assets/Product/Texture/Image/UiDrawLog/UiDrawLog22.png	Assets/Product/Texture/Image/UiDrawLog/UiDrawLog23.png	Rate in S-Rank pool:	70%	0	0.0	0.0	0	0.0	0.0	0	0.0	0
170296	9960	<color=#26bbf9>70% rate in S-Rank pool</color>	Assets/Product/Texture/Image/UiDrawLog/UiDrawLog22.png	Assets/Product/Texture/Image/UiDrawLog/UiDrawLog23.png	Rate in S-Rank pool:	70%	0	0.0	0.0	0	0.0	0.0	0	0.0	0
170297	9950	<color=#26bbf9>70% rate in S-Rank pool</color>	Assets/Product/Texture/Image/UiDrawLog/UiDrawLog22.png	Assets/Product/Texture/Image/UiDrawLog/UiDrawLog23.png	Rate in S-Rank pool:	70%	0	0.0	0.0	0	0.0	0.0	0	0.0	0
170298	9940	<color=#26bbf9>70% rate in S-Rank pool</color>	Assets/Product/Texture/Image/UiDrawLog/UiDrawLog22.png	Assets/Product/Texture/Image/UiDrawLog/UiDrawLog23.png	Rate in S-Rank pool:	70%	0	0.0	0.0	0	0.0	0.0	0	0.0	0
170299	9930	<color=#26bbf9>70% rate in S-Rank pool</color>	Assets/Product/Texture/Image/UiDrawLog/UiDrawLog22.png	Assets/Product/Texture/Image/UiDrawLog/UiDrawLog23.png	Rate in S-Rank pool:	70%	0	0.0	0.0	0	0.0	0.0	0	0.0	0
170300	9920	<color=#26bbf9>70% rate in S-Rank pool</color>	Assets/Product/Texture/Image/UiDrawLog/UiDrawLog22.png	Assets/Product/Texture/Image/UiDrawLog/UiDrawLog23.png	Rate in S-Rank pool:	70%	0	0.0	0.0	0	0.0	0.0	0	0.0	0
170301	10000	<color=#26bbf9>70% rate in S-Rank pool</color>	Assets/Product/Texture/Image/UiDrawLog/UiDrawLog22.png	Assets/Product/Texture/Image/UiDrawLog/UiDrawLog23.png	Rate in S-Rank pool:	70%	0	0.0	0.0	0	0.0	0.0	0	0.0	0
170302	9990	<color=#26bbf9>70% rate in S-Rank pool</color>	Assets/Product/Texture/Image/UiDrawLog/UiDrawLog22.png	Assets/Product/Texture/Image/UiDrawLog/UiDrawLog23.png	Rate in S-Rank pool:	70%	0	0.0	0.0	0	0.0	0.0	0	0.0	0
170303	9980	<color=#26bbf9>70% rate in S-Rank pool</color>	Assets/Product/Texture/Image/UiDrawLog/UiDrawLog22.png	Assets/Product/Texture/Image/UiDrawLog/UiDrawLog23.png	Rate in S-Rank pool:	70%	0	0.0	0.0	0	0.0	0.0	0	0.0	0
170304	9970	<color=#26bbf9>70% rate in S-Rank pool</color>	Assets/Product/Texture/Image/UiDrawLog/UiDrawLog22.png	Assets/Product/Texture/Image/UiDrawLog/UiDrawLog23.png	Rate in S-Rank pool:	70%	0	0.0	0.0	0	0.0	0.0	0	0.0	0
170305	9960	<color=#26bbf9>70% rate in S-Rank pool</color>	Assets/Product/Texture/Image/UiDrawLog/UiDrawLog22.png	Assets/Product/Texture/Image/UiDrawLog/UiDrawLog23.png	Rate in S-Rank pool:	70%	0	0.0	0.0	0	0.0	0.0	0	0.0	0
170306	9950	<color=#26bbf9>70% rate in S-Rank pool</color>	Assets/Product/Texture/Image/UiDrawLog/UiDrawLog22.png	Assets/Product/Texture/Image/UiDrawLog/UiDrawLog23.png	Rate in S-Rank pool:	70%	0	0.0	0.0	0	0.0	0.0	0	0.0	0
170307	10000	<color=#26bbf9>70% rate in S-Rank pool</color>	Assets/Product/Texture/Image/UiDrawLog/UiDrawLog22.png	Assets/Product/Texture/Image/UiDrawLog/UiDrawLog23.png	Rate in S-Rank pool:	70%	0	0.0	0.0	0	0.0	0.0	0	0.0	0
170308	9990	<color=#26bbf9>70% rate in S-Rank pool</color>	Assets/Product/Texture/Image/UiDrawLog/UiDrawLog22.png	Assets/Product/Texture/Image/UiDrawLog/UiDrawLog23.png	Rate in S-Rank pool:	70%	0	0.0	0.0	0	0.0	0.0	0	0.0	0
170309	9980	<color=#26bbf9>70% rate in S-Rank pool</color>	Assets/Product/Texture/Image/UiDrawLog/UiDrawLog22.png	Assets/Product/Texture/Image/UiDrawLog/UiDrawLog23.png	Rate in S-Rank pool:	70%	0	0.0	0.0	0	0.0	0.0	0	0.0	0
170310	9970	<color=#26bbf9>70% rate in S-Rank pool</color>	Assets/Product/Texture/Image/UiDrawLog/UiDrawLog22.png	Assets/Product/Texture/Image/UiDrawLog/UiDrawLog23.png	Rate in S-Rank pool:	70%	0	0.0	0.0	0	0.0	0.0	0	0.0	0
170311	9960	<color=#26bbf9>70% rate in S-Rank pool</color>	Assets/Product/Texture/Image/UiDrawLog/UiDrawLog22.png	Assets/Product/Texture/Image/UiDrawLog/UiDrawLog23.png	Rate in S-Rank pool:	70%	0	0.0	0.0	0	0.0	0.0	0	0.0	0
170312	9950	<color=#26bbf9>70% rate in S-Rank pool</color>	Assets/Product/Texture/Image/UiDrawLog/UiDrawLog22.png	Assets/Product/Texture/Image/UiDrawLog/UiDrawLog23.png	Rate in S-Rank pool:	70%	0	0.0	0.0	0	0.0	0.0	0	0.0	0
170313	10000	<color=#26bbf9>70% rate in S-Rank pool</color>	Assets/Product/Texture/Image/UiDrawLog/UiDrawLog22.png	Assets/Product/Texture/Image/UiDrawLog/UiDrawLog23.png	Rate in S-Rank pool:	70%	0	0.0	0.0	0	0.0	0.0	0	0.0	0
170314	9990	<color=#26bbf9>70% rate in S-Rank pool</color>	Assets/Product/Texture/Image/UiDrawLog/UiDrawLog22.png	Assets/Product/Texture/Image/UiDrawLog/UiDrawLog23.png	Rate in S-Rank pool:	70%	0	0.0	0.0	0	0.0	0.0	0	0.0	0
170315	9980	<color=#26bbf9>70% rate in S-Rank pool</color>	Assets/Product/Texture/Image/UiDrawLog/UiDrawLog22.png	Assets/Product/Texture/Image/UiDrawLog/UiDrawLog23.png	Rate in S-Rank pool:	70%	0	0.0	0.0	0	0.0	0.0	0	0.0	0
170316	9970	<color=#26bbf9>70% rate in S-Rank pool</color>	Assets/Product/Texture/Image/UiDrawLog/UiDrawLog22.png	Assets/Product/Texture/Image/UiDrawLog/UiDrawLog23.png	Rate in S-Rank pool:	70%	0	0.0	0.0	0	0.0	0.0	0	0.0	0
170317	9960	<color=#26bbf9>70% rate in S-Rank pool</color>	Assets/Product/Texture/Image/UiDrawLog/UiDrawLog22.png	Assets/Product/Texture/Image/UiDrawLog/UiDrawLog23.png	Rate in S-Rank pool:	70%	0	0.0	0.0	0	0.0	0.0	0	0.0	0
170318	9950	<color=#26bbf9>70% rate in S-Rank pool</color>	Assets/Product/Texture/Image/UiDrawLog/UiDrawLog22.png	Assets/Product/Texture/Image/UiDrawLog/UiDrawLog23.png	Rate in S-Rank pool:	70%	0	0.0	0.0	0	0.0	0.0	0	0.0	0
170319	9940	<color=#26bbf9>70% rate in S-Rank pool</color>	Assets/Product/Texture/Image/UiDrawLog/UiDrawLog22.png	Assets/Product/Texture/Image/UiDrawLog/UiDrawLog23.png	Rate in S-Rank pool:	70%	0	0.0	0.0	0	0.0	0.0	0	0.0	0
170320	9930	<color=#26bbf9>70% rate in S-Rank pool</color>	Assets/Product/Texture/Image/UiDrawLog/UiDrawLog22.png	Assets/Product/Texture/Image/UiDrawLog/UiDrawLog23.png	Rate in S-Rank pool:	70%	0	0.0	0.0	0	0.0	0.0	0	0.0	0
170321	9920	<color=#26bbf9>70% rate in S-Rank pool</color>	Assets/Product/Texture/Image/UiDrawLog/UiDrawLog22.png	Assets/Product/Texture/Image/UiDrawLog/UiDrawLog23.png	Rate in S-Rank pool:	70%	0	0.0	0.0	0	0.0	0.0	0	0.0	0
170322	10000	<color=#26bbf9>70% rate in S-Rank pool</color>	Assets/Product/Texture/Image/UiDrawLog/UiDrawLog22.png	Assets/Product/Texture/Image/UiDrawLog/UiDrawLog23.png	Rate in S-Rank pool:	70%	0	0.0	0.0	0	0.0	0.0	0	0.0	0
170323	9990	<color=#26bbf9>70% rate in S-Rank pool</color>	Assets/Product/Texture/Image/UiDrawLog/UiDrawLog22.png	Assets/Product/Texture/Image/UiDrawLog/UiDrawLog23.png	Rate in S-Rank pool:	70%	0	0.0	0.0	0	0.0	0.0	0	0.0	0
170324	9980	<color=#26bbf9>70% rate in S-Rank pool</color>	Assets/Product/Texture/Image/UiDrawLog/UiDrawLog22.png	Assets/Product/Texture/Image/UiDrawLog/UiDrawLog23.png	Rate in S-Rank pool:	70%	0	0.0	0.0	0	0.0	0.0	0	0.0	0
170325	9970	<color=#26bbf9>70% rate in S-Rank pool</color>	Assets/Product/Texture/Image/UiDrawLog/UiDrawLog22.png	Assets/Product/Texture/Image/UiDrawLog/UiDrawLog23.png	Rate in S-Rank pool:	70%	0	0.0	0.0	0	0.0	0.0	0	0.0	0
170326	9960	<color=#26bbf9>70% rate in S-Rank pool</color>	Assets/Product/Texture/Image/UiDrawLog/UiDrawLog22.png	Assets/Product/Texture/Image/UiDrawLog/UiDrawLog23.png	Rate in S-Rank pool:	70%	0	0.0	0.0	0	0.0	0.0	0	0.0	0
170327	9950	<color=#26bbf9>70% rate in S-Rank pool</color>	Assets/Product/Texture/Image/UiDrawLog/UiDrawLog22.png	Assets/Product/Texture/Image/UiDrawLog/UiDrawLog23.png	Rate in S-Rank pool:	70%	0	0.0	0.0	0	0.0	0.0	0	0.0	0
170328	9940	<color=#26bbf9>70% rate in S-Rank pool</color>	Assets/Product/Texture/Image/UiDrawLog/UiDrawLog22.png	Assets/Product/Texture/Image/UiDrawLog/UiDrawLog23.png	Rate in S-Rank pool:	70%	0	0.0	0.0	0	0.0	0.0	0	0.0	0
170329	9930	<color=#26bbf9>70% rate in S-Rank pool</color>	Assets/Product/Texture/Image/UiDrawLog/UiDrawLog22.png	Assets/Product/Texture/Image/UiDrawLog/UiDrawLog23.png	Rate in S-Rank pool:	70%	0	0.0	0.0	0	0.0	0.0	0	0.0	0
170330	9920	<color=#26bbf9>70% rate in S-Rank pool</color>	Assets/Product/Texture/Image/UiDrawLog/UiDrawLog22.png	Assets/Product/Texture/Image/UiDrawLog/UiDrawLog23.png	Rate in S-Rank pool:	70%	0	0.0	0.0	0	0.0	0.0	0	0.0	0
170331	10000	<color=#ff8d1e>100% rate in S-Rank pool</color>	Assets/Product/Texture/Image/UiDrawLog/UiDrawLog22.png	Assets/Product/Texture/Image/UiDrawLog/UiDrawLog23.png	Rate in S-Rank pool:	100%	0	0.0	0.0	0	0.0	0.0	0	0.0	0
170332	9990	<color=#ff8d1e>100% rate in S-Rank pool</color>	Assets/Product/Texture/Image/UiDrawLog/UiDrawLog22.png	Assets/Product/Texture/Image/UiDrawLog/UiDrawLog23.png	Rate in S-Rank pool:	100%	0	0.0	0.0	0	0.0	0.0	0	0.0	0
170333	9980	<color=#ff8d1e>100% rate in S-Rank pool</color>	Assets/Product/Texture/Image/UiDrawLog/UiDrawLog22.png	Assets/Product/Texture/Image/UiDrawLog/UiDrawLog23.png	Rate in S-Rank pool:	100%	0	0.0	0.0	0	0.0	0.0	0	0.0	0
170334	9970	<color=#ff8d1e>100% rate in S-Rank pool</color>	Assets/Product/Texture/Image/UiDrawLog/UiDrawLog22.png	Assets/Product/Texture/Image/UiDrawLog/UiDrawLog23.png	Rate in S-Rank pool:	100%	0	0.0	0.0	0	0.0	0.0	0	0.0	0
170335	9960	<color=#ff8d1e>100% rate in S-Rank pool</color>	Assets/Product/Texture/Image/UiDrawLog/UiDrawLog22.png	Assets/Product/Texture/Image/UiDrawLog/UiDrawLog23.png	Rate in S-Rank pool:	100%	0	0.0	0.0	0	0.0	0.0	0	0.0	0
170336	9950	<color=#ff8d1e>100% rate in S-Rank pool</color>	Assets/Product/Texture/Image/UiDrawLog/UiDrawLog22.png	Assets/Product/Texture/Image/UiDrawLog/UiDrawLog23.png	Rate in S-Rank pool:	100%	0	0.0	0.0	0	0.0	0.0	0	0.0	0
170337	9940	<color=#ff8d1e>100% rate in S-Rank pool</color>	Assets/Product/Texture/Image/UiDrawLog/UiDrawLog22.png	Assets/Product/Texture/Image/UiDrawLog/UiDrawLog23.png	Rate in S-Rank pool:	100%	0	0.0	0.0	0	0.0	0.0	0	0.0	0
170338	9930	<color=#ff8d1e>100% rate in S-Rank pool</color>	Assets/Product/Texture/Image/UiDrawLog/UiDrawLog22.png	Assets/Product/Texture/Image/UiDrawLog/UiDrawLog23.png	Rate in S-Rank pool:	100%	0	0.0	0.0	0	0.0	0.0	0	0.0	0
170339	9920	<color=#ff8d1e>100% rate in S-Rank pool</color>	Assets/Product/Texture/Image/UiDrawLog/UiDrawLog22.png	Assets/Product/Texture/Image/UiDrawLog/UiDrawLog23.png	Rate in S-Rank pool:	100%	0	0.0	0.0	0	0.0	0.0	0	0.0	0
170340	9910	<color=#ff8d1e>100% rate in S-Rank pool</color>	Assets/Product/Texture/Image/UiDrawLog/UiDrawLog22.png	Assets/Product/Texture/Image/UiDrawLog/UiDrawLog23.png	Rate in S-Rank pool:	100%	0	0.0	0.0	0	0.0	0.0	0	0.0	0
170341	9900	<color=#ff8d1e>100% rate in S-Rank pool</color>	Assets/Product/Texture/Image/UiDrawLog/UiDrawLog22.png	Assets/Product/Texture/Image/UiDrawLog/UiDrawLog23.png	Rate in S-Rank pool:	100%	0	0.0	0.0	0	0.0	0.0	0	0.0	0
170342	9890	<color=#ff8d1e>100% rate in S-Rank pool</color>	Assets/Product/Texture/Image/UiDrawLog/UiDrawLog22.png	Assets/Product/Texture/Image/UiDrawLog/UiDrawLog23.png	Rate in S-Rank pool:	100%	0	0.0	0.0	0	0.0	0.0	0	0.0	0
170343	9880	<color=#ff8d1e>100% rate in S-Rank pool</color>	Assets/Product/Texture/Image/UiDrawLog/UiDrawLog22.png	Assets/Product/Texture/Image/UiDrawLog/UiDrawLog23.png	Rate in S-Rank pool:	100%	0	0.0	0.0	0	0.0	0.0	0	0.0	0
170344	9870	<color=#ff8d1e>100% rate in S-Rank pool</color>	Assets/Product/Texture/Image/UiDrawLog/UiDrawLog22.png	Assets/Product/Texture/Image/UiDrawLog/UiDrawLog23.png	Rate in S-Rank pool:	100%	0	0.0	0.0	0	0.0	0.0	0	0.0	0
170345	9860	<color=#ff8d1e>100% rate in S-Rank pool</color>	Assets/Product/Texture/Image/UiDrawLog/UiDrawLog22.png	Assets/Product/Texture/Image/UiDrawLog/UiDrawLog23.png	Rate in S-Rank pool:	100%	0	0.0	0.0	0	0.0	0.0	0	0.0	0
170346	9850	<color=#ff8d1e>100% rate in S-Rank pool</color>	Assets/Product/Texture/Image/UiDrawLog/UiDrawLog22.png	Assets/Product/Texture/Image/UiDrawLog/UiDrawLog23.png	Rate in S-Rank pool:	100%	0	0.0	0.0	0	0.0	0.0	0	0.0	0
170347	9840	<color=#ff8d1e>100% rate in S-Rank pool</color>	Assets/Product/Texture/Image/UiDrawLog/UiDrawLog22.png	Assets/Product/Texture/Image/UiDrawLog/UiDrawLog23.png	Rate in S-Rank pool:	100%	0	0.0	0.0	0	0.0	0.0	0	0.0	0
170348	10000	<color=#ff8d1e>100% rate in S-Rank pool</color>	Assets/Product/Texture/Image/UiDrawLog/UiDrawLog22.png	Assets/Product/Texture/Image/UiDrawLog/UiDrawLog23.png	Rate in S-Rank pool:	100%	0	0.0	0.0	0	0.0	0.0	0	0.0	0
170349	9990	<color=#ff8d1e>100% rate in S-Rank pool</color>	Assets/Product/Texture/Image/UiDrawLog/UiDrawLog22.png	Assets/Product/Texture/Image/UiDrawLog/UiDrawLog23.png	Rate in S-Rank pool:	100%	0	0.0	0.0	0	0.0	0.0	0	0.0	0
170350	9980	<color=#ff8d1e>100% rate in S-Rank pool</color>	Assets/Product/Texture/Image/UiDrawLog/UiDrawLog22.png	Assets/Product/Texture/Image/UiDrawLog/UiDrawLog23.png	Rate in S-Rank pool:	100%	0	0.0	0.0	0	0.0	0.0	0	0.0	0
170351	9970	<color=#ff8d1e>100% rate in S-Rank pool</color>	Assets/Product/Texture/Image/UiDrawLog/UiDrawLog22.png	Assets/Product/Texture/Image/UiDrawLog/UiDrawLog23.png	Rate in S-Rank pool:	100%	0	0.0	0.0	0	0.0	0.0	0	0.0	0
170352	9960	<color=#ff8d1e>100% rate in S-Rank pool</color>	Assets/Product/Texture/Image/UiDrawLog/UiDrawLog22.png	Assets/Product/Texture/Image/UiDrawLog/UiDrawLog23.png	Rate in S-Rank pool:	100%	0	0.0	0.0	0	0.0	0.0	0	0.0	0
170353	9950	<color=#ff8d1e>100% rate in S-Rank pool</color>	Assets/Product/Texture/Image/UiDrawLog/UiDrawLog22.png	Assets/Product/Texture/Image/UiDrawLog/UiDrawLog23.png	Rate in S-Rank pool:	100%	0	0.0	0.0	0	0.0	0.0	0	0.0	0
170354	9940	<color=#ff8d1e>100% rate in S-Rank pool</color>	Assets/Product/Texture/Image/UiDrawLog/UiDrawLog22.png	Assets/Product/Texture/Image/UiDrawLog/UiDrawLog23.png	Rate in S-Rank pool:	100%	0	0.0	0.0	0	0.0	0.0	0	0.0	0
170355	9930	<color=#ff8d1e>100% rate in S-Rank pool</color>	Assets/Product/Texture/Image/UiDrawLog/UiDrawLog22.png	Assets/Product/Texture/Image/UiDrawLog/UiDrawLog23.png	Rate in S-Rank pool:	100%	0	0.0	0.0	0	0.0	0.0	0	0.0	0
170356	9920	<color=#ff8d1e>100% rate in S-Rank pool</color>	Assets/Product/Texture/Image/UiDrawLog/UiDrawLog22.png	Assets/Product/Texture/Image/UiDrawLog/UiDrawLog23.png	Rate in S-Rank pool:	100%	0	0.0	0.0	0	0.0	0.0	0	0.0	0
170357	9910	<color=#ff8d1e>100% rate in S-Rank pool</color>	Assets/Product/Texture/Image/UiDrawLog/UiDrawLog22.png	Assets/Product/Texture/Image/UiDrawLog/UiDrawLog23.png	Rate in S-Rank pool:	100%	0	0.0	0.0	0	0.0	0.0	0	0.0	0
170358	9900	<color=#ff8d1e>100% rate in S-Rank pool</color>	Assets/Product/Texture/Image/UiDrawLog/UiDrawLog22.png	Assets/Product/Texture/Image/UiDrawLog/UiDrawLog23.png	Rate in S-Rank pool:	100%	0	0.0	0.0	0	0.0	0.0	0	0.0	0
170359	9890	<color=#ff8d1e>100% rate in S-Rank pool</color>	Assets/Product/Texture/Image/UiDrawLog/UiDrawLog22.png	Assets/Product/Texture/Image/UiDrawLog/UiDrawLog23.png	Rate in S-Rank pool:	100%	0	0.0	0.0	0	0.0	0.0	0	0.0	0
170360	9880	<color=#ff8d1e>100% rate in S-Rank pool</color>	Assets/Product/Texture/Image/UiDrawLog/UiDrawLog22.png	Assets/Product/Texture/Image/UiDrawLog/UiDrawLog23.png	Rate in S-Rank pool:	100%	0	0.0	0.0	0	0.0	0.0	0	0.0	0
170361	9870	<color=#ff8d1e>100% rate in S-Rank pool</color>	Assets/Product/Texture/Image/UiDrawLog/UiDrawLog22.png	Assets/Product/Texture/Image/UiDrawLog/UiDrawLog23.png	Rate in S-Rank pool:	100%	0	0.0	0.0	0	0.0	0.0	0	0.0	0
170362	9860	<color=#ff8d1e>100% rate in S-Rank pool</color>	Assets/Product/Texture/Image/UiDrawLog/UiDrawLog22.png	Assets/Product/Texture/Image/UiDrawLog/UiDrawLog23.png	Rate in S-Rank pool:	100%	0	0.0	0.0	0	0.0	0.0	0	0.0	0
170363	9850	<color=#ff8d1e>100% rate in S-Rank pool</color>	Assets/Product/Texture/Image/UiDrawLog/UiDrawLog22.png	Assets/Product/Texture/Image/UiDrawLog/UiDrawLog23.png	Rate in S-Rank pool:	100%	0	0.0	0.0	0	0.0	0.0	0	0.0	0
170364	9840	<color=#ff8d1e>100% rate in S-Rank pool</color>	Assets/Product/Texture/Image/UiDrawLog/UiDrawLog22.png	Assets/Product/Texture/Image/UiDrawLog/UiDrawLog23.png	Rate in S-Rank pool:	100%	0	0.0	0.0	0	0.0	0.0	0	0.0	0
170365	10000	<color=#26bbf9>70% rate in S-Rank pool</color>	Assets/Product/Texture/Image/UiDrawLog/UiDrawLog22.png	Assets/Product/Texture/Image/UiDrawLog/UiDrawLog23.png	Rate in S-Rank pool:	70%	0	0.0	0.0	0	0.0	0.0	0	0.0	0
170366	9990	<color=#26bbf9>70% rate in S-Rank pool</color>	Assets/Product/Texture/Image/UiDrawLog/UiDrawLog22.png	Assets/Product/Texture/Image/UiDrawLog/UiDrawLog23.png	Rate in S-Rank pool:	70%	0	0.0	0.0	0	0.0	0.0	0	0.0	0
170367	9980	<color=#26bbf9>70% rate in S-Rank pool</color>	Assets/Product/Texture/Image/UiDrawLog/UiDrawLog22.png	Assets/Product/Texture/Image/UiDrawLog/UiDrawLog23.png	Rate in S-Rank pool:	70%	0	0.0	0.0	0	0.0	0.0	0	0.0	0
170368	9970	<color=#26bbf9>70% rate in S-Rank pool</color>	Assets/Product/Texture/Image/UiDrawLog/UiDrawLog22.png	Assets/Product/Texture/Image/UiDrawLog/UiDrawLog23.png	Rate in S-Rank pool:	70%	0	0.0	0.0	0	0.0	0.0	0	0.0	0
170369	9960	<color=#26bbf9>70% rate in S-Rank pool</color>	Assets/Product/Texture/Image/UiDrawLog/UiDrawLog22.png	Assets/Product/Texture/Image/UiDrawLog/UiDrawLog23.png	Rate in S-Rank pool:	70%	0	0.0	0.0	0	0.0	0.0	0	0.0	0
170370	9950	<color=#26bbf9>70% rate in S-Rank pool</color>	Assets/Product/Texture/Image/UiDrawLog/UiDrawLog22.png	Assets/Product/Texture/Image/UiDrawLog/UiDrawLog23.png	Rate in S-Rank pool:	70%	0	0.0	0.0	0	0.0	0.0	0	0.0	0
170371	9940	<color=#26bbf9>70% rate in S-Rank pool</color>	Assets/Product/Texture/Image/UiDrawLog/UiDrawLog22.png	Assets/Product/Texture/Image/UiDrawLog/UiDrawLog23.png	Rate in S-Rank pool:	70%	0	0.0	0.0	0	0.0	0.0	0	0.0	0
170372	9930	<color=#26bbf9>70% rate in S-Rank pool</color>	Assets/Product/Texture/Image/UiDrawLog/UiDrawLog22.png	Assets/Product/Texture/Image/UiDrawLog/UiDrawLog23.png	Rate in S-Rank pool:	70%	0	0.0	0.0	0	0.0	0.0	0	0.0	0
170373	9920	<color=#26bbf9>70% rate in S-Rank pool</color>	Assets/Product/Texture/Image/UiDrawLog/UiDrawLog22.png	Assets/Product/Texture/Image/UiDrawLog/UiDrawLog23.png	Rate in S-Rank pool:	70%	0	0.0	0.0	0	0.0	0.0	0	0.0	0
170374	10000	<color=#26bbf9>70% rate in S-Rank pool</color>	Assets/Product/Texture/Image/UiDrawLog/UiDrawLog22.png	Assets/Product/Texture/Image/UiDrawLog/UiDrawLog23.png	Rate in S-Rank pool:	70%	0	0.0	0.0	0	0.0	0.0	0	0.0	0
170375	9990	<color=#26bbf9>70% rate in S-Rank pool</color>	Assets/Product/Texture/Image/UiDrawLog/UiDrawLog22.png	Assets/Product/Texture/Image/UiDrawLog/UiDrawLog23.png	Rate in S-Rank pool:	70%	0	0.0	0.0	0	0.0	0.0	0	0.0	0
170376	9980	<color=#26bbf9>70% rate in S-Rank pool</color>	Assets/Product/Texture/Image/UiDrawLog/UiDrawLog22.png	Assets/Product/Texture/Image/UiDrawLog/UiDrawLog23.png	Rate in S-Rank pool:	70%	0	0.0	0.0	0	0.0	0.0	0	0.0	0
170377	9970	<color=#26bbf9>70% rate in S-Rank pool</color>	Assets/Product/Texture/Image/UiDrawLog/UiDrawLog22.png	Assets/Product/Texture/Image/UiDrawLog/UiDrawLog23.png	Rate in S-Rank pool:	70%	0	0.0	0.0	0	0.0	0.0	0	0.0	0
170378	9960	<color=#26bbf9>70% rate in S-Rank pool</color>	Assets/Product/Texture/Image/UiDrawLog/UiDrawLog22.png	Assets/Product/Texture/Image/UiDrawLog/UiDrawLog23.png	Rate in S-Rank pool:	70%	0	0.0	0.0	0	0.0	0.0	0	0.0	0
170379	9950	<color=#26bbf9>70% rate in S-Rank pool</color>	Assets/Product/Texture/Image/UiDrawLog/UiDrawLog22.png	Assets/Product/Texture/Image/UiDrawLog/UiDrawLog23.png	Rate in S-Rank pool:	70%	0	0.0	0.0	0	0.0	0.0	0	0.0	0
170380	9940	<color=#26bbf9>70% rate in S-Rank pool</color>	Assets/Product/Texture/Image/UiDrawLog/UiDrawLog22.png	Assets/Product/Texture/Image/UiDrawLog/UiDrawLog23.png	Rate in S-Rank pool:	70%	0	0.0	0.0	0	0.0	0.0	0	0.0	0
170381	9930	<color=#26bbf9>70% rate in S-Rank pool</color>	Assets/Product/Texture/Image/UiDrawLog/UiDrawLog22.png	Assets/Product/Texture/Image/UiDrawLog/UiDrawLog23.png	Rate in S-Rank pool:	70%	0	0.0	0.0	0	0.0	0.0	0	0.0	0
170382	9920	<color=#26bbf9>70% rate in S-Rank pool</color>	Assets/Product/Texture/Image/UiDrawLog/UiDrawLog22.png	Assets/Product/Texture/Image/UiDrawLog/UiDrawLog23.png	Rate in S-Rank pool:	70%	0	0.0	0.0	0	0.0	0.0	0	0.0	0
170383	10000	<color=#26bbf9>70% rate in S-Rank pool</color>	Assets/Product/Texture/Image/UiDrawLog/UiDrawLog22.png	Assets/Product/Texture/Image/UiDrawLog/UiDrawLog23.png	Rate in S-Rank pool:	70%	0	0.0	0.0	0	0.0	0.0	0	0.0	0
170384	9990	<color=#26bbf9>70% rate in S-Rank pool</color>	Assets/Product/Texture/Image/UiDrawLog/UiDrawLog22.png	Assets/Product/Texture/Image/UiDrawLog/UiDrawLog23.png	Rate in S-Rank pool:	70%	0	0.0	0.0	0	0.0	0.0	0	0.0	0
170385	9980	<color=#26bbf9>70% rate in S-Rank pool</color>	Assets/Product/Texture/Image/UiDrawLog/UiDrawLog22.png	Assets/Product/Texture/Image/UiDrawLog/UiDrawLog23.png	Rate in S-Rank pool:	70%	0	0.0	0.0	0	0.0	0.0	0	0.0	0
170386	9970	<color=#26bbf9>70% rate in S-Rank pool</color>	Assets/Product/Texture/Image/UiDrawLog/UiDrawLog22.png	Assets/Product/Texture/Image/UiDrawLog/UiDrawLog23.png	Rate in S-Rank pool:	70%	0	0.0	0.0	0	0.0	0.0	0	0.0	0
170387	9960	<color=#26bbf9>70% rate in S-Rank pool</color>	Assets/Product/Texture/Image/UiDrawLog/UiDrawLog22.png	Assets/Product/Texture/Image/UiDrawLog/UiDrawLog23.png	Rate in S-Rank pool:	70%	0	0.0	0.0	0	0.0	0.0	0	0.0	0
170388	9950	<color=#26bbf9>70% rate in S-Rank pool</color>	Assets/Product/Texture/Image/UiDrawLog/UiDrawLog22.png	Assets/Product/Texture/Image/UiDrawLog/UiDrawLog23.png	Rate in S-Rank pool:	70%	0	0.0	0.0	0	0.0	0.0	0	0.0	0
170389	10000	<color=#26bbf9>70% rate in S-Rank pool</color>	Assets/Product/Texture/Image/UiDrawLog/UiDrawLog22.png	Assets/Product/Texture/Image/UiDrawLog/UiDrawLog23.png	Rate in S-Rank pool:	70%	0	0.0	0.0	0	0.0	0.0	0	0.0	0
170390	9990	<color=#26bbf9>70% rate in S-Rank pool</color>	Assets/Product/Texture/Image/UiDrawLog/UiDrawLog22.png	Assets/Product/Texture/Image/UiDrawLog/UiDrawLog23.png	Rate in S-Rank pool:	70%	0	0.0	0.0	0	0.0	0.0	0	0.0	0
170391	9980	<color=#26bbf9>70% rate in S-Rank pool</color>	Assets/Product/Texture/Image/UiDrawLog/UiDrawLog22.png	Assets/Product/Texture/Image/UiDrawLog/UiDrawLog23.png	Rate in S-Rank pool:	70%	0	0.0	0.0	0	0.0	0.0	0	0.0	0
170392	9970	<color=#26bbf9>70% rate in S-Rank pool</color>	Assets/Product/Texture/Image/UiDrawLog/UiDrawLog22.png	Assets/Product/Texture/Image/UiDrawLog/UiDrawLog23.png	Rate in S-Rank pool:	70%	0	0.0	0.0	0	0.0	0.0	0	0.0	0
170393	9960	<color=#26bbf9>70% rate in S-Rank pool</color>	Assets/Product/Texture/Image/UiDrawLog/UiDrawLog22.png	Assets/Product/Texture/Image/UiDrawLog/UiDrawLog23.png	Rate in S-Rank pool:	70%	0	0.0	0.0	0	0.0	0.0	0	0.0	0
170394	9950	<color=#26bbf9>70% rate in S-Rank pool</color>	Assets/Product/Texture/Image/UiDrawLog/UiDrawLog22.png	Assets/Product/Texture/Image/UiDrawLog/UiDrawLog23.png	Rate in S-Rank pool:	70%	0	0.0	0.0	0	0.0	0.0	0	0.0	0
170395	10000	<color=#26bbf9>70% rate in S-Rank pool</color>	Assets/Product/Texture/Image/UiDrawLog/UiDrawLog22.png	Assets/Product/Texture/Image/UiDrawLog/UiDrawLog23.png	Rate in S-Rank pool:	70%	0	0.0	0.0	0	0.0	0.0	0	0.0	0
170396	9990	<color=#26bbf9>70% rate in S-Rank pool</color>	Assets/Product/Texture/Image/UiDrawLog/UiDrawLog22.png	Assets/Product/Texture/Image/UiDrawLog/UiDrawLog23.png	Rate in S-Rank pool:	70%	0	0.0	0.0	0	0.0	0.0	0	0.0	0
170397	9980	<color=#26bbf9>70% rate in S-Rank pool</color>	Assets/Product/Texture/Image/UiDrawLog/UiDrawLog22.png	Assets/Product/Texture/Image/UiDrawLog/UiDrawLog23.png	Rate in S-Rank pool:	70%	0	0.0	0.0	0	0.0	0.0	0	0.0	0
170398	9970	<color=#26bbf9>70% rate in S-Rank pool</color>	Assets/Product/Texture/Image/UiDrawLog/UiDrawLog22.png	Assets/Product/Texture/Image/UiDrawLog/UiDrawLog23.png	Rate in S-Rank pool:	70%	0	0.0	0.0	0	0.0	0.0	0	0.0	0
170399	9960	<color=#26bbf9>70% rate in S-Rank pool</color>	Assets/Product/Texture/Image/UiDrawLog/UiDrawLog22.png	Assets/Product/Texture/Image/UiDrawLog/UiDrawLog23.png	Rate in S-Rank pool:	70%	0	0.0	0.0	0	0.0	0.0	0	0.0	0
170400	9950	<color=#26bbf9>70% rate in S-Rank pool</color>	Assets/Product/Texture/Image/UiDrawLog/UiDrawLog22.png	Assets/Product/Texture/Image/UiDrawLog/UiDrawLog23.png	Rate in S-Rank pool:	70%	0	0.0	0.0	0	0.0	0.0	0	0.0	0
170401	9940	<color=#26bbf9>70% rate in S-Rank pool</color>	Assets/Product/Texture/Image/UiDrawLog/UiDrawLog22.png	Assets/Product/Texture/Image/UiDrawLog/UiDrawLog23.png	Rate in S-Rank pool:	70%	0	0.0	0.0	0	0.0	0.0	0	0.0	0
170402	9930	<color=#26bbf9>70% rate in S-Rank pool</color>	Assets/Product/Texture/Image/UiDrawLog/UiDrawLog22.png	Assets/Product/Texture/Image/UiDrawLog/UiDrawLog23.png	Rate in S-Rank pool:	70%	0	0.0	0.0	0	0.0	0.0	0	0.0	0
170403	9920	<color=#26bbf9>70% rate in S-Rank pool</color>	Assets/Product/Texture/Image/UiDrawLog/UiDrawLog22.png	Assets/Product/Texture/Image/UiDrawLog/UiDrawLog23.png	Rate in S-Rank pool:	70%	0	0.0	0.0	0	0.0	0.0	0	0.0	0
170404	10000	<color=#26bbf9>70% rate in S-Rank pool</color>	Assets/Product/Texture/Image/UiDrawLog/UiDrawLog22.png	Assets/Product/Texture/Image/UiDrawLog/UiDrawLog23.png	Rate in S-Rank pool:	70%	0	0.0	0.0	0	0.0	0.0	0	0.0	0
170405	9990	<color=#26bbf9>70% rate in S-Rank pool</color>	Assets/Product/Texture/Image/UiDrawLog/UiDrawLog22.png	Assets/Product/Texture/Image/UiDrawLog/UiDrawLog23.png	Rate in S-Rank pool:	70%	0	0.0	0.0	0	0.0	0.0	0	0.0	0
170406	9980	<color=#26bbf9>70% rate in S-Rank pool</color>	Assets/Product/Texture/Image/UiDrawLog/UiDrawLog22.png	Assets/Product/Texture/Image/UiDrawLog/UiDrawLog23.png	Rate in S-Rank pool:	70%	0	0.0	0.0	0	0.0	0.0	0	0.0	0
170407	9970	<color=#26bbf9>70% rate in S-Rank pool</color>	Assets/Product/Texture/Image/UiDrawLog/UiDrawLog22.png	Assets/Product/Texture/Image/UiDrawLog/UiDrawLog23.png	Rate in S-Rank pool:	70%	0	0.0	0.0	0	0.0	0.0	0	0.0	0
170408	9960	<color=#26bbf9>70% rate in S-Rank pool</color>	Assets/Product/Texture/Image/UiDrawLog/UiDrawLog22.png	Assets/Product/Texture/Image/UiDrawLog/UiDrawLog23.png	Rate in S-Rank pool:	70%	0	0.0	0.0	0	0.0	0.0	0	0.0	0
170409	9950	<color=#26bbf9>70% rate in S-Rank pool</color>	Assets/Product/Texture/Image/UiDrawLog/UiDrawLog22.png	Assets/Product/Texture/Image/UiDrawLog/UiDrawLog23.png	Rate in S-Rank pool:	70%	0	0.0	0.0	0	0.0	0.0	0	0.0	0
170410	9940	<color=#26bbf9>70% rate in S-Rank pool</color>	Assets/Product/Texture/Image/UiDrawLog/UiDrawLog22.png	Assets/Product/Texture/Image/UiDrawLog/UiDrawLog23.png	Rate in S-Rank pool:	70%	0	0.0	0.0	0	0.0	0.0	0	0.0	0
170411	9930	<color=#26bbf9>70% rate in S-Rank pool</color>	Assets/Product/Texture/Image/UiDrawLog/UiDrawLog22.png	Assets/Product/Texture/Image/UiDrawLog/UiDrawLog23.png	Rate in S-Rank pool:	70%	0	0.0	0.0	0	0.0	0.0	0	0.0	0
170412	9920	<color=#26bbf9>70% rate in S-Rank pool</color>	Assets/Product/Texture/Image/UiDrawLog/UiDrawLog22.png	Assets/Product/Texture/Image/UiDrawLog/UiDrawLog23.png	Rate in S-Rank pool:	70%	0	0.0	0.0	0	0.0	0.0	0	0.0	0
170413	10000	<color=#26bbf9>70% rate in S-Rank pool</color>	Assets/Product/Texture/Image/UiDrawLog/UiDrawLog22.png	Assets/Product/Texture/Image/UiDrawLog/UiDrawLog23.png	Rate in S-Rank pool:	70%	0	0.0	0.0	0	0.0	0.0	0	0.0	0
170414	9990	<color=#26bbf9>70% rate in S-Rank pool</color>	Assets/Product/Texture/Image/UiDrawLog/UiDrawLog22.png	Assets/Product/Texture/Image/UiDrawLog/UiDrawLog23.png	Rate in S-Rank pool:	70%	0	0.0	0.0	0	0.0	0.0	0	0.0	0
170415	9980	<color=#26bbf9>70% rate in S-Rank pool</color>	Assets/Product/Texture/Image/UiDrawLog/UiDrawLog22.png	Assets/Product/Texture/Image/UiDrawLog/UiDrawLog23.png	Rate in S-Rank pool:	70%	0	0.0	0.0	0	0.0	0.0	0	0.0	0
170416	9970	<color=#26bbf9>70% rate in S-Rank pool</color>	Assets/Product/Texture/Image/UiDrawLog/UiDrawLog22.png	Assets/Product/Texture/Image/UiDrawLog/UiDrawLog23.png	Rate in S-Rank pool:	70%	0	0.0	0.0	0	0.0	0.0	0	0.0	0
170417	9960	<color=#26bbf9>70% rate in S-Rank pool</color>	Assets/Product/Texture/Image/UiDrawLog/UiDrawLog22.png	Assets/Product/Texture/Image/UiDrawLog/UiDrawLog23.png	Rate in S-Rank pool:	70%	0	0.0	0.0	0	0.0	0.0	0	0.0	0
170418	9950	<color=#26bbf9>70% rate in S-Rank pool</color>	Assets/Product/Texture/Image/UiDrawLog/UiDrawLog22.png	Assets/Product/Texture/Image/UiDrawLog/UiDrawLog23.png	Rate in S-Rank pool:	70%	0	0.0	0.0	0	0.0	0.0	0	0.0	0
170419	10000	<color=#26bbf9>70% rate in S-Rank pool</color>	Assets/Product/Texture/Image/UiDrawLog/UiDrawLog22.png	Assets/Product/Texture/Image/UiDrawLog/UiDrawLog23.png	Rate in S-Rank pool:	70%	0	0.0	0.0	0	0.0	0.0	0	0.0	0
170420	9990	<color=#26bbf9>70% rate in S-Rank pool</color>	Assets/Product/Texture/Image/UiDrawLog/UiDrawLog22.png	Assets/Product/Texture/Image/UiDrawLog/UiDrawLog23.png	Rate in S-Rank pool:	70%	0	0.0	0.0	0	0.0	0.0	0	0.0	0
170421	9980	<color=#26bbf9>70% rate in S-Rank pool</color>	Assets/Product/Texture/Image/UiDrawLog/UiDrawLog22.png	Assets/Product/Texture/Image/UiDrawLog/UiDrawLog23.png	Rate in S-Rank pool:	70%	0	0.0	0.0	0	0.0	0.0	0	0.0	0
170422	9970	<color=#26bbf9>70% rate in S-Rank pool</color>	Assets/Product/Texture/Image/UiDrawLog/UiDrawLog22.png	Assets/Product/Texture/Image/UiDrawLog/UiDrawLog23.png	Rate in S-Rank pool:	70%	0	0.0	0.0	0	0.0	0.0	0	0.0	0
170423	9960	<color=#26bbf9>70% rate in S-Rank pool</color>	Assets/Product/Texture/Image/UiDrawLog/UiDrawLog22.png	Assets/Product/Texture/Image/UiDrawLog/UiDrawLog23.png	Rate in S-Rank pool:	70%	0	0.0	0.0	0	0.0	0.0	0	0.0	0
170424	9950	<color=#26bbf9>70% rate in S-Rank pool</color>	Assets/Product/Texture/Image/UiDrawLog/UiDrawLog22.png	Assets/Product/Texture/Image/UiDrawLog/UiDrawLog23.png	Rate in S-Rank pool:	70%	0	0.0	0.0	0	0.0	0.0	0	0.0	0
170425	10000	<color=#26bbf9>70% rate in S-Rank pool</color>	Assets/Product/Texture/Image/UiDrawLog/UiDrawLog22.png	Assets/Product/Texture/Image/UiDrawLog/UiDrawLog23.png	Rate in S-Rank pool:	70%	0	0.0	0.0	0	0.0	0.0	0	0.0	0
170426	9990	<color=#26bbf9>70% rate in S-Rank pool</color>	Assets/Product/Texture/Image/UiDrawLog/UiDrawLog22.png	Assets/Product/Texture/Image/UiDrawLog/UiDrawLog23.png	Rate in S-Rank pool:	70%	0	0.0	0.0	0	0.0	0.0	0	0.0	0
170427	9980	<color=#26bbf9>70% rate in S-Rank pool</color>	Assets/Product/Texture/Image/UiDrawLog/UiDrawLog22.png	Assets/Product/Texture/Image/UiDrawLog/UiDrawLog23.png	Rate in S-Rank pool:	70%	0	0.0	0.0	0	0.0	0.0	0	0.0	0
170428	9970	<color=#26bbf9>70% rate in S-Rank pool</color>	Assets/Product/Texture/Image/UiDrawLog/UiDrawLog22.png	Assets/Product/Texture/Image/UiDrawLog/UiDrawLog23.png	Rate in S-Rank pool:	70%	0	0.0	0.0	0	0.0	0.0	0	0.0	0
170429	9960	<color=#26bbf9>70% rate in S-Rank pool</color>	Assets/Product/Texture/Image/UiDrawLog/UiDrawLog22.png	Assets/Product/Texture/Image/UiDrawLog/UiDrawLog23.png	Rate in S-Rank pool:	70%	0	0.0	0.0	0	0.0	0.0	0	0.0	0
170430	9950	<color=#26bbf9>70% rate in S-Rank pool</color>	Assets/Product/Texture/Image/UiDrawLog/UiDrawLog22.png	Assets/Product/Texture/Image/UiDrawLog/UiDrawLog23.png	Rate in S-Rank pool:	70%	0	0.0	0.0	0	0.0	0.0	0	0.0	0
170431	9940	<color=#26bbf9>70% rate in S-Rank pool</color>	Assets/Product/Texture/Image/UiDrawLog/UiDrawLog22.png	Assets/Product/Texture/Image/UiDrawLog/UiDrawLog23.png	Rate in S-Rank pool:	70%	0	0.0	0.0	0	0.0	0.0	0	0.0	0
170432	9930	<color=#26bbf9>70% rate in S-Rank pool</color>	Assets/Product/Texture/Image/UiDrawLog/UiDrawLog22.png	Assets/Product/Texture/Image/UiDrawLog/UiDrawLog23.png	Rate in S-Rank pool:	70%	0	0.0	0.0	0	0.0	0.0	0	0.0	0
170433	9920	<color=#26bbf9>70% rate in S-Rank pool</color>	Assets/Product/Texture/Image/UiDrawLog/UiDrawLog22.png	Assets/Product/Texture/Image/UiDrawLog/UiDrawLog23.png	Rate in S-Rank pool:	70%	0	0.0	0.0	0	0.0	0.0	0	0.0	0
170434	10000	<color=#26bbf9>70% rate in S-Rank pool</color>	Assets/Product/Texture/Image/UiDrawLog/UiDrawLog22.png	Assets/Product/Texture/Image/UiDrawLog/UiDrawLog23.png	Rate in S-Rank pool:	70%	0	0.0	0.0	0	0.0	0.0	0	0.0	0
170435	9990	<color=#26bbf9>70% rate in S-Rank pool</color>	Assets/Product/Texture/Image/UiDrawLog/UiDrawLog22.png	Assets/Product/Texture/Image/UiDrawLog/UiDrawLog23.png	Rate in S-Rank pool:	70%	0	0.0	0.0	0	0.0	0.0	0	0.0	0
170436	9980	<color=#26bbf9>70% rate in S-Rank pool</color>	Assets/Product/Texture/Image/UiDrawLog/UiDrawLog22.png	Assets/Product/Texture/Image/UiDrawLog/UiDrawLog23.png	Rate in S-Rank pool:	70%	0	0.0	0.0	0	0.0	0.0	0	0.0	0
170437	9970	<color=#26bbf9>70% rate in S-Rank pool</color>	Assets/Product/Texture/Image/UiDrawLog/UiDrawLog22.png	Assets/Product/Texture/Image/UiDrawLog/UiDrawLog23.png	Rate in S-Rank pool:	70%	0	0.0	0.0	0	0.0	0.0	0	0.0	0
170438	9960	<color=#26bbf9>70% rate in S-Rank pool</color>	Assets/Product/Texture/Image/UiDrawLog/UiDrawLog22.png	Assets/Product/Texture/Image/UiDrawLog/UiDrawLog23.png	Rate in S-Rank pool:	70%	0	0.0	0.0	0	0.0	0.0	0	0.0	0
170439	9950	<color=#26bbf9>70% rate in S-Rank pool</color>	Assets/Product/Texture/Image/UiDrawLog/UiDrawLog22.png	Assets/Product/Texture/Image/UiDrawLog/UiDrawLog23.png	Rate in S-Rank pool:	70%	0	0.0	0.0	0	0.0	0.0	0	0.0	0
170440	9940	<color=#26bbf9>70% rate in S-Rank pool</color>	Assets/Product/Texture/Image/UiDrawLog/UiDrawLog22.png	Assets/Product/Texture/Image/UiDrawLog/UiDrawLog23.png	Rate in S-Rank pool:	70%	0	0.0	0.0	0	0.0	0.0	0	0.0	0
170441	9930	<color=#26bbf9>70% rate in S-Rank pool</color>	Assets/Product/Texture/Image/UiDrawLog/UiDrawLog22.png	Assets/Product/Texture/Image/UiDrawLog/UiDrawLog23.png	Rate in S-Rank pool:	70%	0	0.0	0.0	0	0.0	0.0	0	0.0	0
170442	9920	<color=#26bbf9>70% rate in S-Rank pool</color>	Assets/Product/Texture/Image/UiDrawLog/UiDrawLog22.png	Assets/Product/Texture/Image/UiDrawLog/UiDrawLog23.png	Rate in S-Rank pool:	70%	0	0.0	0.0	0	0.0	0.0	0	0.0	0
170443	10000	<color=#ff8d1e>100% rate in S-Rank pool</color>	Assets/Product/Texture/Image/UiDrawLog/UiDrawLog22.png	Assets/Product/Texture/Image/UiDrawLog/UiDrawLog23.png	Rate in S-Rank pool:	100%	0	0.0	0.0	0	0.0	0.0	0	0.0	0
170444	9990	<color=#ff8d1e>100% rate in S-Rank pool</color>	Assets/Product/Texture/Image/UiDrawLog/UiDrawLog22.png	Assets/Product/Texture/Image/UiDrawLog/UiDrawLog23.png	Rate in S-Rank pool:	100%	0	0.0	0.0	0	0.0	0.0	0	0.0	0
170445	9980	<color=#ff8d1e>100% rate in S-Rank pool</color>	Assets/Product/Texture/Image/UiDrawLog/UiDrawLog22.png	Assets/Product/Texture/Image/UiDrawLog/UiDrawLog23.png	Rate in S-Rank pool:	100%	0	0.0	0.0	0	0.0	0.0	0	0.0	0
170446	9970	<color=#ff8d1e>100% rate in S-Rank pool</color>	Assets/Product/Texture/Image/UiDrawLog/UiDrawLog22.png	Assets/Product/Texture/Image/UiDrawLog/UiDrawLog23.png	Rate in S-Rank pool:	100%	0	0.0	0.0	0	0.0	0.0	0	0.0	0
170447	9960	<color=#ff8d1e>100% rate in S-Rank pool</color>	Assets/Product/Texture/Image/UiDrawLog/UiDrawLog22.png	Assets/Product/Texture/Image/UiDrawLog/UiDrawLog23.png	Rate in S-Rank pool:	100%	0	0.0	0.0	0	0.0	0.0	0	0.0	0
170448	9950	<color=#ff8d1e>100% rate in S-Rank pool</color>	Assets/Product/Texture/Image/UiDrawLog/UiDrawLog22.png	Assets/Product/Texture/Image/UiDrawLog/UiDrawLog23.png	Rate in S-Rank pool:	100%	0	0.0	0.0	0	0.0	0.0	0	0.0	0
170449	9940	<color=#ff8d1e>100% rate in S-Rank pool</color>	Assets/Product/Texture/Image/UiDrawLog/UiDrawLog22.png	Assets/Product/Texture/Image/UiDrawLog/UiDrawLog23.png	Rate in S-Rank pool:	100%	0	0.0	0.0	0	0.0	0.0	0	0.0	0
170450	9930	<color=#ff8d1e>100% rate in S-Rank pool</color>	Assets/Product/Texture/Image/UiDrawLog/UiDrawLog22.png	Assets/Product/Texture/Image/UiDrawLog/UiDrawLog23.png	Rate in S-Rank pool:	100%	0	0.0	0.0	0	0.0	0.0	0	0.0	0
170451	9920	<color=#ff8d1e>100% rate in S-Rank pool</color>	Assets/Product/Texture/Image/UiDrawLog/UiDrawLog22.png	Assets/Product/Texture/Image/UiDrawLog/UiDrawLog23.png	Rate in S-Rank pool:	100%	0	0.0	0.0	0	0.0	0.0	0	0.0	0
170452	9910	<color=#ff8d1e>100% rate in S-Rank pool</color>	Assets/Product/Texture/Image/UiDrawLog/UiDrawLog22.png	Assets/Product/Texture/Image/UiDrawLog/UiDrawLog23.png	Rate in S-Rank pool:	100%	0	0.0	0.0	0	0.0	0.0	0	0.0	0
170453	9900	<color=#ff8d1e>100% rate in S-Rank pool</color>	Assets/Product/Texture/Image/UiDrawLog/UiDrawLog22.png	Assets/Product/Texture/Image/UiDrawLog/UiDrawLog23.png	Rate in S-Rank pool:	100%	0	0.0	0.0	0	0.0	0.0	0	0.0	0
170454	9890	<color=#ff8d1e>100% rate in S-Rank pool</color>	Assets/Product/Texture/Image/UiDrawLog/UiDrawLog22.png	Assets/Product/Texture/Image/UiDrawLog/UiDrawLog23.png	Rate in S-Rank pool:	100%	0	0.0	0.0	0	0.0	0.0	0	0.0	0
170455	9880	<color=#ff8d1e>100% rate in S-Rank pool</color>	Assets/Product/Texture/Image/UiDrawLog/UiDrawLog22.png	Assets/Product/Texture/Image/UiDrawLog/UiDrawLog23.png	Rate in S-Rank pool:	100%	0	0.0	0.0	0	0.0	0.0	0	0.0	0
170456	9870	<color=#ff8d1e>100% rate in S-Rank pool</color>	Assets/Product/Texture/Image/UiDrawLog/UiDrawLog22.png	Assets/Product/Texture/Image/UiDrawLog/UiDrawLog23.png	Rate in S-Rank pool:	100%	0	0.0	0.0	0	0.0	0.0	0	0.0	0
170457	9860	<color=#ff8d1e>100% rate in S-Rank pool</color>	Assets/Product/Texture/Image/UiDrawLog/UiDrawLog22.png	Assets/Product/Texture/Image/UiDrawLog/UiDrawLog23.png	Rate in S-Rank pool:	100%	0	0.0	0.0	0	0.0	0.0	0	0.0	0
170458	9850	<color=#ff8d1e>100% rate in S-Rank pool</color>	Assets/Product/Texture/Image/UiDrawLog/UiDrawLog22.png	Assets/Product/Texture/Image/UiDrawLog/UiDrawLog23.png	Rate in S-Rank pool:	100%	0	0.0	0.0	0	0.0	0.0	0	0.0	0
170459	9840	<color=#ff8d1e>100% rate in S-Rank pool</color>	Assets/Product/Texture/Image/UiDrawLog/UiDrawLog22.png	Assets/Product/Texture/Image/UiDrawLog/UiDrawLog23.png	Rate in S-Rank pool:	100%	0	0.0	0.0	0	0.0	0.0	0	0.0	0
170460	9830	<color=#ff8d1e>100% rate in S-Rank pool</color>	Assets/Product/Texture/Image/UiDrawLog/UiDrawLog22.png	Assets/Product/Texture/Image/UiDrawLog/UiDrawLog23.png	Rate in S-Rank pool:	100%	0	0.0	0.0	0	0.0	0.0	0	0.0	0
170461	9820	<color=#ff8d1e>100% rate in S-Rank pool</color>	Assets/Product/Texture/Image/UiDrawLog/UiDrawLog22.png	Assets/Product/Texture/Image/UiDrawLog/UiDrawLog23.png	Rate in S-Rank pool:	100%	0	0.0	0.0	0	0.0	0.0	0	0.0	0
170462	9810	<color=#ff8d1e>100% rate in S-Rank pool</color>	Assets/Product/Texture/Image/UiDrawLog/UiDrawLog22.png	Assets/Product/Texture/Image/UiDrawLog/UiDrawLog23.png	Rate in S-Rank pool:	100%	0	0.0	0.0	0	0.0	0.0	0	0.0	0
170463	10000	<color=#ff8d1e>100% rate in S-Rank pool</color>	Assets/Product/Texture/Image/UiDrawLog/UiDrawLog22.png	Assets/Product/Texture/Image/UiDrawLog/UiDrawLog23.png	Rate in S-Rank pool:	100%	0	0.0	0.0	0	0.0	0.0	0	0.0	0
170464	9990	<color=#ff8d1e>100% rate in S-Rank pool</color>	Assets/Product/Texture/Image/UiDrawLog/UiDrawLog22.png	Assets/Product/Texture/Image/UiDrawLog/UiDrawLog23.png	Rate in S-Rank pool:	100%	0	0.0	0.0	0	0.0	0.0	0	0.0	0
170465	9980	<color=#ff8d1e>100% rate in S-Rank pool</color>	Assets/Product/Texture/Image/UiDrawLog/UiDrawLog22.png	Assets/Product/Texture/Image/UiDrawLog/UiDrawLog23.png	Rate in S-Rank pool:	100%	0	0.0	0.0	0	0.0	0.0	0	0.0	0
170466	9970	<color=#ff8d1e>100% rate in S-Rank pool</color>	Assets/Product/Texture/Image/UiDrawLog/UiDrawLog22.png	Assets/Product/Texture/Image/UiDrawLog/UiDrawLog23.png	Rate in S-Rank pool:	100%	0	0.0	0.0	0	0.0	0.0	0	0.0	0
170467	9960	<color=#ff8d1e>100% rate in S-Rank pool</color>	Assets/Product/Texture/Image/UiDrawLog/UiDrawLog22.png	Assets/Product/Texture/Image/UiDrawLog/UiDrawLog23.png	Rate in S-Rank pool:	100%	0	0.0	0.0	0	0.0	0.0	0	0.0	0
170468	9950	<color=#ff8d1e>100% rate in S-Rank pool</color>	Assets/Product/Texture/Image/UiDrawLog/UiDrawLog22.png	Assets/Product/Texture/Image/UiDrawLog/UiDrawLog23.png	Rate in S-Rank pool:	100%	0	0.0	0.0	0	0.0	0.0	0	0.0	0
170469	9940	<color=#ff8d1e>100% rate in S-Rank pool</color>	Assets/Product/Texture/Image/UiDrawLog/UiDrawLog22.png	Assets/Product/Texture/Image/UiDrawLog/UiDrawLog23.png	Rate in S-Rank pool:	100%	0	0.0	0.0	0	0.0	0.0	0	0.0	0
170470	9930	<color=#ff8d1e>100% rate in S-Rank pool</color>	Assets/Product/Texture/Image/UiDrawLog/UiDrawLog22.png	Assets/Product/Texture/Image/UiDrawLog/UiDrawLog23.png	Rate in S-Rank pool:	100%	0	0.0	0.0	0	0.0	0.0	0	0.0	0
170471	9920	<color=#ff8d1e>100% rate in S-Rank pool</color>	Assets/Product/Texture/Image/UiDrawLog/UiDrawLog22.png	Assets/Product/Texture/Image/UiDrawLog/UiDrawLog23.png	Rate in S-Rank pool:	100%	0	0.0	0.0	0	0.0	0.0	0	0.0	0
170472	9910	<color=#ff8d1e>100% rate in S-Rank pool</color>	Assets/Product/Texture/Image/UiDrawLog/UiDrawLog22.png	Assets/Product/Texture/Image/UiDrawLog/UiDrawLog23.png	Rate in S-Rank pool:	100%	0	0.0	0.0	0	0.0	0.0	0	0.0	0
170473	9900	<color=#ff8d1e>100% rate in S-Rank pool</color>	Assets/Product/Texture/Image/UiDrawLog/UiDrawLog22.png	Assets/Product/Texture/Image/UiDrawLog/UiDrawLog23.png	Rate in S-Rank pool:	100%	0	0.0	0.0	0	0.0	0.0	0	0.0	0
170474	9890	<color=#ff8d1e>100% rate in S-Rank pool</color>	Assets/Product/Texture/Image/UiDrawLog/UiDrawLog22.png	Assets/Product/Texture/Image/UiDrawLog/UiDrawLog23.png	Rate in S-Rank pool:	100%	0	0.0	0.0	0	0.0	0.0	0	0.0	0
170475	9880	<color=#ff8d1e>100% rate in S-Rank pool</color>	Assets/Product/Texture/Image/UiDrawLog/UiDrawLog22.png	Assets/Product/Texture/Image/UiDrawLog/UiDrawLog23.png	Rate in S-Rank pool:	100%	0	0.0	0.0	0	0.0	0.0	0	0.0	0
170476	9870	<color=#ff8d1e>100% rate in S-Rank pool</color>	Assets/Product/Texture/Image/UiDrawLog/UiDrawLog22.png	Assets/Product/Texture/Image/UiDrawLog/UiDrawLog23.png	Rate in S-Rank pool:	100%	0	0.0	0.0	0	0.0	0.0	0	0.0	0
170477	9860	<color=#ff8d1e>100% rate in S-Rank pool</color>	Assets/Product/Texture/Image/UiDrawLog/UiDrawLog22.png	Assets/Product/Texture/Image/UiDrawLog/UiDrawLog23.png	Rate in S-Rank pool:	100%	0	0.0	0.0	0	0.0	0.0	0	0.0	0
170478	9850	<color=#ff8d1e>100% rate in S-Rank pool</color>	Assets/Product/Texture/Image/UiDrawLog/UiDrawLog22.png	Assets/Product/Texture/Image/UiDrawLog/UiDrawLog23.png	Rate in S-Rank pool:	100%	0	0.0	0.0	0	0.0	0.0	0	0.0	0
170479	9840	<color=#ff8d1e>100% rate in S-Rank pool</color>	Assets/Product/Texture/Image/UiDrawLog/UiDrawLog22.png	Assets/Product/Texture/Image/UiDrawLog/UiDrawLog23.png	Rate in S-Rank pool:	100%	0	0.0	0.0	0	0.0	0.0	0	0.0	0
170480	9830	<color=#ff8d1e>100% rate in S-Rank pool</color>	Assets/Product/Texture/Image/UiDrawLog/UiDrawLog22.png	Assets/Product/Texture/Image/UiDrawLog/UiDrawLog23.png	Rate in S-Rank pool:	100%	0	0.0	0.0	0	0.0	0.0	0	0.0	0
170481	9820	<color=#ff8d1e>100% rate in S-Rank pool</color>	Assets/Product/Texture/Image/UiDrawLog/UiDrawLog22.png	Assets/Product/Texture/Image/UiDrawLog/UiDrawLog23.png	Rate in S-Rank pool:	100%	0	0.0	0.0	0	0.0	0.0	0	0.0	0
170482	9810	<color=#ff8d1e>100% rate in S-Rank pool</color>	Assets/Product/Texture/Image/UiDrawLog/UiDrawLog22.png	Assets/Product/Texture/Image/UiDrawLog/UiDrawLog23.png	Rate in S-Rank pool:	100%	0	0.0	0.0	0	0.0	0.0	0	0.0	0
170483	10000	<color=#26bbf9>70% rate in S-Rank pool</color>	Assets/Product/Texture/Image/UiDrawLog/UiDrawLog22.png	Assets/Product/Texture/Image/UiDrawLog/UiDrawLog23.png	Rate in S-Rank pool:	70%	0	0.0	0.0	0	0.0	0.0	0	0.0	0
170484	9990	<color=#26bbf9>70% rate in S-Rank pool</color>	Assets/Product/Texture/Image/UiDrawLog/UiDrawLog22.png	Assets/Product/Texture/Image/UiDrawLog/UiDrawLog23.png	Rate in S-Rank pool:	70%	0	0.0	0.0	0	0.0	0.0	0	0.0	0
170485	9980	<color=#26bbf9>70% rate in S-Rank pool</color>	Assets/Product/Texture/Image/UiDrawLog/UiDrawLog22.png	Assets/Product/Texture/Image/UiDrawLog/UiDrawLog23.png	Rate in S-Rank pool:	70%	0	0.0	0.0	0	0.0	0.0	0	0.0	0
170486	9970	<color=#26bbf9>70% rate in S-Rank pool</color>	Assets/Product/Texture/Image/UiDrawLog/UiDrawLog22.png	Assets/Product/Texture/Image/UiDrawLog/UiDrawLog23.png	Rate in S-Rank pool:	70%	0	0.0	0.0	0	0.0	0.0	0	0.0	0
170487	9960	<color=#26bbf9>70% rate in S-Rank pool</color>	Assets/Product/Texture/Image/UiDrawLog/UiDrawLog22.png	Assets/Product/Texture/Image/UiDrawLog/UiDrawLog23.png	Rate in S-Rank pool:	70%	0	0.0	0.0	0	0.0	0.0	0	0.0	0
170488	9950	<color=#26bbf9>70% rate in S-Rank pool</color>	Assets/Product/Texture/Image/UiDrawLog/UiDrawLog22.png	Assets/Product/Texture/Image/UiDrawLog/UiDrawLog23.png	Rate in S-Rank pool:	70%	0	0.0	0.0	0	0.0	0.0	0	0.0	0
170489	10000	<color=#26bbf9>70% rate in S-Rank pool</color>	Assets/Product/Texture/Image/UiDrawLog/UiDrawLog22.png	Assets/Product/Texture/Image/UiDrawLog/UiDrawLog23.png	Rate in S-Rank pool:	70%	0	0.0	0.0	0	0.0	0.0	0	0.0	0
170490	9990	<color=#26bbf9>70% rate in S-Rank pool</color>	Assets/Product/Texture/Image/UiDrawLog/UiDrawLog22.png	Assets/Product/Texture/Image/UiDrawLog/UiDrawLog23.png	Rate in S-Rank pool:	70%	0	0.0	0.0	0	0.0	0.0	0	0.0	0
170491	9980	<color=#26bbf9>70% rate in S-Rank pool</color>	Assets/Product/Texture/Image/UiDrawLog/UiDrawLog22.png	Assets/Product/Texture/Image/UiDrawLog/UiDrawLog23.png	Rate in S-Rank pool:	70%	0	0.0	0.0	0	0.0	0.0	0	0.0	0
170492	9970	<color=#26bbf9>70% rate in S-Rank pool</color>	Assets/Product/Texture/Image/UiDrawLog/UiDrawLog22.png	Assets/Product/Texture/Image/UiDrawLog/UiDrawLog23.png	Rate in S-Rank pool:	70%	0	0.0	0.0	0	0.0	0.0	0	0.0	0
170493	9960	<color=#26bbf9>70% rate in S-Rank pool</color>	Assets/Product/Texture/Image/UiDrawLog/UiDrawLog22.png	Assets/Product/Texture/Image/UiDrawLog/UiDrawLog23.png	Rate in S-Rank pool:	70%	0	0.0	0.0	0	0.0	0.0	0	0.0	0
170494	9950	<color=#26bbf9>70% rate in S-Rank pool</color>	Assets/Product/Texture/Image/UiDrawLog/UiDrawLog22.png	Assets/Product/Texture/Image/UiDrawLog/UiDrawLog23.png	Rate in S-Rank pool:	70%	0	0.0	0.0	0	0.0	0.0	0	0.0	0
170495	10000	<color=#26bbf9>70% rate in S-Rank pool</color>	Assets/Product/Texture/Image/UiDrawLog/UiDrawLog22.png	Assets/Product/Texture/Image/UiDrawLog/UiDrawLog23.png	Rate in S-Rank pool:	70%	0	0.0	0.0	0	0.0	0.0	0	0.0	0
170496	9990	<color=#26bbf9>70% rate in S-Rank pool</color>	Assets/Product/Texture/Image/UiDrawLog/UiDrawLog22.png	Assets/Product/Texture/Image/UiDrawLog/UiDrawLog23.png	Rate in S-Rank pool:	70%	0	0.0	0.0	0	0.0	0.0	0	0.0	0
170497	9980	<color=#26bbf9>70% rate in S-Rank pool</color>	Assets/Product/Texture/Image/UiDrawLog/UiDrawLog22.png	Assets/Product/Texture/Image/UiDrawLog/UiDrawLog23.png	Rate in S-Rank pool:	70%	0	0.0	0.0	0	0.0	0.0	0	0.0	0
170498	9970	<color=#26bbf9>70% rate in S-Rank pool</color>	Assets/Product/Texture/Image/UiDrawLog/UiDrawLog22.png	Assets/Product/Texture/Image/UiDrawLog/UiDrawLog23.png	Rate in S-Rank pool:	70%	0	0.0	0.0	0	0.0	0.0	0	0.0	0
170499	9960	<color=#26bbf9>70% rate in S-Rank pool</color>	Assets/Product/Texture/Image/UiDrawLog/UiDrawLog22.png	Assets/Product/Texture/Image/UiDrawLog/UiDrawLog23.png	Rate in S-Rank pool:	70%	0	0.0	0.0	0	0.0	0.0	0	0.0	0
170500	9950	<color=#26bbf9>70% rate in S-Rank pool</color>	Assets/Product/Texture/Image/UiDrawLog/UiDrawLog22.png	Assets/Product/Texture/Image/UiDrawLog/UiDrawLog23.png	Rate in S-Rank pool:	70%	0	0.0	0.0	0	0.0	0.0	0	0.0	0
170501	9940	<color=#26bbf9>70% rate in S-Rank pool</color>	Assets/Product/Texture/Image/UiDrawLog/UiDrawLog22.png	Assets/Product/Texture/Image/UiDrawLog/UiDrawLog23.png	Rate in S-Rank pool:	70%	0	0.0	0.0	0	0.0	0.0	0	0.0	0
170502	9930	<color=#26bbf9>70% rate in S-Rank pool</color>	Assets/Product/Texture/Image/UiDrawLog/UiDrawLog22.png	Assets/Product/Texture/Image/UiDrawLog/UiDrawLog23.png	Rate in S-Rank pool:	70%	0	0.0	0.0	0	0.0	0.0	0	0.0	0
170503	9920	<color=#26bbf9>70% rate in S-Rank pool</color>	Assets/Product/Texture/Image/UiDrawLog/UiDrawLog22.png	Assets/Product/Texture/Image/UiDrawLog/UiDrawLog23.png	Rate in S-Rank pool:	70%	0	0.0	0.0	0	0.0	0.0	0	0.0	0
170504	10000	<color=#26bbf9>70% rate in S-Rank pool</color>	Assets/Product/Texture/Image/UiDrawLog/UiDrawLog22.png	Assets/Product/Texture/Image/UiDrawLog/UiDrawLog23.png	Rate in S-Rank pool:	70%	0	0.0	0.0	0	0.0	0.0	0	0.0	0
170505	9990	<color=#26bbf9>70% rate in S-Rank pool</color>	Assets/Product/Texture/Image/UiDrawLog/UiDrawLog22.png	Assets/Product/Texture/Image/UiDrawLog/UiDrawLog23.png	Rate in S-Rank pool:	70%	0	0.0	0.0	0	0.0	0.0	0	0.0	0
170506	9980	<color=#26bbf9>70% rate in S-Rank pool</color>	Assets/Product/Texture/Image/UiDrawLog/UiDrawLog22.png	Assets/Product/Texture/Image/UiDrawLog/UiDrawLog23.png	Rate in S-Rank pool:	70%	0	0.0	0.0	0	0.0	0.0	0	0.0	0
170507	9970	<color=#26bbf9>70% rate in S-Rank pool</color>	Assets/Product/Texture/Image/UiDrawLog/UiDrawLog22.png	Assets/Product/Texture/Image/UiDrawLog/UiDrawLog23.png	Rate in S-Rank pool:	70%	0	0.0	0.0	0	0.0	0.0	0	0.0	0
170508	9960	<color=#26bbf9>70% rate in S-Rank pool</color>	Assets/Product/Texture/Image/UiDrawLog/UiDrawLog22.png	Assets/Product/Texture/Image/UiDrawLog/UiDrawLog23.png	Rate in S-Rank pool:	70%	0	0.0	0.0	0	0.0	0.0	0	0.0	0
170509	9950	<color=#26bbf9>70% rate in S-Rank pool</color>	Assets/Product/Texture/Image/UiDrawLog/UiDrawLog22.png	Assets/Product/Texture/Image/UiDrawLog/UiDrawLog23.png	Rate in S-Rank pool:	70%	0	0.0	0.0	0	0.0	0.0	0	0.0	0
170510	9940	<color=#26bbf9>70% rate in S-Rank pool</color>	Assets/Product/Texture/Image/UiDrawLog/UiDrawLog22.png	Assets/Product/Texture/Image/UiDrawLog/UiDrawLog23.png	Rate in S-Rank pool:	70%	0	0.0	0.0	0	0.0	0.0	0	0.0	0
170511	9930	<color=#26bbf9>70% rate in S-Rank pool</color>	Assets/Product/Texture/Image/UiDrawLog/UiDrawLog22.png	Assets/Product/Texture/Image/UiDrawLog/UiDrawLog23.png	Rate in S-Rank pool:	70%	0	0.0	0.0	0	0.0	0.0	0	0.0	0
170512	9920	<color=#26bbf9>70% rate in S-Rank pool</color>	Assets/Product/Texture/Image/UiDrawLog/UiDrawLog22.png	Assets/Product/Texture/Image/UiDrawLog/UiDrawLog23.png	Rate in S-Rank pool:	70%	0	0.0	0.0	0	0.0	0.0	0	0.0	0
170513	10000	<color=#26bbf9>70% rate in S-Rank pool</color>	Assets/Product/Texture/Image/UiDrawLog/UiDrawLog22.png	Assets/Product/Texture/Image/UiDrawLog/UiDrawLog23.png	Rate in S-Rank pool:	70%	0	0.0	0.0	0	0.0	0.0	0	0.0	0
170514	9990	<color=#26bbf9>70% rate in S-Rank pool</color>	Assets/Product/Texture/Image/UiDrawLog/UiDrawLog22.png	Assets/Product/Texture/Image/UiDrawLog/UiDrawLog23.png	Rate in S-Rank pool:	70%	0	0.0	0.0	0	0.0	0.0	0	0.0	0
170515	9980	<color=#26bbf9>70% rate in S-Rank pool</color>	Assets/Product/Texture/Image/UiDrawLog/UiDrawLog22.png	Assets/Product/Texture/Image/UiDrawLog/UiDrawLog23.png	Rate in S-Rank pool:	70%	0	0.0	0.0	0	0.0	0.0	0	0.0	0
170516	9970	<color=#26bbf9>70% rate in S-Rank pool</color>	Assets/Product/Texture/Image/UiDrawLog/UiDrawLog22.png	Assets/Product/Texture/Image/UiDrawLog/UiDrawLog23.png	Rate in S-Rank pool:	70%	0	0.0	0.0	0	0.0	0.0	0	0.0	0
170517	9960	<color=#26bbf9>70% rate in S-Rank pool</color>	Assets/Product/Texture/Image/UiDrawLog/UiDrawLog22.png	Assets/Product/Texture/Image/UiDrawLog/UiDrawLog23.png	Rate in S-Rank pool:	70%	0	0.0	0.0	0	0.0	0.0	0	0.0	0
170518	9950	<color=#26bbf9>70% rate in S-Rank pool</color>	Assets/Product/Texture/Image/UiDrawLog/UiDrawLog22.png	Assets/Product/Texture/Image/UiDrawLog/UiDrawLog23.png	Rate in S-Rank pool:	70%	0	0.0	0.0	0	0.0	0.0	0	0.0	0
170519	10000	<color=#26bbf9>70% rate in S-Rank pool</color>	Assets/Product/Texture/Image/UiDrawLog/UiDrawLog22.png	Assets/Product/Texture/Image/UiDrawLog/UiDrawLog23.png	Rate in S-Rank pool:	70%	0	0.0	0.0	0	0.0	0.0	0	0.0	0
170520	9990	<color=#26bbf9>70% rate in S-Rank pool</color>	Assets/Product/Texture/Image/UiDrawLog/UiDrawLog22.png	Assets/Product/Texture/Image/UiDrawLog/UiDrawLog23.png	Rate in S-Rank pool:	70%	0	0.0	0.0	0	0.0	0.0	0	0.0	0
170521	9980	<color=#26bbf9>70% rate in S-Rank pool</color>	Assets/Product/Texture/Image/UiDrawLog/UiDrawLog22.png	Assets/Product/Texture/Image/UiDrawLog/UiDrawLog23.png	Rate in S-Rank pool:	70%	0	0.0	0.0	0	0.0	0.0	0	0.0	0
170522	9970	<color=#26bbf9>70% rate in S-Rank pool</color>	Assets/Product/Texture/Image/UiDrawLog/UiDrawLog22.png	Assets/Product/Texture/Image/UiDrawLog/UiDrawLog23.png	Rate in S-Rank pool:	70%	0	0.0	0.0	0	0.0	0.0	0	0.0	0
170523	9960	<color=#26bbf9>70% rate in S-Rank pool</color>	Assets/Product/Texture/Image/UiDrawLog/UiDrawLog22.png	Assets/Product/Texture/Image/UiDrawLog/UiDrawLog23.png	Rate in S-Rank pool:	70%	0	0.0	0.0	0	0.0	0.0	0	0.0	0
170524	9950	<color=#26bbf9>70% rate in S-Rank pool</color>	Assets/Product/Texture/Image/UiDrawLog/UiDrawLog22.png	Assets/Product/Texture/Image/UiDrawLog/UiDrawLog23.png	Rate in S-Rank pool:	70%	0	0.0	0.0	0	0.0	0.0	0	0.0	0
170525	10000	<color=#26bbf9>70% rate in S-Rank pool</color>	Assets/Product/Texture/Image/UiDrawLog/UiDrawLog22.png	Assets/Product/Texture/Image/UiDrawLog/UiDrawLog23.png	Rate in S-Rank pool:	70%	0	0.0	0.0	0	0.0	0.0	0	0.0	0
170526	9990	<color=#26bbf9>70% rate in S-Rank pool</color>	Assets/Product/Texture/Image/UiDrawLog/UiDrawLog22.png	Assets/Product/Texture/Image/UiDrawLog/UiDrawLog23.png	Rate in S-Rank pool:	70%	0	0.0	0.0	0	0.0	0.0	0	0.0	0
170527	9980	<color=#26bbf9>70% rate in S-Rank pool</color>	Assets/Product/Texture/Image/UiDrawLog/UiDrawLog22.png	Assets/Product/Texture/Image/UiDrawLog/UiDrawLog23.png	Rate in S-Rank pool:	70%	0	0.0	0.0	0	0.0	0.0	0	0.0	0
170528	9970	<color=#26bbf9>70% rate in S-Rank pool</color>	Assets/Product/Texture/Image/UiDrawLog/UiDrawLog22.png	Assets/Product/Texture/Image/UiDrawLog/UiDrawLog23.png	Rate in S-Rank pool:	70%	0	0.0	0.0	0	0.0	0.0	0	0.0	0
170529	9960	<color=#26bbf9>70% rate in S-Rank pool</color>	Assets/Product/Texture/Image/UiDrawLog/UiDrawLog22.png	Assets/Product/Texture/Image/UiDrawLog/UiDrawLog23.png	Rate in S-Rank pool:	70%	0	0.0	0.0	0	0.0	0.0	0	0.0	0
170530	9950	<color=#26bbf9>70% rate in S-Rank pool</color>	Assets/Product/Texture/Image/UiDrawLog/UiDrawLog22.png	Assets/Product/Texture/Image/UiDrawLog/UiDrawLog23.png	Rate in S-Rank pool:	70%	0	0.0	0.0	0	0.0	0.0	0	0.0	0
170531	9940	<color=#26bbf9>70% rate in S-Rank pool</color>	Assets/Product/Texture/Image/UiDrawLog/UiDrawLog22.png	Assets/Product/Texture/Image/UiDrawLog/UiDrawLog23.png	Rate in S-Rank pool:	70%	0	0.0	0.0	0	0.0	0.0	0	0.0	0
170532	9930	<color=#26bbf9>70% rate in S-Rank pool</color>	Assets/Product/Texture/Image/UiDrawLog/UiDrawLog22.png	Assets/Product/Texture/Image/UiDrawLog/UiDrawLog23.png	Rate in S-Rank pool:	70%	0	0.0	0.0	0	0.0	0.0	0	0.0	0
170533	9920	<color=#26bbf9>70% rate in S-Rank pool</color>	Assets/Product/Texture/Image/UiDrawLog/UiDrawLog22.png	Assets/Product/Texture/Image/UiDrawLog/UiDrawLog23.png	Rate in S-Rank pool:	70%	0	0.0	0.0	0	0.0	0.0	0	0.0	0
170534	10000	<color=#26bbf9>70% rate in S-Rank pool</color>	Assets/Product/Texture/Image/UiDrawLog/UiDrawLog22.png	Assets/Product/Texture/Image/UiDrawLog/UiDrawLog23.png	Rate in S-Rank pool:	70%	0	0.0	0.0	0	0.0	0.0	0	0.0	0
170535	9990	<color=#26bbf9>70% rate in S-Rank pool</color>	Assets/Product/Texture/Image/UiDrawLog/UiDrawLog22.png	Assets/Product/Texture/Image/UiDrawLog/UiDrawLog23.png	Rate in S-Rank pool:	70%	0	0.0	0.0	0	0.0	0.0	0	0.0	0
170536	9980	<color=#26bbf9>70% rate in S-Rank pool</color>	Assets/Product/Texture/Image/UiDrawLog/UiDrawLog22.png	Assets/Product/Texture/Image/UiDrawLog/UiDrawLog23.png	Rate in S-Rank pool:	70%	0	0.0	0.0	0	0.0	0.0	0	0.0	0
170537	9970	<color=#26bbf9>70% rate in S-Rank pool</color>	Assets/Product/Texture/Image/UiDrawLog/UiDrawLog22.png	Assets/Product/Texture/Image/UiDrawLog/UiDrawLog23.png	Rate in S-Rank pool:	70%	0	0.0	0.0	0	0.0	0.0	0	0.0	0
170538	9960	<color=#26bbf9>70% rate in S-Rank pool</color>	Assets/Product/Texture/Image/UiDrawLog/UiDrawLog22.png	Assets/Product/Texture/Image/UiDrawLog/UiDrawLog23.png	Rate in S-Rank pool:	70%	0	0.0	0.0	0	0.0	0.0	0	0.0	0
170539	9950	<color=#26bbf9>70% rate in S-Rank pool</color>	Assets/Product/Texture/Image/UiDrawLog/UiDrawLog22.png	Assets/Product/Texture/Image/UiDrawLog/UiDrawLog23.png	Rate in S-Rank pool:	70%	0	0.0	0.0	0	0.0	0.0	0	0.0	0
170540	9940	<color=#26bbf9>70% rate in S-Rank pool</color>	Assets/Product/Texture/Image/UiDrawLog/UiDrawLog22.png	Assets/Product/Texture/Image/UiDrawLog/UiDrawLog23.png	Rate in S-Rank pool:	70%	0	0.0	0.0	0	0.0	0.0	0	0.0	0
170541	9930	<color=#26bbf9>70% rate in S-Rank pool</color>	Assets/Product/Texture/Image/UiDrawLog/UiDrawLog22.png	Assets/Product/Texture/Image/UiDrawLog/UiDrawLog23.png	Rate in S-Rank pool:	70%	0	0.0	0.0	0	0.0	0.0	0	0.0	0
170542	9920	<color=#26bbf9>70% rate in S-Rank pool</color>	Assets/Product/Texture/Image/UiDrawLog/UiDrawLog22.png	Assets/Product/Texture/Image/UiDrawLog/UiDrawLog23.png	Rate in S-Rank pool:	70%	0	0.0	0.0	0	0.0	0.0	0	0.0	0
170543	10000	<color=#ff8d1e>100% rate in S-Rank pool</color>	Assets/Product/Texture/Image/UiDrawLog/UiDrawLog22.png	Assets/Product/Texture/Image/UiDrawLog/UiDrawLog23.png	Rate in S-Rank pool:	100%	0	0.0	0.0	0	0.0	0.0	0	0.0	0
170544	9990	<color=#ff8d1e>100% rate in S-Rank pool</color>	Assets/Product/Texture/Image/UiDrawLog/UiDrawLog22.png	Assets/Product/Texture/Image/UiDrawLog/UiDrawLog23.png	Rate in S-Rank pool:	100%	0	0.0	0.0	0	0.0	0.0	0	0.0	0
170545	9980	<color=#ff8d1e>100% rate in S-Rank pool</color>	Assets/Product/Texture/Image/UiDrawLog/UiDrawLog22.png	Assets/Product/Texture/Image/UiDrawLog/UiDrawLog23.png	Rate in S-Rank pool:	100%	0	0.0	0.0	0	0.0	0.0	0	0.0	0
170546	9970	<color=#ff8d1e>100% rate in S-Rank pool</color>	Assets/Product/Texture/Image/UiDrawLog/UiDrawLog22.png	Assets/Product/Texture/Image/UiDrawLog/UiDrawLog23.png	Rate in S-Rank pool:	100%	0	0.0	0.0	0	0.0	0.0	0	0.0	0
170547	9960	<color=#ff8d1e>100% rate in S-Rank pool</color>	Assets/Product/Texture/Image/UiDrawLog/UiDrawLog22.png	Assets/Product/Texture/Image/UiDrawLog/UiDrawLog23.png	Rate in S-Rank pool:	100%	0	0.0	0.0	0	0.0	0.0	0	0.0	0
170548	9950	<color=#ff8d1e>100% rate in S-Rank pool</color>	Assets/Product/Texture/Image/UiDrawLog/UiDrawLog22.png	Assets/Product/Texture/Image/UiDrawLog/UiDrawLog23.png	Rate in S-Rank pool:	100%	0	0.0	0.0	0	0.0	0.0	0	0.0	0
170549	9940	<color=#ff8d1e>100% rate in S-Rank pool</color>	Assets/Product/Texture/Image/UiDrawLog/UiDrawLog22.png	Assets/Product/Texture/Image/UiDrawLog/UiDrawLog23.png	Rate in S-Rank pool:	100%	0	0.0	0.0	0	0.0	0.0	0	0.0	0
170550	9930	<color=#ff8d1e>100% rate in S-Rank pool</color>	Assets/Product/Texture/Image/UiDrawLog/UiDrawLog22.png	Assets/Product/Texture/Image/UiDrawLog/UiDrawLog23.png	Rate in S-Rank pool:	100%	0	0.0	0.0	0	0.0	0.0	0	0.0	0
170551	9920	<color=#ff8d1e>100% rate in S-Rank pool</color>	Assets/Product/Texture/Image/UiDrawLog/UiDrawLog22.png	Assets/Product/Texture/Image/UiDrawLog/UiDrawLog23.png	Rate in S-Rank pool:	100%	0	0.0	0.0	0	0.0	0.0	0	0.0	0
170552	9910	<color=#ff8d1e>100% rate in S-Rank pool</color>	Assets/Product/Texture/Image/UiDrawLog/UiDrawLog22.png	Assets/Product/Texture/Image/UiDrawLog/UiDrawLog23.png	Rate in S-Rank pool:	100%	0	0.0	0.0	0	0.0	0.0	0	0.0	0
170553	9900	<color=#ff8d1e>100% rate in S-Rank pool</color>	Assets/Product/Texture/Image/UiDrawLog/UiDrawLog22.png	Assets/Product/Texture/Image/UiDrawLog/UiDrawLog23.png	Rate in S-Rank pool:	100%	0	0.0	0.0	0	0.0	0.0	0	0.0	0
170554	9890	<color=#ff8d1e>100% rate in S-Rank pool</color>	Assets/Product/Texture/Image/UiDrawLog/UiDrawLog22.png	Assets/Product/Texture/Image/UiDrawLog/UiDrawLog23.png	Rate in S-Rank pool:	100%	0	0.0	0.0	0	0.0	0.0	0	0.0	0
170555	9880	<color=#ff8d1e>100% rate in S-Rank pool</color>	Assets/Product/Texture/Image/UiDrawLog/UiDrawLog22.png	Assets/Product/Texture/Image/UiDrawLog/UiDrawLog23.png	Rate in S-Rank pool:	100%	0	0.0	0.0	0	0.0	0.0	0	0.0	0
170556	9870	<color=#ff8d1e>100% rate in S-Rank pool</color>	Assets/Product/Texture/Image/UiDrawLog/UiDrawLog22.png	Assets/Product/Texture/Image/UiDrawLog/UiDrawLog23.png	Rate in S-Rank pool:	100%	0	0.0	0.0	0	0.0	0.0	0	0.0	0
170557	9860	<color=#ff8d1e>100% rate in S-Rank pool</color>	Assets/Product/Texture/Image/UiDrawLog/UiDrawLog22.png	Assets/Product/Texture/Image/UiDrawLog/UiDrawLog23.png	Rate in S-Rank pool:	100%	0	0.0	0.0	0	0.0	0.0	0	0.0	0
170558	9850	<color=#ff8d1e>100% rate in S-Rank pool</color>	Assets/Product/Texture/Image/UiDrawLog/UiDrawLog22.png	Assets/Product/Texture/Image/UiDrawLog/UiDrawLog23.png	Rate in S-Rank pool:	100%	0	0.0	0.0	0	0.0	0.0	0	0.0	0
170559	9840	<color=#ff8d1e>100% rate in S-Rank pool</color>	Assets/Product/Texture/Image/UiDrawLog/UiDrawLog22.png	Assets/Product/Texture/Image/UiDrawLog/UiDrawLog23.png	Rate in S-Rank pool:	100%	0	0.0	0.0	0	0.0	0.0	0	0.0	0
170560	9830	<color=#ff8d1e>100% rate in S-Rank pool</color>	Assets/Product/Texture/Image/UiDrawLog/UiDrawLog22.png	Assets/Product/Texture/Image/UiDrawLog/UiDrawLog23.png	Rate in S-Rank pool:	100%	0	0.0	0.0	0	0.0	0.0	0	0.0	0
170561	9820	<color=#ff8d1e>100% rate in S-Rank pool</color>	Assets/Product/Texture/Image/UiDrawLog/UiDrawLog22.png	Assets/Product/Texture/Image/UiDrawLog/UiDrawLog23.png	Rate in S-Rank pool:	100%	0	0.0	0.0	0	0.0	0.0	0	0.0	0
170562	9810	<color=#ff8d1e>100% rate in S-Rank pool</color>	Assets/Product/Texture/Image/UiDrawLog/UiDrawLog22.png	Assets/Product/Texture/Image/UiDrawLog/UiDrawLog23.png	Rate in S-Rank pool:	100%	0	0.0	0.0	0	0.0	0.0	0	0.0	0
170563	9800	<color=#ff8d1e>100% rate in S-Rank pool</color>	Assets/Product/Texture/Image/UiDrawLog/UiDrawLog22.png	Assets/Product/Texture/Image/UiDrawLog/UiDrawLog23.png	Rate in S-Rank pool:	100%	0	0.0	0.0	0	0.0	0.0	0	0.0	0
170564	9790	<color=#ff8d1e>100% rate in S-Rank pool</color>	Assets/Product/Texture/Image/UiDrawLog/UiDrawLog22.png	Assets/Product/Texture/Image/UiDrawLog/UiDrawLog23.png	Rate in S-Rank pool:	100%	0	0.0	0.0	0	0.0	0.0	0	0.0	0
170565	9780	<color=#ff8d1e>100% rate in S-Rank pool</color>	Assets/Product/Texture/Image/UiDrawLog/UiDrawLog22.png	Assets/Product/Texture/Image/UiDrawLog/UiDrawLog23.png	Rate in S-Rank pool:	100%	0	0.0	0.0	0	0.0	0.0	0	0.0	0
170566	10000	<color=#ff8d1e>100% rate in S-Rank pool</color>	Assets/Product/Texture/Image/UiDrawLog/UiDrawLog22.png	Assets/Product/Texture/Image/UiDrawLog/UiDrawLog23.png	Rate in S-Rank pool:	100%	0	0.0	0.0	0	0.0	0.0	0	0.0	0
170567	9990	<color=#ff8d1e>100% rate in S-Rank pool</color>	Assets/Product/Texture/Image/UiDrawLog/UiDrawLog22.png	Assets/Product/Texture/Image/UiDrawLog/UiDrawLog23.png	Rate in S-Rank pool:	100%	0	0.0	0.0	0	0.0	0.0	0	0.0	0
170568	9980	<color=#ff8d1e>100% rate in S-Rank pool</color>	Assets/Product/Texture/Image/UiDrawLog/UiDrawLog22.png	Assets/Product/Texture/Image/UiDrawLog/UiDrawLog23.png	Rate in S-Rank pool:	100%	0	0.0	0.0	0	0.0	0.0	0	0.0	0
170569	9970	<color=#ff8d1e>100% rate in S-Rank pool</color>	Assets/Product/Texture/Image/UiDrawLog/UiDrawLog22.png	Assets/Product/Texture/Image/UiDrawLog/UiDrawLog23.png	Rate in S-Rank pool:	100%	0	0.0	0.0	0	0.0	0.0	0	0.0	0
170570	9960	<color=#ff8d1e>100% rate in S-Rank pool</color>	Assets/Product/Texture/Image/UiDrawLog/UiDrawLog22.png	Assets/Product/Texture/Image/UiDrawLog/UiDrawLog23.png	Rate in S-Rank pool:	100%	0	0.0	0.0	0	0.0	0.0	0	0.0	0
170571	9950	<color=#ff8d1e>100% rate in S-Rank pool</color>	Assets/Product/Texture/Image/UiDrawLog/UiDrawLog22.png	Assets/Product/Texture/Image/UiDrawLog/UiDrawLog23.png	Rate in S-Rank pool:	100%	0	0.0	0.0	0	0.0	0.0	0	0.0	0
170572	9940	<color=#ff8d1e>100% rate in S-Rank pool</color>	Assets/Product/Texture/Image/UiDrawLog/UiDrawLog22.png	Assets/Product/Texture/Image/UiDrawLog/UiDrawLog23.png	Rate in S-Rank pool:	100%	0	0.0	0.0	0	0.0	0.0	0	0.0	0
170573	9930	<color=#ff8d1e>100% rate in S-Rank pool</color>	Assets/Product/Texture/Image/UiDrawLog/UiDrawLog22.png	Assets/Product/Texture/Image/UiDrawLog/UiDrawLog23.png	Rate in S-Rank pool:	100%	0	0.0	0.0	0	0.0	0.0	0	0.0	0
170574	9920	<color=#ff8d1e>100% rate in S-Rank pool</color>	Assets/Product/Texture/Image/UiDrawLog/UiDrawLog22.png	Assets/Product/Texture/Image/UiDrawLog/UiDrawLog23.png	Rate in S-Rank pool:	100%	0	0.0	0.0	0	0.0	0.0	0	0.0	0
170575	9910	<color=#ff8d1e>100% rate in S-Rank pool</color>	Assets/Product/Texture/Image/UiDrawLog/UiDrawLog22.png	Assets/Product/Texture/Image/UiDrawLog/UiDrawLog23.png	Rate in S-Rank pool:	100%	0	0.0	0.0	0	0.0	0.0	0	0.0	0
170576	9900	<color=#ff8d1e>100% rate in S-Rank pool</color>	Assets/Product/Texture/Image/UiDrawLog/UiDrawLog22.png	Assets/Product/Texture/Image/UiDrawLog/UiDrawLog23.png	Rate in S-Rank pool:	100%	0	0.0	0.0	0	0.0	0.0	0	0.0	0
170577	9890	<color=#ff8d1e>100% rate in S-Rank pool</color>	Assets/Product/Texture/Image/UiDrawLog/UiDrawLog22.png	Assets/Product/Texture/Image/UiDrawLog/UiDrawLog23.png	Rate in S-Rank pool:	100%	0	0.0	0.0	0	0.0	0.0	0	0.0	0
170578	9880	<color=#ff8d1e>100% rate in S-Rank pool</color>	Assets/Product/Texture/Image/UiDrawLog/UiDrawLog22.png	Assets/Product/Texture/Image/UiDrawLog/UiDrawLog23.png	Rate in S-Rank pool:	100%	0	0.0	0.0	0	0.0	0.0	0	0.0	0
170579	9870	<color=#ff8d1e>100% rate in S-Rank pool</color>	Assets/Product/Texture/Image/UiDrawLog/UiDrawLog22.png	Assets/Product/Texture/Image/UiDrawLog/UiDrawLog23.png	Rate in S-Rank pool:	100%	0	0.0	0.0	0	0.0	0.0	0	0.0	0
170580	9860	<color=#ff8d1e>100% rate in S-Rank pool</color>	Assets/Product/Texture/Image/UiDrawLog/UiDrawLog22.png	Assets/Product/Texture/Image/UiDrawLog/UiDrawLog23.png	Rate in S-Rank pool:	100%	0	0.0	0.0	0	0.0	0.0	0	0.0	0
170581	9850	<color=#ff8d1e>100% rate in S-Rank pool</color>	Assets/Product/Texture/Image/UiDrawLog/UiDrawLog22.png	Assets/Product/Texture/Image/UiDrawLog/UiDrawLog23.png	Rate in S-Rank pool:	100%	0	0.0	0.0	0	0.0	0.0	0	0.0	0
170582	9840	<color=#ff8d1e>100% rate in S-Rank pool</color>	Assets/Product/Texture/Image/UiDrawLog/UiDrawLog22.png	Assets/Product/Texture/Image/UiDrawLog/UiDrawLog23.png	Rate in S-Rank pool:	100%	0	0.0	0.0	0	0.0	0.0	0	0.0	0
170583	9830	<color=#ff8d1e>100% rate in S-Rank pool</color>	Assets/Product/Texture/Image/UiDrawLog/UiDrawLog22.png	Assets/Product/Texture/Image/UiDrawLog/UiDrawLog23.png	Rate in S-Rank pool:	100%	0	0.0	0.0	0	0.0	0.0	0	0.0	0
170584	9820	<color=#ff8d1e>100% rate in S-Rank pool</color>	Assets/Product/Texture/Image/UiDrawLog/UiDrawLog22.png	Assets/Product/Texture/Image/UiDrawLog/UiDrawLog23.png	Rate in S-Rank pool:	100%	0	0.0	0.0	0	0.0	0.0	0	0.0	0
170585	9810	<color=#ff8d1e>100% rate in S-Rank pool</color>	Assets/Product/Texture/Image/UiDrawLog/UiDrawLog22.png	Assets/Product/Texture/Image/UiDrawLog/UiDrawLog23.png	Rate in S-Rank pool:	100%	0	0.0	0.0	0	0.0	0.0	0	0.0	0
170586	9800	<color=#ff8d1e>100% rate in S-Rank pool</color>	Assets/Product/Texture/Image/UiDrawLog/UiDrawLog22.png	Assets/Product/Texture/Image/UiDrawLog/UiDrawLog23.png	Rate in S-Rank pool:	100%	0	0.0	0.0	0	0.0	0.0	0	0.0	0
170587	9790	<color=#ff8d1e>100% rate in S-Rank pool</color>	Assets/Product/Texture/Image/UiDrawLog/UiDrawLog22.png	Assets/Product/Texture/Image/UiDrawLog/UiDrawLog23.png	Rate in S-Rank pool:	100%	0	0.0	0.0	0	0.0	0.0	0	0.0	0
170588	9780	<color=#ff8d1e>100% rate in S-Rank pool</color>	Assets/Product/Texture/Image/UiDrawLog/UiDrawLog22.png	Assets/Product/Texture/Image/UiDrawLog/UiDrawLog23.png	Rate in S-Rank pool:	100%	0	0.0	0.0	0	0.0	0.0	0	0.0	0
170589	10000	<color=#26bbf9>70% rate in S-Rank pool</color>	Assets/Product/Texture/Image/UiDrawLog/UiDrawLog22.png	Assets/Product/Texture/Image/UiDrawLog/UiDrawLog23.png	Rate in S-Rank pool:	70%	0	0.0	0.0	0	0.0	0.0	0	0.0	0
170590	9990	<color=#26bbf9>70% rate in S-Rank pool</color>	Assets/Product/Texture/Image/UiDrawLog/UiDrawLog22.png	Assets/Product/Texture/Image/UiDrawLog/UiDrawLog23.png	Rate in S-Rank pool:	70%	0	0.0	0.0	0	0.0	0.0	0	0.0	0
170591	9980	<color=#26bbf9>70% rate in S-Rank pool</color>	Assets/Product/Texture/Image/UiDrawLog/UiDrawLog22.png	Assets/Product/Texture/Image/UiDrawLog/UiDrawLog23.png	Rate in S-Rank pool:	70%	0	0.0	0.0	0	0.0	0.0	0	0.0	0
170592	9970	<color=#26bbf9>70% rate in S-Rank pool</color>	Assets/Product/Texture/Image/UiDrawLog/UiDrawLog22.png	Assets/Product/Texture/Image/UiDrawLog/UiDrawLog23.png	Rate in S-Rank pool:	70%	0	0.0	0.0	0	0.0	0.0	0	0.0	0
170593	9960	<color=#26bbf9>70% rate in S-Rank pool</color>	Assets/Product/Texture/Image/UiDrawLog/UiDrawLog22.png	Assets/Product/Texture/Image/UiDrawLog/UiDrawLog23.png	Rate in S-Rank pool:	70%	0	0.0	0.0	0	0.0	0.0	0	0.0	0
170594	9950	<color=#26bbf9>70% rate in S-Rank pool</color>	Assets/Product/Texture/Image/UiDrawLog/UiDrawLog22.png	Assets/Product/Texture/Image/UiDrawLog/UiDrawLog23.png	Rate in S-Rank pool:	70%	0	0.0	0.0	0	0.0	0.0	0	0.0	0
170595	9940	<color=#26bbf9>70% rate in S-Rank pool</color>	Assets/Product/Texture/Image/UiDrawLog/UiDrawLog22.png	Assets/Product/Texture/Image/UiDrawLog/UiDrawLog23.png	Rate in S-Rank pool:	70%	0	0.0	0.0	0	0.0	0.0	0	0.0	0
170596	9930	<color=#26bbf9>70% rate in S-Rank pool</color>	Assets/Product/Texture/Image/UiDrawLog/UiDrawLog22.png	Assets/Product/Texture/Image/UiDrawLog/UiDrawLog23.png	Rate in S-Rank pool:	70%	0	0.0	0.0	0	0.0	0.0	0	0.0	0
170597	9920	<color=#26bbf9>70% rate in S-Rank pool</color>	Assets/Product/Texture/Image/UiDrawLog/UiDrawLog22.png	Assets/Product/Texture/Image/UiDrawLog/UiDrawLog23.png	Rate in S-Rank pool:	70%	0	0.0	0.0	0	0.0	0.0	0	0.0	0
170598	10000	<color=#26bbf9>70% rate in S-Rank pool</color>	Assets/Product/Texture/Image/UiDrawLog/UiDrawLog22.png	Assets/Product/Texture/Image/UiDrawLog/UiDrawLog23.png	Rate in S-Rank pool:	70%	0	0.0	0.0	0	0.0	0.0	0	0.0	0
170599	9990	<color=#26bbf9>70% rate in S-Rank pool</color>	Assets/Product/Texture/Image/UiDrawLog/UiDrawLog22.png	Assets/Product/Texture/Image/UiDrawLog/UiDrawLog23.png	Rate in S-Rank pool:	70%	0	0.0	0.0	0	0.0	0.0	0	0.0	0
170600	9980	<color=#26bbf9>70% rate in S-Rank pool</color>	Assets/Product/Texture/Image/UiDrawLog/UiDrawLog22.png	Assets/Product/Texture/Image/UiDrawLog/UiDrawLog23.png	Rate in S-Rank pool:	70%	0	0.0	0.0	0	0.0	0.0	0	0.0	0
170601	9970	<color=#26bbf9>70% rate in S-Rank pool</color>	Assets/Product/Texture/Image/UiDrawLog/UiDrawLog22.png	Assets/Product/Texture/Image/UiDrawLog/UiDrawLog23.png	Rate in S-Rank pool:	70%	0	0.0	0.0	0	0.0	0.0	0	0.0	0
170602	9960	<color=#26bbf9>70% rate in S-Rank pool</color>	Assets/Product/Texture/Image/UiDrawLog/UiDrawLog22.png	Assets/Product/Texture/Image/UiDrawLog/UiDrawLog23.png	Rate in S-Rank pool:	70%	0	0.0	0.0	0	0.0	0.0	0	0.0	0
170603	9950	<color=#26bbf9>70% rate in S-Rank pool</color>	Assets/Product/Texture/Image/UiDrawLog/UiDrawLog22.png	Assets/Product/Texture/Image/UiDrawLog/UiDrawLog23.png	Rate in S-Rank pool:	70%	0	0.0	0.0	0	0.0	0.0	0	0.0	0
170604	9940	<color=#26bbf9>70% rate in S-Rank pool</color>	Assets/Product/Texture/Image/UiDrawLog/UiDrawLog22.png	Assets/Product/Texture/Image/UiDrawLog/UiDrawLog23.png	Rate in S-Rank pool:	70%	0	0.0	0.0	0	0.0	0.0	0	0.0	0
170605	9930	<color=#26bbf9>70% rate in S-Rank pool</color>	Assets/Product/Texture/Image/UiDrawLog/UiDrawLog22.png	Assets/Product/Texture/Image/UiDrawLog/UiDrawLog23.png	Rate in S-Rank pool:	70%	0	0.0	0.0	0	0.0	0.0	0	0.0	0
170606	9920	<color=#26bbf9>70% rate in S-Rank pool</color>	Assets/Product/Texture/Image/UiDrawLog/UiDrawLog22.png	Assets/Product/Texture/Image/UiDrawLog/UiDrawLog23.png	Rate in S-Rank pool:	70%	0	0.0	0.0	0	0.0	0.0	0	0.0	0
170607	10000	<color=#26bbf9>70% rate in S-Rank pool</color>	Assets/Product/Texture/Image/UiDrawLog/UiDrawLog22.png	Assets/Product/Texture/Image/UiDrawLog/UiDrawLog23.png	Rate in S-Rank pool:	70%	0	0.0	0.0	0	0.0	0.0	0	0.0	0
170608	9990	<color=#26bbf9>70% rate in S-Rank pool</color>	Assets/Product/Texture/Image/UiDrawLog/UiDrawLog22.png	Assets/Product/Texture/Image/UiDrawLog/UiDrawLog23.png	Rate in S-Rank pool:	70%	0	0.0	0.0	0	0.0	0.0	0	0.0	0
170609	9980	<color=#26bbf9>70% rate in S-Rank pool</color>	Assets/Product/Texture/Image/UiDrawLog/UiDrawLog22.png	Assets/Product/Texture/Image/UiDrawLog/UiDrawLog23.png	Rate in S-Rank pool:	70%	0	0.0	0.0	0	0.0	0.0	0	0.0	0
170610	9970	<color=#26bbf9>70% rate in S-Rank pool</color>	Assets/Product/Texture/Image/UiDrawLog/UiDrawLog22.png	Assets/Product/Texture/Image/UiDrawLog/UiDrawLog23.png	Rate in S-Rank pool:	70%	0	0.0	0.0	0	0.0	0.0	0	0.0	0
170611	9960	<color=#26bbf9>70% rate in S-Rank pool</color>	Assets/Product/Texture/Image/UiDrawLog/UiDrawLog22.png	Assets/Product/Texture/Image/UiDrawLog/UiDrawLog23.png	Rate in S-Rank pool:	70%	0	0.0	0.0	0	0.0	0.0	0	0.0	0
170612	9950	<color=#26bbf9>70% rate in S-Rank pool</color>	Assets/Product/Texture/Image/UiDrawLog/UiDrawLog22.png	Assets/Product/Texture/Image/UiDrawLog/UiDrawLog23.png	Rate in S-Rank pool:	70%	0	0.0	0.0	0	0.0	0.0	0	0.0	0
170613	9940	<color=#26bbf9>70% rate in S-Rank pool</color>	Assets/Product/Texture/Image/UiDrawLog/UiDrawLog22.png	Assets/Product/Texture/Image/UiDrawLog/UiDrawLog23.png	Rate in S-Rank pool:	70%	0	0.0	0.0	0	0.0	0.0	0	0.0	0
170614	9930	<color=#26bbf9>70% rate in S-Rank pool</color>	Assets/Product/Texture/Image/UiDrawLog/UiDrawLog22.png	Assets/Product/Texture/Image/UiDrawLog/UiDrawLog23.png	Rate in S-Rank pool:	70%	0	0.0	0.0	0	0.0	0.0	0	0.0	0
170615	9920	<color=#26bbf9>70% rate in S-Rank pool</color>	Assets/Product/Texture/Image/UiDrawLog/UiDrawLog22.png	Assets/Product/Texture/Image/UiDrawLog/UiDrawLog23.png	Rate in S-Rank pool:	70%	0	0.0	0.0	0	0.0	0.0	0	0.0	0
170616	10000	<color=#26bbf9>70% rate in S-Rank pool</color>	Assets/Product/Texture/Image/UiDrawLog/UiDrawLog22.png	Assets/Product/Texture/Image/UiDrawLog/UiDrawLog23.png	Rate in S-Rank pool:	70%	0	0.0	0.0	0	0.0	0.0	0	0.0	0
170617	9990	<color=#26bbf9>70% rate in S-Rank pool</color>	Assets/Product/Texture/Image/UiDrawLog/UiDrawLog22.png	Assets/Product/Texture/Image/UiDrawLog/UiDrawLog23.png	Rate in S-Rank pool:	70%	0	0.0	0.0	0	0.0	0.0	0	0.0	0
170618	9980	<color=#26bbf9>70% rate in S-Rank pool</color>	Assets/Product/Texture/Image/UiDrawLog/UiDrawLog22.png	Assets/Product/Texture/Image/UiDrawLog/UiDrawLog23.png	Rate in S-Rank pool:	70%	0	0.0	0.0	0	0.0	0.0	0	0.0	0
170619	9970	<color=#26bbf9>70% rate in S-Rank pool</color>	Assets/Product/Texture/Image/UiDrawLog/UiDrawLog22.png	Assets/Product/Texture/Image/UiDrawLog/UiDrawLog23.png	Rate in S-Rank pool:	70%	0	0.0	0.0	0	0.0	0.0	0	0.0	0
170620	9960	<color=#26bbf9>70% rate in S-Rank pool</color>	Assets/Product/Texture/Image/UiDrawLog/UiDrawLog22.png	Assets/Product/Texture/Image/UiDrawLog/UiDrawLog23.png	Rate in S-Rank pool:	70%	0	0.0	0.0	0	0.0	0.0	0	0.0	0
170621	9950	<color=#26bbf9>70% rate in S-Rank pool</color>	Assets/Product/Texture/Image/UiDrawLog/UiDrawLog22.png	Assets/Product/Texture/Image/UiDrawLog/UiDrawLog23.png	Rate in S-Rank pool:	70%	0	0.0	0.0	0	0.0	0.0	0	0.0	0
170622	9940	<color=#26bbf9>70% rate in S-Rank pool</color>	Assets/Product/Texture/Image/UiDrawLog/UiDrawLog22.png	Assets/Product/Texture/Image/UiDrawLog/UiDrawLog23.png	Rate in S-Rank pool:	70%	0	0.0	0.0	0	0.0	0.0	0	0.0	0
170623	9930	<color=#26bbf9>70% rate in S-Rank pool</color>	Assets/Product/Texture/Image/UiDrawLog/UiDrawLog22.png	Assets/Product/Texture/Image/UiDrawLog/UiDrawLog23.png	Rate in S-Rank pool:	70%	0	0.0	0.0	0	0.0	0.0	0	0.0	0
170624	9920	<color=#26bbf9>70% rate in S-Rank pool</color>	Assets/Product/Texture/Image/UiDrawLog/UiDrawLog22.png	Assets/Product/Texture/Image/UiDrawLog/UiDrawLog23.png	Rate in S-Rank pool:	70%	0	0.0	0.0	0	0.0	0.0	0	0.0	0
170625	10000	<color=#ff8d1e>100% rate in S-Rank pool</color>	Assets/Product/Texture/Image/UiDrawLog/UiDrawLog22.png	Assets/Product/Texture/Image/UiDrawLog/UiDrawLog23.png	Rate in S-Rank pool:	100%	0	0.0	0.0	0	0.0	0.0	0	0.0	0
170626	9990	<color=#ff8d1e>100% rate in S-Rank pool</color>	Assets/Product/Texture/Image/UiDrawLog/UiDrawLog22.png	Assets/Product/Texture/Image/UiDrawLog/UiDrawLog23.png	Rate in S-Rank pool:	100%	0	0.0	0.0	0	0.0	0.0	0	0.0	0
170627	9980	<color=#ff8d1e>100% rate in S-Rank pool</color>	Assets/Product/Texture/Image/UiDrawLog/UiDrawLog22.png	Assets/Product/Texture/Image/UiDrawLog/UiDrawLog23.png	Rate in S-Rank pool:	100%	0	0.0	0.0	0	0.0	0.0	0	0.0	0
170628	9970	<color=#ff8d1e>100% rate in S-Rank pool</color>	Assets/Product/Texture/Image/UiDrawLog/UiDrawLog22.png	Assets/Product/Texture/Image/UiDrawLog/UiDrawLog23.png	Rate in S-Rank pool:	100%	0	0.0	0.0	0	0.0	0.0	0	0.0	0
170629	9960	<color=#ff8d1e>100% rate in S-Rank pool</color>	Assets/Product/Texture/Image/UiDrawLog/UiDrawLog22.png	Assets/Product/Texture/Image/UiDrawLog/UiDrawLog23.png	Rate in S-Rank pool:	100%	0	0.0	0.0	0	0.0	0.0	0	0.0	0
170630	9950	<color=#ff8d1e>100% rate in S-Rank pool</color>	Assets/Product/Texture/Image/UiDrawLog/UiDrawLog22.png	Assets/Product/Texture/Image/UiDrawLog/UiDrawLog23.png	Rate in S-Rank pool:	100%	0	0.0	0.0	0	0.0	0.0	0	0.0	0
170631	9940	<color=#ff8d1e>100% rate in S-Rank pool</color>	Assets/Product/Texture/Image/UiDrawLog/UiDrawLog22.png	Assets/Product/Texture/Image/UiDrawLog/UiDrawLog23.png	Rate in S-Rank pool:	100%	0	0.0	0.0	0	0.0	0.0	0	0.0	0
170632	9930	<color=#ff8d1e>100% rate in S-Rank pool</color>	Assets/Product/Texture/Image/UiDrawLog/UiDrawLog22.png	Assets/Product/Texture/Image/UiDrawLog/UiDrawLog23.png	Rate in S-Rank pool:	100%	0	0.0	0.0	0	0.0	0.0	0	0.0	0
170633	9920	<color=#ff8d1e>100% rate in S-Rank pool</color>	Assets/Product/Texture/Image/UiDrawLog/UiDrawLog22.png	Assets/Product/Texture/Image/UiDrawLog/UiDrawLog23.png	Rate in S-Rank pool:	100%	0	0.0	0.0	0	0.0	0.0	0	0.0	0
170634	9910	<color=#ff8d1e>100% rate in S-Rank pool</color>	Assets/Product/Texture/Image/UiDrawLog/UiDrawLog22.png	Assets/Product/Texture/Image/UiDrawLog/UiDrawLog23.png	Rate in S-Rank pool:	100%	0	0.0	0.0	0	0.0	0.0	0	0.0	0
170635	10000	<color=#ff8d1e>100% rate in S-Rank pool</color>	Assets/Product/Texture/Image/UiDrawLog/UiDrawLog22.png	Assets/Product/Texture/Image/UiDrawLog/UiDrawLog23.png	Rate in S-Rank pool:	100%	0	0.0	0.0	0	0.0	0.0	0	0.0	0
170636	9990	<color=#ff8d1e>100% rate in S-Rank pool</color>	Assets/Product/Texture/Image/UiDrawLog/UiDrawLog22.png	Assets/Product/Texture/Image/UiDrawLog/UiDrawLog23.png	Rate in S-Rank pool:	100%	0	0.0	0.0	0	0.0	0.0	0	0.0	0
170637	9980	<color=#ff8d1e>100% rate in S-Rank pool</color>	Assets/Product/Texture/Image/UiDrawLog/UiDrawLog22.png	Assets/Product/Texture/Image/UiDrawLog/UiDrawLog23.png	Rate in S-Rank pool:	100%	0	0.0	0.0	0	0.0	0.0	0	0.0	0
170638	9970	<color=#ff8d1e>100% rate in S-Rank pool</color>	Assets/Product/Texture/Image/UiDrawLog/UiDrawLog22.png	Assets/Product/Texture/Image/UiDrawLog/UiDrawLog23.png	Rate in S-Rank pool:	100%	0	0.0	0.0	0	0.0	0.0	0	0.0	0
170639	9960	<color=#ff8d1e>100% rate in S-Rank pool</color>	Assets/Product/Texture/Image/UiDrawLog/UiDrawLog22.png	Assets/Product/Texture/Image/UiDrawLog/UiDrawLog23.png	Rate in S-Rank pool:	100%	0	0.0	0.0	0	0.0	0.0	0	0.0	0
170640	9950	<color=#ff8d1e>100% rate in S-Rank pool</color>	Assets/Product/Texture/Image/UiDrawLog/UiDrawLog22.png	Assets/Product/Texture/Image/UiDrawLog/UiDrawLog23.png	Rate in S-Rank pool:	100%	0	0.0	0.0	0	0.0	0.0	0	0.0	0
170641	9940	<color=#ff8d1e>100% rate in S-Rank pool</color>	Assets/Product/Texture/Image/UiDrawLog/UiDrawLog22.png	Assets/Product/Texture/Image/UiDrawLog/UiDrawLog23.png	Rate in S-Rank pool:	100%	0	0.0	0.0	0	0.0	0.0	0	0.0	0
170642	9930	<color=#ff8d1e>100% rate in S-Rank pool</color>	Assets/Product/Texture/Image/UiDrawLog/UiDrawLog22.png	Assets/Product/Texture/Image/UiDrawLog/UiDrawLog23.png	Rate in S-Rank pool:	100%	0	0.0	0.0	0	0.0	0.0	0	0.0	0
170643	9920	<color=#ff8d1e>100% rate in S-Rank pool</color>	Assets/Product/Texture/Image/UiDrawLog/UiDrawLog22.png	Assets/Product/Texture/Image/UiDrawLog/UiDrawLog23.png	Rate in S-Rank pool:	100%	0	0.0	0.0	0	0.0	0.0	0	0.0	0
170644	9910	<color=#ff8d1e>100% rate in S-Rank pool</color>	Assets/Product/Texture/Image/UiDrawLog/UiDrawLog22.png	Assets/Product/Texture/Image/UiDrawLog/UiDrawLog23.png	Rate in S-Rank pool:	100%	0	0.0	0.0	0	0.0	0.0	0	0.0	0
170645	10000	<color=#ff8d1e>100% rate in S-Rank pool</color>	Assets/Product/Texture/Image/UiDrawLog/UiDrawLog22.png	Assets/Product/Texture/Image/UiDrawLog/UiDrawLog23.png	Rate in S-Rank pool:	100%	0	0.0	0.0	0	0.0	0.0	0	0.0	0
170646	9990	<color=#ff8d1e>100% rate in S-Rank pool</color>	Assets/Product/Texture/Image/UiDrawLog/UiDrawLog22.png	Assets/Product/Texture/Image/UiDrawLog/UiDrawLog23.png	Rate in S-Rank pool:	100%	0	0.0	0.0	0	0.0	0.0	0	0.0	0
170647	9980	<color=#ff8d1e>100% rate in S-Rank pool</color>	Assets/Product/Texture/Image/UiDrawLog/UiDrawLog22.png	Assets/Product/Texture/Image/UiDrawLog/UiDrawLog23.png	Rate in S-Rank pool:	100%	0	0.0	0.0	0	0.0	0.0	0	0.0	0
170648	9970	<color=#ff8d1e>100% rate in S-Rank pool</color>	Assets/Product/Texture/Image/UiDrawLog/UiDrawLog22.png	Assets/Product/Texture/Image/UiDrawLog/UiDrawLog23.png	Rate in S-Rank pool:	100%	0	0.0	0.0	0	0.0	0.0	0	0.0	0
170649	9960	<color=#ff8d1e>100% rate in S-Rank pool</color>	Assets/Product/Texture/Image/UiDrawLog/UiDrawLog22.png	Assets/Product/Texture/Image/UiDrawLog/UiDrawLog23.png	Rate in S-Rank pool:	100%	0	0.0	0.0	0	0.0	0.0	0	0.0	0
170650	9950	<color=#ff8d1e>100% rate in S-Rank pool</color>	Assets/Product/Texture/Image/UiDrawLog/UiDrawLog22.png	Assets/Product/Texture/Image/UiDrawLog/UiDrawLog23.png	Rate in S-Rank pool:	100%	0	0.0	0.0	0	0.0	0.0	0	0.0	0
170651	9940	<color=#ff8d1e>100% rate in S-Rank pool</color>	Assets/Product/Texture/Image/UiDrawLog/UiDrawLog22.png	Assets/Product/Texture/Image/UiDrawLog/UiDrawLog23.png	Rate in S-Rank pool:	100%	0	0.0	0.0	0	0.0	0.0	0	0.0	0
170652	9930	<color=#ff8d1e>100% rate in S-Rank pool</color>	Assets/Product/Texture/Image/UiDrawLog/UiDrawLog22.png	Assets/Product/Texture/Image/UiDrawLog/UiDrawLog23.png	Rate in S-Rank pool:	100%	0	0.0	0.0	0	0.0	0.0	0	0.0	0
170653	9920	<color=#ff8d1e>100% rate in S-Rank pool</color>	Assets/Product/Texture/Image/UiDrawLog/UiDrawLog22.png	Assets/Product/Texture/Image/UiDrawLog/UiDrawLog23.png	Rate in S-Rank pool:	100%	0	0.0	0.0	0	0.0	0.0	0	0.0	0
170654	9910	<color=#ff8d1e>100% rate in S-Rank pool</color>	Assets/Product/Texture/Image/UiDrawLog/UiDrawLog22.png	Assets/Product/Texture/Image/UiDrawLog/UiDrawLog23.png	Rate in S-Rank pool:	100%	0	0.0	0.0	0	0.0	0.0	0	0.0	0
170655	9900	<color=#ff8d1e>100% rate in S-Rank pool</color>	Assets/Product/Texture/Image/UiDrawLog/UiDrawLog22.png	Assets/Product/Texture/Image/UiDrawLog/UiDrawLog23.png	Rate in S-Rank pool:	100%	0	0.0	0.0	0	0.0	0.0	0	0.0	0
170656	9890	<color=#ff8d1e>100% rate in S-Rank pool</color>	Assets/Product/Texture/Image/UiDrawLog/UiDrawLog22.png	Assets/Product/Texture/Image/UiDrawLog/UiDrawLog23.png	Rate in S-Rank pool:	100%	0	0.0	0.0	0	0.0	0.0	0	0.0	0
170657	9880	<color=#ff8d1e>100% rate in S-Rank pool</color>	Assets/Product/Texture/Image/UiDrawLog/UiDrawLog22.png	Assets/Product/Texture/Image/UiDrawLog/UiDrawLog23.png	Rate in S-Rank pool:	100%	0	0.0	0.0	0	0.0	0.0	0	0.0	0
170658	9870	<color=#ff8d1e>100% rate in S-Rank pool</color>	Assets/Product/Texture/Image/UiDrawLog/UiDrawLog22.png	Assets/Product/Texture/Image/UiDrawLog/UiDrawLog23.png	Rate in S-Rank pool:	100%	0	0.0	0.0	0	0.0	0.0	0	0.0	0
170659	9860	<color=#ff8d1e>100% rate in S-Rank pool</color>	Assets/Product/Texture/Image/UiDrawLog/UiDrawLog22.png	Assets/Product/Texture/Image/UiDrawLog/UiDrawLog23.png	Rate in S-Rank pool:	100%	0	0.0	0.0	0	0.0	0.0	0	0.0	0
170660	9850	<color=#ff8d1e>100% rate in S-Rank pool</color>	Assets/Product/Texture/Image/UiDrawLog/UiDrawLog22.png	Assets/Product/Texture/Image/UiDrawLog/UiDrawLog23.png	Rate in S-Rank pool:	100%	0	0.0	0.0	0	0.0	0.0	0	0.0	0
170661	10000	<color=#ff8d1e>100% rate in S-Rank pool</color>	Assets/Product/Texture/Image/UiDrawLog/UiDrawLog22.png	Assets/Product/Texture/Image/UiDrawLog/UiDrawLog23.png	Rate in S-Rank pool:	100%	0	0.0	0.0	0	0.0	0.0	0	0.0	0
170662	9990	<color=#ff8d1e>100% rate in S-Rank pool</color>	Assets/Product/Texture/Image/UiDrawLog/UiDrawLog22.png	Assets/Product/Texture/Image/UiDrawLog/UiDrawLog23.png	Rate in S-Rank pool:	100%	0	0.0	0.0	0	0.0	0.0	0	0.0	0
170663	9980	<color=#ff8d1e>100% rate in S-Rank pool</color>	Assets/Product/Texture/Image/UiDrawLog/UiDrawLog22.png	Assets/Product/Texture/Image/UiDrawLog/UiDrawLog23.png	Rate in S-Rank pool:	100%	0	0.0	0.0	0	0.0	0.0	0	0.0	0
170664	9970	<color=#ff8d1e>100% rate in S-Rank pool</color>	Assets/Product/Texture/Image/UiDrawLog/UiDrawLog22.png	Assets/Product/Texture/Image/UiDrawLog/UiDrawLog23.png	Rate in S-Rank pool:	100%	0	0.0	0.0	0	0.0	0.0	0	0.0	0
170665	9960	<color=#ff8d1e>100% rate in S-Rank pool</color>	Assets/Product/Texture/Image/UiDrawLog/UiDrawLog22.png	Assets/Product/Texture/Image/UiDrawLog/UiDrawLog23.png	Rate in S-Rank pool:	100%	0	0.0	0.0	0	0.0	0.0	0	0.0	0
170666	9950	<color=#ff8d1e>100% rate in S-Rank pool</color>	Assets/Product/Texture/Image/UiDrawLog/UiDrawLog22.png	Assets/Product/Texture/Image/UiDrawLog/UiDrawLog23.png	Rate in S-Rank pool:	100%	0	0.0	0.0	0	0.0	0.0	0	0.0	0
170667	9940	<color=#ff8d1e>100% rate in S-Rank pool</color>	Assets/Product/Texture/Image/UiDrawLog/UiDrawLog22.png	Assets/Product/Texture/Image/UiDrawLog/UiDrawLog23.png	Rate in S-Rank pool:	100%	0	0.0	0.0	0	0.0	0.0	0	0.0	0
170668	9930	<color=#ff8d1e>100% rate in S-Rank pool</color>	Assets/Product/Texture/Image/UiDrawLog/UiDrawLog22.png	Assets/Product/Texture/Image/UiDrawLog/UiDrawLog23.png	Rate in S-Rank pool:	100%	0	0.0	0.0	0	0.0	0.0	0	0.0	0
170669	9920	<color=#ff8d1e>100% rate in S-Rank pool</color>	Assets/Product/Texture/Image/UiDrawLog/UiDrawLog22.png	Assets/Product/Texture/Image/UiDrawLog/UiDrawLog23.png	Rate in S-Rank pool:	100%	0	0.0	0.0	0	0.0	0.0	0	0.0	0
170670	9910	<color=#ff8d1e>100% rate in S-Rank pool</color>	Assets/Product/Texture/Image/UiDrawLog/UiDrawLog22.png	Assets/Product/Texture/Image/UiDrawLog/UiDrawLog23.png	Rate in S-Rank pool:	100%	0	0.0	0.0	0	0.0	0.0	0	0.0	0
170671	9900	<color=#ff8d1e>100% rate in S-Rank pool</color>	Assets/Product/Texture/Image/UiDrawLog/UiDrawLog22.png	Assets/Product/Texture/Image/UiDrawLog/UiDrawLog23.png	Rate in S-Rank pool:	100%	0	0.0	0.0	0	0.0	0.0	0	0.0	0
170672	9890	<color=#ff8d1e>100% rate in S-Rank pool</color>	Assets/Product/Texture/Image/UiDrawLog/UiDrawLog22.png	Assets/Product/Texture/Image/UiDrawLog/UiDrawLog23.png	Rate in S-Rank pool:	100%	0	0.0	0.0	0	0.0	0.0	0	0.0	0
170673	9880	<color=#ff8d1e>100% rate in S-Rank pool</color>	Assets/Product/Texture/Image/UiDrawLog/UiDrawLog22.png	Assets/Product/Texture/Image/UiDrawLog/UiDrawLog23.png	Rate in S-Rank pool:	100%	0	0.0	0.0	0	0.0	0.0	0	0.0	0
170674	9870	<color=#ff8d1e>100% rate in S-Rank pool</color>	Assets/Product/Texture/Image/UiDrawLog/UiDrawLog22.png	Assets/Product/Texture/Image/UiDrawLog/UiDrawLog23.png	Rate in S-Rank pool:	100%	0	0.0	0.0	0	0.0	0.0	0	0.0	0
170675	9860	<color=#ff8d1e>100% rate in S-Rank pool</color>	Assets/Product/Texture/Image/UiDrawLog/UiDrawLog22.png	Assets/Product/Texture/Image/UiDrawLog/UiDrawLog23.png	Rate in S-Rank pool:	100%	0	0.0	0.0	0	0.0	0.0	0	0.0	0
170676	9850	<color=#ff8d1e>100% rate in S-Rank pool</color>	Assets/Product/Texture/Image/UiDrawLog/UiDrawLog22.png	Assets/Product/Texture/Image/UiDrawLog/UiDrawLog23.png	Rate in S-Rank pool:	100%	0	0.0	0.0	0	0.0	0.0	0	0.0	0
170680	10000	<color=#26bbf9>70% rate in S-Rank pool</color>	Assets/Product/Texture/Image/UiDrawLog/UiDrawLog22.png	Assets/Product/Texture/Image/UiDrawLog/UiDrawLog23.png	Rate in S-Rank pool:	70%	0	0.0	0.0	0	0.0	0.0	0	0.0	0
170681	9990	<color=#26bbf9>70% rate in S-Rank pool</color>	Assets/Product/Texture/Image/UiDrawLog/UiDrawLog22.png	Assets/Product/Texture/Image/UiDrawLog/UiDrawLog23.png	Rate in S-Rank pool:	70%	0	0.0	0.0	0	0.0	0.0	0	0.0	0
170682	9980	<color=#26bbf9>70% rate in S-Rank pool</color>	Assets/Product/Texture/Image/UiDrawLog/UiDrawLog22.png	Assets/Product/Texture/Image/UiDrawLog/UiDrawLog23.png	Rate in S-Rank pool:	70%	0	0.0	0.0	0	0.0	0.0	0	0.0	0
170683	9970	<color=#26bbf9>70% rate in S-Rank pool</color>	Assets/Product/Texture/Image/UiDrawLog/UiDrawLog22.png	Assets/Product/Texture/Image/UiDrawLog/UiDrawLog23.png	Rate in S-Rank pool:	70%	0	0.0	0.0	0	0.0	0.0	0	0.0	0
170684	9960	<color=#26bbf9>70% rate in S-Rank pool</color>	Assets/Product/Texture/Image/UiDrawLog/UiDrawLog22.png	Assets/Product/Texture/Image/UiDrawLog/UiDrawLog23.png	Rate in S-Rank pool:	70%	0	0.0	0.0	0	0.0	0.0	0	0.0	0
170685	9950	<color=#26bbf9>70% rate in S-Rank pool</color>	Assets/Product/Texture/Image/UiDrawLog/UiDrawLog22.png	Assets/Product/Texture/Image/UiDrawLog/UiDrawLog23.png	Rate in S-Rank pool:	70%	0	0.0	0.0	0	0.0	0.0	0	0.0	0
170686	9940	<color=#26bbf9>70% rate in S-Rank pool</color>	Assets/Product/Texture/Image/UiDrawLog/UiDrawLog22.png	Assets/Product/Texture/Image/UiDrawLog/UiDrawLog23.png	Rate in S-Rank pool:	70%	0	0.0	0.0	0	0.0	0.0	0	0.0	0
170687	9930	<color=#26bbf9>70% rate in S-Rank pool</color>	Assets/Product/Texture/Image/UiDrawLog/UiDrawLog22.png	Assets/Product/Texture/Image/UiDrawLog/UiDrawLog23.png	Rate in S-Rank pool:	70%	0	0.0	0.0	0	0.0	0.0	0	0.0	0
170688	9920	<color=#26bbf9>70% rate in S-Rank pool</color>	Assets/Product/Texture/Image/UiDrawLog/UiDrawLog22.png	Assets/Product/Texture/Image/UiDrawLog/UiDrawLog23.png	Rate in S-Rank pool:	70%	0	0.0	0.0	0	0.0	0.0	0	0.0	0
170689	10000	<color=#26bbf9>70% rate in S-Rank pool</color>	Assets/Product/Texture/Image/UiDrawLog/UiDrawLog22.png	Assets/Product/Texture/Image/UiDrawLog/UiDrawLog23.png	Rate in S-Rank pool:	70%	0	0.0	0.0	0	0.0	0.0	0	0.0	0
170690	9990	<color=#26bbf9>70% rate in S-Rank pool</color>	Assets/Product/Texture/Image/UiDrawLog/UiDrawLog22.png	Assets/Product/Texture/Image/UiDrawLog/UiDrawLog23.png	Rate in S-Rank pool:	70%	0	0.0	0.0	0	0.0	0.0	0	0.0	0
170691	9980	<color=#26bbf9>70% rate in S-Rank pool</color>	Assets/Product/Texture/Image/UiDrawLog/UiDrawLog22.png	Assets/Product/Texture/Image/UiDrawLog/UiDrawLog23.png	Rate in S-Rank pool:	70%	0	0.0	0.0	0	0.0	0.0	0	0.0	0
170692	9970	<color=#26bbf9>70% rate in S-Rank pool</color>	Assets/Product/Texture/Image/UiDrawLog/UiDrawLog22.png	Assets/Product/Texture/Image/UiDrawLog/UiDrawLog23.png	Rate in S-Rank pool:	70%	0	0.0	0.0	0	0.0	0.0	0	0.0	0
170693	9960	<color=#26bbf9>70% rate in S-Rank pool</color>	Assets/Product/Texture/Image/UiDrawLog/UiDrawLog22.png	Assets/Product/Texture/Image/UiDrawLog/UiDrawLog23.png	Rate in S-Rank pool:	70%	0	0.0	0.0	0	0.0	0.0	0	0.0	0
170694	9950	<color=#26bbf9>70% rate in S-Rank pool</color>	Assets/Product/Texture/Image/UiDrawLog/UiDrawLog22.png	Assets/Product/Texture/Image/UiDrawLog/UiDrawLog23.png	Rate in S-Rank pool:	70%	0	0.0	0.0	0	0.0	0.0	0	0.0	0
170695	9940	<color=#26bbf9>70% rate in S-Rank pool</color>	Assets/Product/Texture/Image/UiDrawLog/UiDrawLog22.png	Assets/Product/Texture/Image/UiDrawLog/UiDrawLog23.png	Rate in S-Rank pool:	70%	0	0.0	0.0	0	0.0	0.0	0	0.0	0
170696	9930	<color=#26bbf9>70% rate in S-Rank pool</color>	Assets/Product/Texture/Image/UiDrawLog/UiDrawLog22.png	Assets/Product/Texture/Image/UiDrawLog/UiDrawLog23.png	Rate in S-Rank pool:	70%	0	0.0	0.0	0	0.0	0.0	0	0.0	0
170697	9920	<color=#26bbf9>70% rate in S-Rank pool</color>	Assets/Product/Texture/Image/UiDrawLog/UiDrawLog22.png	Assets/Product/Texture/Image/UiDrawLog/UiDrawLog23.png	Rate in S-Rank pool:	70%	0	0.0	0.0	0	0.0	0.0	0	0.0	0
170698	10000	<color=#26bbf9>70% rate in S-Rank pool</color>	Assets/Product/Texture/Image/UiDrawLog/UiDrawLog22.png	Assets/Product/Texture/Image/UiDrawLog/UiDrawLog23.png	Rate in S-Rank pool:	70%	0	0.0	0.0	0	0.0	0.0	0	0.0	0
170699	9990	<color=#26bbf9>70% rate in S-Rank pool</color>	Assets/Product/Texture/Image/UiDrawLog/UiDrawLog22.png	Assets/Product/Texture/Image/UiDrawLog/UiDrawLog23.png	Rate in S-Rank pool:	70%	0	0.0	0.0	0	0.0	0.0	0	0.0	0
170700	9980	<color=#26bbf9>70% rate in S-Rank pool</color>	Assets/Product/Texture/Image/UiDrawLog/UiDrawLog22.png	Assets/Product/Texture/Image/UiDrawLog/UiDrawLog23.png	Rate in S-Rank pool:	70%	0	0.0	0.0	0	0.0	0.0	0	0.0	0
170701	9970	<color=#26bbf9>70% rate in S-Rank pool</color>	Assets/Product/Texture/Image/UiDrawLog/UiDrawLog22.png	Assets/Product/Texture/Image/UiDrawLog/UiDrawLog23.png	Rate in S-Rank pool:	70%	0	0.0	0.0	0	0.0	0.0	0	0.0	0
170702	9960	<color=#26bbf9>70% rate in S-Rank pool</color>	Assets/Product/Texture/Image/UiDrawLog/UiDrawLog22.png	Assets/Product/Texture/Image/UiDrawLog/UiDrawLog23.png	Rate in S-Rank pool:	70%	0	0.0	0.0	0	0.0	0.0	0	0.0	0
170703	9950	<color=#26bbf9>70% rate in S-Rank pool</color>	Assets/Product/Texture/Image/UiDrawLog/UiDrawLog22.png	Assets/Product/Texture/Image/UiDrawLog/UiDrawLog23.png	Rate in S-Rank pool:	70%	0	0.0	0.0	0	0.0	0.0	0	0.0	0
170704	9940	<color=#26bbf9>70% rate in S-Rank pool</color>	Assets/Product/Texture/Image/UiDrawLog/UiDrawLog22.png	Assets/Product/Texture/Image/UiDrawLog/UiDrawLog23.png	Rate in S-Rank pool:	70%	0	0.0	0.0	0	0.0	0.0	0	0.0	0
170705	9930	<color=#26bbf9>70% rate in S-Rank pool</color>	Assets/Product/Texture/Image/UiDrawLog/UiDrawLog22.png	Assets/Product/Texture/Image/UiDrawLog/UiDrawLog23.png	Rate in S-Rank pool:	70%	0	0.0	0.0	0	0.0	0.0	0	0.0	0
170706	9920	<color=#26bbf9>70% rate in S-Rank pool</color>	Assets/Product/Texture/Image/UiDrawLog/UiDrawLog22.png	Assets/Product/Texture/Image/UiDrawLog/UiDrawLog23.png	Rate in S-Rank pool:	70%	0	0.0	0.0	0	0.0	0.0	0	0.0	0
170707	10000	<color=#26bbf9>70% rate in S-Rank pool</color>	Assets/Product/Texture/Image/UiDrawLog/UiDrawLog22.png	Assets/Product/Texture/Image/UiDrawLog/UiDrawLog23.png	Rate in S-Rank pool:	70%	0	0.0	0.0	0	0.0	0.0	0	0.0	0
170708	9990	<color=#26bbf9>70% rate in S-Rank pool</color>	Assets/Product/Texture/Image/UiDrawLog/UiDrawLog22.png	Assets/Product/Texture/Image/UiDrawLog/UiDrawLog23.png	Rate in S-Rank pool:	70%	0	0.0	0.0	0	0.0	0.0	0	0.0	0
170709	9980	<color=#26bbf9>70% rate in S-Rank pool</color>	Assets/Product/Texture/Image/UiDrawLog/UiDrawLog22.png	Assets/Product/Texture/Image/UiDrawLog/UiDrawLog23.png	Rate in S-Rank pool:	70%	0	0.0	0.0	0	0.0	0.0	0	0.0	0
170710	9970	<color=#26bbf9>70% rate in S-Rank pool</color>	Assets/Product/Texture/Image/UiDrawLog/UiDrawLog22.png	Assets/Product/Texture/Image/UiDrawLog/UiDrawLog23.png	Rate in S-Rank pool:	70%	0	0.0	0.0	0	0.0	0.0	0	0.0	0
170711	9960	<color=#26bbf9>70% rate in S-Rank pool</color>	Assets/Product/Texture/Image/UiDrawLog/UiDrawLog22.png	Assets/Product/Texture/Image/UiDrawLog/UiDrawLog23.png	Rate in S-Rank pool:	70%	0	0.0	0.0	0	0.0	0.0	0	0.0	0
170712	9950	<color=#26bbf9>70% rate in S-Rank pool</color>	Assets/Product/Texture/Image/UiDrawLog/UiDrawLog22.png	Assets/Product/Texture/Image/UiDrawLog/UiDrawLog23.png	Rate in S-Rank pool:	70%	0	0.0	0.0	0	0.0	0.0	0	0.0	0
170713	9940	<color=#26bbf9>70% rate in S-Rank pool</color>	Assets/Product/Texture/Image/UiDrawLog/UiDrawLog22.png	Assets/Product/Texture/Image/UiDrawLog/UiDrawLog23.png	Rate in S-Rank pool:	70%	0	0.0	0.0	0	0.0	0.0	0	0.0	0
170714	9930	<color=#26bbf9>70% rate in S-Rank pool</color>	Assets/Product/Texture/Image/UiDrawLog/UiDrawLog22.png	Assets/Product/Texture/Image/UiDrawLog/UiDrawLog23.png	Rate in S-Rank pool:	70%	0	0.0	0.0	0	0.0	0.0	0	0.0	0
170715	9920	<color=#26bbf9>70% rate in S-Rank pool</color>	Assets/Product/Texture/Image/UiDrawLog/UiDrawLog22.png	Assets/Product/Texture/Image/UiDrawLog/UiDrawLog23.png	Rate in S-Rank pool:	70%	0	0.0	0.0	0	0.0	0.0	0	0.0	0
170716	10000	<color=#26bbf9>70% rate in S-Rank pool</color>	Assets/Product/Texture/Image/UiDrawLog/UiDrawLog22.png	Assets/Product/Texture/Image/UiDrawLog/UiDrawLog23.png	Rate in S-Rank pool:	70%	0	0.0	0.0	0	0.0	0.0	0	0.0	0
170717	9990	<color=#26bbf9>70% rate in S-Rank pool</color>	Assets/Product/Texture/Image/UiDrawLog/UiDrawLog22.png	Assets/Product/Texture/Image/UiDrawLog/UiDrawLog23.png	Rate in S-Rank pool:	70%	0	0.0	0.0	0	0.0	0.0	0	0.0	0
170718	9980	<color=#26bbf9>70% rate in S-Rank pool</color>	Assets/Product/Texture/Image/UiDrawLog/UiDrawLog22.png	Assets/Product/Texture/Image/UiDrawLog/UiDrawLog23.png	Rate in S-Rank pool:	70%	0	0.0	0.0	0	0.0	0.0	0	0.0	0
170719	9970	<color=#26bbf9>70% rate in S-Rank pool</color>	Assets/Product/Texture/Image/UiDrawLog/UiDrawLog22.png	Assets/Product/Texture/Image/UiDrawLog/UiDrawLog23.png	Rate in S-Rank pool:	70%	0	0.0	0.0	0	0.0	0.0	0	0.0	0
170720	9960	<color=#26bbf9>70% rate in S-Rank pool</color>	Assets/Product/Texture/Image/UiDrawLog/UiDrawLog22.png	Assets/Product/Texture/Image/UiDrawLog/UiDrawLog23.png	Rate in S-Rank pool:	70%	0	0.0	0.0	0	0.0	0.0	0	0.0	0
170721	9950	<color=#26bbf9>70% rate in S-Rank pool</color>	Assets/Product/Texture/Image/UiDrawLog/UiDrawLog22.png	Assets/Product/Texture/Image/UiDrawLog/UiDrawLog23.png	Rate in S-Rank pool:	70%	0	0.0	0.0	0	0.0	0.0	0	0.0	0
170722	9940	<color=#26bbf9>70% rate in S-Rank pool</color>	Assets/Product/Texture/Image/UiDrawLog/UiDrawLog22.png	Assets/Product/Texture/Image/UiDrawLog/UiDrawLog23.png	Rate in S-Rank pool:	70%	0	0.0	0.0	0	0.0	0.0	0	0.0	0
170723	9930	<color=#26bbf9>70% rate in S-Rank pool</color>	Assets/Product/Texture/Image/UiDrawLog/UiDrawLog22.png	Assets/Product/Texture/Image/UiDrawLog/UiDrawLog23.png	Rate in S-Rank pool:	70%	0	0.0	0.0	0	0.0	0.0	0	0.0	0
170724	9920	<color=#26bbf9>70% rate in S-Rank pool</color>	Assets/Product/Texture/Image/UiDrawLog/UiDrawLog22.png	Assets/Product/Texture/Image/UiDrawLog/UiDrawLog23.png	Rate in S-Rank pool:	70%	0	0.0	0.0	0	0.0	0.0	0	0.0	0
170725	10000	<color=#26bbf9>70% rate in S-Rank pool</color>	Assets/Product/Texture/Image/UiDrawLog/UiDrawLog22.png	Assets/Product/Texture/Image/UiDrawLog/UiDrawLog23.png	Rate in S-Rank pool:	70%	0	0.0	0.0	0	0.0	0.0	0	0.0	0
170726	9990	<color=#26bbf9>70% rate in S-Rank pool</color>	Assets/Product/Texture/Image/UiDrawLog/UiDrawLog22.png	Assets/Product/Texture/Image/UiDrawLog/UiDrawLog23.png	Rate in S-Rank pool:	70%	0	0.0	0.0	0	0.0	0.0	0	0.0	0
170727	9980	<color=#26bbf9>70% rate in S-Rank pool</color>	Assets/Product/Texture/Image/UiDrawLog/UiDrawLog22.png	Assets/Product/Texture/Image/UiDrawLog/UiDrawLog23.png	Rate in S-Rank pool:	70%	0	0.0	0.0	0	0.0	0.0	0	0.0	0
170728	9970	<color=#26bbf9>70% rate in S-Rank pool</color>	Assets/Product/Texture/Image/UiDrawLog/UiDrawLog22.png	Assets/Product/Texture/Image/UiDrawLog/UiDrawLog23.png	Rate in S-Rank pool:	70%	0	0.0	0.0	0	0.0	0.0	0	0.0	0
170729	9960	<color=#26bbf9>70% rate in S-Rank pool</color>	Assets/Product/Texture/Image/UiDrawLog/UiDrawLog22.png	Assets/Product/Texture/Image/UiDrawLog/UiDrawLog23.png	Rate in S-Rank pool:	70%	0	0.0	0.0	0	0.0	0.0	0	0.0	0
170730	9950	<color=#26bbf9>70% rate in S-Rank pool</color>	Assets/Product/Texture/Image/UiDrawLog/UiDrawLog22.png	Assets/Product/Texture/Image/UiDrawLog/UiDrawLog23.png	Rate in S-Rank pool:	70%	0	0.0	0.0	0	0.0	0.0	0	0.0	0
170731	9940	<color=#26bbf9>70% rate in S-Rank pool</color>	Assets/Product/Texture/Image/UiDrawLog/UiDrawLog22.png	Assets/Product/Texture/Image/UiDrawLog/UiDrawLog23.png	Rate in S-Rank pool:	70%	0	0.0	0.0	0	0.0	0.0	0	0.0	0
170732	9930	<color=#26bbf9>70% rate in S-Rank pool</color>	Assets/Product/Texture/Image/UiDrawLog/UiDrawLog22.png	Assets/Product/Texture/Image/UiDrawLog/UiDrawLog23.png	Rate in S-Rank pool:	70%	0	0.0	0.0	0	0.0	0.0	0	0.0	0
170733	9920	<color=#26bbf9>70% rate in S-Rank pool</color>	Assets/Product/Texture/Image/UiDrawLog/UiDrawLog22.png	Assets/Product/Texture/Image/UiDrawLog/UiDrawLog23.png	Rate in S-Rank pool:	70%	0	0.0	0.0	0	0.0	0.0	0	0.0	0
170734	10000	<color=#26bbf9>70% rate in S-Rank pool</color>	Assets/Product/Texture/Image/UiDrawLog/UiDrawLog22.png	Assets/Product/Texture/Image/UiDrawLog/UiDrawLog23.png	Rate in S-Rank pool:	70%	0	0.0	0.0	0	0.0	0.0	0	0.0	0
170735	9990	<color=#26bbf9>70% rate in S-Rank pool</color>	Assets/Product/Texture/Image/UiDrawLog/UiDrawLog22.png	Assets/Product/Texture/Image/UiDrawLog/UiDrawLog23.png	Rate in S-Rank pool:	70%	0	0.0	0.0	0	0.0	0.0	0	0.0	0
170736	9980	<color=#26bbf9>70% rate in S-Rank pool</color>	Assets/Product/Texture/Image/UiDrawLog/UiDrawLog22.png	Assets/Product/Texture/Image/UiDrawLog/UiDrawLog23.png	Rate in S-Rank pool:	70%	0	0.0	0.0	0	0.0	0.0	0	0.0	0
170737	9970	<color=#26bbf9>70% rate in S-Rank pool</color>	Assets/Product/Texture/Image/UiDrawLog/UiDrawLog22.png	Assets/Product/Texture/Image/UiDrawLog/UiDrawLog23.png	Rate in S-Rank pool:	70%	0	0.0	0.0	0	0.0	0.0	0	0.0	0
170738	9960	<color=#26bbf9>70% rate in S-Rank pool</color>	Assets/Product/Texture/Image/UiDrawLog/UiDrawLog22.png	Assets/Product/Texture/Image/UiDrawLog/UiDrawLog23.png	Rate in S-Rank pool:	70%	0	0.0	0.0	0	0.0	0.0	0	0.0	0
170739	9950	<color=#26bbf9>70% rate in S-Rank pool</color>	Assets/Product/Texture/Image/UiDrawLog/UiDrawLog22.png	Assets/Product/Texture/Image/UiDrawLog/UiDrawLog23.png	Rate in S-Rank pool:	70%	0	0.0	0.0	0	0.0	0.0	0	0.0	0
170740	9940	<color=#26bbf9>70% rate in S-Rank pool</color>	Assets/Product/Texture/Image/UiDrawLog/UiDrawLog22.png	Assets/Product/Texture/Image/UiDrawLog/UiDrawLog23.png	Rate in S-Rank pool:	70%	0	0.0	0.0	0	0.0	0.0	0	0.0	0
170741	9930	<color=#26bbf9>70% rate in S-Rank pool</color>	Assets/Product/Texture/Image/UiDrawLog/UiDrawLog22.png	Assets/Product/Texture/Image/UiDrawLog/UiDrawLog23.png	Rate in S-Rank pool:	70%	0	0.0	0.0	0	0.0	0.0	0	0.0	0
170742	9920	<color=#26bbf9>70% rate in S-Rank pool</color>	Assets/Product/Texture/Image/UiDrawLog/UiDrawLog22.png	Assets/Product/Texture/Image/UiDrawLog/UiDrawLog23.png	Rate in S-Rank pool:	70%	0	0.0	0.0	0	0.0	0.0	0	0.0	0
170743	10000	<color=#26bbf9>70% rate in S-Rank pool</color>	Assets/Product/Texture/Image/UiDrawLog/UiDrawLog22.png	Assets/Product/Texture/Image/UiDrawLog/UiDrawLog23.png	Rate in S-Rank pool:	70%	0	0.0	0.0	0	0.0	0.0	0	0.0	0
170744	9990	<color=#26bbf9>70% rate in S-Rank pool</color>	Assets/Product/Texture/Image/UiDrawLog/UiDrawLog22.png	Assets/Product/Texture/Image/UiDrawLog/UiDrawLog23.png	Rate in S-Rank pool:	70%	0	0.0	0.0	0	0.0	0.0	0	0.0	0
170745	9980	<color=#26bbf9>70% rate in S-Rank pool</color>	Assets/Product/Texture/Image/UiDrawLog/UiDrawLog22.png	Assets/Product/Texture/Image/UiDrawLog/UiDrawLog23.png	Rate in S-Rank pool:	70%	0	0.0	0.0	0	0.0	0.0	0	0.0	0
170746	9970	<color=#26bbf9>70% rate in S-Rank pool</color>	Assets/Product/Texture/Image/UiDrawLog/UiDrawLog22.png	Assets/Product/Texture/Image/UiDrawLog/UiDrawLog23.png	Rate in S-Rank pool:	70%	0	0.0	0.0	0	0.0	0.0	0	0.0	0
170747	9960	<color=#26bbf9>70% rate in S-Rank pool</color>	Assets/Product/Texture/Image/UiDrawLog/UiDrawLog22.png	Assets/Product/Texture/Image/UiDrawLog/UiDrawLog23.png	Rate in S-Rank pool:	70%	0	0.0	0.0	0	0.0	0.0	0	0.0	0
170748	9950	<color=#26bbf9>70% rate in S-Rank pool</color>	Assets/Product/Texture/Image/UiDrawLog/UiDrawLog22.png	Assets/Product/Texture/Image/UiDrawLog/UiDrawLog23.png	Rate in S-Rank pool:	70%	0	0.0	0.0	0	0.0	0.0	0	0.0	0
170749	9940	<color=#26bbf9>70% rate in S-Rank pool</color>	Assets/Product/Texture/Image/UiDrawLog/UiDrawLog22.png	Assets/Product/Texture/Image/UiDrawLog/UiDrawLog23.png	Rate in S-Rank pool:	70%	0	0.0	0.0	0	0.0	0.0	0	0.0	0
170750	9930	<color=#26bbf9>70% rate in S-Rank pool</color>	Assets/Product/Texture/Image/UiDrawLog/UiDrawLog22.png	Assets/Product/Texture/Image/UiDrawLog/UiDrawLog23.png	Rate in S-Rank pool:	70%	0	0.0	0.0	0	0.0	0.0	0	0.0	0
170751	9920	<color=#26bbf9>70% rate in S-Rank pool</color>	Assets/Product/Texture/Image/UiDrawLog/UiDrawLog22.png	Assets/Product/Texture/Image/UiDrawLog/UiDrawLog23.png	Rate in S-Rank pool:	70%	0	0.0	0.0	0	0.0	0.0	0	0.0	0
170752	10000	<color=#ff8d1e>100% rate in S-Rank pool</color>	Assets/Product/Texture/Image/UiDrawLog/UiDrawLog22.png	Assets/Product/Texture/Image/UiDrawLog/UiDrawLog23.png	Rate in S-Rank pool:	100%	0	0.0	0.0	0	0.0	0.0	0	0.0	0
170753	9990	<color=#ff8d1e>100% rate in S-Rank pool</color>	Assets/Product/Texture/Image/UiDrawLog/UiDrawLog22.png	Assets/Product/Texture/Image/UiDrawLog/UiDrawLog23.png	Rate in S-Rank pool:	100%	0	0.0	0.0	0	0.0	0.0	0	0.0	0
170754	9980	<color=#ff8d1e>100% rate in S-Rank pool</color>	Assets/Product/Texture/Image/UiDrawLog/UiDrawLog22.png	Assets/Product/Texture/Image/UiDrawLog/UiDrawLog23.png	Rate in S-Rank pool:	100%	0	0.0	0.0	0	0.0	0.0	0	0.0	0
170755	9970	<color=#ff8d1e>100% rate in S-Rank pool</color>	Assets/Product/Texture/Image/UiDrawLog/UiDrawLog22.png	Assets/Product/Texture/Image/UiDrawLog/UiDrawLog23.png	Rate in S-Rank pool:	100%	0	0.0	0.0	0	0.0	0.0	0	0.0	0
170756	9960	<color=#ff8d1e>100% rate in S-Rank pool</color>	Assets/Product/Texture/Image/UiDrawLog/UiDrawLog22.png	Assets/Product/Texture/Image/UiDrawLog/UiDrawLog23.png	Rate in S-Rank pool:	100%	0	0.0	0.0	0	0.0	0.0	0	0.0	0
170757	9950	<color=#ff8d1e>100% rate in S-Rank pool</color>	Assets/Product/Texture/Image/UiDrawLog/UiDrawLog22.png	Assets/Product/Texture/Image/UiDrawLog/UiDrawLog23.png	Rate in S-Rank pool:	100%	0	0.0	0.0	0	0.0	0.0	0	0.0	0
170758	9940	<color=#ff8d1e>100% rate in S-Rank pool</color>	Assets/Product/Texture/Image/UiDrawLog/UiDrawLog22.png	Assets/Product/Texture/Image/UiDrawLog/UiDrawLog23.png	Rate in S-Rank pool:	100%	0	0.0	0.0	0	0.0	0.0	0	0.0	0
170759	9930	<color=#ff8d1e>100% rate in S-Rank pool</color>	Assets/Product/Texture/Image/UiDrawLog/UiDrawLog22.png	Assets/Product/Texture/Image/UiDrawLog/UiDrawLog23.png	Rate in S-Rank pool:	100%	0	0.0	0.0	0	0.0	0.0	0	0.0	0
170760	9920	<color=#ff8d1e>100% rate in S-Rank pool</color>	Assets/Product/Texture/Image/UiDrawLog/UiDrawLog22.png	Assets/Product/Texture/Image/UiDrawLog/UiDrawLog23.png	Rate in S-Rank pool:	100%	0	0.0	0.0	0	0.0	0.0	0	0.0	0
170761	9910	<color=#ff8d1e>100% rate in S-Rank pool</color>	Assets/Product/Texture/Image/UiDrawLog/UiDrawLog22.png	Assets/Product/Texture/Image/UiDrawLog/UiDrawLog23.png	Rate in S-Rank pool:	100%	0	0.0	0.0	0	0.0	0.0	0	0.0	0
170762	9900	<color=#ff8d1e>100% rate in S-Rank pool</color>	Assets/Product/Texture/Image/UiDrawLog/UiDrawLog22.png	Assets/Product/Texture/Image/UiDrawLog/UiDrawLog23.png	Rate in S-Rank pool:	100%	0	0.0	0.0	0	0.0	0.0	0	0.0	0
170763	9890	<color=#ff8d1e>100% rate in S-Rank pool</color>	Assets/Product/Texture/Image/UiDrawLog/UiDrawLog22.png	Assets/Product/Texture/Image/UiDrawLog/UiDrawLog23.png	Rate in S-Rank pool:	100%	0	0.0	0.0	0	0.0	0.0	0	0.0	0
170764	9880	<color=#ff8d1e>100% rate in S-Rank pool</color>	Assets/Product/Texture/Image/UiDrawLog/UiDrawLog22.png	Assets/Product/Texture/Image/UiDrawLog/UiDrawLog23.png	Rate in S-Rank pool:	100%	0	0.0	0.0	0	0.0	0.0	0	0.0	0
170765	9870	<color=#ff8d1e>100% rate in S-Rank pool</color>	Assets/Product/Texture/Image/UiDrawLog/UiDrawLog22.png	Assets/Product/Texture/Image/UiDrawLog/UiDrawLog23.png	Rate in S-Rank pool:	100%	0	0.0	0.0	0	0.0	0.0	0	0.0	0
170766	9860	<color=#ff8d1e>100% rate in S-Rank pool</color>	Assets/Product/Texture/Image/UiDrawLog/UiDrawLog22.png	Assets/Product/Texture/Image/UiDrawLog/UiDrawLog23.png	Rate in S-Rank pool:	100%	0	0.0	0.0	0	0.0	0.0	0	0.0	0
170767	9850	<color=#ff8d1e>100% rate in S-Rank pool</color>	Assets/Product/Texture/Image/UiDrawLog/UiDrawLog22.png	Assets/Product/Texture/Image/UiDrawLog/UiDrawLog23.png	Rate in S-Rank pool:	100%	0	0.0	0.0	0	0.0	0.0	0	0.0	0
170768	9840	<color=#ff8d1e>100% rate in S-Rank pool</color>	Assets/Product/Texture/Image/UiDrawLog/UiDrawLog22.png	Assets/Product/Texture/Image/UiDrawLog/UiDrawLog23.png	Rate in S-Rank pool:	100%	0	0.0	0.0	0	0.0	0.0	0	0.0	0
170769	9830	<color=#ff8d1e>100% rate in S-Rank pool</color>	Assets/Product/Texture/Image/UiDrawLog/UiDrawLog22.png	Assets/Product/Texture/Image/UiDrawLog/UiDrawLog23.png	Rate in S-Rank pool:	100%	0	0.0	0.0	0	0.0	0.0	0	0.0	0
170770	9820	<color=#ff8d1e>100% rate in S-Rank pool</color>	Assets/Product/Texture/Image/UiDrawLog/UiDrawLog22.png	Assets/Product/Texture/Image/UiDrawLog/UiDrawLog23.png	Rate in S-Rank pool:	100%	0	0.0	0.0	0	0.0	0.0	0	0.0	0
170771	9810	<color=#ff8d1e>100% rate in S-Rank pool</color>	Assets/Product/Texture/Image/UiDrawLog/UiDrawLog22.png	Assets/Product/Texture/Image/UiDrawLog/UiDrawLog23.png	Rate in S-Rank pool:	100%	0	0.0	0.0	0	0.0	0.0	0	0.0	0
170772	9800	<color=#ff8d1e>100% rate in S-Rank pool</color>	Assets/Product/Texture/Image/UiDrawLog/UiDrawLog22.png	Assets/Product/Texture/Image/UiDrawLog/UiDrawLog23.png	Rate in S-Rank pool:	100%	0	0.0	0.0	0	0.0	0.0	0	0.0	0
170773	9790	<color=#ff8d1e>100% rate in S-Rank pool</color>	Assets/Product/Texture/Image/UiDrawLog/UiDrawLog22.png	Assets/Product/Texture/Image/UiDrawLog/UiDrawLog23.png	Rate in S-Rank pool:	100%	0	0.0	0.0	0	0.0	0.0	0	0.0	0
170774	9780	<color=#ff8d1e>100% rate in S-Rank pool</color>	Assets/Product/Texture/Image/UiDrawLog/UiDrawLog22.png	Assets/Product/Texture/Image/UiDrawLog/UiDrawLog23.png	Rate in S-Rank pool:	100%	0	0.0	0.0	0	0.0	0.0	0	0.0	0
170775	9770	<color=#ff8d1e>100% rate in S-Rank pool</color>	Assets/Product/Texture/Image/UiDrawLog/UiDrawLog22.png	Assets/Product/Texture/Image/UiDrawLog/UiDrawLog23.png	Rate in S-Rank pool:	100%	0	0.0	0.0	0	0.0	0.0	0	0.0	0
170776	9760	<color=#ff8d1e>100% rate in S-Rank pool</color>	Assets/Product/Texture/Image/UiDrawLog/UiDrawLog22.png	Assets/Product/Texture/Image/UiDrawLog/UiDrawLog23.png	Rate in S-Rank pool:	100%	0	0.0	0.0	0	0.0	0.0	0	0.0	0
170777	9750	<color=#ff8d1e>100% rate in S-Rank pool</color>	Assets/Product/Texture/Image/UiDrawLog/UiDrawLog22.png	Assets/Product/Texture/Image/UiDrawLog/UiDrawLog23.png	Rate in S-Rank pool:	100%	0	0.0	0.0	0	0.0	0.0	0	0.0	0
170778	9740	<color=#ff8d1e>100% rate in S-Rank pool</color>	Assets/Product/Texture/Image/UiDrawLog/UiDrawLog22.png	Assets/Product/Texture/Image/UiDrawLog/UiDrawLog23.png	Rate in S-Rank pool:	100%	0	0.0	0.0	0	0.0	0.0	0	0.0	0
170779	9730	<color=#ff8d1e>100% rate in S-Rank pool</color>	Assets/Product/Texture/Image/UiDrawLog/UiDrawLog22.png	Assets/Product/Texture/Image/UiDrawLog/UiDrawLog23.png	Rate in S-Rank pool:	100%	0	0.0	0.0	0	0.0	0.0	0	0.0	0
170780	9720	<color=#ff8d1e>100% rate in S-Rank pool</color>	Assets/Product/Texture/Image/UiDrawLog/UiDrawLog22.png	Assets/Product/Texture/Image/UiDrawLog/UiDrawLog23.png	Rate in S-Rank pool:	100%	0	0.0	0.0	0	0.0	0.0	0	0.0	0
170781	9710	<color=#ff8d1e>100% rate in S-Rank pool</color>	Assets/Product/Texture/Image/UiDrawLog/UiDrawLog22.png	Assets/Product/Texture/Image/UiDrawLog/UiDrawLog23.png	Rate in S-Rank pool:	100%	0	0.0	0.0	0	0.0	0.0	0	0.0	0
170782	9700	<color=#ff8d1e>100% rate in S-Rank pool</color>	Assets/Product/Texture/Image/UiDrawLog/UiDrawLog22.png	Assets/Product/Texture/Image/UiDrawLog/UiDrawLog23.png	Rate in S-Rank pool:	100%	0	0.0	0.0	0	0.0	0.0	0	0.0	0
170783	9690	<color=#ff8d1e>100% rate in S-Rank pool</color>	Assets/Product/Texture/Image/UiDrawLog/UiDrawLog22.png	Assets/Product/Texture/Image/UiDrawLog/UiDrawLog23.png	Rate in S-Rank pool:	100%	0	0.0	0.0	0	0.0	0.0	0	0.0	0
170784	10000	<color=#ff8d1e>100% rate in S-Rank pool</color>	Assets/Product/Texture/Image/UiDrawLog/UiDrawLog22.png	Assets/Product/Texture/Image/UiDrawLog/UiDrawLog23.png	Rate in S-Rank pool:	100%	0	0.0	0.0	0	0.0	0.0	0	0.0	0
170785	9990	<color=#ff8d1e>100% rate in S-Rank pool</color>	Assets/Product/Texture/Image/UiDrawLog/UiDrawLog22.png	Assets/Product/Texture/Image/UiDrawLog/UiDrawLog23.png	Rate in S-Rank pool:	100%	0	0.0	0.0	0	0.0	0.0	0	0.0	0
170786	9980	<color=#ff8d1e>100% rate in S-Rank pool</color>	Assets/Product/Texture/Image/UiDrawLog/UiDrawLog22.png	Assets/Product/Texture/Image/UiDrawLog/UiDrawLog23.png	Rate in S-Rank pool:	100%	0	0.0	0.0	0	0.0	0.0	0	0.0	0
170787	9970	<color=#ff8d1e>100% rate in S-Rank pool</color>	Assets/Product/Texture/Image/UiDrawLog/UiDrawLog22.png	Assets/Product/Texture/Image/UiDrawLog/UiDrawLog23.png	Rate in S-Rank pool:	100%	0	0.0	0.0	0	0.0	0.0	0	0.0	0
170788	9960	<color=#ff8d1e>100% rate in S-Rank pool</color>	Assets/Product/Texture/Image/UiDrawLog/UiDrawLog22.png	Assets/Product/Texture/Image/UiDrawLog/UiDrawLog23.png	Rate in S-Rank pool:	100%	0	0.0	0.0	0	0.0	0.0	0	0.0	0
170789	9950	<color=#ff8d1e>100% rate in S-Rank pool</color>	Assets/Product/Texture/Image/UiDrawLog/UiDrawLog22.png	Assets/Product/Texture/Image/UiDrawLog/UiDrawLog23.png	Rate in S-Rank pool:	100%	0	0.0	0.0	0	0.0	0.0	0	0.0	0
170790	9940	<color=#ff8d1e>100% rate in S-Rank pool</color>	Assets/Product/Texture/Image/UiDrawLog/UiDrawLog22.png	Assets/Product/Texture/Image/UiDrawLog/UiDrawLog23.png	Rate in S-Rank pool:	100%	0	0.0	0.0	0	0.0	0.0	0	0.0	0
170791	9930	<color=#ff8d1e>100% rate in S-Rank pool</color>	Assets/Product/Texture/Image/UiDrawLog/UiDrawLog22.png	Assets/Product/Texture/Image/UiDrawLog/UiDrawLog23.png	Rate in S-Rank pool:	100%	0	0.0	0.0	0	0.0	0.0	0	0.0	0
170792	9920	<color=#ff8d1e>100% rate in S-Rank pool</color>	Assets/Product/Texture/Image/UiDrawLog/UiDrawLog22.png	Assets/Product/Texture/Image/UiDrawLog/UiDrawLog23.png	Rate in S-Rank pool:	100%	0	0.0	0.0	0	0.0	0.0	0	0.0	0
170793	9910	<color=#ff8d1e>100% rate in S-Rank pool</color>	Assets/Product/Texture/Image/UiDrawLog/UiDrawLog22.png	Assets/Product/Texture/Image/UiDrawLog/UiDrawLog23.png	Rate in S-Rank pool:	100%	0	0.0	0.0	0	0.0	0.0	0	0.0	0
170794	9900	<color=#ff8d1e>100% rate in S-Rank pool</color>	Assets/Product/Texture/Image/UiDrawLog/UiDrawLog22.png	Assets/Product/Texture/Image/UiDrawLog/UiDrawLog23.png	Rate in S-Rank pool:	100%	0	0.0	0.0	0	0.0	0.0	0	0.0	0
170795	9890	<color=#ff8d1e>100% rate in S-Rank pool</color>	Assets/Product/Texture/Image/UiDrawLog/UiDrawLog22.png	Assets/Product/Texture/Image/UiDrawLog/UiDrawLog23.png	Rate in S-Rank pool:	100%	0	0.0	0.0	0	0.0	0.0	0	0.0	0
170796	9880	<color=#ff8d1e>100% rate in S-Rank pool</color>	Assets/Product/Texture/Image/UiDrawLog/UiDrawLog22.png	Assets/Product/Texture/Image/UiDrawLog/UiDrawLog23.png	Rate in S-Rank pool:	100%	0	0.0	0.0	0	0.0	0.0	0	0.0	0
170797	9870	<color=#ff8d1e>100% rate in S-Rank pool</color>	Assets/Product/Texture/Image/UiDrawLog/UiDrawLog22.png	Assets/Product/Texture/Image/UiDrawLog/UiDrawLog23.png	Rate in S-Rank pool:	100%	0	0.0	0.0	0	0.0	0.0	0	0.0	0
170798	9860	<color=#ff8d1e>100% rate in S-Rank pool</color>	Assets/Product/Texture/Image/UiDrawLog/UiDrawLog22.png	Assets/Product/Texture/Image/UiDrawLog/UiDrawLog23.png	Rate in S-Rank pool:	100%	0	0.0	0.0	0	0.0	0.0	0	0.0	0
170799	9850	<color=#ff8d1e>100% rate in S-Rank pool</color>	Assets/Product/Texture/Image/UiDrawLog/UiDrawLog22.png	Assets/Product/Texture/Image/UiDrawLog/UiDrawLog23.png	Rate in S-Rank pool:	100%	0	0.0	0.0	0	0.0	0.0	0	0.0	0
170800	9840	<color=#ff8d1e>100% rate in S-Rank pool</color>	Assets/Product/Texture/Image/UiDrawLog/UiDrawLog22.png	Assets/Product/Texture/Image/UiDrawLog/UiDrawLog23.png	Rate in S-Rank pool:	100%	0	0.0	0.0	0	0.0	0.0	0	0.0	0
170801	9830	<color=#ff8d1e>100% rate in S-Rank pool</color>	Assets/Product/Texture/Image/UiDrawLog/UiDrawLog22.png	Assets/Product/Texture/Image/UiDrawLog/UiDrawLog23.png	Rate in S-Rank pool:	100%	0	0.0	0.0	0	0.0	0.0	0	0.0	0
170802	9820	<color=#ff8d1e>100% rate in S-Rank pool</color>	Assets/Product/Texture/Image/UiDrawLog/UiDrawLog22.png	Assets/Product/Texture/Image/UiDrawLog/UiDrawLog23.png	Rate in S-Rank pool:	100%	0	0.0	0.0	0	0.0	0.0	0	0.0	0
170803	9810	<color=#ff8d1e>100% rate in S-Rank pool</color>	Assets/Product/Texture/Image/UiDrawLog/UiDrawLog22.png	Assets/Product/Texture/Image/UiDrawLog/UiDrawLog23.png	Rate in S-Rank pool:	100%	0	0.0	0.0	0	0.0	0.0	0	0.0	0
170804	9800	<color=#ff8d1e>100% rate in S-Rank pool</color>	Assets/Product/Texture/Image/UiDrawLog/UiDrawLog22.png	Assets/Product/Texture/Image/UiDrawLog/UiDrawLog23.png	Rate in S-Rank pool:	100%	0	0.0	0.0	0	0.0	0.0	0	0.0	0
170805	9790	<color=#ff8d1e>100% rate in S-Rank pool</color>	Assets/Product/Texture/Image/UiDrawLog/UiDrawLog22.png	Assets/Product/Texture/Image/UiDrawLog/UiDrawLog23.png	Rate in S-Rank pool:	100%	0	0.0	0.0	0	0.0	0.0	0	0.0	0
170806	9780	<color=#ff8d1e>100% rate in S-Rank pool</color>	Assets/Product/Texture/Image/UiDrawLog/UiDrawLog22.png	Assets/Product/Texture/Image/UiDrawLog/UiDrawLog23.png	Rate in S-Rank pool:	100%	0	0.0	0.0	0	0.0	0.0	0	0.0	0
170807	9770	<color=#ff8d1e>100% rate in S-Rank pool</color>	Assets/Product/Texture/Image/UiDrawLog/UiDrawLog22.png	Assets/Product/Texture/Image/UiDrawLog/UiDrawLog23.png	Rate in S-Rank pool:	100%	0	0.0	0.0	0	0.0	0.0	0	0.0	0
170808	9760	<color=#ff8d1e>100% rate in S-Rank pool</color>	Assets/Product/Texture/Image/UiDrawLog/UiDrawLog22.png	Assets/Product/Texture/Image/UiDrawLog/UiDrawLog23.png	Rate in S-Rank pool:	100%	0	0.0	0.0	0	0.0	0.0	0	0.0	0
170809	9750	<color=#ff8d1e>100% rate in S-Rank pool</color>	Assets/Product/Texture/Image/UiDrawLog/UiDrawLog22.png	Assets/Product/Texture/Image/UiDrawLog/UiDrawLog23.png	Rate in S-Rank pool:	100%	0	0.0	0.0	0	0.0	0.0	0	0.0	0
170810	9740	<color=#ff8d1e>100% rate in S-Rank pool</color>	Assets/Product/Texture/Image/UiDrawLog/UiDrawLog22.png	Assets/Product/Texture/Image/UiDrawLog/UiDrawLog23.png	Rate in S-Rank pool:	100%	0	0.0	0.0	0	0.0	0.0	0	0.0	0
170811	9730	<color=#ff8d1e>100% rate in S-Rank pool</color>	Assets/Product/Texture/Image/UiDrawLog/UiDrawLog22.png	Assets/Product/Texture/Image/UiDrawLog/UiDrawLog23.png	Rate in S-Rank pool:	100%	0	0.0	0.0	0	0.0	0.0	0	0.0	0
170812	9720	<color=#ff8d1e>100% rate in S-Rank pool</color>	Assets/Product/Texture/Image/UiDrawLog/UiDrawLog22.png	Assets/Product/Texture/Image/UiDrawLog/UiDrawLog23.png	Rate in S-Rank pool:	100%	0	0.0	0.0	0	0.0	0.0	0	0.0	0
170813	9710	<color=#ff8d1e>100% rate in S-Rank pool</color>	Assets/Product/Texture/Image/UiDrawLog/UiDrawLog22.png	Assets/Product/Texture/Image/UiDrawLog/UiDrawLog23.png	Rate in S-Rank pool:	100%	0	0.0	0.0	0	0.0	0.0	0	0.0	0
170814	9700	<color=#ff8d1e>100% rate in S-Rank pool</color>	Assets/Product/Texture/Image/UiDrawLog/UiDrawLog22.png	Assets/Product/Texture/Image/UiDrawLog/UiDrawLog23.png	Rate in S-Rank pool:	100%	0	0.0	0.0	0	0.0	0.0	0	0.0	0
170815	9690	<color=#ff8d1e>100% rate in S-Rank pool</color>	Assets/Product/Texture/Image/UiDrawLog/UiDrawLog22.png	Assets/Product/Texture/Image/UiDrawLog/UiDrawLog23.png	Rate in S-Rank pool:	100%	0	0.0	0.0	0	0.0	0.0	0	0.0	0
170816	10000	<color=#26bbf9>70% rate in S-Rank pool</color>	Assets/Product/Texture/Image/UiDrawLog/UiDrawLog22.png	Assets/Product/Texture/Image/UiDrawLog/UiDrawLog23.png	Rate in S-Rank pool:	70%	0	0.0	0.0	0	0.0	0.0	0	0.0	0
170817	9990	<color=#26bbf9>70% rate in S-Rank pool</color>	Assets/Product/Texture/Image/UiDrawLog/UiDrawLog22.png	Assets/Product/Texture/Image/UiDrawLog/UiDrawLog23.png	Rate in S-Rank pool:	70%	0	0.0	0.0	0	0.0	0.0	0	0.0	0
170818	9980	<color=#26bbf9>70% rate in S-Rank pool</color>	Assets/Product/Texture/Image/UiDrawLog/UiDrawLog22.png	Assets/Product/Texture/Image/UiDrawLog/UiDrawLog23.png	Rate in S-Rank pool:	70%	0	0.0	0.0	0	0.0	0.0	0	0.0	0
170819	9970	<color=#26bbf9>70% rate in S-Rank pool</color>	Assets/Product/Texture/Image/UiDrawLog/UiDrawLog22.png	Assets/Product/Texture/Image/UiDrawLog/UiDrawLog23.png	Rate in S-Rank pool:	70%	0	0.0	0.0	0	0.0	0.0	0	0.0	0
170820	9960	<color=#26bbf9>70% rate in S-Rank pool</color>	Assets/Product/Texture/Image/UiDrawLog/UiDrawLog22.png	Assets/Product/Texture/Image/UiDrawLog/UiDrawLog23.png	Rate in S-Rank pool:	70%	0	0.0	0.0	0	0.0	0.0	0	0.0	0
170821	9950	<color=#26bbf9>70% rate in S-Rank pool</color>	Assets/Product/Texture/Image/UiDrawLog/UiDrawLog22.png	Assets/Product/Texture/Image/UiDrawLog/UiDrawLog23.png	Rate in S-Rank pool:	70%	0	0.0	0.0	0	0.0	0.0	0	0.0	0
170822	9940	<color=#26bbf9>70% rate in S-Rank pool</color>	Assets/Product/Texture/Image/UiDrawLog/UiDrawLog22.png	Assets/Product/Texture/Image/UiDrawLog/UiDrawLog23.png	Rate in S-Rank pool:	70%	0	0.0	0.0	0	0.0	0.0	0	0.0	0
170823	9930	<color=#26bbf9>70% rate in S-Rank pool</color>	Assets/Product/Texture/Image/UiDrawLog/UiDrawLog22.png	Assets/Product/Texture/Image/UiDrawLog/UiDrawLog23.png	Rate in S-Rank pool:	70%	0	0.0	0.0	0	0.0	0.0	0	0.0	0
170824	9920	<color=#26bbf9>70% rate in S-Rank pool</color>	Assets/Product/Texture/Image/UiDrawLog/UiDrawLog22.png	Assets/Product/Texture/Image/UiDrawLog/UiDrawLog23.png	Rate in S-Rank pool:	70%	0	0.0	0.0	0	0.0	0.0	0	0.0	0
170825	9910	<color=#26bbf9>70% rate in S-Rank pool</color>	Assets/Product/Texture/Image/UiDrawLog/UiDrawLog22.png	Assets/Product/Texture/Image/UiDrawLog/UiDrawLog23.png	Rate in S-Rank pool:	70%	0	0.0	0.0	0	0.0	0.0	0	0.0	0
170826	9900	<color=#26bbf9>70% rate in S-Rank pool</color>	Assets/Product/Texture/Image/UiDrawLog/UiDrawLog22.png	Assets/Product/Texture/Image/UiDrawLog/UiDrawLog23.png	Rate in S-Rank pool:	70%	0	0.0	0.0	0	0.0	0.0	0	0.0	0
170827	9890	<color=#26bbf9>70% rate in S-Rank pool</color>	Assets/Product/Texture/Image/UiDrawLog/UiDrawLog22.png	Assets/Product/Texture/Image/UiDrawLog/UiDrawLog23.png	Rate in S-Rank pool:	70%	0	0.0	0.0	0	0.0	0.0	0	0.0	0
170828	10000	<color=#26bbf9>70% rate in S-Rank pool</color>	Assets/Product/Texture/Image/UiDrawLog/UiDrawLog22.png	Assets/Product/Texture/Image/UiDrawLog/UiDrawLog23.png	Rate in S-Rank pool:	70%	0	0.0	0.0	0	0.0	0.0	0	0.0	0
170829	9990	<color=#26bbf9>70% rate in S-Rank pool</color>	Assets/Product/Texture/Image/UiDrawLog/UiDrawLog22.png	Assets/Product/Texture/Image/UiDrawLog/UiDrawLog23.png	Rate in S-Rank pool:	70%	0	0.0	0.0	0	0.0	0.0	0	0.0	0
170830	9980	<color=#26bbf9>70% rate in S-Rank pool</color>	Assets/Product/Texture/Image/UiDrawLog/UiDrawLog22.png	Assets/Product/Texture/Image/UiDrawLog/UiDrawLog23.png	Rate in S-Rank pool:	70%	0	0.0	0.0	0	0.0	0.0	0	0.0	0
170831	9970	<color=#26bbf9>70% rate in S-Rank pool</color>	Assets/Product/Texture/Image/UiDrawLog/UiDrawLog22.png	Assets/Product/Texture/Image/UiDrawLog/UiDrawLog23.png	Rate in S-Rank pool:	70%	0	0.0	0.0	0	0.0	0.0	0	0.0	0
170832	9960	<color=#26bbf9>70% rate in S-Rank pool</color>	Assets/Product/Texture/Image/UiDrawLog/UiDrawLog22.png	Assets/Product/Texture/Image/UiDrawLog/UiDrawLog23.png	Rate in S-Rank pool:	70%	0	0.0	0.0	0	0.0	0.0	0	0.0	0
170833	9950	<color=#26bbf9>70% rate in S-Rank pool</color>	Assets/Product/Texture/Image/UiDrawLog/UiDrawLog22.png	Assets/Product/Texture/Image/UiDrawLog/UiDrawLog23.png	Rate in S-Rank pool:	70%	0	0.0	0.0	0	0.0	0.0	0	0.0	0
170834	9940	<color=#26bbf9>70% rate in S-Rank pool</color>	Assets/Product/Texture/Image/UiDrawLog/UiDrawLog22.png	Assets/Product/Texture/Image/UiDrawLog/UiDrawLog23.png	Rate in S-Rank pool:	70%	0	0.0	0.0	0	0.0	0.0	0	0.0	0
170835	9930	<color=#26bbf9>70% rate in S-Rank pool</color>	Assets/Product/Texture/Image/UiDrawLog/UiDrawLog22.png	Assets/Product/Texture/Image/UiDrawLog/UiDrawLog23.png	Rate in S-Rank pool:	70%	0	0.0	0.0	0	0.0	0.0	0	0.0	0
170836	9920	<color=#26bbf9>70% rate in S-Rank pool</color>	Assets/Product/Texture/Image/UiDrawLog/UiDrawLog22.png	Assets/Product/Texture/Image/UiDrawLog/UiDrawLog23.png	Rate in S-Rank pool:	70%	0	0.0	0.0	0	0.0	0.0	0	0.0	0
170837	9910	<color=#26bbf9>70% rate in S-Rank pool</color>	Assets/Product/Texture/Image/UiDrawLog/UiDrawLog22.png	Assets/Product/Texture/Image/UiDrawLog/UiDrawLog23.png	Rate in S-Rank pool:	70%	0	0.0	0.0	0	0.0	0.0	0	0.0	0
170838	9900	<color=#26bbf9>70% rate in S-Rank pool</color>	Assets/Product/Texture/Image/UiDrawLog/UiDrawLog22.png	Assets/Product/Texture/Image/UiDrawLog/UiDrawLog23.png	Rate in S-Rank pool:	70%	0	0.0	0.0	0	0.0	0.0	0	0.0	0
170839	9890	<color=#26bbf9>70% rate in S-Rank pool</color>	Assets/Product/Texture/Image/UiDrawLog/UiDrawLog22.png	Assets/Product/Texture/Image/UiDrawLog/UiDrawLog23.png	Rate in S-Rank pool:	70%	0	0.0	0.0	0	0.0	0.0	0	0.0	0
