Id	Type	BaseNpcId	Kind	CvKind	Name	UseShadowMesh	ShadowQuadScale	ModelId	CameraCollideRadius	AttribId	PromotedId	ModelScale	BodyRadius	BeHitInterval	LieOnFloorTime	StandUpImmuneHitTime	StandUpTailTime	MaxHitValue	DeathTime	NoThreat	NotToThreatTarget	CollisionPriority	IgnoreCollisionToNpc	IgnoreCollisionFromNpc	RobotBornMagic[1]	RobotBornMagic[2]	WeaponEquipId[1]	WeaponEquipId[2]	WeaponEquipId[3]	WeaponEquipId[4]	WeaponEquipId[5]	WeaponEquipId[6]	WeaponEquipId[7]	WeaponEquipId[8]	WeaponEquipId[9]	SpearEquipId[1]	SpearEquipId[2]	BornMagic[1]	BornMagic[2]	BornMagic[3]	BornMagic[4]	BornMagic[5]	BornMagic[6]	BornMagic[7]	DeathMagic[1]	DeathMagic[2]	DeathMagic[3]	SkillId[1]	SkillId[2]	SkillId[3]	SkillId[4]	SkillId[5]	SkillId[6]	SkillId[7]	SkillId[8]	SkillId[9]	SkillId[10]	SkillId[11]	SkillId[12]	SkillId[13]	SkillId[14]	SkillId[15]	SkillId[16]	SkillId[17]	SkillId[18]	SkillId[19]	SkillId[20]	SkillId[21]	SkillId[22]	SkillId[23]	SkillId[24]	SkillId[25]	SkillId[26]	SkillId[27]	SkillId[28]	SkillId[29]	SkillId[30]	SkillId[31]	SkillId[32]	SkillId[33]	SkillId[34]	SkillId[35]	SkillId[36]	SkillId[37]	SkillId[38]	SkillId[39]	SkillId[40]	SkillId[41]	SkillId[42]	SkillId[43]	SkillId[44]	SkillId[45]	SkillId[46]	SkillId[47]	SkillId[48]	SkillId[49]	SkillId[50]	SkillId[51]	SkillId[52]	SkillId[53]	SkillId[54]	SkillId[55]	SkillId[56]	SkillId[57]	SkillId[58]	SkillId[59]	SkillId[60]	SkillId[61]	SkillId[62]	SkillId[63]	SkillId[64]	SkillId[65]	SkillId[66]	SkillId[67]	SkillId[68]	SkillId[69]	SkillId[70]	SkillId[71]	SkillId[72]	SkillId[73]	SkillId[74]	SkillId[75]	SkillId[76]	SkillId[77]	SkillId[78]	SkillId[79]	SkillId[80]	SkillId[81]	SkillId[82]	SkillId[83]	SkillId[84]	SkillId[85]	SkillId[86]	SkillId[87]	SkillId[88]	SkillId[89]	SkillId[90]	SkillId[91]	SkillId[92]	SkillId[93]	SkillId[94]	SkillId[95]	SkillId[96]	SkillId[97]	SkillId[98]	SkillId[99]	SkillId[100]	SkillId[101]	SkillId[102]	SkillId[103]	SkillId[104]	SkillId[105]	SkillId[106]	MissileHitRegardWholeTarget	Ball	RandomBall	HasRunStart	HasRunToStand	HasStandTransition	HasRunTilt	HasSprintTilt	UiResId	HpWidgetHeight	HpWdigetCount	HpWidgetType	BossHp	RollCharHeight	IdleJumpDownForceTime	RunJumpDownForceTime	UseJumpToStandHeavyMinHeight	IdleJumpDownHeavyForceTime	RunJumpDownHeavyForceTime	MoveJumpDoneToMoveStartTime	HitLeftControlInfo	HitRightControlInfo	HeavyLeftControlInfo	HeavyRightControlInfo	FallDownControlInfo	StandUpControlInfo	HitDownControlInfo	ScriptId	MotionParamId	UseDistanceDither	BodyShape	DefaultInputActionGroupId	CanDieInAir	RebootType	RebootId	DeathType	DeathId	NeedFightLogicType	AnimExpressionSOGroupId	OnAirHeightLimit
4001	1	4001	4001	0	Chibi Lucia: Plume	0	0.3	Q4LuxiyaMd010011RM	1.0	1014	1	0.0	0.2	0.0	0.3	0.6499	0.6499	10	1.6	0	0	3	0	0														4001										400101	400102	400103																																																																																																								0			0	0	1	0	0	400101	0.8	0	1	0	1.5	0.2	0.2	0.0	0.0	0.0	0.2	0.4|0.4|1	0.4|0.4|1	0.8|0.8|1	0.8|0.8|1	0.67|0.67|0.67	-1|-1|-1	1|1|1	4002	3	0	0	0	0	0	0	0	0	0	0	0.0
4003	1	4003	4003	0	Chibi Luna: Laurel	0	0.3	Q3LunaMd010011RM	1.0	1014	1	0.0	0.2	0.0	0.3	0.6499	0.6499	10	1.6	0	0	3	0	0														4003										400301	400302	400103																																																																																																								0			0	0	1	0	0	400301	0.8	0	1	0	1.5	0.2	0.2	0.0	0.0	0.0	0.2	0.4|0.4|1	0.4|0.4|1	0.8|0.8|1	0.8|0.8|1	0.67|0.67|0.67	-1|-1|-1	1|1|1	4002	3	0	0	0	0	0	0	0	0	0	0	0.0
4004	1	4004	4004	0	Chibi Liv: Empyrea	0	0.3	Q4LifuMd010011RM	1.0	1014	1	0.0	0.2	0.0	0.3	0.6499	0.6499	10	1.6	0	0	3	0	0														4004										400401	400402	400103																																																																																																								0			0	0	1	0	0	400401	0.8	0	1	0	1.5	0.2	0.2	0.0	0.0	0.0	0.2	0.4|0.4|1	0.4|0.4|1	0.8|0.8|1	0.8|0.8|1	0.67|0.67|0.67	-1|-1|-1	1|1|1	4002	3	0	0	0	0	0	0	0	0	0	0	0.0
4005	1	4005	4005	0	Chibi Vera: Garnet	0	0.3	Q3WeilaMd010011RM	1.0	1014	1	0.0	0.2	0.0	0.3	0.6499	0.6499	10	1.6	0	0	3	0	0														4005										400501	400502	400103																																																																																																								0			0	0	1	0	0	400501	0.8	0	1	0	1.5	0.2	0.2	0.0	0.0	0.0	0.2	0.4|0.4|1	0.4|0.4|1	0.8|0.8|1	0.8|0.8|1	0.67|0.67|0.67	-1|-1|-1	1|1|1	4002	3	0	0	0	0	0	0	0	0	0	0	0.0
4006	1	4006	4006	0	Chibi Chrome: Glory	0	0.3	Q3KuluomuMd010011RM	1.0	1014	1	0.0	0.2	0.0	0.3	0.6499	0.6499	10	1.6	0	0	3	0	0														4006										400601	400602	400103																																																																																																								0			0	0	1	0	0	400601	0.8	0	1	0	1.5	0.2	0.2	0.0	0.0	0.0	0.2	0.4|0.4|1	0.4|0.4|1	0.8|0.8|1	0.8|0.8|1	0.67|0.67|0.67	-1|-1|-1	1|1|1	4002	3	0	0	0	0	0	0	0	0	0	0	0.0
4011	1	4011	4011	0	Chibi S Selena	0	0.3	Q4SailinnaMd010011RM	1.0	1014	1	0.0	0.2	0.0	0.3	0.6499	0.6499	10	1.6	0	0	3	0	0														4011										401101	401102	400103																																																																																																								0			0	0	1	0	0	401101	0.8	0	1	0	1.5	0.2	0.2	0.0	0.0	0.0	0.2	0.4|0.4|1	0.4|0.4|1	0.8|0.8|1	0.8|0.8|1	0.67|0.67|0.67	-1|-1|-1	1|1|1	4002	3	0	0	0	0	0	0	0	0	0	0	0.0
4015	1	4015	4015	0	Chibi Mecha Nanami	0	0.3	Q4YongyechaoMd010011RM	1.0	1014	1	0.0	0.2	0.0	0.3	0.6499	0.6499	10	1.6	0	0	3	0	0														4015										401501	401502	400103																																																																																																								0			0	0	1	0	0	401501	0.8	0	1	0	1.5	0.2	0.2	0.0	0.0	0.0	0.2	0.4|0.4|1	0.4|0.4|1	0.8|0.8|1	0.8|0.8|1	0.67|0.67|0.67	-1|-1|-1	1|1|1	4002	3	0	0	0	0	0	0	0	0	0	0	0.0
4020	1	4020	4020	0	Chibi Karenina: Scire	0	0.3	Q4KalieninaMd010011RM	1.0	1014	1	0.0	0.2	0.0	0.3	0.6499	0.6499	10	1.6	0	0	3	0	0														4020										402001	402002	400103																																																																																																								0			0	0	1	0	0	402001	0.8	0	1	0	1.5	0.2	0.2	0.0	0.0	0.0	0.2	0.4|0.4|1	0.4|0.4|1	0.8|0.8|1	0.8|0.8|1	0.67|0.67|0.67	-1|-1|-1	1|1|1	4002	3	0	0	0	0	0	0	0	0	0	0	0.0
4026	1	4026	4026	0	Chibi Rosetta	0	0.3	Q3LuosaitaMd010011RM	1.0	1014	1	0.0	0.2	0.0	0.3	0.6499	0.6499	10	1.6	0	0	3	0	0														4026										402601	402602	400103																																																																																																								0			0	0	1	0	0	402601	0.8	0	1	0	1.5	0.2	0.2	0.0	0.0	0.0	0.2	0.4|0.4|1	0.4|0.4|1	0.8|0.8|1	0.8|0.8|1	0.67|0.67|0.67	-1|-1|-1	1|1|1	4002	3	0	0	0	0	0	0	0	0	0	0	0.0
4038	1	4038	4038	0	Chibi Bianca: Stigmata	0	0.3	Q4BiankaMd010011RM	1.0	1014	1	0.0	0.2	0.0	0.3	0.6499	0.6499	10	1.6	0	0	3	0	0														4038										403801	403802	400103																																																																																																								0			0	0	1	0	0	403801	0.8	0	1	0	1.5	0.2	0.2	0.0	0.0	0.0	0.2	0.4|0.4|1	0.4|0.4|1	0.8|0.8|1	0.8|0.8|1	0.67|0.67|0.67	-1|-1|-1	1|1|1	4002	3	0	0	0	0	0	0	0	0	0	0	0.0
4043	1	4043	4043	0	Chibi Lee: Hyperreal	0	0.3	Q4LiangMd010011RM	1.0	1014	1	0.0	0.2	0.0	0.3	0.6499	0.6499	10	1.6	0	0	3	0	0														4043										404301	404302	400103																																																																																																								0			0	0	1	0	0	404301	0.8	0	1	0	1.5	0.2	0.2	0.0	0.0	0.0	0.2	0.4|0.4|1	0.4|0.4|1	0.8|0.8|1	0.8|0.8|1	0.67|0.67|0.67	-1|-1|-1	1|1|1	4002	3	0	0	0	0	0	0	0	0	0	0	0.0
4047	1	4047	4047	0	Chibi Alpha	0	0.3	Q5LuxiyaMd010011RM	1.0	1014	1	0.0	0.2	0.0	0.3	0.6499	0.6499	10	1.6	0	0	3	0	0														4047										404701	404702	400103																																																																																																								0			0	0	1	0	0	404701	0.8	0	1	0	1.5	0.2	0.2	0.0	0.0	0.0	0.2	0.4|0.4|1	0.4|0.4|1	0.8|0.8|1	0.8|0.8|1	0.67|0.67|0.67	-1|-1|-1	1|1|1	4002	3	0	0	0	0	0	0	0	0	0	0	0.0
4048	1	4048	4048	0	Chibi S Ayla	0	0.3	Q3AilaMd010011RM	1.0	1014	1	0.0	0.2	0.0	0.3	0.6499	0.6499	10	1.6	0	0	3	0	0														4048										404801	404802	400103																																																																																																								0			0	0	1	0	0	404801	0.8	0	1	0	1.5	0.2	0.2	0.0	0.0	0.0	0.2	0.4|0.4|1	0.4|0.4|1	0.8|0.8|1	0.8|0.8|1	0.67|0.67|0.67	-1|-1|-1	1|1|1	4002	3	0	0	0	0	0	0	0	0	0	0	0.0
4051	1	4051	4051	0	Chibi No. 21: Feral	0	0.3	Q3TwentyoneMd010011RM	1.0	1014	1	0.0	0.2	0.0	0.3	0.6499	0.6499	10	1.6	0	0	3	0	0														4051										405101	405102	400103																																																																																																								0			0	0	1	0	0	405101	0.8	0	1	0	1.5	0.2	0.2	0.0	0.0	0.0	0.2	0.4|0.4|1	0.4|0.4|1	0.8|0.8|1	0.8|0.8|1	0.67|0.67|0.67	-1|-1|-1	1|1|1	4002	3	0	0	0	0	0	0	0	0	0	0	0.0
4053	1	4053	4053	0	Chibi Alisa	0	0.3	Q3YalishaMd010011RM	1.0	1014	1	0.0	0.2	0.0	0.3	0.6499	0.6499	10	1.6	0	0	3	0	0														4053										405301	405302	400103																																																																																																								0			0	0	1	0	0	405301	0.8	0	1	0	1.5	0.2	0.2	0.0	0.0	0.0	0.2	0.4|0.4|1	0.4|0.4|1	0.8|0.8|1	0.8|0.8|1	0.67|0.67|0.67	-1|-1|-1	1|1|1	4002	3	0	0	0	0	0	0	0	0	0	0	0.0
4054	1	4054	4054	0	Chibi Lamia	0	0.3	Q3LamiyaMd010011RM	1.0	1014	1	0.0	0.2	0.0	0.3	0.6499	0.6499	10	1.6	0	0	3	0	0														4054										405401	405402	400103																																																																																																								0			0	0	1	0	0	405401	0.8	0	1	0	1.5	0.2	0.2	0.0	0.0	0.0	0.2	0.4|0.4|1	0.4|0.4|1	0.8|0.8|1	0.8|0.8|1	0.67|0.67|0.67	-1|-1|-1	1|1|1	4002	3	0	0	0	0	0	0	0	0	0	0	0.0
4055	1	4055	4055	0	Chibi S Watanabe	0	0.3	Q4DubianMd010011RM	1.0	1014	1	0.0	0.2	0.0	0.3	0.6499	0.6499	10	1.6	0	0	3	0	0														4055										405501	405502	400103																																																																																																								0			0	0	1	0	0	405501	0.8	0	1	0	1.5	0.2	0.2	0.0	0.0	0.0	0.2	0.4|0.4|1	0.4|0.4|1	0.8|0.8|1	0.8|0.8|1	0.67|0.67|0.67	-1|-1|-1	1|1|1	4002	3	0	0	0	0	0	0	0	0	0	0	0.0
4056	1	4056	4056	0	Chibi S Qu	0	0.3	Q3QuMd010011RM	1.0	1014	1	0.0	0.2	0.0	0.3	0.6499	0.6499	10	1.6	0	0	3	0	0														4056										405601	405602	400103																																																																																																								0			0	0	1	0	0	405601	0.8	0	1	0	1.5	0.2	0.2	0.0	0.0	0.0	0.2	0.4|0.4|1	0.4|0.4|1	0.8|0.8|1	0.8|0.8|1	0.67|0.67|0.67	-1|-1|-1	1|1|1	4002	3	0	0	0	0	0	0	0	0	0	0	0.0
5001	1	5001	5001	0	"Hide and Seek" - Chibi Plume	0	0.3	Q4LuxiyaMd010011RM	1.0	1014	1	0.0	0.2	0.0	0.3	0.6499	0.6499	10	1.6	0	0	3	0	0			100714											5001										400101	400102	504301	504302	504303	400103																																																																																																					0			0	0	1	0	0	400101	0.8	0	1	0	1.5	0.2	0.2	0.0	0.0	0.0	0.2	0.4|0.4|1	0.4|0.4|1	0.8|0.8|1	0.8|0.8|1	0.67|0.67|0.67	-1|-1|-1	1|1|1	4002	3	0	0	0	0	0	0	0	0	0	0	0.0
5003	1	5003	5003	0	Chibi Luna: Laurel	0	0.3	Q3LunaMd010011RM	1.0	1014	1	0.0	0.2	0.0	0.3	0.6499	0.6499	10	1.6	0	0	3	0	0			100714											5003										400301	400302	504301	504302	504303	400103																																																																																																					0			0	0	1	0	0	400301	0.8	0	1	0	1.5	0.2	0.2	0.0	0.0	0.0	0.2	0.4|0.4|1	0.4|0.4|1	0.8|0.8|1	0.8|0.8|1	0.67|0.67|0.67	-1|-1|-1	1|1|1	4002	3	0	0	0	0	0	0	0	0	0	0	0.0
5004	1	5004	5004	0	Chibi Liv: Empyrea	0	0.3	Q4LifuMd010011RM	1.0	1014	1	0.0	0.2	0.0	0.3	0.6499	0.6499	10	1.6	0	0	3	0	0			100714											5004										400401	400402	504301	504302	504303	400103																																																																																																					0			0	0	1	0	0	400401	0.8	0	1	0	1.5	0.2	0.2	0.0	0.0	0.0	0.2	0.4|0.4|1	0.4|0.4|1	0.8|0.8|1	0.8|0.8|1	0.67|0.67|0.67	-1|-1|-1	1|1|1	4002	3	0	0	0	0	0	0	0	0	0	0	0.0
5005	1	5005	5005	0	Chibi Vera: Garnet	0	0.3	Q3WeilaMd010011RM	1.0	1014	1	0.0	0.2	0.0	0.3	0.6499	0.6499	10	1.6	0	0	3	0	0			100714											5005										400501	400502	504301	504302	504303	400103																																																																																																					0			0	0	1	0	0	400501	0.8	0	1	0	1.5	0.2	0.2	0.0	0.0	0.0	0.2	0.4|0.4|1	0.4|0.4|1	0.8|0.8|1	0.8|0.8|1	0.67|0.67|0.67	-1|-1|-1	1|1|1	4002	3	0	0	0	0	0	0	0	0	0	0	0.0
5006	1	5006	5006	0	Chibi Chrome: Glory	0	0.3	Q3KuluomuMd010011RM	1.0	1014	1	0.0	0.2	0.0	0.3	0.6499	0.6499	10	1.6	0	0	3	0	0			100714											5006										400601	400602	504301	504302	504303	400103																																																																																																					0			0	0	1	0	0	400601	0.8	0	1	0	1.5	0.2	0.2	0.0	0.0	0.0	0.2	0.4|0.4|1	0.4|0.4|1	0.8|0.8|1	0.8|0.8|1	0.67|0.67|0.67	-1|-1|-1	1|1|1	4002	3	0	0	0	0	0	0	0	0	0	0	0.0
5011	1	5011	5011	0	Chibi S Selena	0	0.3	Q4SailinnaMd010011RM	1.0	1014	1	0.0	0.2	0.0	0.3	0.6499	0.6499	10	1.6	0	0	3	0	0			100714											5011										401101	401102	504301	504302	504303	400103																																																																																																					0			0	0	1	0	0	401101	0.8	0	1	0	1.5	0.2	0.2	0.0	0.0	0.0	0.2	0.4|0.4|1	0.4|0.4|1	0.8|0.8|1	0.8|0.8|1	0.67|0.67|0.67	-1|-1|-1	1|1|1	4002	3	0	0	0	0	0	0	0	0	0	0	0.0
5015	1	5015	5015	0	Chibi Mecha Nanami	0	0.3	Q4YongyechaoMd010011RM	1.0	1014	1	0.0	0.2	0.0	0.3	0.6499	0.6499	10	1.6	0	0	3	0	0			100714											5015										401501	401502	504301	504302	504303	400103																																																																																																					0			0	0	1	0	0	401501	0.8	0	1	0	1.5	0.2	0.2	0.0	0.0	0.0	0.2	0.4|0.4|1	0.4|0.4|1	0.8|0.8|1	0.8|0.8|1	0.67|0.67|0.67	-1|-1|-1	1|1|1	4002	3	0	0	0	0	0	0	0	0	0	0	0.0
5020	1	5020	5020	0	Chibi Karenina: Scire	0	0.3	Q4KalieninaMd010011RM	1.0	1014	1	0.0	0.2	0.0	0.3	0.6499	0.6499	10	1.6	0	0	3	0	0			100714											5020										402001	402002	504301	504302	504303	400103																																																																																																					0			0	0	1	0	0	402001	0.8	0	1	0	1.5	0.2	0.2	0.0	0.0	0.0	0.2	0.4|0.4|1	0.4|0.4|1	0.8|0.8|1	0.8|0.8|1	0.67|0.67|0.67	-1|-1|-1	1|1|1	4002	3	0	0	0	0	0	0	0	0	0	0	0.0
5026	1	5026	5026	0	Chibi Rosetta	0	0.3	Q3LuosaitaMd010011RM	1.0	1014	1	0.0	0.2	0.0	0.3	0.6499	0.6499	10	1.6	0	0	3	0	0			100714											5026										402601	402602	504301	504302	504303	400103																																																																																																					0			0	0	1	0	0	402601	0.8	0	1	0	1.5	0.2	0.2	0.0	0.0	0.0	0.2	0.4|0.4|1	0.4|0.4|1	0.8|0.8|1	0.8|0.8|1	0.67|0.67|0.67	-1|-1|-1	1|1|1	4002	3	0	0	0	0	0	0	0	0	0	0	0.0
5038	1	5038	5038	0	Chibi Bianca: Stigmata	0	0.3	Q4BiankaMd010011RM	1.0	1014	1	0.0	0.2	0.0	0.3	0.6499	0.6499	10	1.6	0	0	3	0	0			100714											5038										403801	403802	504301	504302	504303	400103																																																																																																					0			0	0	1	0	0	403801	0.8	0	1	0	1.5	0.2	0.2	0.0	0.0	0.0	0.2	0.4|0.4|1	0.4|0.4|1	0.8|0.8|1	0.8|0.8|1	0.67|0.67|0.67	-1|-1|-1	1|1|1	4002	3	0	0	0	0	0	0	0	0	0	0	0.0
5043	1	5043	5043	0	Chibi Lee: Hyperreal	0	0.3	Q4LiangMd010011RM	1.0	1014	1	0.0	0.2	0.0	0.3	0.6499	0.6499	10	1.6	0	0	3	0	0			100714											5043										404301	404302	504301	504302	504303	400103																																																																																																					0			0	0	1	0	0	404301	0.8	0	1	0	1.5	0.2	0.2	0.0	0.0	0.0	0.2	0.4|0.4|1	0.4|0.4|1	0.8|0.8|1	0.8|0.8|1	0.67|0.67|0.67	-1|-1|-1	1|1|1	4002	3	0	0	0	0	0	0	0	0	0	0	0.0
5047	1	5047	5047	0	Chibi Alpha	0	0.3	Q5LuxiyaMd010011RM	1.0	1014	1	0.0	0.2	0.0	0.3	0.6499	0.6499	10	1.6	0	0	3	0	0			100714											5047										404701	404702	504301	504302	504303	400103																																																																																																					0			0	0	1	0	0	404701	0.8	0	1	0	1.5	0.2	0.2	0.0	0.0	0.0	0.2	0.4|0.4|1	0.4|0.4|1	0.8|0.8|1	0.8|0.8|1	0.67|0.67|0.67	-1|-1|-1	1|1|1	4002	3	0	0	0	0	0	0	0	0	0	0	0.0
5048	1	5048	5048	0	Chibi S Ayla	0	0.3	Q3AilaMd010011RM	1.0	1014	1	0.0	0.2	0.0	0.3	0.6499	0.6499	10	1.6	0	0	3	0	0			100714											5048										404801	404802	504301	504302	504303	400103																																																																																																					0			0	0	1	0	0	404801	0.8	0	1	0	1.5	0.2	0.2	0.0	0.0	0.0	0.2	0.4|0.4|1	0.4|0.4|1	0.8|0.8|1	0.8|0.8|1	0.67|0.67|0.67	-1|-1|-1	1|1|1	4002	3	0	0	0	0	0	0	0	0	0	0	0.0
5051	1	5051	5051	0	Chibi No. 21: Feral	0	0.3	Q3TwentyoneMd010011RM	1.0	1014	1	0.0	0.2	0.0	0.3	0.6499	0.6499	10	1.6	0	0	3	0	0			100714											5051										405101	405102	504301	504302	504303	400103																																																																																																					0			0	0	1	0	0	405101	0.8	0	1	0	1.5	0.2	0.2	0.0	0.0	0.0	0.2	0.4|0.4|1	0.4|0.4|1	0.8|0.8|1	0.8|0.8|1	0.67|0.67|0.67	-1|-1|-1	1|1|1	4002	3	0	0	0	0	0	0	0	0	0	0	0.0
5053	1	5053	5053	0	Chibi Alisa	0	0.3	Q3YalishaMd010011RM	1.0	1014	1	0.0	0.2	0.0	0.3	0.6499	0.6499	10	1.6	0	0	3	0	0			100714											5053										405301	405302	504301	504302	504303	400103																																																																																																					0			0	0	1	0	0	405301	0.8	0	1	0	1.5	0.2	0.2	0.0	0.0	0.0	0.2	0.4|0.4|1	0.4|0.4|1	0.8|0.8|1	0.8|0.8|1	0.67|0.67|0.67	-1|-1|-1	1|1|1	4002	3	0	0	0	0	0	0	0	0	0	0	0.0
5054	1	5054	5054	0	Chibi Lamia	0	0.3	Q3LamiyaMd010011RM	1.0	1014	1	0.0	0.2	0.0	0.3	0.6499	0.6499	10	1.6	0	0	3	0	0			100714											5054										405401	405402	504301	504302	504303	400103																																																																																																					0			0	0	1	0	0	405401	0.8	0	1	0	1.5	0.2	0.2	0.0	0.0	0.0	0.2	0.4|0.4|1	0.4|0.4|1	0.8|0.8|1	0.8|0.8|1	0.67|0.67|0.67	-1|-1|-1	1|1|1	4002	3	0	0	0	0	0	0	0	0	0	0	0.0
5055	1	5055	5055	0	Chibi S Watanabe	0	0.3	Q4DubianMd010011RM	1.0	1014	1	0.0	0.2	0.0	0.3	0.6499	0.6499	10	1.6	0	0	3	0	0			100714											5055										405501	405502	504301	504302	504303	400103																																																																																																					0			0	0	1	0	0	405501	0.8	0	1	0	1.5	0.2	0.2	0.0	0.0	0.0	0.2	0.4|0.4|1	0.4|0.4|1	0.8|0.8|1	0.8|0.8|1	0.67|0.67|0.67	-1|-1|-1	1|1|1	4002	3	0	0	0	0	0	0	0	0	0	0	0.0
5056	1	5056	5056	0	Chibi S Qu	0	0.3	Q3QuMd010011RM	1.0	1014	1	0.0	0.2	0.0	0.3	0.6499	0.6499	10	1.6	0	0	3	0	0			100714											5056										405601	405602	504301	504302	504303	400103																																																																																																					0			0	0	1	0	0	405601	0.8	0	1	0	1.5	0.2	0.2	0.0	0.0	0.0	0.2	0.4|0.4|1	0.4|0.4|1	0.8|0.8|1	0.8|0.8|1	0.67|0.67|0.67	-1|-1|-1	1|1|1	4002	3	0	0	0	0	0	0	0	0	0	0	0.0
5057	1	5057	5057	0	Chibi Teddy	0	0.3	Q2BuouxiongMd010011RM	1.0	1014	1	0.0	0.2	0.0	0.3	0.6499	0.6499	10	1.6	0	0	3	0	0			100714											5056										405601	405602	504301	504302	504303	400103																																																																																																					0			0	0	1	0	0	405601	0.8	0	1	0	1.5	0.2	0.2	0.0	0.0	0.0	0.2	0.4|0.4|1	0.4|0.4|1	0.8|0.8|1	0.8|0.8|1	0.67|0.67|0.67	-1|-1|-1	1|1|1	4002	3	0	0	0	0	0	0	0	0	0	0	0.0
5058	1	5058	5058	0	Chibi Luna: Oblivion	0	0.3	Q4LunaMd010011RM	1.0	1014	1	0.0	0.2	0.0	0.3	0.6499	0.6499	10	1.6	0	0	3	0	0			100714											5056										405601	405602	504301	504302	504303	400103																																																																																																					0			0	0	1	0	0	405601	0.8	0	1	0	1.5	0.2	0.2	0.0	0.0	0.0	0.2	0.4|0.4|1	0.4|0.4|1	0.8|0.8|1	0.8|0.8|1	0.67|0.67|0.67	-1|-1|-1	1|1|1	4002	3	0	0	0	0	0	0	0	0	0	0	0.0
5059	1	5059	5059	0	Chibi Bridget	0	0.3	Q2BulijiteMd010011RM	1.0	1014	1	0.0	0.2	0.0	0.3	0.6499	0.6499	10	1.6	0	0	3	0	0			100714											5056										405601	405602	504301	504302	504303	400103																																																																																																					0			0	0	1	0	0	405601	0.8	0	1	0	1.5	0.2	0.2	0.0	0.0	0.0	0.2	0.4|0.4|1	0.4|0.4|1	0.8|0.8|1	0.8|0.8|1	0.67|0.67|0.67	-1|-1|-1	1|1|1	4002	3	0	0	0	0	0	0	0	0	0	0	0.0
5060	1	5060	5060	0	Chibi Hanying: Solacetune	0	0.3	Q3HanyingMd010011RM	1.0	1014	1	0.0	0.2	0.0	0.3	0.6499	0.6499	10	1.6	0	0	3	0	0			100714											5056										405601	405602	504301	504302	504303	400103																																																																																																					0			0	0	1	0	0	405601	0.8	0	1	0	1.5	0.2	0.2	0.0	0.0	0.0	0.2	0.4|0.4|1	0.4|0.4|1	0.8|0.8|1	0.8|0.8|1	0.67|0.67|0.67	-1|-1|-1	1|1|1	4002	3	0	0	0	0	0	0	0	0	0	0	0.0
5061	1	5061	5061	0	Chibi Yata	0	0.3	Q2BazhiMd010011RM	1.0	1014	1	0.0	0.2	0.0	0.3	0.6499	0.6499	10	1.6	0	0	3	0	0			100714											5056										405601	405602	504301	504302	504303	400103																																																																																																					0			0	0	1	0	0	405601	0.8	0	1	0	1.5	0.2	0.2	0.0	0.0	0.0	0.2	0.4|0.4|1	0.4|0.4|1	0.8|0.8|1	0.8|0.8|1	0.67|0.67|0.67	-1|-1|-1	1|1|1	4002	3	0	0	0	0	0	0	0	0	0	0	0.0
5062	1	5062	5062	0	Chibi The Merciful One	0	0.3	Q3CibeizheMd010011RM	1.0	1014	1	0.0	0.2	0.0	0.3	0.6499	0.6499	10	1.6	0	0	3	0	0			100714											5056										405601	405602	504301	504302	504303	400103																																																																																																					0			0	0	1	0	0	405601	0.8	0	1	0	1.5	0.2	0.2	0.0	0.0	0.0	0.2	0.4|0.4|1	0.4|0.4|1	0.8|0.8|1	0.8|0.8|1	0.67|0.67|0.67	-1|-1|-1	1|1|1	4002	3	0	0	0	0	0	0	0	0	0	0	0.0
5063	1	5063	5063	0	Chibi Lilith	0	0.3	Q3LilithMd010011RM	1.0	1014	1	0.0	0.2	0.0	0.3	0.6499	0.6499	10	1.6	0	0	3	0	0			100714											5056										405601	405602	504301	504302	504303	400103																																																																																																					0			0	0	1	0	0	405601	0.8	0	1	0	1.5	0.2	0.2	0.0	0.0	0.0	0.2	0.4|0.4|1	0.4|0.4|1	0.8|0.8|1	0.8|0.8|1	0.67|0.67|0.67	-1|-1|-1	1|1|1	4002	3	0	0	0	0	0	0	0	0	0	0	0.0
5064	1	5064	5064	0	Chibi S Wanshi	0	0.3	Q3WanshiMd010011RM	1.0	1014	1	0.0	0.2	0.0	0.3	0.6499	0.6499	10	1.6	0	0	3	0	0			100714											5056										405601	405602	504301	504302	504303	400103																																																																																																					0			0	0	1	0	0	405601	0.8	0	1	0	1.5	0.2	0.2	0.0	0.0	0.0	0.2	0.4|0.4|1	0.4|0.4|1	0.8|0.8|1	0.8|0.8|1	0.67|0.67|0.67	-1|-1|-1	1|1|1	4002	3	0	0	0	0	0	0	0	0	0	0	0.0
5065	1	5065	5065	0	Chibi Super Nanami	0	0.3	Q5YongyechaoMd010011RM	1.0	1014	1	0.0	0.2	0.0	0.3	0.6499	0.6499	10	1.6	0	0	3	0	0			100714											5056										405601	405602	504301	504302	504303	400103																																																																																																					0			0	0	1	0	0	405601	0.8	0	1	0	1.5	0.2	0.2	0.0	0.0	0.0	0.2	0.4|0.4|1	0.4|0.4|1	0.8|0.8|1	0.8|0.8|1	0.67|0.67|0.67	-1|-1|-1	1|1|1	4002	3	0	0	0	0	0	0	0	0	0	0	0.0
5066	1	5066	5066	0	Chibi Lucia: Pyroath	0	0.3	Q6LuxiyaMd010011RM	1.0	1014	1	0.0	0.2	0.0	0.3	0.6499	0.6499	10	1.6	0	0	3	0	0			100714											5056										405601	405602	504301	504302	504303	400103																																																																																																					0			0	0	1	0	0	405601	0.8	0	1	0	1.5	0.2	0.2	0.0	0.0	0.0	0.2	0.4|0.4|1	0.4|0.4|1	0.8|0.8|1	0.8|0.8|1	0.67|0.67|0.67	-1|-1|-1	1|1|1	4002	3	0	0	0	0	0	0	0	0	0	0	0.0
5067	1	5067	5067	0	Chibi Super Selena	0	0.3	Q5SailinnaMd010011RM	1.0	1014	1	0.0	0.2	0.0	0.3	0.6499	0.6499	10	1.6	0	0	3	0	0			100714											5056										405601	405602	504301	504302	504303	400103																																																																																																					0			0	0	1	0	0	405601	0.8	0	1	0	1.5	0.2	0.2	0.0	0.0	0.0	0.2	0.4|0.4|1	0.4|0.4|1	0.8|0.8|1	0.8|0.8|1	0.67|0.67|0.67	-1|-1|-1	1|1|1	4002	3	0	0	0	0	0	0	0	0	0	0	0.0
5099	1	5099	5099	0	Item Creation Npc	0	0.0		0.0	1014	1	0.0	0.0	0.0	0.0	0.0	0.0	0	0.0	0	0	0	1	1																																																																																																																																		0			0	0	0	0	0	0	0.0	0	0	0	0.0	0.0	0.0	0.0	0.0	0.0	0.0								0	0	0	0	0	0	0	0	0	0	0	0	0.0
5068	1	5068	5068	0	Chibi Jetavie	0	0.3	QR2JietaweiMd010011RM	1.0	1014	1	0.0	0.2	0.0	0.3	0.6499	0.6499	10	1.6	0	0	3	0	0			100714											5056										405601	405602	504301	504302	504303	400103																																																																																																					0			0	0	1	0	0	405601	0.8	0	1	0	1.5	0.2	0.2	0.0	0.0	0.0	0.2	0.4|0.4|1	0.4|0.4|1	0.8|0.8|1	0.8|0.8|1	0.67|0.67|0.67	-1|-1|-1	1|1|1	4002	3	0	0	0	0	0	0	0	0	0	0	0.0
5069	1	5069	5069	0	Chibi Vera: Garnet	0	0.3	QR4WeilaMd010011RM	1.0	1014	1	0.0	0.2	0.0	0.3	0.6499	0.6499	10	1.6	0	0	3	0	0			100714											5056										405601	405602	504301	504302	504303	400103																																																																																																					0			0	0	1	0	0	405601	0.8	0	1	0	1.5	0.2	0.2	0.0	0.0	0.0	0.2	0.4|0.4|1	0.4|0.4|1	0.8|0.8|1	0.8|0.8|1	0.67|0.67|0.67	-1|-1|-1	1|1|1	4002	3	0	0	0	0	0	0	0	0	0	0	0.0
5070	1	5070	5070	0	Chibi Bianca	0	0.3	QR5BiankaMd010011RM	1.0	1014	1	0.0	0.2	0.0	0.3	0.6499	0.6499	10	1.6	0	0	3	0	0			100714											5056										405601	405602	504301	504302	504303	400103																																																																																																					0			0	0	1	0	0	405601	0.8	0	1	0	1.5	0.2	0.2	0.0	0.0	0.0	0.2	0.4|0.4|1	0.4|0.4|1	0.8|0.8|1	0.8|0.8|1	0.67|0.67|0.67	-1|-1|-1	1|1|1	4002	3	0	0	0	0	0	0	0	0	0	0	0.0
5071	1	5071	5071	0	Chibi Discord	0	0.3	QR2XiezouMd010011RM	1.0	1014	1	0.0	0.2	0.0	0.3	0.6499	0.6499	10	1.6	0	0	3	0	0			100714											5056										405601	405602	504301	504302	504303	400103																																																																																																					0			0	0	1	0	0	405601	0.8	0	1	0	1.5	0.2	0.2	0.0	0.0	0.0	0.2	0.4|0.4|1	0.4|0.4|1	0.8|0.8|1	0.8|0.8|1	0.67|0.67|0.67	-1|-1|-1	1|1|1	4002	3	0	0	0	0	0	0	0	0	0	0	0.0
5072	1	5072	5072	0	Chibi Veronica	0	0.3	QR3WeiluonikaMd010011RM	1.0	1014	1	0.0	0.2	0.0	0.3	0.6499	0.6499	10	1.6	0	0	3	0	0			100714											5056										405601	405602	504301	504302	504303	400103																																																																																																					0			0	0	1	0	0	405601	0.8	0	1	0	1.5	0.2	0.2	0.0	0.0	0.0	0.2	0.4|0.4|1	0.4|0.4|1	0.8|0.8|1	0.8|0.8|1	0.67|0.67|0.67	-1|-1|-1	1|1|1	4002	3	0	0	0	0	0	0	0	0	0	0	0.0
5073	1	5073	5073	0	Chibi Liv	0	0.3	QR5LifuMd010011RM	1.0	1014	1	0.0	0.2	0.0	0.3	0.6499	0.6499	10	1.6	0	0	3	0	0			100714											5056										405601	405602	504301	504302	504303	400103																																																																																																					0			0	0	1	0	0	405601	0.8	0	1	0	1.5	0.2	0.2	0.0	0.0	0.0	0.2	0.4|0.4|1	0.4|0.4|1	0.8|0.8|1	0.8|0.8|1	0.67|0.67|0.67	-1|-1|-1	1|1|1	4002	3	0	0	0	0	0	0	0	0	0	0	0.0
5074	1	5074	5074	0	Chibi Teddy	0	0.3	QR3BuouxiongMd010011RM	1.0	1014	1	0.0	0.2	0.0	0.3	0.6499	0.6499	10	1.6	0	0	3	0	0			100714											5056										405601	405602	504301	504302	504303	400103																																																																																																					0			0	0	1	0	0	405601	0.8	0	1	0	1.5	0.2	0.2	0.0	0.0	0.0	0.2	0.4|0.4|1	0.4|0.4|1	0.8|0.8|1	0.8|0.8|1	0.67|0.67|0.67	-1|-1|-1	1|1|1	4002	3	0	0	0	0	0	0	0	0	0	0	0.0
5075	1	5075	5075	0	Chibi Rosetta	0	0.3	QR4LuosaitaMd010011RM	1.0	1014	1	0.0	0.2	0.0	0.3	0.6499	0.6499	10	1.6	0	0	3	0	0			100714											5056										405601	405602	504301	504302	504303	400103																																																																																																					0			0	0	1	0	0	405601	0.8	0	1	0	1.5	0.2	0.2	0.0	0.0	0.0	0.2	0.4|0.4|1	0.4|0.4|1	0.8|0.8|1	0.8|0.8|1	0.67|0.67|0.67	-1|-1|-1	1|1|1	4002	3	0	0	0	0	0	0	0	0	0	0	0.0
3001	1	3001	3001	0	Lucia: Babylonia Test	1	0.3	R6LuxiyaMd010011SG	0.3	1002	1	0.0	0.1	0.0	0.2	0.6499	0.55	10	1.7	0	0	3	0	0														3001006	3001007																																																																																																																			0			1	1	1	1	0	100201	0.8	10	1	0	1.0	0.05	0.05	7.0	0.25	0.25	0.15	0.4|0.4|1	0.4|0.4|1	0.8|0.8|1	0.8|0.8|1	0.67|0.67|0.67	-1|-1|-1	1|1|1	3005	2	0	0	0	0	0	0	0	0	0	1	0.0
3002	1	3002	3002	0	Karenina: Babylonia Test	1	0.3	R4KalieninaMd010011SG	0.3	1002	1	0.0	0.1	0.0	0.2	0.55	0.4499	10	1.7	0	0	3	0	0																																																																																																																																		0			0	1	1	1	0	100701	0.8	10	1	0	1.0	0.05	0.05	7.0	0.25	0.25	0.15	0.4|0.4|1	0.4|0.4|1	0.8|0.8|1	0.8|0.8|1	0.67|0.67|0.67	-1|-1|-1	1|1|1	3005	2	0	0	0	0	0	0	0	0	0	1	0.0
3003	1	3003	3003	0	Bianca: Babylonia Test	1	0.3	R4BiankaMd010011SG	0.3	1002	1	0.0	0.1	0.0	0.3	0.6499	0.6499	10	1.95	0	0	3	0	0																																																																																																																																		0			1	1	1	1	0	101401	0.8	10	1	0	1.0	0.05	0.05	7.0	0.25	0.25	0.15	0.4|0.4|1	0.4|0.4|1	0.8|0.8|1	0.8|0.8|1	0.67|0.67|0.67	-1|-1|-1	1|1|1	3005	2	0	0	0	0	0	0	0	0	0	1	0.0
3004	1	3004	3004	0	Male Commandant	1	0.3	Com1ChiefmMd01001SG	0.3	1002	1	0.0	0.1	0.0	0.3	0.6499	0.6499	10	1.95	0	0	3	0	0																																																																																																																																		0			1	1	1	1	0	300401	0.8	10	1	0	1.0	0.05	0.05	7.0	0.25	0.25	0.15	0.4|0.4|1	0.4|0.4|1	0.8|0.8|1	0.8|0.8|1	0.67|0.67|0.67	-1|-1|-1	1|1|1	3005	2	0	0	0	0	0	0	0	0	1	0	0.0
3005	1	3005	3005	0	Female Commandant	1	0.3	Com1ChieffMd01001SG	0.3	1002	1	0.0	0.1	0.0	0.3	0.6499	0.6499	10	1.95	0	0	3	0	0																																																																																																																																		0			1	1	1	1	0	300401	0.8	10	1	0	1.0	0.05	0.05	7.0	0.25	0.25	0.15	0.4|0.4|1	0.4|0.4|1	0.8|0.8|1	0.8|0.8|1	0.67|0.67|0.67	-1|-1|-1	1|1|1	3005	2	0	0	0	0	0	0	0	0	1	0	0.0
3006	1	3006	3001	0	丽芙·空花测试	1	0.3	R1LifuMd010011SG	0.3	1002	1	0.0	0.1	0.0	0.2	0.6499	0.55	10	1.7	0	0	3	0	0																																																																																																																																		0			1	1	1	1	0	100201	0.8	10	1	0	1.0	0.05	0.05	7.0	0.25	0.25	0.15	0.4|0.4|1	0.4|0.4|1	0.8|0.8|1	0.8|0.8|1	0.67|0.67|0.67	-1|-1|-1	1|1|1	3005	2	0	0	0	0	0	0	0	0	0	1	0.0
3007	1	3007	3001	0	Lee: Hyperreal	1	0.3	R4LiangMd010011SG	0.3	1002	1	0.0	0.1	0.0	0.2	0.6499	0.55	10	1.7	0	0	3	0	0																																																																																																																																		0			1	1	1	1	0	100201	0.8	10	1	0	1.0	0.05	0.05	7.0	0.25	0.25	0.15	0.4|0.4|1	0.4|0.4|1	0.8|0.8|1	0.8|0.8|1	0.67|0.67|0.67	-1|-1|-1	1|1|1	3005	2	0	0	0	0	0	0	0	0	0	1	0.0
3008	1	3008	3001	0	Qu: Shukra	1	0.3	R3QuMd010011SG	0.3	1002	1	0.0	0.1	0.0	0.2	0.6499	0.55	10	1.7	0	0	3	0	0																																																																																																																																		0			1	1	1	1	0	100201	0.8	10	1	0	1.0	0.05	0.05	7.0	0.25	0.25	0.15	0.4|0.4|1	0.4|0.4|1	0.8|0.8|1	0.8|0.8|1	0.67|0.67|0.67	-1|-1|-1	1|1|1	3005	2	0	0	0	0	0	0	0	0	0	1	0.0
3009	1	3009	3001	0	Lightning Nanami	1	0.3	R5YongyechaoMd010011SG	0.3	1002	1	0.0	0.1	0.0	0.2	0.6499	0.55	10	1.7	0	0	3	0	0														3001001																																																																																																																				0			1	1	1	1	0	100201	0.8	10	1	0	1.0	0.05	0.05	7.0	0.25	0.25	0.15	0.4|0.4|1	0.4|0.4|1	0.8|0.8|1	0.8|0.8|1	0.67|0.67|0.67	-1|-1|-1	1|1|1	3005	2	0	0	0	0	0	0	0	0	0	1	0.0
3010	1	3010	3001	0	S Hanying	1	0.3	R3HanyingMd010011SG	0.3	1002	1	0.0	0.1	0.0	0.2	0.6499	0.55	10	1.7	0	0	3	0	0														3001001																																																																																																																				0			1	1	1	1	0	100201	0.8	10	1	0	1.0	0.05	0.05	7.0	0.25	0.25	0.15	0.4|0.4|1	0.4|0.4|1	0.8|0.8|1	0.8|0.8|1	0.67|0.67|0.67	-1|-1|-1	1|1|1	3005	2	0	0	0	0	0	0	0	0	0	1	0.0
3011	1	3011	3001	0	空露娜	1	0.3	R4LunaMd010011SG	0.3	1002	1	0.0	0.1	0.0	0.2	0.6499	0.55	10	1.7	0	0	3	0	0														3001001																																																																																																																				0			1	1	1	1	0	100201	0.8	10	1	0	1.0	0.05	0.05	7.0	0.25	0.25	0.15	0.4|0.4|1	0.4|0.4|1	0.8|0.8|1	0.8|0.8|1	0.67|0.67|0.67	-1|-1|-1	1|1|1	3005	2	0	0	0	0	0	0	0	0	0	1	0.0
3012	1	3012	3001	0	Crimson Weave	1	0.3	R5LuxiyaMd010011SG	0.3	1002	1	0.0	0.1	0.0	0.2	0.6499	0.55	10	1.7	0	0	3	0	0																																																																																																																																		0			1	1	1	1	0	100201	0.8	10	1	0	1.0	0.05	0.05	7.0	0.25	0.25	0.15	0.4|0.4|1	0.4|0.4|1	0.8|0.8|1	0.8|0.8|1	0.67|0.67|0.67	-1|-1|-1	1|1|1	3005	2	0	0	0	0	0	0	0	0	0	1	0.0
3013	1	3013	3001	0	拉米亚-人形	1	0.3	R3LamiyaMd010011SG	0.3	1002	1	0.0	0.1	0.0	0.2	0.6499	0.55	10	1.7	0	0	3	0	0																																																																																																																																		0			1	1	1	1	0	100201	0.8	10	1	0	1.0	0.05	0.05	7.0	0.25	0.25	0.15	0.4|0.4|1	0.4|0.4|1	0.8|0.8|1	0.8|0.8|1	0.67|0.67|0.67	-1|-1|-1	1|1|1	3005	2	0	0	0	0	0	0	0	0	0	1	0.0
3014	1	3014	3001	0	Super Selena	1	0.3	R5SailinnaMd010011SG	0.3	1002	1	0.0	0.1	0.0	0.2	0.6499	0.55	10	1.7	0	0	3	0	0														3001001																																																																																																																				0			1	1	1	1	0	100201	0.8	10	1	0	1.0	0.05	0.05	7.0	0.25	0.25	0.15	0.4|0.4|1	0.4|0.4|1	0.8|0.8|1	0.8|0.8|1	0.67|0.67|0.67	-1|-1|-1	1|1|1	3005	2	0	0	0	0	0	0	0	0	0	1	0.0
3015	1	3015	3001	0	The Merciful One	1	0.3	R3CibeizheMd010011SG	0.3	1002	1	0.0	0.1	0.0	0.2	0.6499	0.55	10	1.7	0	0	3	0	0														3001001																																																																																																																				0			1	1	1	1	0	100201	0.8	10	1	0	1.0	0.05	0.05	7.0	0.25	0.25	0.15	0.4|0.4|1	0.4|0.4|1	0.8|0.8|1	0.8|0.8|1	0.67|0.67|0.67	-1|-1|-1	1|1|1	3005	2	0	0	0	0	0	0	0	0	0	1	0.0
3016	1	3016	3001	0	3.4薇拉	1	0.3	R4WeilaMd010011SG	0.3	1002	1	0.0	0.1	0.0	0.2	0.6499	0.55	10	1.7	0	0	3	0	0														3001001																																																																																																																				0			1	1	1	1	0	100201	0.8	10	1	0	1.0	0.05	0.05	7.0	0.25	0.25	0.15	0.4|0.4|1	0.4|0.4|1	0.8|0.8|1	0.8|0.8|1	0.67|0.67|0.67	-1|-1|-1	1|1|1	3005	2	0	0	0	0	0	0	0	0	0	1	0.0
3017	1	3017	3001	0	3.6比安卡	1	0.3	R5BiankaMd010011SG	0.3	1002	1	0.0	0.1	0.0	0.2	0.6499	0.55	10	1.7	0	0	3	0	0														3001002	3001001																																																																																																																			0			1	1	1	1	0	100201	0.8	10	1	0	1.0	0.05	0.05	7.0	0.25	0.25	0.15	0.4|0.4|1	0.4|0.4|1	0.8|0.8|1	0.8|0.8|1	0.67|0.67|0.67	-1|-1|-1	1|1|1	3005	2	0	0	0	0	0	0	0	0	0	1	0.0
3018	1	3018	3001	0	Old Vera	1	0.3	R3WeilaMd010011SG	0.3	1002	1	0.0	0.1	0.0	0.2	0.6499	0.55	10	1.7	0	0	3	0	0																																																																																																																																		0			1	1	1	1	0	100201	0.8	10	1	0	1.0	0.05	0.05	7.0	0.25	0.25	0.15	0.4|0.4|1	0.4|0.4|1	0.8|0.8|1	0.8|0.8|1	0.67|0.67|0.67	-1|-1|-1	1|1|1	3005	2	0	0	0	0	0	0	0	0	0	1	0.0
3019	1	3019	3001	0	Lilith	1	0.3	R3LilithMd010011SG	0.3	1002	1	0.0	0.1	0.0	0.2	0.6499	0.55	10	1.7	0	0	3	0	0														3001001																																																																																																																				0			1	1	1	1	0	100201	0.8	10	1	0	1.0	0.05	0.05	7.0	0.25	0.25	0.15	0.4|0.4|1	0.4|0.4|1	0.8|0.8|1	0.8|0.8|1	0.67|0.67|0.67	-1|-1|-1	1|1|1	3005	2	0	0	0	0	0	0	0	0	0	1	0.0
3020	1	3020	3001	0	Wanshi: Lucid Dreamer	1	0.3	R3WanshiMd010011SG	0.3	1002	1	0.0	0.1	0.0	0.2	0.6499	0.55	10	1.7	0	0	3	0	0																																																																																																																																		0			1	1	1	1	0	100201	0.8	10	1	0	1.0	0.05	0.05	7.0	0.25	0.25	0.15	0.4|0.4|1	0.4|0.4|1	0.8|0.8|1	0.8|0.8|1	0.67|0.67|0.67	-1|-1|-1	1|1|1	3005	2	0	0	0	0	0	0	0	0	0	1	0.0
3021	1	3021	3001	0	Watanabe: Epitaph	1	0.3	R4DubianMd010011SG	0.3	1002	1	0.0	0.1	0.0	0.2	0.6499	0.55	10	1.7	0	0	3	0	0														3001001																																																																																																																				0			1	1	1	1	0	100201	0.8	10	1	0	1.0	0.05	0.05	7.0	0.25	0.25	0.15	0.4|0.4|1	0.4|0.4|1	0.8|0.8|1	0.8|0.8|1	0.67|0.67|0.67	-1|-1|-1	1|1|1	3005	2	0	0	0	0	0	0	0	0	0	2	0.0
3022	1	3022	3001	0	Liv: Empyrea	1	0.3	R4LifuMd010011SG	0.3	1002	1	0.0	0.1	0.0	0.2	0.6499	0.55	10	1.7	0	0	3	0	0														3001001																																																																																																																				0			1	1	1	1	0	100201	0.8	10	1	0	1.0	0.05	0.05	7.0	0.25	0.25	0.15	0.4|0.4|1	0.4|0.4|1	0.8|0.8|1	0.8|0.8|1	0.67|0.67|0.67	-1|-1|-1	1|1|1	3005	2	0	0	0	0	0	0	0	0	0	1	0.0
3023	1	3023	3001	0	Veronica	1	0.3	R3WeiluonikaMd010011SG	0.3	1002	1	0.0	0.1	0.0	0.2	0.6499	0.55	10	1.7	0	0	3	0	0														3001001																																																																																																																				0			1	1	1	1	0	100201	0.8	10	1	0	1.0	0.05	0.05	7.0	0.25	0.25	0.15	0.4|0.4|1	0.4|0.4|1	0.8|0.8|1	0.8|0.8|1	0.67|0.67|0.67	-1|-1|-1	1|1|1	3005	2	0	0	0	0	0	0	0	0	0	1	0.0
3024	1	3024	3001	0	New Liv	1	0.3	R5LifuMd010011SG	0.3	1002	1	0.0	0.1	0.0	0.2	0.6499	0.55	10	1.7	0	0	3	0	0														3001001																																																																																																																				0			1	1	1	1	0	100201	0.8	10	1	0	1.0	0.05	0.05	7.0	0.25	0.25	0.15	0.4|0.4|1	0.4|0.4|1	0.8|0.8|1	0.8|0.8|1	0.67|0.67|0.67	-1|-1|-1	1|1|1	3005	2	0	0	0	0	0	0	0	0	0	1	0.0
3025	1	3025	3001	0	New Teddy	1	0.3	R3BuouxiongMd010011SG	0.3	1002	1	0.0	0.1	0.0	0.2	0.6499	0.55	10	1.7	0	0	3	0	0														3001001																																																																																																																				0			1	1	1	1	0	100201	0.8	10	1	0	1.0	0.05	0.05	7.0	0.25	0.25	0.15	0.4|0.4|1	0.4|0.4|1	0.8|0.8|1	0.8|0.8|1	0.67|0.67|0.67	-1|-1|-1	1|1|1	3005	2	0	0	0	0	0	0	0	0	0	1	0.0
3026	1	3026	3001	0	New Rosetta	1	0.3	R4LuosaitaMd010011SG	0.3	1002	1	0.0	0.1	0.0	0.2	0.6499	0.55	10	1.7	0	0	3	0	0														3001001	3001008																																																																																																																			0			1	1	1	1	0	100201	0.8	10	1	0	1.0	0.05	0.05	7.0	0.25	0.25	0.15	0.4|0.4|1	0.4|0.4|1	0.8|0.8|1	0.8|0.8|1	0.67|0.67|0.67	-1|-1|-1	1|1|1	3005	2	0	0	0	0	0	0	0	0	0	1	0.0
3027	1	3027	3001	0	Nirvatia	1	0.3	R3NietiyaMd010011SG	0.3	1002	1	0.0	0.1	0.0	0.2	0.6499	0.55	10	1.7	0	0	3	0	0																																																																																																																																		0			1	1	1	1	0	100201	0.8	10	1	0	1.0	0.05	0.05	7.0	0.25	0.25	0.15	0.4|0.4|1	0.4|0.4|1	0.8|0.8|1	0.8|0.8|1	0.67|0.67|0.67	-1|-1|-1	1|1|1	3005	2	0	0	0	0	0	0	0	0	0	1	0.0
3028	1	3028	3001	0	火神威	1	0.3	R4ShenweiMd010011SG	0.3	1002	1	0.0	0.1	0.0	0.2	0.6499	0.55	10	1.7	0	0	3	0	0														3001001																																																																																																																				0			1	1	1	1	0	100201	0.8	10	1	0	1.0	0.05	0.05	7.0	0.25	0.25	0.15	0.4|0.4|1	0.4|0.4|1	0.8|0.8|1	0.8|0.8|1	0.67|0.67|0.67	-1|-1|-1	1|1|1	3005	2	0	0	0	0	0	0	0	0	0	1	0.0
3029	1	3029	3001	0	鬼白毛	1	0.3	R7LuxiyaMd010011SG	0.3	1002	1	0.0	0.1	0.0	0.2	0.6499	0.55	10	1.7	0	0	3	0	0														3001001																																																																																																																				0			1	1	1	1	0	100201	0.8	10	1	0	1.0	0.05	0.05	7.0	0.25	0.25	0.15	0.4|0.4|1	0.4|0.4|1	0.8|0.8|1	0.8|0.8|1	0.67|0.67|0.67	-1|-1|-1	1|1|1	3005	2	0	0	0	0	0	0	0	0	0	1	0.0
3030	1	3030	3001	0	Helentine	1	0.3	R3HelentineMd010011SG	0.3	1002	1	0.0	0.1	0.0	0.2	0.6499	0.55	10	1.7	0	0	3	0	0														3001001																																																																																																																				0			1	1	1	1	0	100201	0.8	10	1	0	1.0	0.05	0.05	7.0	0.25	0.25	0.15	0.4|0.4|1	0.4|0.4|1	0.8|0.8|1	0.8|0.8|1	0.67|0.67|0.67	-1|-1|-1	1|1|1	3005	2	0	0	0	0	0	0	0	0	0	1	0.0
3031	1	3031	3001	0	Karenina: Effulgence	1	0.3	R5KalieninaMd010011SG	0.3	1002	1	0.0	0.1	0.0	0.2	0.6499	0.55	10	1.7	0	0	3	0	0														3001009																																																																																																																				0			1	1	1	1	0	100201	0.8	10	1	0	1.0	0.05	0.05	7.0	0.25	0.25	0.15	0.4|0.4|1	0.4|0.4|1	0.8|0.8|1	0.8|0.8|1	0.67|0.67|0.67	-1|-1|-1	1|1|1	3005	2	0	0	0	0	0	0	0	0	0	1	0.0
3032	1	3032	3001	0	Kurumi Tokisaki	1	0.3	R3KurumiMd010011SG	0.3	1002	1	0.0	0.1	0.0	0.2	0.6499	0.55	10	1.7	0	0	3	0	0														3001001																																																																																																																				0			1	1	1	1	0	100201	0.8	10	1	0	1.0	0.05	0.05	7.0	0.25	0.25	0.15	0.4|0.4|1	0.4|0.4|1	0.8|0.8|1	0.8|0.8|1	0.67|0.67|0.67	-1|-1|-1	1|1|1	3005	2	0	0	0	0	0	0	0	0	0	1	0.0
3033	1	3033	3001	0	Adelyde	1	0.3	R3AdelaideMd010011SG	0.3	1002	1	0.0	0.1	0.0	0.2	0.6499	0.55	10	1.7	0	0	3	0	0														3001001																																																																																																																				0			1	1	1	1	0	100201	0.8	10	1	0	1.0	0.05	0.05	7.0	0.25	0.25	0.15	0.4|0.4|1	0.4|0.4|1	0.8|0.8|1	0.8|0.8|1	0.67|0.67|0.67	-1|-1|-1	1|1|1	3005	2	0	0	0	0	0	0	0	0	0	1	0.0
1010	1	1010	1010	0	万事-自走棋	0	0.3	R3WanshiMd010011RM	0.3	1010	1	1.0	0.1	0.0	0.2	0.6499	0.55	10	999.0	0	0	3	0	0			101001											1010009	1010056									101001	101002	101003	101004	101005	101006	101007	101008	101009	101010	101011	101012	101013	101014	101015	101016	101017	101018	101019	101020	101021	101022	101023	101024	101025	101026	101027	101028	101029																																																																														0			1	1	1	1	0	100201	0.8	10	1	0	1.0	0.07	0.07	7.0	0.25	0.25	0.15	0.4|0.4|1	0.4|0.4|1	0.8|0.8|1	0.8|0.8|1	0.67|0.67|0.67	-1|-1|-1	1|1|1	1010	2	0	0	0	0	0	0	0	0	0	0	0.0
1011	1	1011	1010	0	渡边-自走棋（临时用）	0	0.3	R4DubianMd010011RM	0.3	1011	1	1.0	0.1	0.0	0.2	0.6499	0.55	10	999.0	0	0	3	0	0			101101											1010056	1010585	1010581								101101	101102	101103	101104	101105	101106	101107	101108	101109	101110	101111	101112	101113	101114	101115	101116	101117	101118	101119	101120	101121	101122	101123	101124	101125	101126	101127	101128	101129	101130	101131	101132																																																																											0			1	1	1	1	0	100201	0.8	10	1	0	1.0	0.07	0.07	7.0	0.25	0.25	0.15	0.4|0.4|1	0.4|0.4|1	0.8|0.8|1	0.8|0.8|1	0.67|0.67|0.67	-1|-1|-1	1|1|1	1011	2	0	0	0	0	0	0	0	0	0	0	0.0
1012	1	1012	1012	0	Lilith - Auto Chess Placeholder	0	0.3	R3LilithMd010011RM	0.3	1012	1	1.0	0.1	0.0	0.2	0.6499	0.55	10	999.0	0	0	3	0	0			101201											1012004	1012218	1010056								101201	101202	101203	101204	101205	101206	101207	101208	101209	101210	101211	101212	101213	101214	101215	101216	101217	101218	101219	101220	101221	101222	101223	101224	101225	101226	101227	101228	101229	101230																																																																													0			1	1	1	1	0	100201	0.8	10	1	0	1.0	0.07	0.07	7.0	0.25	0.25	0.15	0.4|0.4|1	0.4|0.4|1	0.8|0.8|1	0.8|0.8|1	0.67|0.67|0.67	-1|-1|-1	1|1|1	1012	2	0	0	0	0	0	0	0	0	0	0	0.0
1013	1	1013	1013	0	薇拉-自走棋	0	0.3	R4WeilaMd010011RM	0.3	1013	1	1.0	0.1	0.0	0.2	0.6499	0.55	10	999.0	0	0	3	0	0			101301	101302										1010056										101301	101302	101303	101304	101305	101306	101307	101308	101309	101310	101311	101312	101313	101314	101315	101316	101317	101318	101319	101320	101321	101322	101323	101324	101325	101326	101327																																																																																0			1	1	1	1	0	100201	0.8	10	1	0	1.0	0.07	0.07	7.0	0.25	0.25	0.15	0.4|0.4|1	0.4|0.4|1	0.8|0.8|1	0.8|0.8|1	0.67|0.67|0.67	-1|-1|-1	1|1|1	1013	2	0	0	0	0	0	0	0	0	0	0	0.0
1015	1	1015	1010	0	万事-分身残影	0	0.3	R3WanshiMd019281RM	0.3	1010	1	1.0	0.1	0.0	0.2	0.6499	0.55	10	1.7	0	0	3	0	0														1010056										101001	101002	101003	101004	101005	101006	101007	101008	101009	101010	101011	101012	101019	101026																																																																																													0			1	1	1	1	0	100201	0.8	10	1	0	1.0	0.07	0.07	7.0	0.25	0.25	0.15	0.4|0.4|1	0.4|0.4|1	0.8|0.8|1	0.8|0.8|1	0.67|0.67|0.67	-1|-1|-1	1|1|1	0	2	0	0	0	0	0	0	0	0	0	0	0.0
1016	1	1016	1016	0	空npc-自走棋	0	0.0		0.0	1010	1	1.0	0.0	0.0	0.0	0.0	0.0	0	0.0	0	0	0	0	0														1010056										101001	101002	101003	101004	101005	101006	101007	101008	101009	101010	101011	101012	101013	101014	101015	101016	101017	101018	101019																																																																																								0			0	0	0	0	0	0	0.0	0	0	0	0.0	0.0	0.0	0.0	0.0	0.0	0.0								0	2	0	0	0	0	0	0	0	0	0	0	0.0
1017	1	1017	1017	0	Lilith - Shadow Card Summon	0	0.3	Mb1GeneralMd010001RM	0.3	1017	1	0.001	0.1	0.0	0.2	0.6499	0.55	10	1.7	0	0	3	0	0														1012002	1012006									101701	101702	101703	101704	101705	101706	101707																																																																																																				0			1	1	1	1	0	100201	0.8	10	1	0	1.0	0.07	0.07	7.0	0.25	0.25	0.15	0.4|0.4|1	0.4|0.4|1	0.8|0.8|1	0.8|0.8|1	0.67|0.67|0.67	-1|-1|-1	1|1|1	0	2	0	0	0	0	0	0	0	0	0	0	0.0
1018	1	1018	1018	0	Summon - God Slayer	0	0.3	Me1KeyboardistMd000001RM	0.3	1017	1	1.0	0.1	0.0	0.2	0.6499	0.55	10	1.7	0	0	3	0	0														1012002	1018003									101801	101802	101803																																																																																																								0			1	1	1	1	0	100201	0.8	10	1	0	1.0	0.07	0.07	7.0	0.25	0.25	0.15	0.4|0.4|1	0.4|0.4|1	0.8|0.8|1	0.8|0.8|1	0.67|0.67|0.67	-1|-1|-1	1|1|1	0	2	0	0	0	0	0	0	0	0	0	0	0.0
1019	1	1019	1019	0	Summon - Ephialtes	0	0.3	Mb1EphialtesMd010001RM	0.3	1017	1	1.0	0.1	0.0	0.2	0.6499	0.55	10	1.7	0	0	3	0	0														1012002	1018003									101901																																																																																																										0			1	1	1	1	0	100201	0.8	10	1	0	1.0	0.07	0.07	7.0	0.25	0.25	0.15	0.4|0.4|1	0.4|0.4|1	0.8|0.8|1	0.8|0.8|1	0.67|0.67|0.67	-1|-1|-1	1|1|1	0	2	0	0	0	0	0	0	0	0	0	0	0.0
1020	1	1020	1020	0	Summon - Mirror Demon	0	0.3	Me1GargoyleMd010001RM	0.3	1017	1	0.6999	0.1	0.0	0.2	0.6499	0.55	10	1.7	0	0	3	0	0														1012002	1018003									102001																																																																																																										0			1	1	1	1	0	100201	0.8	10	1	0	1.0	0.07	0.07	7.0	0.25	0.25	0.15	0.4|0.4|1	0.4|0.4|1	0.8|0.8|1	0.8|0.8|1	0.67|0.67|0.67	-1|-1|-1	1|1|1	0	2	0	0	0	0	0	0	0	0	0	0	0.0
1021	1	1021	1021	0	Summon - Hybrid	0	0.3	Mo1BatMd010002RM	0.3	1017	1	1.0	0.1	0.0	0.2	0.6499	0.55	10	1.7	0	0	3	0	0														1012002	1018003									102101																																																																																																										0			1	1	1	1	0	100201	0.8	10	1	0	1.0	0.07	0.07	7.0	0.25	0.25	0.15	0.4|0.4|1	0.4|0.4|1	0.8|0.8|1	0.8|0.8|1	0.67|0.67|0.67	-1|-1|-1	1|1|1	0	2	0	0	0	0	0	0	0	0	0	0	0.0
105403	0	105403	0	0		0	0.0		0.0	0	0	0.0	0.0	0.0	0.0	0.0	0.0	0	0.0	0	0	0	0	0																																																																																																																																		0			0	0	0	0	0	0	0.0	0	0	0	0.0	0.0	0.0	0.0	0.0	0.0	0.0								105404	0	0	0	0	0	0	0	0	0	0	0	0.0
105408	0	105408	0	0		0	0.0		0.0	105410	105410	0.0	0.0	0.0	0.0	0.0	0.0	0	0.0	0	0	0	0	0																																																																																																																																		0			0	0	0	0	0	0	0.0	0	0	0	0.0	0.0	0.0	0.0	0.0	0.0	0.0								105409	105408	0	0	105409	0	0	0	0	0	0	0	0.0
105418	0	105418	0	0		0	0.0		0.0	0	0	0.0	0.0	0.0	0.0	0.0	0.0	0	0.0	0	0	0	0	0																																																																																																																																		0			0	0	0	0	0	0	0.0	0	0	0	0.0	0.0	0.0	0.0	0.0	0.0	0.0								0	0	0	0	0	0	0	0	0	0	0	0	0.0
105409	0	105409	0	0		0	0.0		0.0	105408	0	0.0	0.0	0.0	0.0	0.0	0.0	0	0.0	0	0	0	0	0																																																																																																																																		0			0	0	0	0	0	0	0.0	0	0	0	0.0	0.0	0.0	0.0	0.0	0.0	0.0								105410	105409	0	0	105410	0	0	0	0	0	0	0	0.0
1051	1	1051	1	1051	Lucia: Crimson Weave	0	0.3	R5LuxiyaMd010011RM	0.3	1051	0	0.0	0.1	0.0	0.2	0.6499	0.55	10	1.7	0	0	3	0	0			105101											1000486	10513116									1051001	1051002	1051003	1051004	1051005	1051010	1051006	1051007	1051008	1051009	1051011	1051012	1051013	1051014	1051015	1051016	1051017	1051018	1051019	1051020	1051021	1051022	1051023	1051024	1051025	1051026	1051027	1051028	1051029	1051031	1051040	1051041	1051042	1051043	1051044	1051045	1051046	1051047	1051048	1051049	1051051	1051052	1051053	1051054	1051055	1051056	1051057	1051060	1051061	1051062	1051063	1051064	1051065	1051066	1051067	1051068	1051071	1051072	1051074	1051075	1051076	1051091	1051092	1051093	1051080	1051081	1051082	1051083	1051084	1051085	1051086	1051087	1051088	1051089	1051096	1051098	1051099	1051100																													0			1	1	1	1	0	1051	0.8	10	1	0	1.0	0.07	0.07	7.0	0.25	0.25	0.15	0.4|0.4|1	0.4|0.4|1	0.8|0.8|1	0.8|0.8|1	0.67|0.67|0.67	-1|-1|-1	1|1|1	1051	0	0	0	0	1	0	0	0	0	1	0	0.0
1056	1	1056	1	1051	Lucia: Crimson Weave	0	0.3	R5LuxiyaMd010011RM	0.3	1056	0	0.0	0.1	0.0	0.2	0.6499	0.55	10	1.7	0	0	3	0	0			105101											1000486	10513117									1051001	1051002	1051003	1051004	1051005	1051010	1051006	1051007	1051008	1051009	1051011	1051012	1051013	1051014	1051015	1051016	1051017	1051018	1051019	1051020	1051021	1051022	1051023	1051024	1051025	1051026	1051027	1051028	1051029	1051031	1051040	1051041	1051042	1051043	1051044	1051045	1051046	1051047	1051048	1051049	1051051	1051052	1051053	1051054	1051055	1051056	1051057	1051060	1051061	1051062	1051063	1051064	1051065	1051066	1051067	1051068	1051071	1051072	1051074	1051075	1051076	1051091	1051092	1051093	1051080	1051081	1051082	1051083	1051084	1051085	1051086	1051087	1051088	1051089	1051096	1051098	1051099	1051100																													0			1	1	1	1	0	1056	0.8	10	1	0	1.0	0.07	0.07	7.0	0.25	0.25	0.15	0.4|0.4|1	0.4|0.4|1	0.8|0.8|1	0.8|0.8|1	0.67|0.67|0.67	-1|-1|-1	1|1|1	1056	0	0	0	0	1	0	0	0	0	0	0	0.0
1201	1	1201	1	0	露西亚·跃升登龙镜头锁定NPC	0	0.0	Mo1RelinknullMd010011RM	0.3	1200	0	0.0	0.1	0.0	0.0	0.0	0.0	0	1.7	0	1	0	1	1																																																																																																																																		0			0	0	0	0	0	0	0.0	0	0	0	0.0	0.0	0.0	0.0	0.0	0.0	0.0								0	0	0	0	0	1	0	0	0	0	0	0	0.0
1200	1	1200	1	0	公共NPC测试	0	0.0	Mo1RelinknullMd010011RM	0.3	1200	0	0.0	0.1	0.0	0.2	0.6499	0.55	10	1.7	0	1	0	0	0																								1200001																																																																																																										0			0	0	0	0	0	0	0.8	10	1	0	1.0	0.07	0.07	7.0	0.25	0.25	0.15	0.4|0.4|1	0.4|0.4|1	0.8|0.8|1	0.8|0.8|1	0.67|0.67|0.67	-1|-1|-1	1|1|1	1200	0	0	0	0	1	0	0	0	0	0	0	0.0
1052	2	1052	1052	1052	Nanami: Startrail	0	0.3	R5YongyechaoMd010011RM	0.3	1052	1	0.0	0.1	0.0	0.2	0.6499	0.55	10	1.7	0	0	3	0	0			105201	105202	105203									105217	105239	1000487	1052826	1052828	1052281					105201	105202	105203	105204	105205	105206	105207	105208	105209	105210	105211	105212	105213	105214	105215	105216	105217	105218	105219	105220	105221	105222	105223	105224	105225	105226	105227	105228	105229	105230	105231	105232	105233	105234	105235	105236	105237	105238	105239	105240	105241	105242	105243	105244	105245	105246	105247	105248	105249	105250	105251	105252	105253	105254	105255	105256	105257	105258	105259	105260	105261	105262	105263	105264	105265	105266	105267	105268	105269	105270	105271	105272	105273	105274	105275	105276	105277	105278	105279	105291	105292	105293																									0			1	1	1	1	0	1052	0.8	10	1	0	1.0	0.07	0.07	7.0	0.25	0.25	0.15	0.4|0.4|1	0.4|0.4|1	0.8|0.8|1	0.8|0.8|1	0.67|0.67|0.67	-1|-1|-1	1|1|1	1052	2	0	0	0	0	0	0	0	0	0	0	0.0
1057	1	1057	1057	1052	Nanami: Startrail	0	0.3	R5YongyechaoMd010011RM	0.3	1057	1	0.0	0.1	0.0	0.2	0.6499	0.55	10	1.7	0	0	3	0	0			105201	105202	105203									105217	1057014	1057015	1000487	1052827	1052828					105244	105245	105246	105247	105248	105249	105250	105251	105252	105253	105254	105255	105256	105257	105258	105259	105260	105261	105262	105269	105270	105271	105272	105291	105292	105293	105275	105263	105264	105276	105277	105278	105279	105701	105702	105703	105704	105710	105711	105712	105713	105714	105715	105716	105717	105718	105705	105765	105721	105722	105726	105727	105731	105773	105768	105732	105774	105775	105728	105729	105730	105776	105777	105778	105779	105780	105719	105787	105781	105782																																					0			1	1	1	1	0	1052	0.8	10	1	0	1.0	0.07	0.07	7.0	0.25	0.25	0.15	0.4|0.4|1	0.4|0.4|1	0.8|0.8|1	0.8|0.8|1	0.67|0.67|0.67	-1|-1|-1	1|1|1	1057	2	0	0	0	0	0	0	0	0	0	0	0.0
1053	3	1053	1053	1053	Liv: Empyrea	0	0.3	R4LifuMd010031RM	0.3	1053	1	0.0	0.1	0.0	0.2	0.6499	0.55	10	1.7	0	0	3	0	0			105301											105308008	1000488	10530806	10535001							105301	105302	105303	105304	105305	105306	105307	105308	105309	105310	105311	105320	105321	105330	105331	105332	105333	105334	105340	105341	105350	105360	105361	105362	105370	105371	105372	105373	105374	105391	105392	105393	105399																																																																										0			1	1	1	1	0	1053	0.8	10	1	0	1.0	0.07	0.07	8.0	0.25	0.25	0.15	0.4|0.4|1	0.4|0.4|1	0.8|0.8|1	0.8|0.8|1	0.67|0.67|0.67	-1|-1|-1	1|1|1	1053	2	0	0	0	0	0	0	0	0	0	0	6.0
1058	3	1058	1058	1053	Liv: Empyrea	0	0.3	R4LifuMd010031RM	0.3	1053	1	0.0	0.1	0.0	0.2	0.6499	0.55	10	1.7	0	0	3	0	0			105301											105308008	1000488	10530806	10580005							105812	105301	105302	105303	105304	105305	105306	105307	105308	105309	105310	105311	105320	105321	105330	105331	105332	105333	105334	105340	105341	105350	105360	105361	105362	105370	105371	105372	105373	105374	105391	105392	105393	105399																																																																									0			1	1	1	1	0	1053	0.8	10	1	0	1.0	0.07	0.07	8.0	0.25	0.25	0.15	0.4|0.4|1	0.4|0.4|1	0.8|0.8|1	0.8|0.8|1	0.67|0.67|0.67	-1|-1|-1	1|1|1	1053	2	0	0	0	0	0	0	0	0	0	0	6.0
1060	3	1060	1060	1060	Babylonia Lucia: Pyroath	0	0.3	R6LuxiyaMd010031RM	0.3	1060	1	0.0	0.1	0.0	0.2	0.6499	0.55	10	1.7	0	0	3	0	0			106001	106002										10600101	10600102	10600103	10600104	1000446	10600122	10600280				106001	106002	106003	106004	106005	106006	106007	106008	106010	106011	106012	106013	106020	106021	106030																																																																																												0			1	1	1	1	0	1060	0.8	10	1	0	1.0	0.07	0.07	99999.0	0.25	0.25	0.15	0.4|0.4|1	0.4|0.4|1	0.8|0.8|1	0.8|0.8|1	0.67|0.67|0.67	-1|-1|-1	1|1|1	1060	2	0	0	0	0	0	0	0	0	1	0	6.0
1054	1	1054	1054	0	Bianca: Crepuscule	0	0.3	R5BiankaMd010021RM	0.3	1054	1	0.0	0.1	0.0	0.2	0.6499	0.55	10	999.0	0	0	3	0	0			105401											10540024	1000487	10540002	10540032							105401	105402	105403	105404	105405	105406	105407	105408	105409	105410	105411	105412	105413	105414	105415	105416	105417	105418	105419	105420	105421	105422	105423	105424	105425	105426	105427	105428	105429	105430	105431	105432	105433	105434	105435	105436	105437	105438	105439																																																																				0			1	1	1	1	0	1054	0.8	10	1	0	1.0	0.07	0.07	7.0	0.25	0.25	0.15	0.4|0.4|1	0.4|0.4|1	0.8|0.8|1	0.8|0.8|1	0.67|0.67|0.67	-1|-1|-1	1|1|1	1054	2	0	0	1054	0	0	0	0	0	0	0	0.0
1059	1	1059	1059	0	Bianca: Crepuscule	0	0.3	R5BiankaMd010021RM	0.3	1054	1	0.0	0.1	0.0	0.2	0.6499	0.55	10	999.0	0	0	3	0	0			105401											10590006	10590008									105901	105902	105903	105904	105905	105906	105907	105908	105909	105910	105911	105912	105913	105914	105915	105916	105917	105918	105919	105920	105921	105922	105923	105924																																																																																			0			1	1	1	1	0	1054	0.8	10	1	0	1.0	0.07	0.07	7.0	0.25	0.25	0.15	0.4|0.4|1	0.4|0.4|1	0.8|0.8|1	0.8|0.8|1	0.67|0.67|0.67	-1|-1|-1	1|1|1	1059	2	0	0	1059	0	0	0	0	0	0	0	0.0
3401	1	3401	1	0	Babylonia Battle: Crimson Weave	0	0.3	R5LuxiyaMd010011RM	0.3	1051	0	0.0	0.1	0.0	0.2	0.6499	0.55	10	1.7	0	0	3	0	0			105101											1000486										1051001	1051002	1051003	1051004	1051005	1051010	1051006	1051007	1051008	1051009	1051011	1051012	1051013	1051014	1051015	1051016	1051017	1051018	1051019	1051020	1051021	1051022	1051023	1051024	1051025	1051026	1051027	1051028	1051029	1051031	1051040	1051041	1051042	1051043	1051044	1051045	1051046	1051047	1051048	1051049	1051051	1051052	1051053	1051054	1051055	1051056	1051057	1051060	1051061	1051062	1051063	1051064	1051065	1051066	1051067	1051068	1051071	1051072	1051074	1051075	1051076	1051091	1051092	1051093	1051081	1051082	1051083	1051084	1051085	1051086	1051087	1051088	1051089	1051096	1051098	1051099	1051100																														0			1	1	1	1	0	1051	0.8	10	1	0	1.0	0.07	0.07	7.0	0.25	0.25	0.15	0.4|0.4|1	0.4|0.4|1	0.8|0.8|1	0.8|0.8|1	0.67|0.67|0.67	-1|-1|-1	1|1|1	1051	0	0	0	0	0	0	0	0	0	1	0	0.0
1055	0	1055	1055	1053	Liv: Limpidity	0	0.3	R5LifuMd010031RM	0.0	1055	0	0.0	0.0	0.0	0.2	0.6499	0.55	10	1.7	0	0	3	0	0			105501											105501103	105501105	105501203	105501110	105501116						1055001	1055002	1055003	1055004	1055005	1055006	1055007	1055008	1055009	1055010	1055011	1055012	1055013	1055014	1055015	1055016	1055017	1055018	1055019	1055020	1055021	1055022	1055023	1055024	1055025	1055026	1055027	1055028	1055029	1055030	1055031	1055032	1055033	1055034	1055035	1055036	1055037	1055038	1055039																																																																				0			1	1	1	1	0	1055	0.0	0	0	0	1.0	0.07	0.07	7.0	0.25	0.25	0.15	0.4|0.4|1	0.4|0.4|1	0.8|0.8|1	0.8|0.8|1	0.67|0.67|0.67	-1|-1|-1	1|1|1	1055	2	0	0	0	1	0	0	0	0	0	0	0.0
1061	0	1061	1055	1053	Liv: Limpidity Phase 1	0	0.3	R5LifuMd010031RM	0.0	1055	0	0.0	0.0	0.0	0.2	0.6499	0.55	10	1.7	0	0	3	0	0			105501											105501103	105501105	105501203	105501110	105501114	105501116					1055001	1055002	1055003	1055004	1055005	1055006	1055007	1055008	1055009	1055010	1055011	1055012	1055013	1055014	1055015	1055016	1055017	1055018	1055019	1055020	1055021	1055022	1055023	1055024	1055025	1055026	1055027	1055028	1055029	1055030	1055031	1055032	1055033	1055034	1055035	1055036	1055037	1055038	1055039																																																																				0			1	1	1	1	0	1055	0.0	0	0	0	1.0	0.07	0.07	7.0	0.25	0.25	0.15	0.4|0.4|1	0.4|0.4|1	0.8|0.8|1	0.8|0.8|1	0.67|0.67|0.67	-1|-1|-1	1|1|1	1061	2	0	0	0	1	0	0	0	0	0	0	0.0
1062	0	1062	1062	1053	Divine Liv Flying Blade	0	0.3	R5LifuMd010031RM	0.0	1055	0	0.0	0.0	0.0	0.2	0.6499	0.55	10	1.7	0	0	3	0	0			105501											106201001	106201002	106201003	106201004	106201005	106201006	106201007																																																																																																														0			1	1	1	1	0	1055	0.0	0	0	0	1.0	0.07	0.07	7.0	0.25	0.25	0.15	0.4|0.4|1	0.4|0.4|1	0.8|0.8|1	0.8|0.8|1	0.67|0.67|0.67	-1|-1|-1	1|1|1	1062	2	0	0	0	1	0	0	0	0	0	0	0.0
1025	1	1025	1025	0	肉鸽6-维罗妮卡	0	0.3	R3WeiluonikaMd010011RM	0.3	1025	1	1.0	0.1	0.0	0.2	0.6499	0.55	10	999.0	0	0	3	0	0			102501											1025002	1025003	1025004								1025001	1025002	1025003	1025004	1025005	1025006	1025007	1025009	1025010	1025101	1025102	1025103	1025104	1025105	1025106	1025107	1025108	1025109	1025110	1025111	1025112	1025201	1025202	1025203	1025204	1025205	1025206	1025207	1025208	1025209	1025210	1025211	1025212	1025213	1025214	1025215	1025216	1025217	1025218	1025219	1025220	1025221	1025301	1025302	1025303	1025304	1025401	1025402	1025403	1025404	1025501	1025502	1025503	1025504	1025505	1025506	1025507	1025508	1025509	1025510	1025511	1025512	1025513	1025514	1025515																																										0			1	1	1	1	0	1051	0.8	10	1	0	1.0	0.07	0.07	7.0	0.25	0.25	0.15	0.4|0.4|1	0.4|0.4|1	0.8|0.8|1	0.8|0.8|1	0.67|0.67|0.67	-1|-1|-1	1|1|1	1025	2	0	0	0	0	0	0	0	0	0	0	0.0
1050	1	1050	1050	0	肉鸽6-空NPC	0	0.0	Mo1RelinknullMd010011RM	0.0	1200	0	0.1	0.3	0.0	1.0	0.2	1.0	10	0.0	0	0	0	0	0																																																																																																																																		0			1	1	0	0	0	0	0.0	0	10	0	0.8	0.55	0.6499	0.07	0.25	0.25	0.07	0.4|0.4|1	0.4|0.4|1	0.8|0.8|1	0.8|0.8|1	0.67|0.67|0.67	-1|-1|-1	1|1|1	0	0	0	0	0	0	0	0	0	0	0	0	0.0
1026	1	1026	1026	0	肉鸽6-鬼白毛	0	0.3	R7LuxiyaMd010011RM	0.3	1026	1	1.0	0.1	0.0	0.2	0.6499	0.55	10	999.0	0	0	3	0	0			102601	102602										1026016										1026391	1026392	1026393	1026394	1026395	1026191	1026192	1026193	1026194	1026195	1026196	1026199	1026197	1026198	1026291	1026292	1026293	1026294	1026295	1026296	1026297	1026298	1026201	1026202	1026203	1026204	1026205	1026206	1026207	1026208	1026209	1026210	1026211	1026001	1026002	1026003	1026004	1026005	1026006	1026007	1026008	1026009	1026010	1026501	1026502	1026503	1026504	1026505	1026506	1026507	1026508	1026509	1026510	1026511	1026512	1026513	1026514	1026515	1026516	1026601	1026602	1026603	1026604	1026605	1026606	1026607	1026608	1026609	1026701	1026702	1026703	1026704	1026705	1026706	1026707	1026801	1026802	1026803	1026804	1026805	1026806	1026807	1026808	1026809	1026810	1026811	1026812	1026813	1026814	1026815	1026816	1026817	1026818	1026819	1026820	1026821	1026822	1026823	1026824	1026825	1026826	1026827	1026828	1026829	1026830	1026831	0			1	1	1	1	0	1051	0.8	10	1	0	1.0	0.07	0.07	7.0	0.25	0.25	0.15	0.4|0.4|1	0.4|0.4|1	0.8|0.8|1	0.8|0.8|1	0.67|0.67|0.67	-1|-1|-1	1|1|1	1026	2	0	0	0	0	0	0	0	0	0	0	0.0
1027	0	1027	1027	0		0	0.3	R4ShenweiMd019421RM	0.0	1027	1	0.0	0.0	0.0	0.2	0.6499	0.55	10	999.0	0	0	3	0	0			102701	102702										1027001										1027001	1027002	1027003	1027004	1027005	1027006	1027007	1027009	1027010	1027501	1027502	1027503	1027504	1027505	1027506	1027507	1027508	1027509	1027510	1027511	1027512	1027513	1027514	1027515	1027516	1027517	1027518	1027519	1027520	1027301	1027302	1027303	1027201	1027202	1027203	1027204	1027205	1027206	1027207	1027208	1027209	1027210	1027211	1027212	1027213	1027214	1027215	1027216	1027217	1027218	1027219	1027220	1027221	1027222	1027223	1027224	1027304	1027305	1027306	1027307	1027308	1027309	1027310	1027601	1027602	1027603	1027604	1027605	1027606	1027607	1027608	1027609	1027610	1027611	1027612	1027613	1027614	1027615	1027616	1027617	1027618	1027619	1027620	1027621	1027622	1027623	1027624	1027625	1027626																		0			1	1	1	1	0	1051	0.0	0	0	0	1.0	0.07	0.07	7.0	0.25	0.25	0.15	0.4|0.4|1	0.4|0.4|1	0.8|0.8|1	0.8|0.8|1	0.67|0.67|1	-1|-1|-1	1|1|1	1027	2	0	1	0	1	0	0	0	0	0	0	0.0
1028	0	1028	1028	0		0	0.3	R3NietiyaMd019421RM	0.0	1028	0	0.0	0.0	0.0	0.2	0.6499	0.55	10	999.0	0	0	3	0	0			102802																					1028001	1028002	1028003	1028004	1028005	1028006	1028007	1028009	1028010	1028101	1028102	1028103	1028104	1028105	1028201	1028202	1028203	1028204	1028205	1028206	1028207	1028301	1028302	1028303	1028304	1028401	1028402	1028305	1028403	1028112	1028106	1028114	1028115	1028108	1028109	1028110	1028111	1028107	1028113	1028208	1028209	1028210	1028214	1028217	1028212	1028215	1028213	1028216	1028211	1028505	1028506	1028513	1028517	1028501	1028507	1028508	1028514	1028502	1028518	1028509	1028510	1028515	1028503	1028504	1028511	1028512	1028516	1028519																																							0			1	1	1	1	0	1051	0.0	0	0	0	1.0	0.07	0.07	7.0	0.25	0.25	0.15	0.4|0.4|1	0.4|0.4|1	0.8|0.8|1	0.8|0.8|1	0.67|0.67|0.67	-1|-1|-1	1|1|1	1028	2	0	2	0	1	0	0	0	0	0	0	0.0
9001	0	9001	0	0		0	0.0		0.0	0	0	0.0	0.0	0.0	0.0	0.0	0.0	0	0.0	0	0	0	0	0																																																																																																																																		0			0	0	0	0	0	0	0.0	0	0	0	0.0	0.0	0.0	0.0	0.0	0.0	0.0								0	0	0	0	0	0	0	0	0	0	0	0	0.0
8005	0	8005	5	0	Radiant Dragon	1	1.0	Mb1JueanhtMd010001	0.3	8005	9100	0.0	1.0	0.0	0.2	0.6499	0.55	50	1.0	0	0	3	0	0			800201	800202	800203	800204	800205	800206	800207	800208	800209			8005001	8005958									8005000	8005003	8005004	8005005	8005006	8005007	8005008	8005009	8005011	8005012	8005013	8005014	8005015	8005017	8005030	8005031	8005032	8005033	8005034	8005035	8005036	8005037	8005038	8005039	8005040	8005041	8005042	8005043	8005045	8005046	8005047	8005048	8005051	8005053	8005055	8005056	8005121	8005122	8005123	8005124	8005125	8005127	8005128	8005132	8005136	8005296	8005297	8005298	8005299	8005300	8005301	8005311	8005312	8005313	8005314	8005315	8005321	8005322	8005323	8005324	8005325	8005326	8005331	8005332	8005333	8005500	8005501	8005502	8005503	8005504	8005505	8005506	8005507	8005508	8005509	8005510	8005511	8005512	8005513	8005514	8005515	8005516	8005517	8005518	8005519	8005520	8005521	8005522	8005523	8005524	8005525																0			0	0	1	1	0	100201	0.8	100	1	1	1.0	0.0	0.0	0.0	0.0	0.0	0.0								8005	0	0	0	0	0	0	0	0	0	0	0	0.0
8006	0	8006	5	0	Radiant Dragon	1	1.0	Mb1JueanhtMd010001	0.3	8006	9100	0.0	1.0	0.0	0.2	0.6499	0.55	50	1.0	0	0	3	0	0			800201	800202	800203	800204	800205	800206	800207	800208	800209			8005001	8005958									8005000	8005003	8005004	8005005	8005006	8005007	8005008	8005009	8005011	8005012	8005013	8005014	8005015	8005017	8005030	8005031	8005032	8005033	8005034	8005035	8005036	8005037	8005038	8005039	8005040	8005041	8005042	8005043	8005045	8005046	8005047	8005048	8005051	8005053	8005055	8005056	8005121	8005122	8005123	8005124	8005125	8005127	8005128	8005132	8005136	8005296	8005297	8005298	8005299	8005300	8005301	8005311	8005312	8005313	8005314	8005315	8005321	8005322	8005323	8005324	8005325	8005326	8005331	8005332	8005333	8005500	8005501	8005502	8005503	8005504	8005505	8005506	8005507	8005508	8005509	8005510	8005511	8005512	8005513	8005514	8005515	8005516	8005517	8005518	8005519	8005520	8005521	8005522	8005523	8005524	8005525																0			0	0	1	1	0	100201	0.8	100	1	1	1.0	0.0	0.0	0.0	0.0	0.0	0.0								8006	0	0	0	0	0	0	0	0	0	0	0	0.0
8007	0	8007	5	0	Radiant Dragon	1	1.0	Mb1JueanhtMd010001	0.3	8007	9100	0.0	1.0	0.0	0.2	0.6499	0.55	50	1.0	0	0	3	0	0			800201	800202	800203	800204	800205	800206	800207	800208	800209			8005001	8005958									8005000	8005003	8005004	8005005	8005006	8005007	8005008	8005009	8005011	8005012	8005013	8005014	8005015	8005017	8005030	8005031	8005032	8005033	8005034	8005035	8005036	8005037	8005038	8005039	8005040	8005041	8005042	8005043	8005045	8005046	8005047	8005048	8005051	8005053	8005055	8005056	8005121	8005122	8005123	8005124	8005125	8005127	8005128	8005132	8005136	8005296	8005297	8005298	8005299	8005300	8005301	8005311	8005312	8005313	8005314	8005315	8005321	8005322	8005323	8005324	8005325	8005326	8005331	8005332	8005333	8005500	8005501	8005502	8005503	8005504	8005505	8005506	8005507	8005508	8005509	8005510	8005511	8005512	8005513	8005514	8005515	8005516	8005517	8005518	8005519	8005520	8005521	8005522	8005523	8005524	8005525																0			0	0	1	1	0	100201	0.8	100	1	1	1.0	0.0	0.0	0.0	0.0	0.0	0.0								8007	0	0	0	0	0	0	0	0	0	0	0	0.0
8008	0	8008	5	0	Radiant Dragon	1	1.0	Mb1JueanhtMd010001	0.3	8008	9100	0.0	1.0	0.0	0.2	0.6499	0.55	50	1.0	0	0	3	0	0			800201	800202	800203	800204	800205	800206	800207	800208	800209			8005001	8005958									8005000	8005003	8005004	8005005	8005006	8005007	8005008	8005009	8005011	8005012	8005013	8005014	8005015	8005017	8005030	8005031	8005032	8005033	8005034	8005035	8005036	8005037	8005038	8005039	8005040	8005041	8005042	8005043	8005045	8005046	8005047	8005048	8005051	8005053	8005055	8005056	8005121	8005122	8005123	8005124	8005125	8005127	8005128	8005132	8005136	8005296	8005297	8005298	8005299	8005300	8005301	8005311	8005312	8005313	8005314	8005315	8005321	8005322	8005323	8005324	8005325	8005326	8005331	8005332	8005333	8005500	8005501	8005502	8005503	8005504	8005505	8005506	8005507	8005508	8005509	8005510	8005511	8005512	8005513	8005514	8005515	8005516	8005517	8005518	8005519	8005520	8005521	8005522	8005523	8005524	8005525																0			0	0	1	1	0	100201	0.8	100	1	1	1.0	0.0	0.0	0.0	0.0	0.0	0.0								8008	0	0	0	0	0	0	0	0	0	0	0	0.0
8009	0	8009	5	0	Radiant Dragon	1	1.0	Mb1JueanhtMd010001	0.3	8009	9100	0.0	1.0	0.0	0.2	0.6499	0.55	50	1.0	0	0	3	0	0			800201	800202	800203	800204	800205	800206	800207	800208	800209			8005001	8005958									8005000	8005003	8005004	8005005	8005006	8005007	8005008	8005009	8005011	8005012	8005013	8005014	8005015	8005017	8005030	8005031	8005032	8005033	8005034	8005035	8005036	8005037	8005038	8005039	8005040	8005041	8005042	8005043	8005045	8005046	8005047	8005048	8005051	8005053	8005055	8005056	8005121	8005122	8005123	8005124	8005125	8005127	8005128	8005132	8005136	8005296	8005297	8005298	8005299	8005300	8005301	8005311	8005312	8005313	8005314	8005315	8005321	8005322	8005323	8005324	8005325	8005326	8005331	8005332	8005333	8005500	8005501	8005502	8005503	8005504	8005505	8005506	8005507	8005508	8005509	8005510	8005511	8005512	8005513	8005514	8005515	8005516	8005517	8005518	8005519	8005520	8005521	8005522	8005523	8005524	8005525																0			0	0	1	1	0	100201	0.8	100	1	1	1.0	0.0	0.0	0.0	0.0	0.0	0.0								8009	0	0	0	0	0	0	0	0	0	0	0	0.0
8010	0	8010	5	0	Radiant Dragon	1	1.0	Mb1JueanhtMd010001	0.3	8010	9100	0.0	1.0	0.0	0.2	0.6499	0.55	50	1.0	0	0	3	0	0			800201	800202	800203	800204	800205	800206	800207	800208	800209			8005001	8005958									8005000	8005003	8005004	8005005	8005006	8005007	8005008	8005009	8005011	8005012	8005013	8005014	8005015	8005017	8005030	8005031	8005032	8005033	8005034	8005035	8005036	8005037	8005038	8005039	8005040	8005041	8005042	8005043	8005045	8005046	8005047	8005048	8005051	8005053	8005055	8005056	8005121	8005122	8005123	8005124	8005125	8005127	8005128	8005132	8005136	8005296	8005297	8005298	8005299	8005300	8005301	8005311	8005312	8005313	8005314	8005315	8005321	8005322	8005323	8005324	8005325	8005326	8005331	8005332	8005333	8005500	8005501	8005502	8005503	8005504	8005505	8005506	8005507	8005508	8005509	8005510	8005511	8005512	8005513	8005514	8005515	8005516	8005517	8005518	8005519	8005520	8005521	8005522	8005523	8005524	8005525																0			0	0	1	1	0	100201	0.8	100	1	1	1.0	0.0	0.0	0.0	0.0	0.0	0.0								8010	0	0	0	0	0	0	0	0	0	0	0	0.0
8011	0	8011	5	0	Radiant Dragon	1	1.0	Mb1JueanhtMd010001	0.3	8011	9100	0.0	1.0	0.0	0.2	0.6499	0.55	50	1.0	0	0	3	0	0			800201	800202	800203	800204	800205	800206	800207	800208	800209			8005001	8005958									8005000	8005003	8005004	8005005	8005006	8005007	8005008	8005009	8005011	8005012	8005013	8005014	8005015	8005017	8005030	8005031	8005032	8005033	8005034	8005035	8005036	8005037	8005038	8005039	8005040	8005041	8005042	8005043	8005045	8005046	8005047	8005048	8005051	8005053	8005055	8005056	8005121	8005122	8005123	8005124	8005125	8005127	8005128	8005132	8005136	8005296	8005297	8005298	8005299	8005300	8005301	8005311	8005312	8005313	8005314	8005315	8005321	8005322	8005323	8005324	8005325	8005326	8005331	8005332	8005333	8005500	8005501	8005502	8005503	8005504	8005505	8005506	8005507	8005508	8005509	8005510	8005511	8005512	8005513	8005514	8005515	8005516	8005517	8005518	8005519	8005520	8005521	8005522	8005523	8005524	8005525																0			0	0	1	1	0	100201	0.8	100	1	1	1.0	0.0	0.0	0.0	0.0	0.0	0.0								8011	0	0	0	0	0	0	0	0	0	0	0	0.0
8012	0	8012	5	0	Radiant Dragon	1	1.0	Mb1JueanhtMd010001	0.3	8012	9100	0.0	1.0	0.0	0.2	0.6499	0.55	50	1.0	0	0	3	0	0			800201	800202	800203	800204	800205	800206	800207	800208	800209			8005001	8005958									8005000	8005003	8005004	8005005	8005006	8005007	8005008	8005009	8005011	8005012	8005013	8005014	8005015	8005017	8005030	8005031	8005032	8005033	8005034	8005035	8005036	8005037	8005038	8005039	8005040	8005041	8005042	8005043	8005045	8005046	8005047	8005048	8005051	8005053	8005055	8005056	8005121	8005122	8005123	8005124	8005125	8005127	8005128	8005132	8005136	8005296	8005297	8005298	8005299	8005300	8005301	8005311	8005312	8005313	8005314	8005315	8005321	8005322	8005323	8005324	8005325	8005326	8005331	8005332	8005333	8005500	8005501	8005502	8005503	8005504	8005505	8005506	8005507	8005508	8005509	8005510	8005511	8005512	8005513	8005514	8005515	8005516	8005517	8005518	8005519	8005520	8005521	8005522	8005523	8005524	8005525																0			0	0	1	1	0	100201	0.8	100	1	1	1.0	0.0	0.0	0.0	0.0	0.0	0.0								8005	0	0	0	0	0	0	0	0	0	0	0	0.0
8051	0	8051	3	0	Lucia Stake	1	1.0	R1LuxiyaMd010011RM_Relink	0.3	8051	9100	1.0	0.1	0.0	0.2	0.6499	0.55	50	1.0	0	0	1	0	0																																																																																																																																		0			0	1	0	1	0	100201	0.8	100	1	1	1.0	0.0	0.0	0.0	0.0	0.0	0.0								0	0	0	0	0	0	0	0	0	0	0	0	0.0
8052	0	8052	5	0	Nocturne Stalker	1	1.0	Mb1StarknightMd010003RM	0.3	8052	9100	1.2	1.0	0.0	0.2	0.6499	0.55	50	1.0	0	0	3	0	0														1000418										805201	805202	805203	805204	805205	805206	805207	805208	805209	805210	805211	805212	805213	805214	805215	805216	805217	805218	805219	805220	805221	805222	805223	805224	805225	805226	805227	805228	805229	805230	805231	805232	805233	805234	805235	805236	805237	805238	805239	805240	805241	805242	805243	805244	805245	805246	805247	805248	805249	805250	805251	805252	805253	805254	805255	805256	805257	805258	805259	805260	805261	805262	805263	805264	805265	805266	805267	805268	805269	805270	805271	805272	805273	805274	805275	805276	805277	805278	805279	805280	805281	805282																									0			0	0	1	1	0	100201	0.8	100	1	1	1.0	0.0	0.0	0.0	0.0	0.0	0.0								8052	0	0	0	0	0	0	0	0	0	0	0	0.0
8060	0	8060	5	0	Nocturne Stalker	1	1.0	Mb1StarknightMd010003RM	0.3	8060	9100	1.2	1.0	0.0	0.2	0.6499	0.55	50	1.0	0	0	3	0	0														1000418										805201	805202	805203	805204	805205	805206	805207	805208	805209	805210	805211	805212	805213	805214	805215	805216	805217	805218	805219	805220	805221	805222	805223	805224	805225	805226	805227	805228	805229	805230	805231	805232	805233	805234	805235	805236	805237	805238	805239	805240	805241	805242	805243	805244	805245	805246	805247	805248	805249	805250	805251	805252	805253	805254	805255	805256	805257	805258	805259	805260	805261	805262	805263	805264	805265	805266	805267	805268	805269	805270	805271	805272	805273	805274	805275	805276	805277	805278	805279	805280	805281	805282																									0			0	0	1	1	0	100201	0.8	100	1	1	1.0	0.0	0.0	0.0	0.0	0.0	0.0								8052	0	0	0	0	0	0	0	0	0	0	0	0.0
8061	0	8061	5	0	Nocturne Stalker	1	1.0	Mb1StarknightMd010003RM	0.3	8061	9100	1.2	1.0	0.0	0.2	0.6499	0.55	50	1.0	0	0	3	0	0														1000418										805201	805202	805203	805204	805205	805206	805207	805208	805209	805210	805211	805212	805213	805214	805215	805216	805217	805218	805219	805220	805221	805222	805223	805224	805225	805226	805227	805228	805229	805230	805231	805232	805233	805234	805235	805236	805237	805238	805239	805240	805241	805242	805243	805244	805245	805246	805247	805248	805249	805250	805251	805252	805253	805254	805255	805256	805257	805258	805259	805260	805261	805262	805263	805264	805265	805266	805267	805268	805269	805270	805271	805272	805273	805274	805275	805276	805277	805278	805279	805280	805281	805282																									0			0	0	1	1	0	100201	0.8	100	1	1	1.0	0.0	0.0	0.0	0.0	0.0	0.0								8061	0	0	0	0	0	0	0	0	0	0	0	0.0
8062	0	8062	5	0	Nocturne Stalker	1	1.0	Mb1StarknightMd010003RM	0.3	8062	9100	1.2	1.0	0.0	0.2	0.6499	0.55	50	1.0	0	0	3	0	0														1000418										805201	805202	805203	805204	805205	805206	805207	805208	805209	805210	805211	805212	805213	805214	805215	805216	805217	805218	805219	805220	805221	805222	805223	805224	805225	805226	805227	805228	805229	805230	805231	805232	805233	805234	805235	805236	805237	805238	805239	805240	805241	805242	805243	805244	805245	805246	805247	805248	805249	805250	805251	805252	805253	805254	805255	805256	805257	805258	805259	805260	805261	805262	805263	805264	805265	805266	805267	805268	805269	805270	805271	805272	805273	805274	805275	805276	805277	805278	805279	805280	805281	805282																									0			0	0	1	1	0	100201	0.8	100	1	1	1.0	0.0	0.0	0.0	0.0	0.0	0.0								8062	0	0	0	0	0	0	0	0	0	0	0	0.0
8063	0	8063	5	0	Nocturne Stalker	1	1.0	Mb1StarknightMd010003RM	0.3	8063	9100	1.2	1.0	0.0	0.2	0.6499	0.55	50	1.0	0	0	3	0	0														1000418										805201	805202	805203	805204	805205	805206	805207	805208	805209	805210	805211	805212	805213	805214	805215	805216	805217	805218	805219	805220	805221	805222	805223	805224	805225	805226	805227	805228	805229	805230	805231	805232	805233	805234	805235	805236	805237	805238	805239	805240	805241	805242	805243	805244	805245	805246	805247	805248	805249	805250	805251	805252	805253	805254	805255	805256	805257	805258	805259	805260	805261	805262	805263	805264	805265	805266	805267	805268	805269	805270	805271	805272	805273	805274	805275	805276	805277	805278	805279	805280	805281	805282																									0			0	0	1	1	0	100201	0.8	100	1	1	1.0	0.0	0.0	0.0	0.0	0.0	0.0								8063	0	0	0	0	0	0	0	0	0	0	0	0.0
8064	0	8064	5	0	Nocturne Stalker	1	1.0	Mb1StarknightMd010003RM	0.3	8064	9100	1.2	1.0	0.0	0.2	0.6499	0.55	50	1.0	0	0	3	0	0														1000418										805201	805202	805203	805204	805205	805206	805207	805208	805209	805210	805211	805212	805213	805214	805215	805216	805217	805218	805219	805220	805221	805222	805223	805224	805225	805226	805227	805228	805229	805230	805231	805232	805233	805234	805235	805236	805237	805238	805239	805240	805241	805242	805243	805244	805245	805246	805247	805248	805249	805250	805251	805252	805253	805254	805255	805256	805257	805258	805259	805260	805261	805262	805263	805264	805265	805266	805267	805268	805269	805270	805271	805272	805273	805274	805275	805276	805277	805278	805279	805280	805281	805282																									0			0	0	1	1	0	100201	0.8	100	1	1	1.0	0.0	0.0	0.0	0.0	0.0	0.0								8064	0	0	0	0	0	0	0	0	0	0	0	0.0
8200	0	8200	3	0	Look down	0	0.0	Mo1SemifiniMd010001RM	1.0	8200	0	1.2999	1.2	0.0	0.0	0.0	0.0	10	5.0	0	0	3	0	0																								820001	820002	820003	820004	820005	820006	820007	820008	820009	820010	820011	820012																																																																																															0			0	0	0	0	0	0	0.8	5	2	0	1.5	0.0	0.0	0.0	0.0	0.0	0.0								8200	0	0	0	0	0	0	0	0	0	0	0	0.0
8201	0	8201	3	0	Corrupted Construct	0	0.0	Mo1UngouzaotiMd010001RM	1.0	8201	0	1.2999	1.0	0.0	0.0	0.3	1.25	10	5.0	0	0	3	0	0																								820101	820102	820103	820104	820105																																																																																																						0			0	0	0	0	0	0	0.8	5	2	0	1.0	0.0	0.0	0.0	0.0	0.0	0.0								8200	0	0	0	0	0	0	0	0	0	0	0	0.0
8202	0	8202	3	0	Hetero-Consciousness Host	0	0.0	Me1TwofacerMd010001RM	1.0	8202	0	0.8	2.5	0.0	0.0	0.0	0.0	10	5.0	0	0	3	0	0														1010056										820201	820202	820203	820204	820205	820206																																																																																																					0			0	0	0	0	0	0	0.8	5	2	0	1.5	0.0	0.0	0.0	0.0	0.0	0.0								8200	0	0	0	0	0	0	0	0	0	0	0	0.0
8203	0	8203	3	0	Bio-Bull	0	0.0	Me1FangshengdouniuMd000001RM	0.0	8203	0	1.0	1.7	0.0	0.0	0.0	0.85	10	5.0	0	0	3	0	0																								820301	820302	820303	820304																																																																																																							0			0	0	0	0	0	0	0.8	10	2	0	1.5	0.0	0.0	0.0	0.0	0.0	0.0								8200	0	0	0	0	0	0	0	0	0	0	0	0.0
8204	0	8204	3	0	Ballard	0	0.0	Mb1GeneralMd010001RM	1.5	8204	0	0.8	1.2	0.0	0.0	0.0	0.0	9999	5.0	0	0	3	0	0														1010056										820401	820402	820403	820404	820405	820406	820407	820408	820409	820410																																																																																																	0			1	1	0	0	0	0	0.8	100	2	0	1.5	0.0	0.0	0.0	0.0	0.0	0.0								8204	0	0	0	0	0	0	0	0	0	0	0	0.0
8205	0	8205	3	0	Mechanoid Moon Eater	0	0.0	Me1SimmoonguyMd010001RM	1.0	8205	0	0.8	1.0	0.0	0.0	0.3	1.25	10	5.0	0	0	3	0	0														8205009	1010056									820501	820502	820503	820504	820505	820506																																																																																																					0			0	0	0	0	0	0	0.8	5	2	0	1.0	0.0	0.0	0.0	0.0	0.0	0.0								8200	0	0	0	0	0	0	0	0	0	0	0	0.0
8206	0	8206	3	0	Cognitive Grimace	0	0.0	Me1TadpoleMd010001RM	1.0	8206	0	1.0	1.0	0.0	0.0	0.3	1.25	10	5.0	0	0	3	0	0														1010056										820601	820602	820603	820604	820605	820606	820607	820608																																																																																																			0			0	0	0	0	0	0	0.8	5	2	0	1.0	0.0	0.0	0.0	0.0	0.0	0.0								8206	0	0	0	0	0	0	0	0	0	0	0	0.0
8207	0	8207	3	0	Sanctuary Guard	0	0.0	Me1ShengtangMd010001RM	1.0	8207	0	1.1	1.0	0.0	0.0	0.3	1.25	10	5.0	0	0	3	0	0														8207007	8207008	1010056								820701	820702	820703	820704	820705	820706																																																																																																					0			0	0	0	0	0	0	0.8	5	2	0	1.0	0.0	0.0	0.0	0.0	0.0	0.0								8200	0	0	0	0	0	0	0	0	0	0	0	0.0
8208	0	8208	3	0	Sea Fairy	0	0.0	Me1ShuixingnvMd010001RM	1.0	8208	0	1.2999	1.0	0.0	0.0	0.3	1.25	10	1.0	0	0	3	0	0														1010056							8208005	8208006	8208007	820801	820802	820803	820804	820805	820806	820807																																																																																																				0			0	0	0	0	0	0	0.8	5	2	0	1.0	0.0	0.0	0.0	0.0	0.0	0.0								8200	0	0	0	0	0	0	0	0	0	0	0	0.0
8209	0	8209	3	0	Agent Zero	0	0.0	Mb1DianaMd010002RM	1.0	8209	0	1.0	1.0	0.0	0.0	0.3	1.25	10	5.0	0	0	3	0	0														1010056										820901	820902	820903	820904	820905	820906	820907	820908	820909	820910	820911	820912	820913																																																																																														0			0	0	0	0	0	0	0.8	5	2	0	1.0	0.0	0.0	0.0	0.0	0.0	0.0								8209	0	0	0	0	0	0	0	0	0	0	0	0.0
8210	0	8210	3	0	Recycle Prisoner	0	0.0	Me1JiegouqiutuMd010001RM	1.0	8210	0	1.0	1.0	0.0	0.0	0.3	1.25	10	5.0	0	0	3	0	0														1010056										821001	821002	821003	821004	821005	821006	821007	821008																																																																																																			0			0	0	0	0	0	0	0.8	5	2	0	1.0	0.0	0.0	0.0	0.0	0.0	0.0								8210	0	0	0	0	0	0	0	0	0	0	0	0.0
8211	0	8211	3	0	Wheel of Fortune	0	0.0	Me1HetimingyunzhilunMd010001RM	1.0	8211	0	1.0	1.0	0.0	0.0	0.3	1.25	10	5.0	0	0	3	0	0														1010056										821101	821102	821103	821104	821105	821106	821107																																																																																																				0			0	0	0	0	0	0	0.8	5	2	0	1.0	0.0	0.0	0.0	0.0	0.0	0.0								8200	0	0	0	0	0	0	0	0	0	0	0	0.0
8212	0	8212	3	0	Lilith	0	0.0	Mb1LilithMd010001RM	1.0	8212	0	1.0	1.0	0.0	0.0	0.3	1.25	10	5.0	0	0	3	0	0														1010056										821201	821202	821203	821204	821205	821206																																																																																																					0			0	0	0	0	0	0	0.8	5	2	0	1.0	0.0	0.0	0.0	0.0	0.0	0.0								8212	0	0	0	0	0	0	0	0	0	0	0	0.0
8213	0	8213	3	0	加百列	0	0.0	Mb1JiabailieMd000001RM	1.0	8213	0	1.0	1.0	0.0	0.0	0.3	1.25	10	5.0	0	0	3	0	0														1010056	8213001									821301	821302	821303	821304	821305	821306	821307	821308	821310																																																																																																		0			0	0	0	0	0	0	0.8	5	2	0	1.0	0.0	0.0	0.0	0.0	0.0	0.0								8213	0	0	0	0	0	0	0	0	0	0	0	0.0
8214	0	8214	3	0	Madam Monzano	0	0.0	Mb1MonzanoMd010001RM	1.0	8214	0	1.0	1.0	0.0	0.0	0.3	1.25	10	5.0	0	0	3	0	0														1010056										821401	821402	821403	821404	821405	821406	821407																																																																																																				0			0	0	0	0	0	0	0.8	5	2	0	1.0	0.0	0.0	0.0	0.0	0.0	0.0								8200	0	0	0	0	0	0	0	0	0	0	0	0.0
8215	0	8215	3	0	Iron Maiden: Phantom	0	0.0	Mb1TifaMd010001	1.0	8215	0	1.0	1.5	0.0	0.0	0.3	1.25	10	5.0	0	0	3	0	0														1010056										821501	821502	821503	821504	821505																																																																																																						0			0	0	0	0	0	0	0.8	5	2	0	1.0	0.0	0.0	0.0	0.0	0.0	0.0								8200	0	0	0	0	0	0	0	0	0	0	0	0.0
8053	0	8053	5	0	Chiko Main Body	1	1.0	Mb1MortalpersonMd010001sRM	0.3	8053	9100	1.0	1.0	0.0	0.2	0.6499	0.55	50	1.0	0	0	3	0	0														8053001	8053019	1000446	8053051	8053056						805301	805302	805303	805304	805305	805306	805307	805308	805309	805310	805311	805312	805313	805314	805315	805316	805317	805318	805319	805320	805321	805322	805323	805324	805325	805326	805327	805328	805329	805330	805331	805332	805333	805334	805335	805336	805337	805338	805339																																																																				0			0	0	1	1	0	100201	0.8	100	1	1	1.0	0.0	0.0	0.0	0.0	0.0	0.0								8053	0	0	0	0	0	0	0	0	0	0	0	0.0
8054	0	8054	3	0	Chiko Left Tentacle	1	1.0	Mb1MortalpersonMd010002RM	0.3	8053	9100	1.0	1.0	0.0	0.2	0.6499	0.55	50	1.0	0	0	3	0	0														8053001	8053002	8054000	8053003							805401	805402	805403	805404	805405	805406	805407	805408	805409	805410	805411	805412	805413	805414	805415																																																																																												0			0	0	1	1	0	100201	0.8	100	1	1	1.0	0.0	0.0	0.0	0.0	0.0	0.0								8054	0	0	0	0	0	0	0	0	0	0	0	0.0
8055	0	8055	3	0	Chiko Right Tentacle	1	1.0	Mb1MortalpersonMd010003RM	0.3	8053	9100	1.0	1.0	0.0	0.2	0.6499	0.55	50	1.0	0	0	3	0	0														8053001	8053002	8053003	8055000							805501	805502	805503																																																																																																								0			0	0	1	1	0	100201	0.8	100	1	1	1.0	0.0	0.0	0.0	0.0	0.0	0.0								0	0	0	0	0	0	0	0	0	0	0	0	0.0
8056	0	8056	5	0	Chiko Humanoid	1	1.0	Mb1ElpisMd010002RM	0.3	8056	9100	1.2	1.0	0.0	0.2	0.6499	0.55	50	1.0	0	0	3	0	0														8053001	80560001	80560003	80560011	8053005	8053049					805601	805602	805603	805604	805605	805606	805607	805608	805609	805610	805611	805612	805613	805614	805615	805616	805617	805618	805619	805620	805621	805622	805623	805624	805625	805626	805627	805628	805629	805630	805631	805632	805633	805634	805635	805636	805637	805638	805639	805640	805641	805642	805643	805644	805645	805646	805647	805648	805649	805650	805651	805652	805653	805654	805655	805656	805657																																																		0			0	0	1	1	0	100201	0.8	100	1	1	1.0	0.0	0.0	0.0	0.0	0.0	0.0								8056	0	0	0	0	0	0	0	0	0	0	0	0.0
8057	0	8057	3	0	Summoned Tentacle	1	1.0	Mb1MortalpersonMd010002RM	0.3	8057	9100	1.0	1.0	0.0	0.2	0.6499	0.55	50	1.0	0	0	3	0	0														8053001	8053005	8053023	8054002							805401	805402	805403	805404	805405	805406	805407	805408	805409	805410	805411	805412																																																																																															0			0	0	1	1	0	100201	0.8	100	1	1	1.0	0.0	0.0	0.0	0.0	0.0	0.0								8057	0	0	0	0	0	0	0	0	0	0	0	0.0
8058	0	8058	3	0	Falling Sword	1	1.0	R1LuxiyaMd010011RM_Relink	0.3	8053	9100	1.0	1.0	0.0	0.2	0.6499	0.55	50	1.0	0	0	3	0	0														8053001	8053002	8053005																																																																																																																		0			0	0	1	1	0	100201	0.8	100	1	1	1.0	0.0	0.0	0.0	0.0	0.0	0.0								8058	0	0	0	0	0	0	0	0	0	0	0	0.0
8059	0	8059	3	0	Holy Sword Bianca	1	1.0	R5BiankaMd010021RM	0.3	8059	9100	1.0	1.0	0.0	0.2	0.6499	0.55	50	1.0	0	0	3	0	0														8053001	8053005									805901	805902	805903	805904	805905																																																																																																						0			0	0	1	1	0	100201	0.8	100	1	1	1.0	0.0	0.0	0.0	0.0	0.0	0.0								8059	0	0	0	0	0	0	0	0	0	0	0	0.0
8070	0	8070	3	0	Purified Humanoid	1	1.0	Mb1ElpisMd010002RM	0.3	8070	9100	1.0	1.0	0.0	0.2	0.6499	0.55	50	1.0	0	0	3	0	0														8053001	8053005									807001																																																																																																										0			0	0	1	1	0	100201	0.8	100	1	1	1.0	0.0	0.0	0.0	0.0	0.0	0.0								0	0	0	0	0	0	0	0	0	0	0	0	0.0
8071	0	8071	3	0	Deathmatch Tentacle	1	1.0	Mb1MortalpersonMd010002RM	0.3	8071	9100	1.0	1.0	0.0	0.2	0.6499	0.55	50	1.0	0	0	3	0	0														8053001	8053005	8053023								805401	805411	805413																																																																																																								0			0	0	1	1	0	100201	0.8	100	1	1	1.0	0.0	0.0	0.0	0.0	0.0	0.0								8071	0	0	0	0	0	0	0	0	0	0	0	0.0
8072	0	8072	3	0	Deathmatch Arena NPC	1	1.0	R1LuxiyaMd010011RM_Relink	0.3	8053	9100	1.0	1.0	0.0	0.2	0.6499	0.55	50	1.0	0	0	3	0	0														8053001	8053002	8053003	8053002	8053005																																																																																																																0			0	0	1	1	0	100201	0.8	100	1	1	1.0	0.0	0.0	0.0	0.0	0.0	0.0								0	0	0	0	0	0	0	0	0	0	0	0	0.0
8073	0	8073	3	0	Easter Egg Tentacle	1	1.0	Mb1MortalpersonMd010002RM	0.3	8073	9100	1.0	1.0	0.0	0.2	0.6499	0.55	50	1.0	0	0	3	0	0														8053001	8053005	8053023	8054002							805401	805402	805403	805404	805405	805406	805407	805408	805409	805410	805411	805412																																																																																															0			0	0	1	1	0	100201	0.8	100	1	1	1.0	0.0	0.0	0.0	0.0	0.0	0.0								8057	0	0	0	0	0	0	0	0	0	0	0	0.0
8074	0	8074	5	0	Chiko Main Body	1	1.0	Mb1MortalpersonMd010001sRM	0.3	8074	9100	1.0	1.0	0.0	0.2	0.6499	0.55	50	1.0	0	0	3	0	0														8053001	8053019	1000446	8053051	8053056						805301	805302	805303	805304	805305	805306	805307	805308	805309	805310	805311	805312	805313	805314	805315	805316	805317	805318	805319	805320	805321	805322	805323	805324	805325	805326	805327	805328	805329	805330	805331	805332	805333	805334	805335	805336	805337	805338	805339																																																																				0			0	0	1	1	0	100201	0.8	100	1	1	1.0	0.0	0.0	0.0	0.0	0.0	0.0								8074	0	0	0	0	0	0	0	0	0	0	0	0.0
8075	0	8075	3	0	Chiko Left Tentacle	1	1.0	Mb1MortalpersonMd010002RM	0.3	8075	9100	1.0	1.0	0.0	0.2	0.6499	0.55	50	1.0	0	0	3	0	0														8053001	8053002	8054000	8053003							805401	805402	805403	805404	805405	805406	805407	805408	805409	805410	805411	805412																																																																																															0			0	0	1	1	0	100201	0.8	100	1	1	1.0	0.0	0.0	0.0	0.0	0.0	0.0								8054	0	0	0	0	0	0	0	0	0	0	0	0.0
8076	0	8076	3	0	Chiko Right Tentacle	1	1.0	Mb1MortalpersonMd010003RM	0.3	8076	9100	1.0	1.0	0.0	0.2	0.6499	0.55	50	1.0	0	0	3	0	0														8053001	8053002	8053003	8055000																																																																																																																	0			0	0	1	1	0	100201	0.8	100	1	1	1.0	0.0	0.0	0.0	0.0	0.0	0.0								0	0	0	0	0	0	0	0	0	0	0	0	0.0
8077	0	8077	3	0	Chiko Humanoid	1	1.0	Mb1ElpisMd010002RM	0.3	8077	9100	1.0	1.0	0.0	0.2	0.6499	0.55	50	1.0	0	0	3	0	0														8053001	80560001	80560003	80560011	8053005	8053049					805601	805602	805603	805604	805605	805606	805607	805608	805609	805610	805611	805612	805613	805614	805615	805616	805617	805618	805619	805620	805621	805622	805623	805624	805625	805626	805627	805628	805629	805630	805631	805632	805633	805634	805635	805636	805637	805638	805639	805640	805641	805642	805643	805644	805645	805646	805647	805648	805649	805650	805651	805652	805653	805654	805655	805656	805657																																																		0			0	0	1	1	0	100201	0.8	100	1	1	1.0	0.0	0.0	0.0	0.0	0.0	0.0								8056	0	0	0	0	0	0	0	0	0	0	0	0.0
8078	0	8078	3	0	Summoned Tentacle	1	1.0	Mb1MortalpersonMd010002RM	0.3	8078	9100	1.0	1.0	0.0	0.2	0.6499	0.55	50	1.0	0	0	3	0	0														8053001	8053005	8053023	8054002							805401	805402	805403	805404	805405	805406	805407	805408	805409	805410	805411	805412																																																																																															0			0	0	1	1	0	100201	0.8	100	1	1	1.0	0.0	0.0	0.0	0.0	0.0	0.0								8057	0	0	0	0	0	0	0	0	0	0	0	0.0
8079	0	8079	3	0	Deathmatch - Trace Water Ball	1	1.0	R1LuxiyaMd010011RM_Relink	0.3	8079	9100	1.0	1.0	0.0	0.2	0.6499	0.55	50	1.0	0	0	3	0	0														8053001	8059004	8059002	8053005																																																																																																																	0			0	0	1	1	0	100201	0.8	100	1	1	1.0	0.0	0.0	0.0	0.0	0.0	0.0								8059	0	0	0	0	0	0	0	0	0	0	0	0.0
8080	0	8080	3	0	Easter Egg Water Ball	1	1.0	R1LuxiyaMd010011RM_Relink	0.3	8080	9100	1.0	1.0	0.0	0.2	0.6499	0.55	50	1.0	0	0	3	0	0														8053001	8059002	8059001	8053005																																																																																																																	0			0	0	1	1	0	100201	0.8	100	1	1	1.0	0.0	0.0	0.0	0.0	0.0	0.0								0	0	0	0	0	0	0	0	0	0	0	0	0.0
8081	0	8081	3	0	Deathmatch Tentacle	1	1.0	Mb1MortalpersonMd010002RM	0.3	8081	9100	1.0	1.0	0.0	0.2	0.6499	0.55	50	1.0	0	0	3	0	0														8053001	8053005									805401	805411	805413																																																																																																								0			0	0	1	1	0	100201	0.8	100	1	1	1.0	0.0	0.0	0.0	0.0	0.0	0.0								8071	0	0	0	0	0	0	0	0	0	0	0	0.0
8082	0	8082	3	0	Easter Egg Tentacle	1	1.0	Mb1MortalpersonMd010002RM	0.3	8082	9100	1.0	1.0	0.0	0.2	0.6499	0.55	50	1.0	0	0	3	0	0														8053001	8053005	8053023								805401	805402	805403	805404	805405	805406	805407	805408	805409	805410	805411	805412																																																																																															0			0	0	1	1	0	100201	0.8	100	1	1	1.0	0.0	0.0	0.0	0.0	0.0	0.0								8057	0	0	0	0	0	0	0	0	0	0	0	0.0
8083	0	8083	5	0	Chiko Main Body	1	1.0	Mb1MortalpersonMd010001sRM	0.3	8083	9100	1.0	1.0	0.0	0.2	0.6499	0.55	50	1.0	0	0	3	0	0														8053001	8053019	1000446	8053051	8053056						805301	805302	805303	805304	805305	805306	805307	805308	805309	805310	805311	805312	805313	805314	805315	805316	805317	805318	805319	805320	805321	805322	805323	805324	805325	805326	805327	805328	805329	805330	805331	805332	805333	805334	805335	805336	805337	805338	805339																																																																				0			0	0	1	1	0	100201	0.8	100	1	1	1.0	0.0	0.0	0.0	0.0	0.0	0.0								8083	0	0	0	0	0	0	0	0	0	0	0	0.0
8084	0	8084	3	0	Chiko Left Tentacle	1	1.0	Mb1MortalpersonMd010002RM	0.3	8084	9100	1.0	1.0	0.0	0.2	0.6499	0.55	50	1.0	0	0	3	0	0														8053001	8053002	8054000	8053003							805401	805402	805403	805404	805405	805406	805407	805408	805409	805410	805411	805412																																																																																															0			0	0	1	1	0	100201	0.8	100	1	1	1.0	0.0	0.0	0.0	0.0	0.0	0.0								8054	0	0	0	0	0	0	0	0	0	0	0	0.0
8085	0	8085	3	0	Chiko Right Tentacle	1	1.0	Mb1MortalpersonMd010003RM	0.3	8085	9100	1.0	1.0	0.0	0.2	0.6499	0.55	50	1.0	0	0	3	0	0														8053001	8053002	8053003	8055000																																																																																																																	0			0	0	1	1	0	100201	0.8	100	1	1	1.0	0.0	0.0	0.0	0.0	0.0	0.0								0	0	0	0	0	0	0	0	0	0	0	0	0.0
8086	0	8086	3	0	Chiko Humanoid	1	1.0	Mb1ElpisMd010002RM	0.3	8086	9100	1.0	1.0	0.0	0.2	0.6499	0.55	50	1.0	0	0	3	0	0														8053001	80560001	80560003	80560011	8053005	8053049					805601	805602	805603	805604	805605	805606	805607	805608	805609	805610	805611	805612	805613	805614	805615	805616	805617	805618	805619	805620	805621	805622	805623	805624	805625	805626	805627	805628	805629	805630	805631	805632	805633	805634	805635	805636	805637	805638	805639	805640	805641	805642	805643	805644	805645	805646	805647	805648	805649	805650	805651	805652	805653	805654	805655	805656	805657																																																		0			0	0	1	1	0	100201	0.8	100	1	1	1.0	0.0	0.0	0.0	0.0	0.0	0.0								8056	0	0	0	0	0	0	0	0	0	0	0	0.0
8087	0	8087	3	0	Summoned Tentacle	1	1.0	Mb1MortalpersonMd010002RM	0.3	8087	9100	1.0	1.0	0.0	0.2	0.6499	0.55	50	1.0	0	0	3	0	0														8053001	8053005	8053023	8054002							805401	805402	805403	805404	805405	805406	805407	805408	805409	805410	805411	805412																																																																																															0			0	0	1	1	0	100201	0.8	100	1	1	1.0	0.0	0.0	0.0	0.0	0.0	0.0								8057	0	0	0	0	0	0	0	0	0	0	0	0.0
8088	0	8088	3	0	Deathmatch - Trace Water Ball	1	1.0	R1LuxiyaMd010011RM_Relink	0.3	8088	9100	1.0	1.0	0.0	0.2	0.6499	0.55	50	1.0	0	0	3	0	0														8053001	8059004	8059002	8053005																																																																																																																	0			0	0	1	1	0	100201	0.8	100	1	1	1.0	0.0	0.0	0.0	0.0	0.0	0.0								8059	0	0	0	0	0	0	0	0	0	0	0	0.0
8089	0	8089	3	0	Easter Egg Water Ball	1	1.0	R1LuxiyaMd010011RM_Relink	0.3	8089	9100	1.0	1.0	0.0	0.2	0.6499	0.55	50	1.0	0	0	3	0	0														8053001	8059002	8059001	8053005																																																																																																																	0			0	0	1	1	0	100201	0.8	100	1	1	1.0	0.0	0.0	0.0	0.0	0.0	0.0								0	0	0	0	0	0	0	0	0	0	0	0	0.0
8090	0	8090	3	0	Deathmatch Tentacle	1	1.0	Mb1MortalpersonMd010002RM	0.3	8090	9100	1.0	1.0	0.0	0.2	0.6499	0.55	50	1.0	0	0	3	0	0														8053001	8053005									805401	805411	805413																																																																																																								0			0	0	1	1	0	100201	0.8	100	1	1	1.0	0.0	0.0	0.0	0.0	0.0	0.0								8071	0	0	0	0	0	0	0	0	0	0	0	0.0
8091	0	8091	3	0	Easter Egg Tentacle	1	1.0	Mb1MortalpersonMd010002RM	0.3	8091	9100	1.0	1.0	0.0	0.2	0.6499	0.55	50	1.0	0	0	3	0	0														8053001	8053005	8053023								805401	805402	805403	805404	805405	805406	805407	805408	805409	805410	805411	805412																																																																																															0			0	0	1	1	0	100201	0.8	100	1	1	1.0	0.0	0.0	0.0	0.0	0.0	0.0								8057	0	0	0	0	0	0	0	0	0	0	0	0.0
8092	0	8092	5	0	Chiko Main Body	1	1.0	Mb1MortalpersonMd010001sRM	0.3	8092	9100	1.0	1.0	0.0	0.2	0.6499	0.55	50	1.0	0	0	3	0	0														8053001	8053019	1000446	8053051	8053056						805301	805302	805303	805304	805305	805306	805307	805308	805309	805310	805311	805312	805313	805314	805315	805316	805317	805318	805319	805320	805321	805322	805323	805324	805325	805326	805327	805328	805329	805330	805331	805332	805333	805334	805335	805336	805337	805338	805339																																																																				0			0	0	1	1	0	100201	0.8	100	1	1	1.0	0.0	0.0	0.0	0.0	0.0	0.0								8092	0	0	0	0	0	0	0	0	0	0	0	0.0
8093	0	8093	3	0	Chiko Left Tentacle	1	1.0	Mb1MortalpersonMd010002RM	0.3	8093	9100	1.0	1.0	0.0	0.2	0.6499	0.55	50	1.0	0	0	3	0	0														8053001	8053002	8054000	8053003							805401	805402	805403	805404	805405	805406	805407	805408	805409	805410	805411	805412																																																																																															0			0	0	1	1	0	100201	0.8	100	1	1	1.0	0.0	0.0	0.0	0.0	0.0	0.0								8054	0	0	0	0	0	0	0	0	0	0	0	0.0
8094	0	8094	3	0	Chiko Right Tentacle	1	1.0	Mb1MortalpersonMd010003RM	0.3	8094	9100	1.0	1.0	0.0	0.2	0.6499	0.55	50	1.0	0	0	3	0	0														8053001	8053002	8053003	8055000																																																																																																																	0			0	0	1	1	0	100201	0.8	100	1	1	1.0	0.0	0.0	0.0	0.0	0.0	0.0								0	0	0	0	0	0	0	0	0	0	0	0	0.0
8095	0	8095	3	0	Chiko Humanoid	1	1.0	Mb1ElpisMd010002RM	0.3	8095	9100	1.0	1.0	0.0	0.2	0.6499	0.55	50	1.0	0	0	3	0	0														8053001	80560001	80560003	80560011	8053005	8053049					805601	805602	805603	805604	805605	805606	805607	805608	805609	805610	805611	805612	805613	805614	805615	805616	805617	805618	805619	805620	805621	805622	805623	805624	805625	805626	805627	805628	805629	805630	805631	805632	805633	805634	805635	805636	805637	805638	805639	805640	805641	805642	805643	805644	805645	805646	805647	805648	805649	805650	805651	805652	805653	805654	805655	805656	805657																																																		0			0	0	1	1	0	100201	0.8	100	1	1	1.0	0.0	0.0	0.0	0.0	0.0	0.0								8056	0	0	0	0	0	0	0	0	0	0	0	0.0
8096	0	8096	3	0	Summoned Tentacle	1	1.0	Mb1MortalpersonMd010002RM	0.3	8096	9100	1.0	1.0	0.0	0.2	0.6499	0.55	50	1.0	0	0	3	0	0														8053001	8053005	8053023	8054002							805401	805402	805403	805404	805405	805406	805407	805408	805409	805410	805411	805412																																																																																															0			0	0	1	1	0	100201	0.8	100	1	1	1.0	0.0	0.0	0.0	0.0	0.0	0.0								8057	0	0	0	0	0	0	0	0	0	0	0	0.0
8097	0	8097	3	0	Deathmatch - Trace Water Ball	1	1.0	R1LuxiyaMd010011RM_Relink	0.3	8097	9100	1.0	1.0	0.0	0.2	0.6499	0.55	50	1.0	0	0	3	0	0														8053001	8059004	8059002	8053005																																																																																																																	0			0	0	1	1	0	100201	0.8	100	1	1	1.0	0.0	0.0	0.0	0.0	0.0	0.0								8059	0	0	0	0	0	0	0	0	0	0	0	0.0
8098	0	8098	3	0	Easter Egg Water Ball	1	1.0	R1LuxiyaMd010011RM_Relink	0.3	8098	9100	1.0	1.0	0.0	0.2	0.6499	0.55	50	1.0	0	0	3	0	0														8053001	8059002	8059001	8053005																																																																																																																	0			0	0	1	1	0	100201	0.8	100	1	1	1.0	0.0	0.0	0.0	0.0	0.0	0.0								0	0	0	0	0	0	0	0	0	0	0	0	0.0
8099	0	8099	3	0	Deathmatch Tentacle	1	1.0	Mb1MortalpersonMd010002RM	0.3	8099	9100	1.0	1.0	0.0	0.2	0.6499	0.55	50	1.0	0	0	3	0	0														8053001	8053005									805401	805411	805413																																																																																																								0			0	0	1	1	0	100201	0.8	100	1	1	1.0	0.0	0.0	0.0	0.0	0.0	0.0								8071	0	0	0	0	0	0	0	0	0	0	0	0.0
8100	0	8100	3	0	Easter Egg Tentacle	1	1.0	Mb1MortalpersonMd010002RM	0.3	8100	9100	1.0	1.0	0.0	0.2	0.6499	0.55	50	1.0	0	0	3	0	0														8053001	8053005	8053023								805401	805402	805403	805404	805405	805406	805407	805408	805409	805410	805411	805412																																																																																															0			0	0	1	1	0	100201	0.8	100	1	1	1.0	0.0	0.0	0.0	0.0	0.0	0.0								8057	0	0	0	0	0	0	0	0	0	0	0	0.0
8101	0	8101	5	0	Chiko Main Body	1	1.0	Mb1MortalpersonMd010001sRM	0.3	8101	9100	1.0	1.0	0.0	0.2	0.6499	0.55	50	1.0	0	0	3	0	0														8053001	8053019	1000446	8053051	8053056						805301	805302	805303	805304	805305	805306	805307	805308	805309	805310	805311	805312	805313	805314	805315	805316	805317	805318	805319	805320	805321	805322	805323	805324	805325	805326	805327	805328	805329	805330	805331	805332	805333	805334	805335	805336	805337	805338	805339																																																																				0			0	0	1	1	0	100201	0.8	100	1	1	1.0	0.0	0.0	0.0	0.0	0.0	0.0								8101	0	0	0	0	0	0	0	0	0	0	0	0.0
8102	0	8102	3	0	Chiko Left Tentacle	1	1.0	Mb1MortalpersonMd010002RM	0.3	8102	9100	1.0	1.0	0.0	0.2	0.6499	0.55	50	1.0	0	0	3	0	0														8053001	8053002	8054000	8053003							805401	805402	805403	805404	805405	805406	805407	805408	805409	805410	805411	805412																																																																																															0			0	0	1	1	0	100201	0.8	100	1	1	1.0	0.0	0.0	0.0	0.0	0.0	0.0								8054	0	0	0	0	0	0	0	0	0	0	0	0.0
8103	0	8103	3	0	Chiko Right Tentacle	1	1.0	Mb1MortalpersonMd010003RM	0.3	8103	9100	1.0	1.0	0.0	0.2	0.6499	0.55	50	1.0	0	0	3	0	0														8053001	8053002	8053003	8055000																																																																																																																	0			0	0	1	1	0	100201	0.8	100	1	1	1.0	0.0	0.0	0.0	0.0	0.0	0.0								0	0	0	0	0	0	0	0	0	0	0	0	0.0
8104	0	8104	3	0	Chiko Humanoid	1	1.0	Mb1ElpisMd010002RM	0.3	8104	9100	1.0	1.0	0.0	0.2	0.6499	0.55	50	1.0	0	0	3	0	0														8053001	80560001	80560003	80560011	8053005	8053049					805601	805602	805603	805604	805605	805606	805607	805608	805609	805610	805611	805612	805613	805614	805615	805616	805617	805618	805619	805620	805621	805622	805623	805624	805625	805626	805627	805628	805629	805630	805631	805632	805633	805634	805635	805636	805637	805638	805639	805640	805641	805642	805643	805644	805645	805646	805647	805648	805649	805650	805651	805652	805653	805654	805655	805656	805657																																																		0			0	0	1	1	0	100201	0.8	100	1	1	1.0	0.0	0.0	0.0	0.0	0.0	0.0								8056	0	0	0	0	0	0	0	0	0	0	0	0.0
8105	0	8105	3	0	Summoned Tentacle	1	1.0	Mb1MortalpersonMd010002RM	0.3	8105	9100	1.0	1.0	0.0	0.2	0.6499	0.55	50	1.0	0	0	3	0	0														8053001	8053005	8053023	8054002							805401	805402	805403	805404	805405	805406	805407	805408	805409	805410	805411	805412																																																																																															0			0	0	1	1	0	100201	0.8	100	1	1	1.0	0.0	0.0	0.0	0.0	0.0	0.0								8057	0	0	0	0	0	0	0	0	0	0	0	0.0
8106	0	8106	3	0	Deathmatch - Trace Water Ball	1	1.0	R1LuxiyaMd010011RM_Relink	0.3	8106	9100	1.0	1.0	0.0	0.2	0.6499	0.55	50	1.0	0	0	3	0	0														8053001	8059004	8059002	8053005																																																																																																																	0			0	0	1	1	0	100201	0.8	100	1	1	1.0	0.0	0.0	0.0	0.0	0.0	0.0								8059	0	0	0	0	0	0	0	0	0	0	0	0.0
8107	0	8107	3	0	Easter Egg Water Ball	1	1.0	R1LuxiyaMd010011RM_Relink	0.3	8107	9100	1.0	1.0	0.0	0.2	0.6499	0.55	50	1.0	0	0	3	0	0														8053001	8059002	8059001	8053005																																																																																																																	0			0	0	1	1	0	100201	0.8	100	1	1	1.0	0.0	0.0	0.0	0.0	0.0	0.0								0	0	0	0	0	0	0	0	0	0	0	0	0.0
8108	0	8108	3	0	Deathmatch Tentacle	1	1.0	Mb1MortalpersonMd010002RM	0.3	8108	9100	1.0	1.0	0.0	0.2	0.6499	0.55	50	1.0	0	0	3	0	0														8053001	8053005									805401	805411	805413																																																																																																								0			0	0	1	1	0	100201	0.8	100	1	1	1.0	0.0	0.0	0.0	0.0	0.0	0.0								8071	0	0	0	0	0	0	0	0	0	0	0	0.0
8109	0	8109	3	0	Easter Egg Tentacle	1	1.0	Mb1MortalpersonMd010002RM	0.3	8109	9100	1.0	1.0	0.0	0.2	0.6499	0.55	50	1.0	0	0	3	0	0														8053001	8053005	8053023								805401	805402	805403	805404	805405	805406	805407	805408	805409	805410	805411	805412																																																																																															0			0	0	1	1	0	100201	0.8	100	1	1	1.0	0.0	0.0	0.0	0.0	0.0	0.0								8057	0	0	0	0	0	0	0	0	0	0	0	0.0
8110	0	8110	5	0	Easter Egg Final Form	1	1.0	Mb1MortalpersonMd010001RM	0.3	8101	9100	1.0	1.0	0.0	0.2	0.6499	0.55	50	1.0	0	0	3	0	0														8053001	8053005	1000446								811001																																																																																																										0			0	0	1	1	0	100201	0.8	100	1	1	1.0	0.0	0.0	0.0	0.0	0.0	0.0								0	0	0	0	0	0	0	0	0	0	0	0	0.0
8111	0	8111	5	0	Chiko Dummy	1	1.0	Mb1MortalpersonMd010001sRM	0.3	8101	9100	1.0	1.0	0.0	0.2	0.6499	0.55	50	1.0	0	0	3	0	0														8053001	8053019	1000446	8053051	8053056						811001																																																																																																										0			0	0	1	1	0	100201	0.8	100	1	1	1.0	0.0	0.0	0.0	0.0	0.0	0.0								8053	0	0	0	0	0	0	0	0	0	0	0	0.0
7500	0	7500	5	0	Over-Lloyd 2.0	1	1.0	Mb1EphialtesMd010001RM	0.3	8053	9100	1.0	1.0	0.0	0.2	0.6499	0.55	50	1.0	0	0	3	0	0																								7500001																																																																																																										0			0	0	1	1	0	100201	0.8	100	1	1	1.0	0.0	0.0	0.0	0.0	0.0	0.0								7500	0	0	0	0	0	0	0	0	0	1	0	0.0
3501	0	3501	5	0	Radiant Dragon	1	1.0	Mb1JueanhtMd010001	0.3	8005	9100	0.0	1.0	0.0	0.2	0.6499	0.55	50	1.0	0	0	3	0	0			800201	800202	800203	800204	800205	800206	800207	800208	800209			8005001	8005958									3501000	3501003	3501004	3501005	3501006	3501007	3501008	3501009	3501011	3501012	3501013	3501014	3501015	3501017	3501030	3501031	3501032	3501033	3501034	3501035	3501036	3501037	3501038	3501039	3501040	3501041	3501042	3501043	3501045	3501046	3501047	3501048	3501051	3501053	3501055	3501056	3501121	3501122	3501123	3501124	3501125	3501127	3501128	3501132	3501136	3501296	3501297	3501298	3501299	3501300	3501301	3501311	3501312	3501313	3501314	3501315	3501321	3501322	3501323	3501324	3501325	3501326	3501331	3501332	3501333	3501500	3501501	3501502	3501503	3501504	3501505	3501506	3501507	3501508	3501509	3501510	3501511	3501512	3501513	3501514	3501515	3501516	3501517	3501518	3501519	3501520	3501521	3501522	3501523	3501524	3501525																0			0	0	1	1	0	100201	0.8	100	1	1	1.0	0.0	0.0	0.0	0.0	0.0	0.0								3501	0	0	0	0	0	0	0	0	0	1	0	0.0
3502	0	3502	5	0	Deporter-R	1	1.0	Mo1HetiwurenjiMd010001RM	0.3	3502	9100	0.0	1.0	0.0	0.2	0.6499	0.55	50	1.0	0	0	3	0	0																								350201	350202	350203	350204	350290	350291	350292	350293																																																																																																			0			0	0	1	1	0	100201	0.8	100	1	1	1.0	0.0	0.0	0.0	0.0	0.0	0.0								3502	0	0	0	0	0	0	0	0	0	1	0	0.0
3503	0	3503	5	0	Nalasr-E	1	1.0	Mo1HetipaotaiMd010001RM	0.3	3503	9100	0.0	1.0	0.0	0.2	0.6499	0.55	50	1.0	0	0	3	0	0																								350301	350302	350303	350304	350306	350390	350391	350392	350393																																																																																																		0			0	0	1	1	0	100201	0.8	100	1	1	1.0	0.0	0.0	0.0	0.0	0.0	0.0								3503	0	0	0	0	0	0	0	0	0	1	0	0.0
3504	0	3504	5	0	Virtual Data	1	1.0	Mb1GodzillaMd010001RM	0.3	3504	9100	0.0	1.0	0.0	0.2	0.6499	0.55	50	1.0	0	0	3	0	0														1000418										350401	350402	350403	350404	350405	350406	350407	350408	350409	350410	350411	350412	350413	350414	350415	350416	350417	350418	350419	350420	350421	350422	350423	350424	350425	350426	350427	350428	350429	350430	350431	350432	350433	350434	350435	350436	350437	350438	350439	350440	350441	350442	350443	350444	350445	350446	350447	350448	350449	350450																																																									0			0	0	1	1	0	100201	0.8	100	1	1	1.0	0.0	0.0	0.0	0.0	0.0	0.0								3504	0	0	0	0	0	0	0	0	0	1	0	0.0
8225	0	8225	3	0	肉鸽6-烛影	0	0.0	Mo1SinmaidMd010001RM	1.0	1025	0	0.8	2.5	0.0	0.0	0.0	0.0	10	5.0	0	0	3	0	0														1010056	8025000									8225001	8225002	8225003	8225004	8225005	8225006	8225007	8225008	8225009	8225010	8225011	8225012	8225013																																																																																														0			0	0	0	0	0	0	0.8	5	2	0	1.5	0.0	0.0	0.0	0.0	0.0	0.0								8225	0	0	0	0	0	0	0	0	0	0	0	0.0
8226	0	8226	4	0	肉鸽6-囚徒	0	0.0	Me1JiegouqiutuMd010001RM	1.0	1025	0	1.0	2.5	0.0	0.0	0.0	0.0	10	5.0	0	0	3	0	0														1010056	8025000									8226001	8226002	8226003	8226004	8226005	8226006	8226007	8226008	8226009	8226010	8226011	8226012	8226013	8226014	8226015	8226016	8226017	8226018	8226019																																																																																								0			0	0	0	0	0	0	0.8	5	2	0	1.5	0.0	0.0	0.0	0.0	0.0	0.0								8226	0	0	0	0	0	0	0	0	0	0	0	0.0
8227	0	8227	5	0	肉鸽6-柯蕾多尔	0	0.0	Mb1KeeleyMd010001RM	1.0	1025	0	1.0	2.5	0.0	0.0	0.0	0.0	10	5.0	0	0	3	0	0														1010056	8025000									8227001	8227002	8227003	8227004	8227005	8227006	8227007	8227008	8227009	8227010	8227011	8227012	8227013	8227014																																																																																													0			0	0	0	0	0	0	0.8	5	2	0	1.5	0.0	0.0	0.0	0.0	0.0	0.0								8227	0	0	0	0	0	0	0	0	0	0	0	0.0
6001	0	6001	3	0	Babylonia Test NPC	1	0.3	Mb1AolajiangMd010011RMLV	0.3	1002	1	0.0	1.0	0.0	0.2	0.6499	0.55	50	3.0	0	0	3	0	0																																																																																																																																		0			0	0	1	1	0	100201	2.0	100	2	1	2.0	0.0	0.0	0.0	0.0	0.0	0.0								0	0	1	2	0	0	0	0	0	0	0	0	0.0
6002	0	6002	3	0	Babylonia Basic Female NPC (Story)	1	0.3	Npc1FemaleMd00001SGLV	0.3	1002	1	0.0	1.0	0.0	0.2	0.6499	0.55	50	3.0	0	0	3	0	0																																																																																																																																		0			0	0	1	1	0	100201	2.0	100	2	1	2.0	0.0	0.0	0.0	0.0	0.0	0.0								0	0	1	2	0	0	0	0	0	0	0	0	0.0
6003	0	6003	3	0	Babylonia Basic Male NPC (Story)	1	0.3	Npc1MaleMd00001SGLV	0.3	1002	1	0.0	1.0	0.0	0.2	0.6499	0.55	50	3.0	0	0	3	0	0																																																																																																																																		0			0	0	1	1	0	100201	2.0	100	2	1	2.0	0.0	0.0	0.0	0.0	0.0	0.0								0	0	1	1	0	0	0	0	0	0	0	0	0.0
6004	0	6004	3	0	Babylonia NPC Temporary Kuroro	1	0.3	Npc1KuroMd00001SGLV	0.3	1002	1	0.0	1.0	0.0	0.2	0.6499	0.55	50	3.0	0	0	3	0	0																																																																																																																																		0			0	0	1	1	0	100201	2.0	100	2	1	2.0	0.0	0.0	0.0	0.0	0.0	0.0								6004	0	1	1	0	0	0	0	0	0	0	0	0.0
6005	0	6005	3	0	Babylonia NPC White Kuroro	1	0.3	Npc1KuroMd00001SGLV	0.3	1002	1	0.0	1.0	0.0	0.2	0.6499	0.55	50	3.0	0	0	3	0	0																																																																																																																																		0			0	0	1	1	0	100201	2.0	100	2	1	2.0	0.0	0.0	0.0	0.0	0.0	0.0								0	0	1	7	0	0	0	0	0	0	0	0	0.0
6006	0	6006	3	0	Babylonia Basic Female NPC (Ecological)	1	0.3	Npc1FemaleMd00001SGLV	0.3	1002	1	0.0	1.0	0.0	0.2	0.6499	0.55	50	3.0	0	0	3	0	0																																																																																																																																		0			0	0	1	1	0	100201	2.0	100	2	1	2.0	0.0	0.0	0.0	0.0	0.0	0.0								0	0	1	2	0	0	0	0	0	0	0	0	0.0
6007	0	6007	3	0	Babylonia Basic Male NPC (Ecological)	1	0.3	Npc1MaleMd00001SGLV	0.3	1002	1	0.0	1.0	0.0	0.2	0.6499	0.55	50	3.0	0	0	3	0	0																																																																																																																																		0			0	0	1	1	0	100201	2.0	100	2	1	2.0	0.0	0.0	0.0	0.0	0.0	0.0								0	0	1	1	0	0	0	0	0	0	0	0	0.0
6008	0	6008	3	0	PV Duo Bubble Male	1	0.3	Npc1MaleMd00001SGLV	0.3	1002	1	0.0	1.0	0.0	0.2	0.6499	0.55	50	3.0	0	0	3	0	0																																																																																																																																		0			0	0	1	1	0	100201	2.0	100	2	1	2.0	0.0	0.0	0.0	0.0	0.0	0.0								0	0	1	5	0	0	0	0	0	0	0	0	0.0
6009	0	6009	3	0	PV Trio Bubble Male	1	0.3	Npc1MaleMd00001SGLV	0.3	1002	1	0.0	1.0	0.0	0.2	0.6499	0.55	50	3.0	0	0	3	0	0																																																																																																																																		0			0	0	1	1	0	100201	2.0	100	2	1	2.0	0.0	0.0	0.0	0.0	0.0	0.0								0	0	1	6	0	0	0	0	0	0	0	0	0.0
6010	0	6010	3	0	PV Trio Bubble Female	1	0.3	Npc1FemaleMd00001SGLV	0.3	1002	1	0.0	1.0	0.0	0.2	0.6499	0.55	50	3.0	0	0	3	0	0																																																																																																																																		0			0	0	1	1	0	100201	2.0	100	2	1	2.0	0.0	0.0	0.0	0.0	0.0	0.0								0	0	1	2	0	0	0	0	0	0	0	0	0.0
6011	0	6011	3	0	PV Trio Bubble Female	1	0.3	Npc1FemaleMd00001SGLV	0.3	1002	1	0.0	1.0	0.0	0.2	0.6499	0.55	50	3.0	0	0	3	0	0																																																																																																																																		0			0	0	1	1	0	100201	2.0	100	2	1	2.0	0.0	0.0	0.0	0.0	0.0	0.0								0	0	1	2	0	0	0	0	0	0	0	0	0.0
6012	0	6012	3	0	Lounge Background Group 01 (Female)	1	0.3	Npc1FemaleMd00001SGLV	0.3	1002	1	0.0	1.0	0.0	0.2	0.6499	0.55	50	3.0	0	0	3	0	0																																																																																																																																		0			0	0	1	1	0	100201	2.0	100	2	1	2.0	0.0	0.0	0.0	0.0	0.0	0.0								0	0	1	2	0	0	0	0	0	0	0	0	0.0
6013	0	6013	3	0	Lounge Background Group 01 (Female)	1	0.3	Npc1FemaleMd00001SGLV	0.3	1002	1	0.0	1.0	0.0	0.2	0.6499	0.55	50	3.0	0	0	3	0	0																																																																																																																																		0			0	0	1	1	0	100201	2.0	100	2	1	2.0	0.0	0.0	0.0	0.0	0.0	0.0								0	0	1	2	0	0	0	0	0	0	0	0	0.0
6014	0	6014	3	0	Lounge Background Group 02 (Male)	1	0.3	Npc1MaleMd00001SGLV	0.3	1002	1	0.0	1.0	0.0	0.2	0.6499	0.55	50	3.0	0	0	3	0	0																																																																																																																																		0			0	0	1	1	0	100201	2.0	100	2	1	2.0	0.0	0.0	0.0	0.0	0.0	0.0								0	0	1	1	0	0	0	0	0	0	0	0	0.0
6015	0	6015	3	0	Lounge Background Group 02 (Male)	1	0.3	Npc1MaleMd00001SGLV	0.3	1002	1	0.0	1.0	0.0	0.2	0.6499	0.55	50	3.0	0	0	3	0	0																																																																																																																																		0			0	0	1	1	0	100201	2.0	100	2	1	2.0	0.0	0.0	0.0	0.0	0.0	0.0								0	0	1	1	0	0	0	0	0	0	0	0	0.0
6016	0	6016	3	0	Square Background Thinker (Male)	1	0.3	Npc1MaleMd00001SGLV	0.3	1002	1	0.0	1.0	0.0	0.2	0.6499	0.55	50	3.0	0	0	3	0	0																																																																																																																																		0			0	0	1	1	0	100201	2.0	100	2	1	2.0	0.0	0.0	0.0	0.0	0.0	0.0								0	0	1	1	0	0	0	0	0	0	0	0	0.0
6017	0	6017	3	0	Square Background Thinker (Female)	1	0.3	Npc1FemaleMd00001SGLV	0.3	1002	1	0.0	1.0	0.0	0.2	0.6499	0.55	50	3.0	0	0	3	0	0																																																																																																																																		0			0	0	1	1	0	100201	2.0	100	2	1	2.0	0.0	0.0	0.0	0.0	0.0	0.0								0	0	1	2	0	0	0	0	0	0	0	0	0.0
6018	0	6018	3	0	Square Background Thinker (Female)	1	0.3	Npc1FemaleMd00001SGLV	0.3	1002	1	0.0	1.0	0.0	0.2	0.6499	0.55	50	3.0	0	0	3	0	0																																																																																																																																		0			0	0	1	1	0	100201	2.0	100	2	1	2.0	0.0	0.0	0.0	0.0	0.0	0.0								0	0	1	2	0	0	0	0	0	0	0	0	0.0
6019	0	6019	3	0	Square Background Thinker (Male)	1	0.3	Npc1MaleMd00001SGLV	0.3	1002	1	0.0	1.0	0.0	0.2	0.6499	0.55	50	3.0	0	0	3	0	0																																																																																																																																		0			0	0	1	1	0	100201	2.0	100	2	1	2.0	0.0	0.0	0.0	0.0	0.0	0.0								0	0	1	1	0	0	0	0	0	0	0	0	0.0
6020	0	6020	3	0	Square Background Thinker (Male)	1	0.3	Npc1MaleMd00001SGLV	0.3	1002	1	0.0	1.0	0.0	0.2	0.6499	0.55	50	3.0	0	0	3	0	0																																																																																																																																		0			0	0	1	1	0	100201	2.0	100	2	1	2.0	0.0	0.0	0.0	0.0	0.0	0.0								0	0	1	1	0	0	0	0	0	0	0	0	0.0
6021	0	6021	3	0	Dormitory Background Female Taking a Break 01	1	0.3	Npc1FemaleMd00001SGLV	0.3	1002	1	0.0	1.0	0.0	0.2	0.6499	0.55	50	3.0	0	0	3	0	0																																																																																																																																		0			0	0	1	1	0	100201	2.0	100	2	1	2.0	0.0	0.0	0.0	0.0	0.0	0.0								0	0	1	2	0	0	0	0	0	0	0	0	0.0
6022	0	6022	3	0	Dormitory Background Couple on a Date (Female)	1	0.3	Npc1FemaleMd00001SGLV	0.3	1002	1	0.0	1.0	0.0	0.2	0.6499	0.55	50	3.0	0	0	3	0	0																																																																																																																																		0			0	0	1	1	0	100201	2.0	100	2	1	2.0	0.0	0.0	0.0	0.0	0.0	0.0								0	0	1	2	0	0	0	0	0	0	0	0	0.0
6023	0	6023	3	0	Dormitory Background Couple on a Date (Male)	1	0.3	Npc1MaleMd00001SGLV	0.3	1002	1	0.0	1.0	0.0	0.2	0.6499	0.55	50	3.0	0	0	3	0	0																																																																																																																																		0			0	0	1	1	0	100201	2.0	100	2	1	2.0	0.0	0.0	0.0	0.0	0.0	0.0								0	0	1	1	0	0	0	0	0	0	0	0	0.0
6024	0	6024	3	0	Dormitory Background Couple on a Date (Female)	1	0.3	Npc1FemaleMd00001SGLV	0.3	1002	1	0.0	1.0	0.0	0.2	0.6499	0.55	50	3.0	0	0	3	0	0																																																																																																																																		0			0	0	1	1	0	100201	2.0	100	2	1	2.0	0.0	0.0	0.0	0.0	0.0	0.0								0	0	1	2	0	0	0	0	0	0	0	0	0.0
6025	0	6025	3	0	Dormitory Background Couple on a Date (Female)	1	0.3	Npc1FemaleMd00001SGLV	0.3	1002	1	0.0	1.0	0.0	0.2	0.6499	0.55	50	3.0	0	0	3	0	0																																																																																																																																		0			0	0	1	1	0	100201	2.0	100	2	1	2.0	0.0	0.0	0.0	0.0	0.0	0.0								0	0	1	2	0	0	0	0	0	0	0	0	0.0
6026	0	6026	3	0	Dormitory Background Couple on a Date (Female)	1	0.3	Npc1FemaleMd00001SGLV	0.3	1002	1	0.0	1.0	0.0	0.2	0.6499	0.55	50	3.0	0	0	3	0	0																																																																																																																																		0			0	0	1	1	0	100201	2.0	100	2	1	2.0	0.0	0.0	0.0	0.0	0.0	0.0								0	0	1	2	0	0	0	0	0	0	0	0	0.0
6027	0	6027	3	0	Dormitory Background Couple on a Date (Female)	1	0.3	Npc1FemaleMd00001SGLV	0.3	1002	1	0.0	1.0	0.0	0.2	0.6499	0.55	50	3.0	0	0	3	0	0																																																																																																																																		0			0	0	1	1	0	100201	2.0	100	2	1	2.0	0.0	0.0	0.0	0.0	0.0	0.0								0	0	1	2	0	0	0	0	0	0	0	0	0.0
6028	0	6028	3	0	Commandant (Male)	1	0.3	Com1ChiefmMd01001SGLV	0.3	1002	1	0.0	1.0	0.0	0.2	0.6499	0.55	50	3.0	0	0	3	0	0																																																																																																																																		0			0	0	1	1	0	100201	2.0	100	2	1	2.0	0.0	0.0	0.0	0.0	0.0	0.0								0	0	1	1	0	0	0	0	0	0	0	0	0.0
6029	0	6029	3	0	Lucia: Pyroath	1	0.3	R6LuxiyaMd010021SGLV	0.3	1002	1	0.0	1.0	0.0	0.2	0.6499	0.55	50	3.0	0	0	3	0	0																																																																																																																																		0			0	0	1	1	0	100201	2.0	100	2	1	2.0	0.0	0.0	0.0	0.0	0.0	0.0								0	0	1	11	0	0	0	0	0	0	0	0	0.0
6030	0	6030	3	0	Babylonia NPC Temporary Kuroro	1	0.3	Npc1KuroMd00001SGLV	0.3	1002	1	0.0	0.8	0.0	0.2	0.6499	0.55	50	3.0	0	0	3	0	0																																																																																																																																		0			0	0	1	1	0	100201	2.0	100	2	1	2.0	0.0	0.0	0.0	0.0	0.0	0.0								6004	0	1	7	0	0	0	0	0	0	0	0	0.0
6031	0	6031	3	0	Karenina: Scire	1	0.3	R4KalieninaMd010021SGLV	0.3	1002	1	0.0	1.0	0.0	0.2	0.6499	0.55	50	3.0	0	0	3	0	0																																																																																																																																		0			0	0	1	1	0	100201	2.0	100	2	1	2.0	0.0	0.0	0.0	0.0	0.0	0.0								0	0	1	12	0	0	0	0	0	0	0	0	0.0
6032	0	6032	3	0	Bianca: Stigmata	1	0.3	R4BiankaMd010021SGLV	0.3	1002	1	0.0	1.0	0.0	0.2	0.6499	0.55	50	3.0	0	0	3	0	0																																																																																																																																		0			0	0	1	1	0	100201	2.0	100	2	1	2.0	0.0	0.0	0.0	0.0	0.0	0.0								0	0	1	13	0	0	0	0	0	0	0	0	0.0
6033	0	6033	3	0	露西亚誓焰婚纱皮	1	0.3	R6LuxiyaMd019371SGLV	0.3	1002	1	0.0	1.0	0.0	0.2	0.6499	0.55	50	3.0	0	0	3	0	0																																																																																																																																		0			0	0	1	1	0	100201	2.0	100	2	1	2.0	0.0	0.0	0.0	0.0	0.0	0.0								0	0	1	11	0	0	0	0	0	0	0	0	0.0
6034	0	6034	3	0	Celica Mode Entrance	0	0.3	Npc1SailikaMd00001SGLV	0.3	1002	1	0.0	1.0	0.0	0.2	0.6499	0.55	50	3.0	0	0	3	0	0																																																																																																																																		0			0	0	1	1	0	100201	2.0	100	2	1	2.0	0.0	0.0	0.0	0.0	0.0	0.0								0	0	1	2	0	0	0	0	0	0	0	0	0.0
6035	0	6035	3	0	Maru Bear NPC	1	0.3	SG1PetMd00001Bear01SGLV	0.3	1002	1	0.0	1.0	0.0	0.2	0.6499	0.55	50	3.0	0	0	3	0	0																																																																																																																																		0			0	0	1	1	0	100201	2.0	100	2	1	2.0	0.0	0.0	0.0	0.0	0.0	0.0								0	0	1	10	0	0	0	0	0	0	0	0	0.0
6036	0	6036	3	0	Thug in a Suit	1	0.3	Npc1RobotMd00001SGLV	0.3	1002	1	0.0	1.0	0.0	0.2	0.6499	0.55	50	3.0	0	0	3	0	0																																																																																																																																		0			0	0	1	1	0	100201	2.0	100	2	1	2.0	0.0	0.0	0.0	0.0	0.0	0.0								0	0	1	10	0	0	0	0	0	0	0	0	0.0
6037	0	6037	3	0	Kuprinkle	1	0.3	Npc1KuroswateringMd00004SGLV	0.3	1002	1	0.0	1.0	0.0	0.2	0.6499	0.55	50	3.0	0	0	3	0	0																																																																																																																																		0			0	0	1	1	0	100201	2.0	100	2	1	2.0	0.0	0.0	0.0	0.0	0.0	0.0								0	0	1	7	0	0	0	0	0	0	0	0	0.0
6038	0	6038	3	0	Floor-Sweeping Kuroro	1	0.3	Npc1KurosweepMd00008SGLV	0.3	1002	1	0.0	1.0	0.0	0.2	0.6499	0.55	50	3.0	0	0	3	0	0																																																																																																																																		0			0	0	1	1	0	100201	2.0	100	2	1	2.0	0.0	0.0	0.0	0.0	0.0	0.0								0	0	1	7	0	0	0	0	0	0	0	0	0.0
6039	0	6039	3	0	Repairer Kuroro	1	0.3	Npc1KurorepairMd00006SGLV	0.3	1002	1	0.0	1.0	0.0	0.2	0.6499	0.55	50	3.0	0	0	3	0	0																																																																																																																																		0			0	0	1	1	0	100201	2.0	100	2	1	2.0	0.0	0.0	0.0	0.0	0.0	0.0								0	0	1	7	0	0	0	0	0	0	0	0	0.0
6040	0	6040	3	0	Hatted Kuroro	1	0.3	Npc1KurobeardMd00002SGLV	0.3	1002	1	0.0	1.0	0.0	0.2	0.6499	0.55	50	3.0	0	0	3	0	0																																																																																																																																		0			0	0	1	1	0	100201	2.0	100	2	1	2.0	0.0	0.0	0.0	0.0	0.0	0.0								0	0	1	7	0	0	0	0	0	0	0	0	0.0
6041	0	6041	3	0	Scanner Kuroro	1	0.3	Npc1KurodataMd00007SGLV	0.3	1002	1	0.0	1.0	0.0	0.2	0.6499	0.55	50	3.0	0	0	3	0	0																																																																																																																																		0			0	0	1	1	0	100201	2.0	100	2	1	2.0	0.0	0.0	0.0	0.0	0.0	0.0								0	0	1	7	0	0	0	0	0	0	0	0	0.0
6042	0	6042	3	0	Patrolling Kuroro	1	0.3	Npc1KuroscanMd00003SGLV	0.3	1002	1	0.0	1.0	0.0	0.2	0.6499	0.55	50	3.0	0	0	3	0	0																																																																																																																																		0			0	0	1	1	0	100201	2.0	100	2	1	2.0	0.0	0.0	0.0	0.0	0.0	0.0								0	0	1	7	0	0	0	0	0	0	0	0	0.0
6043	0	6043	3	0	Wok-Tossing Kuroro	1	0.3	Npc1KurocookMd00005SGLV	0.3	1002	1	0.0	1.0	0.0	0.2	0.6499	0.55	50	3.0	0	0	3	0	0																																																																																																																																		0			0	0	1	1	0	100201	2.0	100	2	1	2.0	0.0	0.0	0.0	0.0	0.0	0.0								0	0	1	7	0	0	0	0	0	0	0	0	0.0
6044	0	6044	3	0	空花NPC通用服务员男性	1	0.3	Npc1MaleMd00001SGLV	0.3	1002	1	0.0	1.0	0.0	0.2	0.6499	0.55	50	3.0	0	0	3	0	0																																																																																																																																		0			0	0	1	1	0	100201	2.0	100	2	1	2.0	0.0	0.0	0.0	0.0	0.0	0.0								0	0	1	1	0	0	0	0	0	0	0	0	0.0
6045	0	6045	3	0	鲨士碧儿	1	0.3	Npc1AolajiangMd010011SGLV	0.3	1002	1	0.0	1.0	0.0	0.2	0.6499	0.55	50	3.0	0	0	3	0	0																																																																																																																																		0			0	0	1	1	0	100201	2.0	100	2	1	2.0	0.0	0.0	0.0	0.0	0.0	0.0								0	0	1	8	0	0	0	0	0	0	0	0	0.0
6046	0	6046	3	0	Male Construct 1	1	0.3	Npc1MaleMd00001SGLV	0.3	1002	1	0.0	1.0	0.0	0.2	0.6499	0.55	50	3.0	0	0	3	0	0																																																																																																																																		0			0	0	1	1	0	100201	2.0	100	2	1	2.0	0.0	0.0	0.0	0.0	0.0	0.0								0	0	1	1	0	0	0	0	0	0	0	0	0.0
6047	0	6047	3	0	Male Construct 2	1	0.3	Npc1MaleMd00001SGLV	0.3	1002	1	0.0	1.0	0.0	0.2	0.6499	0.55	50	3.0	0	0	3	0	0																																																																																																																																		0			0	0	1	1	0	100201	2.0	100	2	1	2.0	0.0	0.0	0.0	0.0	0.0	0.0								0	0	1	1	0	0	0	0	0	0	0	0	0.0
6048	0	6048	3	0	Female Construct 1	1	0.3	Npc1FemaleMd00001SGLV	0.3	1002	1	0.0	1.0	0.0	0.2	0.6499	0.55	50	3.0	0	0	3	0	0																																																																																																																																		0			0	0	1	1	0	100201	2.0	100	2	1	2.0	0.0	0.0	0.0	0.0	0.0	0.0								0	0	1	2	0	0	0	0	0	0	0	0	0.0
6049	0	6049	3	0	Female Construct 2	1	0.3	Npc1FemaleMd00001SGLV	0.3	1002	1	0.0	1.0	0.0	0.2	0.6499	0.55	50	3.0	0	0	3	0	0																																																																																																																																		0			0	0	1	1	0	100201	2.0	100	2	1	2.0	0.0	0.0	0.0	0.0	0.0	0.0								0	0	1	2	0	0	0	0	0	0	0	0	0.0
6050	0	6050	3	0	Leila (Ecological)	1	0.3	Npc1CafebossfMd00001SGLV	0.3	1002	1	0.0	1.0	0.0	0.2	0.6499	0.55	50	3.0	0	0	3	0	0																																																																																																																																		0			0	0	1	1	0	100201	2.0	100	2	1	2.0	0.0	0.0	0.0	0.0	0.0	0.0								0	0	1	2	0	0	0	0	0	0	0	0	0.0
6051	0	6051	3	0	New Male NPC 1	1	0.3	Npc1MaleMd00001SGLV	0.3	1002	1	0.0	1.0	0.0	0.2	0.6499	0.55	50	3.0	0	0	3	0	0																																																																																																																																		0			0	0	1	1	0	100201	2.0	100	2	1	2.0	0.0	0.0	0.0	0.0	0.0	0.0								0	0	1	1	0	0	0	0	0	0	0	0	0.0
6052	0	6052	3	0	New Male NPC 2	1	0.3	Npc1MaleMd00001SGLV	0.3	1002	1	0.0	1.0	0.0	0.2	0.6499	0.55	50	3.0	0	0	3	0	0																																																																																																																																		0			0	0	1	1	0	100201	2.0	100	2	1	2.0	0.0	0.0	0.0	0.0	0.0	0.0								0	0	1	1	0	0	0	0	0	0	0	0	0.0
6053	0	6053	3	0	New Male NPC 3	1	0.3	Npc1MaleMd00001SGLV	0.3	1002	1	0.0	1.0	0.0	0.2	0.6499	0.55	50	3.0	0	0	3	0	0																																																																																																																																		0			0	0	1	1	0	100201	2.0	100	2	1	2.0	0.0	0.0	0.0	0.0	0.0	0.0								0	0	1	1	0	0	0	0	0	0	0	0	0.0
6054	0	6054	3	0	New Male NPC 4	1	0.3	Npc1MaleMd00001SGLV	0.3	1002	1	0.0	1.0	0.0	0.2	0.6499	0.55	50	3.0	0	0	3	0	0																																																																																																																																		0			0	0	1	1	0	100201	2.0	100	2	1	2.0	0.0	0.0	0.0	0.0	0.0	0.0								0	0	1	1	0	0	0	0	0	0	0	0	0.0
6055	0	6055	3	0	New Female NPC 1	1	0.3	Npc1FemaleMd00001SGLV	0.3	1002	1	0.0	1.0	0.0	0.2	0.6499	0.55	50	3.0	0	0	3	0	0																																																																																																																																		0			0	0	1	1	0	100201	2.0	100	2	1	2.0	0.0	0.0	0.0	0.0	0.0	0.0								0	0	1	2	0	0	0	0	0	0	0	0	0.0
6056	0	6056	3	0	New Female NPC 2	1	0.3	Npc1FemaleMd00001SGLV	0.3	1002	1	0.0	1.0	0.0	0.2	0.6499	0.55	50	3.0	0	0	3	0	0																																																																																																																																		0			0	0	1	1	0	100201	2.0	100	2	1	2.0	0.0	0.0	0.0	0.0	0.0	0.0								0	0	1	2	0	0	0	0	0	0	0	0	0.0
6057	0	6057	3	0	New Female NPC 3	1	0.3	Npc1FemaleMd00001SGLV	0.3	1002	1	0.0	1.0	0.0	0.2	0.6499	0.55	50	3.0	0	0	3	0	0																																																																																																																																		0			0	0	1	1	0	100201	2.0	100	2	1	2.0	0.0	0.0	0.0	0.0	0.0	0.0								0	0	1	2	0	0	0	0	0	0	0	0	0.0
6058	0	6058	3	0	New Female NPC 4	1	0.3	Npc1FemaleMd00001SGLV	0.3	1002	1	0.0	1.0	0.0	0.2	0.6499	0.55	50	3.0	0	0	3	0	0																																																																																																																																		0			0	0	1	1	0	100201	2.0	100	2	1	2.0	0.0	0.0	0.0	0.0	0.0	0.0								0	0	1	2	0	0	0	0	0	0	0	0	0.0
6059	0	6059	3	0	New Female NPC 5	1	0.3	Npc1FemaleMd00001SGLV	0.3	1002	1	0.0	1.0	0.0	0.2	0.6499	0.55	50	3.0	0	0	3	0	0																																																																																																																																		0			0	0	1	1	0	100201	2.0	100	2	1	2.0	0.0	0.0	0.0	0.0	0.0	0.0								0	0	1	2	0	0	0	0	0	0	0	0	0.0
6060	0	6060	3	0	工作机器人_大	1	0.3	Npc1RobotMd00006SGLV	0.3	1002	1	0.0	1.0	0.0	0.2	0.6499	0.55	50	3.0	0	0	3	0	0																																																																																																																																		0			0	0	1	1	0	100201	2.0	100	2	1	2.0	0.0	0.0	0.0	0.0	0.0	0.0								0	0	1	9	0	0	0	0	0	0	0	0	0.0
6061	0	6061	3	0	Smiling Hatted Kuroro	1	0.3	Npc1KurobeardMd00002SGLV	0.3	1002	1	0.0	1.0	0.0	0.2	0.6499	0.55	50	3.0	0	0	3	0	0																																																																																																																																		0			0	0	1	1	0	100201	2.0	100	2	1	2.0	0.0	0.0	0.0	0.0	0.0	0.0								0	0	1	7	0	0	0	0	0	0	0	0	0.0
6062	0	6062	3	0	Ross	1	0.3	Npc1CafebossmMd00001SGLV	0.3	1002	1	0.0	1.0	0.0	0.2	0.6499	0.55	50	3.0	0	0	3	0	0																																																																																																																																		0			0	0	1	1	0	100201	2.0	100	2	1	2.0	0.0	0.0	0.0	0.0	0.0	0.0								0	0	1	22	0	0	0	0	0	0	0	0	0.0
6063	0	6063	3	0	薇拉	1	0.3	R4WeilaMd010021SGLV	0.3	1002	1	0.0	1.0	0.0	0.2	0.6499	0.55	50	3.0	0	0	3	0	0																																																																																																																																		0			0	0	1	1	0	100201	2.0	100	2	1	2.0	0.0	0.0	0.0	0.0	0.0	0.0								0	0	1	14	0	0	0	0	0	0	0	0	0.0
6064	0	6064	3	0	Divine Liv	1	0.3	R5LifuMd010021SGLV	0.3	1002	1	0.0	1.0	0.0	0.2	0.6499	0.55	50	3.0	0	0	3	0	0																																																																																																																																		0			0	0	1	1	0	100201	2.0	100	2	1	2.0	0.0	0.0	0.0	0.0	0.0	0.0								0	0	1	15	0	0	0	0	0	0	0	3	0.0
6065	0	6065	3	0	工作机器人紫爪_大	1	0.3	Npc1RobotMd00002SGLV	0.3	1002	1	0.0	1.0	0.0	0.2	0.6499	0.55	50	3.0	0	0	3	0	0																																																																																																																																		0			0	0	1	1	0	100201	2.0	100	2	1	2.0	0.0	0.0	0.0	0.0	0.0	0.0								0	0	1	9	0	0	0	0	0	0	0	0	0.0
6066	0	6066	3	0	工作机器人赫爪_大	1	0.3	Npc1RobotMd00003SGLV	0.3	1002	1	0.0	1.0	0.0	0.2	0.6499	0.55	50	3.0	0	0	3	0	0																																																																																																																																		0			0	0	1	1	0	100201	2.0	100	2	1	2.0	0.0	0.0	0.0	0.0	0.0	0.0								0	0	1	9	0	0	0	0	0	0	0	0	0.0
6067	0	6067	3	0	工作机器人蓝爪_大	1	0.3	Npc1RobotMd00004SGLV	0.3	1002	1	0.0	1.0	0.0	0.2	0.6499	0.55	50	3.0	0	0	3	0	0																																																																																																																																		0			0	0	1	1	0	100201	2.0	100	2	1	2.0	0.0	0.0	0.0	0.0	0.0	0.0								0	0	1	9	0	0	0	0	0	0	0	0	0.0
6068	0	6068	3	0	工作机器人绿爪_大	1	0.3	Npc1RobotMd00005SGLV	0.3	1002	1	0.0	1.0	0.0	0.2	0.6499	0.55	50	3.0	0	0	3	0	0																																																																																																																																		0			0	0	1	1	0	100201	2.0	100	2	1	2.0	0.0	0.0	0.0	0.0	0.0	0.0								0	0	1	9	0	0	0	0	0	0	0	0	0.0
6069	0	6069	3	0	Commandant (Female)	1	0.3	Com1ChieffMd01001SGLV	0.3	1002	1	0.0	1.0	0.0	0.2	0.6499	0.55	50	3.0	0	0	3	0	0																																																																																																																																		0			0	0	1	1	0	100201	2.0	100	2	1	2.0	0.0	0.0	0.0	0.0	0.0	0.0								0	0	1	1	0	0	0	0	0	0	0	0	0.0
6070	0	6070	3	0	Leila (Story)	1	0.3	Npc1CafebossfMd00001SGLV	0.3	1002	1	0.0	1.0	0.0	0.2	0.6499	0.55	50	3.0	0	0	3	0	0																																																																																																																																		0			0	0	1	1	0	100201	2.0	100	2	1	2.0	0.0	0.0	0.0	0.0	0.0	0.0								0	0	1	2	0	0	0	0	0	0	0	0	0.0
6071	0	6071	3	0	Karenina: Scire Rank 2	1	0.3	R4KalieninaMd010021SGLV	0.3	1002	1	0.0	1.0	0.0	0.2	0.6499	0.55	50	3.0	0	0	3	0	0																																																																																																																																		0			0	0	1	1	0	100201	2.0	100	2	1	2.0	0.0	0.0	0.0	0.0	0.0	0.0								0	0	1	12	0	0	0	0	0	0	0	0	0.0
6072	0	6072	3	0	比安卡深痕一阶	1	0.3	R4BiankaMd010011SGLV	0.3	1002	1	0.0	1.0	0.0	0.2	0.6499	0.55	50	3.0	0	0	3	0	0																																																																																																																																		0			0	0	1	1	0	100201	2.0	100	2	1	2.0	0.0	0.0	0.0	0.0	0.0	0.0								0	0	1	13	0	0	0	0	0	0	0	0	0.0
6073	0	6073	3	0	Froggie	1	0.3	Npc1AdwMd00001SGLV	0.3	1002	1	0.0	1.0	0.0	0.2	0.6499	0.55	50	3.0	0	0	3	0	0																																																																																																																																		0			0	0	1	1	0	100201	2.0	100	2	1	2.0	0.0	0.0	0.0	0.0	0.0	0.0								0	0	1	16	0	0	0	0	0	0	0	0	0.0
6074	0	6074	3	0	Vera Ecological	1	0.3	R4WeilaMd010021SGLV	0.3	1002	1	0.0	1.0	0.0	0.2	0.6499	0.55	50	3.0	0	0	3	0	0																																																																																																																																		0			0	0	1	1	0	100201	2.0	100	2	1	2.0	0.0	0.0	0.0	0.0	0.0	0.0								0	0	1	14	0	0	0	0	0	0	0	0	0.0
6075	0	6075	3	0	Lucia: Pyroath Ecological	1	0.3	R6LuxiyaMd010021SGLV	0.3	1002	1	0.0	1.0	0.0	0.2	0.6499	0.55	50	3.0	0	0	3	0	0																																																																																																																																		0			0	0	1	1	0	100201	2.0	100	2	1	2.0	0.0	0.0	0.0	0.0	0.0	0.0								0	0	1	11	0	0	0	0	0	0	0	0	0.0
6076	0	6076	3	0	Bianca: Crepuscule	1	0.3	R5BiankaMd010021SGLV	0.3	1002	1	0.0	1.0	0.0	0.2	0.6499	0.55	50	3.0	0	0	3	0	0																																																																																																																																		0			0	0	1	1	0	100201	2.0	100	2	1	2.0	0.0	0.0	0.0	0.0	0.0	0.0								0	0	1	13	0	0	0	0	0	0	0	0	0.0
6077	0	6077	3	0	Selena: Pianissimo	1	0.3	R5SailinnaMd010021SGLV	0.3	1002	1	0.0	1.0	0.0	0.2	0.6499	0.55	50	3.0	0	0	3	0	0																																																																																																																																		0			0	0	1	1	0	100201	2.0	100	2	1	2.0	0.0	0.0	0.0	0.0	0.0	0.0								0	0	1	17	0	0	0	0	0	0	0	0	0.0
6078	0	6078	3	0	Lee: Hyperreal	1	0.3	R4LiangMd010021SGLV	0.3	1002	1	0.0	1.0	0.0	0.2	0.6499	0.55	50	3.0	0	0	3	0	0																																																																																																																																		0			0	0	1	1	0	100201	2.0	100	2	1	2.0	0.0	0.0	0.0	0.0	0.0	0.0								0	0	1	18	0	0	0	0	0	0	0	0	0.0
6079	0	6079	3	0	Qu: Shukra	1	0.3	R3QuMd010021SGLV	0.3	1002	1	0.0	1.0	0.0	0.2	0.6499	0.55	50	3.0	0	0	3	0	0																																																																																																																																		0			0	0	1	1	0	100201	2.0	100	2	1	2.0	0.0	0.0	0.0	0.0	0.0	0.0								0	0	1	19	0	0	0	0	0	0	0	0	0.0
6080	0	6080	3	0	Nanami: Startrail	1	0.3	R5YongyechaoMd010021SGLV	0.3	1002	1	0.0	1.0	0.0	0.2	0.6499	0.55	50	3.0	0	0	3	0	0																																																																																																																																		0			0	0	1	1	0	100201	2.0	100	2	1	2.0	0.0	0.0	0.0	0.0	0.0	0.0								0	0	1	21	0	0	0	0	0	0	0	0	0.0
6081	0	6081	3	0	Lancer NPC White	1	0.3	Mo1ForsakensoliderMd010001SGLV	0.3	1002	1	0.0	1.0	0.0	0.2	0.6499	0.55	50	3.0	0	0	3	0	0																																																																																																																																		0			0	0	1	1	0	100201	2.0	100	2	1	2.0	0.0	0.0	0.0	0.0	0.0	0.0								0	0	1	1	0	0	0	0	0	0	0	0	0.0
6082	0	6082	3	0	Lucia Pyroath (Coffee Gameplay)	1	0.3	R6LuxiyaMd010021SGCafe	0.3	1002	1	0.0	1.0	0.0	0.2	0.6499	0.55	50	3.0	0	0	3	0	0																																																																																																																																		0			0	0	1	1	0	100201	2.0	100	2	1	2.0	0.0	0.0	0.0	0.0	0.0	0.0								0	0	1	11	0	0	0	0	0	0	0	0	0.0
6083	0	6083	3	0	Bianca Stigmata (Coffee Gameplay)	1	0.3	R5BiankaMd010021SGCafe	0.3	1002	1	0.0	1.0	0.0	0.2	0.6499	0.55	50	3.0	0	0	3	0	0														3001002																																																																																																																				0			0	0	1	1	0	100201	2.0	100	2	1	2.0	0.0	0.0	0.0	0.0	0.0	0.0								0	0	1	13	0	0	0	0	0	0	0	0	0.0
6084	0	6084	3	0	Karenina Scire (Coffee Gameplay)	1	0.3	R4KalieninaMd010021SGCafe	0.3	1002	1	0.0	1.0	0.0	0.2	0.6499	0.55	50	3.0	0	0	3	0	0																																																																																																																																		0			0	0	1	1	0	100201	2.0	100	2	1	2.0	0.0	0.0	0.0	0.0	0.0	0.0								0	0	1	12	0	0	0	0	0	0	0	0	0.0
6085	0	6085	3	0	Babylonia Basic Female NPC (Ecosystem 2)	1	0.3	Npc1FemaleMd00001SGLV	0.3	1002	1	0.0	1.0	0.0	0.2	0.6499	0.55	50	3.0	0	0	3	0	0																																																																																																																																		0			0	0	1	1	0	100201	2.0	100	2	1	2.0	0.0	0.0	0.0	0.0	0.0	0.0								0	0	1	2	0	0	0	0	0	0	0	0	0.0
6086	0	6086	3	0	Babylonia Basic Male NPC (Ecosystem 2)	1	0.3	Npc1MaleMd00001SGLV	0.3	1002	1	0.0	1.0	0.0	0.2	0.6499	0.55	50	3.0	0	0	3	0	0																																																																																																																																		0			0	0	1	1	0	100201	2.0	100	2	1	2.0	0.0	0.0	0.0	0.0	0.0	0.0								0	0	1	1	0	0	0	0	0	0	0	0	0.0
6087	0	6087	3	0	Wanshi	1	0.3	R3WanshiMd010021SGLV	0.3	1002	1	0.0	1.0	0.0	0.2	0.6499	0.55	50	3.0	0	0	3	0	0																																																																																																																																		0			0	0	1	1	0	100201	2.0	100	2	1	2.0	0.0	0.0	0.0	0.0	0.0	0.0								0	0	1	18	0	0	0	0	0	0	0	0	0.0
6088	0	6088	3	0	New Rosetta	1	0.3	R4LuosaitaMd010021SGLV	0.3	1002	1	0.0	1.0	0.0	0.2	0.6499	0.55	50	3.0	0	0	3	0	0																																																																																																																																		0			0	0	1	1	0	100201	2.0	100	2	1	2.0	0.0	0.0	0.0	0.0	0.0	0.0								0	0	1	22	0	0	0	0	0	0	0	0	0.0
6089	0	6089	3	0	Power Armor Commandant (Male)	1	0.3	Com1ChiefmMd02001SG	0.3	1002	1	0.0	1.0	0.0	0.2	0.6499	0.55	50	3.0	0	0	3	0	0																																																																																																																																		0			0	0	1	1	0	100201	2.0	100	2	1	2.0	0.0	0.0	0.0	0.0	0.0	0.0								0	0	1	1	0	0	0	0	0	0	0	0	0.0
6090	0	6090	3	0	Power Armor Commandant (Female)	1	0.3	Com1ChieffMd02001SG	0.3	1002	1	0.0	1.0	0.0	0.2	0.6499	0.55	50	3.0	0	0	3	0	0																																																																																																																																		0			0	0	1	1	0	100201	2.0	100	2	1	2.0	0.0	0.0	0.0	0.0	0.0	0.0								0	0	1	2	0	0	0	0	0	0	0	0	0.0
6091	0	6091	3	0	Polar Soldier NPC	1	0.3	Npc1JidijibingMd00001SGLV	0.3	1002	1	0.0	1.0	0.0	0.2	0.6499	0.55	50	3.0	0	0	3	0	0																																																																																																																																		0			0	0	1	1	0	100201	2.0	100	2	1	2.0	0.0	0.0	0.0	0.0	0.0	0.0								0	0	1	23	0	0	0	0	0	0	0	0	0.0
6092	0	6092	3	0	Arctic Mechanical Rabbit NPC	1	0.3	Npc1TuziMd00001SGLV	0.3	1002	1	0.0	1.0	0.0	0.2	0.6499	0.55	50	3.0	0	0	3	0	0																																																																																																																																		0			0	0	1	1	0	100201	2.0	100	2	1	2.0	0.0	0.0	0.0	0.0	0.0	0.0								0	0	1	24	0	0	0	0	0	0	0	0	0.0
6093	0	6093	3	0	Fake Mina NPC	1	0.3	Npc1ZakeMd00001SGLV	0.3	1002	1	0.0	1.0	0.0	0.2	0.6499	0.55	50	3.0	0	0	3	0	0																																																																																																																																		0			0	0	1	1	0	100201	2.0	100	2	1	2.0	0.0	0.0	0.0	0.0	0.0	0.0								0	0	1	1	0	0	0	0	0	0	0	0	0.0
6094	0	6094	3	0	Teddy	1	0.3	R3BuouxiongMd010021SGLV	0.3	1002	1	0.0	1.0	0.0	0.2	0.6499	0.55	50	3.0	0	0	3	0	0																																																																																																																																		0			0	0	1	1	0	100201	2.0	100	2	1	2.0	0.0	0.0	0.0	0.0	0.0	0.0								0	0	1	1	0	0	0	0	0	0	0	0	0.0
6999	0	6999	3	0	White Dragon Test	1	0.3	Mb1JueanhtMd010001	0.3	8301	1	0.0	1.0	0.0	0.2	0.6499	0.55	50	3.0	0	0	3	0	0																																																																																																																																		0			0	0	1	1	0	100201	2.0	100	2	1	2.0	0.0	0.0	0.0	0.0	0.0	0.0								0	0	1	1	0	0	0	0	0	0	0	0	0.0
6095	0	6095	3	0	Military Drone NPC	1	0.3	Npc1DroneMd00001SGLV	0.3	1002	1	0.0	1.0	0.0	0.2	0.6499	0.55	50	3.0	0	0	3	0	0																																																																																																																																		0			0	0	1	1	0	100201	2.0	100	2	1	2.0	0.0	0.0	0.0	0.0	0.0	0.0								0	0	1	25	0	0	0	0	0	0	0	0	0.0
6096	0	6096	3	0	Polar Bear NPC	1	0.3	Npc1XiongrenMd00001SGLV	0.3	1002	1	0.0	1.0	0.0	0.2	0.6499	0.55	50	3.0	0	0	3	0	0																																																																																																																																		0			0	0	1	1	0	100201	2.0	100	2	1	2.0	0.0	0.0	0.0	0.0	0.0	0.0								0	0	1	26	0	0	0	0	0	0	0	0	0.0
6097	0	6097	3	0	阿西莫夫NPC	1	0.3	Npc1AsimovMd00001SGLV	0.3	1002	1	0.0	1.0	0.0	0.2	0.6499	0.55	50	3.0	0	0	3	0	0																																																																																																																																		0			0	0	1	1	0	100201	2.0	100	2	1	2.0	0.0	0.0	0.0	0.0	0.0	0.0								0	0	1	1	0	0	0	0	0	0	0	0	0.0
6098	0	6098	3	0	拍照用宕机库洛洛（黑）	0	0.0	Npc1KuroTaskMd00011SGLV	0.3	1002	1	0.0	1.0	0.0	0.2	0.6499	0.55	0	0.0	0	0	0	0	0																																																																																																																																		0			0	0	0	1	0	100201	2.0	100	2	1	2.0	0.0	0.0	0.0	0.0	0.0	0.0								0	0	0	7	0	0	0	0	0	0	0	0	0.0
6099	0	6099	3	0	Photo Mode Crashed Kuroro (White)	0	0.0	Npc1KuroTaskMd00010SGLV	0.3	1002	1	0.0	1.0	0.0	0.2	0.6499	0.55	0	0.0	0	0	0	0	0																																																																																																																																		0			0	0	0	1	0	100201	2.0	100	2	1	2.0	0.0	0.0	0.0	0.0	0.0	0.0								0	0	0	7	0	0	0	0	0	0	0	0	0.0
6100	0	6100	3	0	拍照用70特殊库洛洛	0	0.0	Npc1KuroNanamiMd00012SGLV	0.3	1002	1	0.0	1.0	0.0	0.2	0.6499	0.55	0	0.0	0	0	0	0	0																																																																																																																																		0			0	0	0	1	0	100201	2.0	100	2	1	2.0	0.0	0.0	0.0	0.0	0.0	0.0								0	0	0	7	0	0	0	0	0	0	0	0	0.0
6101	0	6101	3	0	Cat 1 (Calico)	0	0.0	Npc1CatMd00001SGLV	0.3	1002	1	0.0	1.0	0.0	0.2	0.6499	0.55	0	0.0	0	0	0	0	0																																																																																																																																		0			0	0	0	1	0	100201	2.0	100	2	1	2.0	0.0	0.0	0.0	0.0	0.0	0.0								0	0	0	7	0	0	0	0	0	0	0	0	0.0
6102	0	6102	3	0	Cat 2 (Tabby)	0	0.0	Npc1CatMd00002SGLV	0.3	1002	1	0.0	1.0	0.0	0.2	0.6499	0.55	0	0.0	0	0	0	0	0																																																																																																																																		0			0	0	0	1	0	100201	2.0	100	2	1	2.0	0.0	0.0	0.0	0.0	0.0	0.0								0	0	0	7	0	0	0	0	0	0	0	0	0.0
6103	0	6103	3	0	Cat 3 (White)	0	0.0	Npc1CatMd00003SGLV	0.3	1002	1	0.0	1.0	0.0	0.2	0.6499	0.55	0	0.0	0	0	0	0	0																																																																																																																																		0			0	0	0	1	0	100201	2.0	100	2	1	2.0	0.0	0.0	0.0	0.0	0.0	0.0								0	0	0	7	0	0	0	0	0	0	0	0	0.0
6104	0	6104	3	0	Vanessa	1	0.3	Npc1FannishaMd00001SGLV	0.3	1002	1	0.0	1.0	0.0	0.2	0.6499	0.55	50	3.0	0	0	3	0	0																																																																																																																																		0			0	0	1	1	0	100201	2.0	100	2	1	2.0	0.0	0.0	0.0	0.0	0.0	0.0								0	0	1	2	0	0	0	0	0	0	0	0	0.0
6105	0	6105	3	0	Kamui	1	0.3	R4ShenweiMd010021SGLV	0.3	1002	1	0.0	1.0	0.0	0.2	0.6499	0.55	50	3.0	0	0	3	0	0																																																																																																																																		0			0	0	1	1	0	100201	2.0	100	2	1	2.0	0.0	0.0	0.0	0.0	0.0	0.0								0	0	1	1	0	0	0	0	0	0	0	0	0.0
6106	0	6106	3	0	Construct Captain	1	0.3	Npc1GztcaptainMd00001SGLV	0.3	1002	1	0.0	1.0	0.0	0.2	0.6499	0.55	50	3.0	0	0	3	0	0																																																																																																																																		0			0	0	1	1	0	100201	2.0	100	2	1	2.0	0.0	0.0	0.0	0.0	0.0	0.0								0	0	1	1	0	0	0	0	0	0	0	0	0.0
6107	0	6107	3	0	Hal Jo	1	0.3	Npc1HarryjoeMd00001SGLV	0.3	1002	1	0.0	1.0	0.0	0.2	0.6499	0.55	50	3.0	0	0	3	0	0																																																																																																																																		0			0	0	1	1	0	100201	2.0	100	2	1	2.0	0.0	0.0	0.0	0.0	0.0	0.0								0	0	1	1	0	0	0	0	0	0	0	0	0.0
6108	0	6108	3	0	Alpha	1	0.3	R7LuxiyaMd010021SGLV	0.3	1002	1	0.0	1.0	0.0	0.2	0.6499	0.55	50	3.0	0	0	3	0	0																																																																																																																																		0			0	0	1	1	0	100201	2.0	100	2	1	2.0	0.0	0.0	0.0	0.0	0.0	0.0								0	0	1	1	0	0	0	0	0	0	0	0	0.0
6109	0	6109	3	0	Training Robot	1	0.3	Npc1PoliceMd01001SGLV	0.3	1002	1	0.0	1.0	0.0	0.2	0.6499	0.55	50	3.0	0	0	3	0	0																																																																																																																																		0			0	0	1	1	0	100201	2.0	100	2	1	2.0	0.0	0.0	0.0	0.0	0.0	0.0								0	0	1	23	0	0	0	0	0	0	0	0	0.0
6110	0	6110	3	0	F.O.S. Drone 1	1	0.3	Npc1HetiwurenjiMd01001SGLV	0.3	1002	1	0.0	1.0	0.0	0.2	0.6499	0.55	50	3.0	0	0	3	0	0																																																																																																																																		0			0	0	1	1	0	100201	2.0	100	2	1	2.0	0.0	0.0	0.0	0.0	0.0	0.0								0	0	1	25	0	0	0	0	0	0	0	0	0.0
6111	0	6111	3	0	F.O.S. Drone 2	1	0.3	Npc1HetiyiliaojiMd01001SGLV	0.3	1002	1	0.0	1.0	0.0	0.2	0.6499	0.55	50	3.0	0	0	3	0	0																																																																																																																																		0			0	0	1	1	0	100201	2.0	100	2	1	2.0	0.0	0.0	0.0	0.0	0.0	0.0								0	0	1	25	0	0	0	0	0	0	0	0	0.0
6112	0	6112	3	0	F.O.S. College Robot 1	1	0.3	Npc1BiaoyanyirenMd00001SGLV	0.3	1002	1	0.0	1.0	0.0	0.2	0.6499	0.55	50	3.0	0	0	3	0	0																																																																																																																																		0			0	0	1	1	0	100201	2.0	100	2	1	2.0	0.0	0.0	0.0	0.0	0.0	0.0								0	0	1	24	0	0	0	0	0	0	0	0	0.0
6113	0	6113	3	0	F.O.S. College Robot 2	1	0.3	Npc1HetigongzuojiqiMd01001SGLV	0.3	1002	1	0.0	1.0	0.0	0.2	0.6499	0.55	50	3.0	0	0	3	0	0																																																																																																																																		0			0	0	1	1	0	100201	2.0	100	2	1	2.0	0.0	0.0	0.0	0.0	0.0	0.0								0	0	1	24	0	0	0	0	0	0	0	0	0.0
6114	0	6114	3	0	F.O.S. College Robot 3	1	0.3	Npc1TiaojiushiMd00001SGLV	0.3	1002	1	0.0	1.0	0.0	0.2	0.6499	0.55	50	3.0	0	0	3	0	0																																																																																																																																		0			0	0	1	1	0	100201	2.0	100	2	1	2.0	0.0	0.0	0.0	0.0	0.0	0.0								0	0	1	24	0	0	0	0	0	0	0	0	0.0
6115	0	6115	3	0	Training Robot 2	1	0.3	Npc1SkaterboyMd01001SGLV	0.3	1002	1	0.0	1.0	0.0	0.2	0.6499	0.55	50	3.0	0	0	3	0	0																																																																																																																																		0			0	0	1	1	0	100201	2.0	100	2	1	2.0	0.0	0.0	0.0	0.0	0.0	0.0								0	0	1	25	0	0	0	0	0	0	0	0	0.0
6116	0	6116	3	0	Chrome	1	0.3	R3KuluomuMd010021SGLV	0.3	1002	1	0.0	1.0	0.0	0.2	0.6499	0.55	50	3.0	0	0	3	0	0																																																																																																																																		0			0	0	1	1	0	100201	2.0	100	2	1	2.0	0.0	0.0	0.0	0.0	0.0	0.0								0	0	1	1	0	0	0	0	0	0	0	0	0.0
6117	0	6117	3	0	Nirvatia	1	0.3	R3NietiyaMd010021SGLV	0.3	1002	1	0.0	1.0	0.0	0.2	0.6499	0.55	50	3.0	0	0	3	0	0																																																																																																																																		0			0	0	1	1	0	100201	2.0	100	2	1	2.0	0.0	0.0	0.0	0.0	0.0	0.0								0	0	1	1	0	0	0	0	0	0	0	0	0.0
6118	0	6118	3	0	Sica	1	0.3	Npc1ShikaMd00001SGLV	0.3	1002	1	0.0	1.0	0.0	0.2	0.6499	0.55	50	3.0	0	0	3	0	0																																																																																																																																		0			0	0	1	1	0	100201	2.0	100	2	1	2.0	0.0	0.0	0.0	0.0	0.0	0.0								0	0	1	2	0	0	0	0	0	0	0	0	0.0
6119	0	6119	3	0	Simon	1	0.3	Npc1SimonMd00001SGLV	0.3	1002	1	0.0	1.0	0.0	0.2	0.6499	0.55	50	3.0	0	0	3	0	0																																																																																																																																		0			0	0	1	1	0	100201	2.0	100	2	1	2.0	0.0	0.0	0.0	0.0	0.0	0.0								0	0	1	1	0	0	0	0	0	0	0	0	0.0
6120	0	6120	3	0	Exclusive to Babylonia Puzzle Missions	1	0.3	Npc1MaleMd00001SGLV	0.3	1604	1	0.0	1.0	0.0	0.2	0.6499	0.55	50	3.0	0	0	3	0	0																																																																																																																																		0			0	0	1	1	0	100201	2.0	100	2	1	2.0	0.0	0.0	0.0	0.0	0.0	0.0								0	0	1	1	0	0	0	0	0	0	0	0	0.0
6121	0	6121	3	0	Heart Kuroro for Main Access Mission	0	0.0	Npc1KuroTaskMd00012SGLV	0.3	1002	1	0.0	1.0	0.0	0.2	0.6499	0.55	0	0.0	0	0	0	0	0																																																																																																																																		0			0	0	0	1	0	100201	2.0	100	2	1	2.0	0.0	0.0	0.0	0.0	0.0	0.0								0	0	0	7	0	0	0	0	0	0	0	0	0.0
6122	0	6122	3	0	Babylonia Transportation Hub Dancing Robot	1	0.3	Npc1HetigongzuojiqiMd01001SGLV	0.3	1002	1	0.0	1.0	0.0	0.2	0.6499	0.55	50	3.0	0	0	3	0	0																																																																																																																																		0			0	0	1	1	0	100201	2.0	100	2	1	2.0	0.0	0.0	0.0	0.0	0.0	0.0								0	0	1	9	0	0	0	0	0	0	0	0	0.0
6123	0	6123	3	0	指挥官男-礼服形象	1	0.3	Com1ChiefmMd03001SG	0.3	1002	1	0.0	1.0	0.0	0.2	0.6499	0.55	50	3.0	0	0	3	0	0																																																																																																																																		0			0	0	1	1	0	100201	2.0	100	2	1	2.0	0.0	0.0	0.0	0.0	0.0	0.0								0	0	1	1	0	0	0	0	0	0	0	0	0.0
6124	0	6124	3	0	指挥官女-礼服形象	1	0.3	Com1ChieffMd03001SG	0.3	1002	1	0.0	1.0	0.0	0.2	0.6499	0.55	50	3.0	0	0	3	0	0																																																																																																																																		0			0	0	1	1	0	100201	2.0	100	2	1	2.0	0.0	0.0	0.0	0.0	0.0	0.0								0	0	1	2	0	0	0	0	0	0	0	0	0.0
7001	0	7001	3	0	Heavy Artillery - Enemy Example	1	0.3	Npc1SailikaMd00001SGLV	0.3	1002	1	0.0	1.0	0.0	0.2	0.6499	0.55	50	3.0	0	0	3	0	0																								700101																																																																																																										0			0	0	1	0	0	100201	2.0	100	2	0	2.0	0.0	0.0	0.0	0.0	0.0	0.0								7001	0	0	0	0	0	0	0	0	0	1	0	0.0
7002	0	7002	3	0	Heavy Artillery - CUB	1	0.3	SG1PetMd00001BeamCannon01SGLV	0.3	1002	1	0.0	1.0	0.0	0.2	0.6499	0.55	50	3.0	0	0	3	0	0																								700201																																																																																																										0			0	0	1	0	0	100201	2.0	100	2	0	2.0	0.0	0.0	0.0	0.0	0.0	0.0								7002	0	0	0	0	0	0	0	0	0	1	0	0.0
7003	0	7003	3	0	Heavy Artillery - Snow Owl	1	0.3	Npc1XuexiaoMd00001SGLV	0.3	1002	1	0.0	1.0	0.0	0.2	0.6499	0.55	50	3.0	0	0	3	0	0																								700301																																																																																																										0			0	0	1	0	0	100201	2.0	100	2	0	2.0	0.0	0.0	0.0	0.0	0.0	0.0								7003	0	0	0	0	0	0	0	0	0	1	0	0.0
7004	0	7004	3	0	Heavy Artillery - Ground Monitor	1	0.3	Npc1DimianjianshiqiMd00001SGLV	0.3	1002	1	0.0	1.0	0.0	0.2	0.6499	0.55	50	3.0	0	0	3	0	0																								700401																																																																																																										0			0	0	1	0	0	100201	2.0	100	2	0	2.0	0.0	0.0	0.0	0.0	0.0	0.0								7004	0	0	0	0	0	0	0	0	0	1	0	0.0
7005	0	7005	3	0	Heavy Artillery - Fusion Turret	1	0.3	Npc1HetipaotaiMd00001SGLV	0.3	1002	1	0.0	1.0	0.0	0.2	0.6499	0.55	50	3.0	0	0	3	0	0																								700501																																																																																																										0			0	0	1	0	0	100201	2.0	100	2	0	2.0	0.0	0.0	0.0	0.0	0.0	0.0								7005	0	0	0	0	0	0	0	0	0	1	0	0.0
1602	2	1602	1602	0	70	0	0.3	R5YongyechaoMd010011RM	0.3	1053	1	0.0	0.1	0.0	0.2	0.6499	0.55	10	1.7	0	0	3	0	0			105201	105202	105203									105217	105239	1000487								105215	105216	105217	105218	105291	105292	105293	106219	106222																																																																																																		0			1	1	1	1	0	0	0.8	10	1	0	1.0	0.07	0.07	7.0	0.25	0.25	0.15	0.4|0.4|1	0.4|0.4|1	0.8|0.8|1	0.8|0.8|1	0.67|0.67|0.67	-1|-1|-1	1|1|1	1602	2	0	0	0	0	0	0	0	0	0	0	0.0
1603	3	1603	1603	0	Liv	0	0.3	R4LifuMd010031RM	0.3	1053	1	0.0	0.1	0.0	0.2	0.6499	0.55	10	1.7	0	0	3	0	0			105301											105308008	1000488									105301	105302	105303	105304	105305	105306	105391	105392	105393	106341	106350																																																																																																0			1	1	1	1	0	0	0.8	10	1	0	1.0	0.07	0.07	7.0	0.25	0.25	0.15	0.4|0.4|1	0.4|0.4|1	0.8|0.8|1	0.8|0.8|1	0.67|0.67|0.67	-1|-1|-1	1|1|1	1603	2	0	0	0	0	0	0	0	0	0	0	0.0
