Sector	ActorType	ConfigGroupId	PlaceId	OptionId	Type	InteractType	Time	Consumable	RegenTime	ShowConditionId	Config
skygarden	2	1001	900001	1	5	1	0.0	0	0.0	0	{"LevelConditionGroup":{"_condCommanderGenderTypeCache":null,"ConditionLists":[{"Conditions":[{"name":"","hideFlags":0,"CondType":2,"Params":{"$type":"XConfigLevelConditionParamsCheckQuestObjectiveComplete","name":"","hideFlags":0,"QuestObjectiveId":10010120,"CheckExitAsComplete":false},"InvertResult":true,"TipDescId":"CheckQuestObjectiveComplete_1756713463906_12"}],"LogicOp":0}],"LogicOp":0},"CompleteActionList":[{"ActionType":18001,"Params":{"$type":"XConfigLevelActionParamsRequestEnterInstLevel","InstLevelId":4026,"Position":[42.51300048828125,56.553001403808594,48.37200164794922],"Rotation":null}}]}
skygarden	2	1001	900001	2	3	1	0.0	0	0.0	0	{"LevelConditionGroup":{"_condCommanderGenderTypeCache":null,"ConditionLists":[{"Conditions":[{"name":"","hideFlags":0,"CondType":2,"Params":{"$type":"XConfigLevelConditionParamsCheckQuestObjectiveComplete","name":"","hideFlags":0,"QuestObjectiveId":10010120,"CheckExitAsComplete":false},"InvertResult":false,"TipDescId":null},{"name":"","hideFlags":0,"CondType":2,"Params":{"$type":"XConfigLevelConditionParamsCheckQuestObjectiveComplete","name":"","hideFlags":0,"QuestObjectiveId":10010303,"CheckExitAsComplete":false},"InvertResult":true,"TipDescId":null}],"LogicOp":0}],"LogicOp":0},"CompleteActionList":[{"ActionType":18001,"Params":{"$type":"XConfigLevelActionParamsRequestEnterInstLevel","InstLevelId":4027,"Position":[42.51300048828125,56.553001403808594,48.37200164794922],"Rotation":null}}]}
skygarden	2	1001	900001	3	3	1	0.0	0	0.0	0	{"LevelConditionGroup":{"_condCommanderGenderTypeCache":null,"ConditionLists":[{"Conditions":[{"name":"","hideFlags":0,"CondType":2,"Params":{"$type":"XConfigLevelConditionParamsCheckQuestObjectiveComplete","name":"","hideFlags":0,"QuestObjectiveId":10010120,"CheckExitAsComplete":false},"InvertResult":false,"TipDescId":null},{"name":"","hideFlags":0,"CondType":2,"Params":{"$type":"XConfigLevelConditionParamsCheckQuestObjectiveComplete","name":"","hideFlags":0,"QuestObjectiveId":10010303,"CheckExitAsComplete":false},"InvertResult":false,"TipDescId":null},{"name":"","hideFlags":0,"CondType":2,"Params":{"$type":"XConfigLevelConditionParamsCheckQuestObjectiveComplete","name":"","hideFlags":0,"QuestObjectiveId":10010304,"CheckExitAsComplete":false},"InvertResult":true,"TipDescId":null}],"LogicOp":0}],"LogicOp":0},"CompleteActionList":[{"ActionType":18001,"Params":{"$type":"XConfigLevelActionParamsRequestEnterInstLevel","InstLevelId":4028,"Position":[42.51300048828125,56.553001403808594,48.37200164794922],"Rotation":null}}]}
skygarden	2	1001	900002	1	5	1	0.0	0	0.0	0	{"LevelConditionGroup":{"_condCommanderGenderTypeCache":null,"ConditionLists":[{"Conditions":[{"name":"","hideFlags":0,"CondType":2,"Params":{"$type":"XConfigLevelConditionParamsCheckQuestObjectiveComplete","name":"","hideFlags":0,"QuestObjectiveId":10010300,"CheckExitAsComplete":false},"InvertResult":true,"TipDescId":null}],"LogicOp":0}],"LogicOp":0},"CompleteActionList":[{"ActionType":18001,"Params":{"$type":"XConfigLevelActionParamsRequestEnterInstLevel","InstLevelId":4029,"Position":[42.227210998535156,56.5534782409668,49.46063995361328],"Rotation":[0.0,-136.91400146484375,0.0]}}]}
skygarden	2	1001	900002	2	3	1	0.0	0	0.0	0	{"LevelConditionGroup":{"_condCommanderGenderTypeCache":null,"ConditionLists":[{"Conditions":[{"name":"","hideFlags":0,"CondType":2,"Params":{"$type":"XConfigLevelConditionParamsCheckQuestObjectiveComplete","name":"","hideFlags":0,"QuestObjectiveId":10010300,"CheckExitAsComplete":false},"InvertResult":false,"TipDescId":null},{"name":"","hideFlags":0,"CondType":2,"Params":{"$type":"XConfigLevelConditionParamsCheckQuestObjectiveComplete","name":"","hideFlags":0,"QuestObjectiveId":10010301,"CheckExitAsComplete":false},"InvertResult":true,"TipDescId":null}],"LogicOp":0}],"LogicOp":0},"CompleteActionList":[{"ActionType":18001,"Params":{"$type":"XConfigLevelActionParamsRequestEnterInstLevel","InstLevelId":4030,"Position":[42.227210998535156,56.5534782409668,49.46063995361328],"Rotation":null}}]}
skygarden	2	1001	900002	3	3	1	0.0	0	0.0	0	{"LevelConditionGroup":{"_condCommanderGenderTypeCache":null,"ConditionLists":[{"Conditions":[{"name":"","hideFlags":0,"CondType":2,"Params":{"$type":"XConfigLevelConditionParamsCheckQuestObjectiveComplete","name":"","hideFlags":0,"QuestObjectiveId":10010300,"CheckExitAsComplete":false},"InvertResult":false,"TipDescId":null},{"name":"","hideFlags":0,"CondType":2,"Params":{"$type":"XConfigLevelConditionParamsCheckQuestObjectiveComplete","name":"","hideFlags":0,"QuestObjectiveId":10010301,"CheckExitAsComplete":false},"InvertResult":false,"TipDescId":null},{"name":"","hideFlags":0,"CondType":2,"Params":{"$type":"XConfigLevelConditionParamsCheckQuestObjectiveComplete","name":"","hideFlags":0,"QuestObjectiveId":10010302,"CheckExitAsComplete":false},"InvertResult":true,"TipDescId":null}],"LogicOp":0}],"LogicOp":0},"CompleteActionList":[{"ActionType":18001,"Params":{"$type":"XConfigLevelActionParamsRequestEnterInstLevel","InstLevelId":4031,"Position":[42.227210998535156,56.5534782409668,49.46063995361328],"Rotation":null}}]}
skygarden	2	1001	900003	1	8	1	0.0	0	0.0	0	{"CompleteActionList":[{"ActionType":15001,"Params":{"$type":"XConfigLevelActionParamsOpenNarrativeUI","NarrativeId":1}}]}
skygarden	2	1001	900006	1	8	1	0.0	0	0.0	0	{"CompleteActionList":[{"ActionType":15001,"Params":{"$type":"XConfigLevelActionParamsOpenNarrativeUI","NarrativeId":2}}]}
skygarden	2	1001	900005	1	8	1	0.0	0	0.0	0	{"CompleteActionList":[{"ActionType":15001,"Params":{"$type":"XConfigLevelActionParamsOpenNarrativeUI","NarrativeId":6}}]}
skygarden	2	1001	900007	1	8	1	0.0	0	0.0	0	{"CompleteActionList":[{"ActionType":15001,"Params":{"$type":"XConfigLevelActionParamsOpenNarrativeUI","NarrativeId":20}}]}
skygarden	1	1001	900004	1	1	1	0.0	0	0.0	0	
skygarden	1	1001	900017	1	1	1	0.0	0	0.0	0	
skygarden	2	1002	1000002	1	15	1	0.0	0	0.0	0	{"LevelConditionGroup":{"_condCommanderGenderTypeCache":null,"ConditionLists":[{"Conditions":[{"name":"","hideFlags":0,"CondType":2,"Params":{"$type":"XConfigLevelConditionParamsCheckQuestObjectiveComplete","name":"","hideFlags":0,"QuestObjectiveId":40320309,"CheckExitAsComplete":false},"InvertResult":false,"TipDescId":null}],"LogicOp":0}],"LogicOp":0},"CompleteActionList":[{"ActionType":15002,"Params":{"$type":"XConfigLevelActionParamsOpenItemDeliverUI","QuestObjectiveId":40320315}}]}
skygarden	2	1002	1000003	1	8	1	0.0	0	0.0	0	{"CompleteActionList":[{"ActionType":16000,"Params":{"$type":"XConfigLevelActionParamsPlayDrama","DramaName":"Drama_1002_023","ReferencePos":[0.0,0.0,0.0],"ReferenceRot":[0.0,0.0,0.0],"CombineKey":0}}]}
skygarden	2	1002	1000004	1	8	1	0.0	0	0.0	0	{"CompleteActionList":[{"ActionType":16000,"Params":{"$type":"XConfigLevelActionParamsPlayDrama","DramaName":"Drama_1002_024","ReferencePos":[0.0,0.0,0.0],"ReferenceRot":[0.0,0.0,0.0],"CombineKey":0}}]}
skygarden	2	1002	1000010	1	8	1	0.0	0	0.0	0	{"CompleteActionList":[{"ActionType":16001,"Params":{"$type":"XConfigLevelActionParamsPlayDramaCaption","DramaCaptionName":"Caption100318","WaitComplete":false,"IsSequentialJob":false}}]}
skygarden	2	1002	1000011	1	8	1	0.0	0	0.0	0	{"CompleteActionList":[{"ActionType":16000,"Params":{"$type":"XConfigLevelActionParamsPlayDrama","DramaName":"Drama_1002_027","ReferencePos":[0.0,0.0,0.0],"ReferenceRot":[0.0,0.0,0.0],"CombineKey":0}}]}
skygarden	2	1002	1000005	1	8	1	0.0	0	0.0	0	{"CompleteActionList":[{"ActionType":16001,"Params":{"$type":"XConfigLevelActionParamsPlayDramaCaption","DramaCaptionName":"Caption100325","WaitComplete":false,"IsSequentialJob":false}}]}
skygarden	2	1002	1000006	1	8	1	0.0	0	0.0	0	{"CompleteActionList":[{"ActionType":16001,"Params":{"$type":"XConfigLevelActionParamsPlayDramaCaption","DramaCaptionName":"Caption100325","WaitComplete":false,"IsSequentialJob":false}}]}
skygarden	2	1002	1000007	1	15	1	0.0	0	0.0	0	{"CompleteActionList":[{"ActionType":16008,"Params":{"$type":"XConfigLevelActionParamsPlaySound3D","CueId":5500109,"ActorType":2,"PlaceId":1000007}}]}
skygarden	2	1002	1000007	2	15	1	0.0	0	0.0	0	{"CompleteActionList":[{"ActionType":16008,"Params":{"$type":"XConfigLevelActionParamsPlaySound3D","CueId":5500109,"ActorType":2,"PlaceId":1000007}}]}
skygarden	2	1002	1000008	1	15	1	0.0	0	0.0	0	{"CompleteActionList":[{"ActionType":16008,"Params":{"$type":"XConfigLevelActionParamsPlaySound3D","CueId":5500109,"ActorType":2,"PlaceId":1000008}}]}
skygarden	2	1002	1000008	2	15	1	0.0	0	0.0	0	{"CompleteActionList":[{"ActionType":16008,"Params":{"$type":"XConfigLevelActionParamsPlaySound3D","CueId":5500109,"ActorType":2,"PlaceId":1000008}}]}
skygarden	1	1002	1000002	1	1	1	0.0	0	0.0	0	{"LevelConditionGroup":{"_condCommanderGenderTypeCache":null,"ConditionLists":[{"Conditions":[],"LogicOp":0}],"LogicOp":0},"CompleteActionList":[{"ActionType":16000,"Params":{"$type":"XConfigLevelActionParamsPlayDrama","DramaName":"Drama_1002_003","ReferencePos":[0.0,0.0,0.0],"ReferenceRot":[0.0,0.0,0.0],"CombineKey":0}}]}
skygarden	1	1002	1000003	1	1	1	0.0	0	0.0	0	
skygarden	1	1002	1000006	1	1	1	0.0	0	0.0	0	{"LevelConditionGroup":{"_condCommanderGenderTypeCache":null,"ConditionLists":[{"Conditions":[{"name":"","hideFlags":0,"CondType":2,"Params":{"$type":"XConfigLevelConditionParamsCheckQuestObjectiveComplete","name":"","hideFlags":0,"QuestObjectiveId":40320305,"CheckExitAsComplete":false},"InvertResult":false,"TipDescId":null}],"LogicOp":0}],"LogicOp":0},"CompleteActionList":[{"ActionType":16000,"Params":{"$type":"XConfigLevelActionParamsPlayDrama","DramaName":"Drama_1002_007","ReferencePos":[0.0,0.0,0.0],"ReferenceRot":[0.0,0.0,0.0],"CombineKey":0}}]}
skygarden	1	1002	1000007	1	1	1	0.0	0	0.0	0	{"LevelConditionGroup":{"_condCommanderGenderTypeCache":null,"ConditionLists":[{"Conditions":[{"name":"","hideFlags":0,"CondType":2,"Params":{"$type":"XConfigLevelConditionParamsCheckQuestObjectiveComplete","name":"","hideFlags":0,"QuestObjectiveId":40320309,"CheckExitAsComplete":false},"InvertResult":false,"TipDescId":null}],"LogicOp":0}],"LogicOp":0},"CompleteActionList":[{"ActionType":16000,"Params":{"$type":"XConfigLevelActionParamsPlayDrama","DramaName":"Drama_1002_009","ReferencePos":[0.0,0.0,0.0],"ReferenceRot":[0.0,0.0,0.0],"CombineKey":0}}]}
skygarden	1	1002	1000008	1	1	1	0.0	0	0.0	0	{"LevelConditionGroup":{"_condCommanderGenderTypeCache":null,"ConditionLists":[{"Conditions":[],"LogicOp":0}],"LogicOp":0},"CompleteActionList":[{"ActionType":16000,"Params":{"$type":"XConfigLevelActionParamsPlayDrama","DramaName":"Drama_1002_025","ReferencePos":[0.0,0.0,0.0],"ReferenceRot":[0.0,0.0,0.0],"CombineKey":0}}]}
skygarden	1	1002	1000023	1	1	1	0.0	0	0.0	0	{"LevelConditionGroup":{"_condCommanderGenderTypeCache":null,"ConditionLists":[{"Conditions":[],"LogicOp":0}],"LogicOp":0},"CompleteActionList":[{"ActionType":16000,"Params":{"$type":"XConfigLevelActionParamsPlayDrama","DramaName":"Drama_1002_002","ReferencePos":[0.0,0.0,0.0],"ReferenceRot":[0.0,0.0,0.0],"CombineKey":0}}]}
skygarden	1	1002	1000033	1	1	1	0.0	0	0.0	0	{"LevelConditionGroup":{"_condCommanderGenderTypeCache":null,"ConditionLists":[{"Conditions":[],"LogicOp":0}],"LogicOp":0},"CompleteActionList":[{"ActionType":16000,"Params":{"$type":"XConfigLevelActionParamsPlayDrama","DramaName":"Drama_1002_005","ReferencePos":[0.0,0.0,0.0],"ReferenceRot":[0.0,0.0,0.0],"CombineKey":0}}]}
skygarden	2	2001	600001	1	1	1	0.0	0	0.0	0	{"CompleteActionList":[{"ActionType":15001,"Params":{"$type":"XConfigLevelActionParamsOpenNarrativeUI","NarrativeId":5}}]}
skygarden	2	2001	600002	1	1	1	0.0	0	0.0	0	
skygarden	2	2001	600005	1	1	1	0.0	0	0.0	0	{"CompleteActionList":[{"ActionType":15001,"Params":{"$type":"XConfigLevelActionParamsOpenNarrativeUI","NarrativeId":4}}]}
skygarden	1	2001	600008	1	1	1	0.0	0	0.0	0	
skygarden	1	2001	600010	1	1	1	0.0	0	0.0	0	
skygarden	1	2001	600013	1	1	1	0.0	0	0.0	0	
skygarden	1	2001	600014	1	1	1	0.0	0	0.0	0	
skygarden	1	2001	600015	1	1	1	0.0	0	0.0	0	
skygarden	1	2001	600017	1	1	1	0.0	0	0.0	0	
skygarden	1	2001	600003	1	1	1	0.0	0	0.0	0	{"CompleteActionList":[{"ActionType":18001,"Params":{"$type":"XConfigLevelActionParamsRequestEnterInstLevel","InstLevelId":4013,"Position":[76.38300323486328,7.864999771118164,55.28030014038086],"Rotation":null}}]}
skygarden	1	2001	600018	1	1	1	0.0	0	0.0	0	
skygarden	1	2001	600020	1	1	1	0.0	0	0.0	0	
skygarden	1	2001	600021	1	1	1	0.0	0	0.0	0	{"CompleteActionList":[{"ActionType":18001,"Params":{"$type":"XConfigLevelActionParamsRequestEnterInstLevel","InstLevelId":4021,"Position":[605.74609375,189.3381805419922,1146.83837890625],"Rotation":null}}]}
skygarden	1	2001	600022	1	1	1	0.0	0	0.0	0	{"CompleteActionList":[{"ActionType":18001,"Params":{"$type":"XConfigLevelActionParamsRequestEnterInstLevel","InstLevelId":4022,"Position":[605.74609375,189.3381805419922,1146.83837890625],"Rotation":null}}]}
skygarden	2	2003	500001	1	1	1	0.0	0	0.0	0	
skygarden	2	2003	500008	1	1	1	0.0	0	0.0	0	
skygarden	2	2003	500019	1	1	1	0.0	0	0.0	0	
skygarden	2	2003	500020	1	1	1	0.0	0	0.0	0	
skygarden	2	2003	500007	1	1	1	0.0	1	0.0	0	{"CompleteActionList":[{"ActionType":15001,"Params":{"$type":"XConfigLevelActionParamsOpenNarrativeUI","NarrativeId":125}}]}
skygarden	1	2003	500001	1	1	1	0.0	0	0.0	0	
skygarden	1	2003	500002	1	1	1	0.0	0	0.0	0	
skygarden	1	2003	500003	1	1	1	0.0	0	0.0	0	
skygarden	1	2003	500004	1	1	1	0.0	0	0.0	0	
skygarden	1	2003	500005	1	1	1	0.0	0	0.0	0	
skygarden	1	2003	500008	1	1	1	0.0	0	0.0	0	
skygarden	1	2003	500012	1	1	1	0.0	0	0.0	0	
skygarden	1	2003	500015	1	1	1	0.0	0	0.0	0	
skygarden	1	2003	500017	1	1	1	0.0	0	0.0	0	
skygarden	1	2003	500018	1	1	1	0.0	0	0.0	0	
skygarden	1	2003	500020	1	1	1	0.0	0	0.0	0	
skygarden	1	2003	500021	1	1	1	0.0	0	0.0	0	
skygarden	1	2003	500022	1	1	1	0.0	0	0.0	0	
skygarden	1	2003	500023	1	1	1	0.0	0	0.0	0	
skygarden	1	2003	500024	1	1	1	0.0	0	0.0	0	
skygarden	1	2003	500025	1	1	1	0.0	0	0.0	0	
skygarden	1	2003	500028	1	1	1	0.0	0	0.0	0	
skygarden	1	2003	500029	1	1	1	0.0	0	0.0	0	
skygarden	1	2003	500026	1	1	1	0.0	0	0.0	0	{"CompleteActionList":[{"ActionType":18001,"Params":{"$type":"XConfigLevelActionParamsRequestEnterInstLevel","InstLevelId":4025,"Position":[243.6999969482422,36.599998474121094,322.70001220703125],"Rotation":null}}]}
skygarden	1	2003	500016	1	1	1	0.0	0	0.0	0	
skygarden	1	2003	500011	1	1	1	0.0	0	0.0	0	
skygarden	2	2007	1700006	1	1	1	0.0	0	0.0	0	{"CompleteActionList":[{"ActionType":18001,"Params":{"$type":"XConfigLevelActionParamsRequestEnterInstLevel","InstLevelId":4039,"Position":[517.9050903320312,185.88340759277344,957.0457763671875],"Rotation":[0.0,-91.75700378417969,0.0]}}]}
skygarden	1	2007	1700001	1	1	1	0.0	0	30.0	0	{"CompleteActionList":[{"ActionType":16000,"Params":{"$type":"XConfigLevelActionParamsPlayDrama","DramaName":"Drama_301203","ReferencePos":[0.0,0.0,0.0],"ReferenceRot":[0.0,0.0,0.0],"CombineKey":0}}]}
skygarden	1	2007	1700001	2	1	1	0.0	0	30.0	0	{"CompleteActionList":[{"ActionType":16000,"Params":{"$type":"XConfigLevelActionParamsPlayDrama","DramaName":"Drama_301202","ReferencePos":[0.0,0.0,0.0],"ReferenceRot":[0.0,0.0,0.0],"CombineKey":0}}]}
skygarden	1	2007	1700001	3	1	1	0.0	0	30.0	0	{"CompleteActionList":[{"ActionType":16000,"Params":{"$type":"XConfigLevelActionParamsPlayDrama","DramaName":"Drama_301201","ReferencePos":[0.0,0.0,0.0],"ReferenceRot":[0.0,0.0,0.0],"CombineKey":0}}]}
skygarden	1	2007	1700001	4	1	1	0.0	0	30.0	0	{"CompleteActionList":[{"ActionType":16000,"Params":{"$type":"XConfigLevelActionParamsPlayDrama","DramaName":"Drama_301204","ReferencePos":[0.0,0.0,0.0],"ReferenceRot":[0.0,0.0,0.0],"CombineKey":0}}]}
skygarden	1	2007	1700001	5	1	1	0.0	0	0.0	0	{"CompleteActionList":[{"ActionType":16000,"Params":{"$type":"XConfigLevelActionParamsPlayDrama","DramaName":"Drama_3012001","ReferencePos":[0.0,0.0,0.0],"ReferenceRot":[0.0,0.0,0.0],"CombineKey":0}}]}
skygarden	1	2008	1600001	1	1	1	0.0	0	0.0	0	{"CompleteActionList":[{"ActionType":16000,"Params":{"$type":"XConfigLevelActionParamsPlayDrama","DramaName":"Drama_300703","ReferencePos":[0.0,0.0,0.0],"ReferenceRot":[0.0,0.0,0.0],"CombineKey":0}}]}
skygarden	1	2008	1600001	2	1	1	0.0	0	0.0	0	{"CompleteActionList":[{"ActionType":16000,"Params":{"$type":"XConfigLevelActionParamsPlayDrama","DramaName":"Drama_300702","ReferencePos":[0.0,0.0,0.0],"ReferenceRot":[0.0,0.0,0.0],"CombineKey":0}}]}
skygarden	1	2008	1600001	3	1	1	0.0	0	0.0	0	{"CompleteActionList":[{"ActionType":16000,"Params":{"$type":"XConfigLevelActionParamsPlayDrama","DramaName":"Drama_300704","ReferencePos":[0.0,0.0,0.0],"ReferenceRot":[0.0,0.0,0.0],"CombineKey":0}}]}
skygarden	1	2008	1600001	4	1	1	0.0	0	0.0	0	{"CompleteActionList":[{"ActionType":16000,"Params":{"$type":"XConfigLevelActionParamsPlayDrama","DramaName":"Drama_300705","ReferencePos":[0.0,0.0,0.0],"ReferenceRot":[0.0,0.0,0.0],"CombineKey":0}}]}
skygarden	1	2008	1600001	5	1	1	0.0	0	0.0	0	{"CompleteActionList":[{"ActionType":16000,"Params":{"$type":"XConfigLevelActionParamsPlayDrama","DramaName":"Drama_300701","ReferencePos":[0.0,0.0,0.0],"ReferenceRot":[0.0,0.0,0.0],"CombineKey":0}}]}
skygarden	2	2009	1800014	1	1	1	0.0	0	0.0	0	{"CompleteActionList":[{"ActionType":16000,"Params":{"$type":"XConfigLevelActionParamsPlayDrama","DramaName":"Drama_ArtScene_001","ReferencePos":[0.0,0.0,0.0],"ReferenceRot":[0.0,0.0,0.0],"CombineKey":0}}]}
skygarden	2	2009	1800015	1	1	1	0.0	0	0.0	0	{"CompleteActionList":[{"ActionType":16000,"Params":{"$type":"XConfigLevelActionParamsPlayDrama","DramaName":"Drama_ArtScene_002","ReferencePos":[0.0,0.0,0.0],"ReferenceRot":[0.0,0.0,0.0],"CombineKey":0}}]}
skygarden	2	2009	1800016	1	1	1	0.0	0	0.0	0	{"CompleteActionList":[{"ActionType":16000,"Params":{"$type":"XConfigLevelActionParamsPlayDrama","DramaName":"Drama_ArtScene_009","ReferencePos":[0.0,0.0,0.0],"ReferenceRot":[0.0,0.0,0.0],"CombineKey":0}}]}
skygarden	2	2009	1800017	1	1	1	0.0	0	0.0	0	{"CompleteActionList":[{"ActionType":16000,"Params":{"$type":"XConfigLevelActionParamsPlayDrama","DramaName":"Drama_ArtScene_010","ReferencePos":[0.0,0.0,0.0],"ReferenceRot":[0.0,0.0,0.0],"CombineKey":0}}]}
skygarden	2	2009	1800018	1	1	1	0.0	0	0.0	0	{"CompleteActionList":[{"ActionType":16000,"Params":{"$type":"XConfigLevelActionParamsPlayDrama","DramaName":"Drama_ArtScene_011","ReferencePos":[0.0,0.0,0.0],"ReferenceRot":[0.0,0.0,0.0],"CombineKey":0}}]}
skygarden	2	2009	1800019	1	1	1	0.0	0	0.0	0	{"CompleteActionList":[{"ActionType":16000,"Params":{"$type":"XConfigLevelActionParamsPlayDrama","DramaName":"Drama_ArtScene_012","ReferencePos":[0.0,0.0,0.0],"ReferenceRot":[0.0,0.0,0.0],"CombineKey":0}}]}
skygarden	2	2009	1800020	1	1	1	0.0	0	0.0	0	{"CompleteActionList":[{"ActionType":16000,"Params":{"$type":"XConfigLevelActionParamsPlayDrama","DramaName":"Drama_ArtScene_003","ReferencePos":[0.0,0.0,0.0],"ReferenceRot":[0.0,0.0,0.0],"CombineKey":0}}]}
skygarden	2	2009	1800022	1	1	1	0.0	0	0.0	0	{"CompleteActionList":[{"ActionType":18001,"Params":{"$type":"XConfigLevelActionParamsRequestEnterInstLevel","InstLevelId":4038,"Position":[511.8172912597656,189.61500549316406,1000.5390014648438],"Rotation":null}}]}
skygarden	1	2009	1800001	1	1	1	0.0	0	0.0	0	
skygarden	1	2009	1800002	1	1	1	0.0	0	0.0	0	{"CompleteActionList":[{"ActionType":16000,"Params":{"$type":"XConfigLevelActionParamsPlayDrama","DramaName":"Drama_300601","ReferencePos":[0.0,0.0,0.0],"ReferenceRot":[0.0,0.0,0.0],"CombineKey":0}}]}
skygarden	1	2009	1800002	2	1	1	0.0	0	0.0	0	{"CompleteActionList":[{"ActionType":16000,"Params":{"$type":"XConfigLevelActionParamsPlayDrama","DramaName":"Drama_300602","ReferencePos":[0.0,0.0,0.0],"ReferenceRot":[0.0,0.0,0.0],"CombineKey":0}}]}
skygarden	1	2009	1800002	3	1	1	0.0	0	0.0	0	{"CompleteActionList":[{"ActionType":16000,"Params":{"$type":"XConfigLevelActionParamsPlayDrama","DramaName":"Drama_300603","ReferencePos":[0.0,0.0,0.0],"ReferenceRot":[0.0,0.0,0.0],"CombineKey":0}}]}
skygarden	1	2009	1800002	4	1	1	0.0	0	0.0	0	{"CompleteActionList":[{"ActionType":16000,"Params":{"$type":"XConfigLevelActionParamsPlayDrama","DramaName":"Drama_300604","ReferencePos":[0.0,0.0,0.0],"ReferenceRot":[0.0,0.0,0.0],"CombineKey":0}}]}
skygarden	1	2009	1800014	1	1	1	0.0	0	0.0	0	{"CompleteActionList":[{"ActionType":16000,"Params":{"$type":"XConfigLevelActionParamsPlayDrama","DramaName":"Drama_3013_001","ReferencePos":[0.0,0.0,0.0],"ReferenceRot":[0.0,0.0,0.0],"CombineKey":0}}]}
skygarden	1	2009	1800014	2	1	1	0.0	0	0.0	0	{"CompleteActionList":[{"ActionType":16000,"Params":{"$type":"XConfigLevelActionParamsPlayDrama","DramaName":"Drama_3013_002","ReferencePos":[0.0,0.0,0.0],"ReferenceRot":[0.0,0.0,0.0],"CombineKey":0}}]}
skygarden	1	2009	1800014	3	1	1	0.0	0	0.0	0	{"CompleteActionList":[{"ActionType":16000,"Params":{"$type":"XConfigLevelActionParamsPlayDrama","DramaName":"Drama_3013_003","ReferencePos":[0.0,0.0,0.0],"ReferenceRot":[0.0,0.0,0.0],"CombineKey":0}}]}
skygarden	1	2009	1800014	4	1	1	0.0	0	0.0	0	{"CompleteActionList":[{"ActionType":16000,"Params":{"$type":"XConfigLevelActionParamsPlayDrama","DramaName":"Drama_3013_004","ReferencePos":[0.0,0.0,0.0],"ReferenceRot":[0.0,0.0,0.0],"CombineKey":0}}]}
skygarden	1	2010	1400001	1	1	1	0.0	0	0.0	0	
skygarden	1	2011	1500001	1	1	1	0.0	0	0.0	0	
skygarden	1	2011	1500003	1	1	1	0.0	0	0.0	0	
skygarden	1	2011	1500011	1	1	1	0.0	0	0.0	0	
skygarden	1	2011	1500012	1	1	1	0.0	0	0.0	0	
skygarden	1	2011	1500013	1	1	1	0.0	0	0.0	0	{"LevelConditionGroup":{"_condCommanderGenderTypeCache":null,"ConditionLists":[{"Conditions":[{"name":"","hideFlags":0,"CondType":2,"Params":{"$type":"XConfigLevelConditionParamsCheckQuestObjectiveComplete","name":"","hideFlags":0,"QuestObjectiveId":20130106,"CheckExitAsComplete":false},"InvertResult":true,"TipDescId":null}],"LogicOp":0}],"LogicOp":0},"CompleteActionList":[{"ActionType":15002,"Params":{"$type":"XConfigLevelActionParamsOpenItemDeliverUI","QuestObjectiveId":20130106}}]}
skygarden	1	2011	1500013	2	1	1	0.0	0	0.0	0	{"LevelConditionGroup":{"_condCommanderGenderTypeCache":null,"ConditionLists":[{"Conditions":[{"name":"","hideFlags":0,"CondType":2,"Params":{"$type":"XConfigLevelConditionParamsCheckQuestObjectiveComplete","name":"","hideFlags":0,"QuestObjectiveId":20130106,"CheckExitAsComplete":false},"InvertResult":false,"TipDescId":null}],"LogicOp":0}],"LogicOp":0}}
skygarden	1	2011	1500015	1	1	1	0.0	0	0.0	0	
skygarden	1	2011	1500025	1	1	1	0.0	0	0.0	0	
skygarden	1	2011	1500026	1	1	1	0.0	0	0.0	0	
skygarden	1	2011	1500002	1	1	1	0.0	0	0.0	0	
skygarden	1	2011	1500028	1	1	1	0.0	0	0.0	0	
skygarden	1	2011	1500047	1	1	1	0.0	0	0.0	0	
skygarden	2	2012	3500002	1	1	1	0.0	0	0.0	0	{"LevelConditionGroup":{"_condCommanderGenderTypeCache":null,"ConditionLists":[{"Conditions":[{"name":"","hideFlags":0,"CondType":12,"Params":{"$type":"XConfigLevelConditionParamsCheckQuestState","name":"","hideFlags":0,"QuestId":2015,"State":2},"InvertResult":false,"TipDescId":null}],"LogicOp":0}],"LogicOp":0},"CompleteActionList":[{"ActionType":18001,"Params":{"$type":"XConfigLevelActionParamsRequestEnterInstLevel","InstLevelId":4040,"Position":[301.80938720703125,125.79280090332031,162.83090209960938],"Rotation":[0.0,103.34300231933594,0.0]}}]}
skygarden	2	2012	3500002	2	1	1	0.0	0	0.0	0	{"LevelConditionGroup":{"_condCommanderGenderTypeCache":null,"ConditionLists":[{"Conditions":[{"name":"","hideFlags":0,"CondType":12,"Params":{"$type":"XConfigLevelConditionParamsCheckQuestState","name":"","hideFlags":0,"QuestId":2016,"State":2},"InvertResult":false,"TipDescId":null}],"LogicOp":0}],"LogicOp":0},"CompleteActionList":[{"ActionType":18001,"Params":{"$type":"XConfigLevelActionParamsRequestEnterInstLevel","InstLevelId":4041,"Position":[270.5043029785156,114.69840240478516,150.4040069580078],"Rotation":null}}]}
skygarden	2	2012	3500002	3	1	1	0.0	0	0.0	0	{"LevelConditionGroup":{"_condCommanderGenderTypeCache":null,"ConditionLists":[{"Conditions":[{"name":"","hideFlags":0,"CondType":12,"Params":{"$type":"XConfigLevelConditionParamsCheckQuestState","name":"","hideFlags":0,"QuestId":2006,"State":2},"InvertResult":false,"TipDescId":null}],"LogicOp":0}],"LogicOp":0},"CompleteActionList":[{"ActionType":18001,"Params":{"$type":"XConfigLevelActionParamsRequestEnterInstLevel","InstLevelId":4044,"Position":[565.5919799804688,188.74490356445312,928.7946166992188],"Rotation":[0.0,155.5760040283203,0.0]}}]}
skygarden	1	2012	3500001	1	1	1	0.0	0	0.0	0	{"CompleteActionList":[{"ActionType":16000,"Params":{"$type":"XConfigLevelActionParamsPlayDrama","DramaName":"Drama_3019_002","ReferencePos":[0.0,0.0,0.0],"ReferenceRot":[0.0,0.0,0.0],"CombineKey":0}}]}
skygarden	1	2012	3500001	2	1	1	0.0	0	0.0	0	{"CompleteActionList":[{"ActionType":16000,"Params":{"$type":"XConfigLevelActionParamsPlayDrama","DramaName":"Drama_3019_001","ReferencePos":[0.0,0.0,0.0],"ReferenceRot":[0.0,0.0,0.0],"CombineKey":0}}]}
skygarden	1	2012	3500002	2	1	1	0.0	0	0.0	0	{"CompleteActionList":[{"ActionType":16000,"Params":{"$type":"XConfigLevelActionParamsPlayDrama","DramaName":"LIfusIt","ReferencePos":[0.0,0.0,0.0],"ReferenceRot":[0.0,0.0,0.0],"CombineKey":0}}]}
skygarden	1	2012	3500002	3	1	1	0.0	0	0.0	0	{"CompleteActionList":[{"ActionType":16000,"Params":{"$type":"XConfigLevelActionParamsPlayDrama","DramaName":"Drama_3014_002","ReferencePos":[0.0,0.0,0.0],"ReferenceRot":[0.0,0.0,0.0],"CombineKey":0}}]}
skygarden	1	2012	3500002	4	1	1	0.0	0	30.0	0	{"CompleteActionList":[{"ActionType":16000,"Params":{"$type":"XConfigLevelActionParamsPlayDrama","DramaName":"Drama_3014_003","ReferencePos":[0.0,0.0,0.0],"ReferenceRot":[0.0,0.0,0.0],"CombineKey":0}}]}
skygarden	1	2012	3500002	5	1	1	0.0	0	0.0	0	{"CompleteActionList":[{"ActionType":16000,"Params":{"$type":"XConfigLevelActionParamsPlayDrama","DramaName":"Drama_3014_004","ReferencePos":[0.0,0.0,0.0],"ReferenceRot":[0.0,0.0,0.0],"CombineKey":0}}]}
skygarden	1	2012	3500002	6	1	1	0.0	0	0.0	0	{"CompleteActionList":[{"ActionType":16000,"Params":{"$type":"XConfigLevelActionParamsPlayDrama","DramaName":"Drama_3014_001","ReferencePos":[0.0,0.0,0.0],"ReferenceRot":[0.0,0.0,0.0],"CombineKey":0}}]}
skygarden	1	2012	3500003	1	1	1	0.0	0	0.0	0	{"CompleteActionList":[{"ActionType":16000,"Params":{"$type":"XConfigLevelActionParamsPlayDrama","DramaName":"Drama_3017_003","ReferencePos":[0.0,0.0,0.0],"ReferenceRot":[0.0,0.0,0.0],"CombineKey":0}}]}
skygarden	1	2012	3500003	2	1	1	0.0	0	0.0	0	{"CompleteActionList":[{"ActionType":16000,"Params":{"$type":"XConfigLevelActionParamsPlayDrama","DramaName":"Drama_3017_002","ReferencePos":[0.0,0.0,0.0],"ReferenceRot":[0.0,0.0,0.0],"CombineKey":0}}]}
skygarden	1	2012	3500003	3	1	1	0.0	0	0.0	0	{"CompleteActionList":[{"ActionType":16000,"Params":{"$type":"XConfigLevelActionParamsPlayDrama","DramaName":"Drama_3017_005","ReferencePos":[0.0,0.0,0.0],"ReferenceRot":[0.0,0.0,0.0],"CombineKey":0}}]}
skygarden	1	2012	3500003	4	1	1	0.0	0	0.0	0	
skygarden	1	2012	3500003	5	1	1	0.0	0	0.0	0	{"CompleteActionList":[{"ActionType":16000,"Params":{"$type":"XConfigLevelActionParamsPlayDrama","DramaName":"Drama_3017_001","ReferencePos":[0.0,0.0,0.0],"ReferenceRot":[0.0,0.0,0.0],"CombineKey":0}}]}
skygarden	1	2012	3500004	1	1	1	0.0	0	0.0	0	{"CompleteActionList":[{"ActionType":16000,"Params":{"$type":"XConfigLevelActionParamsPlayDrama","DramaName":"Drama_3016_004","ReferencePos":[0.0,0.0,0.0],"ReferenceRot":[0.0,0.0,0.0],"CombineKey":0}}]}
skygarden	1	2012	3500004	2	1	1	0.0	0	0.0	0	{"CompleteActionList":[{"ActionType":16000,"Params":{"$type":"XConfigLevelActionParamsPlayDrama","DramaName":"Drama_3016_002","ReferencePos":[0.0,0.0,0.0],"ReferenceRot":[0.0,0.0,0.0],"CombineKey":0}}]}
skygarden	1	2012	3500004	3	1	1	0.0	0	0.0	0	{"CompleteActionList":[{"ActionType":16000,"Params":{"$type":"XConfigLevelActionParamsPlayDrama","DramaName":"Drama_3016_006","ReferencePos":[0.0,0.0,0.0],"ReferenceRot":[0.0,0.0,0.0],"CombineKey":0}}]}
skygarden	1	2012	3500004	4	1	1	0.0	0	0.0	0	{"CompleteActionList":[{"ActionType":16000,"Params":{"$type":"XConfigLevelActionParamsPlayDrama","DramaName":"Drama_3016_001","ReferencePos":[0.0,0.0,0.0],"ReferenceRot":[0.0,0.0,0.0],"CombineKey":0}}]}
skygarden	1	2012	3500004	5	1	1	0.0	0	0.0	0	{"CompleteActionList":[{"ActionType":16000,"Params":{"$type":"XConfigLevelActionParamsPlayDrama","DramaName":"Drama_3016_005","ReferencePos":[0.0,0.0,0.0],"ReferenceRot":[0.0,0.0,0.0],"CombineKey":0}}]}
skygarden	1	2012	3500004	6	1	1	0.0	0	0.0	0	{"CompleteActionList":[{"ActionType":16000,"Params":{"$type":"XConfigLevelActionParamsPlayDrama","DramaName":"Drama_3016_003","ReferencePos":[0.0,0.0,0.0],"ReferenceRot":[0.0,0.0,0.0],"CombineKey":0}}]}
skygarden	1	2012	3500004	7	1	1	0.0	0	0.0	0	{"CompleteActionList":[{"ActionType":16000,"Params":{"$type":"XConfigLevelActionParamsPlayDrama","DramaName":"Drama_3016_007","ReferencePos":[0.0,0.0,0.0],"ReferenceRot":[0.0,0.0,0.0],"CombineKey":0}}]}
skygarden	2	2017	3800002	1	1	1	0.0	0	0.0	0	{"CompleteActionList":[{"ActionType":16000,"Params":{"$type":"XConfigLevelActionParamsPlayDrama","DramaName":"Drama_3027_004","ReferencePos":[0.0,0.0,0.0],"ReferenceRot":[0.0,0.0,0.0],"CombineKey":0}},{"ActionType":19011,"Params":{"$type":"XConfigLevelActionSkipFunction","SkipId":300101,"SkipFunctionType":2}}]}
skygarden	2	2017	3800001	1	1	1	0.0	0	0.0	0	{"CompleteActionList":[{"ActionType":16000,"Params":{"$type":"XConfigLevelActionParamsPlayDrama","DramaName":"Drama_effect","ReferencePos":[0.0,0.0,0.0],"ReferenceRot":[0.0,0.0,0.0],"CombineKey":0}},{"ActionType":19011,"Params":{"$type":"XConfigLevelActionSkipFunction","SkipId":300101,"SkipFunctionType":2}}]}
skygarden	2	2017	3800003	1	1	1	0.0	0	0.0	0	{"CompleteActionList":[{"ActionType":16004,"Params":{"$type":"XConfigLevelActionParamsPlayDramaInterTitleDialog","DramaInterTitleDialogId":30270302,"WaitComplete":false,"IsSequentialJob":false}},{"ActionType":20000,"Params":{"$type":"XConfigLevelActionParamsTeleportPlayer","Position":[356.6369934082031,293.572998046875,264.17999267578125],"Rotation":[0.0,-90.0,0.0],"WithBlackScreen":false,"ScreenEffectId":300011,"BlackScreenEnterDuration":0.0,"BlackScreenExitDuration":2.0,"ShowEffect":false,"ResetCamera":false}}]}
skygarden	1	2017	3800004	1	1	1	0.0	0	0.0	0	
skygarden	1	2017	3800006	1	1	1	0.0	0	0.0	0	{"LevelConditionGroup":{"_condCommanderGenderTypeCache":null,"ConditionLists":[{"Conditions":[{"name":"","hideFlags":0,"CondType":2,"Params":{"$type":"XConfigLevelConditionParamsCheckQuestObjectiveComplete","name":"","hideFlags":0,"QuestObjectiveId":30270103},"InvertResult":true,"TipDescId":null}],"LogicOp":0}],"LogicOp":0}}
skygarden	1	2017	3800006	2	1	1	0.0	0	0.0	0	{"LevelConditionGroup":{"_condCommanderGenderTypeCache":null,"ConditionLists":[{"Conditions":[{"name":"","hideFlags":0,"CondType":2,"Params":{"$type":"XConfigLevelConditionParamsCheckQuestObjectiveComplete","name":"","hideFlags":0,"QuestObjectiveId":30270103},"InvertResult":false,"TipDescId":null},{"name":"","hideFlags":0,"CondType":2,"Params":{"$type":"XConfigLevelConditionParamsCheckQuestObjectiveComplete","name":"","hideFlags":0,"QuestObjectiveId":30270203},"InvertResult":true,"TipDescId":null}],"LogicOp":0}],"LogicOp":0},"CompleteActionList":[{"ActionType":16000,"Params":{"$type":"XConfigLevelActionParamsPlayDrama","DramaName":"Drama_3027_002_New","ReferencePos":[0.0,0.0,0.0],"ReferenceRot":[0.0,0.0,0.0],"CombineKey":0}}]}
skygarden	1	2017	3800006	3	1	1	0.0	0	0.0	0	{"LevelConditionGroup":{"_condCommanderGenderTypeCache":null,"ConditionLists":[{"Conditions":[{"name":"","hideFlags":0,"CondType":2,"Params":{"$type":"XConfigLevelConditionParamsCheckQuestObjectiveComplete","name":"","hideFlags":0,"QuestObjectiveId":30270203},"InvertResult":false,"TipDescId":null},{"name":"","hideFlags":0,"CondType":2,"Params":{"$type":"XConfigLevelConditionParamsCheckQuestObjectiveComplete","name":"","hideFlags":0,"QuestObjectiveId":30270308},"InvertResult":true,"TipDescId":null}],"LogicOp":0}],"LogicOp":0},"CompleteActionList":[{"ActionType":16000,"Params":{"$type":"XConfigLevelActionParamsPlayDrama","DramaName":"Drama_3027_005_New","ReferencePos":[0.0,0.0,0.0],"ReferenceRot":[0.0,0.0,0.0],"CombineKey":0}},{"ActionType":15002,"Params":{"$type":"XConfigLevelActionParamsOpenItemDeliverUI","QuestObjectiveId":30270308}}]}
skygarden	1	2017	3800006	4	1	1	0.0	0	0.0	0	{"LevelConditionGroup":{"_condCommanderGenderTypeCache":null,"ConditionLists":[{"Conditions":[{"name":"","hideFlags":0,"CondType":2,"Params":{"$type":"XConfigLevelConditionParamsCheckQuestObjectiveComplete","name":"","hideFlags":0,"QuestObjectiveId":30270308},"InvertResult":false,"TipDescId":null}],"LogicOp":0}],"LogicOp":0},"CompleteActionList":[{"ActionType":16000,"Params":{"$type":"XConfigLevelActionParamsPlayDrama","DramaName":"Drama_3027_006_New","ReferencePos":[0.0,0.0,0.0],"ReferenceRot":[0.0,0.0,0.0],"CombineKey":0}}]}
skygarden	1	2017	3800001	2	1	1	0.0	0	0.0	0	{"CompleteActionList":[{"ActionType":16000,"Params":{"$type":"XConfigLevelActionParamsPlayDrama","DramaName":"Drama_3018_001","ReferencePos":[0.0,0.0,0.0],"ReferenceRot":[0.0,0.0,0.0],"CombineKey":0}}]}
skygarden	1	2017	3800001	3	1	1	0.0	0	0.0	0	{"CompleteActionList":[{"ActionType":16000,"Params":{"$type":"XConfigLevelActionParamsPlayDrama","DramaName":"Drama_3018_003","ReferencePos":[0.0,0.0,0.0],"ReferenceRot":[0.0,0.0,0.0],"CombineKey":0}}]}
skygarden	1	2017	3800001	4	1	1	0.0	0	0.0	0	{"CompleteActionList":[{"ActionType":16000,"Params":{"$type":"XConfigLevelActionParamsPlayDrama","DramaName":"Drama_3018_002","ReferencePos":[0.0,0.0,0.0],"ReferenceRot":[0.0,0.0,0.0],"CombineKey":0}}]}
skygarden	1	2017	3800001	5	1	1	0.0	0	0.0	0	{"CompleteActionList":[{"ActionType":16000,"Params":{"$type":"XConfigLevelActionParamsPlayDrama","DramaName":"Drama_3018_004","ReferencePos":[0.0,0.0,0.0],"ReferenceRot":[0.0,0.0,0.0],"CombineKey":0}}]}
skygarden	1	2017	3800001	6	1	1	0.0	0	0.0	0	{"CompleteActionList":[{"ActionType":16000,"Params":{"$type":"XConfigLevelActionParamsPlayDrama","DramaName":"Drama_3018_005","ReferencePos":[0.0,0.0,0.0],"ReferenceRot":[0.0,0.0,0.0],"CombineKey":0}}]}
skygarden	1	2018	4400001	1	1	1	0.0	0	0.0	0	{"CompleteActionList":[{"ActionType":16000,"Params":{"$type":"XConfigLevelActionParamsPlayDrama","DramaName":"Drama_3015_001","ReferencePos":[0.0,0.0,0.0],"ReferenceRot":[0.0,0.0,0.0],"CombineKey":0}}]}
skygarden	1	2018	4400001	2	1	1	0.0	0	0.0	0	{"CompleteActionList":[{"ActionType":16000,"Params":{"$type":"XConfigLevelActionParamsPlayDrama","DramaName":"Drama_3015_002","ReferencePos":[0.0,0.0,0.0],"ReferenceRot":[0.0,0.0,0.0],"CombineKey":0}}]}
skygarden	1	2018	4400001	3	1	1	0.0	0	0.0	0	{"CompleteActionList":[{"ActionType":16000,"Params":{"$type":"XConfigLevelActionParamsPlayDrama","DramaName":"Drama_3015_003","ReferencePos":[0.0,0.0,0.0],"ReferenceRot":[0.0,0.0,0.0],"CombineKey":0}}]}
skygarden	1	2018	4400001	4	1	1	0.0	0	0.0	0	{"CompleteActionList":[{"ActionType":16000,"Params":{"$type":"XConfigLevelActionParamsPlayDrama","DramaName":"Drama_3015_004","ReferencePos":[0.0,0.0,0.0],"ReferenceRot":[0.0,0.0,0.0],"CombineKey":0}}]}
skygarden	1	2018	4400001	5	1	1	0.0	0	0.0	0	{"CompleteActionList":[{"ActionType":16000,"Params":{"$type":"XConfigLevelActionParamsPlayDrama","DramaName":"Drama_3015_005","ReferencePos":[0.0,0.0,0.0],"ReferenceRot":[0.0,0.0,0.0],"CombineKey":0}}]}
skygarden	1	2018	4400001	6	1	1	0.0	0	0.0	0	{"CompleteActionList":[{"ActionType":16000,"Params":{"$type":"XConfigLevelActionParamsPlayDrama","DramaName":"Drama_3015_006","ReferencePos":[0.0,0.0,0.0],"ReferenceRot":[0.0,0.0,0.0],"CombineKey":0}}]}
skygarden	1	3002	700001	1	1	1	0.0	0	0.0	0	
skygarden	1	3002	700002	1	1	1	0.0	0	0.0	0	
skygarden	1	3002	700003	1	1	1	0.0	0	0.0	0	
skygarden	1	3002	700005	1	1	1	0.0	0	0.0	0	
skygarden	2	4002	1	1	1	1	0.0	0	0.0	0	{"CompleteActionList":[{"ActionType":19004,"Params":{"$type":"XConfigLevelActionParamsSwitchLevel","NextLevelId":4001,"Position":[575.5166015625,145.01980590820312,1338.3680419921875],"Rotation":null}}]}
skygarden	2	4006	100006	1	1	1	0.0	0	0.0	0	
skygarden	2	4006	100007	1	1	1	0.0	0	0.0	0	
skygarden	2	4006	100008	1	1	1	0.0	0	0.0	0	
skygarden	2	4006	100010	1	5	1	0.0	0	0.0	50001003	{"CompleteActionList":[{"ActionType":19004,"Params":{"$type":"XConfigLevelActionParamsSwitchLevel","NextLevelId":4003,"Position":[18.43000030517578,1.1399999856948853,17.549999237060547],"Rotation":[0.0,-95.0,0.0]}}]}
skygarden	2	4006	100015	1	1	1	0.0	0	0.0	0	
skygarden	2	4006	100016	1	1	1	0.0	0	0.0	0	
skygarden	2	4006	100017	1	1	1	0.0	0	0.0	0	
skygarden	2	4006	100018	1	1	1	0.0	0	0.0	0	
skygarden	2	4006	100019	1	1	1	0.0	0	0.0	0	
skygarden	2	4006	100020	1	1	1	0.0	0	0.0	0	
skygarden	2	4006	100021	1	1	1	0.0	0	0.0	0	
skygarden	2	4006	100022	1	1	1	0.0	0	0.0	0	
skygarden	2	4006	100023	1	1	1	0.0	0	0.0	0	
skygarden	2	4006	100077	1	1	1	0.0	0	0.0	0	
skygarden	2	4006	100079	1	1	1	0.0	0	0.0	0	
skygarden	2	4006	100084	1	1	1	0.0	0	0.0	0	{"CompleteActionList":[{"ActionType":15001,"Params":{"$type":"XConfigLevelActionParamsOpenNarrativeUI","NarrativeId":4}}]}
skygarden	2	4006	100085	1	1	1	0.0	0	0.0	0	
skygarden	2	4006	100086	1	1	1	0.0	0	0.0	0	{"CompleteActionList":[{"ActionType":15001,"Params":{"$type":"XConfigLevelActionParamsOpenNarrativeUI","NarrativeId":6}}]}
skygarden	2	4006	100122	1	1	1	0.0	0	0.0	0	
skygarden	2	4006	100122	2	1	1	0.0	1	10.0	0	{"LevelConditionGroup":{"_condCommanderGenderTypeCache":null,"ConditionLists":[{"Conditions":[{"name":"","hideFlags":0,"CondType":5,"Params":{"$type":"XConfigLevelConditionParamsCheckTreasureBoxCollected","name":"","hideFlags":0,"OnlyCurrentRegion":true,"RemainingCount":0,"CompareType":2},"InvertResult":false,"TipDescId":null}],"LogicOp":0}],"LogicOp":0},"CompleteActionList":[{"ActionType":20003,"Params":{"$type":"XConfigLevelActionParamsTreasureBoxScanAbility","ScanConfigId":4,"EnableMask":true,"MaskMatchType":0,"ScanMask":1}}]}
skygarden	2	4006	100122	3	1	1	0.0	0	0.0	0	{"LevelConditionGroup":{"_condCommanderGenderTypeCache":null,"ConditionLists":[{"Conditions":[{"name":"","hideFlags":0,"CondType":5,"Params":{"$type":"XConfigLevelConditionParamsCheckTreasureBoxCollected","name":"","hideFlags":0,"OnlyCurrentRegion":true,"RemainingCount":0,"CompareType":5},"InvertResult":false,"TipDescId":null}],"LogicOp":0}],"LogicOp":0},"CompleteActionList":[{"ActionType":16001,"Params":{"$type":"XConfigLevelActionParamsPlayDramaCaption","DramaCaptionName":"Caption302015","WaitComplete":false,"IsSequentialJob":false}}]}
skygarden	2	4006	100047	1	1	1	0.0	0	0.0	0	
skygarden	2	4006	100047	2	1	1	0.0	1	10.0	0	{"LevelConditionGroup":{"_condCommanderGenderTypeCache":null,"ConditionLists":[{"Conditions":[{"name":"","hideFlags":0,"CondType":5,"Params":{"$type":"XConfigLevelConditionParamsCheckTreasureBoxCollected","name":"","hideFlags":0,"OnlyCurrentRegion":true,"RemainingCount":0,"CompareType":2},"InvertResult":false,"TipDescId":null}],"LogicOp":0}],"LogicOp":0},"CompleteActionList":[{"ActionType":20003,"Params":{"$type":"XConfigLevelActionParamsTreasureBoxScanAbility","ScanConfigId":4,"EnableMask":true,"MaskMatchType":0,"ScanMask":2}}]}
skygarden	2	4006	100047	3	1	1	0.0	0	0.0	0	{"LevelConditionGroup":{"_condCommanderGenderTypeCache":null,"ConditionLists":[{"Conditions":[{"name":"","hideFlags":0,"CondType":5,"Params":{"$type":"XConfigLevelConditionParamsCheckTreasureBoxCollected","name":"","hideFlags":0,"OnlyCurrentRegion":true,"RemainingCount":0,"CompareType":5},"InvertResult":false,"TipDescId":null}],"LogicOp":0}],"LogicOp":0},"CompleteActionList":[{"ActionType":16001,"Params":{"$type":"XConfigLevelActionParamsPlayDramaCaption","DramaCaptionName":"Caption302015","WaitComplete":false,"IsSequentialJob":false}}]}
skygarden	2	4006	100121	1	1	1	0.0	0	0.0	0	
skygarden	2	4006	100121	2	1	1	0.0	1	10.0	0	{"LevelConditionGroup":{"_condCommanderGenderTypeCache":null,"ConditionLists":[{"Conditions":[{"name":"","hideFlags":0,"CondType":5,"Params":{"$type":"XConfigLevelConditionParamsCheckTreasureBoxCollected","name":"","hideFlags":0,"OnlyCurrentRegion":true,"RemainingCount":0,"CompareType":2},"InvertResult":false,"TipDescId":null}],"LogicOp":0}],"LogicOp":0},"CompleteActionList":[{"ActionType":20003,"Params":{"$type":"XConfigLevelActionParamsTreasureBoxScanAbility","ScanConfigId":4,"EnableMask":true,"MaskMatchType":0,"ScanMask":1}}]}
skygarden	2	4006	100121	3	1	1	0.0	0	0.0	0	{"LevelConditionGroup":{"_condCommanderGenderTypeCache":null,"ConditionLists":[{"Conditions":[{"name":"","hideFlags":0,"CondType":5,"Params":{"$type":"XConfigLevelConditionParamsCheckTreasureBoxCollected","name":"","hideFlags":0,"OnlyCurrentRegion":true,"RemainingCount":0,"CompareType":5},"InvertResult":false,"TipDescId":null}],"LogicOp":0}],"LogicOp":0},"CompleteActionList":[{"ActionType":16001,"Params":{"$type":"XConfigLevelActionParamsPlayDramaCaption","DramaCaptionName":"Caption302015","WaitComplete":false,"IsSequentialJob":false}}]}
skygarden	2	4006	100065	1	1	1	0.0	0	0.0	0	
skygarden	2	4006	100066	1	5	1	0.0	1	1.0	0	{"CompleteActionList":[{"ActionType":20000,"Params":{"$type":"XConfigLevelActionParamsTeleportPlayer","Position":[624.0440063476562,193.16000366210938,1251.5460205078125],"Rotation":[0.0,90.0,0.0],"WithBlackScreen":true,"ScreenEffectId":300016,"BlackScreenEnterDuration":0.30000001192092896,"BlackScreenExitDuration":0.30000001192092896,"ShowEffect":false,"ResetCamera":true}}]}
skygarden	2	4006	100067	1	5	1	0.0	1	1.0	0	{"CompleteActionList":[{"ActionType":20000,"Params":{"$type":"XConfigLevelActionParamsTeleportPlayer","Position":[620.0889892578125,161.91600036621094,1257.2049560546875],"Rotation":[0.0,16.934999465942383,0.0],"WithBlackScreen":true,"ScreenEffectId":300016,"BlackScreenEnterDuration":0.30000001192092896,"BlackScreenExitDuration":0.30000001192092896,"ShowEffect":false,"ResetCamera":true}}]}
skygarden	2	4006	100068	1	5	1	0.0	1	1.0	0	{"CompleteActionList":[{"ActionType":20000,"Params":{"$type":"XConfigLevelActionParamsTeleportPlayer","Position":[654.739990234375,156.97000122070312,1298.8399658203125],"Rotation":[0.0,-50.33000183105469,0.0],"WithBlackScreen":true,"ScreenEffectId":0,"BlackScreenEnterDuration":0.30000001192092896,"BlackScreenExitDuration":0.30000001192092896,"ShowEffect":false,"ResetCamera":true}}]}
skygarden	2	4006	100123	1	5	1	0.0	1	1.0	0	{"CompleteActionList":[{"ActionType":20000,"Params":{"$type":"XConfigLevelActionParamsTeleportPlayer","Position":[658.9130249023438,154.33200073242188,1257.6400146484375],"Rotation":[0.0,158.0,0.0],"WithBlackScreen":true,"ScreenEffectId":0,"BlackScreenEnterDuration":0.30000001192092896,"BlackScreenExitDuration":0.30000001192092896,"ShowEffect":false,"ResetCamera":true}}]}
skygarden	2	4006	100003	1	1	1	0.0	0	0.0	0	
skygarden	2	4006	100078	1	1	1	0.0	0	0.0	0	
skygarden	2	4006	100125	1	1	1	0.0	0	0.0	0	
skygarden	2	4006	100126	1	1	1	0.0	0	0.0	0	
skygarden	2	4006	100127	1	1	1	0.0	0	0.0	0	
skygarden	2	4006	100140	1	8	1	0.0	0	0.0	0	{"CompleteActionList":[{"ActionType":16001,"Params":{"$type":"XConfigLevelActionParamsPlayDramaCaption","DramaCaptionName":"Caption900205","WaitComplete":false,"IsSequentialJob":false}}]}
skygarden	2	4006	100141	1	8	1	0.0	0	0.0	0	{"CompleteActionList":[{"ActionType":16000,"Params":{"$type":"XConfigLevelActionParamsPlayDrama","DramaName":"Caption900206","ReferencePos":[0.0,0.0,0.0],"ReferenceRot":[0.0,0.0,0.0],"CombineKey":0}}]}
skygarden	2	4006	100160	1	8	1	0.0	0	0.0	0	{"CompleteActionList":[{"ActionType":16001,"Params":{"$type":"XConfigLevelActionParamsPlayDramaCaption","DramaCaptionName":"Caption900012","WaitComplete":false,"IsSequentialJob":false}}]}
skygarden	2	4006	100161	1	8	1	0.0	0	0.0	0	{"CompleteActionList":[{"ActionType":16001,"Params":{"$type":"XConfigLevelActionParamsPlayDramaCaption","DramaCaptionName":"Caption900011","WaitComplete":false,"IsSequentialJob":false}}]}
skygarden	2	4006	100162	1	8	1	0.0	0	0.0	0	{"CompleteActionList":[{"ActionType":16001,"Params":{"$type":"XConfigLevelActionParamsPlayDramaCaption","DramaCaptionName":"Caption900016","WaitComplete":false,"IsSequentialJob":false}}]}
skygarden	2	4006	100163	1	8	1	0.0	0	0.0	0	{"CompleteActionList":[{"ActionType":16001,"Params":{"$type":"XConfigLevelActionParamsPlayDramaCaption","DramaCaptionName":"Caption900017","WaitComplete":false,"IsSequentialJob":false}}]}
skygarden	2	4006	100164	1	8	1	0.0	0	0.0	0	{"CompleteActionList":[{"ActionType":16001,"Params":{"$type":"XConfigLevelActionParamsPlayDramaCaption","DramaCaptionName":"Caption900009","WaitComplete":false,"IsSequentialJob":false}}]}
skygarden	2	4006	100165	1	8	1	0.0	0	0.0	0	{"CompleteActionList":[{"ActionType":16001,"Params":{"$type":"XConfigLevelActionParamsPlayDramaCaption","DramaCaptionName":"Caption900010","WaitComplete":false,"IsSequentialJob":false}}]}
skygarden	2	4006	100166	1	8	1	0.0	0	0.0	0	{"CompleteActionList":[{"ActionType":16001,"Params":{"$type":"XConfigLevelActionParamsPlayDramaCaption","DramaCaptionName":"Caption900013","WaitComplete":false,"IsSequentialJob":false}}]}
skygarden	2	4006	100167	1	8	1	0.0	0	0.0	0	{"CompleteActionList":[{"ActionType":16001,"Params":{"$type":"XConfigLevelActionParamsPlayDramaCaption","DramaCaptionName":"Caption900014","WaitComplete":false,"IsSequentialJob":false}}]}
skygarden	2	4006	100168	1	8	1	0.0	0	0.0	0	{"CompleteActionList":[{"ActionType":16001,"Params":{"$type":"XConfigLevelActionParamsPlayDramaCaption","DramaCaptionName":"Caption900015","WaitComplete":false,"IsSequentialJob":false}}]}
skygarden	2	4006	100169	1	8	1	0.0	0	0.0	0	{"CompleteActionList":[{"ActionType":15001,"Params":{"$type":"XConfigLevelActionParamsOpenNarrativeUI","NarrativeId":7}}]}
skygarden	2	4006	100170	1	8	1	0.0	0	0.0	0	{"CompleteActionList":[{"ActionType":15001,"Params":{"$type":"XConfigLevelActionParamsOpenNarrativeUI","NarrativeId":19}}]}
skygarden	2	4006	100171	1	8	1	0.0	0	0.0	0	{"CompleteActionList":[{"ActionType":15001,"Params":{"$type":"XConfigLevelActionParamsOpenNarrativeUI","NarrativeId":21}}]}
skygarden	2	4006	100172	1	8	1	0.0	0	0.0	0	{"CompleteActionList":[{"ActionType":15001,"Params":{"$type":"XConfigLevelActionParamsOpenNarrativeUI","NarrativeId":20}}]}
skygarden	2	4006	100173	1	8	1	0.0	0	0.0	0	{"CompleteActionList":[{"ActionType":16001,"Params":{"$type":"XConfigLevelActionParamsPlayDramaCaption","DramaCaptionName":"Caption900002","WaitComplete":false,"IsSequentialJob":false}}]}
skygarden	2	4006	100135	1	8	1	0.0	0	0.0	0	{"CompleteActionList":[{"ActionType":16001,"Params":{"$type":"XConfigLevelActionParamsPlayDramaCaption","DramaCaptionName":"Caption900003","WaitComplete":false,"IsSequentialJob":false}}]}
skygarden	2	4006	100174	1	8	1	0.0	0	0.0	0	{"CompleteActionList":[{"ActionType":16001,"Params":{"$type":"XConfigLevelActionParamsPlayDramaCaption","DramaCaptionName":"Caption900004","WaitComplete":false,"IsSequentialJob":false}}]}
skygarden	2	4006	100175	1	8	1	0.0	0	0.0	0	{"CompleteActionList":[{"ActionType":16001,"Params":{"$type":"XConfigLevelActionParamsPlayDramaCaption","DramaCaptionName":"Caption900005","WaitComplete":false,"IsSequentialJob":false}}]}
skygarden	2	4006	100178	1	8	1	0.0	0	0.0	0	{"CompleteActionList":[{"ActionType":16001,"Params":{"$type":"XConfigLevelActionParamsPlayDramaCaption","DramaCaptionName":"Caption900006","WaitComplete":false,"IsSequentialJob":false}}]}
skygarden	2	4006	100180	1	8	1	0.0	0	0.0	0	{"CompleteActionList":[{"ActionType":16001,"Params":{"$type":"XConfigLevelActionParamsPlayDramaCaption","DramaCaptionName":"Caption900007","WaitComplete":false,"IsSequentialJob":false}}]}
skygarden	2	4006	100181	1	8	1	0.0	0	0.0	0	{"CompleteActionList":[{"ActionType":16001,"Params":{"$type":"XConfigLevelActionParamsPlayDramaCaption","DramaCaptionName":"Caption900008","WaitComplete":false,"IsSequentialJob":false}}]}
skygarden	2	4006	100182	1	8	1	0.0	0	0.0	0	{"CompleteActionList":[{"ActionType":15001,"Params":{"$type":"XConfigLevelActionParamsOpenNarrativeUI","NarrativeId":18}}]}
skygarden	2	4006	100183	1	8	1	0.0	0	0.0	0	{"CompleteActionList":[{"ActionType":15001,"Params":{"$type":"XConfigLevelActionParamsOpenNarrativeUI","NarrativeId":17}}]}
skygarden	2	4006	100184	1	8	1	0.0	0	0.0	0	{"CompleteActionList":[{"ActionType":15001,"Params":{"$type":"XConfigLevelActionParamsOpenNarrativeUI","NarrativeId":22}}]}
skygarden	2	4006	100185	1	8	1	0.0	0	0.0	0	{"CompleteActionList":[{"ActionType":15001,"Params":{"$type":"XConfigLevelActionParamsOpenNarrativeUI","NarrativeId":23}}]}
skygarden	2	4006	100187	1	8	1	0.0	0	0.0	0	{"CompleteActionList":[{"ActionType":15001,"Params":{"$type":"XConfigLevelActionParamsOpenNarrativeUI","NarrativeId":6}}]}
skygarden	2	4006	100188	1	8	1	0.0	0	0.0	0	{"CompleteActionList":[{"ActionType":15001,"Params":{"$type":"XConfigLevelActionParamsOpenNarrativeUI","NarrativeId":24}}]}
skygarden	2	4006	100189	1	8	1	0.0	0	0.0	0	{"CompleteActionList":[{"ActionType":16001,"Params":{"$type":"XConfigLevelActionParamsPlayDramaCaption","DramaCaptionName":"Caption900202","WaitComplete":false,"IsSequentialJob":false}}]}
skygarden	2	4006	100190	1	8	1	0.0	0	0.0	0	{"CompleteActionList":[{"ActionType":16001,"Params":{"$type":"XConfigLevelActionParamsPlayDramaCaption","DramaCaptionName":"Caption900203","WaitComplete":false,"IsSequentialJob":false}}]}
skygarden	2	4006	100191	1	8	1	0.0	0	0.0	0	{"CompleteActionList":[{"ActionType":16001,"Params":{"$type":"XConfigLevelActionParamsPlayDramaCaption","DramaCaptionName":"Caption900204","WaitComplete":false,"IsSequentialJob":false}}]}
skygarden	2	4006	100192	1	8	1	0.0	0	0.0	0	{"CompleteActionList":[{"ActionType":16001,"Params":{"$type":"XConfigLevelActionParamsPlayDramaCaption","DramaCaptionName":"Caption900207","WaitComplete":false,"IsSequentialJob":false}}]}
skygarden	2	4006	100193	1	8	1	0.0	0	0.0	0	{"CompleteActionList":[{"ActionType":16001,"Params":{"$type":"XConfigLevelActionParamsPlayDramaCaption","DramaCaptionName":"Caption900208","WaitComplete":false,"IsSequentialJob":false}}]}
skygarden	2	4006	100194	1	8	1	0.0	0	0.0	0	{"CompleteActionList":[{"ActionType":16001,"Params":{"$type":"XConfigLevelActionParamsPlayDramaCaption","DramaCaptionName":"Caption900210","WaitComplete":false,"IsSequentialJob":false}}]}
skygarden	2	4006	100195	1	8	1	0.0	0	0.0	0	{"CompleteActionList":[{"ActionType":16001,"Params":{"$type":"XConfigLevelActionParamsPlayDramaCaption","DramaCaptionName":"Caption900209","WaitComplete":false,"IsSequentialJob":false}}]}
skygarden	2	4006	100196	1	8	1	0.0	0	0.0	0	{"CompleteActionList":[{"ActionType":15001,"Params":{"$type":"XConfigLevelActionParamsOpenNarrativeUI","NarrativeId":40}}]}
skygarden	2	4006	100197	1	8	1	0.0	0	0.0	0	{"CompleteActionList":[{"ActionType":15001,"Params":{"$type":"XConfigLevelActionParamsOpenNarrativeUI","NarrativeId":35}}]}
skygarden	2	4006	100198	1	8	1	0.0	0	0.0	0	{"CompleteActionList":[{"ActionType":15001,"Params":{"$type":"XConfigLevelActionParamsOpenNarrativeUI","NarrativeId":36}}]}
skygarden	2	4006	100200	1	8	1	0.0	0	0.0	0	{"CompleteActionList":[{"ActionType":15001,"Params":{"$type":"XConfigLevelActionParamsOpenNarrativeUI","NarrativeId":39}}]}
skygarden	2	4006	100038	1	1	1	0.0	0	0.0	0	
skygarden	2	4006	100039	1	1	1	0.0	0	0.0	0	
skygarden	2	4006	100040	1	1	1	0.0	0	0.0	0	
skygarden	2	4006	100041	1	1	1	0.0	0	0.0	0	
skygarden	2	4006	100027	1	1	1	0.0	0	0.0	0	
skygarden	2	4006	100027	2	1	1	0.0	1	10.0	0	{"LevelConditionGroup":{"_condCommanderGenderTypeCache":null,"ConditionLists":[{"Conditions":[{"name":"","hideFlags":0,"CondType":5,"Params":{"$type":"XConfigLevelConditionParamsCheckTreasureBoxCollected","name":"","hideFlags":0,"OnlyCurrentRegion":true,"RemainingCount":0,"CompareType":2},"InvertResult":false,"TipDescId":null}],"LogicOp":0}],"LogicOp":0},"CompleteActionList":[{"ActionType":20003,"Params":{"$type":"XConfigLevelActionParamsTreasureBoxScanAbility","ScanConfigId":4,"EnableMask":true,"MaskMatchType":0,"ScanMask":2}}]}
skygarden	2	4006	100027	3	1	1	0.0	0	0.0	0	{"LevelConditionGroup":{"_condCommanderGenderTypeCache":null,"ConditionLists":[{"Conditions":[{"name":"","hideFlags":0,"CondType":5,"Params":{"$type":"XConfigLevelConditionParamsCheckTreasureBoxCollected","name":"","hideFlags":0,"OnlyCurrentRegion":true,"RemainingCount":0,"CompareType":5},"InvertResult":false,"TipDescId":null}],"LogicOp":0}],"LogicOp":0},"CompleteActionList":[{"ActionType":16001,"Params":{"$type":"XConfigLevelActionParamsPlayDramaCaption","DramaCaptionName":"Caption302015","WaitComplete":false,"IsSequentialJob":false}}]}
skygarden	2	4006	100028	1	1	1	0.0	0	0.0	0	
skygarden	2	4006	100028	2	1	1	0.0	1	10.0	0	{"LevelConditionGroup":{"_condCommanderGenderTypeCache":null,"ConditionLists":[{"Conditions":[{"name":"","hideFlags":0,"CondType":5,"Params":{"$type":"XConfigLevelConditionParamsCheckTreasureBoxCollected","name":"","hideFlags":0,"OnlyCurrentRegion":true,"RemainingCount":0,"CompareType":2},"InvertResult":false,"TipDescId":null}],"LogicOp":0}],"LogicOp":0},"CompleteActionList":[{"ActionType":20003,"Params":{"$type":"XConfigLevelActionParamsTreasureBoxScanAbility","ScanConfigId":4,"EnableMask":true,"MaskMatchType":0,"ScanMask":2}}]}
skygarden	2	4006	100028	3	1	1	0.0	0	0.0	0	{"LevelConditionGroup":{"_condCommanderGenderTypeCache":null,"ConditionLists":[{"Conditions":[{"name":"","hideFlags":0,"CondType":5,"Params":{"$type":"XConfigLevelConditionParamsCheckTreasureBoxCollected","name":"","hideFlags":0,"OnlyCurrentRegion":true,"RemainingCount":0,"CompareType":5},"InvertResult":false,"TipDescId":null}],"LogicOp":0}],"LogicOp":0},"CompleteActionList":[{"ActionType":16001,"Params":{"$type":"XConfigLevelActionParamsPlayDramaCaption","DramaCaptionName":"Caption302015","WaitComplete":false,"IsSequentialJob":false}}]}
skygarden	2	4006	100029	1	1	1	0.0	0	0.0	0	
skygarden	2	4006	100029	2	1	1	0.0	1	10.0	0	{"LevelConditionGroup":{"_condCommanderGenderTypeCache":null,"ConditionLists":[{"Conditions":[{"name":"","hideFlags":0,"CondType":5,"Params":{"$type":"XConfigLevelConditionParamsCheckTreasureBoxCollected","name":"","hideFlags":0,"OnlyCurrentRegion":true,"RemainingCount":0,"CompareType":2},"InvertResult":false,"TipDescId":null}],"LogicOp":0}],"LogicOp":0},"CompleteActionList":[{"ActionType":20003,"Params":{"$type":"XConfigLevelActionParamsTreasureBoxScanAbility","ScanConfigId":4,"EnableMask":true,"MaskMatchType":0,"ScanMask":3}}]}
skygarden	2	4006	100029	3	1	1	0.0	0	0.0	0	{"LevelConditionGroup":{"_condCommanderGenderTypeCache":null,"ConditionLists":[{"Conditions":[{"name":"","hideFlags":0,"CondType":5,"Params":{"$type":"XConfigLevelConditionParamsCheckTreasureBoxCollected","name":"","hideFlags":0,"OnlyCurrentRegion":true,"RemainingCount":0,"CompareType":5},"InvertResult":false,"TipDescId":null}],"LogicOp":0}],"LogicOp":0},"CompleteActionList":[{"ActionType":16001,"Params":{"$type":"XConfigLevelActionParamsPlayDramaCaption","DramaCaptionName":"Caption302015","WaitComplete":false,"IsSequentialJob":false}}]}
skygarden	2	4006	100030	1	1	1	0.0	0	0.0	0	
skygarden	2	4006	100030	2	1	1	0.0	1	10.0	0	{"LevelConditionGroup":{"_condCommanderGenderTypeCache":null,"ConditionLists":[{"Conditions":[{"name":"","hideFlags":0,"CondType":5,"Params":{"$type":"XConfigLevelConditionParamsCheckTreasureBoxCollected","name":"","hideFlags":0,"OnlyCurrentRegion":true,"RemainingCount":0,"CompareType":2},"InvertResult":false,"TipDescId":null}],"LogicOp":0}],"LogicOp":0},"CompleteActionList":[{"ActionType":20003,"Params":{"$type":"XConfigLevelActionParamsTreasureBoxScanAbility","ScanConfigId":4,"EnableMask":true,"MaskMatchType":0,"ScanMask":3}}]}
skygarden	2	4006	100030	3	1	1	0.0	0	0.0	0	{"LevelConditionGroup":{"_condCommanderGenderTypeCache":null,"ConditionLists":[{"Conditions":[{"name":"","hideFlags":0,"CondType":5,"Params":{"$type":"XConfigLevelConditionParamsCheckTreasureBoxCollected","name":"","hideFlags":0,"OnlyCurrentRegion":true,"RemainingCount":0,"CompareType":5},"InvertResult":false,"TipDescId":null}],"LogicOp":0}],"LogicOp":0},"CompleteActionList":[{"ActionType":16001,"Params":{"$type":"XConfigLevelActionParamsPlayDramaCaption","DramaCaptionName":"Caption302015","WaitComplete":false,"IsSequentialJob":false}}]}
skygarden	2	4006	100001	1	1	1	0.0	0	0.0	0	
skygarden	2	4006	100002	1	1	1	0.0	0	0.0	0	
skygarden	2	4006	100043	1	1	1	0.0	0	0.0	0	
skygarden	2	4006	100048	1	1	1	0.0	0	0.0	0	{"CompleteActionList":[{"ActionType":16000,"Params":{"$type":"XConfigLevelActionParamsPlayDrama","DramaName":"Drama_5002_001","ReferencePos":[0.0,0.0,0.0],"ReferenceRot":[0.0,0.0,0.0],"CombineKey":0}}]}
skygarden	2	4006	100049	1	1	1	0.0	0	0.0	0	{"CompleteActionList":[{"ActionType":16000,"Params":{"$type":"XConfigLevelActionParamsPlayDrama","DramaName":"Drama_5001_001","ReferencePos":[0.0,0.0,0.0],"ReferenceRot":[0.0,0.0,0.0],"CombineKey":0}}]}
skygarden	2	4006	100011	1	8	1	0.0	0	0.0	0	{"CompleteActionList":[{"ActionType":15001,"Params":{"$type":"XConfigLevelActionParamsOpenNarrativeUI","NarrativeId":38}}]}
skygarden	2	4006	100012	1	8	1	0.0	0	0.0	0	{"CompleteActionList":[{"ActionType":15001,"Params":{"$type":"XConfigLevelActionParamsOpenNarrativeUI","NarrativeId":37}}]}
skygarden	2	4006	100071	1	1	1	0.0	0	0.0	0	{"LevelConditionGroup":{"_condCommanderGenderTypeCache":null,"ConditionLists":[{"Conditions":[{"name":"","hideFlags":0,"CondType":2,"Params":{"$type":"XConfigLevelConditionParamsCheckQuestObjectiveComplete","name":"","hideFlags":0,"QuestObjectiveId":70010102,"CheckExitAsComplete":false},"InvertResult":false,"TipDescId":null}],"LogicOp":0}],"LogicOp":0},"CompleteActionList":[{"ActionType":19004,"Params":{"$type":"XConfigLevelActionParamsSwitchLevel","NextLevelId":5001,"Position":[578.89111328125,191.01089477539062,1090.0460205078125],"Rotation":[0.0,-148.30099487304688,0.0]}}]}
skygarden	1	4006	100014	1	1	1	0.0	0	0.0	0	{"CompleteActionList":[{"ActionType":16000,"Params":{"$type":"XConfigLevelActionParamsPlayDrama","DramaName":"DramaNPC9000211","ReferencePos":[0.0,0.0,0.0],"ReferenceRot":[0.0,0.0,0.0],"CombineKey":0}}]}
skygarden	1	4006	100023	1	1	1	0.0	0	0.0	0	{"CompleteActionList":[{"ActionType":16000,"Params":{"$type":"XConfigLevelActionParamsPlayDrama","DramaName":"DramaNPC9000205","ReferencePos":[0.0,0.0,0.0],"ReferenceRot":[0.0,0.0,0.0],"CombineKey":0}}]}
skygarden	1	4006	100039	1	1	1	0.0	0	0.0	0	{"CompleteActionList":[{"ActionType":16000,"Params":{"$type":"XConfigLevelActionParamsPlayDrama","DramaName":"DramaNPC9000204","ReferencePos":[0.0,0.0,0.0],"ReferenceRot":[0.0,0.0,0.0],"CombineKey":0}}]}
skygarden	1	4006	100017	1	1	1	0.0	0	0.0	0	{"CompleteActionList":[{"ActionType":16000,"Params":{"$type":"XConfigLevelActionParamsPlayDrama","DramaName":"DramaNPC9000207","ReferencePos":[0.0,0.0,0.0],"ReferenceRot":[0.0,0.0,0.0],"CombineKey":0}}]}
skygarden	1	4006	100060	1	1	1	0.0	0	0.0	0	{"CompleteActionList":[{"ActionType":16000,"Params":{"$type":"XConfigLevelActionParamsPlayDrama","DramaName":"DramaNPC9000210","ReferencePos":[0.0,0.0,0.0],"ReferenceRot":[0.0,0.0,0.0],"CombineKey":0}}]}
skygarden	1	4006	100002	1	1	1	0.0	0	0.0	0	{"CompleteActionList":[{"ActionType":16000,"Params":{"$type":"XConfigLevelActionParamsPlayDrama","DramaName":"DramaNPC9000213","ReferencePos":[0.0,0.0,0.0],"ReferenceRot":[0.0,0.0,0.0],"CombineKey":0}}]}
skygarden	1	4006	100016	1	1	1	0.0	0	0.0	0	{"CompleteActionList":[{"ActionType":16000,"Params":{"$type":"XConfigLevelActionParamsPlayDrama","DramaName":"DramaNPC9000102","ReferencePos":[0.0,0.0,0.0],"ReferenceRot":[0.0,0.0,0.0],"CombineKey":0}}]}
skygarden	1	4006	100021	1	1	1	0.0	0	0.0	0	{"CompleteActionList":[{"ActionType":16000,"Params":{"$type":"XConfigLevelActionParamsPlayDrama","DramaName":"DramaNPC9000101","ReferencePos":[0.0,0.0,0.0],"ReferenceRot":[0.0,0.0,0.0],"CombineKey":0}}]}
skygarden	1	4006	100089	1	1	1	0.0	0	0.0	0	{"CompleteActionList":[{"ActionType":16000,"Params":{"$type":"XConfigLevelActionParamsPlayDrama","DramaName":"DramaNPC9000103","ReferencePos":[0.0,0.0,0.0],"ReferenceRot":[0.0,0.0,0.0],"CombineKey":0}}]}
skygarden	1	4006	100092	1	1	1	0.0	0	0.0	0	{"CompleteActionList":[{"ActionType":16000,"Params":{"$type":"XConfigLevelActionParamsPlayDrama","DramaName":"DramaNPC9000120","ReferencePos":[0.0,0.0,0.0],"ReferenceRot":[0.0,0.0,0.0],"CombineKey":0}}]}
skygarden	1	4006	100093	1	1	1	0.0	0	0.0	0	{"LevelConditionGroup":{"_condCommanderGenderTypeCache":null,"ConditionLists":[{"Conditions":[{"name":"","hideFlags":0,"CondType":2,"Params":{"$type":"XConfigLevelConditionParamsCheckQuestObjectiveComplete","name":"","hideFlags":0,"QuestObjectiveId":20030112,"CheckExitAsComplete":false},"InvertResult":false,"TipDescId":null}],"LogicOp":0}],"LogicOp":0},"CompleteActionList":[{"ActionType":16000,"Params":{"$type":"XConfigLevelActionParamsPlayDrama","DramaName":"DramaNPC9000119","ReferencePos":[0.0,0.0,0.0],"ReferenceRot":[0.0,0.0,0.0],"CombineKey":0}}]}
skygarden	1	4006	100093	2	1	1	0.0	0	0.0	0	{"LevelConditionGroup":{"_condCommanderGenderTypeCache":null,"ConditionLists":[{"Conditions":[{"name":"","hideFlags":0,"CondType":2,"Params":{"$type":"XConfigLevelConditionParamsCheckQuestObjectiveComplete","name":"","hideFlags":0,"QuestObjectiveId":20030112,"CheckExitAsComplete":false},"InvertResult":true,"TipDescId":null}],"LogicOp":0}],"LogicOp":0},"CompleteActionList":[{"ActionType":16001,"Params":{"$type":"XConfigLevelActionParamsPlayDramaCaption","DramaCaptionName":"Caption900103","WaitComplete":false,"IsSequentialJob":false}}]}
skygarden	1	4006	100069	1	1	1	0.0	0	0.0	0	{"CompleteActionList":[{"ActionType":16000,"Params":{"$type":"XConfigLevelActionParamsPlayDrama","DramaName":"DramaNPC9000016","ReferencePos":[0.0,0.0,0.0],"ReferenceRot":[0.0,0.0,0.0],"CombineKey":0}}]}
skygarden	1	4006	100097	1	1	1	0.0	0	0.0	0	{"CompleteActionList":[{"ActionType":16000,"Params":{"$type":"XConfigLevelActionParamsPlayDrama","DramaName":"DramaNPC9000011","ReferencePos":[0.0,0.0,0.0],"ReferenceRot":[0.0,0.0,0.0],"CombineKey":0}}]}
skygarden	1	4006	100108	1	1	1	0.0	0	0.0	0	{"CompleteActionList":[{"ActionType":16000,"Params":{"$type":"XConfigLevelActionParamsPlayDrama","DramaName":"DramaNPC9000012","ReferencePos":[0.0,0.0,0.0],"ReferenceRot":[0.0,0.0,0.0],"CombineKey":0}}]}
skygarden	1	4006	100114	1	1	1	0.0	0	0.0	0	{"CompleteActionList":[{"ActionType":16000,"Params":{"$type":"XConfigLevelActionParamsPlayDrama","DramaName":"DramaNPC9000010","ReferencePos":[0.0,0.0,0.0],"ReferenceRot":[0.0,0.0,0.0],"CombineKey":0}}]}
skygarden	1	4006	100129	1	1	1	0.0	0	0.0	0	{"CompleteActionList":[{"ActionType":16000,"Params":{"$type":"XConfigLevelActionParamsPlayDrama","DramaName":"DramaNPC9000114","ReferencePos":[0.0,0.0,0.0],"ReferenceRot":[0.0,0.0,0.0],"CombineKey":0}}]}
skygarden	1	4006	100139	1	1	1	0.0	0	0.0	0	{"CompleteActionList":[{"ActionType":16000,"Params":{"$type":"XConfigLevelActionParamsPlayDrama","DramaName":"DramaNPC9000201","ReferencePos":[0.0,0.0,0.0],"ReferenceRot":[0.0,0.0,0.0],"CombineKey":0}}]}
skygarden	1	4006	100142	1	1	1	0.0	0	0.0	0	{"CompleteActionList":[{"ActionType":16000,"Params":{"$type":"XConfigLevelActionParamsPlayDrama","DramaName":"DramaNPC9000202","ReferencePos":[0.0,0.0,0.0],"ReferenceRot":[0.0,0.0,0.0],"CombineKey":0}}]}
skygarden	1	4006	100020	1	1	1	0.0	0	0.0	0	{"CompleteActionList":[{"ActionType":16000,"Params":{"$type":"XConfigLevelActionParamsPlayDrama","DramaName":"Drama200100","ReferencePos":[0.0,0.0,0.0],"ReferenceRot":[0.0,0.0,0.0],"CombineKey":0}}]}
skygarden	1	4006	100155	1	1	1	0.0	0	0.0	0	{"CompleteActionList":[{"ActionType":16000,"Params":{"$type":"XConfigLevelActionParamsPlayDrama","DramaName":"DramaNPC9000110","ReferencePos":[0.0,0.0,0.0],"ReferenceRot":[0.0,0.0,0.0],"CombineKey":0}}]}
skygarden	1	4006	100169	1	1	1	0.0	0	0.0	0	{"CompleteActionList":[{"ActionType":16000,"Params":{"$type":"XConfigLevelActionParamsPlayDrama","DramaName":"DramaNPC9000112","ReferencePos":[0.0,0.0,0.0],"ReferenceRot":[0.0,0.0,0.0],"CombineKey":0}}]}
skygarden	1	4006	100172	1	1	1	0.0	0	0.0	0	{"CompleteActionList":[{"ActionType":16000,"Params":{"$type":"XConfigLevelActionParamsPlayDrama","DramaName":"DramaNPC9000116","ReferencePos":[0.0,0.0,0.0],"ReferenceRot":[0.0,0.0,0.0],"CombineKey":0}}]}
skygarden	1	4006	100173	1	1	1	0.0	0	0.0	0	{"CompleteActionList":[{"ActionType":16000,"Params":{"$type":"XConfigLevelActionParamsPlayDrama","DramaName":"DramaNPC9000111","ReferencePos":[0.0,0.0,0.0],"ReferenceRot":[0.0,0.0,0.0],"CombineKey":0}}]}
skygarden	1	4006	100174	1	1	1	0.0	0	0.0	0	{"CompleteActionList":[{"ActionType":16000,"Params":{"$type":"XConfigLevelActionParamsPlayDrama","DramaName":"DramaNPC9000108","ReferencePos":[0.0,0.0,0.0],"ReferenceRot":[0.0,0.0,0.0],"CombineKey":0}}]}
skygarden	1	4006	100189	1	1	1	0.0	0	0.0	0	{"CompleteActionList":[{"ActionType":16000,"Params":{"$type":"XConfigLevelActionParamsPlayDrama","DramaName":"DramaNPC9000014","ReferencePos":[0.0,0.0,0.0],"ReferenceRot":[0.0,0.0,0.0],"CombineKey":0}}]}
skygarden	1	4006	100193	1	1	1	0.0	0	0.0	0	{"CompleteActionList":[{"ActionType":16000,"Params":{"$type":"XConfigLevelActionParamsPlayDrama","DramaName":"DramaNPC9000023","ReferencePos":[0.0,0.0,0.0],"ReferenceRot":[0.0,0.0,0.0],"CombineKey":0}}]}
skygarden	1	4006	100201	1	1	1	0.0	0	0.0	0	{"CompleteActionList":[{"ActionType":16000,"Params":{"$type":"XConfigLevelActionParamsPlayDrama","DramaName":"DramaNPC9000022","ReferencePos":[0.0,0.0,0.0],"ReferenceRot":[0.0,0.0,0.0],"CombineKey":0}}]}
skygarden	1	4006	100202	1	1	1	0.0	0	0.0	0	{"CompleteActionList":[{"ActionType":16000,"Params":{"$type":"XConfigLevelActionParamsPlayDrama","DramaName":"DramaNPC9000009","ReferencePos":[0.0,0.0,0.0],"ReferenceRot":[0.0,0.0,0.0],"CombineKey":0}}]}
skygarden	1	4006	100094	1	1	1	0.0	0	0.0	0	{"CompleteActionList":[{"ActionType":16000,"Params":{"$type":"XConfigLevelActionParamsPlayDrama","DramaName":"DramaNPC9000003","ReferencePos":[0.0,0.0,0.0],"ReferenceRot":[0.0,0.0,0.0],"CombineKey":0}}]}
skygarden	1	4006	100096	1	1	1	0.0	0	0.0	0	{"CompleteActionList":[{"ActionType":16000,"Params":{"$type":"XConfigLevelActionParamsPlayDrama","DramaName":"DramaNPC9000002","ReferencePos":[0.0,0.0,0.0],"ReferenceRot":[0.0,0.0,0.0],"CombineKey":0}}]}
skygarden	1	4006	100100	1	1	1	0.0	0	0.0	0	{"CompleteActionList":[{"ActionType":16000,"Params":{"$type":"XConfigLevelActionParamsPlayDrama","DramaName":"DramaNPC9000001","ReferencePos":[0.0,0.0,0.0],"ReferenceRot":[0.0,0.0,0.0],"CombineKey":0}}]}
skygarden	1	4006	100210	1	1	1	0.0	0	0.0	0	{"CompleteActionList":[{"ActionType":16000,"Params":{"$type":"XConfigLevelActionParamsPlayDrama","DramaName":"DramaNPC9000004","ReferencePos":[0.0,0.0,0.0],"ReferenceRot":[0.0,0.0,0.0],"CombineKey":0}}]}
skygarden	1	4006	100220	1	1	1	0.0	0	0.0	0	{"CompleteActionList":[{"ActionType":16000,"Params":{"$type":"XConfigLevelActionParamsPlayDrama","DramaName":"DramaNPC9000008","ReferencePos":[0.0,0.0,0.0],"ReferenceRot":[0.0,0.0,0.0],"CombineKey":0}}]}
skygarden	1	4006	100231	1	1	1	0.0	0	0.0	0	{"CompleteActionList":[{"ActionType":16000,"Params":{"$type":"XConfigLevelActionParamsPlayDrama","DramaName":"DramaNPC9000006","ReferencePos":[0.0,0.0,0.0],"ReferenceRot":[0.0,0.0,0.0],"CombineKey":0}}]}
skygarden	1	4006	100230	1	1	1	0.0	0	0.0	0	{"CompleteActionList":[{"ActionType":16000,"Params":{"$type":"XConfigLevelActionParamsPlayDrama","DramaName":"DramaNPC9000106","ReferencePos":[0.0,0.0,0.0],"ReferenceRot":[0.0,0.0,0.0],"CombineKey":0}}]}
skygarden	1	4006	100235	1	1	1	0.0	0	0.0	0	{"CompleteActionList":[{"ActionType":16000,"Params":{"$type":"XConfigLevelActionParamsPlayDrama","DramaName":"DramaNPC9000206","ReferencePos":[0.0,0.0,0.0],"ReferenceRot":[0.0,0.0,0.0],"CombineKey":0}}]}
skygarden	1	4006	100265	1	1	1	0.0	0	0.0	0	{"CompleteActionList":[{"ActionType":16000,"Params":{"$type":"XConfigLevelActionParamsPlayDrama","DramaName":"DramaNPC9000209","ReferencePos":[0.0,0.0,0.0],"ReferenceRot":[0.0,0.0,0.0],"CombineKey":0}}]}
skygarden	1	4006	100271	1	1	1	0.0	0	0.0	0	{"CompleteActionList":[{"ActionType":16000,"Params":{"$type":"XConfigLevelActionParamsPlayDrama","DramaName":"DramaNPC9000203","ReferencePos":[0.0,0.0,0.0],"ReferenceRot":[0.0,0.0,0.0],"CombineKey":0}}]}
skygarden	1	4006	100012	1	1	1	0.0	0	0.0	0	{"CompleteActionList":[{"ActionType":16000,"Params":{"$type":"XConfigLevelActionParamsPlayDrama","DramaName":"DramaNPC9000208","ReferencePos":[0.0,0.0,0.0],"ReferenceRot":[0.0,0.0,0.0],"CombineKey":0}}]}
skygarden	1	4006	100001	1	1	1	0.0	0	0.0	0	{"CompleteActionList":[{"ActionType":16000,"Params":{"$type":"XConfigLevelActionParamsPlayDrama","DramaName":"DramaNPC9000104","ReferencePos":[0.0,0.0,0.0],"ReferenceRot":[0.0,0.0,0.0],"CombineKey":0}}]}
skygarden	1	4006	100048	1	1	1	0.0	0	0.0	0	{"CompleteActionList":[{"ActionType":16000,"Params":{"$type":"XConfigLevelActionParamsPlayDrama","DramaName":"DramaNPC9000107","ReferencePos":[0.0,0.0,0.0],"ReferenceRot":[0.0,0.0,0.0],"CombineKey":0}}]}
skygarden	1	4006	100273	1	1	1	0.0	0	0.0	0	{"CompleteActionList":[{"ActionType":16000,"Params":{"$type":"XConfigLevelActionParamsPlayDrama","DramaName":"DramaNPC9000113","ReferencePos":[0.0,0.0,0.0],"ReferenceRot":[0.0,0.0,0.0],"CombineKey":0}}]}
skygarden	1	4006	100274	1	1	1	0.0	0	0.0	0	{"CompleteActionList":[{"ActionType":16000,"Params":{"$type":"XConfigLevelActionParamsPlayDrama","DramaName":"DramaNPC9000115","ReferencePos":[0.0,0.0,0.0],"ReferenceRot":[0.0,0.0,0.0],"CombineKey":0}}]}
skygarden	1	4006	100313	1	1	1	0.0	0	0.0	0	{"CompleteActionList":[{"ActionType":16000,"Params":{"$type":"XConfigLevelActionParamsPlayDrama","DramaName":"DramaNPC9000024","ReferencePos":[0.0,0.0,0.0],"ReferenceRot":[0.0,0.0,0.0],"CombineKey":0}}]}
skygarden	1	4006	100314	1	1	1	0.0	0	0.0	0	{"CompleteActionList":[{"ActionType":16000,"Params":{"$type":"XConfigLevelActionParamsPlayDrama","DramaName":"DramaNPC9000017","ReferencePos":[0.0,0.0,0.0],"ReferenceRot":[0.0,0.0,0.0],"CombineKey":0}}]}
skygarden	1	4006	100315	1	1	1	0.0	0	0.0	0	{"CompleteActionList":[{"ActionType":16000,"Params":{"$type":"XConfigLevelActionParamsPlayDrama","DramaName":"DramaNPC9000021","ReferencePos":[0.0,0.0,0.0],"ReferenceRot":[0.0,0.0,0.0],"CombineKey":0}}]}
skygarden	1	4006	100318	1	1	1	0.0	0	0.0	0	
skygarden	1	4006	100321	1	1	1	0.0	0	0.0	0	{"CompleteActionList":[{"ActionType":16000,"Params":{"$type":"XConfigLevelActionParamsPlayDrama","DramaName":"DramaNPC9000007","ReferencePos":[0.0,0.0,0.0],"ReferenceRot":[0.0,0.0,0.0],"CombineKey":0}}]}
skygarden	2	4010	800001	1	1	1	0.0	0	0.0	0	{"CompleteActionList":[{"ActionType":16000,"Params":{"$type":"XConfigLevelActionParamsPlayDrama","DramaName":"DramaNPC9000013","ReferencePos":[0.0,0.0,0.0],"ReferenceRot":[0.0,0.0,0.0],"CombineKey":0}}]}
skygarden	2	4010	800002	1	8	1	0.0	0	0.0	0	{"CompleteActionList":[{"ActionType":15001,"Params":{"$type":"XConfigLevelActionParamsOpenNarrativeUI","NarrativeId":27}}]}
skygarden	2	4010	800003	1	8	1	0.0	0	0.0	0	{"CompleteActionList":[{"ActionType":15001,"Params":{"$type":"XConfigLevelActionParamsOpenNarrativeUI","NarrativeId":28}}]}
skygarden	2	4010	800004	1	8	1	0.0	0	0.0	0	{"CompleteActionList":[{"ActionType":15001,"Params":{"$type":"XConfigLevelActionParamsOpenNarrativeUI","NarrativeId":29}}]}
skygarden	2	4010	800005	1	8	1	0.0	0	0.0	0	{"CompleteActionList":[{"ActionType":15001,"Params":{"$type":"XConfigLevelActionParamsOpenNarrativeUI","NarrativeId":30}}]}
skygarden	2	4010	800006	1	8	1	0.0	0	0.0	0	{"CompleteActionList":[{"ActionType":15001,"Params":{"$type":"XConfigLevelActionParamsOpenNarrativeUI","NarrativeId":31}}]}
skygarden	2	4010	800007	1	8	1	0.0	0	0.0	0	{"CompleteActionList":[{"ActionType":15001,"Params":{"$type":"XConfigLevelActionParamsOpenNarrativeUI","NarrativeId":32}}]}
skygarden	2	4010	800008	1	8	1	0.0	0	0.0	0	{"CompleteActionList":[{"ActionType":15001,"Params":{"$type":"XConfigLevelActionParamsOpenNarrativeUI","NarrativeId":33}}]}
skygarden	2	4010	800009	1	8	1	0.0	0	0.0	0	{"CompleteActionList":[{"ActionType":15001,"Params":{"$type":"XConfigLevelActionParamsOpenNarrativeUI","NarrativeId":34}}]}
skygarden	2	4010	800010	1	1	1	0.0	0	0.0	0	{"CompleteActionList":[{"ActionType":16000,"Params":{"$type":"XConfigLevelActionParamsPlayDrama","DramaName":"DramaNPC9000109","ReferencePos":[0.0,0.0,0.0],"ReferenceRot":[0.0,0.0,0.0],"CombineKey":0}}]}
skygarden	2	4010	800015	1	8	1	0.0	0	0.0	0	{"CompleteActionList":[{"ActionType":16001,"Params":{"$type":"XConfigLevelActionParamsPlayDramaCaption","DramaCaptionName":"Caption900112","WaitComplete":false,"IsSequentialJob":false}}]}
skygarden	2	4010	800029	1	8	1	0.0	0	0.0	0	{"CompleteActionList":[{"ActionType":16001,"Params":{"$type":"XConfigLevelActionParamsPlayDramaCaption","DramaCaptionName":"Caption900104","WaitComplete":false,"IsSequentialJob":false}}]}
skygarden	2	4010	800030	1	8	1	0.0	0	0.0	0	{"CompleteActionList":[{"ActionType":16001,"Params":{"$type":"XConfigLevelActionParamsPlayDramaCaption","DramaCaptionName":"Caption900105","WaitComplete":false,"IsSequentialJob":false}}]}
skygarden	2	4010	800031	1	8	1	0.0	0	0.0	0	{"CompleteActionList":[{"ActionType":16001,"Params":{"$type":"XConfigLevelActionParamsPlayDramaCaption","DramaCaptionName":"Caption900106","WaitComplete":false,"IsSequentialJob":false}}]}
skygarden	2	4010	800032	1	8	1	0.0	0	0.0	0	{"CompleteActionList":[{"ActionType":16001,"Params":{"$type":"XConfigLevelActionParamsPlayDramaCaption","DramaCaptionName":"Caption900109","WaitComplete":false,"IsSequentialJob":false}}]}
skygarden	2	4010	800033	1	8	1	0.0	0	0.0	0	{"CompleteActionList":[{"ActionType":16001,"Params":{"$type":"XConfigLevelActionParamsPlayDramaCaption","DramaCaptionName":"Caption900110","WaitComplete":false,"IsSequentialJob":false}}]}
skygarden	2	4010	800034	1	8	1	0.0	0	0.0	0	{"CompleteActionList":[{"ActionType":16001,"Params":{"$type":"XConfigLevelActionParamsPlayDramaCaption","DramaCaptionName":"Caption900111","WaitComplete":false,"IsSequentialJob":false}}]}
skygarden	2	4010	800035	1	8	1	0.0	0	0.0	0	{"CompleteActionList":[{"ActionType":16001,"Params":{"$type":"XConfigLevelActionParamsPlayDramaCaption","DramaCaptionName":"Caption900107","WaitComplete":false,"IsSequentialJob":false}}]}
skygarden	2	4010	800036	1	8	1	0.0	0	0.0	0	{"CompleteActionList":[{"ActionType":16001,"Params":{"$type":"XConfigLevelActionParamsPlayDramaCaption","DramaCaptionName":"Caption900113","WaitComplete":false,"IsSequentialJob":false}}]}
skygarden	2	4010	800037	1	8	1	0.0	0	0.0	0	{"CompleteActionList":[{"ActionType":16001,"Params":{"$type":"XConfigLevelActionParamsPlayDramaCaption","DramaCaptionName":"Caption900115","WaitComplete":false,"IsSequentialJob":false}}]}
skygarden	2	4010	800038	1	8	1	0.0	0	0.0	0	{"CompleteActionList":[{"ActionType":16001,"Params":{"$type":"XConfigLevelActionParamsPlayDramaCaption","DramaCaptionName":"Caption900117","WaitComplete":false,"IsSequentialJob":false}}]}
skygarden	2	4010	800039	1	8	1	0.0	0	0.0	0	{"CompleteActionList":[{"ActionType":16001,"Params":{"$type":"XConfigLevelActionParamsPlayDramaCaption","DramaCaptionName":"Caption900116","WaitComplete":false,"IsSequentialJob":false}}]}
skygarden	2	4010	800040	1	8	1	0.0	0	0.0	0	{"CompleteActionList":[{"ActionType":16001,"Params":{"$type":"XConfigLevelActionParamsPlayDramaCaption","DramaCaptionName":"Caption900108","WaitComplete":false,"IsSequentialJob":false}}]}
skygarden	2	4010	800041	1	8	1	0.0	0	0.0	0	{"CompleteActionList":[{"ActionType":16001,"Params":{"$type":"XConfigLevelActionParamsPlayDramaCaption","DramaCaptionName":"Caption900210","WaitComplete":false,"IsSequentialJob":false}}]}
skygarden	2	4010	800018	1	1	1	0.0	0	0.0	0	{"CompleteActionList":[{"ActionType":16001,"Params":{"$type":"XConfigLevelActionParamsPlayDramaCaption","DramaCaptionName":"Caption900018","WaitComplete":false,"IsSequentialJob":false}}]}
skygarden	2	4010	800019	1	1	1	0.0	0	0.0	0	{"CompleteActionList":[{"ActionType":16001,"Params":{"$type":"XConfigLevelActionParamsPlayDramaCaption","DramaCaptionName":"Caption900018","WaitComplete":false,"IsSequentialJob":false}}]}
skygarden	2	4010	800020	1	1	1	0.0	0	0.0	0	{"CompleteActionList":[{"ActionType":16001,"Params":{"$type":"XConfigLevelActionParamsPlayDramaCaption","DramaCaptionName":"Caption900119","WaitComplete":false,"IsSequentialJob":false}}]}
skygarden	2	4010	800021	1	8	1	0.0	0	0.0	0	{"CompleteActionList":[{"ActionType":16001,"Params":{"$type":"XConfigLevelActionParamsPlayDramaCaption","DramaCaptionName":"Caption900020","WaitComplete":false,"IsSequentialJob":false}}]}
skygarden	2	4010	800022	1	8	1	0.0	0	0.0	0	{"CompleteActionList":[{"ActionType":16001,"Params":{"$type":"XConfigLevelActionParamsPlayDramaCaption","DramaCaptionName":"Caption900118","WaitComplete":false,"IsSequentialJob":false}}]}
skygarden	1	4010	800001	1	1	1	0.0	0	0.0	0	{"CompleteActionList":[{"ActionType":16000,"Params":{"$type":"XConfigLevelActionParamsPlayDrama","DramaName":"DramaNPC9000015","ReferencePos":[0.0,0.0,0.0],"ReferenceRot":[0.0,0.0,0.0],"CombineKey":0}}]}
skygarden	1	4010	800002	1	1	1	0.0	0	0.0	0	{"CompleteActionList":[{"ActionType":16000,"Params":{"$type":"XConfigLevelActionParamsPlayDrama","DramaName":"DramaNPC9000018","ReferencePos":[0.0,0.0,0.0],"ReferenceRot":[0.0,0.0,0.0],"CombineKey":0}}]}
skygarden	1	4010	800003	1	1	1	0.0	0	0.0	0	{"CompleteActionList":[{"ActionType":16000,"Params":{"$type":"XConfigLevelActionParamsPlayDrama","DramaName":"DramaNPC9000019","ReferencePos":[0.0,0.0,0.0],"ReferenceRot":[0.0,0.0,0.0],"CombineKey":0}}]}
skygarden	1	4010	800064	1	1	1	0.0	0	0.0	0	{"CompleteActionList":[{"ActionType":16000,"Params":{"$type":"XConfigLevelActionParamsPlayDrama","DramaName":"DramaNPC9000105","ReferencePos":[0.0,0.0,0.0],"ReferenceRot":[0.0,0.0,0.0],"CombineKey":0}}]}
skygarden	1	4010	800073	1	1	1	0.0	0	0.0	0	{"CompleteActionList":[{"ActionType":16000,"Params":{"$type":"XConfigLevelActionParamsPlayDrama","DramaName":"DramaNPC9000214","ReferencePos":[0.0,0.0,0.0],"ReferenceRot":[0.0,0.0,0.0],"CombineKey":0}}]}
skygarden	1	4010	800074	1	1	1	0.0	0	0.0	0	{"CompleteActionList":[{"ActionType":16000,"Params":{"$type":"XConfigLevelActionParamsPlayDrama","DramaName":"DramaNPC9000118","ReferencePos":[0.0,0.0,0.0],"ReferenceRot":[0.0,0.0,0.0],"CombineKey":0}}]}
skygarden	1	4010	800075	1	1	1	0.0	0	0.0	0	{"CompleteActionList":[{"ActionType":16000,"Params":{"$type":"XConfigLevelActionParamsPlayDrama","DramaName":"DramaNPC9000117","ReferencePos":[0.0,0.0,0.0],"ReferenceRot":[0.0,0.0,0.0],"CombineKey":0}}]}
skygarden	1	4010	800076	1	1	1	0.0	0	0.0	0	{"CompleteActionList":[{"ActionType":16000,"Params":{"$type":"XConfigLevelActionParamsPlayDrama","DramaName":"DramaNPC9000025","ReferencePos":[0.0,0.0,0.0],"ReferenceRot":[0.0,0.0,0.0],"CombineKey":0}}]}
skygarden	1	4010	800077	1	1	1	0.0	0	0.0	0	{"CompleteActionList":[{"ActionType":16000,"Params":{"$type":"XConfigLevelActionParamsPlayDrama","DramaName":"DramaNPCBianca8000101","ReferencePos":[0.0,0.0,0.0],"ReferenceRot":[0.0,0.0,0.0],"CombineKey":0}}]}
skygarden	1	4010	800078	1	1	1	0.0	0	0.0	0	{"CompleteActionList":[{"ActionType":16000,"Params":{"$type":"XConfigLevelActionParamsPlayDrama","DramaName":"DramaNPCKarenina8000102","ReferencePos":[0.0,0.0,0.0],"ReferenceRot":[0.0,0.0,0.0],"CombineKey":0}}]}
skygarden	1	4010	800080	1	1	1	0.0	0	0.0	0	{"CompleteActionList":[{"ActionType":16000,"Params":{"$type":"XConfigLevelActionParamsPlayDrama","DramaName":"DramaNPCVera8000105","ReferencePos":[0.0,0.0,0.0],"ReferenceRot":[0.0,0.0,0.0],"CombineKey":0}}]}
skygarden	1	4010	800081	1	1	1	0.0	0	0.0	0	{"CompleteActionList":[{"ActionType":16000,"Params":{"$type":"XConfigLevelActionParamsPlayDrama","DramaName":"DramaNPCLucia8000106","ReferencePos":[0.0,0.0,0.0],"ReferenceRot":[0.0,0.0,0.0],"CombineKey":0}}]}
skygarden	1	4010	800085	1	1	1	0.0	0	0.0	0	{"CompleteActionList":[{"ActionType":16000,"Params":{"$type":"XConfigLevelActionParamsPlayDrama","DramaName":"DramaNPCLiv8000109","ReferencePos":[0.0,0.0,0.0],"ReferenceRot":[0.0,0.0,0.0],"CombineKey":0}}]}
skygarden	1	4010	800091	1	1	1	0.0	0	0.0	0	{"CompleteActionList":[{"ActionType":16000,"Params":{"$type":"XConfigLevelActionParamsPlayDrama","DramaName":"DramaNPCSelena8000104","ReferencePos":[0.0,0.0,0.0],"ReferenceRot":[0.0,0.0,0.0],"CombineKey":0}}]}
skygarden	1	4010	800124	1	1	1	0.0	0	0.0	0	{"CompleteActionList":[{"ActionType":16000,"Params":{"$type":"XConfigLevelActionParamsPlayDrama","DramaName":"DramaNPCLee8000103","ReferencePos":[0.0,0.0,0.0],"ReferenceRot":[0.0,0.0,0.0],"CombineKey":0}}]}
skygarden	1	4010	800125	1	1	1	0.0	0	0.0	0	{"CompleteActionList":[{"ActionType":16000,"Params":{"$type":"XConfigLevelActionParamsPlayDrama","DramaName":"DramaNPCQu8000107","ReferencePos":[0.0,0.0,0.0],"ReferenceRot":[0.0,0.0,0.0],"CombineKey":0}}]}
skygarden	1	4010	800126	1	1	1	0.0	0	0.0	0	
skygarden	1	4010	800127	1	1	1	0.0	0	0.0	0	{"CompleteActionList":[{"ActionType":16000,"Params":{"$type":"XConfigLevelActionParamsPlayDrama","DramaName":"DramaNPCNanami8000108","ReferencePos":[0.0,0.0,0.0],"ReferenceRot":[0.0,0.0,0.0],"CombineKey":0}}]}
skygarden	2	4034	1100002	1	1	1	0.0	0	0.0	0	{"LevelConditionGroup":{"_condCommanderGenderTypeCache":null,"ConditionLists":[{"Conditions":[{"name":"","hideFlags":0,"CondType":2,"Params":{"$type":"XConfigLevelConditionParamsCheckQuestObjectiveComplete","name":"","hideFlags":0,"QuestObjectiveId":40340106,"CheckExitAsComplete":false},"InvertResult":false,"TipDescId":null}],"LogicOp":0}],"LogicOp":0}}
skygarden	2	4034	1100005	1	8	1	0.0	0	0.0	0	{"CompleteActionList":[{"ActionType":16001,"Params":{"$type":"XConfigLevelActionParamsPlayDramaCaption","DramaCaptionName":"Caption100325","WaitComplete":false,"IsSequentialJob":false}}]}
skygarden	2	4034	1100006	1	15	1	0.0	0	0.0	0	{"CompleteActionList":[{"ActionType":16008,"Params":{"$type":"XConfigLevelActionParamsPlaySound3D","CueId":5500109,"ActorType":2,"PlaceId":1100006}}]}
skygarden	2	4034	1100006	2	15	1	0.0	0	0.0	0	{"CompleteActionList":[{"ActionType":16008,"Params":{"$type":"XConfigLevelActionParamsPlaySound3D","CueId":5500109,"ActorType":2,"PlaceId":1100006}}]}
skygarden	1	4034	1100015	1	1	1	0.0	0	0.0	0	{"CompleteActionList":[{"ActionType":16000,"Params":{"$type":"XConfigLevelActionParamsPlayDrama","DramaName":"Drama_1002_026","ReferencePos":[0.0,0.0,0.0],"ReferenceRot":[0.0,0.0,0.0],"CombineKey":0}}]}
skygarden	2	4036	1200001	1	5	1	0.0	0	0.0	0	
skygarden	2	4036	1200014	1	8	1	0.0	0	0.0	0	{"CompleteActionList":[{"ActionType":16001,"Params":{"$type":"XConfigLevelActionParamsPlayDramaCaption","DramaCaptionName":"Caption100325","WaitComplete":false,"IsSequentialJob":false}}]}
skygarden	2	4036	1200015	1	8	1	0.0	0	0.0	0	{"CompleteActionList":[{"ActionType":16001,"Params":{"$type":"XConfigLevelActionParamsPlayDramaCaption","DramaCaptionName":"Caption100325","WaitComplete":false,"IsSequentialJob":false}}]}
skygarden	1	4037	2500002	1	1	1	0.0	0	0.0	0	
skygarden	2	4038	2600001	1	1	1	0.0	1	0.0	0	
skygarden	2	4038	2600001	2	1	1	0.0	1	0.0	0	
skygarden	1	4038	2600001	1	1	1	0.0	0	0.0	0	
skygarden	1	4038	2600002	1	1	1	0.0	0	0.0	0	
skygarden	1	4038	2600002	2	1	1	0.0	0	0.0	0	
skygarden	2	4040	3700009	1	1	1	0.0	0	0.0	0	{"CompleteActionList":[{"ActionType":20000,"Params":{"$type":"XConfigLevelActionParamsTeleportPlayer","Position":[387.39410400390625,211.47320556640625,173.1024932861328],"Rotation":[0.0,-90.0,0.0],"WithBlackScreen":true,"ScreenEffectId":300017,"BlackScreenEnterDuration":0.5,"BlackScreenExitDuration":0.5,"ShowEffect":false,"ResetCamera":true}}]}
skygarden	2	4040	3700010	1	1	1	0.0	0	0.0	0	{"CompleteActionList":[{"ActionType":20000,"Params":{"$type":"XConfigLevelActionParamsTeleportPlayer","Position":[353.8929138183594,285.8900146484375,199.72760009765625],"Rotation":[0.0,-90.0,0.0],"WithBlackScreen":true,"ScreenEffectId":300017,"BlackScreenEnterDuration":0.5,"BlackScreenExitDuration":0.5,"ShowEffect":false,"ResetCamera":true}}]}
skygarden	2	4040	3700025	1	1	1	0.0	0	0.0	0	{"CompleteActionList":[{"ActionType":16000,"Params":{"$type":"XConfigLevelActionParamsPlayDrama","DramaName":"Drama_2015_008","ReferencePos":[0.0,0.0,0.0],"ReferenceRot":[0.0,0.0,0.0],"CombineKey":0}}]}
skygarden	1	4040	3700014	1	1	1	0.0	0	0.0	0	
skygarden	1	4040	3700030	1	1	1	0.0	1	0.0	0	
skygarden	1	4040	3700030	2	1	1	0.0	1	0.0	0	
skygarden	1	4040	3700030	4	1	1	0.0	1	0.0	0	
skygarden	2	4041	3400001	1	1	1	0.0	0	0.0	0	{"CompleteActionList":[{"ActionType":20000,"Params":{"$type":"XConfigLevelActionParamsTeleportPlayer","Position":[382.3197937011719,211.47320556640625,173.1634063720703],"Rotation":[0.0,287.93328857421875,0.0],"WithBlackScreen":true,"ScreenEffectId":300011,"BlackScreenEnterDuration":1.0,"BlackScreenExitDuration":1.0,"ShowEffect":true,"ResetCamera":true}}]}
skygarden	2	4041	3400002	1	1	1	0.0	0	0.0	0	
skygarden	2	4041	3400003	1	1	1	0.0	0	0.0	0	{"CompleteActionList":[{"ActionType":20000,"Params":{"$type":"XConfigLevelActionParamsTeleportPlayer","Position":[377.17999267578125,126.51000213623047,162.02000427246094],"Rotation":null,"WithBlackScreen":true,"ScreenEffectId":300011,"BlackScreenEnterDuration":1.0,"BlackScreenExitDuration":1.0,"ShowEffect":true,"ResetCamera":true}}]}
skygarden	2	4044	4100002	1	1	1	0.0	0	0.0	0	
skygarden	1	4044	4100004	1	1	1	0.0	0	0.0	0	{"CompleteActionList":[{"ActionType":16000,"Params":{"$type":"XConfigLevelActionParamsPlayDrama","DramaName":"DramaNPC2100003","ReferencePos":[0.0,0.0,0.0],"ReferenceRot":[0.0,0.0,0.0],"CombineKey":0}}]}
skygarden	1	4044	4100005	1	1	1	0.0	0	0.0	0	{"CompleteActionList":[{"ActionType":16000,"Params":{"$type":"XConfigLevelActionParamsPlayDrama","DramaName":"DramaNPC2100005","ReferencePos":[0.0,0.0,0.0],"ReferenceRot":[0.0,0.0,0.0],"CombineKey":0}}]}
skygarden	1	4044	4100006	1	1	1	0.0	0	0.0	0	{"CompleteActionList":[{"ActionType":16000,"Params":{"$type":"XConfigLevelActionParamsPlayDrama","DramaName":"DramaNPC2100006","ReferencePos":[0.0,0.0,0.0],"ReferenceRot":[0.0,0.0,0.0],"CombineKey":0}}]}
skygarden	1	4044	4100009	1	1	1	0.0	0	0.0	0	{"CompleteActionList":[{"ActionType":16000,"Params":{"$type":"XConfigLevelActionParamsPlayDrama","DramaName":"DramaNPC2100007","ReferencePos":[0.0,0.0,0.0],"ReferenceRot":[0.0,0.0,0.0],"CombineKey":0}}]}
skygarden	1	4044	4100011	1	1	1	0.0	0	0.0	0	{"CompleteActionList":[{"ActionType":16000,"Params":{"$type":"XConfigLevelActionParamsPlayDrama","DramaName":"DramaNPC2100010","ReferencePos":[0.0,0.0,0.0],"ReferenceRot":[0.0,0.0,0.0],"CombineKey":0}}]}
skygarden	1	4044	4100014	1	1	1	0.0	0	0.0	0	{"CompleteActionList":[{"ActionType":16000,"Params":{"$type":"XConfigLevelActionParamsPlayDrama","DramaName":"DramaNPC2100014","ReferencePos":[0.0,0.0,0.0],"ReferenceRot":[0.0,0.0,0.0],"CombineKey":0}}]}
skygarden	1	4044	4100018	1	1	1	0.0	0	0.0	0	{"CompleteActionList":[{"ActionType":16000,"Params":{"$type":"XConfigLevelActionParamsPlayDrama","DramaName":"DramaNPC2100018","ReferencePos":[0.0,0.0,0.0],"ReferenceRot":[0.0,0.0,0.0],"CombineKey":0}}]}
skygarden	2	5001	1100001	1	15	1	0.0	0	0.0	0	
skygarden	2	5001	1100002	1	15	1	0.0	0	0.0	0	
skygarden	2	5001	1100005	1	15	1	0.0	0	0.0	0	
skygarden	2	5001	1100005	2	15	1	0.0	0	0.0	0	
skygarden	2	5001	1100004	1	1	1	0.0	0	0.0	0	{"CompleteActionList":[{"ActionType":19004,"Params":{"$type":"XConfigLevelActionParamsSwitchLevel","NextLevelId":4001,"Position":[574.739990234375,190.63999938964844,1073.5999755859375],"Rotation":[0.0,30.0,0.0]}}]}
skygarden	2	5001	1100025	1	5	1	0.0	0	0.0	0	{"LevelConditionGroup":{"_condCommanderGenderTypeCache":null,"ConditionLists":[{"Conditions":[{"name":"","hideFlags":0,"CondType":7,"Params":{"$type":"XConfigLevelConditionParamsCheckQuestComplete","name":"","hideFlags":0,"QuestId":7003},"InvertResult":false,"TipDescId":null}],"LogicOp":0}],"LogicOp":0},"CompleteActionList":[{"ActionType":19004,"Params":{"$type":"XConfigLevelActionParamsSwitchLevel","NextLevelId":6001,"Position":[267.760009765625,114.08999633789062,207.55999755859375],"Rotation":[0.0,-148.30099487304688,0.0]}}]}
skygarden	2	5001	1100026	1	1	1	0.0	0	0.0	0	{"CompleteActionList":[{"ActionType":20000,"Params":{"$type":"XConfigLevelActionParamsTeleportPlayer","Position":[353.55999755859375,223.99099731445312,911.010009765625],"Rotation":null,"WithBlackScreen":true,"ScreenEffectId":300011,"BlackScreenEnterDuration":0.5,"BlackScreenExitDuration":0.5,"ShowEffect":false,"ResetCamera":false}}]}
skygarden	2	5001	1100027	1	1	1	0.0	0	0.0	0	{"CompleteActionList":[{"ActionType":20000,"Params":{"$type":"XConfigLevelActionParamsTeleportPlayer","Position":[291.70001220703125,233.5749969482422,918.7100219726562],"Rotation":null,"WithBlackScreen":true,"ScreenEffectId":300011,"BlackScreenEnterDuration":0.5,"BlackScreenExitDuration":0.5,"ShowEffect":false,"ResetCamera":false}}]}
skygarden	2	5001	1100028	1	15	1	0.0	0	0.0	0	
skygarden	2	5001	1100028	2	15	1	0.0	0	0.0	0	
skygarden	2	5001	1100029	1	15	1	0.0	0	0.0	0	
skygarden	2	5001	1100029	2	15	1	0.0	0	0.0	0	
skygarden	2	5001	1100030	1	15	1	0.0	0	0.0	0	
skygarden	2	5001	1100030	2	15	1	0.0	0	0.0	0	
skygarden	2	5001	1100039	1	1	1	0.0	0	0.0	0	
skygarden	2	5001	1100040	1	1	1	0.0	0	0.0	0	
skygarden	2	5001	1100041	1	1	1	0.0	0	0.0	0	
skygarden	2	5001	1100042	1	1	1	0.0	0	0.0	0	
skygarden	2	5001	1100043	1	1	1	0.0	0	0.0	0	
skygarden	2	5001	1100044	1	1	1	0.0	0	0.0	0	
skygarden	2	5001	1100045	1	1	1	0.0	0	0.0	0	
skygarden	2	5001	1100046	1	1	1	0.0	0	0.0	0	
skygarden	2	5001	1100047	1	1	1	0.0	0	0.0	0	
skygarden	2	5001	1100048	1	1	1	0.0	0	0.0	0	
skygarden	2	5001	1100049	1	1	1	0.0	0	0.0	0	
skygarden	2	5001	1100049	2	1	1	0.0	1	10.0	0	{"LevelConditionGroup":{"_condCommanderGenderTypeCache":null,"ConditionLists":[{"Conditions":[{"name":"","hideFlags":0,"CondType":5,"Params":{"$type":"XConfigLevelConditionParamsCheckTreasureBoxCollected","name":"","hideFlags":0,"OnlyCurrentRegion":true,"RemainingCount":0,"CompareType":2},"InvertResult":false,"TipDescId":null}],"LogicOp":0}],"LogicOp":0},"CompleteActionList":[{"ActionType":20003,"Params":{"$type":"XConfigLevelActionParamsTreasureBoxScanAbility","ScanConfigId":4,"EnableMask":true,"MaskMatchType":0,"ScanMask":5}}]}
skygarden	2	5001	1100049	3	1	1	0.0	0	0.0	0	{"LevelConditionGroup":{"_condCommanderGenderTypeCache":null,"ConditionLists":[{"Conditions":[{"name":"","hideFlags":0,"CondType":5,"Params":{"$type":"XConfigLevelConditionParamsCheckTreasureBoxCollected","name":"","hideFlags":0,"OnlyCurrentRegion":true,"RemainingCount":0,"CompareType":5},"InvertResult":false,"TipDescId":null}],"LogicOp":0}],"LogicOp":0},"CompleteActionList":[{"ActionType":16001,"Params":{"$type":"XConfigLevelActionParamsPlayDramaCaption","DramaCaptionName":"Caption302015","WaitComplete":false,"IsSequentialJob":false}}]}
skygarden	2	5001	1100050	1	1	1	0.0	0	0.0	0	
skygarden	2	5001	1100050	2	1	1	0.0	1	10.0	0	{"LevelConditionGroup":{"_condCommanderGenderTypeCache":null,"ConditionLists":[{"Conditions":[{"name":"","hideFlags":0,"CondType":5,"Params":{"$type":"XConfigLevelConditionParamsCheckTreasureBoxCollected","name":"","hideFlags":0,"OnlyCurrentRegion":true,"RemainingCount":0,"CompareType":2},"InvertResult":false,"TipDescId":null}],"LogicOp":0}],"LogicOp":0},"CompleteActionList":[{"ActionType":20003,"Params":{"$type":"XConfigLevelActionParamsTreasureBoxScanAbility","ScanConfigId":4,"EnableMask":true,"MaskMatchType":0,"ScanMask":4}}]}
skygarden	2	5001	1100050	3	1	1	0.0	0	0.0	0	{"LevelConditionGroup":{"_condCommanderGenderTypeCache":null,"ConditionLists":[{"Conditions":[{"name":"","hideFlags":0,"CondType":5,"Params":{"$type":"XConfigLevelConditionParamsCheckTreasureBoxCollected","name":"","hideFlags":0,"OnlyCurrentRegion":true,"RemainingCount":0,"CompareType":5},"InvertResult":false,"TipDescId":null}],"LogicOp":0}],"LogicOp":0},"CompleteActionList":[{"ActionType":16001,"Params":{"$type":"XConfigLevelActionParamsPlayDramaCaption","DramaCaptionName":"Caption302015","WaitComplete":false,"IsSequentialJob":false}}]}
skygarden	2	5001	1100051	1	1	1	0.0	0	0.0	0	
skygarden	2	5001	1100051	3	1	1	0.0	1	10.0	0	{"LevelConditionGroup":{"_condCommanderGenderTypeCache":null,"ConditionLists":[{"Conditions":[{"name":"","hideFlags":0,"CondType":5,"Params":{"$type":"XConfigLevelConditionParamsCheckTreasureBoxCollected","name":"","hideFlags":0,"OnlyCurrentRegion":true,"RemainingCount":0,"CompareType":2},"InvertResult":false,"TipDescId":null}],"LogicOp":0}],"LogicOp":0},"CompleteActionList":[{"ActionType":20003,"Params":{"$type":"XConfigLevelActionParamsTreasureBoxScanAbility","ScanConfigId":4,"EnableMask":true,"MaskMatchType":0,"ScanMask":3}}]}
skygarden	2	5001	1100051	4	1	1	0.0	0	0.0	0	{"LevelConditionGroup":{"_condCommanderGenderTypeCache":null,"ConditionLists":[{"Conditions":[{"name":"","hideFlags":0,"CondType":5,"Params":{"$type":"XConfigLevelConditionParamsCheckTreasureBoxCollected","name":"","hideFlags":0,"OnlyCurrentRegion":true,"RemainingCount":0,"CompareType":5},"InvertResult":false,"TipDescId":null}],"LogicOp":0}],"LogicOp":0},"CompleteActionList":[{"ActionType":16001,"Params":{"$type":"XConfigLevelActionParamsPlayDramaCaption","DramaCaptionName":"Caption302015","WaitComplete":false,"IsSequentialJob":false}}]}
skygarden	2	5001	1100052	1	1	1	0.0	0	0.0	0	
skygarden	2	5001	1100052	2	1	1	0.0	1	10.0	0	{"LevelConditionGroup":{"_condCommanderGenderTypeCache":null,"ConditionLists":[{"Conditions":[{"name":"","hideFlags":0,"CondType":5,"Params":{"$type":"XConfigLevelConditionParamsCheckTreasureBoxCollected","name":"","hideFlags":0,"OnlyCurrentRegion":true,"RemainingCount":0,"CompareType":2},"InvertResult":false,"TipDescId":null}],"LogicOp":0}],"LogicOp":0},"CompleteActionList":[{"ActionType":20003,"Params":{"$type":"XConfigLevelActionParamsTreasureBoxScanAbility","ScanConfigId":4,"EnableMask":true,"MaskMatchType":0,"ScanMask":1}}]}
skygarden	2	5001	1100052	3	1	1	0.0	0	0.0	0	{"LevelConditionGroup":{"_condCommanderGenderTypeCache":null,"ConditionLists":[{"Conditions":[{"name":"","hideFlags":0,"CondType":5,"Params":{"$type":"XConfigLevelConditionParamsCheckTreasureBoxCollected","name":"","hideFlags":0,"OnlyCurrentRegion":true,"RemainingCount":0,"CompareType":5},"InvertResult":false,"TipDescId":null}],"LogicOp":0}],"LogicOp":0},"CompleteActionList":[{"ActionType":16001,"Params":{"$type":"XConfigLevelActionParamsPlayDramaCaption","DramaCaptionName":"Caption302015","WaitComplete":false,"IsSequentialJob":false}}]}
skygarden	2	5001	1100053	1	1	1	0.0	0	0.0	0	
skygarden	2	5001	1100053	2	1	1	0.0	1	10.0	0	{"LevelConditionGroup":{"_condCommanderGenderTypeCache":null,"ConditionLists":[{"Conditions":[{"name":"","hideFlags":0,"CondType":5,"Params":{"$type":"XConfigLevelConditionParamsCheckTreasureBoxCollected","name":"","hideFlags":0,"OnlyCurrentRegion":true,"RemainingCount":0,"CompareType":2},"InvertResult":false,"TipDescId":null}],"LogicOp":0}],"LogicOp":0},"CompleteActionList":[{"ActionType":20003,"Params":{"$type":"XConfigLevelActionParamsTreasureBoxScanAbility","ScanConfigId":4,"EnableMask":true,"MaskMatchType":0,"ScanMask":3}}]}
skygarden	2	5001	1100053	3	1	1	0.0	0	0.0	0	{"LevelConditionGroup":{"_condCommanderGenderTypeCache":null,"ConditionLists":[{"Conditions":[{"name":"","hideFlags":0,"CondType":5,"Params":{"$type":"XConfigLevelConditionParamsCheckTreasureBoxCollected","name":"","hideFlags":0,"OnlyCurrentRegion":true,"RemainingCount":0,"CompareType":5},"InvertResult":false,"TipDescId":null}],"LogicOp":0}],"LogicOp":0},"CompleteActionList":[{"ActionType":16001,"Params":{"$type":"XConfigLevelActionParamsPlayDramaCaption","DramaCaptionName":"Caption302015","WaitComplete":false,"IsSequentialJob":false}}]}
skygarden	2	5001	1100054	1	1	1	0.0	0	0.0	0	
skygarden	2	5001	1100054	2	1	1	0.0	1	10.0	0	{"LevelConditionGroup":{"_condCommanderGenderTypeCache":null,"ConditionLists":[{"Conditions":[{"name":"","hideFlags":0,"CondType":5,"Params":{"$type":"XConfigLevelConditionParamsCheckTreasureBoxCollected","name":"","hideFlags":0,"OnlyCurrentRegion":true,"RemainingCount":0,"CompareType":2},"InvertResult":false,"TipDescId":null}],"LogicOp":0}],"LogicOp":0},"CompleteActionList":[{"ActionType":20003,"Params":{"$type":"XConfigLevelActionParamsTreasureBoxScanAbility","ScanConfigId":4,"EnableMask":true,"MaskMatchType":0,"ScanMask":0}}]}
skygarden	2	5001	1100054	3	1	1	0.0	0	0.0	0	{"LevelConditionGroup":{"_condCommanderGenderTypeCache":null,"ConditionLists":[{"Conditions":[{"name":"","hideFlags":0,"CondType":5,"Params":{"$type":"XConfigLevelConditionParamsCheckTreasureBoxCollected","name":"","hideFlags":0,"OnlyCurrentRegion":true,"RemainingCount":0,"CompareType":5},"InvertResult":false,"TipDescId":null}],"LogicOp":0}],"LogicOp":0},"CompleteActionList":[{"ActionType":16001,"Params":{"$type":"XConfigLevelActionParamsPlayDramaCaption","DramaCaptionName":"Caption302015","WaitComplete":false,"IsSequentialJob":false}}]}
skygarden	2	5001	1100061	1	15	1	0.0	0	0.0	0	
skygarden	2	5001	1100062	1	15	1	0.0	0	0.0	0	
skygarden	2	5001	1100020	1	1	1	0.0	0	0.0	0	
skygarden	1	5001	1100002	1	1	1	0.0	0	0.0	0	{"CompleteActionList":[{"ActionType":16000,"Params":{"$type":"XConfigLevelActionParamsPlayDrama","DramaName":"Drama_Vera001","ReferencePos":[0.0,0.0,0.0],"ReferenceRot":[0.0,0.0,0.0],"CombineKey":0}}]}
skygarden	1	5001	1100002	2	1	1	0.0	0	0.0	0	{"CompleteActionList":[{"ActionType":16000,"Params":{"$type":"XConfigLevelActionParamsPlayDrama","DramaName":"Drama_Vera002","ReferencePos":[0.0,0.0,0.0],"ReferenceRot":[0.0,0.0,0.0],"CombineKey":0}}]}
skygarden	1	5001	1100002	3	1	1	0.0	0	0.0	0	{"CompleteActionList":[{"ActionType":16000,"Params":{"$type":"XConfigLevelActionParamsPlayDrama","DramaName":"Drama_Vera003","ReferencePos":[0.0,0.0,0.0],"ReferenceRot":[0.0,0.0,0.0],"CombineKey":0}}]}
skygarden	1	5001	1100002	4	1	1	0.0	0	0.0	0	{"CompleteActionList":[{"ActionType":16000,"Params":{"$type":"XConfigLevelActionParamsPlayDrama","DramaName":"Drama_Vera004","ReferencePos":[0.0,0.0,0.0],"ReferenceRot":[0.0,0.0,0.0],"CombineKey":0}}]}
skygarden	2	6001	2800002	1	1	1	0.0	0	0.0	0	
skygarden	2	6001	2800003	1	1	1	0.0	0	0.0	0	
skygarden	2	6001	2800004	1	1	1	0.0	0	0.0	0	
skygarden	2	6001	2800005	1	1	1	0.0	0	0.0	0	
skygarden	2	6001	2800006	1	1	1	0.0	0	10.0	0	
skygarden	2	6001	2800006	2	1	1	0.0	1	10.0	0	{"LevelConditionGroup":{"ConditionLists":[{"Conditions":[{"CondType":5,"Params":{"$type":"XConfigLevelConditionParamsCheckTreasureBoxCollected","OnlyCurrentRegion":true,"RemainingCount":0,"CompareType":2},"InvertResult":false,"TipDescId":null}],"LogicOp":0}],"LogicOp":0},"CompleteActionList":[{"ActionType":20003,"Params":{"$type":"XConfigLevelActionParamsTreasureBoxScanAbility","ScanConfigId":4,"EnableMask":true,"MaskMatchType":0,"ScanMask":5}}]}
skygarden	2	6001	2800006	3	1	1	0.0	0	0.0	0	{"LevelConditionGroup":{"ConditionLists":[{"Conditions":[{"CondType":5,"Params":{"$type":"XConfigLevelConditionParamsCheckTreasureBoxCollected","OnlyCurrentRegion":true,"RemainingCount":0,"CompareType":5},"InvertResult":false,"TipDescId":null}],"LogicOp":0}],"LogicOp":0},"CompleteActionList":[{"ActionType":16001,"Params":{"$type":"XConfigLevelActionParamsPlayDramaCaption","DramaCaptionName":"Caption302015","WaitComplete":false,"IsSequentialJob":false}}]}
skygarden	2	6001	2800007	1	1	1	0.0	0	10.0	0	
skygarden	2	6001	2800007	2	1	1	0.0	1	10.0	0	{"LevelConditionGroup":{"ConditionLists":[{"Conditions":[{"CondType":5,"Params":{"$type":"XConfigLevelConditionParamsCheckTreasureBoxCollected","OnlyCurrentRegion":true,"RemainingCount":0,"CompareType":2},"InvertResult":false,"TipDescId":null}],"LogicOp":0}],"LogicOp":0},"CompleteActionList":[{"ActionType":20003,"Params":{"$type":"XConfigLevelActionParamsTreasureBoxScanAbility","ScanConfigId":4,"EnableMask":true,"MaskMatchType":0,"ScanMask":3}}]}
skygarden	2	6001	2800007	3	1	1	0.0	0	0.0	0	{"LevelConditionGroup":{"ConditionLists":[{"Conditions":[{"CondType":5,"Params":{"$type":"XConfigLevelConditionParamsCheckTreasureBoxCollected","OnlyCurrentRegion":true,"RemainingCount":0,"CompareType":5},"InvertResult":false,"TipDescId":null}],"LogicOp":0}],"LogicOp":0},"CompleteActionList":[{"ActionType":16001,"Params":{"$type":"XConfigLevelActionParamsPlayDramaCaption","DramaCaptionName":"Caption302015","WaitComplete":false,"IsSequentialJob":false}}]}
skygarden	2	6001	2800008	1	1	1	0.0	0	0.0	0	
skygarden	2	6001	2800009	1	1	1	0.0	0	0.0	0	
skygarden	2	6001	2800010	1	1	1	0.0	0	0.0	0	
skygarden	2	6001	2800011	1	1	1	0.0	0	0.0	0	
skygarden	2	6001	2800011	2	1	1	0.0	1	10.0	0	{"LevelConditionGroup":{"ConditionLists":[{"Conditions":[{"CondType":5,"Params":{"$type":"XConfigLevelConditionParamsCheckTreasureBoxCollected","OnlyCurrentRegion":true,"RemainingCount":0,"CompareType":2},"InvertResult":false,"TipDescId":null}],"LogicOp":0}],"LogicOp":0},"CompleteActionList":[{"ActionType":20003,"Params":{"$type":"XConfigLevelActionParamsTreasureBoxScanAbility","ScanConfigId":4,"EnableMask":true,"MaskMatchType":0,"ScanMask":5}}]}
skygarden	2	6001	2800011	3	1	1	0.0	0	0.0	0	{"LevelConditionGroup":{"ConditionLists":[{"Conditions":[{"CondType":5,"Params":{"$type":"XConfigLevelConditionParamsCheckTreasureBoxCollected","OnlyCurrentRegion":true,"RemainingCount":0,"CompareType":5},"InvertResult":false,"TipDescId":null}],"LogicOp":0}],"LogicOp":0},"CompleteActionList":[{"ActionType":16001,"Params":{"$type":"XConfigLevelActionParamsPlayDramaCaption","DramaCaptionName":"Caption302015","WaitComplete":false,"IsSequentialJob":false}}]}
skygarden	2	6001	2800012	1	1	1	0.0	0	0.0	0	
skygarden	2	6001	2800012	2	1	1	0.0	0	0.0	0	{"LevelConditionGroup":{"ConditionLists":[{"Conditions":[{"CondType":5,"Params":{"$type":"XConfigLevelConditionParamsCheckTreasureBoxCollected","OnlyCurrentRegion":true,"RemainingCount":0,"CompareType":5},"InvertResult":false,"TipDescId":null}],"LogicOp":0}],"LogicOp":0},"CompleteActionList":[{"ActionType":16001,"Params":{"$type":"XConfigLevelActionParamsPlayDramaCaption","DramaCaptionName":"Caption302015","WaitComplete":false,"IsSequentialJob":false}}]}
skygarden	2	6001	2800012	3	1	1	0.0	1	10.0	0	{"LevelConditionGroup":{"ConditionLists":[{"Conditions":[{"CondType":5,"Params":{"$type":"XConfigLevelConditionParamsCheckTreasureBoxCollected","OnlyCurrentRegion":true,"RemainingCount":0,"CompareType":2},"InvertResult":false,"TipDescId":null}],"LogicOp":0}],"LogicOp":0},"CompleteActionList":[{"ActionType":20003,"Params":{"$type":"XConfigLevelActionParamsTreasureBoxScanAbility","ScanConfigId":4,"EnableMask":true,"MaskMatchType":0,"ScanMask":6}}]}
skygarden	2	6001	2800013	1	1	1	0.0	0	10.0	0	
skygarden	2	6001	2800013	2	1	1	0.0	1	10.0	0	{"LevelConditionGroup":{"ConditionLists":[{"Conditions":[{"CondType":5,"Params":{"$type":"XConfigLevelConditionParamsCheckTreasureBoxCollected","OnlyCurrentRegion":true,"RemainingCount":0,"CompareType":2},"InvertResult":false,"TipDescId":null}],"LogicOp":0}],"LogicOp":0},"CompleteActionList":[{"ActionType":20003,"Params":{"$type":"XConfigLevelActionParamsTreasureBoxScanAbility","ScanConfigId":4,"EnableMask":true,"MaskMatchType":0,"ScanMask":1}}]}
skygarden	2	6001	2800013	3	1	1	0.0	0	0.0	0	{"LevelConditionGroup":{"ConditionLists":[{"Conditions":[{"CondType":5,"Params":{"$type":"XConfigLevelConditionParamsCheckTreasureBoxCollected","OnlyCurrentRegion":true,"RemainingCount":0,"CompareType":5},"InvertResult":false,"TipDescId":null}],"LogicOp":0}],"LogicOp":0},"CompleteActionList":[{"ActionType":16001,"Params":{"$type":"XConfigLevelActionParamsPlayDramaCaption","DramaCaptionName":"Caption302015","WaitComplete":false,"IsSequentialJob":false}}]}
skygarden	2	6001	2800014	1	1	1	0.0	0	0.0	0	
skygarden	2	6001	2800015	1	1	1	0.0	0	0.0	0	
skygarden	2	6001	2800033	1	1	1	0.0	0	0.0	0	
skygarden	2	6001	2800034	1	1	1	0.0	0	0.0	0	{"LevelConditionGroup":{"ConditionLists":[{"Conditions":[{"CondType":2,"Params":{"$type":"XConfigLevelConditionParamsCheckQuestObjectiveComplete","QuestObjectiveId":30270203,"CheckExitAsComplete":false},"InvertResult":false,"TipDescId":null}],"LogicOp":0}],"LogicOp":0},"CompleteActionList":[{"ActionType":16000,"Params":{"$type":"XConfigLevelActionParamsPlayDrama","DramaName":"Drama_effect","ReferencePos":[0.0,0.0,0.0],"ReferenceRot":[0.0,0.0,0.0],"CombineKey":0,"PlayerNpcTrialId":0}},{"ActionType":19011,"Params":{"$type":"XConfigLevelActionSkipFunction","SkipId":300101,"SkipFunctionType":2}}]}
skygarden	2	6001	2800034	2	1	1	0.0	0	0.0	0	{"LevelConditionGroup":{"ConditionLists":[{"Conditions":[{"CondType":2,"Params":{"$type":"XConfigLevelConditionParamsCheckQuestObjectiveComplete","QuestObjectiveId":30270203,"CheckExitAsComplete":false},"InvertResult":true,"TipDescId":null}],"LogicOp":0}],"LogicOp":0},"CompleteActionList":[{"ActionType":16000,"Params":{"$type":"XConfigLevelActionParamsPlayDrama","DramaName":"Drama_3027_004","ReferencePos":[0.0,0.0,0.0],"ReferenceRot":[0.0,0.0,0.0],"CombineKey":0,"PlayerNpcTrialId":0}},{"ActionType":19011,"Params":{"$type":"XConfigLevelActionSkipFunction","SkipId":300101,"SkipFunctionType":2}}]}
skygarden	2	6001	2800035	1	1	1	0.0	0	10.0	0	
skygarden	2	6001	2800035	2	1	1	0.0	1	10.0	0	{"LevelConditionGroup":{"ConditionLists":[{"Conditions":[{"CondType":5,"Params":{"$type":"XConfigLevelConditionParamsCheckTreasureBoxCollected","OnlyCurrentRegion":true,"RemainingCount":0,"CompareType":2},"InvertResult":false,"TipDescId":null}],"LogicOp":0}],"LogicOp":0},"CompleteActionList":[{"ActionType":20003,"Params":{"$type":"XConfigLevelActionParamsTreasureBoxScanAbility","ScanConfigId":4,"EnableMask":true,"MaskMatchType":0,"ScanMask":2}}]}
skygarden	2	6001	2800035	3	1	1	0.0	0	0.0	0	{"LevelConditionGroup":{"ConditionLists":[{"Conditions":[{"CondType":5,"Params":{"$type":"XConfigLevelConditionParamsCheckTreasureBoxCollected","OnlyCurrentRegion":true,"RemainingCount":0,"CompareType":5},"InvertResult":false,"TipDescId":null}],"LogicOp":0}],"LogicOp":0},"CompleteActionList":[{"ActionType":16001,"Params":{"$type":"XConfigLevelActionParamsPlayDramaCaption","DramaCaptionName":"Caption302015","WaitComplete":false,"IsSequentialJob":false}}]}
skygarden	2	7003	2900001	1	5	1	0.0	0	0.0	0	{"LevelConditionGroup":{"_condCommanderGenderTypeCache":null,"ConditionLists":[{"Conditions":[{"name":"","hideFlags":0,"CondType":2,"Params":{"$type":"XConfigLevelConditionParamsCheckQuestObjectiveComplete","name":"","hideFlags":0,"QuestObjectiveId":40420104},"InvertResult":false,"TipDescId":null}],"LogicOp":0}],"LogicOp":0}}
skygarden	2	7003	2900005	1	8	1	0.0	0	0.0	0	{"CompleteActionList":[{"ActionType":16001,"Params":{"$type":"XConfigLevelActionParamsPlayDramaCaption","DramaCaptionName":"Caption700318","WaitComplete":false,"IsSequentialJob":false}}]}
skygarden	2	7003	2900006	1	8	1	0.0	0	0.0	0	{"CompleteActionList":[{"ActionType":16001,"Params":{"$type":"XConfigLevelActionParamsPlayDramaCaption","DramaCaptionName":"Caption700318","WaitComplete":false,"IsSequentialJob":false}}]}
skygarden	2	7003	2900007	1	8	1	0.0	0	0.0	0	{"CompleteActionList":[{"ActionType":16001,"Params":{"$type":"XConfigLevelActionParamsPlayDramaCaption","DramaCaptionName":"Caption700316","WaitComplete":false,"IsSequentialJob":false}}]}
skygarden	1	7003	2900006	1	1	1	0.0	0	0.0	0	{"CompleteActionList":[{"ActionType":16000,"Params":{"$type":"XConfigLevelActionParamsPlayDrama","DramaName":"Drama_7003_028","ReferencePos":[0.0,0.0,0.0],"ReferenceRot":[0.0,0.0,0.0],"CombineKey":0}}]}
skygarden	1	7003	2900007	1	1	1	0.0	0	0.0	0	{"CompleteActionList":[{"ActionType":16000,"Params":{"$type":"XConfigLevelActionParamsPlayDrama","DramaName":"Drama_7003_029","ReferencePos":[0.0,0.0,0.0],"ReferenceRot":[0.0,0.0,0.0],"CombineKey":0}}]}
skygarden	1	7003	2900009	1	1	1	0.0	0	0.0	0	{"CompleteActionList":[{"ActionType":16000,"Params":{"$type":"XConfigLevelActionParamsPlayDrama","DramaName":"Drama_7003_027","ReferencePos":[0.0,0.0,0.0],"ReferenceRot":[0.0,0.0,0.0],"CombineKey":0}}]}
skygarden	1	7003	2900022	1	1	1	0.0	0	0.0	0	{"CompleteActionList":[{"ActionType":16000,"Params":{"$type":"XConfigLevelActionParamsPlayDrama","DramaName":"DramaNPC9000308","ReferencePos":[0.0,0.0,0.0],"ReferenceRot":[0.0,0.0,0.0],"CombineKey":0}}]}
skygarden	1	7003	2900025	1	1	1	0.0	0	0.0	0	{"CompleteActionList":[{"ActionType":16000,"Params":{"$type":"XConfigLevelActionParamsPlayDrama","DramaName":"DramaNPC9000311","ReferencePos":[0.0,0.0,0.0],"ReferenceRot":[0.0,0.0,0.0],"CombineKey":0}}]}
skygarden	2	9001	400001	1	1	1	0.0	0	0.0	0	
skygarden	2	9001	400002	1	1	1	0.0	0	0.0	0	
skygarden	1	500101	2200015	1	1	1	0.0	0	0.0	0	{"CompleteActionList":[{"ActionType":16000,"Params":{"$type":"XConfigLevelActionParamsPlayDrama","DramaName":"DramaNPC2200015","ReferencePos":[0.0,0.0,0.0],"ReferenceRot":[0.0,0.0,0.0],"CombineKey":0,"PlayerNpcTrialId":0,"CurPlayerNpcOverrideByActorName":null,"JumpToTimeSectionName":null,"TransitionToTimeSectionName":null,"IsParallelMode":false}}]}
skygarden	1	500101	2200017	1	1	1	0.0	0	0.0	0	{"CompleteActionList":[{"ActionType":16000,"Params":{"$type":"XConfigLevelActionParamsPlayDrama","DramaName":"DramaNPC2200017","ReferencePos":[0.0,0.0,0.0],"ReferenceRot":[0.0,0.0,0.0],"CombineKey":0,"PlayerNpcTrialId":0,"CurPlayerNpcOverrideByActorName":null,"JumpToTimeSectionName":null,"TransitionToTimeSectionName":null,"IsParallelMode":false}}]}
skygarden	1	500101	2200022	1	1	1	0.0	0	0.0	0	{"CompleteActionList":[{"ActionType":16000,"Params":{"$type":"XConfigLevelActionParamsPlayDrama","DramaName":"DramaNPC2200022","ReferencePos":[0.0,0.0,0.0],"ReferenceRot":[0.0,0.0,0.0],"CombineKey":0,"PlayerNpcTrialId":0,"CurPlayerNpcOverrideByActorName":null,"JumpToTimeSectionName":null,"TransitionToTimeSectionName":null,"IsParallelMode":false}}]}
skygarden	1	500101	2200032	1	1	1	0.0	0	0.0	0	
skygarden	1	500101	2200033	1	1	1	0.0	0	0.0	0	{"CompleteActionList":[{"ActionType":16008,"Params":{"$type":"XConfigLevelActionParamsPlaySound3D","CueId":5500095,"ActorType":1,"PlaceId":2200033}}]}
skygarden	1	500101	2200034	1	1	1	0.0	0	0.0	0	{"CompleteActionList":[{"ActionType":16008,"Params":{"$type":"XConfigLevelActionParamsPlaySound3D","CueId":5500093,"ActorType":1,"PlaceId":2200034}}]}
skygarden	1	500101	2200037	1	1	1	0.0	0	0.0	0	{"CompleteActionList":[{"ActionType":16008,"Params":{"$type":"XConfigLevelActionParamsPlaySound3D","CueId":5500092,"ActorType":1,"PlaceId":2200037}}]}
skygarden	1	500101	2200038	1	1	1	0.0	0	0.0	0	{"CompleteActionList":[{"ActionType":16000,"Params":{"$type":"XConfigLevelActionParamsPlayDrama","DramaName":"Drama_300903","ReferencePos":[0.0,0.0,0.0],"ReferenceRot":[0.0,0.0,0.0],"CombineKey":0,"PlayerNpcTrialId":0,"CurPlayerNpcOverrideByActorName":null,"JumpToTimeSectionName":null,"TransitionToTimeSectionName":null,"IsParallelMode":false}}]}
skygarden	1	500101	2200038	2	1	1	0.0	0	0.0	0	{"CompleteActionList":[{"ActionType":16000,"Params":{"$type":"XConfigLevelActionParamsPlayDrama","DramaName":"Drama_300902","ReferencePos":[0.0,0.0,0.0],"ReferenceRot":[0.0,0.0,0.0],"CombineKey":0,"PlayerNpcTrialId":0,"CurPlayerNpcOverrideByActorName":null,"JumpToTimeSectionName":null,"TransitionToTimeSectionName":null,"IsParallelMode":false}}]}
skygarden	1	500101	2200038	3	1	1	0.0	0	0.0	0	{"CompleteActionList":[{"ActionType":16000,"Params":{"$type":"XConfigLevelActionParamsPlayDrama","DramaName":"Drama_300901","ReferencePos":[0.0,0.0,0.0],"ReferenceRot":[0.0,0.0,0.0],"CombineKey":0,"PlayerNpcTrialId":0,"CurPlayerNpcOverrideByActorName":null,"JumpToTimeSectionName":null,"TransitionToTimeSectionName":null,"IsParallelMode":false}}]}
skygarden	1	500101	2200038	4	1	1	0.0	0	0.0	0	{"CompleteActionList":[{"ActionType":16000,"Params":{"$type":"XConfigLevelActionParamsPlayDrama","DramaName":"Drama_300904","ReferencePos":[0.0,0.0,0.0],"ReferenceRot":[0.0,0.0,0.0],"CombineKey":0,"PlayerNpcTrialId":0,"CurPlayerNpcOverrideByActorName":null,"JumpToTimeSectionName":null,"TransitionToTimeSectionName":null,"IsParallelMode":false}}]}
skygarden	2	500102	2100001	1	1	1	0.0	0	0.0	0	{"CompleteActionList":[{"ActionType":16001,"Params":{"$type":"XConfigLevelActionParamsPlayDramaCaption","DramaCaptionName":"Caption100257","WaitComplete":false,"IsSequentialJob":false}}]}
skygarden	2	500102	2100002	1	1	1	0.0	0	0.0	0	{"CompleteActionList":[{"ActionType":15001,"Params":{"$type":"XConfigLevelActionParamsOpenNarrativeUI","NarrativeId":108}}]}
skygarden	2	500102	2100003	1	1	1	0.0	0	0.0	0	{"CompleteActionList":[{"ActionType":15001,"Params":{"$type":"XConfigLevelActionParamsOpenNarrativeUI","NarrativeId":109}}]}
skygarden	2	500102	2100004	1	1	1	0.0	0	0.0	0	{"CompleteActionList":[{"ActionType":15001,"Params":{"$type":"XConfigLevelActionParamsOpenNarrativeUI","NarrativeId":108}}]}
skygarden	2	500102	2100005	1	1	1	0.0	0	0.0	0	{"CompleteActionList":[{"ActionType":15001,"Params":{"$type":"XConfigLevelActionParamsOpenNarrativeUI","NarrativeId":110}}]}
skygarden	2	500102	2100006	1	1	1	0.0	0	0.0	0	{"CompleteActionList":[{"ActionType":15001,"Params":{"$type":"XConfigLevelActionParamsOpenNarrativeUI","NarrativeId":111}}]}
skygarden	2	500102	2100007	1	1	1	0.0	0	0.0	0	{"CompleteActionList":[{"ActionType":15001,"Params":{"$type":"XConfigLevelActionParamsOpenNarrativeUI","NarrativeId":112}}]}
skygarden	2	500102	2100007	2	1	1	0.0	0	0.0	0	{"CompleteActionList":[{"ActionType":15001,"Params":{"$type":"XConfigLevelActionParamsOpenNarrativeUI","NarrativeId":113}}]}
skygarden	2	500102	2100007	3	1	1	0.0	0	0.0	0	{"CompleteActionList":[{"ActionType":15001,"Params":{"$type":"XConfigLevelActionParamsOpenNarrativeUI","NarrativeId":114}}]}
skygarden	1	500102	2100004	1	1	1	0.0	0	0.0	0	{"CompleteActionList":[{"ActionType":16000,"Params":{"$type":"XConfigLevelActionParamsPlayDrama","DramaName":"DramaNPC2100003","ReferencePos":[0.0,0.0,0.0],"ReferenceRot":[0.0,0.0,0.0],"CombineKey":0}}]}
skygarden	1	500102	2100005	1	1	1	0.0	0	0.0	0	{"CompleteActionList":[{"ActionType":16000,"Params":{"$type":"XConfigLevelActionParamsPlayDrama","DramaName":"DramaNPC2100005","ReferencePos":[0.0,0.0,0.0],"ReferenceRot":[0.0,0.0,0.0],"CombineKey":0}}]}
skygarden	1	500102	2100006	1	1	1	0.0	0	0.0	0	{"CompleteActionList":[{"ActionType":16000,"Params":{"$type":"XConfigLevelActionParamsPlayDrama","DramaName":"DramaNPC2100006","ReferencePos":[0.0,0.0,0.0],"ReferenceRot":[0.0,0.0,0.0],"CombineKey":0}}]}
skygarden	1	500102	2100009	1	1	1	0.0	0	0.0	0	{"CompleteActionList":[{"ActionType":16000,"Params":{"$type":"XConfigLevelActionParamsPlayDrama","DramaName":"DramaNPC2100007","ReferencePos":[0.0,0.0,0.0],"ReferenceRot":[0.0,0.0,0.0],"CombineKey":0}}]}
skygarden	1	500102	2100011	1	1	1	0.0	0	0.0	0	{"CompleteActionList":[{"ActionType":16000,"Params":{"$type":"XConfigLevelActionParamsPlayDrama","DramaName":"DramaNPC2100010","ReferencePos":[0.0,0.0,0.0],"ReferenceRot":[0.0,0.0,0.0],"CombineKey":0}}]}
skygarden	1	500102	2100014	1	1	1	0.0	0	0.0	0	{"CompleteActionList":[{"ActionType":16000,"Params":{"$type":"XConfigLevelActionParamsPlayDrama","DramaName":"DramaNPC2100014","ReferencePos":[0.0,0.0,0.0],"ReferenceRot":[0.0,0.0,0.0],"CombineKey":0}}]}
skygarden	1	500102	2100018	1	1	1	0.0	0	0.0	0	{"CompleteActionList":[{"ActionType":16000,"Params":{"$type":"XConfigLevelActionParamsPlayDrama","DramaName":"DramaNPC2100018","ReferencePos":[0.0,0.0,0.0],"ReferenceRot":[0.0,0.0,0.0],"CombineKey":0}}]}
skygarden	2	500103	2300001	1	1	1	0.0	0	0.0	0	{"CompleteActionList":[{"ActionType":15001,"Params":{"$type":"XConfigLevelActionParamsOpenNarrativeUI","NarrativeId":118}}]}
skygarden	2	500103	2300002	1	1	1	0.0	0	0.0	0	{"CompleteActionList":[{"ActionType":15001,"Params":{"$type":"XConfigLevelActionParamsOpenNarrativeUI","NarrativeId":119}}]}
skygarden	2	500103	2300003	1	1	1	0.0	0	0.0	0	{"CompleteActionList":[{"ActionType":15001,"Params":{"$type":"XConfigLevelActionParamsOpenNarrativeUI","NarrativeId":120}}]}
skygarden	2	500103	2300004	1	1	1	0.0	0	0.0	0	{"CompleteActionList":[{"ActionType":15001,"Params":{"$type":"XConfigLevelActionParamsOpenNarrativeUI","NarrativeId":116}}]}
skygarden	2	500103	2300005	1	1	1	0.0	0	0.0	0	{"CompleteActionList":[{"ActionType":15001,"Params":{"$type":"XConfigLevelActionParamsOpenNarrativeUI","NarrativeId":117}}]}
skygarden	1	500103	2300001	1	1	1	0.0	0	0.0	0	{"CompleteActionList":[{"ActionType":16000,"Params":{"$type":"XConfigLevelActionParamsPlayDrama","DramaName":"DramaNpc2300001","ReferencePos":[0.0,0.0,0.0],"ReferenceRot":[0.0,0.0,0.0],"CombineKey":0}}]}
skygarden	1	500103	2300002	1	1	1	0.0	0	0.0	0	{"CompleteActionList":[{"ActionType":16000,"Params":{"$type":"XConfigLevelActionParamsPlayDrama","DramaName":"DramaNpc2300002","ReferencePos":[0.0,0.0,0.0],"ReferenceRot":[0.0,0.0,0.0],"CombineKey":0}}]}
skygarden	1	500103	2300008	1	1	1	0.0	0	0.0	0	{"CompleteActionList":[{"ActionType":16000,"Params":{"$type":"XConfigLevelActionParamsPlayDrama","DramaName":"DramaNpc2300008","ReferencePos":[0.0,0.0,0.0],"ReferenceRot":[0.0,0.0,0.0],"CombineKey":0}}]}
skygarden	1	500103	2300012	2	1	1	0.0	0	0.0	0	{"CompleteActionList":[{"ActionType":16000,"Params":{"$type":"XConfigLevelActionParamsPlayDrama","DramaName":"DramaNpc2300012","ReferencePos":[0.0,0.0,0.0],"ReferenceRot":[0.0,0.0,0.0],"CombineKey":0}}]}
skygarden	1	500103	2300016	1	1	1	0.0	0	0.0	0	{"CompleteActionList":[{"ActionType":16000,"Params":{"$type":"XConfigLevelActionParamsPlayDrama","DramaName":"DramaNpc2300016","ReferencePos":[0.0,0.0,0.0],"ReferenceRot":[0.0,0.0,0.0],"CombineKey":0}}]}
skygarden	2	500105	1900001	1	8	1	0.0	0	0.0	0	{"CompleteActionList":[{"ActionType":16001,"Params":{"$type":"XConfigLevelActionParamsPlayDramaCaption","DramaCaptionName":"Caption900301","WaitComplete":false,"IsSequentialJob":false}}]}
skygarden	2	500105	1900002	1	8	1	0.0	0	0.0	0	{"CompleteActionList":[{"ActionType":16001,"Params":{"$type":"XConfigLevelActionParamsPlayDramaCaption","DramaCaptionName":"Caption900302","WaitComplete":false,"IsSequentialJob":false}}]}
skygarden	2	500105	1900003	1	8	1	0.0	0	0.0	0	{"CompleteActionList":[{"ActionType":16001,"Params":{"$type":"XConfigLevelActionParamsPlayDramaCaption","DramaCaptionName":"Caption900303","WaitComplete":false,"IsSequentialJob":false}}]}
skygarden	2	500105	1900004	1	8	1	0.0	0	0.0	0	{"CompleteActionList":[{"ActionType":16001,"Params":{"$type":"XConfigLevelActionParamsPlayDramaCaption","DramaCaptionName":"Caption900304","WaitComplete":false,"IsSequentialJob":false}}]}
skygarden	2	500105	1900005	1	8	1	0.0	0	0.0	0	{"CompleteActionList":[{"ActionType":16001,"Params":{"$type":"XConfigLevelActionParamsPlayDramaCaption","DramaCaptionName":"Caption900305","WaitComplete":false,"IsSequentialJob":false}}]}
skygarden	2	500105	1900006	1	8	1	0.0	0	0.0	0	{"CompleteActionList":[{"ActionType":16001,"Params":{"$type":"XConfigLevelActionParamsPlayDramaCaption","DramaCaptionName":"Caption900306","WaitComplete":false,"IsSequentialJob":false}}]}
skygarden	2	500105	1900007	1	8	1	0.0	0	0.0	0	{"CompleteActionList":[{"ActionType":16001,"Params":{"$type":"XConfigLevelActionParamsPlayDramaCaption","DramaCaptionName":"Caption900307","WaitComplete":false,"IsSequentialJob":false}}]}
skygarden	2	500105	1900008	1	8	1	0.0	0	0.0	0	{"CompleteActionList":[{"ActionType":16001,"Params":{"$type":"XConfigLevelActionParamsPlayDramaCaption","DramaCaptionName":"Caption900309","WaitComplete":false,"IsSequentialJob":false}}]}
skygarden	2	500105	1900010	1	8	1	0.0	0	0.0	0	{"CompleteActionList":[{"ActionType":15001,"Params":{"$type":"XConfigLevelActionParamsOpenNarrativeUI","NarrativeId":44}}]}
skygarden	2	500105	1900011	1	8	1	0.0	0	0.0	0	{"CompleteActionList":[{"ActionType":15001,"Params":{"$type":"XConfigLevelActionParamsOpenNarrativeUI","NarrativeId":45}}]}
skygarden	2	500105	1900013	1	8	1	0.0	0	0.0	0	{"CompleteActionList":[{"ActionType":15001,"Params":{"$type":"XConfigLevelActionParamsOpenNarrativeUI","NarrativeId":46}}]}
skygarden	2	500105	1900015	1	8	1	0.0	0	0.0	0	{"CompleteActionList":[{"ActionType":15001,"Params":{"$type":"XConfigLevelActionParamsOpenNarrativeUI","NarrativeId":47}}]}
skygarden	2	500105	1900017	1	8	1	0.0	0	0.0	0	{"CompleteActionList":[{"ActionType":15001,"Params":{"$type":"XConfigLevelActionParamsOpenNarrativeUI","NarrativeId":48}}]}
skygarden	2	500105	1900018	1	8	1	0.0	0	0.0	0	{"CompleteActionList":[{"ActionType":16001,"Params":{"$type":"XConfigLevelActionParamsPlayDramaCaption","DramaCaptionName":"Caption100318","WaitComplete":false,"IsSequentialJob":false}}]}
skygarden	1	500105	1900001	1	1	1	0.0	0	0.0	0	{"CompleteActionList":[{"ActionType":16000,"Params":{"$type":"XConfigLevelActionParamsPlayDrama","DramaName":"DramaNPC9000301","ReferencePos":[0.0,0.0,0.0],"ReferenceRot":[0.0,0.0,0.0],"CombineKey":0,"PlayerNpcTrialId":0}}]}
skygarden	1	500105	1900002	1	1	1	0.0	0	0.0	0	{"CompleteActionList":[{"ActionType":16000,"Params":{"$type":"XConfigLevelActionParamsPlayDrama","DramaName":"DramaNPC9000303","ReferencePos":[0.0,0.0,0.0],"ReferenceRot":[0.0,0.0,0.0],"CombineKey":0,"PlayerNpcTrialId":0}}]}
skygarden	1	500105	1900003	1	1	1	0.0	0	0.0	0	{"CompleteActionList":[{"ActionType":16000,"Params":{"$type":"XConfigLevelActionParamsPlayDrama","DramaName":"DramaNPC9000305","ReferencePos":[0.0,0.0,0.0],"ReferenceRot":[0.0,0.0,0.0],"CombineKey":0,"PlayerNpcTrialId":0}}]}
skygarden	1	500105	1900004	1	1	1	0.0	0	0.0	0	{"CompleteActionList":[{"ActionType":16000,"Params":{"$type":"XConfigLevelActionParamsPlayDrama","DramaName":"DramaNPC9000304","ReferencePos":[0.0,0.0,0.0],"ReferenceRot":[0.0,0.0,0.0],"CombineKey":0,"PlayerNpcTrialId":0}}]}
skygarden	1	500105	1900005	1	1	1	0.0	0	0.0	0	{"CompleteActionList":[{"ActionType":16000,"Params":{"$type":"XConfigLevelActionParamsPlayDrama","DramaName":"DramaNPC9000306","ReferencePos":[0.0,0.0,0.0],"ReferenceRot":[0.0,0.0,0.0],"CombineKey":0,"PlayerNpcTrialId":0}}]}
skygarden	1	500105	1900006	1	1	1	0.0	0	0.0	0	{"CompleteActionList":[{"ActionType":16000,"Params":{"$type":"XConfigLevelActionParamsPlayDrama","DramaName":"DramaNPC9000307","ReferencePos":[0.0,0.0,0.0],"ReferenceRot":[0.0,0.0,0.0],"CombineKey":0,"PlayerNpcTrialId":0}}]}
skygarden	1	500105	1900007	1	1	1	0.0	0	0.0	0	{"CompleteActionList":[{"ActionType":16000,"Params":{"$type":"XConfigLevelActionParamsPlayDrama","DramaName":"DramaNPC9000308","ReferencePos":[0.0,0.0,0.0],"ReferenceRot":[0.0,0.0,0.0],"CombineKey":0,"PlayerNpcTrialId":0}}]}
skygarden	1	500105	1900008	1	1	1	0.0	0	0.0	0	{"CompleteActionList":[{"ActionType":16000,"Params":{"$type":"XConfigLevelActionParamsPlayDrama","DramaName":"DramaNPC9000309","ReferencePos":[0.0,0.0,0.0],"ReferenceRot":[0.0,0.0,0.0],"CombineKey":0,"PlayerNpcTrialId":0}}]}
skygarden	1	500105	1900009	1	1	1	0.0	0	0.0	0	{"CompleteActionList":[{"ActionType":16000,"Params":{"$type":"XConfigLevelActionParamsPlayDrama","DramaName":"DramaNPC9000310","ReferencePos":[0.0,0.0,0.0],"ReferenceRot":[0.0,0.0,0.0],"CombineKey":0,"PlayerNpcTrialId":0}}]}
skygarden	1	500105	1900010	1	1	1	0.0	0	0.0	0	{"CompleteActionList":[{"ActionType":16000,"Params":{"$type":"XConfigLevelActionParamsPlayDrama","DramaName":"DramaNPC9000311","ReferencePos":[0.0,0.0,0.0],"ReferenceRot":[0.0,0.0,0.0],"CombineKey":0,"PlayerNpcTrialId":0}}]}
skygarden	1	500105	1900011	1	1	1	0.0	0	0.0	0	{"CompleteActionList":[{"ActionType":16000,"Params":{"$type":"XConfigLevelActionParamsPlayDrama","DramaName":"DramaNPC9000312","ReferencePos":[0.0,0.0,0.0],"ReferenceRot":[0.0,0.0,0.0],"CombineKey":0,"PlayerNpcTrialId":0}}]}
skygarden	1	500105	1900013	1	1	1	0.0	0	0.0	0	{"CompleteActionList":[{"ActionType":16000,"Params":{"$type":"XConfigLevelActionParamsPlayDrama","DramaName":"DramaNPC9000302","ReferencePos":[0.0,0.0,0.0],"ReferenceRot":[0.0,0.0,0.0],"CombineKey":0,"PlayerNpcTrialId":0}}]}
skygarden	1	500105	1900014	1	1	1	0.0	0	0.0	0	{"CompleteActionList":[{"ActionType":16000,"Params":{"$type":"XConfigLevelActionParamsPlayDrama","DramaName":"DramaNPC9000313","ReferencePos":[0.0,0.0,0.0],"ReferenceRot":[0.0,0.0,0.0],"CombineKey":0,"PlayerNpcTrialId":0}}]}
skygarden	1	500105	1900019	1	1	1	0.0	0	0.0	0	{"CompleteActionList":[{"ActionType":16000,"Params":{"$type":"XConfigLevelActionParamsPlayDrama","DramaName":"DramaNPC9000314","ReferencePos":[0.0,0.0,0.0],"ReferenceRot":[0.0,0.0,0.0],"CombineKey":0,"PlayerNpcTrialId":0}}]}
skygarden	1	500105	1900077	1	1	1	0.0	0	0.0	0	{"CompleteActionList":[{"ActionType":16000,"Params":{"$type":"XConfigLevelActionParamsPlayDrama","DramaName":"Drama_301001","ReferencePos":[0.0,0.0,0.0],"ReferenceRot":[0.0,0.0,0.0],"CombineKey":0,"PlayerNpcTrialId":0}}]}
skygarden	1	500105	1900077	2	1	1	0.0	0	0.0	0	{"CompleteActionList":[{"ActionType":16000,"Params":{"$type":"XConfigLevelActionParamsPlayDrama","DramaName":"Drama_301002","ReferencePos":[0.0,0.0,0.0],"ReferenceRot":[0.0,0.0,0.0],"CombineKey":0,"PlayerNpcTrialId":0}}]}
skygarden	1	500105	1900077	3	1	1	0.0	0	0.0	0	{"CompleteActionList":[{"ActionType":16000,"Params":{"$type":"XConfigLevelActionParamsPlayDrama","DramaName":"Drama_301003","ReferencePos":[0.0,0.0,0.0],"ReferenceRot":[0.0,0.0,0.0],"CombineKey":0,"PlayerNpcTrialId":0}}]}
skygarden	1	500105	1900077	4	1	1	0.0	0	0.0	0	{"CompleteActionList":[{"ActionType":16000,"Params":{"$type":"XConfigLevelActionParamsPlayDrama","DramaName":"Drama_301004","ReferencePos":[0.0,0.0,0.0],"ReferenceRot":[0.0,0.0,0.0],"CombineKey":0,"PlayerNpcTrialId":0}}]}
skygarden	1	500105	1900077	5	1	1	0.0	0	0.0	0	{"CompleteActionList":[{"ActionType":16000,"Params":{"$type":"XConfigLevelActionParamsPlayDrama","DramaName":"Drama_301005","ReferencePos":[0.0,0.0,0.0],"ReferenceRot":[0.0,0.0,0.0],"CombineKey":0,"PlayerNpcTrialId":0}}]}
skygarden	2	500106	2000001	1	1	1	0.0	0	0.0	0	{"LevelConditionGroup":{"_condCommanderGenderTypeCache":null,"ConditionLists":[{"Conditions":[{"name":"","hideFlags":0,"CondType":2,"Params":{"$type":"XConfigLevelConditionParamsCheckQuestObjectiveComplete","name":"","hideFlags":0,"QuestObjectiveId":20120107,"CheckExitAsComplete":false},"InvertResult":false,"TipDescId":null}],"LogicOp":0}],"LogicOp":0},"CompleteActionList":[{"ActionType":19011,"Params":{"$type":"XConfigLevelActionSkipFunction","SkipId":20031,"SkipFunctionType":2}}]}
skygarden	2	500106	2000002	1	8	1	0.0	0	0.0	0	{"CompleteActionList":[{"ActionType":15001,"Params":{"$type":"XConfigLevelActionParamsOpenNarrativeUI","NarrativeId":115}}]}
skygarden	1	500106	2000001	1	1	1	0.0	0	0.0	0	
skygarden	1	500106	2000005	1	1	1	0.0	0	0.0	0	{"CompleteActionList":[{"ActionType":16000,"Params":{"$type":"XConfigLevelActionParamsPlayDrama","DramaName":"Drama_2012_007","ReferencePos":[0.0,0.0,0.0],"ReferenceRot":[0.0,0.0,0.0],"CombineKey":0}}]}
skygarden	2	500107	2400001	1	1	1	0.0	0	0.0	0	{"CompleteActionList":[{"ActionType":15001,"Params":{"$type":"XConfigLevelActionParamsOpenNarrativeUI","NarrativeId":123}}]}
skygarden	2	500107	2400002	1	1	1	0.0	0	0.0	0	{"CompleteActionList":[{"ActionType":15001,"Params":{"$type":"XConfigLevelActionParamsOpenNarrativeUI","NarrativeId":124}}]}
skygarden	2	500107	2400003	1	1	1	0.0	0	0.0	0	{"CompleteActionList":[{"ActionType":15001,"Params":{"$type":"XConfigLevelActionParamsOpenNarrativeUI","NarrativeId":122}}]}
skygarden	2	500107	2400005	1	1	1	0.0	0	0.0	0	{"CompleteActionList":[{"ActionType":15001,"Params":{"$type":"XConfigLevelActionParamsOpenNarrativeUI","NarrativeId":121}}]}
skygarden	1	500107	2400010	1	1	1	0.0	0	0.0	0	{"CompleteActionList":[{"ActionType":16000,"Params":{"$type":"XConfigLevelActionParamsPlayDrama","DramaName":"DramaNPC2400010","ReferencePos":[0.0,0.0,0.0],"ReferenceRot":[0.0,0.0,0.0],"CombineKey":0}}]}
skygarden	1	500107	2400011	1	1	1	0.0	0	0.0	0	{"CompleteActionList":[{"ActionType":16000,"Params":{"$type":"XConfigLevelActionParamsPlayDrama","DramaName":"DramaNpc2400011","ReferencePos":[0.0,0.0,0.0],"ReferenceRot":[0.0,0.0,0.0],"CombineKey":0}}]}
skygarden	1	500107	2400017	1	1	1	0.0	0	0.0	0	{"CompleteActionList":[{"ActionType":16000,"Params":{"$type":"XConfigLevelActionParamsPlayDrama","DramaName":"Drama_Wanshi001","ReferencePos":[0.0,0.0,0.0],"ReferenceRot":[0.0,0.0,0.0],"CombineKey":0}}]}
skygarden	1	500107	2400017	2	1	1	0.0	0	0.0	0	{"CompleteActionList":[{"ActionType":16000,"Params":{"$type":"XConfigLevelActionParamsPlayDrama","DramaName":"Drama_Wanshi002","ReferencePos":[0.0,0.0,0.0],"ReferenceRot":[0.0,0.0,0.0],"CombineKey":0}}]}
skygarden	1	500107	2400017	3	1	1	0.0	0	0.0	0	{"CompleteActionList":[{"ActionType":16000,"Params":{"$type":"XConfigLevelActionParamsPlayDrama","DramaName":"Drama_Wanshi003","ReferencePos":[0.0,0.0,0.0],"ReferenceRot":[0.0,0.0,0.0],"CombineKey":0}}]}
skygarden	1	500107	2400017	4	1	1	0.0	0	0.0	0	{"CompleteActionList":[{"ActionType":16000,"Params":{"$type":"XConfigLevelActionParamsPlayDrama","DramaName":"Drama_Wanshi004","ReferencePos":[0.0,0.0,0.0],"ReferenceRot":[0.0,0.0,0.0],"CombineKey":0}}]}
skygarden	1	500107	2400017	5	1	1	0.0	0	0.0	0	{"CompleteActionList":[{"ActionType":16000,"Params":{"$type":"XConfigLevelActionParamsPlayDrama","DramaName":"Drama_Wanshi005","ReferencePos":[0.0,0.0,0.0],"ReferenceRot":[0.0,0.0,0.0],"CombineKey":0}}]}
skygarden	1	500107	2400017	6	1	1	0.0	0	0.0	0	{"CompleteActionList":[{"ActionType":16000,"Params":{"$type":"XConfigLevelActionParamsPlayDrama","DramaName":"Drama_Wanshi006","ReferencePos":[0.0,0.0,0.0],"ReferenceRot":[0.0,0.0,0.0],"CombineKey":0}}]}
skygarden	2	600101	3200003	1	1	1	0.0	0	0.0	0	{"CompleteActionList":[{"ActionType":16007,"Params":{"$type":"XConfigLevelActionParamsPlaySound","CueId":5500139}},{"ActionType":20000,"Params":{"$type":"XConfigLevelActionParamsTeleportPlayer","Position":[385.17999267578125,211.47999572753906,172.8699951171875],"Rotation":[0.0,-83.0,0.0],"WithBlackScreen":true,"ScreenEffectId":300016,"BlackScreenEnterDuration":0.5,"BlackScreenExitDuration":0.5,"ShowEffect":false,"ResetCamera":true}}]}
skygarden	2	600101	3200004	1	1	1	0.0	0	0.0	0	{"CompleteActionList":[{"ActionType":20000,"Params":{"$type":"XConfigLevelActionParamsTeleportPlayer","Position":[345.2799987792969,285.8699951171875,200.24000549316406],"Rotation":[0.0,10.300000190734863,0.0],"WithBlackScreen":true,"ScreenEffectId":300016,"BlackScreenEnterDuration":0.5,"BlackScreenExitDuration":0.5,"ShowEffect":false,"ResetCamera":true}}]}
skygarden	2	600101	3200004	2	1	1	0.0	0	0.0	0	{"CompleteActionList":[{"ActionType":20000,"Params":{"$type":"XConfigLevelActionParamsTeleportPlayer","Position":[377.17999267578125,126.51000213623047,162.02000427246094],"Rotation":[0.0,-89.0,0.0],"WithBlackScreen":true,"ScreenEffectId":0,"BlackScreenEnterDuration":0.0,"BlackScreenExitDuration":0.0,"ShowEffect":false,"ResetCamera":false}}]}
skygarden	2	600101	3200005	1	1	1	0.0	0	0.0	0	{"CompleteActionList":[{"ActionType":20000,"Params":{"$type":"XConfigLevelActionParamsTeleportPlayer","Position":[385.80999755859375,211.47999572753906,172.8699951171875],"Rotation":[0.0,-83.0,0.0],"WithBlackScreen":true,"ScreenEffectId":300016,"BlackScreenEnterDuration":0.5,"BlackScreenExitDuration":0.5,"ShowEffect":false,"ResetCamera":true}}]}
skygarden	2	600101	3200002	1	8	1	0.0	0	0.0	0	{"CompleteActionList":[{"ActionType":15001,"Params":{"$type":"XConfigLevelActionParamsOpenNarrativeUI","NarrativeId":139}}]}
skygarden	2	600101	3200006	1	1	1	0.0	0	0.0	0	{"CompleteActionList":[{"ActionType":20000,"Params":{"$type":"XConfigLevelActionParamsTeleportPlayer","Position":[540.1599731445312,200.02000427246094,269.0299987792969],"Rotation":[0.0,74.1050033569336,0.0],"WithBlackScreen":true,"ScreenEffectId":0,"BlackScreenEnterDuration":0.0,"BlackScreenExitDuration":0.0,"ShowEffect":false,"ResetCamera":false}}]}
skygarden	2	600101	3200009	1	8	1	0.0	0	0.0	0	{"CompleteActionList":[{"ActionType":15001,"Params":{"$type":"XConfigLevelActionParamsOpenNarrativeUI","NarrativeId":138}}]}
skygarden	2	600101	3200010	1	8	1	0.0	0	0.0	0	{"CompleteActionList":[{"ActionType":15001,"Params":{"$type":"XConfigLevelActionParamsOpenNarrativeUI","NarrativeId":137}}]}
skygarden	2	600101	3200012	1	8	1	0.0	0	0.0	0	{"CompleteActionList":[{"ActionType":15001,"Params":{"$type":"XConfigLevelActionParamsOpenNarrativeUI","NarrativeId":136}}]}
skygarden	2	600101	3200013	1	8	1	0.0	0	0.0	0	{"CompleteActionList":[{"ActionType":15001,"Params":{"$type":"XConfigLevelActionParamsOpenNarrativeUI","NarrativeId":135}}]}
skygarden	2	600101	3200014	1	8	1	0.0	0	0.0	0	{"CompleteActionList":[{"ActionType":15001,"Params":{"$type":"XConfigLevelActionParamsOpenNarrativeUI","NarrativeId":134}}]}
skygarden	2	600101	3200015	1	8	1	0.0	0	0.0	0	{"CompleteActionList":[{"ActionType":16001,"Params":{"$type":"XConfigLevelActionParamsPlayDramaCaption","DramaCaptionName":"Caption302008","WaitComplete":false,"IsSequentialJob":false}}]}
skygarden	2	600101	3200016	1	8	1	0.0	0	0.0	0	{"CompleteActionList":[{"ActionType":16000,"Params":{"$type":"XConfigLevelActionParamsPlayDrama","DramaName":"Drama60010108","ReferencePos":[0.0,0.0,0.0],"ReferenceRot":[0.0,0.0,0.0],"CombineKey":0}}]}
skygarden	2	600101	3200019	1	1	1	0.0	1	1.5	0	{"CompleteActionList":[{"ActionType":4000,"Params":{"$type":"XConfigLevelActionParamsDoSceneObjectAction","SoPlaceId":3200019,"ActionId":9024}},{"ActionType":23000,"Params":{"$type":"XConfigLevelActionParamsWaitTime","TimeSeconds":1}},{"ActionType":4000,"Params":{"$type":"XConfigLevelActionParamsDoSceneObjectAction","SoPlaceId":3200018,"ActionId":9028}}]}
skygarden	2	600101	3200019	2	1	1	0.0	1	1.5	0	{"CompleteActionList":[{"ActionType":4000,"Params":{"$type":"XConfigLevelActionParamsDoSceneObjectAction","SoPlaceId":3200018,"ActionId":9029}},{"ActionType":23000,"Params":{"$type":"XConfigLevelActionParamsWaitTime","TimeSeconds":1}},{"ActionType":4000,"Params":{"$type":"XConfigLevelActionParamsDoSceneObjectAction","SoPlaceId":3200019,"ActionId":9025}}]}
skygarden	2	600101	3200026	1	8	1	0.0	1	1.5	0	{"CompleteActionList":[{"ActionType":16008,"Params":{"$type":"XConfigLevelActionParamsPlaySound3D","CueId":5500168,"ActorType":2,"PlaceId":3200026}}]}
skygarden	1	600101	3200001	1	1	1	0.0	0	0.0	0	{"CompleteActionList":[{"ActionType":16000,"Params":{"$type":"XConfigLevelActionParamsPlayDrama","DramaName":"Drama302002","ReferencePos":[0.0,0.0,0.0],"ReferenceRot":[0.0,0.0,0.0],"CombineKey":0}}]}
skygarden	1	600101	3200004	1	1	1	0.0	0	0.0	0	{"CompleteActionList":[{"ActionType":16000,"Params":{"$type":"XConfigLevelActionParamsPlayDrama","DramaName":"Drama60010106","ReferencePos":[0.0,0.0,0.0],"ReferenceRot":[0.0,0.0,0.0],"CombineKey":0}}]}
skygarden	1	600101	3200014	1	1	1	0.0	0	0.0	0	{"CompleteActionList":[{"ActionType":16001,"Params":{"$type":"XConfigLevelActionParamsPlayDramaCaption","DramaCaptionName":"Caption302009","WaitComplete":true,"IsSequentialJob":false}}]}
skygarden	1	600101	3200016	1	1	1	0.0	0	0.0	0	{"CompleteActionList":[{"ActionType":16000,"Params":{"$type":"XConfigLevelActionParamsPlayDrama","DramaName":"Drama60010103","ReferencePos":[0.0,0.0,0.0],"ReferenceRot":[0.0,0.0,0.0],"CombineKey":0}}]}
skygarden	1	600101	3200021	1	1	1	0.0	0	0.0	0	{"CompleteActionList":[{"ActionType":16000,"Params":{"$type":"XConfigLevelActionParamsPlayDrama","DramaName":"Drama60010104","ReferencePos":[0.0,0.0,0.0],"ReferenceRot":[0.0,0.0,0.0],"CombineKey":0}}]}
skygarden	1	600101	3200023	1	1	1	0.0	0	0.0	0	{"CompleteActionList":[{"ActionType":16000,"Params":{"$type":"XConfigLevelActionParamsPlayDrama","DramaName":"Drama60010105","ReferencePos":[0.0,0.0,0.0],"ReferenceRot":[0.0,0.0,0.0],"CombineKey":0}}]}
skygarden	1	600101	3200030	1	1	1	0.0	0	0.0	0	{"CompleteActionList":[{"ActionType":16000,"Params":{"$type":"XConfigLevelActionParamsPlayDrama","DramaName":"Drama60010101","ReferencePos":[0.0,0.0,0.0],"ReferenceRot":[0.0,0.0,0.0],"CombineKey":0}}]}
skygarden	1	600101	3200033	1	1	1	0.0	0	0.0	0	{"CompleteActionList":[{"ActionType":16000,"Params":{"$type":"XConfigLevelActionParamsPlayDrama","DramaName":"Drama60010102","ReferencePos":[0.0,0.0,0.0],"ReferenceRot":[0.0,0.0,0.0],"CombineKey":0}}]}
skygarden	1	600101	3200036	1	1	1	0.0	0	0.0	0	{"CompleteActionList":[{"ActionType":16000,"Params":{"$type":"XConfigLevelActionParamsPlayDrama","DramaName":"Drama302001","ReferencePos":[0.0,0.0,0.0],"ReferenceRot":[0.0,0.0,0.0],"CombineKey":0}}]}
skygarden	1	600101	3200039	1	1	1	0.0	0	0.0	0	{"CompleteActionList":[{"ActionType":16000,"Params":{"$type":"XConfigLevelActionParamsPlayDrama","DramaName":"Drama60010107","ReferencePos":[0.0,0.0,0.0],"ReferenceRot":[0.0,0.0,0.0],"CombineKey":0}}]}
skygarden	1	600101	3200035	1	1	1	0.0	0	0.0	0	{"CompleteActionList":[{"ActionType":16000,"Params":{"$type":"XConfigLevelActionParamsPlayDrama","DramaName":"Drama302003","ReferencePos":[0.0,0.0,0.0],"ReferenceRot":[0.0,0.0,0.0],"CombineKey":0}}]}
skygarden	1	600101	3200053	1	1	1	0.0	0	0.0	0	{"CompleteActionList":[{"ActionType":16001,"Params":{"$type":"XConfigLevelActionParamsPlayDramaCaption","DramaCaptionName":"Caption302014","WaitComplete":false,"IsSequentialJob":false}},{"ActionType":19003,"Params":{"$type":"XConfigLevelActionParamsShowBigWorldTeach","TeachId":2005}}]}
skygarden	2	600102	2900001	1	8	1	0.0	0	0.0	0	{"CompleteActionList":[{"ActionType":16001,"Params":{"$type":"XConfigLevelActionParamsPlayDramaCaption","DramaCaptionName":"Caption2900001","WaitComplete":false,"IsSequentialJob":false}}]}
skygarden	2	600102	2900002	1	8	1	0.0	0	0.0	0	{"CompleteActionList":[{"ActionType":15001,"Params":{"$type":"XConfigLevelActionParamsOpenNarrativeUI","NarrativeId":133}}]}
skygarden	2	600102	2900003	1	1	1	0.0	0	0.0	0	{"CompleteActionList":[{"ActionType":20000,"Params":{"$type":"XConfigLevelActionParamsTeleportPlayer","Position":[406.27899169921875,293.55999755859375,269.7294006347656],"Rotation":[0.0,-88.0270004272461,0.0],"WithBlackScreen":true,"ScreenEffectId":0,"BlackScreenEnterDuration":0.0,"BlackScreenExitDuration":0.0,"ShowEffect":false,"ResetCamera":false}}]}
skygarden	1	600102	2900002	1	1	1	0.0	0	0.0	0	{"CompleteActionList":[{"ActionType":16000,"Params":{"$type":"XConfigLevelActionParamsPlayDrama","DramaName":"DramaNPC2900002","ReferencePos":[0.0,0.0,0.0],"ReferenceRot":[0.0,0.0,0.0],"CombineKey":0}}]}
skygarden	1	600102	2900004	1	1	1	0.0	0	0.0	0	{"CompleteActionList":[{"ActionType":16000,"Params":{"$type":"XConfigLevelActionParamsPlayDrama","DramaName":"DramaNPC2900004","ReferencePos":[0.0,0.0,0.0],"ReferenceRot":[0.0,0.0,0.0],"CombineKey":0}}]}
skygarden	1	600102	2900006	1	1	1	0.0	0	0.0	0	{"CompleteActionList":[{"ActionType":16000,"Params":{"$type":"XConfigLevelActionParamsPlayDrama","DramaName":"DramaNPC2900006","ReferencePos":[0.0,0.0,0.0],"ReferenceRot":[0.0,0.0,0.0],"CombineKey":0}}]}
skygarden	1	600102	2900009	1	1	1	0.0	0	0.0	0	{"CompleteActionList":[{"ActionType":16000,"Params":{"$type":"XConfigLevelActionParamsPlayDrama","DramaName":"DramaNPC2900009","ReferencePos":[0.0,0.0,0.0],"ReferenceRot":[0.0,0.0,0.0],"CombineKey":0}}]}
skygarden	1	600102	2900010	1	1	1	0.0	0	0.0	0	{"CompleteActionList":[{"ActionType":16000,"Params":{"$type":"XConfigLevelActionParamsPlayDrama","DramaName":"DramaNPC2900010","ReferencePos":[0.0,0.0,0.0],"ReferenceRot":[0.0,0.0,0.0],"CombineKey":0}}]}
skygarden	1	600102	2900012	1	1	1	0.0	0	0.0	0	{"CompleteActionList":[{"ActionType":16000,"Params":{"$type":"XConfigLevelActionParamsPlayDrama","DramaName":"DramaNPC2900012","ReferencePos":[0.0,0.0,0.0],"ReferenceRot":[0.0,0.0,0.0],"CombineKey":0}}]}
skygarden	1	600102	2900013	1	1	1	0.0	0	0.0	0	{"CompleteActionList":[{"ActionType":16000,"Params":{"$type":"XConfigLevelActionParamsPlayDrama","DramaName":"DramaNPC2900013","ReferencePos":[0.0,0.0,0.0],"ReferenceRot":[0.0,0.0,0.0],"CombineKey":0}}]}
skygarden	2	600103	3900001	1	8	1	0.0	0	0.0	0	{"CompleteActionList":[{"ActionType":16000,"Params":{"$type":"XConfigLevelActionParamsPlayDrama","DramaName":"Drama60010118","ReferencePos":[0.0,0.0,0.0],"ReferenceRot":[0.0,0.0,0.0],"CombineKey":0}}]}
skygarden	2	600103	3900002	1	1	1	0.0	0	0.0	0	{"CompleteActionList":[{"ActionType":16004,"Params":{"$type":"XConfigLevelActionParamsPlayDramaInterTitleDialog","DramaInterTitleDialogId":60010301,"WaitComplete":false,"IsSequentialJob":false}}]}
skygarden	2	600103	3900003	1	8	1	0.0	0	0.0	0	{"CompleteActionList":[{"ActionType":16000,"Params":{"$type":"XConfigLevelActionParamsPlayDrama","DramaName":"Drama60010119","ReferencePos":[0.0,0.0,0.0],"ReferenceRot":[0.0,0.0,0.0],"CombineKey":0}}]}
skygarden	2	600103	3900004	1	8	1	0.0	0	0.0	0	
skygarden	2	600103	3900005	1	8	1	0.0	0	0.0	0	{"CompleteActionList":[{"ActionType":15001,"Params":{"$type":"XConfigLevelActionParamsOpenNarrativeUI","NarrativeId":126}}]}
skygarden	2	600103	3900006	1	8	1	0.0	0	0.0	0	{"CompleteActionList":[{"ActionType":15001,"Params":{"$type":"XConfigLevelActionParamsOpenNarrativeUI","NarrativeId":127}}]}
skygarden	2	600103	3900007	1	8	1	0.0	0	0.0	0	{"CompleteActionList":[{"ActionType":15001,"Params":{"$type":"XConfigLevelActionParamsOpenNarrativeUI","NarrativeId":128}}]}
skygarden	2	600103	3900009	1	8	1	0.0	0	0.0	0	{"CompleteActionList":[{"ActionType":16001,"Params":{"$type":"XConfigLevelActionParamsPlayDramaCaption","DramaCaptionName":"Caption600104","WaitComplete":false,"IsSequentialJob":false}}]}
skygarden	1	600103	3900001	1	1	1	0.0	0	0.0	0	{"CompleteActionList":[{"ActionType":16000,"Params":{"$type":"XConfigLevelActionParamsPlayDrama","DramaName":"Drama60010122","ReferencePos":[0.0,0.0,0.0],"ReferenceRot":[0.0,0.0,0.0],"CombineKey":0}}]}
skygarden	1	600103	3900002	1	1	1	0.0	0	0.0	0	{"CompleteActionList":[{"ActionType":16000,"Params":{"$type":"XConfigLevelActionParamsPlayDrama","DramaName":"Drama60010121","ReferencePos":[0.0,0.0,0.0],"ReferenceRot":[0.0,0.0,0.0],"CombineKey":0}}]}
skygarden	1	600103	3900006	1	1	1	0.0	0	0.0	0	{"CompleteActionList":[{"ActionType":16000,"Params":{"$type":"XConfigLevelActionParamsPlayDrama","DramaName":"Drama60010123","ReferencePos":[0.0,0.0,0.0],"ReferenceRot":[0.0,0.0,0.0],"CombineKey":0}}]}
skygarden	1	600103	3900008	1	1	1	0.0	0	0.0	0	{"CompleteActionList":[{"ActionType":16000,"Params":{"$type":"XConfigLevelActionParamsPlayDrama","DramaName":"Drama60010124","ReferencePos":[0.0,0.0,0.0],"ReferenceRot":[0.0,0.0,0.0],"CombineKey":0}}]}
skygarden	1	600103	3900016	1	1	1	0.0	0	0.0	0	{"CompleteActionList":[{"ActionType":16000,"Params":{"$type":"XConfigLevelActionParamsPlayDrama","DramaName":"Drama60010125","ReferencePos":[0.0,0.0,0.0],"ReferenceRot":[0.0,0.0,0.0],"CombineKey":0}}]}
skygarden	1	600103	3900017	1	1	1	0.0	0	0.0	0	{"CompleteActionList":[{"ActionType":16000,"Params":{"$type":"XConfigLevelActionParamsPlayDrama","DramaName":"Drama60010126","ReferencePos":[0.0,0.0,0.0],"ReferenceRot":[0.0,0.0,0.0],"CombineKey":0}}]}
skygarden	1	600103	3900019	1	1	1	0.0	0	0.0	0	{"CompleteActionList":[{"ActionType":16000,"Params":{"$type":"XConfigLevelActionParamsPlayDrama","DramaName":"Drama60010127","ReferencePos":[0.0,0.0,0.0],"ReferenceRot":[0.0,0.0,0.0],"CombineKey":0}}]}
skygarden	1	600103	3900022	1	1	1	0.0	0	0.0	0	{"CompleteActionList":[{"ActionType":16000,"Params":{"$type":"XConfigLevelActionParamsPlayDrama","DramaName":"Drama60010128","ReferencePos":[0.0,0.0,0.0],"ReferenceRot":[0.0,0.0,0.0],"CombineKey":0}}]}
skygarden	1	600103	3900026	1	1	1	0.0	0	0.0	0	{"CompleteActionList":[{"ActionType":16000,"Params":{"$type":"XConfigLevelActionParamsPlayDrama","DramaName":"Drama60010129","ReferencePos":[0.0,0.0,0.0],"ReferenceRot":[0.0,0.0,0.0],"CombineKey":0}}]}
skygarden	2	600104	4000001	1	8	1	0.0	0	0.0	0	{"CompleteActionList":[{"ActionType":16001,"Params":{"$type":"XConfigLevelActionParamsPlayDramaCaption","DramaCaptionName":"Caption600119","WaitComplete":false,"IsSequentialJob":false}}]}
skygarden	2	600104	4000003	1	1	1	0.0	0	0.0	0	{"CompleteActionList":[{"ActionType":15001,"Params":{"$type":"XConfigLevelActionParamsOpenNarrativeUI","NarrativeId":129}}]}
skygarden	2	600104	4000004	1	8	1	0.0	0	0.0	0	
skygarden	2	600104	4000004	2	1	1	0.0	0	0.0	0	
skygarden	2	600104	4000006	1	8	1	0.0	0	0.0	0	{"CompleteActionList":[{"ActionType":15001,"Params":{"$type":"XConfigLevelActionParamsOpenNarrativeUI","NarrativeId":132}}]}
skygarden	2	600104	4000008	1	1	1	0.0	0	0.0	0	{"CompleteActionList":[{"ActionType":15001,"Params":{"$type":"XConfigLevelActionParamsOpenNarrativeUI","NarrativeId":130}}]}
skygarden	2	600104	4000009	1	1	1	0.0	0	0.0	0	{"CompleteActionList":[{"ActionType":15001,"Params":{"$type":"XConfigLevelActionParamsOpenNarrativeUI","NarrativeId":131}}]}
skygarden	2	600104	4000010	1	13	1	0.0	0	0.0	0	{"CompleteActionList":[{"ActionType":16000,"Params":{"$type":"XConfigLevelActionParamsPlayDrama","DramaName":"Drama60010130","ReferencePos":[0.0,0.0,0.0],"ReferenceRot":[0.0,0.0,0.0],"CombineKey":0}}]}
skygarden	2	600104	4000011	1	8	1	0.0	0	0.0	0	{"CompleteActionList":[{"ActionType":16000,"Params":{"$type":"XConfigLevelActionParamsPlayDrama","DramaName":"Drama60010131","ReferencePos":[0.0,0.0,0.0],"ReferenceRot":[0.0,0.0,0.0],"CombineKey":0}}]}
skygarden	2	600104	4000012	1	8	1	0.0	0	0.0	0	
skygarden	2	600104	4000016	1	15	1	0.0	0	0.0	0	
skygarden	2	600104	4000020	1	8	1	0.0	0	0.0	0	{"CompleteActionList":[{"ActionType":16000,"Params":{"$type":"XConfigLevelActionParamsPlayDrama","DramaName":"Drama60010144","ReferencePos":[0.0,0.0,0.0],"ReferenceRot":[0.0,0.0,0.0],"CombineKey":0}}]}
skygarden	2	600104	4000021	1	8	1	0.0	0	0.0	0	
skygarden	2	600104	4000021	2	1	1	0.0	0	0.0	0	
skygarden	1	600104	4000005	1	1	1	0.0	0	0.0	0	{"CompleteActionList":[{"ActionType":16000,"Params":{"$type":"XConfigLevelActionParamsPlayDrama","DramaName":"Drama60010132","ReferencePos":[0.0,0.0,0.0],"ReferenceRot":[0.0,0.0,0.0],"CombineKey":0}}]}
skygarden	1	600104	4000003	1	1	1	0.0	0	0.0	0	
skygarden	1	600104	4000015	1	1	1	0.0	0	0.0	0	{"CompleteActionList":[{"ActionType":16000,"Params":{"$type":"XConfigLevelActionParamsPlayDrama","DramaName":"Drama60010136","ReferencePos":[0.0,0.0,0.0],"ReferenceRot":[0.0,0.0,0.0],"CombineKey":0}}]}
skygarden	1	600104	4000018	1	1	1	0.0	0	0.0	0	{"LevelConditionGroup":{"_condCommanderGenderTypeCache":null,"ConditionLists":[{"Conditions":[{"name":"","hideFlags":0,"CondType":12,"Params":{"$type":"XConfigLevelConditionParamsCheckQuestState","name":"","hideFlags":0,"QuestId":6003,"State":1},"InvertResult":false,"TipDescId":null}],"LogicOp":0}],"LogicOp":0},"CompleteActionList":[{"ActionType":16000,"Params":{"$type":"XConfigLevelActionParamsPlayDrama","DramaName":"Drama60010112","ReferencePos":[0.0,0.0,0.0],"ReferenceRot":[0.0,0.0,0.0],"CombineKey":0}}]}
skygarden	1	600104	4000021	1	1	1	0.0	0	0.0	0	{"CompleteActionList":[{"ActionType":16000,"Params":{"$type":"XConfigLevelActionParamsPlayDrama","DramaName":"Drama60010113","ReferencePos":[0.0,0.0,0.0],"ReferenceRot":[0.0,0.0,0.0],"CombineKey":0}}]}
skygarden	1	600104	4000026	1	1	1	0.0	0	0.0	0	{"CompleteActionList":[{"ActionType":16000,"Params":{"$type":"XConfigLevelActionParamsPlayDrama","DramaName":"Drama60010114","ReferencePos":[0.0,0.0,0.0],"ReferenceRot":[0.0,0.0,0.0],"CombineKey":0}}]}
skygarden	1	600104	4000028	1	1	1	0.0	0	0.0	0	{"CompleteActionList":[{"ActionType":16000,"Params":{"$type":"XConfigLevelActionParamsPlayDrama","DramaName":"Drama60010115","ReferencePos":[0.0,0.0,0.0],"ReferenceRot":[0.0,0.0,0.0],"CombineKey":0}}]}
skygarden	1	600104	4000038	1	1	1	0.0	0	0.0	0	{"CompleteActionList":[{"ActionType":16000,"Params":{"$type":"XConfigLevelActionParamsPlayDrama","DramaName":"Drama60010117","ReferencePos":[0.0,0.0,0.0],"ReferenceRot":[0.0,0.0,0.0],"CombineKey":0}}]}
skygarden	1	600104	4000041	1	1	1	0.0	0	0.0	0	{"CompleteActionList":[{"ActionType":16000,"Params":{"$type":"XConfigLevelActionParamsPlayDrama","DramaName":"Drama60010135","ReferencePos":[0.0,0.0,0.0],"ReferenceRot":[0.0,0.0,0.0],"CombineKey":0}}]}
skygarden	1	600104	4000042	1	1	1	0.0	0	0.0	0	{"CompleteActionList":[{"ActionType":16000,"Params":{"$type":"XConfigLevelActionParamsPlayDrama","DramaName":"Drama60010134","ReferencePos":[0.0,0.0,0.0],"ReferenceRot":[0.0,0.0,0.0],"CombineKey":0}}]}
skygarden	1	600104	4000043	1	1	1	0.0	0	0.0	0	{"CompleteActionList":[{"ActionType":16000,"Params":{"$type":"XConfigLevelActionParamsPlayDrama","DramaName":"Drama60010116","ReferencePos":[0.0,0.0,0.0],"ReferenceRot":[0.0,0.0,0.0],"CombineKey":0}}]}
skygarden	1	600104	4000047	1	1	1	0.0	0	0.0	0	{"CompleteActionList":[{"ActionType":16000,"Params":{"$type":"XConfigLevelActionParamsPlayDrama","DramaName":"Drama60010110","ReferencePos":[0.0,0.0,0.0],"ReferenceRot":[0.0,0.0,0.0],"CombineKey":0}}]}
skygarden	1	600104	4000058	1	1	1	0.0	0	0.0	0	{"CompleteActionList":[{"ActionType":16000,"Params":{"$type":"XConfigLevelActionParamsPlayDrama","DramaName":"Drama60010145","ReferencePos":[0.0,0.0,0.0],"ReferenceRot":[0.0,0.0,0.0],"CombineKey":0}}]}
skygarden	1	600104	4000060	1	1	1	0.0	0	0.0	0	{"CompleteActionList":[{"ActionType":16001,"Params":{"$type":"XConfigLevelActionParamsPlayDramaCaption","DramaCaptionName":"Caption600133","WaitComplete":false,"IsSequentialJob":false}}]}
skygarden	1	600104	4000060	2	1	1	0.0	0	0.0	0	{"CompleteActionList":[{"ActionType":16001,"Params":{"$type":"XConfigLevelActionParamsPlayDramaCaption","DramaCaptionName":"Caption600134","WaitComplete":false,"IsSequentialJob":false}}]}
skygarden	2	600105	3100001	1	1	1	0.0	0	0.0	0	{"CompleteActionList":[{"ActionType":16000,"Params":{"$type":"XConfigLevelActionParamsPlayDrama","DramaName":"Drama_3025_101","ReferencePos":[0.0,0.0,0.0],"ReferenceRot":[0.0,0.0,0.0],"CombineKey":0}}]}
skygarden	2	600105	3100004	1	5	1	0.0	0	0.0	0	{"LevelConditionGroup":{"_condCommanderGenderTypeCache":null,"ConditionLists":[{"Conditions":[{"name":"","hideFlags":0,"CondType":7,"Params":{"$type":"XConfigLevelConditionParamsCheckQuestComplete","name":"","hideFlags":0,"QuestId":7001},"InvertResult":false,"TipDescId":null}],"LogicOp":0}],"LogicOp":0},"CompleteActionList":[{"ActionType":19004,"Params":{"$type":"XConfigLevelActionParamsSwitchLevel","NextLevelId":5001,"Position":[272.510009765625,225.91859436035156,910.8800048828125],"Rotation":[0.0,90.0,0.0]}}]}
skygarden	1	600105	3100006	1	1	1	0.0	0	0.0	0	
skygarden	1	600105	3100007	1	1	1	0.0	0	0.0	0	{"LevelConditionGroup":{"_condCommanderGenderTypeCache":null,"ConditionLists":[{"Conditions":[{"name":"","hideFlags":0,"CondType":2,"Params":{"$type":"XConfigLevelConditionParamsCheckQuestObjectiveComplete","name":"","hideFlags":0,"QuestObjectiveId":30250302,"CheckExitAsComplete":false},"InvertResult":false,"TipDescId":null}],"LogicOp":0}],"LogicOp":0},"CompleteActionList":[{"ActionType":16000,"Params":{"$type":"XConfigLevelActionParamsPlayDrama","DramaName":"Drama_3025_003","ReferencePos":[0.0,0.0,0.0],"ReferenceRot":[0.0,0.0,0.0],"CombineKey":0}}]}
skygarden	1	600105	3100008	2	1	1	0.0	1	0.0	0	{"LevelConditionGroup":{"_condCommanderGenderTypeCache":null,"ConditionLists":[{"Conditions":[{"name":"","hideFlags":0,"CondType":2,"Params":{"$type":"XConfigLevelConditionParamsCheckQuestObjectiveComplete","name":"","hideFlags":0,"QuestObjectiveId":30250601,"CheckExitAsComplete":false},"InvertResult":false,"TipDescId":null}],"LogicOp":0}],"LogicOp":0},"CompleteActionList":[{"ActionType":16000,"Params":{"$type":"XConfigLevelActionParamsPlayDrama","DramaName":"Drama_3025_004","ReferencePos":[0.0,0.0,0.0],"ReferenceRot":[0.0,0.0,0.0],"CombineKey":0}}]}
skygarden	1	600105	3100015	1	1	1	0.0	0	0.0	0	
skygarden	1	600105	3100026	1	1	1	0.0	0	0.0	0	
skygarden	1	600105	3100027	1	1	1	0.0	0	0.0	0	
skygarden	1	600105	3100034	1	1	1	0.0	0	0.0	0	
skygarden	2	700302	3000001	1	5	1	0.0	1	0.0	0	{"LevelConditionGroup":{"_condCommanderGenderTypeCache":null,"ConditionLists":[{"Conditions":[],"LogicOp":0}],"LogicOp":0},"CompleteActionList":[{"ActionType":16008,"Params":{"$type":"XConfigLevelActionParamsPlaySound3D","CueId":5500102,"ActorType":2,"PlaceId":3000001}}]}
skygarden	2	700302	3000002	1	5	1	0.0	1	0.0	0	{"LevelConditionGroup":{"_condCommanderGenderTypeCache":null,"ConditionLists":[{"Conditions":[{"name":"","hideFlags":0,"CondType":2,"Params":{"$type":"XConfigLevelConditionParamsCheckQuestObjectiveComplete","name":"","hideFlags":0,"QuestObjectiveId":40430503},"InvertResult":false,"TipDescId":null}],"LogicOp":0}],"LogicOp":0},"CompleteActionList":[{"ActionType":16008,"Params":{"$type":"XConfigLevelActionParamsPlaySound3D","CueId":5500102,"ActorType":2,"PlaceId":3000002}}]}
skygarden	2	700302	3000009	1	5	1	0.0	0	0.0	0	
skygarden	2	700302	3000010	1	8	1	0.0	0	0.0	0	{"CompleteActionList":[{"ActionType":16000,"Params":{"$type":"XConfigLevelActionParamsPlayDrama","DramaName":"Drama_7003_012","ReferencePos":[0.0,0.0,0.0],"ReferenceRot":[0.0,0.0,0.0],"CombineKey":0}}]}
skygarden	2	700302	3000003	1	8	1	0.0	0	0.0	0	{"CompleteActionList":[{"ActionType":16000,"Params":{"$type":"XConfigLevelActionParamsPlayDrama","DramaName":"Drama_7003_007","ReferencePos":[0.0,0.0,0.0],"ReferenceRot":[0.0,0.0,0.0],"CombineKey":0}}]}
skygarden	2	700302	3000022	1	8	1	0.0	0	0.0	0	{"CompleteActionList":[{"ActionType":16000,"Params":{"$type":"XConfigLevelActionParamsPlayDrama","DramaName":"Drama_7003_013","ReferencePos":[0.0,0.0,0.0],"ReferenceRot":[0.0,0.0,0.0],"CombineKey":0}}]}
skygarden	2	700302	3000023	1	8	1	0.0	0	0.0	0	{"CompleteActionList":[{"ActionType":16000,"Params":{"$type":"XConfigLevelActionParamsPlayDrama","DramaName":"Drama_7003_006","ReferencePos":[0.0,0.0,0.0],"ReferenceRot":[0.0,0.0,0.0],"CombineKey":0}}]}
skygarden	2	700302	3000008	1	8	1	0.0	0	0.0	0	{"CompleteActionList":[{"ActionType":16000,"Params":{"$type":"XConfigLevelActionParamsPlayDrama","DramaName":"Drama_7003_005","ReferencePos":[0.0,0.0,0.0],"ReferenceRot":[0.0,0.0,0.0],"CombineKey":0}}]}
skygarden	2	700302	3000016	1	5	1	0.0	0	0.0	0	
skygarden	1	700302	3000003	1	1	1	0.0	0	0.0	0	{"CompleteActionList":[{"ActionType":16000,"Params":{"$type":"XConfigLevelActionParamsPlayDrama","DramaName":"Drama_7003_020","ReferencePos":[0.0,0.0,0.0],"ReferenceRot":[0.0,0.0,0.0],"CombineKey":0}}]}
skygarden	1	700302	3000007	1	1	1	0.0	0	0.0	0	{"CompleteActionList":[{"ActionType":16000,"Params":{"$type":"XConfigLevelActionParamsPlayDrama","DramaName":"Drama_7003_016","ReferencePos":[0.0,0.0,0.0],"ReferenceRot":[0.0,0.0,0.0],"CombineKey":0}}]}
skygarden	1	700302	3000008	1	1	1	0.0	0	0.0	0	{"CompleteActionList":[{"ActionType":16000,"Params":{"$type":"XConfigLevelActionParamsPlayDrama","DramaName":"Drama_7003_015","ReferencePos":[0.0,0.0,0.0],"ReferenceRot":[0.0,0.0,0.0],"CombineKey":0}}]}
skygarden	1	700302	3000013	1	1	1	0.0	0	0.0	0	{"CompleteActionList":[{"ActionType":16000,"Params":{"$type":"XConfigLevelActionParamsPlayDrama","DramaName":"Drama_7003_016","ReferencePos":[0.0,0.0,0.0],"ReferenceRot":[0.0,0.0,0.0],"CombineKey":0}}]}
skygarden	1	700302	3000014	1	1	1	0.0	0	0.0	0	{"CompleteActionList":[{"ActionType":16000,"Params":{"$type":"XConfigLevelActionParamsPlayDrama","DramaName":"Drama_7003_016","ReferencePos":[0.0,0.0,0.0],"ReferenceRot":[0.0,0.0,0.0],"CombineKey":0}}]}
skygarden	1	700302	3000015	1	1	1	0.0	0	0.0	0	{"CompleteActionList":[{"ActionType":16000,"Params":{"$type":"XConfigLevelActionParamsPlayDrama","DramaName":"Drama_7003_021","ReferencePos":[0.0,0.0,0.0],"ReferenceRot":[0.0,0.0,0.0],"CombineKey":0}}]}
skygarden	1	700302	3000017	1	1	1	0.0	0	0.0	0	{"CompleteActionList":[{"ActionType":16000,"Params":{"$type":"XConfigLevelActionParamsPlayDrama","DramaName":"Drama_7003_022","ReferencePos":[0.0,0.0,0.0],"ReferenceRot":[0.0,0.0,0.0],"CombineKey":0}}]}
skygarden	1	700302	3000018	1	1	1	0.0	0	0.0	0	{"CompleteActionList":[{"ActionType":16000,"Params":{"$type":"XConfigLevelActionParamsPlayDrama","DramaName":"Drama_7003_023","ReferencePos":[0.0,0.0,0.0],"ReferenceRot":[0.0,0.0,0.0],"CombineKey":0}}]}
skygarden_4_2mainstorylevel01	2	1002	1	1	1	1	0.0	1	0.0	0	{"CompleteActionList":[{"ActionType":2000,"Params":{"$type":"XConfigLevelActionParamsBindSceneObjectEffect","SceneObjectPlaceId":1,"EffectName":"FxSkyGardenCrystal","PosOffset":[0.0,0.0,0.0],"RotOffset":[0.0,0.0,0.0],"Scale":[1.0,1.0,1.0],"PartNames":[]}},{"ActionType":16008,"Params":{"$type":"XConfigLevelActionParamsPlaySound3D","CueId":5500101,"ActorType":2,"PlaceId":1}}]}
skygarden_jumpplayer	1	4009	1	1	1	1	0.0	0	0.0	0	
skygarden_jumpplayer	1	4009	2	1	1	1	0.0	0	0.0	0	
skygarden_jumpplayer	1	4009	3	1	1	1	0.0	0	0.0	0	
skygarden_jumpplayer	1	4019	100001	1	1	1	0.0	0	0.0	0	
skygarden_jumpplayer	1	4019	100002	1	1	1	0.0	0	0.0	0	
skygarden_jumpplayer	1	4019	100003	1	1	1	0.0	0	0.0	0	
skygarden_jumpplayer	1	4029	200001	1	1	1	0.0	0	0.0	0	
skygarden_jumpplayer	1	4029	200002	1	1	1	0.0	0	0.0	0	
skygarden_jumpplayer	1	4029	200003	1	1	1	0.0	0	0.0	0	
skygarden_jumpplayer	2	6001	300032	1	1	1	0.0	0	0.0	0	
skygarden_jumpplayer	2	6001	300033	1	1	1	0.0	0	0.0	0	
skygarden_jumpplayer	2	6001	300034	1	1	1	0.0	0	0.0	0	
skygarden_jumpplayer	1	6001	300001	1	1	1	0.0	0	0.0	0	
skygarden_jumpplayer	1	6001	300002	1	1	1	0.0	0	0.0	0	{"CompleteActionList":[{"ActionType":18002,"Params":{"$type":"XConfigLevelActionParamsRequestLeaveInstLevel","SaveOnExit":false,"UseExitTargetLevelParams":false,"WorldId":0,"LevelId":0,"TargetPos":[0.0,0.0,0.0],"TargetRot":[0.0,0.0,0.0]}}]}
skygarden_jumpplayer	2	6002	400073	1	1	1	0.0	0	0.0	0	
skygarden_jumpplayer	2	6002	400074	1	1	1	0.0	0	0.0	0	
skygarden_jumpplayer	2	6002	400075	1	1	1	0.0	0	0.0	0	
skygarden_jumpplayer	1	6002	400001	1	1	1	0.0	0	0.0	0	
skygarden_jumpplayer	1	6002	400002	1	1	1	0.0	0	0.0	0	{"CompleteActionList":[{"ActionType":18002,"Params":{"$type":"XConfigLevelActionParamsRequestLeaveInstLevel","SaveOnExit":false,"UseExitTargetLevelParams":false,"WorldId":0,"LevelId":0,"TargetPos":[0.0,0.0,0.0],"TargetRot":[0.0,0.0,0.0]}}]}
skygarden_jumpplayer	2	6003	500094	1	1	1	0.0	0	0.0	0	
skygarden_jumpplayer	2	6003	500095	1	1	1	0.0	0	0.0	0	
skygarden_jumpplayer	2	6003	500096	1	1	1	0.0	0	0.0	0	
skygarden_jumpplayer	1	6003	500001	1	1	1	0.0	0	0.0	0	{"CompleteActionList":[{"ActionType":18002,"Params":{"$type":"XConfigLevelActionParamsRequestLeaveInstLevel","SaveOnExit":false,"UseExitTargetLevelParams":false,"WorldId":0,"LevelId":0,"TargetPos":[0.0,0.0,0.0],"TargetRot":[0.0,0.0,0.0]}}]}
skygarden_jumpplayer	1	6003	500002	1	1	1	0.0	0	0.0	0	
skygarden_jumpplayer	2	6004	600108	1	1	1	0.0	0	0.0	0	
skygarden_jumpplayer	2	6004	600109	1	1	1	0.0	0	0.0	0	
skygarden_jumpplayer	2	6004	600110	1	1	1	0.0	0	0.0	0	
skygarden_jumpplayer	1	6004	600001	1	1	1	0.0	0	0.0	0	
skygarden_jumpplayer	1	6004	600002	1	1	1	0.0	0	0.0	0	{"CompleteActionList":[{"ActionType":18002,"Params":{"$type":"XConfigLevelActionParamsRequestLeaveInstLevel","SaveOnExit":false,"UseExitTargetLevelParams":false,"WorldId":0,"LevelId":0,"TargetPos":[0.0,0.0,0.0],"TargetRot":[0.0,0.0,0.0]}}]}
skygarden_jumpplayer	2	6005	700094	1	1	1	0.0	0	0.0	0	
skygarden_jumpplayer	2	6005	700095	1	1	1	0.0	0	0.0	0	
skygarden_jumpplayer	2	6005	700096	1	1	1	0.0	0	0.0	0	
skygarden_jumpplayer	1	6005	700001	1	1	1	0.0	0	0.0	0	
skygarden_jumpplayer	1	6005	700002	1	1	1	0.0	0	0.0	0	{"CompleteActionList":[{"ActionType":18002,"Params":{"$type":"XConfigLevelActionParamsRequestLeaveInstLevel","SaveOnExit":false,"UseExitTargetLevelParams":false,"WorldId":0,"LevelId":0,"TargetPos":[0.0,0.0,0.0],"TargetRot":[0.0,0.0,0.0]}}]}
skygarden_jumpplayer	2	6006	800111	1	1	1	0.0	0	0.0	0	
skygarden_jumpplayer	2	6006	800112	1	1	1	0.0	0	0.0	0	
skygarden_jumpplayer	2	6006	800113	1	1	1	0.0	0	0.0	0	
skygarden_jumpplayer	1	6006	800001	1	1	1	0.0	0	0.0	0	
skygarden_jumpplayer	1	6006	800002	1	1	1	0.0	0	0.0	0	{"CompleteActionList":[{"ActionType":18002,"Params":{"$type":"XConfigLevelActionParamsRequestLeaveInstLevel","SaveOnExit":false,"UseExitTargetLevelParams":false,"WorldId":0,"LevelId":0,"TargetPos":[0.0,0.0,0.0],"TargetRot":[0.0,0.0,0.0]}}]}
skygarden_jumpplayer	1	6007	900001	1	1	1	0.0	0	0.0	0	
skygarden_jumpplayer	1	6007	900002	1	1	1	0.0	0	0.0	0	{"CompleteActionList":[{"ActionType":18002,"Params":{"$type":"XConfigLevelActionParamsRequestLeaveInstLevel","SaveOnExit":false,"UseExitTargetLevelParams":false,"WorldId":0,"LevelId":0,"TargetPos":[0.0,0.0,0.0],"TargetRot":[0.0,0.0,0.0]}}]}
skygarden_lxystorylevel01	2	4011	1	1	1	1	0.0	0	0.0	0	
skygarden_lxystorylevel01	2	4011	4	1	1	1	0.0	0	0.0	0	
skygarden_lxystorylevel01	2	4011	5	1	1	1	0.0	0	0.0	0	
skygarden_lxystorylevel01	2	4011	6	1	1	1	0.0	0	0.0	0	
skygarden_lxystorylevel01	2	4011	8	1	1	1	0.0	0	0.0	0	
skygarden_lxystorylevel01	1	4011	1	1	1	1	0.0	0	0.0	0	
skygarden_lxystorylevel01	2	4030	100001	1	3	1	0.0	0	0.0	0	
skygarden_lxystorylevel01	2	4030	100002	1	5	1	0.0	0	0.0	0	
skygarden_lxystorylevel01	2	4030	100003	1	3	1	0.0	0	0.0	0	
skygarden_lxystorylevel01	1	4030	100001	1	1	1	0.0	0	0.0	0	
skygarden_lxystorylevel02	2	4012	2	1	3	1	0.0	0	0.0	0	
skygarden_lxystorylevel02	2	4012	5	1	3	1	0.0	0	0.0	0	
skygarden_lxystorylevel02	2	4012	6	1	3	1	0.0	0	0.0	0	
skygarden_lxystorylevel02	2	4012	7	1	3	1	0.0	0	0.0	0	
skygarden_lxystorylevel02	2	4012	8	1	3	1	0.0	0	0.0	0	
skygarden_lxystorylevel02	2	4012	9	1	3	1	0.0	0	0.0	0	
skygarden_lxystorylevel02	2	4012	10	1	3	1	0.0	0	0.0	0	
skygarden_lxystorylevel02	2	4012	11	1	3	1	0.0	0	0.0	0	
skygarden_lxystorylevel02	2	4012	12	1	3	1	0.0	0	0.0	0	
skygarden_lxystorylevel02	2	4012	19	1	3	1	0.0	0	0.0	0	
skygarden_lxystorylevel02	2	4012	33	1	3	1	0.0	0	0.0	0	
skygarden_lxystorylevel02	1	4012	1	1	1	1	0.0	0	0.0	0	
skygarden_lxystorylevel02	1	4012	7	1	1	1	0.0	0	0.0	0	
skygarden_lxystorylevel02	1	4012	8	1	1	1	0.0	0	0.0	0	
skygarden_lxystorylevel02	1	4012	9	1	1	1	0.0	0	0.0	0	
skygarden_lxystorylevel02	2	4024	100001	1	5	1	0.0	0	0.0	0	
skygarden_lxystorylevel03	2	4026	14	1	3	1	0.0	0	0.0	0	
skygarden_lxystorylevel03	2	4026	15	1	3	1	0.0	0	0.0	0	
skygarden_lxystorylevel03	2	4026	16	1	3	1	0.0	0	0.0	0	
skygarden_lxystorylevel03	2	4026	17	1	5	1	0.0	0	0.0	0	
skygarden_lxystorylevel03	2	4026	54	1	5	1	0.0	0	0.0	0	
skygarden_lxystorylevel03	2	4026	43	1	8	1	0.0	0	0.0	0	
skygarden_lxystorylevel03	2	4026	56	1	5	1	0.0	0	0.0	0	
skygarden_lxystorylevel03	2	4026	57	1	3	1	0.0	0	0.0	0	
skygarden_lxystorylevel03	1	4026	1	1	1	1	0.0	0	0.0	0	
skygarden_lxystorylevel03	1	4026	4	1	1	1	0.0	0	0.0	0	
skygarden_lxystorylevel03	1	4026	5	1	1	1	0.0	0	0.0	0	
skygarden_lxystorylevel03	1	4026	7	1	1	1	0.0	0	0.0	0	
skygarden_lxystorylevel03	2	4028	100001	1	5	1	0.0	0	0.0	0	
skygarden_lxystorylevel04	2	4027	56	1	8	1	0.0	0	0.0	0	
skygarden_lxystorylevel04	2	4027	57	1	8	1	0.0	0	0.0	0	
skygarden_lxystorylevel04	2	4027	58	1	8	1	0.0	0	0.0	0	
skygarden_lxystorylevel04	2	4027	59	1	3	1	0.0	0	0.0	0	
skygarden_lxystorylevel04	2	4027	60	1	5	1	0.0	0	0.0	0	
skygarden_lxystorylevel04	2	4027	73	1	5	1	0.0	0	0.0	0	
skygarden_lxystorylevel04	2	4027	74	1	8	1	0.0	0	0.0	0	
skygarden_lxystorylevel04	2	4027	75	1	8	1	0.0	0	0.0	0	
skygarden_lxystorylevel04	2	4027	76	1	8	1	0.0	0	0.0	0	
skygarden_lxystorylevel04	2	4027	77	1	3	1	0.0	0	0.0	0	
skygarden_lxystorylevel04	1	4027	1	1	1	1	0.0	0	0.0	0	
skygarden_lxystorylevel04	1	4027	3	1	1	1	0.0	0	0.0	0	
skygarden_lxystorylevel04	1	4027	4	1	1	1	0.0	0	0.0	0	
skygarden_plaza	1	4007	1	1	1	1	0.0	0	0.0	0	
skygarden_plaza	1	4021	100001	1	1	1	0.0	0	0.0	0	
skygarden_scene00001exb	2	1001	2	1	1	1	0.0	0	0.0	0	
skygarden_scene001	2	1001	1	1	1	1	0.0	0	0.0	0	{"CompleteActionList":[{"ActionType":19004,"Params":{"$type":"XConfigLevelActionParamsSwitchLevel","NextLevelId":4001,"Position":[649.663818359375,160.35775756835938,1115.031982421875],"Rotation":null}}]}
skygarden_scene002	2	1001	1	1	1	1	0.0	0	0.0	0	{"CompleteActionList":[{"ActionType":19004,"Params":{"$type":"XConfigLevelActionParamsSwitchLevel","NextLevelId":4001,"Position":[678.7150268554688,160.7299041748047,1129.906982421875],"Rotation":null}}]}
skygarden_scene003	2	1001	1	1	1	1	0.0	0	0.0	0	{"CompleteActionList":[{"ActionType":19004,"Params":{"$type":"XConfigLevelActionParamsSwitchLevel","NextLevelId":4001,"Position":[595.6680908203125,150.85400390625,1295.3070068359375],"Rotation":null}}]}
skygarden_scene004	2	1001	1	1	1	1	0.0	0	0.0	0	{"CompleteActionList":[{"ActionType":19004,"Params":{"$type":"XConfigLevelActionParamsSwitchLevel","NextLevelId":4001,"Position":[667.9691772460938,193.76510620117188,1263.5169677734375],"Rotation":null}}]}
skygarden_scene005	2	200101	1	1	1	1	0.0	0	0.0	0	{"CompleteActionList":[{"ActionType":15001,"Params":{"$type":"XConfigLevelActionParamsOpenNarrativeUI","NarrativeId":41}}]}
skygarden_scene005	2	200101	2	1	1	1	0.0	0	0.0	0	
skygarden_scene005	2	200101	4	1	1	1	0.0	0	0.0	0	
skygarden_scene007	2	1002	1	1	5	1	0.0	0	0.0	0	
skygarden_scene007	2	1002	2	1	5	1	0.0	1	0.0	0	
skygarden_scene007	1	1002	3	1	1	1	0.0	1	0.0	0	{"LevelConditionGroup":{"_condCommanderGenderTypeCache":null,"ConditionLists":[{"Conditions":[],"LogicOp":0}],"LogicOp":0}}
skygarden_sushe	2	1001	400001	1	3	1	0.0	0	0.0	0	
skygarden_sushe	2	1001	400002	1	8	1	0.0	0	0.0	0	
skygarden_sushe	2	1001	400004	1	8	1	0.0	0	0.0	0	{"CompleteActionList":[{"ActionType":15001,"Params":{"$type":"XConfigLevelActionParamsOpenNarrativeUI","NarrativeId":3}}]}
skygarden_sushe	2	1001	400005	1	3	1	0.0	0	0.0	0	
skygarden_sushe	2	1001	400006	1	1	1	0.0	0	0.0	0	
skygarden_sushe	2	1001	400007	1	8	1	0.0	0	0.0	0	
skygarden_sushe	2	1001	400008	1	3	1	0.0	0	0.0	0	{"CompleteActionList":[{"ActionType":18001,"Params":{"$type":"XConfigLevelActionParamsRequestEnterInstLevel","InstLevelId":4012,"Position":[103.65799713134766,143.83070373535156,121.52149963378906],"Rotation":null}}]}
skygarden_sushe	2	1001	400009	1	3	1	0.0	0	0.0	0	{"CompleteActionList":[{"ActionType":18001,"Params":{"$type":"XConfigLevelActionParamsRequestEnterInstLevel","InstLevelId":4024,"Position":[103.65799713134766,143.83070373535156,121.52149963378906],"Rotation":null}}]}
skygarden_sushe	2	1001	400010	1	3	1	0.0	0	0.0	0	
skygarden_sushe	2	1001	400012	1	8	1	0.0	0	0.0	0	
skygarden_sushe	2	1001	400013	1	8	1	0.0	0	0.0	0	
skygarden_sushe	2	1001	400014	1	8	1	0.0	0	0.0	0	
skygarden_sushe	2	1001	400011	1	8	1	0.0	0	0.0	0	
skygarden_sushe	2	1001	400015	1	3	1	0.0	0	0.0	0	
skygarden_sushe	2	1001	400017	1	3	1	0.0	0	0.0	0	
skygarden_sushe	2	1001	400018	1	3	1	0.0	0	0.0	0	
skygarden_sushe	2	1001	400019	1	3	1	0.0	0	0.0	0	
skygarden_sushe	2	1001	400021	1	8	1	0.0	0	0.0	0	
skygarden_sushe	2	1001	400022	1	3	1	0.0	0	0.0	0	
skygarden_sushe	2	1001	400024	1	3	1	0.0	0	0.0	0	{"CompleteActionList":[{"ActionType":15001,"Params":{"$type":"XConfigLevelActionParamsOpenNarrativeUI","NarrativeId":105}}]}
skygarden_sushe	2	1001	400025	1	3	1	0.0	0	0.0	0	{"CompleteActionList":[{"ActionType":15001,"Params":{"$type":"XConfigLevelActionParamsOpenNarrativeUI","NarrativeId":106}}]}
skygarden_sushe	2	1001	400026	1	3	1	0.0	0	0.0	0	{"CompleteActionList":[{"ActionType":15001,"Params":{"$type":"XConfigLevelActionParamsOpenNarrativeUI","NarrativeId":104}}]}
skygarden_sushe	2	1001	400031	1	1	1	0.0	0	0.0	0	
skygarden_sushe	2	4001	300001	1	8	1	0.0	0	0.0	0	{"CompleteActionList":[{"ActionType":16001,"Params":{"$type":"XConfigLevelActionParamsPlayDramaCaption","DramaCaptionName":"Caption900211","WaitComplete":false,"IsSequentialJob":false}}]}
skygarden_sushe	2	4001	300002	1	8	1	0.0	0	0.0	0	{"CompleteActionList":[{"ActionType":16001,"Params":{"$type":"XConfigLevelActionParamsPlayDramaCaption","DramaCaptionName":"Caption900212","WaitComplete":false,"IsSequentialJob":false}}]}
skygarden_sushe	2	4001	300003	1	8	1	0.0	0	0.0	0	{"CompleteActionList":[{"ActionType":16001,"Params":{"$type":"XConfigLevelActionParamsPlayDramaCaption","DramaCaptionName":"Caption900213","WaitComplete":false,"IsSequentialJob":false}}]}
skygarden_sushe	2	4001	300005	1	8	1	0.0	0	0.0	0	{"CompleteActionList":[{"ActionType":15001,"Params":{"$type":"XConfigLevelActionParamsOpenNarrativeUI","NarrativeId":43}}]}
skygarden_sushe	2	5001	2	1	5	1	0.0	0	0.0	0	{"CompleteActionList":[{"ActionType":19004,"Params":{"$type":"XConfigLevelActionParamsSwitchLevel","NextLevelId":4001,"Position":[573.0999755859375,145.2790069580078,1394.93994140625],"Rotation":[0.0,-147.0,0.0]}}]}
skygarden_sushe	2	5001	3	1	1	1	0.0	0	0.0	0	{"CompleteActionList":[{"ActionType":15001,"Params":{"$type":"XConfigLevelActionParamsOpenNarrativeUI","NarrativeId":1}}]}
skygarden_sushe	2	5001	4	1	1	1	0.0	0	0.0	0	{"CompleteActionList":[{"ActionType":15001,"Params":{"$type":"XConfigLevelActionParamsOpenNarrativeUI","NarrativeId":2}}]}
skygarden_sushe	2	5001	1	1	11	1	0.0	0	0.0	0	
skygarden_sushe	2	5001	5	1	10	1	0.0	0	0.0	0	
skygarden_sushe	2	5001	8	1	12	1	0.0	0	0.0	0	
skygarden_sushe	2	5002	100001	1	1	1	0.0	0	0.0	0	
skygarden_sushe	2	7003	500001	1	21	1	0.0	0	0.0	0	
