Sector	ConfigGroupId	PlaceId	BaseId	PosX	PosY	PosZ	RotX	RotY	RotZ	DeferLoading	ScriptId	DefaultAction	CanInteract	IsOnlyClient	DisableGravity	ActorSignificance
skygarden	1001	900001	101063	530.9949951171875	146.1479949951172	1315.1390380859375	0.0	303.2301025390625	0.0	1	0	Drama_Sit_01_Loop	0	0	0	1
skygarden	1001	900002	101063	534.0380249023438	146.0218963623047	1322.4560546875	0.0	324.4840087890625	0.0	1	0		0	0	0	1
skygarden	1001	900003	101089	727.5181274414062	167.99021911621094	1171.0654296875	0.0	60.28657531738281	0.0	1	0		0	0	0	1
skygarden	1001	900004	101112	674.1027221679688	160.72984313964844	1135.71875	0.0	157.55653381347656	0.0	1	0		1	0	0	1
skygarden	1001	900005	101126	668.35498046875	160.66900634765625	1140.4520263671875	0.0	294.2022705078125	0.0	1	0		0	0	0	1
skygarden	1001	900006	101088	671.9569702148438	160.6750030517578	1200.054443359375	0.0	0.0	0.0	1	0		0	0	0	1
skygarden	1001	900007	101089	629.175537109375	160.7317657470703	1188.642822265625	0.0	320.9112854003906	0.0	1	0		0	0	0	1
skygarden	1001	900008	101090	672.6480102539062	160.7317657470703	1137.1920166015625	0.0	304.78607177734375	0.0	1	0		0	0	0	1
skygarden	1001	900009	101096	696.8917236328125	160.7317657470703	1080.8614501953125	0.0	155.72149658203125	0.0	1	0		0	0	0	1
skygarden	1001	900010	101097	670.4320068359375	160.73976135253906	1138.4681396484375	0.0	333.79046630859375	0.0	1	0		0	0	0	1
skygarden	1001	900011	101098	667.6695556640625	160.66000366210938	1141.1529541015625	0.0	137.37899780273438	0.0	1	0		0	0	0	1
skygarden	1001	900012	101063	665.3179931640625	167.00399780273438	1148.7559814453125	0.0	171.63986206054688	0.0	1	0	Drama_Sit_01_Loop	0	0	0	1
skygarden	1001	900013	101094	690.3897705078125	156.22984313964844	1222.2279052734375	0.0	300.59991455078125	0.0	1	0		0	0	0	1
skygarden	1001	900014	101063	635.9890747070312	192.2853240966797	1266.748046875	0.0	83.34600067138672	0.0	1	0		0	0	0	1
skygarden	1001	900015	101001	569.6265869140625	168.5433349609375	1207.082763671875	0.0	241.07289123535156	0.0	1	0	Sit_01_Loop	0	0	0	1
skygarden	1001	900016	101001	558.4500122070312	168.5433349609375	1199.6700439453125	0.0	219.92933654785156	0.0	1	0	Drama_Stand_04_Loop	0	0	0	1
skygarden	1001	900017	101019	673.8109130859375	167.99021911621094	1140.00732421875	0.0	117.24168395996094	0.0	1	0	Drama_Stand_07_Loop	1	0	0	1
skygarden	1001	900018	101028	669.0769653320312	160.56700134277344	1139.5634765625	0.0	323.55963134765625	0.0	1	0	Drama_Stand_05_Loop	0	0	0	1
skygarden	1001	900019	101082	671.3159790039062	160.72799682617188	1137.9503173828125	0.0	295.88037109375	0.0	1	0		0	0	0	1
skygarden	1001	900020	101090	669.8259887695312	160.7317657470703	1139.0419921875	0.0	314.0788269042969	0.0	1	0		0	0	0	1
skygarden	1001	900021	101112	660.4169921875	160.375	1137.27294921875	0.0	257.1988525390625	0.0	1	0		0	0	0	1
skygarden	1001	900022	101063	533.2781982421875	146.1479949951172	1317.4549560546875	0.0	151.7177734375	0.0	1	0	Drama_Stand_05_Loop	0	0	0	1
skygarden	1001	900023	101063	671.0940551757812	167.99020385742188	1153.35546875	0.0	107.1276626586914	0.0	1	0		0	0	0	1
skygarden	1002	1000001	101289	240.7899932861328	233.57000732421875	915.6199951171875	0.0	90.0	0.0	0	0	Drama_Stand_01_Loop	0	1	0	6
skygarden	1002	1000002	101130	246.4456329345703	233.57000732421875	933.864990234375	0.0	328.6999816894531	0.0	0	0	Drama_Stand_03_Loop	1	0	0	2
skygarden	1002	1000003	101301	284.6929931640625	225.85000610351562	909.6710205078125	0.0	0.0	0.0	1	0	Drama_Special_01_Loop	0	0	0	2
skygarden	1002	1000004	101145	285.7626647949219	225.88699340820312	911.6351318359375	0.0	182.79000854492188	0.0	1	0	Drama_Stand_03_Loop	0	0	0	1
skygarden	1002	1000005	101146	283.7959899902344	225.8800048828125	911.5280151367188	0.0	147.39999389648438	0.0	1	0	Drama_Stand_01_Loop	0	0	0	1
skygarden	1002	1000006	101291	366.7099914550781	224.39500427246094	913.1950073242188	0.0	90.0	0.0	1	0	Drama_Stand_01_Loop	1	0	0	2
skygarden	1002	1000007	101278	223.69000244140625	233.70599365234375	905.5499877929688	0.0	0.0	0.0	1	0	Drama_Stand_01_Loop	1	0	0	2
skygarden	1002	1000008	101084	269.8861389160156	233.5679931640625	889.989990234375	0.0	18.80999755859375	0.0	0	0	Drama_Stand_03_Loop	1	0	0	2
skygarden	1002	1000009	101276	233.5850067138672	234.48599243164062	914.0811157226562	0.0	37.0	0.0	0	0	Drama_Stand_01_Loop	0	1	0	6
skygarden	1002	1000010	101019	234.1753692626953	234.48399353027344	915.2765502929688	0.0	202.1999969482422	0.0	0	0	Drama_Stand_03_Loop	0	1	0	6
skygarden	1002	1000011	101276	230.02210998535156	234.5240020751953	909.6336669921875	0.0	280.0	0.0	0	0	Drama_Stand_06_Loop	0	1	0	6
skygarden	1002	1000012	101019	227.46499633789062	233.70599365234375	918.3369750976562	0.0	138.5	0.0	0	0	Drama_Stand_01_Loop	0	1	0	6
skygarden	1002	1000013	101152	229.33599853515625	233.70799255371094	919.9140014648438	0.0	96.5999984741211	0.0	0	0	Drama_Stand_05_Loop	0	1	0	6
skygarden	1002	1000014	101091	225.6529998779297	233.697998046875	898.2899780273438	0.0	239.5999755859375	0.0	0	0	Drama_Stand_04_Loop	0	1	0	6
skygarden	1002	1000015	101116	274.1499938964844	235.4530029296875	908.6599731445312	0.0	74.20000457763672	0.0	0	0	Drama_Stand_03_Loop	0	1	0	6
skygarden	1002	1000016	101019	224.21800231933594	233.82139587402344	898.823974609375	0.0	229.1999969482422	0.0	0	0	Sit_01_Loop	0	1	0	6
skygarden	1002	1000017	101360	275.91693115234375	235.47799682617188	909.2701416015625	0.0	245.69998168945312	0.0	0	0	Drama_Stand_07_Loop	0	1	0	6
skygarden	1002	1000018	101359	223.1314239501953	233.71400451660156	918.4063720703125	0.0	299.20001220703125	0.0	0	0	Drama_Stand_03_Loop	0	1	0	6
skygarden	1002	1000019	101150	221.95901489257812	233.71200561523438	919.3319702148438	0.0	154.59999084472656	0.0	0	0	Drama_Stand_05_Loop	0	1	0	6
skygarden	1002	1000020	101275	227.1750030517578	233.69900512695312	904.8480224609375	0.0	44.29999542236328	0.0	0	0	Drama_Shy1_Loop	0	1	0	6
skygarden	1002	1000021	101083	245.5500030517578	233.572998046875	934.9199829101562	0.0	147.1000213623047	0.0	0	0	Drama_Stand_01_Loop	0	1	0	6
skygarden	1002	1000022	101273	218.52499389648438	234.5449981689453	910.9539794921875	0.0	90.0	0.0	0	0	Drama_Special_01_Loop	0	1	0	6
skygarden	1002	1000023	101290	268.6199951171875	233.60000610351562	934.4400024414062	0.0	180.0	0.0	0	0	Drama_Stand_01_Loop	1	0	0	2
skygarden	1002	1000024	101096	268.3089904785156	233.57000732421875	932.3994750976562	0.0	0.0	0.0	0	0	Drama_Stand_03_Loop	0	1	0	6
skygarden	1002	1000025	101358	242.364990234375	233.58099365234375	913.85498046875	0.0	308.79998779296875	0.0	0	0	Drama_Stand_08_Loop	0	1	0	6
skygarden	1002	1000026	101019	243.0912628173828	233.5679931640625	917.75	0.0	230.00001525878906	0.0	0	0	Drama_Stand_05_Loop	0	1	0	6
skygarden	1002	1000027	101122	240.61000061035156	233.82139587402344	918.0499877929688	0.0	118.69998931884766	0.0	0	0	Drama_Stand_01_Loop	0	1	0	6
skygarden	1002	1000028	101124	268.3500061035156	235.7100067138672	916.7999877929688	0.0	0.0	0.0	0	0	Drama_Stand_01_Loop	0	1	0	6
skygarden	1002	1000029	101326	270.4771728515625	233.57400512695312	891.3900756835938	0.0	186.20001220703125	0.0	0	0	Drama_Stand_03_Loop	0	1	0	6
skygarden	1002	1000034	101360	243.27001953125	233.572998046875	901.010009765625	0.0	236.40000915527344	0.0	0	0		0	1	0	6
skygarden	1002	1000035	101153	241.7315673828125	233.56900024414062	900.8701171875	0.0	79.9000015258789	0.0	0	0	Drama_Stand_03_Loop	0	1	0	6
skygarden	1002	1000036	101278	242.57000732421875	233.56199645996094	899.52001953125	0.0	0.4000031352043152	0.0	0	0	Drama_Stand_01_Loop	0	1	0	6
skygarden	1002	1000037	101332	288.4200134277344	233.5590057373047	898.7001342773438	0.0	0.0	0.0	0	0	Drama_Stand_08_Loop	0	1	0	6
skygarden	1002	1000038	101290	255.5800018310547	233.5709991455078	881.5599975585938	0.0	325.6000061035156	0.0	0	0	Drama_Stand_01_Loop	0	1	0	6
skygarden	1002	1000039	101289	255.52999877929688	233.57000732421875	883.5700073242188	0.0	226.69998168945312	0.0	0	0	Drama_Stand_01_Loop	0	1	0	6
skygarden	1002	1000040	101095	253.77789306640625	233.82139587402344	882.3720092773438	0.0	60.000003814697266	0.0	0	0	Drama_Stand_01_Loop	0	1	0	6
skygarden	1002	1000041	101329	243.64999389648438	224.49000549316406	919.8200073242188	0.0	30.00000762939453	0.0	0	0	Drama_Stand_09_Loop	0	1	0	6
skygarden	1002	1000042	101359	277.509521484375	224.46200561523438	929.5995483398438	0.0	49.899986267089844	0.0	0	0	Drama_Stand_08_Loop	0	1	0	6
skygarden	1002	1000043	101360	276.00616455078125	224.4720001220703	891.9984741210938	0.0	71.54000091552734	0.0	0	0	Drama_Stand_08_Loop	0	1	0	6
skygarden	1002	1000044	101285	278.17999267578125	224.50140380859375	927.8499755859375	0.0	0.0	0.0	0	0	Drama_Stand_01_Loop	0	1	0	6
skygarden	1002	1000045	101282	280.3599853515625	224.50140380859375	927.1400146484375	0.0	9.49999713897705	0.0	0	0	Drama_Stand_01_Loop	0	1	0	6
skygarden	1002	1000046	101328	296.9599914550781	224.4720001220703	904.7100219726562	0.0	0.0	0.0	0	0	Drama_Stand_01_Loop	0	1	0	6
skygarden	1002	1000047	101340	284.0899963378906	233.57400512695312	921.5330200195312	0.0	221.239990234375	0.0	0	0	Drama_Stand_15_Loop	0	1	0	6
skygarden	1002	1000048	101283	280.6690673828125	224.46600341796875	893.6859741210938	0.0	270.0	0.0	0	0	Drama_Shy1_Loop	0	1	0	6
skygarden	1002	1000049	101124	278.8080139160156	224.50140380859375	890.2080078125	0.0	347.5199890136719	0.0	0	0	Drama_Stand_01_Loop	0	1	0	6
skygarden	1002	1000050	101082	261.6564025878906	224.45700073242188	885.0774536132812	0.0	0.0	0.0	0	0	Drama_Stand_01_Loop	0	1	0	6
skygarden	1002	1000051	101081	262.0010070800781	224.45399475097656	886.1967163085938	0.0	180.0	0.0	0	0	Drama_Stand_08_Loop	0	1	0	6
skygarden	1002	1000052	101358	300.227294921875	224.4510040283203	916.3663330078125	0.0	296.5	0.0	0	0	Drama_Stand_08_Loop	0	1	0	6
skygarden	1002	1000053	101248	298.97900390625	224.45199584960938	917.1409912109375	0.0	123.4000015258789	0.0	0	0	Drama_Stand_01_Loop	0	1	0	6
skygarden	1002	1000054	101283	348.92999267578125	224.50100708007812	901.719970703125	0.0	218.33998107910156	0.0	0	0	Drama_Stand_11_Loop	0	1	0	6
skygarden	1002	1000055	101248	264.1600036621094	225.84800720214844	903.5869750976562	0.0	90.0	0.0	0	0	Drama_NPC_Argue_Loop	0	1	0	6
skygarden	1002	1000056	101278	265.5195617675781	225.8330078125	903.7599487304688	0.0	245.59999084472656	0.0	0	0	Drama_Stand_04_Loop	0	1	0	6
skygarden	1002	1000057	101280	347.79998779296875	224.4969940185547	902.5599975585938	0.0	172.1000213623047	0.0	0	0	Drama_Stand_01_Loop	0	1	0	1
skygarden	1002	1000058	101355	356.32000732421875	224.37100219726562	917.8499755859375	0.0	33.700008392333984	0.0	0	0	Drama_Stand_09_Loop	0	1	0	6
skygarden	1002	1000059	101285	357.4700012207031	224.3699951171875	916.9400024414062	0.0	47.5	0.0	0	0	Drama_Stand_01_Loop	0	1	0	6
skygarden	1002	1000060	101318	364.1400146484375	224.39300537109375	906.49462890625	0.0	0.0	0.0	0	0	Drama_Stand_06_Loop	0	1	0	6
skygarden	1002	1000061	101181	361.3999938964844	224.3699951171875	915.5499877929688	0.0	180.0	0.0	0	0	Stand1_Loop	0	1	0	6
skygarden	1002	1000062	101124	358.4272155761719	224.65455627441406	905.3259887695312	0.0	0.0	0.0	0	0	Drama_Stand_01_Loop	0	1	0	6
skygarden	1002	1000063	101095	359.605712890625	224.65455627441406	906.2680053710938	0.0	0.0	0.0	0	0	Drama_Stand_01_Loop	0	1	0	6
skygarden	1002	1000030	101289	278.967041015625	224.50140380859375	930.7310180664062	0.0	211.8999786376953	0.0	0	0	Drama_Stand_01_Loop	0	1	0	6
skygarden	1002	1000064	101289	281.7130126953125	224.50140380859375	929.093994140625	0.0	211.8999786376953	0.0	0	0	Drama_Stand_01_Loop	0	1	0	6
skygarden	1002	1000065	101289	278.0169982910156	224.50140380859375	892.4180297851562	0.0	0.0	0.0	0	0	Drama_Die01_Loop	0	1	0	6
skygarden	1002	1000066	101290	278.84442138671875	224.50140380859375	895.030029296875	0.0	180.0	0.0	0	0	Drama_Stand_01_Loop	0	1	0	6
skygarden	1002	1000031	101357	225.85000610351562	233.70399475097656	923.510009765625	0.0	295.0	0.0	0	0	Drama_Stand_09_Loop	0	1	0	6
skygarden	1002	1000032	101279	224.50599670410156	233.8350067138672	922.7620239257812	0.0	321.6199951171875	0.0	0	0	Sit_01_Loop	0	1	0	6
skygarden	1002	1000033	101301	271.8760070800781	225.85000610351562	909.8460083007812	0.0	270.0	0.0	1	0	Drama_Stand_12_Loop	1	0	0	2
skygarden	2001	600001	101168	597.4368286132812	187.1055908203125	1087.9757080078125	0.0	338.057373046875	0.0	1	0	Wall_01_Loop	0	0	0	1
skygarden	2001	600002	101132	596.008056640625	187.10557556152344	1087.725830078125	0.0	66.90166473388672	0.0	1	0	Drama_Stand_03_Loop	0	0	0	1
skygarden	2001	600004	101078	613.7000122070312	189.9197998046875	1185.262939453125	0.0	179.65536499023438	0.0	1	0		0	0	0	1
skygarden	2001	600005	101080	613.4385986328125	189.9197998046875	1183.44384765625	0.0	0.0	0.0	1	0		0	0	0	1
skygarden	2001	600007	101147	614.7750244140625	190.01600646972656	1188.031005859375	0.0	57.044254302978516	0.0	1	0	Drama_Stand_03_Loop	0	0	0	1
skygarden	2001	600008	101129	613.8909912109375	190.0240020751953	1189.656005859375	0.0	60.032676696777344	0.0	1	0	Drama_Stand_08_Loop	1	0	0	1
skygarden	2001	600009	101131	612.9081420898438	189.99099731445312	1191.0660400390625	0.0	55.30155563354492	0.0	1	0	Drama_Stand_05_Loop	0	0	0	1
skygarden	2001	600010	101063	614.9863891601562	189.9949951171875	1192.39697265625	0.0	200.19229125976562	0.0	1	0	Drama_Stand_01_Loop	1	0	0	1
skygarden	2001	600011	101168	647.6099853515625	192.24000549316406	1264.2156982421875	0.0	148.07437133789062	0.0	1	0	StandPhone_Loop	0	0	0	1
skygarden	2001	600013	101075	585.757080078125	189.9197998046875	1211.2410888671875	0.0	189.2162628173828	0.0	1	0		1	0	0	1
skygarden	2001	600014	101168	601.1311645507812	187.1055908203125	1091.34130859375	0.0	344.51043701171875	0.0	1	0	Drama_Stand_01_Loop	1	0	0	1
skygarden	2001	600015	101114	605.9749755859375	189.2456817626953	1143.5980224609375	0.0	326.67193603515625	0.0	1	0	Drama_Stand_01_Loop	1	0	0	1
skygarden	2001	600016	101071	525.5750122070312	189.44171142578125	1160.06396484375	0.0	124.5282974243164	0.0	1	0		0	0	0	1
skygarden	2001	600017	101063	525.9879760742188	189.44146728515625	1157.8570556640625	0.0	279.83819580078125	0.0	1	0	Drama_Stand_01_Loop	1	0	0	1
skygarden	2001	600003	101157	672.370361328125	192.5959930419922	1190.943603515625	0.0	258.2957763671875	0.0	1	0	Drama_Stand_01_Loop	1	0	0	1
skygarden	2001	600018	101063	598.04052734375	189.2456817626953	1153.0223388671875	0.0	129.26210021972656	0.0	1	0	Drama_Stand_01_Loop	1	0	0	1
skygarden	2001	600020	101114	600.051025390625	189.24000549316406	1131.4420166015625	0.0	257.531005859375	0.0	1	0	Drama_Stand_01_Loop	1	0	0	1
skygarden	2001	600021	101063	598.40234375	189.24566650390625	1153.4036865234375	0.0	128.9830322265625	0.0	1	0	Drama_Stand_01_Loop	1	0	0	1
skygarden	2001	600022	101114	600.1397705078125	189.2456817626953	1131.6585693359375	0.0	257.531005859375	0.0	1	0	Drama_Stand_01_Loop	1	0	0	1
skygarden	2003	500001	101157	551.2786254882812	168.6060028076172	1146.800537109375	0.0	139.3147735595703	0.0	1	0	Drama_Stand_08_Loop	1	0	0	2
skygarden	2003	500002	101160	533.9459838867188	168.56491088867188	1153.2149658203125	0.0	258.736083984375	0.0	1	0	Drama_Stand_08_Loop	1	0	0	2
skygarden	2003	500003	101106	544.1699829101562	168.58200073242188	1173.6873779296875	0.0	102.98621368408203	0.0	1	0	Drama_Stand_05_Loop	1	0	0	2
skygarden	2003	500004	101081	569.2135620117188	168.58334350585938	1193.686767578125	0.0	157.8955078125	0.0	1	0	Drama_Stand_01_Loop	1	0	0	2
skygarden	2003	500005	101106	539.7345581054688	168.56491088867188	1135.2408447265625	0.0	0.0	0.0	1	0	Drama_Stand_01_Loop	1	0	0	2
skygarden	2003	500006	101030	559.3971557617188	169.4990997314453	1178.1826171875	0.0	148.5458526611328	0.0	1	0	Drama_Stand_01_Loop	0	0	0	1
skygarden	2003	500007	101056	557.8873291015625	169.44482421875	1175.2847900390625	0.0	96.35340881347656	0.0	1	0	Drama_Stand_08_Loop	0	0	0	1
skygarden	2003	500008	101049	560.8604125976562	169.4990997314453	1176.9415283203125	0.0	140.3048095703125	0.0	1	0	Drama_Stand_08_Loop	1	0	0	1
skygarden	2003	500009	101096	557.6644287109375	169.4990997314453	1176.4169921875	0.0	87.31633758544922	0.0	1	0	Drama_Stand_01_Loop	1	0	0	1
skygarden	2003	500010	101053	560.614990234375	169.44482421875	1178.384033203125	0.0	163.53977966308594	0.0	1	0	Drama_Stand_08_Loop	1	0	0	1
skygarden	2003	500012	101070	556.260009765625	181.79200744628906	1182.8289794921875	0.0	203.489501953125	0.0	1	0	Drama_Stand_01_Loop	1	0	0	1
skygarden	2003	500013	101030	550.8007202148438	181.83062744140625	1171.08349609375	0.0	336.5603942871094	0.0	1	0	Drama_Stand_05_Loop	1	0	0	1
skygarden	2003	500014	101001	551.2440185546875	181.83062744140625	1172.2120361328125	0.0	245.91763305664062	0.0	1	0	Drama_Stand_03_Loop	1	0	0	1
skygarden	2003	500015	101070	551.8170166015625	168.65333557128906	1186.9000244140625	0.0	125.50727844238281	0.0	1	0	Drama_Stand_01_Loop	1	0	0	2
skygarden	2003	500017	101070	534.2000122070312	168.6233367919922	1176.56005859375	0.0	77.1823501586914	0.0	1	0	Drama_Stand_01_Loop	1	0	0	2
skygarden	2003	500018	101081	580.1759643554688	167.66015625	1111.1519775390625	0.0	246.24400329589844	0.0	1	0	Drama_Stand_08_Loop	1	0	0	2
skygarden	2003	500019	101106	580.1817626953125	167.6201629638672	1109.2943115234375	0.0	303.426025390625	0.0	1	0	Drama_Stand_05_Loop	1	0	0	2
skygarden	2003	500020	101128	616.2130126953125	157.4219970703125	1298.4429931640625	0.0	206.8880157470703	0.0	1	0	Sit_02_Loop	1	0	0	2
skygarden	2003	500021	101040	540.382568359375	189.2856903076172	1196.9940185546875	0.0	279.97979736328125	0.0	1	0	Drama_Stand_08_Loop	1	0	0	2
skygarden	2003	500022	101081	538.6869506835938	168.58334350585938	1157.6329345703125	0.0	58.867549896240234	0.0	1	0	Drama_Stand_05_Loop	1	0	0	2
skygarden	2003	500023	101106	561.8909912109375	169.4591064453125	1170.4326171875	0.0	289.5378112792969	0.0	1	0	Drama_Stand_01_Loop	1	0	0	2
skygarden	2003	500024	101074	559.1890258789062	190.16000366210938	1123.8056640625	0.0	0.0	0.0	1	0	Drama_Stand_01_Loop	1	0	0	2
skygarden	2003	500025	101076	693.2950439453125	157.6320037841797	1214.513427734375	0.0	117.17414855957031	0.0	1	0	Drama_Stand_01_Loop	1	0	0	2
skygarden	2003	500028	101037	631.1199951171875	192.28900146484375	1258.9329833984375	0.0	49.61860656738281	0.0	1	0	Drama_Stand_01_Loop	1	0	0	2
skygarden	2003	500029	101077	574.6279907226562	145.3699951171875	1390.7779541015625	0.0	246.5558624267578	0.0	1	0	Drama_Stand_01_Loop	1	0	0	2
skygarden	2003	500026	101133	631.7582397460938	192.32533264160156	1260.735595703125	0.0	158.05886840820312	0.0	1	0	Drama_Stand_08_Loop	1	0	0	2
skygarden	2003	500016	101076	675.5276489257812	157.25967407226562	1219.0028076171875	0.0	88.35025024414062	0.0	1	0	Drama_Stand_01_Loop	1	0	0	2
skygarden	2003	500027	101160	534.54296875	168.5433349609375	1175.5140380859375	0.0	82.87406921386719	0.0	1	0	Drama_Stand_01_Loop	0	0	0	2
skygarden	2003	500030	101157	534.5587158203125	168.58334350585938	1177.5408935546875	0.0	114.25475311279297	0.0	1	0	Drama_Stand_01_Loop	0	0	0	2
skygarden	2003	500011	101012	603.8369750976562	187.63363647460938	1081.4776611328125	0.0	0.0	0.0	1	0		1	0	0	1
skygarden	2006	1300001	101177	573.9299926757812	191.91110229492188	833.8599853515625	0.0	0.0	0.0	0	0		0	0	0	1
skygarden	2007	1700001	101178	567.9409790039062	192.7689971923828	841.4219970703125	-0.0	0.0	0.0	0	10607801	Drama_Stand_01_Loop	1	0	0	1
skygarden	2008	1600001	101292	588.0443725585938	194.08299255371094	1003.130615234375	0.0	188.37310791015625	0.0	0	10609401		1	0	0	1
skygarden	2008	1600002	101366	540.3380126953125	192.4409942626953	884.1749877929688	-0.0	133.2920684814453	-0.0	0	0	Stand_02_Loop	0	1	0	5
skygarden	2008	1600003	101366	539.8822021484375	191.91720581054688	882.8156127929688	-0.0	0.0	0.0	0	0	GetDown_01_Loop	0	1	0	5
skygarden	2008	1600004	101364	473.0299987792969	193.58700561523438	1007.7789916992188	0.0	327.611328125	0.0	0	0	Idle_02_Loop	0	1	0	5
skygarden	2008	1600005	101366	538.5	191.91720581054688	879.280029296875	-0.0	148.5763397216797	-0.0	0	0	Idle_03_Loop	0	1	0	5
skygarden	2009	1800001	101011	509.05999755859375	193.48300170898438	1017.760009765625	-0.0	87.3197250366211	-0.0	1	0	Drama_Stand_01_Loop	1	1	0	1
skygarden	2009	1800002	101063	466.1476745605469	193.65545654296875	1030.697021484375	-0.0	0.0	0.0	0	10602901	Drama_Stand_01_Loop	1	0	0	1
skygarden	2009	1800003	101130	548.2659912109375	192.35650634765625	840.1301879882812	0.0	277.6466979980469	0.0	0	0	Drama_Stand_05_Loop	0	1	0	1
skygarden	2009	1800004	101051	586.7716674804688	192.3565216064453	851.3491821289062	0.0	289.2892150878906	0.0	0	0	Drama_Stand_03_Loop	0	1	0	1
skygarden	2009	1800005	101030	585.71630859375	192.37022399902344	842.2671508789062	-0.0	143.56300354003906	-0.0	0	0	Drama_Stand_06_Loop	0	1	0	1
skygarden	2009	1800006	101108	572.5419921875	192.75999450683594	833.6209716796875	-0.0	80.662841796875	-0.0	0	0	Sit_01_Loop	0	1	0	1
skygarden	2009	1800007	101260	521.6151123046875	191.91720581054688	849.5462646484375	0.0	266.62548828125	0.0	0	0	Drama_Stand_08_Loop	0	1	0	1
skygarden	2009	1800008	101044	602.8406982421875	191.9974822998047	834.2680053710938	0.0	344.9821472167969	0.0	0	0	Drama_Stand_05_Loop	0	1	0	1
skygarden	2009	1800009	101042	602.8939819335938	191.9974822998047	835.3040161132812	0.0	186.9088134765625	0.0	0	0	Drama_Stand_03_Loop	0	1	0	1
skygarden	2009	1800011	101029	567.1799926757812	192.7738037109375	843.8082885742188	0.0	189.9905242919922	0.0	0	0	Drama_Stand_06_Loop	0	1	0	1
skygarden	2009	1800013	101047	550.594970703125	192.36500549316406	836.2230224609375	0.0	183.14752197265625	0.0	0	0	Sit_02_Loop	0	1	0	1
skygarden	2009	1800014	101301	514.3618774414062	193.4375	1019.1426391601562	-0.0	0.0	0.0	0	10609701		1	0	0	1
skygarden	2009	1800015	101204	534.0579833984375	192.00100708007812	833.5579833984375	0.0	317.7519226074219	0.0	0	0	Sit_02_Loop	0	1	0	1
skygarden	2009	1800018	101186	585.1847534179688	192.3565216064453	850.808349609375	-0.0	96.30178833007812	-0.0	0	0	Drama_Stand_05_Loop	0	1	0	1
skygarden	2009	1800019	101072	544.4669799804688	192.4518280029297	871.125	-0.0	10.49718952178955	-0.0	0	0	Watering_01_Loop	0	1	0	1
skygarden	2009	1800020	101168	569.1424560546875	192.78399658203125	840.4949951171875	-0.0	11.32264232635498	-0.0	0	0	Sit_02_Loop	0	1	0	1
skygarden	2009	1800021	101154	542.218994140625	192.33999633789062	839.2579956054688	0.0	250.11373901367188	0.0	0	0	Drama_Stand_03_Loop	0	1	0	1
skygarden	2009	1800022	101153	541.9739379882812	192.33399963378906	838.4032592773438	0.0	305.254150390625	0.0	0	0	Drama_Stand_07_Loop	0	1	0	1
skygarden	2009	1800010	101204	535.3629760742188	192.0045928955078	839.8319702148438	0.0	237.22943115234375	0.0	0	0	Drama_Stand_05_Loop	0	1	0	5
skygarden	2009	1800025	101206	575.8679809570312	192.74600219726562	840.6640014648438	-0.0	51.25955581665039	-0.0	0	0	Drama_Stand_05_Loop	0	1	0	1
skygarden	2009	1800026	101246	564.06201171875	192.11599731445312	882.2645263671875	0.0	193.27671813964844	0.0	0	0	Drama_Stand_09_Loop	0	1	0	1
skygarden	2009	1800028	101261	592.1199951171875	191.92300415039062	886.676025390625	0.0	242.44705200195312	0.0	0	0	Sit_03_Loop	0	1	0	1
skygarden	2009	1800029	101262	590.9710083007812	191.91720581054688	886.1329956054688	-0.0	42.48867416381836	-0.0	0	0	Drama_Stand_06_Loop	0	1	0	1
skygarden	2009	1800030	101274	601.0419921875	192.25900268554688	854.7410278320312	-0.0	85.14173126220703	-0.0	0	0	Drama_Stand_05_Loop	0	1	0	1
skygarden	2009	1800031	101240	585.2943115234375	191.91720581054688	871.5996704101562	-0.0	153.94522094726562	-0.0	0	0	StandPhone_Loop	0	1	0	1
skygarden	2009	1800035	101184	547.2730102539062	192.3489990234375	852.2239990234375	0.0	248.8619842529297	0.0	0	0	Drama_Stand_12_Loop	0	1	0	1
skygarden	2009	1800037	101072	588.3729858398438	192.56271362304688	864.3319702148438	0.0	222.76373291015625	0.0	0	0	Watering_01_Loop	0	1	0	1
skygarden	2009	1800038	101073	595.60400390625	191.91720581054688	881.9229736328125	0.0	255.51800537109375	0.0	0	0	Sweep_01_Loop	0	1	0	1
skygarden	2009	1800039	101072	582.2760009765625	192.33399963378906	880.073974609375	-0.0	148.71536254882812	-0.0	0	0	Watering_01_Loop	0	1	0	1
skygarden	2009	1800040	101071	562.4844970703125	192.7738037109375	829.5708618164062	-0.0	0.0	0.0	0	0		0	1	0	1
skygarden	2009	1800033	101059	569.0980224609375	192.74600219726562	830.5230102539062	0.0	295.95037841796875	0.0	0	0	Sit_02_Loop	0	1	0	1
skygarden	2009	1800034	101163	572.0115356445312	192.1217803955078	888.4083862304688	0.0	322.93231201171875	0.0	0	0	StandPhone_Loop	0	1	0	1
skygarden	2009	1800036	101048	519.722900390625	191.94757080078125	811.5360107421875	-0.0	0.0	0.0	0	0	Sit_01_Loop	0	1	0	1
skygarden	2009	1800043	101360	534.6209716796875	191.93299865722656	878.0360107421875	-0.0	133.8900146484375	-0.0	0	0	Sit_03_Loop	0	1	0	1
skygarden	2009	1800044	101357	535.6043701171875	191.91720581054688	877.0260009765625	0.0	331.38751220703125	0.0	0	0	Drama_Stand_06_Loop	0	1	0	1
skygarden	2010	1400001	101177	557.7979736328125	192.13125610351562	1048.81005859375	0.0	90.16455841064453	0.0	1	0	Drama_Stand_01_Loop	1	0	0	2
skygarden	2011	1500001	101010	516.6329956054688	189.6320037841797	997.1939697265625	0.0	48.202762603759766	0.0	1	0	Drama_Stand_01_Loop	1	0	0	1
skygarden	2011	1500003	101171	525.099365234375	189.6375274658203	1001.7745971679688	0.0	283.7156982421875	0.0	1	0	Drama_Stand_01_Loop	1	0	0	1
skygarden	2011	1500004	101030	501.50457763671875	193.45364379882812	1022.0421142578125	0.0	91.01622009277344	0.0	1	0	Drama_Tpose_Loop	0	0	0	1
skygarden	2011	1500005	101156	465.5710144042969	193.3300018310547	1020.322021484375	0.0	283.66131591796875	0.0	1	0	Drama_Sit_05_Loop	0	0	0	1
skygarden	2011	1500006	101265	488.1730041503906	193.46600341796875	1031.2640380859375	0.0	262.69403076171875	0.0	1	0		0	0	0	1
skygarden	2011	1500007	101276	488.4410095214844	189.8089599609375	996.43798828125	271.7791748046875	18.017288208007812	200.6562957763672	1	0	Sit_01_Loop	0	0	0	1
skygarden	2011	1500008	101031	532.2379760742188	186.55499267578125	956.5880126953125	296.8133544921875	86.7922592163086	271.8600769042969	1	0	Drama_Stand_01_Loop	0	0	0	0
skygarden	2011	1500009	101040	499.8180236816406	189.14500427246094	974.2689208984375	0.0	90.85374450683594	0.0	1	0	Drama_Stand_06_Loop	0	0	0	0
skygarden	2011	1500010	101082	480.35357666015625	186.54595947265625	955.1233520507812	0.0	288.47320556640625	0.0	1	0		0	0	0	1
skygarden	2011	1500011	101082	526.2100219726562	189.62100219726562	1002.5399780273438	0.0	274.83087158203125	0.0	1	6047		1	0	0	1
skygarden	2011	1500012	101030	503.43701171875	185.88473510742188	955.1552124023438	0.0	0.0	0.0	1	0	Drama_Stand_07_Loop	1	0	0	0
skygarden	2011	1500013	101082	507.06201171875	185.8800048828125	959.9130249023438	0.0	202.15933227539062	0.0	1	6047		1	0	0	1
skygarden	2011	1500014	101218	478.9289855957031	186.54595947265625	955.14501953125	0.0	272.0342712402344	0.0	1	0	Wall_01_Loop	0	0	0	0
skygarden	2011	1500015	101082	585.8900756835938	194.06788635253906	1002.4630737304688	0.0	18.282115936279297	0.0	1	6047	Drama_Stand_07_Loop	1	0	0	1
skygarden	2011	1500016	101285	586.721923828125	194.06788635253906	1004.66943359375	0.0	203.8904266357422	0.0	1	0	Drama_Stand_08_Loop	0	0	0	3
skygarden	2011	1500017	101223	590.7930908203125	194.06788635253906	1022.9467163085938	0.0	287.05682373046875	0.0	1	6086		0	0	0	1
skygarden	2011	1500018	101196	606.8309936523438	194.0659942626953	1000.9439697265625	0.0	0.0	0.0	1	0		0	0	0	1
skygarden	2011	1500019	101039	608.3489990234375	194.06399536132812	1000.8280029296875	0.0	348.424560546875	0.0	1	0	Drama_Stand_05_Loop	0	0	0	1
skygarden	2011	1500020	101208	571.203369140625	194.5609893798828	974.8865356445312	0.0	0.0	0.0	1	6002		0	0	0	1
skygarden	2011	1500021	101254	586.0269775390625	192.37022399902344	853.5189819335938	0.0	111.30757141113281	0.0	1	0	Drama_Laugh_01_Loop	0	0	0	1
skygarden	2011	1500022	101189	567.593994140625	192.98599243164062	826.7880249023438	270.9948425292969	98.6429214477539	174.8290557861328	1	0	Drama_Tpose_Loop	0	0	0	1
skygarden	2011	1500023	101086	531.256591796875	192.021484375	835.576171875	0.0	102.4417495727539	0.0	1	0	Drama_Photo_01_Loop	0	0	0	0
skygarden	2011	1500024	101292	564.1543579101562	190.5330352783203	909.735107421875	0.0	28.391538619995117	0.0	1	0	Drama_Stand_21_Loop	0	0	0	1
skygarden	2011	1500025	101171	565.2000122070312	190.5330352783203	909.530029296875	0.0	0.0	0.0	1	0	Drama_Stand_06_Loop	1	0	0	1
skygarden	2011	1500026	101082	565.2974243164062	190.5330352783203	911.758056640625	0.0	191.68948364257812	0.0	1	6047		1	0	0	1
skygarden	2011	1500027	101363	600.2360229492188	192.6060028076172	831.5819702148438	0.0	0.0	0.0	1	0	Drama_Stand_01_Loop	0	0	0	1
skygarden	2011	1500002	101030	502.74700927734375	185.88340759277344	955.2032470703125	0.0	0.0	0.0	1	0	Drama_Stand_07_Loop	1	0	0	1
skygarden	2011	1500028	101180	599.6302490234375	192.0290069580078	831.5763549804688	0.0	0.12191703915596008	0.0	1	0	Drama_Stand_09_Loop	1	0	0	1
skygarden	2011	1500029	101112	515.0430297851562	193.49600219726562	1022.5889892578125	0.0	271.8636169433594	0.0	1	0		0	0	0	3
skygarden	2011	1500030	101209	478.3320007324219	192.7220001220703	1024.366943359375	0.0	247.46603393554688	0.0	1	0	Drama_Stand_05_Loop	0	0	0	3
skygarden	2011	1500031	101107	497.69903564453125	193.4739990234375	1009.5249633789062	0.0	328.8639831542969	0.0	1	0	Sit_01_Loop	0	0	0	1
skygarden	2011	1500032	101113	496.72601318359375	193.50100708007812	1008.8779907226562	0.0	328.1826171875	0.0	1	0	Sit_01_Loop	0	0	0	3
skygarden	2011	1500033	101012	492.41400146484375	189.6071319580078	994.4140014648438	0.0	320.1797790527344	0.0	1	0		0	0	0	3
skygarden	2011	1500034	101254	523.39599609375	185.92520141601562	959.6790161132812	0.0	0.0	0.0	1	0		0	0	0	3
skygarden	2011	1500035	101010	522.5459594726562	185.92520141601562	959.6614990234375	0.0	0.0	0.0	1	0		0	0	0	3
skygarden	2011	1500036	101059	504.0360107421875	189.12173461914062	980.239013671875	0.0	221.6359405517578	0.0	1	0	Drama_Stand_05_Loop	0	0	0	3
skygarden	2011	1500037	101102	504.0299987792969	189.12173461914062	981.4400024414062	0.0	249.0245361328125	0.0	1	0		0	0	0	3
skygarden	2011	1500038	101029	588.0281372070312	194.06788635253906	988.5946044921875	0.0	0.0	0.0	1	0		0	0	0	3
skygarden	2011	1500039	101030	591.5070190429688	194.130859375	999.3690185546875	0.0	0.0	0.0	1	0		0	0	0	3
skygarden	2011	1500040	101144	576.0399780273438	194.56100463867188	972.31298828125	0.0	317.7428894042969	0.0	1	0	Sit_01_Loop	0	0	0	3
skygarden	2011	1500041	101102	574.1079711914062	194.6269989013672	973.708984375	0.0	86.41842651367188	0.0	1	0	Sit_03_Loop	0	0	0	3
skygarden	2011	1500042	101187	578.4611206054688	192.37022399902344	855.7734985351562	0.0	119.64386749267578	0.0	1	0		0	0	0	3
skygarden	2011	1500043	101207	577.862548828125	192.37022399902344	855.0657958984375	0.0	83.97429656982422	0.0	1	0		0	0	0	3
skygarden	2011	1500044	101160	541.4000244140625	192.37022399902344	832.260009765625	0.0	272.12554931640625	0.0	1	0		0	0	0	3
skygarden	2011	1500045	101030	542.030029296875	192.37022399902344	830.2899780273438	0.0	283.5888671875	0.0	1	0		0	0	0	3
skygarden	2011	1500046	101082	503.67999267578125	189.13999938964844	978.6400146484375	0.0	0.0	0.0	1	6047		0	0	0	1
skygarden	2011	1500047	101082	506.03900146484375	185.9340057373047	959.7670288085938	0.0	184.36119079589844	0.0	1	6047	Drama_Stand_01_Loop	1	0	0	1
skygarden	2011	1500048	101285	586.7218627929688	194.06788635253906	1004.6693115234375	0.0	203.88999938964844	0.0	1	0	Drama_Stand_08_Loop	0	0	0	3
skygarden	2011	1500049	101362	502.5400085449219	194.218994140625	1022.02099609375	0.0	90.87384033203125	0.0	1	0		0	0	0	1
skygarden	2011	1500050	101361	488.0790100097656	193.9029998779297	1032.5279541015625	0.0	99.54432678222656	0.0	1	0		0	0	0	1
skygarden	2011	1500051	101361	465.9070129394531	193.34666442871094	1020.0980224609375	0.0	88.1869888305664	0.0	1	0		0	0	0	1
skygarden	2011	1500052	101362	490.2640075683594	190.48300170898438	997.2830200195312	359.5849304199219	121.26873779296875	178.56655883789062	1	0		0	0	0	1
skygarden	2011	1500053	101361	503.4174499511719	186.68299865722656	955.3709716796875	0.0	0.0	0.0	1	0		0	0	0	1
skygarden	2011	1500054	101362	532.2361450195312	186.74000549316406	955.8469848632812	272.0255432128906	0.0	0.0	1	0		0	0	0	1
skygarden	2011	1500055	101362	500.33099365234375	189.9600067138672	974.2860107421875	0.0	88.24978637695312	0.0	1	0		0	0	0	1
skygarden	2011	1500056	101362	478.68499755859375	187.3455810546875	955.1060180664062	0.0	272.39215087890625	0.0	1	0		0	0	0	1
skygarden	2011	1500057	101361	586.2969970703125	194.45199584960938	1004.7830200195312	0.0	188.52670288085938	0.0	1	0		0	0	0	1
skygarden	2011	1500058	101362	590.7940063476562	194.0697021484375	1020.0659790039062	0.0	179.40301513671875	0.0	1	0		0	0	0	1
skygarden	2011	1500059	101362	607.239990234375	194.77000427246094	1001.0330200195312	0.0	269.6905822753906	0.0	1	0		0	0	0	1
skygarden	2011	1500060	101361	571.1891479492188	195.08399963378906	975.4672241210938	0.0	0.0	0.0	1	0		0	0	0	1
skygarden	2011	1500061	101361	585.6099853515625	193.02999877929688	853.4949951171875	0.0	0.0	0.0	1	0		0	0	0	1
skygarden	2011	1500062	101361	531.3040161132812	192.5290069580078	835.5609741210938	0.0	91.88941192626953	0.0	1	0		0	0	0	1
skygarden	2011	1500063	101361	568.3159790039062	193.30999755859375	826.7379760742188	275.235107421875	52.91809844970703	216.9667205810547	1	0		0	0	0	1
skygarden	2012	3500001	101371	323.6789855957031	287.2855224609375	228.32699584960938	-0.0	95.97518157958984	-0.0	0	10610801		1	-1	0	0
skygarden	2012	3500002	101115	343.5	127.03399658203125	172.85000610351562	0.0	203.19827270507812	0.0	0	10606401	Drama_Stand_01_Loop	1	1	0	0
skygarden	2012	3500003	101367	387.71099853515625	211.47320556640625	172.822998046875	0.0	205.81797790527344	0.0	0	10610401	Drama_Stand_01_Loop	1	1	0	0
skygarden	2012	3500004	101368	361.12677001953125	211.47320556640625	172.0600128173828	-0.0	0.0	0.0	0	10610501		1	1	0	0
skygarden	2017	3800004	101389	342.3320007324219	211.47320556640625	169.4550018310547	-0.0	36.99380111694336	-0.0	1	6088		1	0	0	1
skygarden	2017	3800006	101391	355.4840087890625	293.57000732421875	264.18798828125	-0.0	99.13262939453125	-0.0	1	0	Drama_Shy1_Loop	1	0	0	3
skygarden	2017	3800001	101382	292.62799072265625	126.66999816894531	156.04600524902344	-0.0	56.91012191772461	-0.0	0	10611701		1	1	0	0
skygarden	2018	4400001	101381	345.0060119628906	211.4759979248047	174.20799255371094	0.0	231.5809783935547	0.0	0	10611601		1	1	0	0
skygarden	3002	700001	101115	604.4340209960938	189.26499938964844	1147.468994140625	356.6619873046875	296.0520935058594	358.3695373535156	1	0	Drama_Stand_05_Loop	1	0	0	1
skygarden	3002	700002	101114	595.260009765625	150.8280029296875	1295.47998046875	0.0	26.535518646240234	0.0	1	0	Drama_Stand_05_Loop	1	0	0	1
skygarden	3002	700003	101115	554.7486572265625	169.410400390625	1165.53076171875	356.498046875	143.30857849121094	1.1723997592926025	1	0	Drama_Stand_05_Loop	1	0	0	1
skygarden	3002	700004	101063	570.3569946289062	144.5659942626953	1341.468017578125	0.0	121.04215240478516	0.0	1	0	Drama_Stand_01_Loop	0	0	0	1
skygarden	3002	700005	101165	594.47998046875	150.8509979248047	1298.9300537109375	0.0	32.22319030761719	0.0	1	0	Drama_Stand_05_Loop	1	0	0	1
skygarden	3002	700006	101115	606.4829711914062	189.25999450683594	1147.3310546875	355.73486328125	297.2740478515625	0.7051247358322144	1	0	Drama_Stand_08_Loop	1	0	0	1
skygarden	3002	700007	101063	605.6610107421875	189.26400756835938	1145.968017578125	0.0	322.19573974609375	0.0	1	0	Drama_Stand_01_Loop	1	0	0	1
skygarden	3002	700008	101252	595.418212890625	150.85400390625	1300.470947265625	0.0	252.718994140625	0.0	1	0	Drama_Stand_01_Loop	0	0	0	3
skygarden	3002	700009	101210	593.4489135742188	150.85000610351562	1300.178955078125	0.0	269.9530029296875	0.0	1	0	Drama_Stand_05_Loop	0	0	0	3
skygarden	3002	700010	101243	593.6920166015625	150.85000610351562	1298.85400390625	0.0	312.3599853515625	0.0	1	0	Drama_Stand_01_Loop	0	0	0	3
skygarden	4002	1	101127	552.8054809570312	169.44479370117188	1173.2509765625	0.0	0.0	0.0	0	0		0	0	0	0
skygarden	4004	200001	101119	564.6580200195312	169.44000244140625	1173.7969970703125	0.0	317.0	0.0	0	0		0	0	0	3
skygarden	4006	100004	101151	554.5535278320312	144.59300231933594	1391.3160400390625	0.0	340.3900146484375	0.0	0	0	Drama_Stand_03_Loop	0	1	0	5
skygarden	4006	100006	101130	553.8679809570312	144.64500427246094	1392.2120361328125	-0.0	123.87259674072266	-0.0	0	0	Sit_01_Loop	0	1	0	5
skygarden	4006	100007	101242	555.2930297851562	144.57699584960938	1392.2139892578125	0.0	275.510009765625	0.0	0	0	Drama_NPC_Argue_Loop	0	1	0	5
skygarden	4006	100008	101240	518.219970703125	144.56700134277344	1339.57421875	0.0	307.2565002441406	0.0	0	0	Drama_NPC_Argue_Loop	0	1	0	5
skygarden	4006	100010	101134	517.2999877929688	144.5800018310547	1339.93505859375	-0.0	122.27859497070312	-0.0	0	0	Sit_03_Loop	0	1	0	5
skygarden	4006	100014	101091	535.218017578125	146.027099609375	1314.77099609375	0.0	293.1585998535156	0.0	0	0		1	1	0	3
skygarden	4006	100018	101130	529.3699951171875	146.027099609375	1323.18994140625	-0.0	106.15679931640625	-0.0	0	0	StandPhone_Loop	0	1	0	5
skygarden	4006	100022	101130	516.2239990234375	145.16709899902344	1372.712158203125	0.0	280.4796142578125	0.0	0	0	Drama_Stand_05_Loop	0	1	0	5
skygarden	4006	100023	101150	524.3341064453125	145.16709899902344	1382.634765625	0.0	324.5132141113281	0.0	0	0	Drama_Stand_08_Loop	1	1	0	3
skygarden	4006	100024	101130	516.3806762695312	145.16709899902344	1371.539794921875	0.0	333.3644104003906	0.0	0	0	Drama_Stand_08_Loop	0	1	0	5
skygarden	4006	100025	101217	516.788330078125	145.16709899902344	1373.5491943359375	0.0	233.9813995361328	0.0	0	0	Drama_NPC_Argue_Loop	0	1	0	5
skygarden	4006	100028	101130	590.0369873046875	146.1529998779297	1403.7569580078125	0.0	218.5	0.0	0	0	Sit_03_Loop	0	1	0	5
skygarden	4006	100029	101130	588.8566284179688	146.19700622558594	1403.0799560546875	-0.0	88.05058288574219	-0.0	0	0	Drama_Stand_05_Loop	0	1	0	5
skygarden	4006	100030	101128	598.5089721679688	146.13800048828125	1397.9510498046875	0.0	212.41200256347656	0.0	0	0	Sit_02_Loop	0	1	0	5
skygarden	4006	100031	101243	611.60302734375	146.16110229492188	1367.8280029296875	-0.0	116.42729949951172	-0.0	0	0	Anger_01_Loop	0	1	0	5
skygarden	4006	100033	101012	612.5819702148438	146.1510009765625	1367.342041015625	0.0	257.8994140625	0.0	0	0	Sit_03_Loop	0	1	0	5
skygarden	4006	100034	101130	611.7562255859375	146.16110229492188	1366.7891845703125	-0.0	52.33169937133789	-0.0	0	0	Drama_Stand_05_Loop	0	1	0	5
skygarden	4006	100039	101152	551.7000122070312	143.6566925048828	1368.0699462890625	-0.0	168.85159301757812	-0.0	0	0		1	0	0	3
skygarden	4006	100043	101260	553.4747924804688	143.6566925048828	1347.976806640625	0.0	235.5	0.0	0	0		0	1	0	5
skygarden	4006	100044	101146	551.9872436523438	143.6566925048828	1347.326171875	-0.0	80.29999542236328	-0.0	0	0	Drama_Stand_03_Loop	0	1	0	5
skygarden	4006	100047	101130	498.97772216796875	143.55419921875	1369.4150390625	0.0	276.37847900390625	0.0	0	0	Drama_Stand_05_Loop	0	1	0	5
skygarden	4006	100049	101240	572.3074340820312	145.2917022705078	1371.2691650390625	0.0	332.70001220703125	0.0	0	0	Drama_NPC_Argue_Loop	0	1	0	5
skygarden	4006	100050	101130	571.0541381835938	145.2519989013672	1371.9913330078125	-0.0	116.29999542236328	-0.0	0	0	Drama_Stand_03_Loop	0	1	0	5
skygarden	4006	100053	101130	602.1589965820312	146.1750030517578	1369.5140380859375	-0.0	82.8991928100586	-0.0	0	0	Sit_02_Loop	0	1	0	5
skygarden	4006	100055	101132	600.0	146.1510009765625	1381.800048828125	-0.0	77.19999694824219	-0.0	0	0	Sit_01_Loop	0	1	0	5
skygarden	4006	100056	101104	600.8259887695312	146.16110229492188	1380.9847412109375	0.0	352.0788879394531	0.0	0	0	Drama_Stand_08_Loop	0	1	0	5
skygarden	4006	100057	101130	600.5089721679688	146.16110229492188	1382.6767578125	0.0	180.33340454101562	0.0	0	0	Drama_Stand_03_Loop	0	1	0	5
skygarden	4006	100052	101040	557.0459594726562	145.660400390625	1336.2171630859375	0.0	347.658203125	0.0	0	0		0	1	0	5
skygarden	4006	100017	101131	563.2779541015625	145.3300018310547	1394.052490234375	-0.0	168.0	-0.0	0	0		1	1	0	3
skygarden	4006	100058	101152	564.7360229492188	143.64500427246094	1357.3070068359375	0.0	263.5999755859375	0.0	0	0	Sit_01_Loop	0	1	0	5
skygarden	4006	100059	101250	563.6034545898438	143.64500427246094	1357.7984619140625	-0.0	110.56379699707031	-0.0	0	0	Drama_NPC_Argue_Loop	0	1	0	5
skygarden	4006	100060	101185	539.2943725585938	143.6566925048828	1352.6319580078125	-0.0	90.0	-0.0	0	0		1	1	0	5
skygarden	4006	100061	101234	541.02001953125	143.66200256347656	1351.5999755859375	0.0	303.39996337890625	0.0	0	0	Drama_NPC_Argue_Loop	0	1	0	5
skygarden	4006	100062	101136	540.5990600585938	143.6510009765625	1353.2559814453125	359.9819641113281	214.79998779296875	358.1090087890625	0	0	Drama_Stand_05_Loop	0	1	0	5
skygarden	4006	100064	101048	528.0919799804688	146.0240020751953	1317.156005859375	-0.0	121.10160827636719	-0.0	1	100063	Sit_02_Loop	0	1	0	5
skygarden	4006	100065	101138	537.4240112304688	146.01100158691406	1324.4530029296875	-0.0	126.86319732666016	-0.0	0	0	Sit_01_Loop	0	1	0	5
skygarden	4006	100066	101139	540.3410034179688	145.97799682617188	1322.405029296875	0.0	303.27880859375	0.0	0	0	Sit_03_Loop	0	1	0	5
skygarden	4006	100067	101051	526.5	144.55599975585938	1352.3199462890625	0.0	260.8125	0.0	0	0	StandPhone_Loop	0	1	0	5
skygarden	4006	100068	101244	518.0759887695312	145.16709899902344	1380.4439697265625	0.0	329.69720458984375	0.0	0	0		0	1	0	5
skygarden	4006	100070	101237	547.6722412109375	144.57699584960938	1381.0126953125	0.0	283.699951171875	0.0	0	0	Drama_NPC_Argue_Loop	0	1	0	5
skygarden	4006	100071	101055	546.5958251953125	144.57699584960938	1380.6563720703125	-0.0	63.59999084472656	-0.0	0	0	Drama_Stand_05_Loop	0	1	0	5
skygarden	4006	100072	101140	569.8460083007812	145.27699279785156	1365.1400146484375	-0.0	79.49356079101562	-0.0	0	0	Sit_02_Loop	0	1	0	5
skygarden	4006	100073	101141	582.3410034179688	145.27699279785156	1351.0889892578125	0.0	220.0030059814453	0.0	0	0	Sit_02_Loop	0	1	0	5
skygarden	4006	100074	101142	583.0469970703125	145.29299926757812	1350.5789794921875	0.0	213.9501953125	0.0	0	0	Sit_01_Loop	0	1	0	5
skygarden	4006	100075	101059	605.6370239257812	146.16110229492188	1383.5570068359375	-0.0	79.99005126953125	-0.0	0	0	Drama_Stand_01_Loop	0	1	0	5
skygarden	4006	100076	101153	571.6512451171875	146.16600036621094	1411.1695556640625	-0.0	169.2238006591797	-0.0	0	0	Drama_Stand_03_Loop	0	1	0	5
skygarden	4006	100077	101147	571.4860229492188	146.14779663085938	1409.7099609375	-0.0	21.656169891357422	-0.0	0	0	Drama_Stand_05_Loop	0	1	0	5
skygarden	4006	100002	101075	575.0089721679688	145.22300720214844	1368.0889892578125	0.0	269.8000183105469	0.0	0	0	Stand_01_Loop	1	0	0	2
skygarden	4006	100016	101269	558.760009765625	169.44479370117188	1172.1300048828125	0.0	298.2579040527344	0.0	0	0	Drama_Hawk_Loop	1	1	0	3
skygarden	4006	100015	101132	559.2119750976562	169.81900024414062	1165.623046875	-0.0	51.299983978271484	-0.0	0	0	Sit_03_Loop	0	1	0	5
skygarden	4006	100021	101157	561.7159423828125	169.44479370117188	1167.7030029296875	0.0	259.0299987792969	0.0	0	0	Drama_Stand_08_Loop	1	1	0	3
skygarden	4006	100026	101195	533.780029296875	168.50900268554688	1148.9840087890625	-0.0	34.5255126953125	-0.0	0	0		0	1	0	5
skygarden	4006	100027	101247	534.3900146484375	168.51100158691406	1150.199951171875	0.0	208.79998779296875	0.0	0	0		0	1	0	5
skygarden	4006	100032	101244	558.9240112304688	169.44400024414062	1183.4649658203125	-0.0	49.87800598144531	-0.0	0	0	Drama_NPC_Argue_Loop	0	1	0	5
skygarden	4006	100035	101126	560.406005859375	169.44500732421875	1183.301025390625	0.0	273.28997802734375	0.0	0	0		0	1	0	5
skygarden	4006	100036	101130	546.3300170898438	168.5279998779297	1157.5479736328125	0.0	180.0	0.0	0	0	Sit_01_Loop	0	1	0	5
skygarden	4006	100037	101153	551.4882202148438	169.44479370117188	1169.92822265625	0.0	293.2239990234375	0.0	0	0	Drama_Stand_03_Loop	0	1	0	5
skygarden	4006	100038	101263	550.0670166015625	169.44479370117188	1170.3289794921875	-0.0	104.79000854492188	-0.0	0	0		0	1	0	5
skygarden	4006	100040	101129	566.3270263671875	168.51499938964844	1206.4649658203125	-0.0	75.90523529052734	-0.0	0	100040	Sit_01_Loop	0	1	0	5
skygarden	4006	100041	101191	569.4190063476562	168.50599670410156	1207.1219482421875	0.0	260.9100036621094	0.0	0	100041	Sit_03_Loop	0	1	0	5
skygarden	4006	100046	101218	578.821044921875	168.494873046875	1207.4683837890625	356.89996337890625	209.1215057373047	9.084639032153063e-07	0	0	Drama_Stand_03_Loop	0	1	0	5
skygarden	4006	100051	101128	572.2940063476562	168.52999877929688	1194.323974609375	0.0	299.0999755859375	0.0	0	0	Drama_Stand_03_Loop	0	1	0	5
skygarden	4006	100054	101250	576.572998046875	168.5070037841797	1206.9530029296875	-0.0	71.99755859375	-0.0	0	0		0	1	0	5
skygarden	4006	100078	101130	578.1599731445312	168.5659942626953	1206.002197265625	-0.0	8.496635437011719	-0.0	0	0	Drama_Stand_06_Loop	0	1	0	5
skygarden	4006	100079	101134	569.8909912109375	168.5279998779297	1195.2889404296875	-0.0	85.90946960449219	-0.0	0	0	Sit_01_Loop	0	1	0	5
skygarden	4006	100080	101154	581.4459838867188	168.5279998779297	1192.6009521484375	0.0	290.7076416015625	0.0	0	0	Drama_Stand_05_Loop	0	1	0	5
skygarden	4006	100081	101126	547.1599731445312	168.5449981689453	1220.2440185546875	-0.0	0.0	0.0	0	0	Drama_Stand_05_Loop	0	1	0	5
skygarden	4006	100082	101127	542.6552124023438	168.5648956298828	1213.991943359375	-0.0	130.22329711914062	-0.0	0	0	Drama_Stand_03_Loop	0	1	0	5
skygarden	4006	100083	101129	543.1890258789062	168.58900451660156	1212.802001953125	-0.0	0.0	0.0	0	0	Drama_Stand_05_Loop	0	1	0	5
skygarden	4006	100084	101134	546.2999877929688	168.51300048828125	1195.5899658203125	0.0	221.20001220703125	0.0	0	0	Sit_01_Loop	0	1	0	5
skygarden	4006	100085	101155	543.9660034179688	168.50900268554688	1192.85205078125	-0.0	47.59999084472656	-0.0	0	0	Sit_02_Loop	0	1	0	5
skygarden	4006	100086	101155	512.3499755859375	168.5469970703125	1164.6800537109375	0.0	276.69488525390625	0.0	0	0	Drama_Stand_05_Loop	0	1	0	5
skygarden	4006	100087	101130	537.9059448242188	168.5648956298828	1164.93994140625	0.0	252.85150146484375	0.0	0	0		0	1	0	5
skygarden	4006	100088	101127	512.1400146484375	168.53700256347656	1163.3800048828125	0.0	306.2359924316406	0.0	0	0	Drama_Stand_01_Loop	0	1	0	5
skygarden	4006	100089	101157	573.6989135742188	169.44479370117188	1169.6259765625	-0.0	82.30000305175781	-0.0	0	0		1	1	0	3
skygarden	4006	100090	101161	563.697021484375	169.4239959716797	1167.239990234375	-0.0	78.5	-0.0	0	0		0	1	0	5
skygarden	4006	100091	101126	539.4619750976562	168.51199340820312	1186.947998046875	-0.0	24.999996185302734	-0.0	0	0	Sit_03_Loop	0	1	0	5
skygarden	4006	100092	101130	541.4509887695312	168.51199340820312	1190.1600341796875	0.0	209.8000030517578	0.0	0	0	Sit_02_Loop	1	1	0	5
skygarden	4006	100093	101119	564.6580200195312	169.44000244140625	1173.7969970703125	0.0	317.0	0.0	0	0	Drama_Stand_01_Loop	1	1	0	3
skygarden	4006	100069	101126	564.9299926757812	190.80099487304688	1174.9300537109375	-0.0	132.39999389648438	-0.0	0	0	Drama_Stand_06_Loop	1	1	0	3
skygarden	4006	100095	101210	548.0700073242188	189.2469940185547	1141.5400390625	0.0	240.45230102539062	0.0	0	0		0	1	0	5
skygarden	4006	100097	101080	572.9400024414062	190.0	1116.280029296875	-0.0	0.0	0.0	0	0	Drama_Stand_01_Loop	1	1	0	3
skygarden	4006	100098	101237	575.9432983398438	189.9949951171875	1113.39208984375	0.0	239.34451293945312	0.0	0	0		0	1	0	5
skygarden	4006	100099	101012	573.5894165039062	189.99400329589844	1114.1812744140625	-0.0	168.41676330566406	-0.0	0	0	Drama_Stand_04_Loop	0	1	0	5
skygarden	4006	100101	101243	592.84130859375	189.27200317382812	1150.62548828125	0.0	218.97218322753906	0.0	0	0		0	1	0	5
skygarden	4006	100106	101134	581.239990234375	190.02000427246094	1216.8599853515625	-0.0	123.31829833984375	-0.0	0	0		0	1	0	5
skygarden	4006	100107	101258	582.7100219726562	189.99000549316406	1216.050048828125	0.0	261.4683532714844	0.0	0	0	Drama_Stand_05_Loop	0	1	0	5
skygarden	4006	100108	101075	583.7798461914062	189.94000244140625	1208.651611328125	-0.0	150.41139221191406	-0.0	0	0	Stand_01_Loop	1	1	0	3
skygarden	4006	100109	101128	586.2999877929688	190.01499938964844	1211.760009765625	-0.0	92.43999481201172	-0.0	0	0	Drama_Stand_05_Loop	0	1	0	5
skygarden	4006	100112	101241	588.1699829101562	189.92999267578125	1208.685302734375	-0.0	0.0	0.0	0	0	Drama_NPC_Argue_Loop	0	1	0	5
skygarden	4006	100113	101204	577.4099731445312	189.93899536132812	1209.7099609375	-0.0	17.599998474121094	-0.0	0	0		0	1	0	5
skygarden	4006	100114	101078	623.8759765625	191.1909942626953	1191.7259521484375	0.0	246.92999267578125	0.0	0	0	Drama_Stand_01_Loop	1	0	1	5
skygarden	4006	100115	101185	619.0219116210938	190.0	1192.7774658203125	-0.0	58.03020477294922	-0.0	0	0		0	1	0	5
skygarden	4006	100116	101168	621.0910034179688	190.00599670410156	1190.637939453125	-0.0	38.5	-0.0	0	0	Drama_Stand_08_Loop	0	1	0	5
skygarden	4006	100117	101182	610.1735229492188	189.9250030517578	1193.544677734375	-0.0	87.30081176757812	-0.0	0	0	Drama_Stand_08_Loop	0	1	0	5
skygarden	4006	100119	101239	560.375	189.927001953125	1116.52001953125	-0.0	82.01526641845703	-0.0	0	0		0	1	0	5
skygarden	4006	100120	101145	578.13037109375	185.2790069580078	1154.76708984375	0.0	241.7891845703125	0.0	0	0	Drama_Stand_03_Loop	0	1	0	5
skygarden	4006	100121	101147	576.8560791015625	185.26400756835938	1153.8819580078125	-0.0	56.644920349121094	-0.0	0	0	Drama_Stand_06_Loop	0	1	0	5
skygarden	4006	100122	101127	549.6873779296875	181.80999755859375	1164.5159912109375	0.0	267.19830322265625	0.0	0	0	Drama_Stand_04_Loop	0	1	0	5
skygarden	4006	100123	101148	602.0634155273438	157.99000549316406	1272.8709716796875	0.0	190.6185302734375	0.0	0	0		0	1	0	5
skygarden	4006	100124	101145	603.3262329101562	157.96200561523438	1272.20556640625	0.0	254.85205078125	0.0	0	0		0	1	0	5
skygarden	4006	100125	101243	627.9959716796875	161.89999389648438	1248.9840087890625	0.0	218.1999969482422	0.0	0	0		0	1	0	5
skygarden	4006	100126	101134	627.442626953125	161.9149932861328	1248.1126708984375	-0.0	49.999996185302734	-0.0	0	0	Drama_Stand_05_Loop	0	1	0	5
skygarden	4006	100127	101127	620.3900146484375	157.41400146484375	1296.0799560546875	0.0	226.8000030517578	0.0	0	0	Sit_01_Loop	0	1	0	5
skygarden	4006	100129	101242	693.9990844726562	157.25399780273438	1218.016357421875	0.0	294.69598388671875	0.0	0	0		1	1	0	3
skygarden	4006	100130	101129	685.489013671875	157.26199340820312	1209.0400390625	-0.0	79.89600372314453	-0.0	0	0	Sit_01_Loop	0	1	0	5
skygarden	4006	100131	101219	653.8366088867188	157.3040008544922	1206.1134033203125	0.0	315.924072265625	0.0	0	0		0	1	0	5
skygarden	4006	100132	101151	688.1500244140625	157.26300048828125	1209.9940185546875	0.0	233.61199951171875	0.0	0	0	Drama_Stand_03_Loop	0	1	0	5
skygarden	4006	100133	101130	664.218017578125	159.0760040283203	1176.95703125	0.0	327.91619873046875	0.0	0	0	Sit_03_Loop	0	1	0	5
skygarden	4006	100134	101214	662.2329711914062	159.04200744628906	1178.802001953125	-0.0	99.35043334960938	-0.0	0	0	Sit_01_Loop	0	1	0	5
skygarden	4006	100135	101084	651.5900268554688	160.375	1165.02001953125	0.0	285.7572937011719	0.0	0	0		0	1	0	5
skygarden	4006	100136	101134	666.197021484375	159.0709991455078	1196.759033203125	-0.0	10.696653366088867	-0.0	0	0	Sit_03_Loop	0	1	0	5
skygarden	4006	100137	101253	666.1599731445312	159.05599975585938	1200.3070068359375	-0.0	177.92044067382812	-0.0	0	0	Sit_02_Loop	0	1	0	5
skygarden	4006	100138	101195	675.9990234375	160.718994140625	1167.904052734375	-0.0	113.73548126220703	-0.0	0	0	Sit_03_Loop	0	1	0	5
skygarden	4006	100139	101126	638.7062377929688	157.6060028076172	1292.5338134765625	0.0	289.8157653808594	0.0	0	0	Drama_Stand_03_Loop	1	1	0	3
skygarden	4006	100140	101243	636.0999755859375	157.02200317382812	1292.8199462890625	-0.0	67.38797760009766	-0.0	0	0	Drama_NPC_Claps_Loop	0	1	0	5
skygarden	4006	100141	101133	636.2086791992188	157.02000427246094	1294.00830078125	-0.0	141.4417724609375	-0.0	0	0		0	1	0	5
skygarden	4006	100142	101191	637.977783203125	157.43099975585938	1321.7900390625	0.0	256.67974853515625	0.0	0	0		1	1	0	5
skygarden	4006	100020	101067	608.2919921875	189.78500366210938	1145.3079833984375	0.0	285.00018310546875	0.0	0	0	Drama_Stand_01_Loop	1	1	0	2
skygarden	4006	100152	101213	679.072998046875	160.7239990234375	1168.550048828125	0.0	230.6105499267578	0.0	0	0	Sit_02_Loop	0	1	0	5
skygarden	4006	100153	101159	673.4855346679688	160.72984313964844	1150.2662353515625	-0.0	65.19998931884766	-0.0	0	0	Drama_Stand_05_Loop	0	1	0	5
skygarden	4006	100154	101226	675.5089721679688	160.72984313964844	1145.9129638671875	0.0	241.51751708984375	0.0	0	0		0	1	0	3
skygarden	4006	100155	101231	672.25	160.72984313964844	1162.530029296875	0.0	319.57000732421875	0.0	0	0		1	1	0	3
skygarden	4006	100156	101251	677.6619873046875	161.125	1137.3480224609375	-0.0	77.69998931884766	-0.0	0	0	Sit_01_Loop	0	1	0	5
skygarden	4006	100158	101238	667.1358032226562	160.72984313964844	1152.003173828125	-0.0	98.11573791503906	-0.0	0	0	Drama_NPC_Argue_Loop	0	1	0	5
skygarden	4006	100160	101147	666.2000122070312	160.72984313964844	1127.449951171875	0.0	183.24697875976562	0.0	0	0	Drama_Stand_08_Loop	0	1	0	5
skygarden	4006	100161	101145	667.9869995117188	160.73199462890625	1124.9110107421875	0.0	319.1068420410156	0.0	0	0	Sit_03_Loop	0	1	0	5
skygarden	4006	100162	101146	665.635986328125	160.7209930419922	1124.3580322265625	-0.0	15.558852195739746	-0.0	0	0	Sit_01_Loop	0	1	0	5
skygarden	4006	100163	101128	675.9940185546875	168.02499389648438	1167.801025390625	0.0	225.89569091796875	0.0	0	0	Sit_03_Loop	0	1	0	5
skygarden	4006	100164	101012	673.0759887695312	168.01499938964844	1165.6309814453125	-0.0	57.73897933959961	-0.0	0	0	Sit_03_Loop	0	1	0	5
skygarden	4006	100165	101130	664.2780151367188	167.0279998779297	1152.8399658203125	0.0	328.6845397949219	0.0	0	0	Sit_01_Loop	0	1	0	5
skygarden	4006	100166	101099	667.510009765625	167.9508514404297	1161.3699951171875	-0.0	51.060001373291016	-0.0	0	0	Sit_01_Loop	0	1	0	5
skygarden	4006	100167	101192	663.7839965820312	167.9980010986328	1139.6259765625	-0.0	68.0	-0.0	0	0	Sit_01_Loop	0	1	0	5
skygarden	4006	100168	101134	663.35498046875	167.95899963378906	1141.6070556640625	-0.0	78.19999694824219	-0.0	0	0	Sit_01_Loop	0	1	0	5
skygarden	4006	100169	101078	678.8613891601562	168.4949951171875	1148.9373779296875	0.0	259.0299987792969	0.0	0	0	Cook_01_Loop	1	1	0	3
skygarden	4006	100170	101233	676.6500244140625	168.42999267578125	1150.6400146484375	-0.0	120.60620880126953	-0.0	0	0	Drama_NPC_Claps_Loop	0	1	0	5
skygarden	4006	100171	101182	677.369140625	168.4530029296875	1146.93212890625	-0.0	31.58971405029297	-0.0	0	0	Drama_Stand_05_Loop	0	1	0	5
skygarden	4006	100172	101196	676.7131958007812	168.4600067138672	1147.8431396484375	-0.0	54.30071258544922	-0.0	0	0		1	1	0	5
skygarden	4006	100173	101208	675.5689697265625	168.0019989013672	1131.4530029296875	-0.0	73.52091979980469	-0.0	0	0	Drama_Stand_03_Loop	1	1	0	3
skygarden	4006	100174	101126	632.739990234375	160.6042938232422	1085.6800537109375	0.0	327.6400146484375	0.0	0	0	Drama_Stand_08_Loop	1	1	0	3
skygarden	4006	100175	101130	636.0011596679688	160.6199951171875	1088.56640625	-0.0	69.9555435180664	-0.0	0	0		0	1	0	5
skygarden	4006	100182	101129	578.4219970703125	155.96499633789062	1266.2469482421875	-0.0	56.09999084472656	-0.0	0	0	Sit_01_Loop	0	1	0	5
skygarden	4006	100183	101012	653.4140014648438	193.89300537109375	1286.823974609375	0.0	258.20941162109375	0.0	0	0	Sit_02_Loop	0	1	0	5
skygarden	4006	100184	101126	653.0029907226562	193.88800048828125	1285.9010009765625	0.0	330.2187805175781	0.0	0	0	Sit_03_Loop	0	1	0	5
skygarden	4006	100185	101133	633.47021484375	191.57699584960938	1217.1939697265625	0.0	265.3899841308594	0.0	0	0	Drama_Stand_08_Loop	0	1	0	5
skygarden	4006	100186	101134	633.88671875	191.5760040283203	1216.092041015625	0.0	269.9810791015625	0.0	0	0		0	1	0	5
skygarden	4006	100187	101133	687.0320434570312	192.6136016845703	1202.1248779296875	0.0	309.0276184082031	0.0	0	0	Drama_Stand_03_Loop	0	1	0	5
skygarden	4006	100188	101085	681.7780151367188	192.6136016845703	1197.238037109375	0.0	301.7208557128906	0.0	0	0	Drama_Stand_06_Loop	0	1	0	3
skygarden	4006	100189	101130	681.7570190429688	192.9810028076172	1192.4659423828125	0.0	334.239990234375	0.0	0	0	Sit_01_Loop	1	1	0	3
skygarden	4006	100190	101012	683.177978515625	192.93899536132812	1203.47705078125	-0.0	132.1417694091797	-0.0	0	0	Sit_02_Loop	0	1	0	5
skygarden	4006	100192	101259	680.7550048828125	192.5679931640625	1200.0989990234375	0.2505704164505005	143.57948303222656	0.2126571089029312	0	0	Sit_04_Loop	0	1	0	5
skygarden	4006	100193	101134	682.4494018554688	192.6136016845703	1213.2418212890625	-0.0	159.33758544921875	-0.0	0	0	Drama_Stand_03_Loop	1	1	0	5
skygarden	4006	100194	101253	683.5640258789062	192.531005859375	1212.2860107421875	0.0	296.75433349609375	0.0	0	0	Sit_04_Loop	0	1	0	5
skygarden	4006	100195	101126	693.0809936523438	192.8736114501953	1218.666015625	0.0	189.04176330566406	0.0	0	0	Sit_01_Loop	0	1	0	5
skygarden	4006	100196	101193	694.0809936523438	192.83900451660156	1218.1729736328125	0.0	247.14752197265625	0.0	0	0	Sit_03_Loop	0	1	0	5
skygarden	4006	100197	101012	692.1589965820312	192.8736114501953	1218.10498046875	-0.0	126.15516662597656	-0.0	0	0	Sit_02_Loop	0	1	0	5
skygarden	4006	100198	101128	528.781005859375	189.44000244140625	1158.1719970703125	-0.0	167.08580017089844	-0.0	0	0	Sit_01_Loop	0	1	0	5
skygarden	4006	100118	101128	668.5900268554688	193.76199340820312	1269.0999755859375	-0.0	110.789306640625	-0.0	0	0	Drama_Stand_06_Loop	0	1	0	5
skygarden	4006	100199	101130	669.8696899414062	193.75599670410156	1269.1671142578125	0.0	245.29248046875	0.0	0	0	Drama_Stand_03_Loop	0	1	0	5
skygarden	4006	100200	101128	648.94482421875	187.84500122070312	1128.5203857421875	0.0	243.8888702392578	0.0	0	0	Drama_Stand_05_Loop	0	1	0	5
skygarden	4006	100201	101130	647.5797729492188	187.83099365234375	1129.51708984375	-0.0	179.9996337890625	-0.0	0	0	Drama_Stand_03_Loop	1	1	0	5
skygarden	4006	100202	101203	537.219970703125	190.00799560546875	1137.5400390625	-0.0	90.0	-0.0	0	0	Drama_Stand_05_Loop	1	1	0	3
skygarden	4006	100094	101073	963.241455078125	187.72999572753906	1444.1051025390625	-0.0	63.62522888183594	-0.0	1	0		1	1	0	3
skygarden	4006	100096	101161	671.989990234375	187.72999572753906	1286.748046875	-0.0	63.62522888183594	-0.0	1	0	Drama_Stand_08_Loop	1	1	0	3
skygarden	4006	100100	101095	671.4871826171875	187.72999572753906	1287.7620849609375	-0.0	63.62522888183594	-0.0	1	0	Drama_Stand_01_Loop	1	1	0	3
skygarden	4006	100102	101196	670.2486572265625	187.72999572753906	1287.1514892578125	-0.0	63.62522888183594	-0.0	1	0	Drama_Stand_05_Loop	0	1	0	5
skygarden	4006	100103	101133	671.4871826171875	187.72999572753906	1287.7620849609375	-0.0	63.62522888183594	-0.0	1	0	Drama_Stand_01_Loop	0	1	0	5
skygarden	4006	100104	101258	672.5070190429688	187.72999572753906	1288.2679443359375	-0.0	63.62522888183594	-0.0	1	0		0	1	0	5
skygarden	4006	100105	101127	671.4871826171875	187.72999572753906	1287.7620849609375	-0.0	63.62522888183594	-0.0	1	0	Drama_Stand_05_Loop	0	1	0	5
skygarden	4006	100110	101129	671.4871826171875	187.72999572753906	1287.7620849609375	-0.0	63.62522888183594	-0.0	1	0	Drama_Stand_03_Loop	0	1	0	5
skygarden	4006	100111	101197	585.6055908203125	189.47642517089844	1180.9356689453125	0.0	221.45721435546875	0.0	1	0		0	1	0	5
skygarden	4006	100203	101210	582.8380126953125	189.41000366210938	1185.7989501953125	-0.0	121.03069305419922	-0.0	1	0	Sit_02_Loop	0	1	0	5
skygarden	4006	100204	101151	583.0590209960938	189.41299438476562	1184.0889892578125	-0.0	53.200008392333984	-0.0	1	0	Sit_01_Loop	0	1	0	5
skygarden	4006	100205	101129	584.72802734375	189.41700744628906	1183.8909912109375	0.0	317.517822265625	0.0	1	0	Sit_03_Loop	0	1	0	5
skygarden	4006	100206	101128	671.4871826171875	187.72999572753906	1287.7620849609375	-0.0	63.62522888183594	-0.0	1	0	Sit_01_Loop	0	1	0	5
skygarden	4006	100207	101012	563.9600219726562	189.38999938964844	1145.60302734375	0.0	284.4912109375	0.0	1	0	Sit_02_Loop	0	1	0	5
skygarden	4006	100208	101185	562.8800048828125	189.406005859375	1146.93994140625	0.0	192.66049194335938	0.0	1	0	Sit_03_Loop	0	1	0	5
skygarden	4006	100209	101225	568.2685546875	189.41099548339844	1141.298828125	-0.0	165.21559143066406	-0.0	1	0		0	1	0	5
skygarden	4006	100210	101134	672.3810424804688	187.72999572753906	1286.0	-0.0	63.62522888183594	-0.0	1	0	Drama_Stand_08_Loop	1	1	0	3
skygarden	4006	100211	101254	671.4871826171875	187.72999572753906	1287.7620849609375	-0.0	63.62522888183594	-0.0	1	0	Drama_Stand_05_Loop	0	1	0	5
skygarden	4006	100212	101134	547.3070068359375	189.3990020751953	1157.739990234375	-0.0	157.95736694335938	-0.0	1	0	Sit_01_Loop	0	1	0	5
skygarden	4006	100213	101195	588.9000244140625	189.4029998779297	1182.5550537109375	-0.0	150.775146484375	-0.0	1	0	Sit_03_Loop	0	1	0	5
skygarden	4006	100214	101259	590.0339965820312	189.39300537109375	1180.133056640625	0.0	335.41973876953125	0.0	1	0	Sit_01_Loop	0	1	0	5
skygarden	4006	100215	101145	649.5991821289062	187.72999572753906	1307.6119384765625	-0.0	63.62522888183594	-0.0	1	0	Drama_Stand_03_Loop	0	1	0	5
skygarden	4006	100216	101145	649.6358032226562	187.72999572753906	1307.6363525390625	-0.0	63.62522888183594	-0.0	1	0	Drama_Stand_05_Loop	0	1	0	5
skygarden	4006	100217	101147	649.6699829101562	187.72999572753906	1307.6500244140625	-0.0	63.62522888183594	-0.0	1	0		0	1	0	5
skygarden	4006	100218	101146	649.6836547851562	187.72999572753906	1307.6636962890625	-0.0	63.62522888183594	-0.0	1	0	Drama_Stand_08_Loop	0	1	0	5
skygarden	4006	100219	101155	673.377197265625	187.72999572753906	1283.60205078125	-0.0	63.62522888183594	-0.0	1	0	Sit_03_Loop	0	1	0	5
skygarden	4006	100220	101249	671.0614624023438	187.72999572753906	1288.6240234375	-0.0	63.62522888183594	-0.0	1	0		1	1	0	3
skygarden	4006	100221	101242	605.8330078125	189.25900268554688	1183.2760009765625	0.0	287.20001220703125	0.0	0	0	Anger_01_Loop	0	1	0	5
skygarden	4006	100222	101132	604.6796264648438	189.2429962158203	1183.8094482421875	-0.0	104.89999389648438	-0.0	0	0		0	1	0	5
skygarden	4006	100223	101194	667.8839721679688	192.28001403808594	1196.1319580078125	0.0	267.1000061035156	0.0	0	0	Drama_Stand_03_Loop	0	1	0	5
skygarden	4006	100224	101242	661.7630004882812	192.28001403808594	1189.4169921875	0.0	350.70001220703125	0.0	0	0	Drama_NPC_Argue_Loop	0	1	0	5
skygarden	4006	100225	101182	661.3416748046875	192.28001403808594	1190.9552001953125	-0.0	142.6999969482422	-0.0	0	0	Drama_Stand_03_Loop	0	1	0	5
skygarden	4006	100228	101214	699.5819702148438	192.86900329589844	1189.248046875	0.0	301.4696044921875	0.0	0	0	Sit_01_Loop	0	1	0	5
skygarden	4006	100229	101128	688.6699829101562	192.6074676513672	1196.02001953125	0.0	312.36871337890625	0.0	0	0	Drama_Stand_05_Loop	0	1	0	5
skygarden	4006	100231	101086	669.06298828125	187.72999572753906	1298.2384033203125	-0.0	63.62522888183594	-0.0	1	0	Drama_Stand_05_Loop	1	1	0	3
skygarden	4006	100230	101037	620.3660278320312	161.56199645996094	1098.748046875	-0.0	129.89999389648438	-0.0	0	0	Drama_Stand_01_Loop	1	1	0	3
skygarden	4006	100235	101072	554.5999755859375	146.10000610351562	1329.3299560546875	-0.0	75.29998779296875	-0.0	0	0	Watering_01_Loop	1	1	0	3
skygarden	4006	100232	101232	626.708984375	161.8679962158203	1256.154052734375	0.0	250.60000610351562	0.0	0	0		0	1	0	5
skygarden	4006	100236	101224	612.989990234375	161.88059997558594	1262.80859375	-0.0	0.0	0.0	0	0		0	1	0	5
skygarden	4006	100237	101104	579.6900024414062	155.97000122070312	1266.81494140625	0.0	241.89999389648438	0.0	0	0	Drama_Stand_01_Loop	0	1	0	5
skygarden	4006	100238	101236	606.3480224609375	161.914794921875	1255.248046875	0.0	302.8999938964844	0.0	0	0		0	1	0	5
skygarden	4006	100239	101128	605.1123657226562	161.92800903320312	1248.1893310546875	0.0	270.0	0.0	0	0	Drama_Stand_03_Loop	0	1	0	5
skygarden	4006	100240	101237	604.283203125	161.88058471679688	1248.0999755859375	-0.0	90.0	-0.0	0	0	Drama_NPC_Argue_Loop	0	1	0	5
skygarden	4006	100241	101134	619.27001953125	161.9600067138672	1241.55224609375	0.0	180.0	0.0	0	0	Drama_Stand_08_Loop	0	1	0	5
skygarden	4006	100242	101126	632.8099975585938	158.7817840576172	1269.9300537109375	-0.0	90.0	-0.0	0	0	Drama_Stand_01_Loop	0	1	0	5
skygarden	4006	100243	101196	634.0435180664062	158.78179931640625	1269.93994140625	0.0	270.0	0.0	0	0	Drama_Stand_03_Loop	0	1	0	5
skygarden	4006	100244	101129	601.5499877929688	157.79400634765625	1279.0400390625	-0.0	124.50000762939453	-0.0	0	0	Sit_01_Loop	0	1	0	5
skygarden	4006	100245	101147	616.530029296875	157.8118133544922	1271.72998046875	0.0	308.9000244140625	0.0	0	0	Sit_01_Loop	0	1	0	5
skygarden	4006	100246	101249	608.3267211914062	157.81179809570312	1276.176513671875	0.0	302.0	0.0	0	0	Drama_NPC_Argue_Loop	0	1	0	5
skygarden	4006	100247	101156	607.393798828125	157.8118133544922	1276.7662353515625	-0.0	117.75	-0.0	0	0	Drama_Stand_08_Loop	0	1	0	5
skygarden	4006	100248	101091	612.5	157.40585327148438	1294.68994140625	-0.0	0.0	0.0	0	0	Drama_Stand_04_Loop	0	1	0	5
skygarden	4006	100249	101130	612.4400024414062	157.4058837890625	1295.9027099609375	0.0	180.79998779296875	0.0	0	0	Drama_Stand_03_Loop	0	1	0	5
skygarden	4006	100250	101127	579.8094482421875	155.95681762695312	1279.0159912109375	-0.0	0.0	0.0	0	0	Drama_Stand_08_Loop	0	1	0	5
skygarden	4006	100251	101147	602.2813720703125	150.85400390625	1300.2149658203125	0.0	180.0	0.0	0	0	Drama_Stand_08_Loop	0	1	0	5
skygarden	4006	100252	101154	602.0900268554688	150.85400390625	1298.864990234375	-0.0	0.0	0.0	0	0	Drama_Stand_03_Loop	0	1	0	5
skygarden	4006	100253	101127	611.719970703125	150.85400390625	1321.75830078125	0.0	180.0	0.0	0	0		0	1	0	5
skygarden	4006	100254	101134	642.6709594726562	156.99575805664062	1299.3299560546875	0.0	270.0	0.0	0	0		0	1	0	5
skygarden	4006	100255	101133	634.777587890625	157.43577575683594	1317.3824462890625	0.0	314.79998779296875	0.0	0	0	Drama_Stand_05_Loop	0	1	0	5
skygarden	4006	100256	101228	633.0700073242188	157.43577575683594	1315.8399658203125	-0.0	0.0	0.0	0	0	Drama_NPC_Claps_Loop	0	1	0	5
skygarden	4006	100257	101245	631.405517578125	157.43577575683594	1316.6143798828125	-0.0	0.0	0.0	0	0	Anger_01_Loop	0	1	0	5
skygarden	4006	100258	101087	637.1427612304688	157.43576049804688	1323.7738037109375	0.0	261.3000183105469	0.0	0	0	Drama_Stand_03_Loop	0	1	0	5
skygarden	4006	100259	101150	640.9642333984375	156.99578857421875	1281.86474609375	-0.0	74.39999389648438	-0.0	0	0		0	1	0	5
skygarden	4006	100260	101091	642.1900024414062	157.01577758789062	1282.949951171875	0.0	211.40000915527344	0.0	0	0	Drama_Stand_08_Loop	0	1	0	5
skygarden	4006	100261	101217	643.3248291015625	156.99488830566406	1313.0064697265625	-0.0	107.97000122070312	-0.0	0	0	Drama_NPC_Argue_Loop	0	1	0	5
skygarden	4006	100262	101215	644.52734375	156.99691772460938	1313.52392578125	0.0	244.30001831054688	0.0	0	0		0	1	0	5
skygarden	4006	100263	101216	644.0579833984375	156.99588012695312	1312.06201171875	0.0	334.20001220703125	0.0	0	0	Anger_01_Loop	0	1	0	5
skygarden	4006	100264	101130	660.7069091796875	158.56576538085938	1323.19384765625	-0.0	33.0999870300293	-0.0	0	0	Drama_Stand_08_Loop	0	1	0	5
skygarden	4006	100265	101149	662.2466430664062	158.56576538085938	1322.335205078125	-0.0	30.00000762939453	-0.0	0	0	Drama_Stand_05_Loop	1	1	0	5
skygarden	4006	100266	101128	655.9099731445312	158.56576538085938	1325.1800537109375	-0.0	30.00000762939453	-0.0	0	0	Drama_Stand_01_Loop	0	1	0	5
skygarden	4006	100267	101128	644.6699829101562	158.03700256347656	1335.1500244140625	-0.0	0.0	0.0	0	0		0	1	0	5
skygarden	4006	100268	101126	656.1099853515625	157.8918914794922	1335.9720458984375	-0.0	102.11000061035156	-0.0	0	0	Drama_Stand_08_Loop	0	1	0	5
skygarden	4006	100269	101234	657.7733154296875	157.89151000976562	1335.604248046875	0.0	270.0	0.0	0	0	Drama_Stand_04_Loop	0	1	0	5
skygarden	4006	100270	101240	634.0682373046875	157.43475341796875	1316.2239990234375	0.0	332.89996337890625	0.0	0	0	Bar_01_Loop	0	1	0	5
skygarden	4006	100271	101091	556.4000244140625	143.64553833007812	1343.56005859375	-0.0	56.20000457763672	-0.0	0	0		1	1	0	3
skygarden	4006	100012	101077	500.6109924316406	143.77999877929688	1355.43505859375	-0.0	47.62999725341797	-0.0	0	0	Drama_Stand_01_Loop	1	1	0	3
skygarden	4006	100001	101152	621.5599975585938	167.06541442871094	1135.1300048828125	-0.0	0.0	0.0	0	0	Drama_Stand_03_Loop	1	1	0	3
skygarden	4006	100048	101074	662.77001953125	154.6840057373047	1237.4200439453125	-0.0	24.86000633239746	-0.0	0	0	Repair_01_Loop	1	1	0	3
skygarden	4006	100272	101075	663.6179809570312	154.8820037841797	1237.762939453125	6.600002765655518	27.809999465942383	90.0	0	0		0	1	0	5
skygarden	4006	100157	101248	676.6179809570312	168.43560791015625	1152.6280517578125	-0.0	132.60000610351562	-0.0	0	0	Bar_01_Loop	0	1	0	5
skygarden	4006	100273	101130	666.2069702148438	159.05999755859375	1192.953125	-0.0	90.0	-0.0	0	0	Drama_Stand_05_Loop	1	1	0	3
skygarden	4006	100274	101037	525.239990234375	168.61300659179688	1168.7900390625	-0.0	97.09999084472656	-0.0	0	0	Drama_Stand_01_Loop	1	1	0	5
skygarden	4006	100275	101105	526.5228271484375	168.56491088867188	1169.1783447265625	0.0	214.80001831054688	0.0	0	0	Stand_01_Loop	0	1	0	5
skygarden	4006	100276	101198	550.5289916992188	168.54200744628906	1149.3199462890625	-0.0	25.899995803833008	-0.0	0	0	Sit_01_Loop	0	1	0	5
skygarden	4006	100277	101251	552.125	168.5330047607422	1150.52001953125	0.0	275.79998779296875	0.0	0	0	Sit_01_Loop	0	1	0	5
skygarden	4006	100278	101155	561.6690063476562	169.82899475097656	1175.4310302734375	-0.0	143.9199981689453	-0.0	0	0	Sit_01_Loop	0	1	0	5
skygarden	4006	100279	101147	603.1400146484375	166.98199462890625	1199.8299560546875	-0.0	63.72999572753906	-0.0	0	0	Drama_Stand_01_Loop	0	1	0	5
skygarden	4006	100280	101153	604.1719970703125	166.98202514648438	1198.5672607421875	-0.0	0.0	0.0	0	0	Drama_Stand_03_Loop	0	1	0	5
skygarden	4006	100281	101151	611.052001953125	166.9820098876953	1181.220947265625	-0.0	54.59999084472656	-0.0	0	0	Sit_02_Loop	0	1	0	5
skygarden	4006	100282	101128	617.1158447265625	167.58001708984375	1197.7099609375	0.0	180.0	0.0	0	0	Sit_03_Loop	0	1	0	5
skygarden	4006	100283	101196	617.7098999023438	167.58001708984375	1196.3941650390625	0.0	330.0	0.0	0	0	Drama_Stand_05_Loop	0	1	0	5
skygarden	4006	100284	101131	623.3200073242188	167.58001708984375	1183.0538330078125	-0.0	0.0	0.0	0	0	Drama_Stand_08_Loop	0	1	0	5
skygarden	4006	100285	101153	617.79443359375	166.9820098876953	1162.177001953125	-0.0	0.0	0.0	0	0		0	1	0	5
skygarden	4006	100286	101147	617.5285034179688	166.9820098876953	1163.402587890625	0.0	180.0	0.0	0	0	Drama_Stand_03_Loop	0	1	0	5
skygarden	4006	100287	101146	621.9830932617188	167.00868225097656	1143.433837890625	0.0	330.0	0.0	0	0	Drama_Stand_08_Loop	0	1	0	5
skygarden	4006	100288	101148	615.4500122070312	166.9820098876953	1143.25	-0.0	90.0	-0.0	0	0	Drama_Stand_03_Loop	0	1	0	5
skygarden	4006	100289	101263	621.2999877929688	166.98199462890625	1144.8720703125	-0.0	160.00001525878906	-0.0	0	0	Drama_NPC_Argue_Loop	0	1	0	5
skygarden	4006	100290	101195	607.1384887695312	166.9820098876953	1135.1829833984375	0.0	180.0	0.0	0	0	StandPhone_Loop	0	1	0	5
skygarden	4006	100291	101127	580.0550537109375	166.98300170898438	1123.7340087890625	0.0	180.0	0.0	0	0	Sit_02_Loop	0	1	0	5
skygarden	4006	100294	101238	552.7381591796875	166.98199462890625	1124.4691162109375	0.0	282.4092712402344	0.0	0	0	Drama_Stand_05_Loop	0	1	0	5
skygarden	4006	100295	101243	551.52001953125	166.98202514648438	1124.530029296875	-0.0	59.40998840332031	-0.0	0	0	Drama_Stand_03_Loop	0	1	0	5
skygarden	4006	100296	101129	551.9199829101562	166.9820098876953	1125.5799560546875	-0.0	159.1999969482422	-0.0	0	0	Drama_Stand_08_Loop	0	1	0	5
skygarden	4006	100297	101132	619.6076049804688	161.09368896484375	1092.8824462890625	0.0	315.0	0.0	0	0	Drama_Stand_05_Loop	0	1	0	5
skygarden	4006	100298	101133	637.4058837890625	160.54800415039062	1088.8414306640625	0.0	241.6400146484375	0.0	0	0	Drama_Stand_03_Loop	0	1	0	5
skygarden	4006	100299	101237	636.5499877929688	160.3777618408203	1108.4034423828125	-0.0	0.0	0.0	0	0	Drama_NPC_Argue_Loop	0	1	0	5
skygarden	4006	100300	101126	636.4299926757812	160.38999938964844	1109.2120361328125	0.0	180.0	0.0	0	0	Drama_Stand_03_Loop	0	1	0	5
skygarden	4006	100301	101261	653.042236328125	160.35775756835938	1112.576171875	0.0	245.5	0.0	0	0	Drama_NPC_Argue_Loop	0	1	0	5
skygarden	4006	100302	101260	652.989990234375	160.35775756835938	1110.8800048828125	0.0	302.1000061035156	0.0	0	0		0	1	0	5
skygarden	4006	100303	101153	651.9337768554688	160.35775756835938	1111.576904296875	-0.0	90.0	-0.0	0	0	Drama_Stand_08_Loop	0	1	0	5
skygarden	4006	100304	101126	647.7899780273438	160.3777618408203	1131.3299560546875	-0.0	30.099985122680664	-0.0	0	0		0	1	0	5
skygarden	4006	100305	101130	649.1369018554688	160.3777618408203	1130.9986572265625	0.0	348.6600036621094	0.0	0	0	Drama_Stand_05_Loop	0	1	0	5
skygarden	4006	100306	101259	678.1409912109375	161.1269989013672	1136.60595703125	-0.0	17.89999771118164	-0.0	0	0	Sit_03_Loop	0	1	0	5
skygarden	4006	100307	101196	674.6022338867188	161.14300537109375	1142.531005859375	-0.0	68.10000610351562	-0.0	0	0		0	1	0	5
skygarden	4006	100308	101127	687.0330200195312	156.20700073242188	1236.7889404296875	0.0	182.0800018310547	0.0	0	0		0	1	0	5
skygarden	4006	100309	101012	667.1717529296875	154.38400268554688	1251.7860107421875	0.0	180.0	0.0	0	0	Sit_01_Loop	0	1	0	5
skygarden	4006	100310	101133	686.97998046875	156.22984313964844	1235.490966796875	-0.0	0.0	0.0	0	0		0	1	0	5
skygarden	4006	100311	101126	667.7659912109375	154.38499450683594	1251.39599609375	0.0	233.10000610351562	0.0	0	0	Sit_03_Loop	0	1	0	5
skygarden	4006	100312	101133	561.2193603515625	189.68380737304688	1182.0361328125	0.0	235.3699951171875	0.0	0	0	Drama_Stand_03_Loop	0	1	0	5
skygarden	4006	100313	101253	559.9459838867188	189.6916961669922	1181.279052734375	-0.0	53.30000305175781	-0.0	0	0		1	1	0	5
skygarden	4006	100314	101130	658.5601806640625	193.7650909423828	1265.219970703125	0.0	249.89999389648438	0.0	0	0		1	1	0	3
skygarden	4006	100315	101133	528.1559448242188	189.46099853515625	1161.010986328125	-0.0	0.0	0.0	0	0	Sit_03_Loop	1	1	0	5
skygarden	4006	100316	101128	527.529052734375	189.4669952392578	1164.3890380859375	0.0	180.0	0.0	0	0	Sit_01_Loop	0	1	0	5
skygarden	4006	100318	101037	636.760009765625	194.581298828125	1285.6400146484375	0.0	180.0	0.0	0	0	Drama_Stand_01_Loop	1	1	0	5
skygarden	4006	100319	101187	534.613525390625	190.00599670410156	1133.256103515625	0.0	275.20001220703125	0.0	0	0	Drama_Stand_03_Loop	0	1	0	5
skygarden	4006	100320	101235	533.2080078125	190.00399780273438	1133.60302734375	-0.0	102.5999984741211	-0.0	0	0		0	1	0	5
skygarden	4006	100321	101163	560.7849731445312	189.55999755859375	1190.66796875	0.0	330.0	0.0	1	0	Drama_Stand_06_Loop	1	1	0	3
skygarden	4006	100322	101244	563.0800170898438	189.5279998779297	1192.6519775390625	0.0	200.0	0.0	1	0		0	1	0	5
skygarden	4006	100011	101150	549.989990234375	168.56491088867188	1200.260009765625	-0.0	131.39999389648438	-0.0	0	0	StandPhone_Loop	0	1	0	5
skygarden	4006	100013	101104	550.25	168.5279998779297	1151.8759765625	-0.0	159.5	-0.0	0	0	Sit_01_Loop	0	1	0	5
skygarden	4006	100042	101203	545.5130004882812	168.52999877929688	1155.3060302734375	-0.0	43.59999084472656	-0.0	0	0	Sit_01_Loop	0	1	0	5
skygarden	4006	100128	101188	568.6357421875	167.58001708984375	1110.8280029296875	0.0	270.0	0.0	0	0		0	1	0	5
skygarden	4006	100144	101195	567.9658203125	167.58001708984375	1111.9259033203125	0.0	240.01004028320312	0.0	0	0		0	1	0	5
skygarden	4006	100145	101087	568.8013916015625	167.60000610351562	1109.3699951171875	0.0	270.0	0.0	0	0	Drama_Stand_05_Loop	0	1	0	5
skygarden	4006	100148	101203	670.2249755859375	167.95899963378906	1163.6519775390625	0.0	230.60003662109375	0.0	0	0	Sit_03_Loop	0	1	0	5
skygarden	4006	100149	101152	642.7999877929688	156.99578857421875	1281.3299560546875	0.0	300.0	0.0	0	0	Drama_Stand_03_Loop	0	1	0	5
skygarden	4006	100150	101244	636.6240234375	156.99591064453125	1307.614990234375	-0.0	30.899991989135742	-0.0	0	0	Drama_NPC_Argue_Loop	0	1	0	5
skygarden	4006	100151	101156	637.524169921875	156.99591064453125	1308.85205078125	0.0	205.09999084472656	0.0	0	0	Drama_Stand_03_Loop	0	1	0	5
skygarden	4006	100176	101102	547.221435546875	144.56443786621094	1382.052001953125	0.0	180.0	0.0	0	0	Drama_Stand_03_Loop	0	1	0	5
skygarden	4006	100177	101104	572.5501708984375	145.29336547851562	1372.568359375	0.0	215.78997802734375	0.0	0	0	Drama_Stand_08_Loop	0	1	0	5
skygarden	4006	100178	101086	566.0170288085938	189.41099548339844	1143.635986328125	-0.0	90.0	-0.0	1	0	Sit_03_Loop	0	1	0	5
skygarden	4006	100179	101213	568.802001953125	189.41299438476562	1143.384033203125	0.0	270.0	0.0	1	0	Sit_01_Loop	0	1	0	5
skygarden	4006	100180	101149	568.3610229492188	189.4462432861328	1191.52001953125	0.0	270.0	0.0	1	0	Sit_02_Loop	0	1	0	5
skygarden	4006	100181	101163	566.1740112304688	189.38900756835938	1191.572998046875	-0.0	90.0	-0.0	1	0	Sit_03_Loop	0	1	0	5
skygarden	4006	100233	101099	573.6640014648438	189.38999938964844	1189.81005859375	0.0	343.6000061035156	0.0	1	0	Drama_Stand_08_Loop	0	1	0	5
skygarden	4006	100234	101153	547.6099853515625	189.41099548339844	1155.213623046875	-0.0	0.0	0.0	1	0	Drama_Stand_08_Loop	0	1	0	5
skygarden	4006	100317	101208	550.2899780273438	189.39599609375	1153.39794921875	-0.0	117.19999694824219	-0.0	1	0	Sit_02_Loop	0	1	0	5
skygarden	4006	100323	101254	550.4840087890625	189.3820037841797	1151.68798828125	-0.0	47.200008392333984	-0.0	1	0	Sit_03_Loop	0	1	0	5
skygarden	4006	100324	101150	573.1630249023438	189.43099975585938	1191.81396484375	0.0	180.0	0.0	1	0	Sit_01_Loop	0	1	0	5
skygarden	4006	100325	101156	552.1699829101562	189.41099548339844	1151.5150146484375	0.0	315.07000732421875	0.0	1	0	Sit_01_Loop	0	1	0	5
skygarden	4006	100003	101087	577.109130859375	190.964111328125	1062.6048583984375	0.0	242.94622802734375	0.0	0	0	Drama_Stand_05_Loop	0	1	0	5
skygarden	4006	100005	101093	581.8880004882812	190.964111328125	1071.0677490234375	-0.0	16.385339736938477	-0.0	0	0	Drama_Stand_08_Loop	0	1	0	5
skygarden	4006	100009	101096	582.2391357421875	190.964111328125	1071.9141845703125	0.0	204.9146728515625	0.0	0	0	Drama_Stand_03_Loop	0	1	0	5
skygarden	4010	800001	101239	598.2926635742188	189.24200439453125	1139.1080322265625	0.0	291.260009765625	0.0	0	0	StandPhone_Loop	1	1	0	3
skygarden	4010	800002	101147	623.6372680664062	193.04139709472656	1247.051513671875	0.0	0.0	0.0	0	0	Drama_Stand_08_Loop	1	0	0	3
skygarden	4010	800003	101130	556.5208740234375	189.5312957763672	1210.094970703125	0.0	270.0	0.0	0	0	Drama_Stand_05_Loop	1	0	0	3
skygarden	4010	800004	101242	674.0277099609375	192.6074676513672	1185.15673828125	0.0	0.0	0.0	0	0	Drama_Laugh_01_Loop	0	1	0	5
skygarden	4010	800005	101086	674.624267578125	192.64747619628906	1186.814208984375	0.0	229.61795043945312	0.0	0	0	Drama_Stand_05_Loop	0	1	0	5
skygarden	4010	800006	101131	672.7554931640625	192.64747619628906	1186.8851318359375	0.0	117.39999389648438	0.0	0	0	Drama_Stand_03_Loop	0	1	0	5
skygarden	4010	800010	101012	700.7479858398438	192.98599243164062	1196.6629638671875	0.0	180.0	0.0	0	0	Sit_03_Loop	0	1	0	5
skygarden	4010	800011	101103	701.0020141601562	192.59500122070312	1194.7919921875	0.0	0.0	0.0	0	0	Sit_04_Loop	0	1	0	5
skygarden	4010	800012	101134	705.97900390625	192.88499450683594	1204.4681396484375	0.0	270.0	0.0	0	0	Sit_03_Loop	0	1	0	5
skygarden	4010	800013	101126	705.5009765625	192.9010009765625	1202.8299560546875	0.0	303.9000244140625	0.0	0	0	Sit_02_Loop	0	1	0	5
skygarden	4010	800015	101126	686.2689819335938	192.61300659179688	1215.407958984375	0.0	125.70999908447266	0.0	0	0	Sit_04_Loop	0	1	0	5
skygarden	4010	800016	101205	675.198974609375	192.87046813964844	1213.47998046875	0.0	131.10000610351562	0.0	0	0	Sit_02_Loop	0	1	0	5
skygarden	4010	800017	101145	629.1317749023438	193.0359344482422	1266.266845703125	0.0	90.0	0.0	0	0	Drama_Stand_03_Loop	0	1	0	5
skygarden	4010	800018	101257	631.6699829101562	192.99591064453125	1276.1300048828125	0.0	261.0999755859375	0.0	0	0		0	1	0	5
skygarden	4010	800019	101148	630.72998046875	192.9959259033203	1266.2122802734375	0.0	270.0	0.0	0	0	Drama_Stand_06_Loop	0	1	0	5
skygarden	4010	800020	101091	656.3829956054688	192.33200073242188	1245.9610595703125	0.0	81.59998321533203	0.0	0	0	Drama_Stand_05_Loop	0	1	0	5
skygarden	4010	800021	101151	638.489013671875	192.27699279785156	1242.18896484375	0.0	60.000003814697266	0.0	0	0	Sit_02_Loop	0	1	0	5
skygarden	4010	800022	101146	619.0950927734375	193.08140563964844	1256.1500244140625	0.0	90.0	0.0	0	0		0	1	0	5
skygarden	4010	800023	101091	620.4111938476562	193.04139709472656	1255.953369140625	0.0	270.0	0.0	0	0	Drama_Stand_03_Loop	0	1	0	5
skygarden	4010	800024	101189	635.1724853515625	192.280029296875	1246.1199951171875	0.0	0.0	0.0	0	0	StandPhone_Loop	0	1	0	5
skygarden	4010	800025	101261	666.11865234375	187.1556396484375	1147.38427734375	0.0	163.32093811035156	0.0	0	0	Drama_Brainwave_R_Loop	0	1	0	5
skygarden	4010	800026	101092	664.3599853515625	187.14483642578125	1145.6263427734375	0.0	90.0	0.0	0	0	Drama_Stand_05_Loop	0	1	0	5
skygarden	4010	800027	101146	638.487548828125	187.14556884765625	1182.760009765625	0.0	326.0	0.0	0	0	Drama_Stand_08_Loop	0	1	0	5
skygarden	4010	800028	101197	660.7100219726562	187.11300659179688	1138.2760009765625	0.0	289.05999755859375	0.0	0	0	Sit_03_Loop	0	1	0	5
skygarden	4010	800029	101253	660.2769775390625	187.09500122070312	1137.5030517578125	0.0	324.9971923828125	0.0	0	0	Sit_01_Loop	0	1	0	5
skygarden	4010	800030	101181	645.6510009765625	187.1055908203125	1109.8299560546875	0.0	270.0	0.0	0	0	Stand1_Loop	0	1	0	5
skygarden	4010	800031	101087	638.7174072265625	187.14556884765625	1098.14306640625	0.0	300.0	0.0	0	0	Drama_Stand_05_Loop	0	1	0	5
skygarden	4010	800032	101012	640.9089965820312	187.0959930419922	1103.10302734375	0.0	306.3000183105469	0.0	0	0	Sit_01_Loop	0	1	0	5
skygarden	4010	800033	101147	638.4140014648438	187.82000732421875	1117.9959716796875	0.0	34.070003509521484	0.0	0	0	Sit_02_Loop	0	1	0	5
skygarden	4010	800034	101147	598.3099975585938	189.26100158691406	1156.787841796875	0.0	270.0	0.0	0	0	Drama_Stand_03_Loop	0	1	0	5
skygarden	4010	800035	101148	596.974609375	189.27099609375	1156.962890625	0.0	90.0	0.0	0	0	Drama_Stand_05_Loop	0	1	0	5
skygarden	4010	800036	101191	593.9922485351562	189.41400146484375	1166.441162109375	0.0	313.33001708984375	0.0	0	0	Drama_Stand_05_Loop	0	1	0	5
skygarden	4010	800037	101130	608.5498657226562	190.00982666015625	1199.8519287109375	0.0	241.19998168945312	0.0	0	0	Drama_Stand_08_Loop	0	1	0	5
skygarden	4010	800038	101147	551.9509887695312	189.93299865722656	1121.0009765625	0.0	215.05067443847656	0.0	0	0	Drama_Stand_03_Loop	0	1	0	5
skygarden	4010	800039	101087	546.4544067382812	190.00982666015625	1123.2301025390625	0.0	300.2200012207031	0.0	0	0	Drama_Stand_05_Loop	0	1	0	5
skygarden	4010	800040	101146	551.2249755859375	189.94200134277344	1119.843994140625	0.0	19.757923126220703	0.0	0	0	Wall_01_Loop	0	1	0	5
skygarden	4010	800041	101149	530.8699951171875	189.31700134277344	1174.30712890625	0.0	180.0	0.0	0	0	Drama_Stand_08_Loop	0	1	0	5
skygarden	4010	800042	101128	530.8610229492188	189.3209991455078	1172.5400390625	0.0	0.0	0.0	0	0	Drama_Stand_03_Loop	0	1	0	5
skygarden	4010	800043	101210	557.1900024414062	189.69200134277344	1159.449951171875	0.0	0.0	0.0	0	0	Drama_Stand_03_Loop	0	1	0	5
skygarden	4010	800044	101150	557.468017578125	189.79461669921875	1161.0882568359375	0.0	180.0	0.0	0	0	Drama_Stand_03_Loop	0	1	0	5
skygarden	4010	800045	101149	546.333740234375	189.2429962158203	1172.6629638671875	0.0	180.0	0.0	0	0	Drama_Stand_08_Loop	0	1	0	5
skygarden	4010	800046	101239	546.79736328125	189.24099731445312	1170.0322265625	0.0	0.0	0.0	0	0	Drama_Laugh_01_Loop	0	1	0	5
skygarden	4010	800047	101233	542.5599975585938	189.9409942626953	1135.0699462890625	0.0	54.79999923706055	0.0	0	0		0	1	0	5
skygarden	4010	800048	101192	576.375732421875	190.0098114013672	1121.989990234375	0.0	278.99615478515625	0.0	0	0	Drama_Stand_05_Loop	0	1	0	5
skygarden	4010	800049	101092	574.9500122070312	189.93299865722656	1121.8599853515625	0.0	90.0	0.0	0	0	Drama_Stand_03_Loop	0	1	0	5
skygarden	4010	800050	101188	618.5501708984375	187.14556884765625	1093.0279541015625	0.0	30.00000762939453	0.0	0	0	Drama_Stand_03_Loop	0	1	0	5
skygarden	4010	800051	101012	619.5330200195312	187.11700439453125	1094.3160400390625	0.0	230.97000122070312	0.0	0	0	Drama_Stand_04_Loop	0	1	0	5
skygarden	4010	800052	101197	638.0201416015625	187.86598205566406	1123.2139892578125	0.0	131.5800018310547	0.0	0	0	Drama_Stand_03_Loop	0	1	0	5
skygarden	4010	800053	101093	639.426025390625	187.84356689453125	1121.7900390625	0.0	302.6999816894531	0.0	0	0	Drama_Stand_06_Loop	0	1	0	5
skygarden	4010	800054	101112	646.5029907226562	187.81900024414062	1134.56201171875	0.0	202.80001831054688	0.0	0	0	Sit_02_Loop	0	1	0	5
skygarden	4010	800055	101087	634.7730712890625	187.14556884765625	1154.5670166015625	0.0	295.5	0.0	0	0	Drama_Stand_08_Loop	0	1	0	5
skygarden	4010	800056	101151	633.7000122070312	187.13800048828125	1155.0	0.0	112.09999084472656	0.0	0	0	Drama_Stand_03_Loop	0	1	0	5
skygarden	4010	800057	101221	594.5685424804688	190.00982666015625	1208.873779296875	0.0	70.89999389648438	0.0	0	0	Drama_Laugh_01_Loop	0	1	0	5
skygarden	4010	800058	101193	597.2988891601562	190.00982666015625	1210.1392822265625	0.0	250.09999084472656	0.0	0	0	Drama_Stand_03_Loop	0	1	0	5
skygarden	4010	800059	101150	560.6069946289062	189.45700073242188	1207.7769775390625	0.0	258.20001220703125	0.0	0	0	Sit_03_Loop	0	1	0	5
skygarden	4010	800060	101091	557.1699829101562	189.4340057373047	1206.8499755859375	0.0	90.0	0.0	0	0	Sit_01_Loop	0	1	0	5
skygarden	4010	800061	101092	554.4749755859375	189.43600463867188	1206.06298828125	0.0	257.3999938964844	0.0	0	0	Sit_02_Loop	0	1	0	5
skygarden	4010	800062	101072	548.4056396484375	168.30999755859375	1205.9681396484375	0.0	49.06999969482422	0.0	0	0	Watering_01_Loop	0	1	0	5
skygarden	4010	800063	101072	526.02197265625	168.58999633789062	1162.5577392578125	0.0	0.0	0.0	0	0	Watering_01_Loop	0	1	0	5
skygarden	4010	800064	101073	-748.5421752929688	169.44480895996094	2353.985595703125	0.0	311.47998046875	0.0	0	0		1	1	0	5
skygarden	4010	800065	101158	548.0042114257812	168.48800659179688	1141.330810546875	0.0	299.0	0.0	0	0		0	1	0	5
skygarden	4010	800066	101072	543.3580322265625	145.86863708496094	1327.1622314453125	0.0	180.0	0.0	0	0	Watering_01_Loop	0	1	0	5
skygarden	4010	800067	101072	522.1849365234375	145.9499969482422	1323.37890625	0.0	0.0	0.0	0	0	Watering_01_Loop	0	1	0	5
skygarden	4010	800068	101072	565.4974365234375	145.8595733642578	1325.255859375	0.0	330.8600158691406	0.0	0	0	Watering_01_Loop	0	1	0	5
skygarden	4010	800069	101072	609.8082275390625	146.36900329589844	1354.8538818359375	0.0	118.52999877929688	0.0	0	0	Watering_01_Loop	0	1	0	5
skygarden	4010	800070	101072	550.1214599609375	145.6699981689453	1394.4478759765625	0.0	236.19998168945312	0.0	0	0	Watering_01_Loop	0	1	0	5
skygarden	4010	800071	101072	639.7542114257812	188.8134765625	1126.9466552734375	0.0	0.0	0.0	0	0	Watering_01_Loop	0	1	0	5
skygarden	4010	800072	101072	646.9509887695312	188.81349182128906	1124.7188720703125	0.0	300.0	0.0	0	0	Watering_01_Loop	0	1	0	5
skygarden	4010	800073	101076	555.63037109375	143.73672485351562	1364.1563720703125	0.0	30.00000762939453	0.0	0	0	Drama_Stand_01_Loop	1	1	0	5
skygarden	4010	800074	101076	648.699951171875	159.35000610351562	1177.547119140625	0.0	30.00000762939453	0.0	0	0	Drama_Stand_01_Loop	1	1	0	5
skygarden	4010	800075	101076	554.8817749023438	168.56491088867188	1211.319580078125	0.0	157.3000030517578	0.0	0	0	Drama_Stand_01_Loop	1	1	0	3
skygarden	4010	800076	101076	618.4400024414062	189.3756866455078	1160.584716796875	0.0	0.0	0.0	0	0	Drama_Stand_01_Loop	1	1	0	3
skygarden	4010	800077	101176	638.0	157.95199584960938	1333.25	0.0	321.5	0.0	1	0		1	1	0	1
skygarden	4010	800078	101171	598.0499877929688	189.95199584960938	1200.0899658203125	0.0	212.89999389648438	0.0	0	6071		1	1	0	1
skygarden	4010	800079	101095	616.697021484375	161.17100524902344	1092.3919677734375	0.0	90.0	0.0	0	0	Drama_Stand_01_Loop	0	1	0	5
skygarden	4010	800082	101122	623.1953125	161.09368896484375	1094.996826171875	0.0	0.0	0.0	0	0	Drama_Stand_01_Loop	0	1	0	5
skygarden	4010	800083	101123	594.030029296875	189.4462432861328	1169.0360107421875	0.0	330.0	0.0	1	0	Drama_Stand_01_Loop	0	1	0	5
skygarden	4010	800084	101095	610.6400146484375	189.96981811523438	1202.9832763671875	0.0	0.0	0.0	0	0	Drama_Stand_01_Loop	0	1	0	5
skygarden	4010	800086	101124	597.2080078125	189.9250030517578	1212.3070068359375	0.0	220.19000244140625	0.0	0	0	Drama_Stand_01_Loop	0	1	0	5
skygarden	4010	800087	101125	551.5399780273438	189.73699951171875	1162.2889404296875	0.0	90.0	0.0	0	0	Drama_Stand_01_Loop	0	1	0	5
skygarden	4010	800088	101124	557.1699829101562	189.94900512695312	1177.260009765625	0.0	356.17999267578125	0.0	0	0	Drama_Stand_01_Loop	0	1	0	5
skygarden	4010	800089	101122	560.8099975585938	189.96981811523438	1115.02001953125	0.0	0.0	0.0	0	0	Drama_Stand_01_Loop	0	1	0	5
skygarden	4010	800090	101095	559.5739135742188	189.96981811523438	1113.7149658203125	0.0	0.0	0.0	0	0	Drama_Stand_01_Loop	0	1	0	5
skygarden	4010	800092	101125	545.41943359375	189.96981811523438	1121.3692626953125	0.0	0.0	0.0	0	0	Drama_Stand_01_Loop	0	1	0	5
skygarden	4010	800093	101095	582.2750244140625	189.4462432861328	1147.0213623046875	0.0	270.0	0.0	1	0	Drama_Stand_01_Loop	0	1	0	5
skygarden	4010	800094	101123	580.5300903320312	189.4462432861328	1145.7130126953125	0.0	0.0	0.0	1	0	Drama_Stand_01_Loop	0	1	0	5
skygarden	4010	800095	101122	639.2589721679688	187.1055908203125	1184.2110595703125	0.0	180.0	0.0	0	0	Drama_Stand_01_Loop	0	1	0	5
skygarden	4010	800096	101196	652.0564575195312	187.14556884765625	1165.697021484375	0.0	333.4499816894531	0.0	0	0	Drama_Stand_08_Loop	0	1	0	5
skygarden	4010	800097	101129	651.6199951171875	187.13299560546875	1166.8170166015625	0.0	164.49998474121094	0.0	0	0	Drama_Stand_06_Loop	0	1	0	5
skygarden	4010	800098	101155	629.030029296875	187.1300048828125	1173.8609619140625	0.0	0.0	0.0	0	0	Drama_Stand_04_Loop	0	1	0	5
skygarden	4010	800100	101148	628.72802734375	187.12899780273438	1174.991943359375	0.0	165.1999969482422	0.0	0	0	Drama_Stand_03_Loop	0	1	0	5
skygarden	4010	800101	101146	647.9400024414062	187.1055908203125	1135.5469970703125	0.0	32.55585861206055	0.0	0	0	Wall_01_Loop	0	1	0	5
skygarden	4010	800102	101147	648.7730102539062	187.1055908203125	1136.5589599609375	0.0	229.45059204101562	0.0	0	0	Drama_Stand_06_Loop	0	1	0	5
skygarden	4010	800103	101258	652.531982421875	187.13999938964844	1181.176025390625	0.0	0.0	0.0	0	0	Drama_Stand_04_Loop	0	1	0	5
skygarden	4010	800104	101237	652.6199951171875	187.14556884765625	1182.7454833984375	0.0	180.0	0.0	0	0	Drama_NPC_Argue_Loop	0	1	0	5
skygarden	4010	800105	101252	577.780029296875	144.59100341796875	1339.550048828125	0.0	320.70001220703125	0.0	0	0		0	1	0	5
skygarden	4010	800106	101149	576.9697265625	144.60177612304688	1340.6671142578125	0.0	150.0	0.0	0	0	Drama_Stand_03_Loop	0	1	0	5
skygarden	4010	800107	101126	590.021484375	144.58587646484375	1325.5023193359375	0.0	327.9000244140625	0.0	0	0	Drama_Stand_03_Loop	0	1	0	5
skygarden	4010	800108	101228	589.3063354492188	144.58587646484375	1326.687255859375	0.0	146.39999389648438	0.0	0	0	Drama_NPC_Argue_Loop	0	1	0	5
skygarden	4010	800109	101131	557.7645263671875	143.6967315673828	1343.7239990234375	0.0	270.0	0.0	0	0		0	1	0	5
skygarden	4010	800110	101262	621.2990112304688	167.01800537109375	1136.529052734375	0.0	175.99998474121094	0.0	0	0	Drama_Brainwave_R_Loop	0	1	0	5
skygarden	4010	800112	101206	667.7340087890625	161.11000061035156	1153.3719482421875	0.0	60.000003814697266	0.0	0	0	Sit_01_Loop	0	1	0	5
skygarden	4010	800114	101191	669.3800048828125	161.1269989013672	1150.699951171875	0.0	65.00000762939453	0.0	0	0		0	1	0	5
skygarden	4010	800115	101162	670.0339965820312	160.74400329589844	1150.2239990234375	350.21331787109375	60.000003814697266	0.0	0	0	Sit_04_Loop	0	1	0	5
skygarden	4010	800116	101152	670.7960205078125	161.1300048828125	1148.7020263671875	0.0	84.4000015258789	0.0	0	0	Sit_01_Loop	0	1	0	5
skygarden	4010	800117	101129	671.1610107421875	161.1230010986328	1148.053955078125	0.0	25.899995803833008	0.0	0	0	Sit_03_Loop	0	1	0	5
skygarden	4010	800119	101134	674.0599975585938	161.13999938964844	1143.198974609375	0.0	58.899993896484375	0.0	0	0	Sit_03_Loop	0	1	0	5
skygarden	4010	800120	101154	676.2100219726562	161.08599853515625	1139.6500244140625	0.0	60.000003814697266	0.0	0	0	Sit_01_Loop	0	1	0	5
skygarden	4010	800121	101147	675.8790283203125	160.73500061035156	1140.3310546875	0.0	60.000003814697266	0.0	0	0	Sit_04_Loop	0	1	0	5
skygarden	4010	800122	101092	671.6749877929688	161.11000061035156	1158.3489990234375	0.0	149.7135467529297	0.0	0	0	Sit_03_Loop	0	1	0	5
skygarden	4010	800123	101133	672.551025390625	161.15699768066406	1158.279052734375	0.0	180.0	0.0	0	0	Drama_Sit_07_Loop	0	1	0	5
skygarden	4010	800080	101174	525.3800048828125	189.33999633789062	1192.260009765625	0.0	120.00000762939453	0.0	0	6074		1	1	0	1
skygarden	4010	800081	101175	603.1660766601562	189.2456817626953	1140.8389892578125	0.0	0.0	0.0	0	6075		1	1	0	1
skygarden	4010	800085	101115	567.7589721679688	143.6510009765625	1350.133056640625	0.0	270.0	0.0	0	6064		1	1	0	1
skygarden	4010	800091	101177	502.5989990234375	143.54299926757812	1351.814453125	0.0	270.0	0.0	0	0		1	1	0	1
skygarden	4010	800124	101178	655.8113403320312	154.68785095214844	1243.050048828125	0.0	0.0	0.0	0	0		1	1	0	1
skygarden	4010	800125	101179	672.3070068359375	161.0850067138672	1145.9129638671875	0.0	57.057044982910156	0.0	0	0		1	1	1	1
skygarden	4010	800126	101143	571.9808959960938	169.45909118652344	1181.011962890625	0.0	0.0	0.0	1	0	Drama_Stand_01_Loop	1	1	0	1
skygarden	4010	800127	101180	641.7000122070312	193.04100036621094	1278.75	0.0	223.80001831054688	0.0	0	0		1	1	0	1
skygarden	4010	800128	101181	625.4000244140625	193.05499267578125	1248.3699951171875	0.0	90.0	0.0	0	0	Stand1_Loop	0	1	0	5
skygarden	4010	800129	101181	522.3400268554688	189.2429962158203	1185.530029296875	0.0	90.0	0.0	0	0	Stand1_Loop	0	1	0	5
skygarden	4010	800130	101181	530.0999755859375	189.2480010986328	1197.72998046875	0.0	120.00000762939453	0.0	0	0	Stand1_Loop	0	1	0	5
skygarden	4010	800131	101181	610.1865234375	187.1055908203125	1088.93798828125	0.0	0.0	0.0	0	0	Stand1_Loop	0	1	0	5
skygarden	4010	800132	101181	636.8499755859375	191.43600463867188	1209.0870361328125	0.0	0.0	0.0	0	0	Stand1_Loop	0	1	0	5
skygarden	4010	800133	101181	624.6782836914062	160.35000610351562	1081.0662841796875	0.0	0.0	0.0	0	0	Stand1_Loop	0	1	0	5
skygarden	4010	800134	101181	619.97998046875	160.35775756835938	1086.7833251953125	0.0	90.0	0.0	0	0	Stand1_Loop	0	1	0	5
skygarden	4010	800135	101181	617.22998046875	161.91851806640625	1257.47998046875	0.0	41.70000457763672	0.0	0	0	Stand1_Loop	0	1	0	5
skygarden	4010	800136	101181	621.219970703125	161.88699340820312	1254.4000244140625	0.0	58.76999282836914	0.0	0	0	Stand1_Loop	0	1	0	5
skygarden	4034	1100006	101289	292.4599914550781	224.60000610351562	909.4992065429688	0.0	0.0	0.0	0	0	Drama_Die01_Loop	0	1	0	6
skygarden	4034	1100013	101096	285.3900146484375	233.5780029296875	898.8400268554688	0.0	90.0	0.0	0	0	Drama_Die2_Loop	0	1	0	6
skygarden	4034	1100014	101355	268.3299865722656	233.6699981689453	887.9000244140625	0.0	0.0	0.0	0	0	Drama_Die2_Loop	0	1	0	6
skygarden	4034	1100015	101096	245.03700256347656	233.61000061035156	902.22998046875	0.0	90.0	0.0	0	0	Drama_SitHurt_Loop	1	1	0	6
skygarden	4034	1100016	101153	288.989990234375	224.60000610351562	919.6900024414062	0.0	0.0	0.0	0	0	Drama_Die2_Loop	0	1	0	6
skygarden	4034	1100001	101290	284.5799865722656	225.91099548339844	911.6400146484375	0.0	90.0	0.0	0	0	Drama_Die01_Loop	0	1	0	6
skygarden	4034	1100002	101290	281.9800109863281	224.60000610351562	926.0399780273438	0.0	0.0	0.0	0	0	Drama_Die01_Loop	0	1	0	6
skygarden	4034	1100003	101289	285.9200134277344	233.6699981689453	924.1300048828125	0.0	0.0	0.0	0	0	Drama_Die01_Loop	0	1	0	6
skygarden	4034	1100004	101290	245.50999450683594	233.6699981689453	888.2899780273438	0.0	0.0	0.0	0	0	Drama_Die01_Loop	0	1	0	6
skygarden	4034	1100005	101289	296.2900085449219	233.6699981689453	910.5900268554688	0.0	0.0	0.0	0	0	Drama_Die01_Loop	0	1	0	6
skygarden	4034	1100007	101263	241.4600067138672	233.58999633789062	896.780029296875	0.0	0.0	0.0	0	0	Drama_Die1_Loop	0	1	0	6
skygarden	4034	1100008	101290	268.489990234375	233.6699981689453	932.739990234375	0.0	0.0	0.0	0	0	Drama_Die01_Loop	0	1	0	6
skygarden	4034	1100009	101289	263.239990234375	233.6699981689453	885.1799926757812	0.0	0.0	0.0	0	0	Drama_Die01_Loop	0	1	0	6
skygarden	4034	1100010	101289	248.41000366210938	233.6699981689453	935.8599853515625	0.0	0.0	0.0	0	0	Drama_Die01_Loop	0	1	0	6
skygarden	4034	1100011	101001	222.72000122070312	233.6999969482422	902.4500122070312	0.0	0.0	0.0	0	0	Drama_Die1_Loop	0	1	0	6
skygarden	4034	1100012	101356	229.93930053710938	233.7207794189453	899.4500122070312	0.0	0.0	0.0	0	0	Drama_Die2_Loop	0	0	0	1
skygarden	4034	1100017	101277	250.0399932861328	233.7207794189453	888.0399780273438	0.0	0.0	0.0	0	0	Drama_Die1_Loop	0	1	0	6
skygarden	4034	1100018	101358	233.1199951171875	234.57000732421875	910.3699951171875	0.0	0.0	0.0	0	0	Drama_Die2_Loop	0	1	0	6
skygarden	4034	1100019	101248	226.94000244140625	233.7207794189453	921.1199951171875	0.0	0.0	0.0	0	0	Drama_Die1_Loop	0	1	0	6
skygarden	4034	1100020	101286	271.8299865722656	233.6699981689453	894.2000122070312	0.0	0.0	0.0	0	0	Drama_Die1_Loop	0	1	0	6
skygarden	4034	1100021	101354	281.0	233.5780029296875	895.219970703125	0.0	0.0	0.0	0	0	Drama_SitHurt_Loop	0	1	0	6
skygarden	4034	1100022	101335	285.6199951171875	233.57000732421875	896.1710205078125	0.0	0.0	0.0	0	0	Drama_fear_02_Loop	0	1	0	6
skygarden	4034	1100023	101359	291.63800048828125	233.61343383789062	908.3377685546875	0.0	90.0	0.0	0	0	Drama_SitHurt_Loop	0	1	0	6
skygarden	4034	1100024	101276	286.5567321777344	233.61343383789062	920.7787475585938	0.0	0.0	0.0	0	0	Drama_Die1_Loop	0	1	0	6
skygarden	4034	1100025	101274	276.44000244140625	233.59500122070312	926.5900268554688	0.0	0.0	0.0	0	0	Drama_Die2_Loop	0	1	0	6
skygarden	4034	1100026	101277	255.11407470703125	233.56399536132812	939.5700073242188	0.0	0.0	0.0	0	0	Drama_Die2_Loop	0	1	0	6
skygarden	4034	1100027	101277	297.0899963378906	224.54640197753906	910.7872314453125	0.0	0.0	0.0	0	0	Drama_Die1_Loop	0	1	0	6
skygarden	4034	1100028	101357	291.1000061035156	224.4600067138672	903.7899780273438	0.0	0.0	0.0	0	0	Drama_Die2_Loop	0	1	0	6
skygarden	4034	1100029	101081	277.760009765625	225.88235473632812	909.7009887695312	0.0	0.0	0.0	0	0	Drama_SitHurt_Loop	0	1	0	6
skygarden	4034	1100030	101358	273.6300048828125	225.84881591796875	912.760009765625	0.0	0.0	0.0	0	0	Drama_Die1_Loop	0	1	0	6
skygarden	4034	1100031	101286	273.6300048828125	224.44900512695312	891.5	0.0	0.0	0.0	0	0	Drama_Die2_Loop	0	1	0	6
skygarden	4034	1100032	101319	283.19000244140625	224.49000549316406	893.5900268554688	0.0	0.0	0.0	0	0	Drama_SitHurt_Loop	0	1	0	6
skygarden	4034	1100033	101357	281.1000061035156	233.58799743652344	923.02197265625	0.0	0.0	0.0	0	0	Fear_01_Loop	0	1	0	6
skygarden	4034	1100034	101274	225.1748046875	233.70339965820312	906.8570556640625	0.0	0.0	0.0	0	0	Drama_Die3_Loop	0	1	0	6
skygarden	4034	1100035	101275	220.22500610351562	233.75930786132812	919.2080078125	0.0	286.91998291015625	0.0	0	0	Drama_Die3_Loop	0	1	0	6
skygarden	4036	1200001	101301	232.13479614257812	224.8490447998047	904.8201293945312	0.0	180.0	0.0	1	0	Drama_Stand_05_Loop	0	0	0	1
skygarden	4036	1200002	101332	267.0799865722656	225.8509979248047	903.969970703125	0.0	153.60000610351562	0.0	0	0	Drama_Stand_06_Loop	0	1	0	6
skygarden	4036	1200003	101327	279.2849426269531	225.90029907226562	912.4797973632812	0.0	0.0	0.0	0	0	Drama_Stand_08_Loop	0	1	0	6
skygarden	4036	1200004	101181	302.3900146484375	224.53599548339844	911.1099853515625	0.0	270.0	0.0	0	0	Stand1_Loop	0	1	0	6
skygarden	4036	1200005	101326	293.70001220703125	224.45599365234375	903.3408813476562	0.0	0.0	0.0	0	0	Drama_Stand_06_Loop	0	1	0	6
skygarden	4036	1200006	101319	287.7019958496094	224.4600067138672	923.2319946289062	0.0	0.0	0.0	0	0	Drama_Stand_01_Loop	0	1	0	6
skygarden	4036	1200007	101303	265.1380920410156	225.90731811523438	918.4971313476562	0.0	0.0	0.0	0	0	Drama_Stand_06_Loop	0	1	0	6
skygarden	4036	1200008	101329	243.1999969482422	224.50999450683594	920.1199951171875	0.0	90.0	0.0	0	0	Drama_Stand_01_Loop	0	1	0	6
skygarden	4036	1200009	101326	243.36000061035156	224.45199584960938	902.0900268554688	0.0	90.0	0.0	0	0	Drama_Stand_01_Loop	0	1	0	6
skygarden	4036	1200010	101262	287.2770080566406	224.45599365234375	925.27197265625	0.0	0.0	0.0	0	0	Drama_Stand_15_Loop	0	1	0	6
skygarden	4036	1200011	101261	277.4230041503906	224.4550018310547	924.6793823242188	0.0	0.0	0.0	0	0	Drama_Stand_05_Loop	0	1	0	6
skygarden	4036	1200012	101261	286.9002380371094	224.47000122070312	901.7673950195312	0.0	49.29998016357422	0.0	0	0	Drama_Stand_03_Loop	0	1	0	6
skygarden	4036	1200013	101262	287.3599853515625	224.4510040283203	902.9739990234375	0.0	127.10001373291016	0.0	0	0	Drama_Stand_05_Loop	0	1	0	6
skygarden	4036	1200014	101276	285.3704528808594	224.46200561523438	924.3530883789062	0.0	29.499998092651367	0.0	0	0	Drama_Stand_04_Loop	0	1	0	6
skygarden	4036	1200015	101275	264.89300537109375	224.45399475097656	939.5260009765625	0.0	85.79997253417969	0.0	0	0	Drama_Stand_03_Loop	0	1	0	6
skygarden	4036	1200016	101323	253.28138732910156	224.5290069580078	934.5059814453125	0.0	275.0999755859375	0.0	0	0	Drama_Stand_08_Loop	0	1	0	6
skygarden	4036	1200017	101273	273.28350830078125	225.89881896972656	908.0689697265625	0.0	0.0	0.0	1	0	Drama_Stand_01_Loop	0	0	0	1
skygarden	4036	1200018	101312	285.760009765625	225.90029907226562	909.257568359375	0.0	180.0	0.0	0	0	Drama_Stand_08_Loop	0	1	0	6
skygarden	4036	1200019	101181	296.4800109863281	224.45599365234375	918.3599853515625	0.0	180.0	0.0	0	0	Stand1_Loop	0	1	0	6
skygarden	4036	1200020	101019	277.76519775390625	224.46200561523438	926.1019287109375	0.0	226.29998779296875	0.0	0	0	Drama_Stand_03_Loop	0	1	0	6
skygarden	4036	1200021	101019	266.32501220703125	224.44200134277344	939.4760131835938	0.0	266.800048828125	0.0	0	0		0	0	0	1
skygarden	4036	1200022	101261	251.38499450683594	224.50140380859375	934.7849731445312	0.0	90.0	0.0	0	0	Drama_NPC_Argue_Loop	0	1	0	6
skygarden	4036	1200023	101307	276.25323486328125	224.44900512695312	925.98974609375	0.0	129.20001220703125	0.0	0	0	Drama_Stand_06_Loop	0	1	0	6
skygarden	4036	1200024	101311	252.61000061035156	224.47500610351562	936.218994140625	0.0	245.5	0.0	0	0	Drama_Stand_01_Loop	0	1	0	6
skygarden	4036	1200025	101095	276.4729919433594	224.50140380859375	889.5599975585938	0.0	287.70001220703125	0.0	0	0	Drama_Stand_01_Loop	0	1	0	6
skygarden	4036	1200026	101181	272.0299987792969	225.84500122070312	913.4000244140625	0.0	90.0	0.0	0	0	Stand1_Loop	0	1	0	6
skygarden	4036	1200027	101277	274.55120849609375	224.4429931640625	889.8538208007812	0.0	141.0	0.0	0	0	Drama_Stand_06_Loop	0	1	0	6
skygarden	4036	1200028	101181	279.8399963378906	224.4530029296875	893.6099853515625	0.0	324.0	0.0	0	0	Stand1_Loop	0	1	0	6
skygarden	4036	1200029	101181	276.8599853515625	224.4499969482422	892.530029296875	0.0	153.60000610351562	0.0	0	0	Stand1_Loop	0	1	0	6
skygarden	4036	1200030	101261	249.08999633789062	224.45199584960938	881.8930053710938	0.0	56.99998474121094	0.0	0	0	Drama_SitHurt_Loop	0	1	0	6
skygarden	4036	1200031	101248	250.67999267578125	224.50140380859375	882.6199951171875	0.0	245.39999389648438	0.0	0	0	Drama_Stand_11_Loop	0	1	0	6
skygarden	4036	1200032	101274	248.6699981689453	224.4499969482422	883.3699951171875	0.0	141.20001220703125	0.0	0	0	Drama_Stand_12_Loop	0	1	0	6
skygarden	4036	1200033	101262	263.5260009765625	224.50140380859375	887.6799926757812	0.0	332.6500244140625	0.0	0	0	Drama_Stand_15_Loop	0	1	0	6
skygarden	4036	1200034	101153	263.0605773925781	224.50140380859375	888.7620239257812	0.0	157.19998168945312	0.0	0	0	Drama_SitHurt_Loop	0	1	0	6
skygarden	4036	1200035	101263	275.92999267578125	224.47140502929688	933.0869750976562	0.0	180.0	0.0	0	0	Drama_SitHurt_Loop	0	1	0	6
skygarden	4037	2500002	101037	599.3599243164062	191.9974822998047	834.7980346679688	0.0	0.0	0.0	0	0		1	0	0	1
skygarden	4038	2600001	101115	465.75	193.64096069335938	1004.5	0.0	206.09092712402344	0.0	1	0	Drama_Stand_05_Loop	1	0	0	1
skygarden	4038	2600002	101115	465.7640075683594	193.64100646972656	1004.6519775390625	0.0	31.667654037475586	0.0	1	0	Drama_Stand_01_Loop	1	0	0	1
skygarden	4040	3700001	101405	347.3399963378906	126.87999725341797	156.3800048828125	-0.0	0.0	0.0	0	0	Drama_Stand_01_Loop	0	1	0	1
skygarden	4040	3700002	101405	346.3399963378906	126.87999725341797	156.3000030517578	-0.0	0.0	0.0	0	0	Drama_Stand_01_Loop	0	1	0	1
skygarden	4040	3700003	101405	345.3299865722656	126.87999725341797	156.24000549316406	-0.0	0.0	0.0	0	0	Drama_Stand_01_Loop	0	1	0	1
skygarden	4040	3700004	101405	348.2900085449219	126.83999633789062	156.4499969482422	-0.0	0.0	0.0	0	0	Drama_Stand_01_Loop	0	1	0	1
skygarden	4040	3700005	101405	341.8599853515625	126.85800170898438	149.58999633789062	-0.0	86.29432678222656	-0.0	0	0	Drama_Stand_01_Loop	0	1	0	1
skygarden	4040	3700007	101075	380.5953063964844	126.52532196044922	161.16305541992188	0.0	331.4235534667969	0.0	1	0		0	0	0	1
skygarden	4040	3700008	101400	355.61700439453125	211.47320556640625	180.07400512695312	0.0	239.7625732421875	0.0	0	0	Drama_Stand_01_Loop	0	0	0	1
skygarden	4040	3700009	101408	355.6300048828125	211.52000427246094	178.6300048828125	-0.0	29.426145553588867	-0.0	0	0	Drama_Stand_01_Loop	0	0	0	1
skygarden	4040	3700010	101396	355.0429992675781	211.47320556640625	167.7530059814453	-0.0	171.5056610107422	-0.0	0	0	Drama_Stand_01_Loop	0	0	0	1
skygarden	4040	3700011	101400	354.57000732421875	211.47320556640625	166.82000732421875	-0.0	105.76609802246094	-0.0	0	0	Drama_Stand_01_Loop	0	0	0	1
skygarden	4040	3700012	101407	355.9599914550781	211.47000122070312	166.5800018310547	0.0	343.1079406738281	0.0	0	0	Drama_Stand_01_Loop	0	0	0	1
skygarden	4040	3700013	101371	380.1106872558594	126.52529907226562	163.0052032470703	-0.0	158.8238983154297	-0.0	1	0	Drama_Stand_01_Loop	0	0	0	1
skygarden	4040	3700014	101075	313.4700012207031	289.2200012207031	269.62567138671875	-0.0	89.25652313232422	-0.0	1	0		1	-1	0	0
skygarden	4040	3700006	101405	346.1300048828125	126.87999725341797	155.07000732421875	-0.0	0.0	0.0	0	0	Drama_Stand_01_Loop	0	0	0	1
skygarden	4040	3700015	101075	348.4200134277344	127.2300033569336	158.86000061035156	0.0	180.70657348632812	0.0	0	0		0	0	0	1
skygarden	4040	3700016	101405	342.8900146484375	126.85800170898438	149.6300048828125	-0.0	79.31903076171875	-0.0	0	0	Drama_Stand_01_Loop	0	1	0	1
skygarden	4040	3700017	101405	345.3999938964844	126.85800170898438	155.0	-0.0	0.0	0.0	0	0	Drama_Stand_01_Loop	0	1	0	1
skygarden	4040	3700018	101405	340.95001220703125	126.85800170898438	149.52000427246094	-0.0	79.87345123291016	-0.0	0	0	Drama_Stand_01_Loop	0	1	0	1
skygarden	4040	3700019	101393	349.3399963378906	126.8958969116211	170.8300018310547	-0.0	0.0	0.0	0	0	Drama_TouchIpad_Loop	0	1	0	1
skygarden	4040	3700020	101374	312.8699951171875	125.94000244140625	182.14999389648438	0.0	353.1673278808594	0.0	0	0		0	0	0	1
skygarden	4040	3700021	101374	334.2699890136719	125.94000244140625	155.36000061035156	0.0	270.99151611328125	0.0	0	0		0	0	0	1
skygarden	4040	3700022	101376	347.7699890136719	126.8958969116211	173.63999938964844	0.0	194.8689727783203	0.0	0	0		0	0	0	1
skygarden	4040	3700023	101393	348.989990234375	126.95999908447266	172.2899932861328	-0.0	86.87190246582031	-0.0	0	0	Drama_Stand_06_Loop	0	1	0	1
skygarden	4040	3700024	101393	335.7699890136719	125.66999816894531	155.08999633789062	0.0	270.40594482421875	0.0	0	0	Drama_Stand_05_Loop	0	1	0	1
skygarden	4040	3700025	101394	314.88995361328125	126.11774444580078	182.11375427246094	0.0	275.8116455078125	0.0	0	0		0	0	0	1
skygarden	4040	3700026	101396	316.2934875488281	126.11774444580078	182.2619171142578	0.0	265.614990234375	0.0	0	0		0	0	0	1
skygarden	4040	3700027	101401	317.7636413574219	126.11774444580078	182.23606872558594	0.0	283.47528076171875	0.0	0	0		0	0	0	1
skygarden	4040	3700028	101402	319.1600036621094	126.11774444580078	182.319580078125	0.0	280.5719299316406	0.0	0	0		0	0	0	1
skygarden	4040	3700029	101068	386.8045959472656	126.03240203857422	174.6829071044922	357.5920104980469	205.0	0.36999982595443726	1	0		0	0	0	1
skygarden	4040	3700030	101371	345.1131286621094	211.47320556640625	172.74493408203125	0.0	288.95355224609375	0.0	1	6087	Drama_Terminal_Loop	1	0	0	1
skygarden	4040	3700031	101371	344.8370056152344	211.5	172.89999389648438	0.0	271.57696533203125	0.0	1	6087	Drama_Stand_01_Loop	1	0	0	1
skygarden	4040	3700033	101420	327.2149963378906	289.1711120605469	248.81300354003906	-0.0	176.43319702148438	-0.0	1	6089		0	0	0	1
skygarden	4041	3400002	101368	293.1679992675781	126.7249984741211	157.60899353027344	0.0	344.73638916015625	0.0	1	0	Drama_Stand_01_Loop	0	0	0	1
skygarden	4041	3400007	101401	278.2030029296875	120.66200256347656	162.03900146484375	-0.0	86.91983795166016	-0.0	0	0	Drama_Stand_01_Loop	0	0	0	1
skygarden	4041	3400001	101395	278.2250061035156	120.67900085449219	161.51400756835938	-0.0	73.34541320800781	-0.0	0	0	Drama_Stand_08_Loop	0	0	0	1
skygarden	4041	3400005	101404	379.1650085449219	211.52000427246094	162.36000061035156	0.0	264.0086364746094	0.0	0	0	Wall_01_Loop	0	0	0	1
skygarden	4041	3400006	101411	377.4700012207031	211.4709930419922	161.75	-0.0	69.76131439208984	-0.0	0	0	Drama_NPC_Wish_Loop	0	0	0	1
skygarden	4041	3400008	101400	267.2669982910156	120.66532135009766	173.39700317382812	-0.0	0.0	0.0	0	0	Drama_Stand_07_Loop	0	0	0	1
skygarden	4041	3400009	101410	315.63299560546875	126.12532043457031	182.97500610351562	-0.0	0.0	0.0	0	0	Drama_Stand_06_Loop	0	0	0	5
skygarden	4041	3400010	101402	329.5140075683594	126.2445297241211	142.33599853515625	-0.0	0.0	0.0	0	0	Sit_03_Loop	0	0	0	1
skygarden	4041	3400011	101390	329.67401123046875	126.12532043457031	143.46200561523438	0.0	186.50341796875	0.0	0	0	Drama_Stand_06_Loop	0	0	0	1
skygarden	4041	3400012	101072	348.989990234375	219.5590057373047	184.3509979248047	0.0	274.646484375	0.0	0	0	Watering_01_Loop	0	0	1	4
skygarden	4041	3400014	101364	348.2139892578125	218.91920471191406	182.3560028076172	-0.0	0.0	0.0	0	0	GetDown_01_Loop	0	0	0	1
skygarden	4041	3400003	101394	333.52398681640625	218.9239959716797	163.7689971923828	-0.0	0.0	0.0	1	0	Sit_01_Loop	0	0	0	0
skygarden	4041	3400004	101395	336.02899169921875	218.9429931640625	165.9459991455078	-0.0	0.0	0.0	1	0	Sit_01_Loop	0	0	0	0
skygarden	4041	3400013	101401	333.4209899902344	218.90899658203125	158.66299438476562	-0.0	0.0	0.0	1	0	Sit_01_Loop	0	0	0	0
skygarden	4041	3400015	101407	342.7449951171875	218.9499969482422	166.02999877929688	-0.0	0.0	0.0	1	0	Sit_01_Loop	0	0	0	0
skygarden	4041	3400016	101410	345.08099365234375	218.93499755859375	163.63099670410156	-0.0	0.0	0.0	1	0	Sit_01_Loop	0	0	0	0
skygarden	4041	3400017	101400	342.64898681640625	218.95199584960938	161.06300354003906	-0.0	0.0	0.0	1	0	Sit_01_Loop	0	0	0	0
skygarden	4041	3400018	101390	340.1573181152344	219.16758728027344	171.1042022705078	0.0	190.9222412109375	0.0	1	0		0	0	0	0
skygarden	4041	3400019	101368	305.31500244140625	125.79060363769531	160.19500732421875	0.0	286.8479919433594	0.0	1	0	Drama_Stand_01_Loop	0	0	0	1
skygarden	4041	3400020	101368	378.4100036621094	211.47320556640625	171.8000030517578	0.0	286.8479919433594	0.0	1	0	Drama_Stand_01_Loop	0	0	0	1
skygarden	4044	4100001	101191	580.6829833984375	188.74594116210938	935.3270263671875	0.0	182.7836456298828	0.0	0	0	Sit_01_Loop	0	1	0	5
skygarden	4044	4100002	101149	587.1589965820312	188.74594116210938	915.3277587890625	-0.0	14.916561126708984	-0.0	0	0	Drama_Stand_04_Loop	0	1	0	5
skygarden	4044	4100003	101047	585.656005859375	188.73699951171875	907.9310302734375	-0.0	89.62469482421875	-0.0	0	0	Sit_01_Loop	0	1	0	5
skygarden	4044	4100004	101083	586.6069946289062	188.74594116210938	907.656982421875	0.0	294.6579284667969	0.0	0	0	Drama_Stand_03_Loop	1	1	0	5
skygarden	4044	4100005	101099	594.4979858398438	188.74594116210938	894.5570068359375	0.0	242.22442626953125	0.0	0	0	Drama_Stand_05_Loop	1	1	0	5
skygarden	4044	4100006	101104	566.56640625	188.74594116210938	921.1194458007812	0.0	193.38868713378906	0.0	0	0	Drama_Stand_05_Loop	1	1	0	5
skygarden	4044	4100007	101096	581.4181518554688	190.5330352783203	902.6370239257812	-0.0	0.0	0.0	0	0	Drama_Stand_03_Loop	0	1	0	5
skygarden	4044	4100008	101101	581.7020263671875	190.5330352783203	903.5789794921875	0.0	209.86924743652344	0.0	0	0	Drama_Stand_06_Loop	0	1	0	5
skygarden	4044	4100009	101102	580.84619140625	190.5330352783203	903.3820190429688	-0.0	155.71987915039062	-0.0	0	0	Drama_Stand_05_Loop	1	1	0	5
skygarden	4044	4100010	101198	552.8811645507812	190.50100708007812	911.3486938476562	-0.0	173.1827392578125	-0.0	0	0	Drama_Stand_08_Loop	0	1	0	5
skygarden	4044	4100011	101155	552.9736328125	190.5050048828125	910.410400390625	-0.0	12.419057846069336	-0.0	0	0	Drama_Stand_03_Loop	1	1	0	5
skygarden	4044	4100012	101073	558.305419921875	188.74594116210938	933.2191772460938	0.0	284.5715026855469	0.0	0	0	Sweep_01_Loop	0	1	0	5
skygarden	4044	4100013	101182	556.8096313476562	188.74594116210938	933.3526000976562	-0.0	97.91886138916016	-0.0	0	0	Drama_Stand_04_Loop	0	1	0	5
skygarden	4044	4100014	101101	551.728759765625	188.74594116210938	923.4946899414062	0.0	199.56910705566406	0.0	0	0	Drama_Stand_05_Loop	1	1	0	5
skygarden	4044	4100015	101181	531.6589965820312	188.74594116210938	916.8489990234375	-0.0	73.74887084960938	-0.0	0	0	Stand1_Loop	0	1	0	5
skygarden	4044	4100016	101181	531.7860107421875	188.74594116210938	904.9879760742188	-0.0	68.1180419921875	-0.0	0	0	Stand1_Loop	0	1	0	5
skygarden	4044	4100017	101255	605.3699951171875	189.95399475097656	910.2470092773438	-0.0	79.4403076171875	-0.0	0	0	Drama_Stand_05_Loop	0	1	0	5
skygarden	4044	4100018	101092	589.3895263671875	192.56900024414062	954.75537109375	-0.0	165.55723571777344	-0.0	0	0	Drama_Stand_04_Loop	1	1	0	5
skygarden	4044	4100019	101191	543.2960205078125	188.74594116210938	892.6844482421875	0.0	205.7027130126953	0.0	0	0	Drama_Stand_03_Loop	0	1	0	5
skygarden	4044	4100020	101100	542.8560180664062	188.74594116210938	891.93798828125	-0.0	23.25338363647461	-0.0	0	0	Drama_Stand_04_Loop	0	1	0	5
skygarden	4044	4100021	101091	581.6270141601562	190.5330352783203	910.198974609375	0.0	275.1734619140625	0.0	0	0	Sit_01_Loop	0	1	0	5
skygarden	4044	4100022	101093	522.9660034179688	188.74627685546875	878.489990234375	0.0	226.40525817871094	0.0	0	0	Drama_Stand_08_Loop	0	1	0	5
skygarden	4044	4100023	101104	612.5070190429688	192.40499877929688	943.9080200195312	0.020505348220467567	123.34319305419922	359.96881103515625	0	0	StandPhone_Loop	0	1	0	5
skygarden	4044	4100025	101154	542.218994140625	192.33999633789062	839.2579956054688	0.0	250.11373901367188	0.0	0	0	Drama_Stand_03_Loop	0	1	0	1
skygarden	4044	4100026	101153	541.9739379882812	192.33399963378906	838.4032592773438	0.0	305.254150390625	0.0	0	0	Drama_Stand_07_Loop	0	1	0	1
skygarden	4044	4100027	101204	535.3629760742188	192.0045928955078	839.8319702148438	0.0	237.22943115234375	0.0	0	0	Drama_Stand_05_Loop	0	1	0	1
skygarden	4044	4100028	101206	575.8679809570312	192.74600219726562	840.6640014648438	-0.0	51.25955581665039	-0.0	0	0	Drama_Stand_05_Loop	0	1	0	1
skygarden	4044	4100029	101246	564.06201171875	192.11599731445312	882.2645263671875	0.0	193.27671813964844	0.0	0	0	Drama_Stand_09_Loop	0	1	0	1
skygarden	4044	4100030	101261	592.1199951171875	191.92300415039062	886.676025390625	0.0	242.44705200195312	0.0	0	0	Sit_03_Loop	0	1	0	1
skygarden	4044	4100031	101262	590.9710083007812	191.91720581054688	886.1329956054688	-0.0	42.48867416381836	-0.0	0	0	Drama_Stand_06_Loop	0	1	0	1
skygarden	4044	4100032	101274	601.0419921875	192.25900268554688	854.7410278320312	-0.0	85.14173126220703	-0.0	0	0	Drama_Stand_05_Loop	0	1	0	1
skygarden	4044	4100033	101240	585.2943115234375	191.91720581054688	871.5996704101562	-0.0	153.94522094726562	-0.0	0	0	StandPhone_Loop	0	1	0	1
skygarden	4044	4100034	101184	547.2730102539062	192.3489990234375	852.2239990234375	0.0	248.8619842529297	0.0	0	0	Drama_Stand_12_Loop	0	1	0	1
skygarden	4044	4100035	101072	588.3729858398438	192.56271362304688	864.3319702148438	0.0	222.76373291015625	0.0	0	0	Watering_01_Loop	0	1	0	1
skygarden	4044	4100036	101073	595.60400390625	191.91720581054688	881.9229736328125	0.0	255.51800537109375	0.0	0	0	Sweep_01_Loop	0	1	0	1
skygarden	4044	4100037	101072	582.2760009765625	192.33399963378906	880.073974609375	-0.0	148.71536254882812	-0.0	0	0	Watering_01_Loop	0	1	0	1
skygarden	4044	4100038	101071	562.4844970703125	192.7738037109375	829.5708618164062	-0.0	0.0	0.0	0	0		0	1	0	1
skygarden	4044	4100039	101059	569.0980224609375	192.74600219726562	830.5230102539062	0.0	295.95037841796875	0.0	0	0	Sit_02_Loop	0	1	0	1
skygarden	4044	4100040	101163	572.0115356445312	192.1217803955078	888.4083862304688	0.0	322.93231201171875	0.0	0	0	StandPhone_Loop	0	1	0	1
skygarden	4044	4100041	101048	519.722900390625	191.94757080078125	811.5360107421875	-0.0	0.0	0.0	0	0	Sit_01_Loop	0	1	0	1
skygarden	4044	4100042	101360	534.6209716796875	191.93299865722656	878.0360107421875	-0.0	133.8900146484375	-0.0	0	0	Sit_03_Loop	0	1	0	1
skygarden	4044	4100043	101357	535.6043701171875	191.91720581054688	877.0260009765625	0.0	331.38751220703125	0.0	0	0	Drama_Stand_06_Loop	0	1	0	1
skygarden	4044	4100024	101177	564.8200073242188	192.7830047607422	840.344970703125	-0.0	0.0	0.0	1	0		0	0	0	1
skygarden	5001	1100002	101114	582.6500854492188	194.06788635253906	1007.8003540039062	0.0	279.468017578125	0.0	0	10607401	Drama_Stand_01_Loop	1	0	0	1
skygarden	7003	2900001	101063	297.20001220703125	224.52499389648438	911.9500122070312	0.0	300.0	0.0	1	0	Drama_Stand_01_Loop	0	0	0	2
skygarden	7003	2900002	101367	297.4100036621094	224.531005859375	909.6500244140625	0.0	260.0	0.0	1	0	Drama_Stand_01_Loop	0	0	0	2
skygarden	7003	2900003	101181	365.79998779296875	224.36599731445312	914.5599975585938	0.0	270.0	0.0	0	0	Stand1_Loop	0	1	0	6
skygarden	7003	2900004	101181	366.6600036621094	224.3679962158203	907.2750244140625	0.0	311.3499755859375	0.0	0	0	Stand1_Loop	0	1	0	6
skygarden	7003	2900005	101398	359.7340393066406	224.38999938964844	906.6318359375	0.0	308.9700012207031	0.0	0	0	Drama_Stand_05_Loop	0	1	0	6
skygarden	7003	2900006	101397	358.0998229980469	224.38999938964844	907.4340209960938	-0.0	90.0	-0.0	0	0	Drama_Stand_03_Loop	1	1	0	6
skygarden	7003	2900007	101263	342.0450134277344	224.41000366210938	914.9650268554688	-0.0	136.39999389648438	-0.0	0	0	Drama_Stand_03_Loop	1	1	0	6
skygarden	7003	2900008	101390	343.72601318359375	224.3769989013672	914.7680053710938	0.0	256.20001220703125	0.0	0	0	Drama_Stand_01_Loop	0	1	0	6
skygarden	7003	2900009	101326	331.50543212890625	223.88900756835938	908.760009765625	-0.0	90.0	-0.0	0	0	Drama_Stand_06_Loop	1	1	0	6
skygarden	7003	2900010	101326	331.2221374511719	223.8730010986328	912.9199829101562	-0.0	90.0	-0.0	0	0	Drama_Stand_08_Loop	0	1	0	6
skygarden	7003	2900011	101095	297.5799865722656	224.4550018310547	904.9500122070312	0.0	326.4000244140625	0.0	0	0	Drama_Stand_01_Loop	0	1	0	6
skygarden	7003	2900012	101395	296.2619934082031	224.47140502929688	917.2440185546875	-0.0	150.0	-0.0	0	0	Drama_Stand_01_Loop	0	1	0	6
skygarden	7003	2900013	101402	297.4150085449219	224.47140502929688	917.10498046875	0.0	240.0	0.0	0	0	Drama_Stand_01_Loop	0	1	0	6
skygarden	7003	2900014	101302	274.7799987792969	225.84881591796875	912.4000244140625	-0.0	90.0	-0.0	0	0	Drama_Stand_01_Loop	0	1	0	6
skygarden	7003	2900015	101399	359.5267028808594	224.38999938964844	908.515625	0.0	215.40000915527344	0.0	0	0	Drama_Stand_07_Loop	0	1	0	6
skygarden	7003	2900022	101311	280.3009948730469	224.47140502929688	893.6488037109375	0.0	180.0	0.0	0	0	Drama_Stand_06_Loop	0	1	0	3
skygarden	7003	2900025	101330	242.65365600585938	224.47140502929688	903.7666015625	-0.0	66.0	-0.0	0	0	Drama_Stand_09_Loop	0	1	0	6
skygarden	7003	2900039	101318	359.58648681640625	224.40594482421875	915.8285522460938	-0.0	30.00000762939453	-0.0	0	0	Drama_Stand_07_Loop	0	1	0	6
skygarden	7003	2900045	101279	258.19000244140625	225.84100341796875	909.9420166015625	-0.0	60.000003814697266	-0.0	0	0	Drama_TouchIpad_Loop	0	0	0	0
skygarden	7003	2900046	101019	258.36328125	225.8520050048828	911.6320190429688	-0.0	90.0	-0.0	0	0	Drama_Stand_06_Loop	0	1	0	6
skygarden	7003	2900047	101337	276.0966491699219	224.47140502929688	891.6297607421875	0.0	180.0	0.0	0	0	Drama_Stand_17_Loop	0	1	0	6
skygarden	7003	2900048	101315	274.9652404785156	224.47140502929688	890.90380859375	-0.0	140.0	-0.0	0	0	StandPhone_Loop	0	0	0	0
skygarden	7003	2900050	101124	282.55999755859375	224.59300231933594	927.1099853515625	0.0	180.0	0.0	0	0	Drama_Stand_01_Loop	0	1	0	6
skygarden	7003	2900051	101345	285.76300048828125	224.47140502929688	924.8670043945312	-0.0	0.0	0.0	0	0	Drama_TouchIpad_Loop	0	0	0	0
skygarden	7003	2900052	101349	272.2569885253906	224.47140502929688	932.9500122070312	0.0	300.0	0.0	0	0	Drama_Stand_03_Loop	0	1	0	6
skygarden	7003	2900053	101330	270.114990234375	224.47140502929688	934.093994140625	-0.0	141.77999877929688	-0.0	0	0	Drama_Stand_09_Loop	0	1	0	6
skygarden	7003	2900054	101326	242.97000122070312	224.47140502929688	919.6799926757812	-0.0	90.0	-0.0	0	0	Drama_Stand_01_Loop	0	1	0	6
skygarden	7003	2900055	101263	249.34837341308594	224.47140502929688	879.8770141601562	-0.0	20.000011444091797	-0.0	0	0	Wall_01_Loop	0	1	0	6
skygarden	7003	2900056	101122	259.0199890136719	225.80999755859375	901.75	-0.0	0.0	0.0	0	0	Drama_Stand_01_Loop	0	1	0	6
skygarden	7003	2900016	101281	236.55999755859375	224.81100463867188	916.1799926757812	-0.0	270.0	0.0	0	0	Drama_Stand_03_Loop	0	1	0	6
skygarden	7003	2900017	101326	235.05999755859375	224.84300231933594	916.2999877929688	-0.0	90.0	-0.0	0	0	Drama_Stand_01_Loop	0	1	0	6
skygarden	500101	2200002	101123	574.4099731445312	191.01092529296875	1073.699951171875	0.0	314.8142395019531	0.0	0	0		0	0	1	5
skygarden	500101	2200003	101096	564.7420043945312	192.21868896484375	1048.8310546875	0.0	312.33538818359375	0.0	0	0	Sit_03_Loop	0	0	1	5
skygarden	500101	2200004	101097	564.8259887695312	192.2050018310547	1050.1610107421875	0.0	240.8341064453125	0.0	0	0	Sit_02_Loop	0	0	0	5
skygarden	500101	2200005	101168	569.1400146484375	192.1694793701172	1045.449951171875	-0.0	131.7776641845703	-0.0	0	0	Drama_Stand_01_Loop	0	0	0	5
skygarden	500101	2200006	101089	563.0139770507812	193.01800537109375	1004.1729736328125	0.0	294.0337219238281	0.0	0	0	StandPhone_Loop	0	0	0	5
skygarden	500101	2200007	101104	566.901123046875	193.01800537109375	1015.7611083984375	-0.0	40.57058334350586	-0.0	0	0	Drama_Stand_08_Loop	0	0	0	5
skygarden	500101	2200008	101147	585.7680053710938	194.06788635253906	1003.6799926757812	0.20441652834415436	235.44418334960938	0.09115000069141388	0	0		0	0	0	5
skygarden	500101	2200009	101086	584.640380859375	194.06788635253906	1003.205078125	-0.0	76.45755767822266	-0.0	0	0	Drama_Stand_03_Loop	0	0	0	5
skygarden	500101	2200010	101084	586.927001953125	193.44236755371094	975.2557373046875	-0.0	10.797633171081543	-0.0	0	0		0	0	0	5
skygarden	500101	2200011	101081	587.2100219726562	193.44236755371094	976.4150390625	0.0	243.66403198242188	0.0	0	0	Drama_Stand_08_Loop	0	0	0	5
skygarden	500101	2200012	101205	569.1270141601562	194.56100463867188	978.8880004882812	-0.0	0.0	0.0	0	0	Sit_03_Loop	0	0	0	5
skygarden	500101	2200013	101207	569.0969848632812	194.56100463867188	982.52099609375	-0.0	160.54388427734375	-0.0	0	0	Sit_03_Loop	0	0	0	5
skygarden	500101	2200014	101215	598.3101806640625	194.0976104736328	966.1264038085938	-0.0	163.63758850097656	-0.0	0	0		0	0	0	5
skygarden	500101	2200015	101255	597.6099853515625	194.06788635253906	991.3720092773438	0.0	330.6048583984375	0.0	0	0		1	0	0	3
skygarden	500101	2200016	101264	611.775146484375	194.25900268554688	985.1295776367188	0.0	273.3575134277344	0.0	0	0	Drama_Stand_03_Loop	0	0	0	2
skygarden	500101	2200017	101267	607.6900024414062	194.06788635253906	980.27001953125	0.0	305.3821105957031	0.0	0	0		1	0	0	2
skygarden	500101	2200018	101274	611.9400024414062	194.06788635253906	1001.406005859375	-0.0	24.318893432617188	-0.0	0	0	Drama_Stand_05_Loop	0	0	0	5
skygarden	500101	2200020	101234	598.260986328125	194.06788635253906	993.3740234375	0.0	203.65106201171875	0.0	0	0		0	0	0	5
skygarden	500101	2200022	101196	592.4407348632812	194.06788635253906	1002.2098999023438	0.0	278.64459228515625	0.0	0	0		1	0	0	5
skygarden	500101	2200024	101149	601.1472778320312	194.2650604248047	980.6356811523438	-0.0	153.75086975097656	-0.0	0	0	Drama_Stand_06_Loop	0	0	0	5
skygarden	500101	2200025	101143	599.7446899414062	194.2650604248047	981.435302734375	-0.0	47.75726318359375	-0.0	0	0		0	0	0	5
skygarden	500101	2200026	101075	601.625	195.1300048828125	977.4229736328125	-0.0	0.0	0.0	0	0	Stand_01_Loop	0	0	0	5
skygarden	500101	2200028	101244	584.7540283203125	194.53799438476562	1024.7640380859375	352.4596862792969	101.37777709960938	358.48736572265625	0	0	Wall_01_Loop	0	0	0	5
skygarden	500101	2200029	101242	587.0700073242188	194.32247924804688	1025.719970703125	0.0	243.033203125	0.0	0	0	Drama_NPC_Claps_Loop	0	0	0	5
skygarden	500101	2200030	101076	587.219970703125	194.3699951171875	1021.4500122070312	0.0	302.4429626464844	0.0	0	0		0	0	0	5
skygarden	500101	2200031	101098	618.0479736328125	194.76600646972656	1016.3629760742188	-0.0	0.0	0.0	0	0	Sit_01_Loop	0	0	0	5
skygarden	500101	2200032	101283	608.7628784179688	194.75999450683594	1016.3690185546875	-0.0	0.0	0.0	0	0	Drama_Sit_05_Loop	1	0	0	5
skygarden	500101	2200033	101260	617.9860229492188	194.8096160888672	1020.2069702148438	-0.0	0.0	0.0	0	0	Sit_01_Loop	1	0	0	5
skygarden	500101	2200034	101253	616.5159912109375	194.7310028076172	1016.2930297851562	-0.0	0.0	0.0	0	0	Sit_01_Loop	1	0	0	5
skygarden	500101	2200035	101239	610.23974609375	194.7550048828125	1020.1680297851562	-0.0	0.0	0.0	0	0	Sit_01_Loop	0	0	0	5
skygarden	500101	2200036	101042	608.9278564453125	194.77000427246094	1023.6439819335938	-0.0	0.0	0.0	0	0	Sit_01_Loop	0	0	0	5
skygarden	500101	2200037	101090	610.2470092773438	194.8096160888672	1023.552978515625	-0.0	0.0	0.0	0	0	Sit_02_Loop	1	0	0	5
skygarden	500101	2200038	101176	589.6488647460938	194.0976104736328	966.5953979492188	-0.0	0.0	0.0	0	10607601		1	0	0	1
skygarden	500101	2200039	101048	567.5	191.01092529296875	1080.3399658203125	-0.0	44.62535858154297	-0.0	0	0		0	1	1	5
skygarden	500101	2200040	101058	568.3696899414062	191.01092529296875	1080.909912109375	0.0	249.73007202148438	0.0	0	0		0	0	0	5
skygarden	500101	2200041	101087	578.2930297851562	191.01092529296875	1080.136962890625	0.0	268.02642822265625	0.0	0	0	Sit_03_Loop	0	0	0	5
skygarden	500101	2200042	101096	577.7360229492188	191.01092529296875	1079.0899658203125	0.0	344.6545104980469	0.0	0	0	Drama_Sit_07_Loop	0	0	0	5
skygarden	500101	2200043	101095	576.0491943359375	191.5800018310547	1092.80224609375	-0.0	69.29743957519531	-0.0	0	0		0	0	0	5
skygarden	500101	2200044	101095	577.1699829101562	191.61300659179688	1094.4300537109375	0.0	241.5436553955078	0.0	0	0		0	0	0	5
skygarden	500101	2200045	101030	568.4652709960938	192.1694793701172	1041.672119140625	-0.0	155.21307373046875	-0.0	0	0	Drama_Stand_03_Loop	0	0	0	5
skygarden	500101	2200046	101225	567.6395263671875	192.1694793701172	1040.4139404296875	-0.0	96.7938232421875	-0.0	0	0	Drama_Stand_05_Loop	0	0	0	5
skygarden	500101	2200047	101099	567.3325805664062	192.18467712402344	1033.93359375	-0.0	51.540138244628906	-0.0	0	0	Drama_Stand_09_Loop	0	0	0	5
skygarden	500101	2200048	101103	556.5499877929688	192.26400756835938	1048.1920166015625	0.0	255.00003051757812	0.0	0	0	Sit_01_Loop	0	0	0	5
skygarden	500101	2200049	101112	560.4024658203125	192.18946838378906	1024.0279541015625	0.0	215.57952880859375	0.0	0	0	Drama_Stand_08_Loop	0	0	0	5
skygarden	500101	2200050	101126	547.969970703125	192.16400146484375	1004.5499877929688	0.0	225.33340454101562	0.0	0	0	Drama_Shy1_Loop	0	0	0	5
skygarden	500101	2200051	101131	547.5189819335938	192.18946838378906	1003.7160034179688	-0.0	45.80438232421875	-0.0	0	0	Drama_Stand_11_Loop	0	0	0	5
skygarden	500101	2200053	101077	539.4990234375	192.18946838378906	1014.3729858398438	-0.0	0.0	0.0	0	0	Drama_Stand_01_Loop	0	0	0	5
skygarden	500101	2200054	101077	539.4990234375	192.18946838378906	1012.8179931640625	-0.0	90.0	-0.0	0	0	Drama_Stand_01_Loop	0	0	0	5
skygarden	500101	2200055	101030	541.284912109375	192.18946838378906	1012.849609375	0.0	307.9244384765625	0.0	0	0		0	0	0	5
skygarden	500101	2200056	101012	541.125	192.18946838378906	1016.7169799804688	0.0	193.53395080566406	0.0	0	0		0	0	0	5
skygarden	500101	2200058	101103	538.3599853515625	192.1199951171875	980.25	0.0	208.7130889892578	0.0	0	0	StandPhone_Loop	0	0	0	5
skygarden	500101	2200065	101094	593.6400146484375	194.2650604248047	974.8400268554688	0.0	215.09799194335938	0.0	0	0		0	0	0	5
skygarden	500101	2200068	101246	574.027099609375	194.5050048828125	973.650146484375	-0.0	76.86528015136719	-0.0	0	0		0	0	0	5
skygarden	500101	2200073	101327	575.6799926757812	191.01092529296875	1090.68994140625	-0.0	73.47870635986328	-0.0	0	0	Drama_Salute_Loop	0	0	0	5
skygarden	500101	2200001	101072	605.9400024414062	195.60000610351562	991.7996826171875	-0.0	14.098299026489258	-0.0	0	0	Watering_01_Loop	0	0	0	6
skygarden	500101	2200075	101077	593.666259765625	194.76499938964844	985.9959716796875	0.0	328.4534606933594	0.0	0	0		0	0	0	6
skygarden	500101	2200076	101078	591.3040161132812	194.7834930419922	987.23779296875	-0.0	100.56717681884766	-0.0	0	0		0	0	0	6
skygarden	500101	2200089	101074	592.8599853515625	195.18099975585938	974.364013671875	-0.0	134.55162048339844	-0.0	0	0	Repair_01_Loop	0	0	1	6
skygarden	500101	2200094	101355	591.3900146484375	194.03599548339844	991.75	0.0	203.25738525390625	0.0	0	0		0	0	0	6
skygarden	500101	2200096	101105	598.7940063476562	194.5709991455078	992.135009765625	0.0	247.37969970703125	0.0	0	0		0	0	0	6
skygarden	500101	2200099	101084	567.7860717773438	193.00999450683594	991.4949951171875	0.0	278.1909484863281	0.0	0	0		0	0	0	6
skygarden	500101	2200101	101071	566.22900390625	194.551513671875	992.3330078125	-0.0	110.17294311523438	-0.0	0	0		0	0	0	0
skygarden	500102	2100001	101191	580.6829833984375	188.74594116210938	935.3270263671875	0.0	182.7836456298828	0.0	0	0	Sit_01_Loop	0	1	0	5
skygarden	500102	2100002	101149	587.1589965820312	188.74594116210938	915.3277587890625	0.0	14.916561126708984	0.0	0	0	Drama_Stand_04_Loop	0	1	0	5
skygarden	500102	2100003	101047	585.656005859375	188.73699951171875	907.9310302734375	0.0	89.62469482421875	0.0	0	0	Sit_01_Loop	0	1	0	5
skygarden	500102	2100004	101083	586.6069946289062	188.74594116210938	907.656982421875	0.0	294.6579284667969	0.0	0	0	Drama_Stand_03_Loop	1	1	0	5
skygarden	500102	2100005	101099	594.4979858398438	188.74594116210938	894.5570068359375	0.0	242.22442626953125	0.0	0	0	Drama_Stand_05_Loop	1	1	0	5
skygarden	500102	2100006	101104	566.56640625	188.74594116210938	921.1194458007812	0.0	193.38868713378906	0.0	0	0	Drama_Stand_05_Loop	1	1	0	5
skygarden	500102	2100007	101096	581.4181518554688	190.5330352783203	902.6370239257812	0.0	0.0	0.0	0	0	Drama_Stand_03_Loop	0	1	0	5
skygarden	500102	2100008	101101	581.7020263671875	190.5330352783203	903.5789794921875	0.0	209.86924743652344	0.0	0	0	Drama_Stand_06_Loop	0	1	0	5
skygarden	500102	2100009	101102	580.84619140625	190.5330352783203	903.3820190429688	0.0	155.71987915039062	0.0	0	0	Drama_Stand_05_Loop	1	1	0	5
skygarden	500102	2100010	101198	552.8811645507812	190.50100708007812	911.3486938476562	0.0	173.1827392578125	0.0	0	0	Drama_Stand_08_Loop	0	1	0	5
skygarden	500102	2100011	101155	552.9736328125	190.5050048828125	910.410400390625	0.0	12.419057846069336	0.0	0	0	Drama_Stand_03_Loop	1	1	0	5
skygarden	500102	2100012	101073	558.305419921875	188.74594116210938	933.2191772460938	0.0	284.5715026855469	0.0	0	0	Sweep_01_Loop	0	1	0	5
skygarden	500102	2100013	101182	556.8096313476562	188.74594116210938	933.3526000976562	0.0	97.91886138916016	0.0	0	0	Drama_Stand_04_Loop	0	1	0	5
skygarden	500102	2100014	101101	551.728759765625	188.74594116210938	923.4946899414062	0.0	199.56910705566406	0.0	0	0	Drama_Stand_05_Loop	1	1	0	5
skygarden	500102	2100015	101181	531.6589965820312	188.74594116210938	916.8489990234375	0.0	73.74887084960938	0.0	0	0	Stand1_Loop	0	1	0	5
skygarden	500102	2100016	101181	531.7860107421875	188.74594116210938	904.9879760742188	0.0	68.1180419921875	0.0	0	0	Stand1_Loop	0	1	0	5
skygarden	500102	2100017	101255	605.3699951171875	189.95399475097656	910.2470092773438	0.0	79.4403076171875	0.0	0	0	Drama_Stand_05_Loop	0	1	0	5
skygarden	500102	2100018	101092	589.3895263671875	192.56900024414062	954.75537109375	0.0	165.55723571777344	0.0	0	0	Drama_Stand_04_Loop	1	1	0	5
skygarden	500102	2100019	101191	543.2960205078125	188.74594116210938	892.6844482421875	0.0	205.7027130126953	0.0	0	0	Drama_Stand_03_Loop	0	1	0	5
skygarden	500102	2100020	101100	542.8560180664062	188.74594116210938	891.93798828125	0.0	23.25338363647461	0.0	0	0	Drama_Stand_04_Loop	0	1	0	5
skygarden	500102	2100021	101091	581.6270141601562	190.5330352783203	910.198974609375	0.0	275.1734619140625	0.0	0	0	Sit_01_Loop	0	1	0	5
skygarden	500102	2100022	101093	522.9660034179688	188.74627685546875	878.489990234375	0.0	226.40525817871094	0.0	0	0	Drama_Stand_08_Loop	0	1	0	5
skygarden	500102	2100023	101104	612.5070190429688	192.40499877929688	943.9080200195312	0.020505348220467567	123.34319305419922	359.96881103515625	0	0	StandPhone_Loop	0	1	0	5
skygarden	500103	2300001	101076	479.73248291015625	192.72000122070312	1020.2550048828125	0.0	89.90364074707031	0.0	0	0	Drama_Stand_01_Loop	1	1	0	3
skygarden	500103	2300002	101073	479.0982971191406	192.72000122070312	1013.868408203125	0.0	36.223140716552734	0.0	0	0	Sweep_01_Loop	1	1	0	5
skygarden	500103	2300003	101072	465.8882751464844	193.64096069335938	1005.1417846679688	0.0	0.0	0.0	0	0	Watering_01_Loop	0	1	0	5
skygarden	500103	2300004	101072	458.4391174316406	193.44956970214844	1010.7333374023438	0.0	0.0	0.0	0	0	Watering_01_Loop	0	1	0	5
skygarden	500103	2300005	101072	470.49371337890625	193.5975341796875	1042.798828125	0.0	0.0	0.0	0	0	Watering_01_Loop	0	1	0	5
skygarden	500103	2300006	101146	497.58099365234375	189.6375274658203	990.9959716796875	0.0	184.73434448242188	0.0	0	0	Drama_Stand_01_Loop	0	1	0	5
skygarden	500103	2300007	101263	496.5994873046875	189.6375274658203	990.8145141601562	0.0	162.67263793945312	0.0	0	0	Drama_Stand_01_Loop	0	1	0	5
skygarden	500103	2300008	101276	501.7200012207031	189.6375274658203	1009.219970703125	0.0	0.0	0.0	0	0		1	1	0	3
skygarden	500103	2300009	101254	497.6789855957031	193.4375	1031.89599609375	0.0	213.8976593017578	0.0	0	0	Sit_01_Loop	0	1	0	5
skygarden	500103	2300010	101257	478.7336730957031	192.72000122070312	1016.8477783203125	0.0	26.355892181396484	0.0	0	0	Drama_Stand_03_Loop	0	1	0	5
skygarden	500103	2300011	101261	478.6114501953125	192.72000122070312	1018.0653076171875	0.0	167.26153564453125	0.0	0	0	Drama_Stand_03_Loop	0	1	0	5
skygarden	500103	2300012	101253	465.99700927734375	193.6501922607422	1007.8679809570312	0.0	98.90936279296875	0.0	0	0	Sit_04_Loop	1	1	0	3
skygarden	500103	2300013	101252	489.544189453125	193.6254425048828	1024.77734375	0.0	134.8856658935547	0.0	0	0	Drama_Stand_01_Loop	0	1	0	5
skygarden	500103	2300014	101251	490.5080871582031	193.62570190429688	1024.5458984375	0.0	238.38543701171875	0.0	0	0	Drama_Stand_05_Loop	0	1	0	5
skygarden	500103	2300015	101276	464.9530029296875	193.64096069335938	1029.1312255859375	0.0	97.67512512207031	0.0	0	0	Drama_Stand_11_Loop	0	1	0	5
skygarden	500103	2300016	101277	465.0445556640625	193.64096069335938	1030.527587890625	0.0	175.43360900878906	0.0	0	0	Drama_Stand_04_Loop	1	1	0	3
skygarden	500103	2300017	101072	465.3443298339844	193.76699829101562	1030.0343017578125	-1.7075473806471564e-05	75.15790557861328	275.7719421386719	0	0		0	1	0	5
skygarden	500103	2300018	101204	477.2200012207031	192.72000122070312	1029.623046875	0.0	126.7729263305664	0.0	0	0		0	1	0	5
skygarden	500103	2300019	101239	478.06500244140625	192.72000122070312	1029.552978515625	0.0	301.92315673828125	0.0	0	0		0	1	0	5
skygarden	500103	2300025	101240	510.09722900390625	189.60711669921875	995.680908203125	0.0	238.01235961914062	0.0	0	0	Drama_NPC_Claps_Loop	0	1	0	5
skygarden	500103	2300026	101261	508.3299865722656	189.60711669921875	994.75	0.0	5.088662147521973	0.0	0	0	Bar_01_Loop	0	1	0	5
skygarden	500103	2300027	101355	511.7200012207031	189.60711669921875	992.489990234375	0.0	327.54730224609375	0.0	0	0	Drama_Shy1_Loop	0	1	0	1
skygarden	500103	2300028	101359	491.10400390625	189.68099975585938	994.77001953125	0.0	40.91562271118164	0.0	0	0	Sit_01_Loop	0	1	0	5
skygarden	500103	2300030	101102	489.5442199707031	189.60711669921875	1001.48388671875	0.0	312.95147705078125	0.0	0	0	Drama_Stand_06_Loop	0	1	0	5
skygarden	500103	2300038	101239	514.6790161132812	189.61752319335938	995.0042724609375	0.0	0.0	0.0	0	0	StandPhone_Loop	0	1	0	5
skygarden	500103	2300043	101222	504.6882629394531	193.48199462890625	1028.20263671875	0.0	53.29391860961914	0.0	0	0		0	1	0	5
skygarden	500105	1900001	101299	409.6499938964844	215.18299865722656	918.5162353515625	0.0	180.0	0.0	0	0	Stand_01_Loop	1	1	1	3
skygarden	500105	1900002	101331	351.4859924316406	214.67140197753906	911.1309814453125	-0.0	90.0	-0.0	0	0	Drama_Stand_06_Loop	1	1	0	3
skygarden	500105	1900003	101248	354.7598876953125	224.40594482421875	905.982421875	-0.0	0.0	0.0	0	0	Drama_Stand_05_Loop	1	1	0	3
skygarden	500105	1900004	101329	430.9142761230469	213.31239318847656	916.239990234375	-0.0	90.0	-0.0	0	0		1	1	0	3
skygarden	500105	1900005	101327	318.906494140625	223.90139770507812	909.3070068359375	-0.0	90.0	-0.0	0	0	Drama_Stand_08_Loop	1	1	0	3
skygarden	500105	1900006	101328	293.4549865722656	224.54640197753906	912.3737182617188	0.0	270.0	0.0	0	0	Drama_Stand_05_Loop	1	1	0	3
skygarden	500105	1900007	101311	280.3009948730469	224.47140502929688	893.6488037109375	0.0	180.0	0.0	0	0	Drama_Stand_06_Loop	1	1	0	3
skygarden	500105	1900008	101274	232.51675415039062	224.8509979248047	919.0455932617188	-0.0	0.0	0.0	0	0	Drama_Stand_01_Loop	1	1	0	3
skygarden	500105	1900009	101319	276.0	233.58200073242188	890.612548828125	-0.0	0.0	0.0	0	0	Drama_Stand_04_Loop	1	1	0	3
skygarden	500105	1900010	101330	242.65365600585938	224.47140502929688	903.7666015625	-0.0	66.0	-0.0	0	0	Drama_Stand_09_Loop	1	1	0	3
skygarden	500105	1900011	101283	236.02183532714844	234.52830505371094	911.1982421875	0.0	246.10000610351562	0.0	1	0	Drama_Stand_04_Loop	1	1	0	3
skygarden	500105	1900012	101308	412.55499267578125	214.12100219726562	902.4810180664062	0.0	325.3000183105469	0.0	0	0	Drama_Stand_01_Loop	0	1	0	6
skygarden	500105	1900013	101321	411.8511657714844	214.11500549316406	903.3850708007812	-0.0	128.30001831054688	-0.0	0	0	Drama_Stand_03_Loop	1	1	0	3
skygarden	500105	1900014	101285	240.90670776367188	233.6088104248047	921.8223876953125	0.0	320.260009765625	0.0	0	0	Drama_Stand_08_Loop	1	1	0	3
skygarden	500105	1900016	101145	240.12881469726562	233.6088104248047	923.1599731445312	0.0	202.96002197265625	0.0	0	0	Drama_Stand_07_Loop	0	1	0	6
skygarden	500105	1900017	101148	272.9540100097656	235.47882080078125	911.5230102539062	0.0	223.10000610351562	0.0	0	0	Drama_Shy1_Loop	0	1	0	6
skygarden	500105	1900018	101096	240.80299377441406	233.75	901.8709716796875	0.0	265.36553955078125	0.0	0	0	Drama_Stand_12_Loop	0	1	0	6
skygarden	500105	1900019	101286	272.5065612792969	235.47882080078125	910.46142578125	0.0	270.0	0.0	0	0	Drama_Stand_11_Loop	1	1	0	3
skygarden	500105	1900020	101181	436.8500061035156	213.31239318847656	906.77001953125	-0.0	0.0	0.0	0	0	Stand1_Loop	0	1	0	6
skygarden	500105	1900021	101181	422.3699951171875	214.1699981689453	913.5280151367188	-0.0	90.0	-0.0	0	0	Stand1_Loop	0	1	0	6
skygarden	500105	1900022	101310	401.5394287109375	214.11000061035156	919.0440063476562	-0.0	0.0	0.0	0	0	Drama_Salute_Loop	0	1	0	6
skygarden	500105	1900023	101125	401.6300048828125	214.19287109375	920.47998046875	0.0	180.0	0.0	0	0	Drama_Stand_01_Loop	0	1	0	6
skygarden	500105	1900024	101123	402.5	214.19287109375	920.75	0.0	180.0	0.0	0	0	Drama_Stand_01_Loop	0	1	0	6
skygarden	500105	1900025	101122	400.7300109863281	214.19287109375	920.8200073242188	0.0	180.0	0.0	0	0	Drama_Stand_01_Loop	0	1	0	6
skygarden	500105	1900026	101275	387.92498779296875	214.12899780273438	902.9249877929688	-0.0	124.4000015258789	-0.0	0	0	Drama_Shy1_Loop	0	1	0	6
skygarden	500105	1900027	101276	375.91094970703125	214.19287109375	918.142822265625	-0.0	121.19999694824219	-0.0	0	0	Drama_Stand_03_Loop	0	1	0	6
skygarden	500105	1900028	101277	377.3188781738281	214.06500244140625	917.544189453125	0.0	310.0	0.0	0	0	Drama_Stand_05_Loop	0	1	0	6
skygarden	500105	1900031	101095	360.0459899902344	214.67140197753906	903.4439697265625	-0.0	30.00000762939453	-0.0	0	0	Drama_Stand_01_Loop	0	1	0	6
skygarden	500105	1900032	101326	364.9133605957031	224.40594482421875	907.5419921875	0.0	270.0	0.0	0	0	Drama_Stand_03_Loop	0	1	0	6
skygarden	500105	1900033	101181	363.0382385253906	224.40594482421875	907.6880493164062	-0.0	90.0	-0.0	0	0	Stand1_Loop	0	1	0	6
skygarden	500105	1900035	101318	359.58648681640625	224.40594482421875	915.8285522460938	-0.0	30.00000762939453	-0.0	0	0	Drama_Stand_07_Loop	0	1	0	6
skygarden	500105	1900037	101283	328.9100036621094	223.90139770507812	912.7930297851562	-0.0	0.0	0.0	0	0	Drama_Shy1_Loop	0	1	0	6
skygarden	500105	1900038	101302	277.1390075683594	233.57000732421875	926.8800048828125	-0.0	0.0	0.0	0	0	Drama_Stand_01_Loop	0	1	0	6
skygarden	500105	1900039	101285	275.75799560546875	233.57200622558594	928.15283203125	-0.0	0.0	0.0	0	0	Drama_Stand_05_Loop	0	1	0	6
skygarden	500105	1900040	101278	234.3544158935547	234.52830505371094	916.03125	0.0	211.5498046875	0.0	1	0	Drama_Stand_03_Loop	0	1	0	6
skygarden	500105	1900041	101286	233.84120178222656	234.52830505371094	915.025390625	-0.0	23.81692123413086	-0.0	1	0	Drama_Stand_08_Loop	0	1	0	6
skygarden	500105	1900042	101263	297.53143310546875	224.47140502929688	916.80615234375	-0.0	152.10000610351562	-0.0	0	0	Drama_Stand_03_Loop	0	1	0	6
skygarden	500105	1900043	101261	298.27801513671875	224.47140502929688	915.752685546875	-0.0	0.0	0.0	0	0	Drama_Stand_01_Loop	0	1	0	6
skygarden	500105	1900044	101019	222.6999969482422	233.7207794189453	918.8319702148438	-0.0	16.765151977539062	-0.0	1	0	Drama_Stand_01_Loop	0	1	0	6
skygarden	500105	1900046	101278	229.6816864013672	233.7207794189453	920.3280029296875	-0.0	160.0	-0.0	1	0	Drama_Stand_05_Loop	0	1	0	1
skygarden	500105	1900047	101280	232.9774932861328	233.7207794189453	896.694091796875	0.0	180.0	0.0	1	0	Drama_Stand_04_Loop	0	1	0	6
skygarden	500105	1900048	101248	233.02000427246094	233.7207794189453	895.3244018554688	-0.0	0.0	0.0	1	0	Drama_Stand_08_Loop	0	1	0	6
skygarden	500105	1900049	101279	258.19000244140625	225.84100341796875	909.9420166015625	-0.0	60.000003814697266	-0.0	0	0	Drama_Shy1_Loop	0	1	0	6
skygarden	500105	1900050	101019	258.36328125	225.8520050048828	911.6320190429688	-0.0	90.0	-0.0	0	0	Drama_Stand_06_Loop	0	1	0	6
skygarden	500105	1900051	101337	276.0966491699219	224.47140502929688	891.6297607421875	0.0	180.0	0.0	0	0	Drama_Stand_01_Loop	0	1	0	6
skygarden	500105	1900052	101315	274.9652404785156	224.47140502929688	890.90380859375	-0.0	140.0	-0.0	0	0	Drama_Stand_06_Loop	0	1	0	6
skygarden	500105	1900053	101326	422.5354919433594	214.15139770507812	908.47998046875	-0.0	90.0	-0.0	0	0	Drama_Stand_08_Loop	0	1	0	6
skygarden	500105	1900055	101124	282.55999755859375	224.59300231933594	927.1099853515625	0.0	180.0	0.0	0	0	Drama_Stand_01_Loop	0	1	0	6
skygarden	500105	1900058	101345	285.76300048828125	224.47140502929688	924.8670043945312	-0.0	0.0	0.0	0	0	Drama_Stand_09_Loop	0	1	0	6
skygarden	500105	1900059	101349	272.2569885253906	224.47140502929688	932.9500122070312	0.0	300.0	0.0	0	0	Drama_Stand_03_Loop	0	1	0	6
skygarden	500105	1900060	101330	270.114990234375	224.47140502929688	934.093994140625	-0.0	141.77999877929688	-0.0	0	0	Drama_Stand_09_Loop	0	1	0	6
skygarden	500105	1900064	101326	242.97000122070312	224.47140502929688	919.6799926757812	-0.0	90.0	-0.0	0	0	Drama_Stand_01_Loop	0	1	0	6
skygarden	500105	1900065	101263	249.34837341308594	224.47140502929688	879.8770141601562	-0.0	20.000011444091797	-0.0	0	0	Wall_01_Loop	0	1	0	6
skygarden	500105	1900067	101122	259.0199890136719	225.80999755859375	901.75	-0.0	0.0	0.0	0	0	Drama_Stand_01_Loop	0	1	0	6
skygarden	500105	1900070	101302	271.2300109863281	225.84881591796875	913.3109741210938	-0.0	90.0	-0.0	0	0	Drama_Stand_01_Loop	0	1	0	6
skygarden	500105	1900074	101311	258.1700134277344	233.58999633789062	883.2142944335938	-0.0	0.0	0.0	0	0	Drama_Stand_08_Loop	0	1	0	6
skygarden	500105	1900075	101248	229.47500610351562	233.8090057373047	901.9099731445312	-0.0	45.99999237060547	-0.0	1	0	Sit_01_Loop	0	1	0	6
skygarden	500105	1900076	101245	227.3560028076172	233.83599853515625	916.97998046875	-0.0	132.10000610351562	-0.0	1	0	Sit_01_Loop	0	1	0	1
skygarden	500105	1900077	101273	565.1343994140625	191.33999633789062	954.5399780273438	-0.0	0.0	0.0	0	10608801	Drama_Stand_01_Loop	1	0	0	1
skygarden	500105	1900015	101278	239.11500549316406	233.56300354003906	921.52197265625	-0.0	48.899993896484375	-0.0	0	0	Drama_Stand_05_Loop	0	1	0	6
skygarden	500106	2000001	101065	290.4339904785156	224.50999450683594	915.6409912109375	0.0	71.54963684082031	0.0	1	0	Drama_Stand_09_Loop	1	0	0	1
skygarden	500106	2000002	101329	232.4739990234375	233.697998046875	933.1510009765625	0.0	315.97552490234375	0.0	1	0	Drama_Stand_01_Loop	0	0	0	1
skygarden	500106	2000003	101065	290.4339904785156	224.50999450683594	915.6409912109375	0.0	71.54963684082031	0.0	1	0		0	0	0	1
skygarden	500106	2000004	101329	232.22312927246094	233.697998046875	932.0899047851562	0.0	126.83767700195312	0.0	1	0	Drama_Stand_01_Loop	0	0	0	1
skygarden	500106	2000005	101329	232.88800048828125	233.697998046875	932.7219848632812	0.0	315.97552490234375	0.0	1	0	Drama_Stand_01_Loop	1	1	0	0
skygarden	500106	2000006	101065	221.38499450683594	233.7239990234375	901.6749877929688	0.0	229.873291015625	0.0	1	0	Drama_Stand_05_Loop	0	0	0	1
skygarden	500106	2000007	101329	221.18899536132812	233.697998046875	904.2340087890625	0.0	199.7774200439453	0.0	1	0	Drama_Stand_01_Loop	0	0	0	1
skygarden	500106	2000008	101065	220.95956420898438	233.70199584960938	903.5	0.0	30.894855499267578	0.0	1	0	Drama_Stand_03_Loop	0	0	0	1
skygarden	500107	2400002	101155	526.868408203125	195.5019989013672	956.8119506835938	0.0	294.1832275390625	0.0	0	0	Drama_Stand_03_Loop	0	1	0	5
skygarden	500107	2400003	101131	537.10888671875	195.50399780273438	954.4019165039062	-0.0	85.33677673339844	-0.0	0	0	Drama_Stand_03_Loop	0	1	0	5
skygarden	500107	2400004	101126	537.8494262695312	195.50100708007812	954.5439453125	0.0	247.76025390625	0.0	0	0	Drama_Stand_08_Loop	0	1	0	5
skygarden	500107	2400005	101276	557.5659790039062	190.8300018310547	959.9299926757812	-0.0	96.33544921875	-0.0	0	0	Drama_Shy1_Loop	0	1	0	5
skygarden	500107	2400006	101254	558.697021484375	190.8300018310547	959.9089965820312	0.0	284.5013122558594	0.0	0	0	Anger_01_Loop	0	1	0	5
skygarden	500107	2400007	101236	529.3779907226562	188.19052124023438	931.4539794921875	0.0	255.09454345703125	0.0	0	0	Drama_Stand_08_Loop	0	1	0	5
skygarden	500107	2400008	101223	528.9615478515625	188.19052124023438	930.546875	-0.0	0.0	0.0	0	0	Drama_Stand_05_Loop	0	1	0	5
skygarden	500107	2400009	101276	528.10595703125	188.19052124023438	931.6763305664062	-0.0	100.96583557128906	-0.0	0	0	Drama_Stand_03_Loop	0	1	0	5
skygarden	500107	2400010	101243	531.072021484375	185.875	959.469970703125	0.0	222.93667602539062	0.0	0	0	Drama_Stand_05_Loop	1	1	0	5
skygarden	500107	2400011	101262	498.8179931640625	185.8730010986328	956.385986328125	0.0	207.99917602539062	0.0	0	0	Drama_Stand_05_Loop	1	1	0	5
skygarden	500107	2400012	101168	508.1570129394531	185.88473510742188	959.7310180664062	-0.0	97.48870849609375	-0.0	0	0	Drama_Stand_03_Loop	0	1	0	5
skygarden	500107	2400013	101153	509.2786865234375	185.88473510742188	959.7449951171875	0.0	292.26190185546875	0.0	0	0	Drama_Stand_05_Loop	0	1	0	5
skygarden	500107	2400014	101193	499.2969665527344	189.1143035888672	982.8736572265625	-0.0	168.55812072753906	-0.0	0	0	Drama_Stand_03_Loop	0	1	0	5
skygarden	500107	2400015	101156	499.4293518066406	189.1186065673828	980.6790161132812	-0.0	0.0	0.0	0	0	Drama_Stand_04_Loop	0	1	0	5
skygarden	500107	2400016	101103	526.5973510742188	195.5019989013672	957.6778564453125	0.0	261.13818359375	0.0	0	0	Drama_Stand_06_Loop	0	1	0	1
skygarden	500107	2400017	101270	478.9590148925781	192.72000122070312	1022.989990234375	0.0	246.44630432128906	0.0	0	10127001	Drama_Stand_05_Loop	1	0	0	1
skygarden	600101	3200001	101370	378.5835266113281	211.47320556640625	170.65403747558594	0.0	308.5513000488281	0.0	1	0	Drama_Stand_01_Loop	1	0	0	5
skygarden	600101	3200002	101378	366.2214050292969	211.47320556640625	170.86000061035156	-0.0	0.0	0.0	0	0	Drama_Stand01_Loop	0	1	0	5
skygarden	600101	3200003	101372	365.722412109375	211.47320556640625	178.2100067138672	-0.0	174.6994171142578	-0.0	0	0		0	1	0	5
skygarden	600101	3200004	101394	370.31768798828125	211.47320556640625	169.2432098388672	-0.0	0.0	0.0	0	0		1	1	0	5
skygarden	600101	3200005	101377	369.2645263671875	212.14999389648438	171.9199981689453	-0.0	83.41807556152344	-0.0	0	0	Drama_Stand01_Loop	0	1	0	5
skygarden	600101	3200006	101397	370.6400146484375	211.47320556640625	174.67999267578125	0.0	185.7794189453125	0.0	0	0		0	1	0	5
skygarden	600101	3200007	101402	362.8699951171875	212.36233520507812	188.56063842773438	-0.0	161.2491912841797	-0.0	0	0	Drama_Hawk_Loop	0	1	0	5
skygarden	600101	3200008	101130	367.0516052246094	211.47320556640625	184.73941040039062	0.0	183.13710021972656	0.0	0	0		0	1	0	5
skygarden	600101	3200009	101057	367.1932067871094	211.47320556640625	161.85501098632812	-0.0	0.0	0.0	0	0		0	1	0	5
skygarden	600101	3200010	101076	374.5899963378906	214.23699951171875	194.41299438476562	-0.0	38.144073486328125	-0.0	0	0		0	1	0	5
skygarden	600101	3200011	101405	349.2640075683594	218.91920471191406	185.08700561523438	-0.0	0.0	0.0	0	0		0	1	0	5
skygarden	600101	3200012	101404	349.2170104980469	218.91920471191406	185.98399353027344	-0.0	156.8705291748047	-0.0	0	0		0	1	0	5
skygarden	600101	3200013	101407	355.94000244140625	211.47320556640625	188.9199981689453	0.0	218.46473693847656	0.0	0	0	Drama_Shy1_Loop	0	0	0	5
skygarden	600101	3200014	101377	354.33270263671875	212.4810028076172	187.4783935546875	-0.0	54.354576110839844	-0.0	0	0	Drama_Stand01_Loop	1	1	0	5
skygarden	600101	3200015	101391	344.1449890136719	218.91920471191406	167.31500244140625	-0.0	176.04405212402344	-0.0	0	0	Drama_Shy1_Loop	0	1	0	5
skygarden	600101	3200016	101404	344.9880065917969	218.89100646972656	165.8000030517578	0.0	300.70263671875	0.0	0	0	Sit_03_Loop	1	1	0	5
skygarden	600101	3200017	101387	336.12225341796875	218.91920471191406	169.39341735839844	-0.0	66.04621887207031	-0.0	0	0	Drama_Stand_08_Loop	0	1	0	5
skygarden	600101	3200018	101406	333.5422058105469	218.9499969482422	158.685546875	0.0	353.2224426269531	0.0	0	0	Sit_02_Loop	0	1	0	5
skygarden	600101	3200019	101400	340.9688415527344	218.91920471191406	179.42794799804688	-0.0	47.75189208984375	-0.0	0	0	Drama_Stand_03_Loop	0	1	0	5
skygarden	600101	3200020	101411	341.0593566894531	218.91920471191406	180.58990478515625	-0.0	135.00778198242188	-0.0	0	0	Drama_NPC_Wish_Loop	0	1	0	5
skygarden	600101	3200021	101404	342.07000732421875	218.8560028076172	179.73049926757812	0.0	308.2992858886719	0.0	0	0	Sit_04_Loop	1	1	0	5
skygarden	600101	3200022	101405	335.6817626953125	218.91920471191406	189.78457641601562	-0.0	90.24617767333984	-0.0	0	0	Drama_Stand_08_Loop	0	1	0	5
skygarden	600101	3200023	101395	336.71429443359375	218.91920471191406	189.997314453125	0.0	228.3073272705078	0.0	0	0	Drama_Brainwave_R_Loop	1	1	0	5
skygarden	600101	3200024	101393	333.50506591796875	218.91920471191406	178.13040161132812	0.0	239.422607421875	0.0	0	0	Drama_Stand_06_Loop	0	1	0	5
skygarden	600101	3200025	101330	367.1753234863281	126.93299865722656	166.34361267089844	0.0	261.44769287109375	0.0	0	0	Drama_Stand_03_Loop	0	1	0	5
skygarden	600101	3200026	101286	366.9122619628906	126.9020004272461	169.14085388183594	0.0	182.64576721191406	0.0	0	0	Drama_Stand_04_Loop	0	1	0	5
skygarden	600101	3200027	101401	366.013916015625	126.92400360107422	166.99183654785156	-0.0	128.61146545410156	-0.0	0	0	Drama_NPC_Wish_Loop	0	1	0	5
skygarden	600101	3200028	101391	366.2012634277344	126.9020004272461	165.30233764648438	-0.0	33.16203308105469	-0.0	0	0	Drama_Stand_08_Loop	0	1	0	5
skygarden	600101	3200029	101126	358.6158752441406	126.9353256225586	156.33555603027344	-0.0	79.69579315185547	-0.0	0	0	Drama_Stand_06_Loop	0	1	0	5
skygarden	600101	3200030	101394	359.775390625	126.9353256225586	156.06903076171875	0.0	305.2409973144531	0.0	0	0	Drama_Cry_01_Loop	1	1	0	5
skygarden	600101	3200031	101181	381.5448913574219	126.58100128173828	164.21038818359375	0.0	237.57415771484375	0.0	0	0	Stand1_Loop	0	1	0	5
skygarden	600101	3200032	101181	381.2239990234375	126.62999725341797	159.73899841308594	0.0	284.6715087890625	0.0	0	0	Stand1_Loop	0	1	0	5
skygarden	600101	3200033	101078	369.4100036621094	127.1709976196289	153.3800048828125	-0.0	85.52749633789062	-0.0	0	0		1	1	0	5
skygarden	600101	3200034	101074	370.85400390625	127.18699645996094	153.7100067138672	4.035554885864258	306.0212097167969	95.02165222167969	0	0		0	1	0	5
skygarden	600101	3200036	101370	376.6839904785156	211.47320556640625	175.74000549316406	-0.0	123.61014556884766	-0.0	1	0	Drama_Stand_01_Loop	1	0	0	5
skygarden	600101	3200037	101393	344.7149658203125	211.47999572753906	170.7923126220703	-0.0	0.0	0.0	0	0	Drama_Stand_05_Loop	0	1	0	5
skygarden	600101	3200038	101395	344.8590087890625	211.49899291992188	181.3769989013672	-0.0	29.516925811767578	-0.0	0	0	Sit_01_Loop	0	1	0	5
skygarden	600101	3200039	101042	342.1910705566406	285.8900146484375	204.2520751953125	-0.0	170.07843017578125	-0.0	0	0		1	1	0	5
skygarden	600101	3200040	101377	342.8699951171875	286.2090148925781	201.9199981689453	0.0	316.2257385253906	0.0	0	0	Drama_Stand01_Loop	0	1	0	5
skygarden	600101	3200041	101403	342.740966796875	285.8900146484375	230.72100830078125	-0.0	106.36974334716797	-0.0	0	0	Drama_Stand_05_Loop	0	1	0	5
skygarden	600101	3200042	101401	343.92132568359375	285.8900146484375	230.2793426513672	0.0	292.775390625	0.0	0	0	Drama_Stand_03_Loop	0	1	0	5
skygarden	600101	3200035	101370	368.5827331542969	211.47850036621094	164.20770263671875	-0.0	26.86685562133789	-0.0	1	0	Drama_Stand_01_Loop	1	0	0	5
skygarden	600101	3200043	101410	371.2829895019531	211.49000549316406	187.34500122070312	0.0	183.26698303222656	0.0	0	0	Sit_04_Loop	0	1	0	5
skygarden	600101	3200044	101260	363.7519836425781	212.31300354003906	157.4085693359375	0.0	274.60943603515625	0.0	0	0	Drama_Stand_08_Loop	0	0	0	5
skygarden	600101	3200045	101283	362.7527770996094	212.7519989013672	156.68212890625	-0.0	26.51771354675293	-0.0	0	0	Sit_03_Loop	0	0	0	5
skygarden	600101	3200046	101402	372.10400390625	211.89199829101562	187.50100708007812	-0.0	174.49700927734375	-0.0	0	0	Sit_01_Loop	0	1	0	5
skygarden	600101	3200047	101075	374.7250061035156	212.40676879882812	158.5380401611328	-0.0	0.0	0.0	0	0		0	1	0	5
skygarden	600101	3200048	101405	368.49652099609375	214.01300048828125	149.21453857421875	0.0	208.465087890625	0.0	0	0	Drama_NPC_Wish_Loop	0	1	0	5
skygarden	600101	3200049	101074	373.97900390625	212.40676879882812	158.4969940185547	-0.0	0.0	0.0	0	0		0	1	0	5
skygarden	600101	3200050	101392	362.3323669433594	215.0970001220703	197.47755432128906	-0.0	60.357269287109375	-0.0	0	0	Drama_Stand_06_Loop	0	1	0	5
skygarden	600101	3200051	101395	353.385986328125	218.88900756835938	165.37490844726562	-0.0	89.38761901855469	-0.0	0	0	Drama_Stand_09_Loop	0	1	0	5
skygarden	600101	3200052	101001	0.0	0.0	0.0	-0.0	0.0	0.0	0	0		0	1	0	5
skygarden	600101	3200053	101076	371.0979919433594	293.864990234375	274.57598876953125	-0.0	145.6639862060547	-0.0	0	0		1	1	0	5
skygarden	600102	2900001	101073	621.1710205078125	203.4199981689453	283.3810119628906	-0.0	0.0	0.0	0	0	Sweep_01_Loop	0	1	0	5
skygarden	600102	2900002	101394	623.0629272460938	203.4199981689453	263.7221984863281	-0.0	137.57818603515625	-0.0	0	0	Drama_Stand_03_Loop	1	1	0	3
skygarden	600102	2900003	101401	623.430908203125	203.4199981689453	262.65789794921875	0.0	325.56439208984375	0.0	0	0	Drama_Stand_06_Loop	0	1	0	5
skygarden	600102	2900004	101397	654.2767944335938	203.4199981689453	278.5830383300781	0.0	315.55853271484375	0.0	0	0	Drama_Stand_07_Loop	1	1	0	3
skygarden	600102	2900005	101390	653.577392578125	203.4199981689453	279.0528869628906	-0.0	130.1660919189453	-0.0	0	0	Drama_Stand_03_Loop	0	1	0	5
skygarden	600102	2900006	101398	644.41552734375	203.4199981689453	257.5865783691406	0.0	233.56011962890625	0.0	0	0	Drama_Bruh_Loop	1	1	0	3
skygarden	600102	2900007	101401	643.9825439453125	203.4199981689453	256.4875183105469	0.0	354.3155212402344	0.0	0	0	Drama_Stand_05_Loop	0	1	0	5
skygarden	600102	2900008	101402	643.2281494140625	203.4199981689453	257.10992431640625	-0.0	64.88882446289062	-0.0	0	0	Drama_Stand_03_Loop	0	1	0	5
skygarden	600102	2900009	101404	657.1630249023438	203.43600463867188	248.83700561523438	0.0	307.49468994140625	0.0	0	0	Fear_01_Loop	1	1	0	3
skygarden	600102	2900010	101386	586.0105590820312	199.8209991455078	264.0338439941406	-0.0	0.0	0.0	0	0	Drama_Stand_08_Loop	1	1	0	3
skygarden	600102	2900011	101281	586.1930541992188	199.82998657226562	264.9915771484375	-0.0	168.42886352539062	-0.0	0	0	Drama_Stand_03_Loop	0	1	0	5
skygarden	600102	2900012	101409	564.510986328125	199.82998657226562	264.4285888671875	0.0	308.6355895996094	0.0	0	0	Drama_Stand_06_Loop	1	1	0	3
skygarden	600102	2900013	101398	571.14697265625	199.82998657226562	273.4590148925781	0.0	271.2301025390625	0.0	0	0	Drama_Stand_04_Loop	1	1	0	3
skygarden	600102	2900014	101399	570.2230834960938	199.82998657226562	273.3961486816406	-0.0	100.64751434326172	-0.0	0	0	Drama_Stand_03_Loop	0	1	0	5
skygarden	600102	2900015	101391	662.192138671875	207.68299865722656	268.42041015625	-0.0	0.0	0.0	0	0	Drama_Stand_05_Loop	0	1	0	1
skygarden	600103	3900001	101157	329.1000061035156	289.2200012207031	258.3010559082031	-0.0	0.0	0.0	0	0	Drama_Stand_04_Loop	1	1	0	3
skygarden	600103	3900002	101395	298.7900085449219	289.9809875488281	284.3330078125	-0.0	46.918460845947266	-0.0	0	0	Sit_01_Loop	1	1	0	3
skygarden	600103	3900003	101394	299.8763122558594	289.7900085449219	284.94427490234375	0.0	245.72955322265625	0.0	0	0	Drama_Stand_05_Loop	0	1	0	3
skygarden	600103	3900004	101401	322.33099365234375	289.2200012207031	269.4460144042969	-0.0	89.0957260131836	-0.0	0	0	Drama_NPC_Wish_Loop	0	1	0	3
skygarden	600103	3900005	101402	303.8280029296875	289.2200012207031	307.968994140625	-0.0	4.023767948150635	-0.0	0	0	Wall_01_Loop	0	1	0	3
skygarden	600103	3900006	101398	303.19842529296875	289.2200012207031	309.7657775878906	-0.0	137.86436462402344	-0.0	0	0	Drama_Stand_03_Loop	1	1	0	3
skygarden	600103	3900007	101403	250.6929931640625	289.6099853515625	243.08200073242188	0.0	280.1382141113281	0.0	0	0	Sit_04_Loop	0	1	0	3
skygarden	600103	3900008	101404	248.86000061035156	289.260009765625	242.92999267578125	-0.0	64.2217025756836	-0.0	0	0	Drama_Brainwave_R_Loop	1	1	0	3
skygarden	600103	3900009	101101	313.90899658203125	289.15399169921875	219.8520050048828	0.0	322.3925476074219	0.0	0	0	Sit_01_Loop	0	0	0	6
skygarden	600103	3900010	101102	313.30499267578125	289.1610107421875	220.73092651367188	-0.0	150.3210906982422	-0.0	0	0	Drama_NPC_Argue_Loop	0	0	0	6
skygarden	600103	3900011	101104	234.9199981689453	289.260009765625	297.9330139160156	0.0	308.35394287109375	0.0	0	0	StandPhone_Loop	0	0	0	6
skygarden	600103	3900012	101091	260.203857421875	290.4290466308594	277.8096008300781	0.0	244.31597900390625	0.0	0	0	Drama_NPC_Wish_Loop	0	0	0	1
skygarden	600103	3900013	101318	325.3599853515625	289.1809997558594	297.1499938964844	0.0	298.9691162109375	0.0	0	0	Drama_Brainwave_R_Loop	0	0	0	6
skygarden	600103	3900014	101319	324.48699951171875	289.2200012207031	297.2950134277344	-0.0	122.47562408447266	-0.0	0	0	Drama_Shy1_Loop	0	0	0	6
skygarden	600103	3900015	101399	237.27003479003906	274.8110046386719	284.1100158691406	-0.0	7.956266403198242	-0.0	0	0	Drama_Stand_05_Loop	0	0	0	3
skygarden	600103	3900016	101397	237.42916870117188	274.79998779296875	285.02685546875	0.0	191.85125732421875	0.0	0	0	Drama_Stand_07_Loop	1	0	0	3
skygarden	600103	3900017	101410	253.76600646972656	274.80499267578125	224.32699584960938	0.0	230.14784240722656	0.0	0	0	Drama_Shy1_Loop	1	0	0	3
skygarden	600103	3900018	101398	265.7172546386719	274.8169860839844	274.7323913574219	-0.0	140.64212036132812	-0.0	0	0	Drama_Stand_03_Loop	0	0	0	3
skygarden	600103	3900019	101407	266.92498779296875	274.8340148925781	273.46600341796875	0.0	288.8970947265625	0.0	0	0	Drama_Cry_01_Loop	1	0	0	3
skygarden	600103	3900020	101397	265.4405517578125	274.80499267578125	274.04010009765625	-0.0	96.19361114501953	-0.0	0	0	Drama_Stand_06_Loop	0	0	0	1
skygarden	600103	3900021	101399	267.1595458984375	274.802001953125	271.66064453125	-0.0	3.871532678604126	-0.0	0	0	Drama_Stand_08_Loop	0	0	0	1
skygarden	600103	3900022	101411	262.8739318847656	274.79901123046875	288.5316467285156	0.0	232.29452514648438	0.0	0	0	Drama_Stand_05_Loop	1	0	0	1
skygarden	600103	3900026	101310	244.63124084472656	274.802001953125	263.2552185058594	0.0	330.8689270019531	0.0	0	0	Drama_Stand_08_Loop	1	0	0	1
skygarden	600103	3900023	101325	273.2972412109375	289.1711120605469	218.81996154785156	0.0	270.0	0.0	1	0		0	1	0	1
skygarden	600103	3900024	101400	272.6749267578125	289.1711120605469	217.5023651123047	0.0	270.0	0.0	1	0		0	1	0	1
skygarden	600103	3900025	101302	268.5475158691406	289.1710510253906	259.18267822265625	0.0	305.88629150390625	0.0	0	0	Drama_Salute_Loop	0	0	0	5
skygarden	600103	3900027	101410	300.4020080566406	289.783203125	258.3890075683594	0.0	240.81622314453125	0.0	0	0	Drama_Stand_17_Loop	0	0	0	5
skygarden	600103	3900028	101395	299.427001953125	289.7860107421875	257.7359924316406	-0.0	54.35884475708008	-0.0	0	0	Drama_Sit_09_Loop	0	0	0	5
skygarden	600103	3900029	101398	307.80633544921875	289.1711120605469	243.54986572265625	0.0	271.4383544921875	0.0	0	0	Drama_Stand_16_Loop	0	0	0	1
skygarden	600104	4000004	101394	317.2799987792969	126.12899780273438	141.8800048828125	0.0	200.59263610839844	0.0	0	0		0	1	0	3
skygarden	600104	4000005	101391	303.75799560546875	126.12000274658203	149.91799926757812	0.0	291.51422119140625	0.0	1	0		1	0	0	3
skygarden	600104	4000006	101395	314.7200012207031	126.12000274658203	181.99000549316406	-0.0	0.0	0.0	0	0	Drama_Stand_05_Loop	0	1	0	3
skygarden	600104	4000001	101404	247.0260009765625	113.73072052001953	172.58900451660156	-0.0	21.588876724243164	-0.0	1	0		0	1	0	3
skygarden	600104	4000002	101404	247.0260009765625	113.73072052001953	172.58900451660156	-0.0	21.588876724243164	-0.0	1	0		0	1	0	3
skygarden	600104	4000003	101113	276.3599853515625	114.69400024414062	145.3699951171875	-0.0	21.588876724243164	-0.0	1	0	Drama_Stand_09_Loop	0	1	0	3
skygarden	600104	4000007	101398	282.60028076171875	114.66699981689453	144.36618041992188	-0.0	148.6050262451172	-0.0	0	0	Drama_Stand_05_Loop	0	1	0	3
skygarden	600104	4000008	101403	283.1766357421875	114.72000122070312	144.16189575195312	0.0	251.72686767578125	0.0	0	0	Drama_Stand_05_Loop	0	1	0	3
skygarden	600104	4000009	101405	279.4800109863281	114.7020034790039	144.64999389648438	0.0	205.4567413330078	0.0	0	0	Drama_fear_02_Loop	0	1	0	3
skygarden	600104	4000010	101395	285.8269958496094	114.7300033569336	161.43800354003906	-0.0	57.82405471801758	-0.0	0	0	Sit_03_Loop	0	1	0	3
skygarden	600104	4000011	101401	285.7439880371094	114.7300033569336	162.24899291992188	-0.0	83.93824005126953	-0.0	0	0	Sit_02_Loop	0	1	0	3
skygarden	600104	4000012	101402	286.0320129394531	114.7300033569336	163.22500610351562	-0.0	153.17178344726562	-0.0	0	0	Wall_01_Loop	0	1	0	3
skygarden	600104	4000013	101410	257.6199951171875	113.73072052001953	151.72000122070312	-0.0	13.461064338684082	-0.0	0	0	Drama_Stand_05_Loop	0	1	0	3
skygarden	600104	4000014	101408	256.88800048828125	113.73072052001953	152.47999572753906	-0.0	144.9311065673828	-0.0	0	0		0	1	0	3
skygarden	600104	4000015	101421	278.760009765625	114.67500305175781	142.43299865722656	-0.0	22.6234130859375	-0.0	0	0		1	0	0	3
skygarden	600104	4000016	101400	296.1844177246094	113.05999755859375	188.81578063964844	0.0	292.0653381347656	0.0	0	0	Drama_Stand_07_Loop	0	0	0	3
skygarden	600104	4000017	101395	295.7659912109375	113.05500030517578	190.11900329589844	0.0	266.6812744140625	0.0	0	0		0	0	0	3
skygarden	600104	4000018	101410	292.2179870605469	114.66899871826172	155.52999877929688	-0.0	102.53903198242188	-0.0	1	0	Drama_Fight_Loop	1	0	0	3
skygarden	600104	4000019	101401	262.6499938964844	114.15414428710938	207.9499969482422	0.0	342.87322998046875	0.0	0	0	Drama_Stand_01_Loop	0	1	0	3
skygarden	600104	4000020	101402	260.79998779296875	114.15414428710938	209.1300048828125	-0.0	10.06652545928955	-0.0	0	0	Drama_Stand_03_Loop	0	1	0	3
skygarden	600104	4000021	101407	262.20001220703125	114.15414428710938	212.47999572753906	0.0	196.04397583007812	0.0	0	0	Bar_01_Loop	1	1	0	3
skygarden	600104	4000022	101410	259.843994140625	114.15414428710938	210.38400268554688	-0.0	50.55122375488281	-0.0	0	0	Drama_Stand_05_Loop	0	1	0	3
skygarden	600104	4000023	101394	264.5199890136719	114.15414428710938	211.52999877929688	0.0	267.10406494140625	0.0	0	0	Drama_Stand_01_Loop	0	1	0	3
skygarden	600104	4000024	101397	260.1080627441406	114.15414428710938	208.91751098632812	-0.0	47.66285705566406	-0.0	0	0	Drama_Stand_07_Loop	0	1	0	3
skygarden	600104	4000025	101408	265.27301025390625	113.72599792480469	173.66700744628906	0.0	333.65631103515625	0.0	0	0	Drama_Salute_Loop	0	1	0	3
skygarden	600104	4000026	101405	264.4679870605469	113.77200317382812	174.6300048828125	-0.0	147.89492797851562	-0.0	0	0	Drama_Burh_Loop	1	1	0	3
skygarden	600104	4000027	101397	248.27203369140625	113.73799896240234	133.3922119140625	0.0	193.16827392578125	0.0	0	0	Drama_Stand_03_Loop	0	1	0	3
skygarden	600104	4000028	101400	247.84890747070312	113.73072052001953	131.80055236816406	-0.0	73.08303833007812	-0.0	0	0	Drama_Stand_07_Loop	1	1	0	3
skygarden	600104	4000029	101409	249.60130310058594	113.73072052001953	131.10162353515625	0.0	344.2315673828125	0.0	0	0	Wall_01_Loop	0	1	0	3
skygarden	600104	4000030	101397	251.98899841308594	113.70500183105469	149.3520050048828	0.0	225.651611328125	0.0	0	0	Drama_NPC_Argue_Loop	0	1	0	2
skygarden	600104	4000031	101394	286.5697021484375	114.66500091552734	142.6746368408203	0.0	326.59844970703125	0.0	0	0	Drama_Stand_05_Loop	0	1	0	3
skygarden	600104	4000032	101401	286.37701416015625	113.0726547241211	202.86199951171875	-0.0	15.152547836303711	-0.0	0	0	Drama_Stand_03_Loop	0	1	0	3
skygarden	600104	4000033	101403	250.75799560546875	113.70099639892578	149.5489959716797	-0.0	108.50299072265625	-0.0	0	0	Drama_Stand_01_Loop	0	1	0	3
skygarden	600104	4000034	101398	250.65199279785156	113.73072052001953	148.63699340820312	-0.0	139.4333038330078	-0.0	0	0	Drama_Stand_04_Loop	0	1	0	3
skygarden	600104	4000035	101404	287.0610046386719	113.08699798583984	203.17999267578125	0.0	272.70172119140625	0.0	0	0	Drama_Stand_01_Loop	0	1	0	3
skygarden	600104	4000036	101422	245.11875915527344	113.71900177001953	145.68692016601562	0.044620364904403687	74.17662811279297	0.04862799495458603	0	0	Drama_Shy1_Loop	0	1	0	3
skygarden	600104	4000037	101408	240.69076538085938	113.70999908447266	148.64617919921875	-0.0	168.91847229003906	-0.0	0	0	Drama_Stand_08_Loop	0	1	0	3
skygarden	600104	4000038	101400	331.4100036621094	126.13700103759766	146.72000122070312	0.0	313.853271484375	0.0	0	0	Fear_01_Loop	1	1	0	3
skygarden	600104	4000039	101405	250.4199981689453	113.71199798583984	147.99000549316406	-0.0	55.338096618652344	-0.0	0	0	Drama_Shy1_Loop	0	1	0	3
skygarden	600104	4000040	101407	249.86399841308594	113.7040023803711	139.5189971923828	-0.0	89.33609008789062	-0.0	0	0	Drama_NPC_Argue_Loop	0	1	0	1
skygarden	600104	4000041	101408	253.5919952392578	113.73072052001953	141.04299926757812	0.0	285.9403991699219	0.0	0	0		1	1	0	3
skygarden	600104	4000042	101409	256.385986328125	113.73072052001953	146.71600341796875	0.0	322.8526611328125	0.0	0	0	Drama_Stand_01_Loop	1	1	0	3
skygarden	600104	4000043	101402	301.30999755859375	114.69843292236328	171.16000366210938	0.0	239.37655639648438	0.0	0	0	Bar_01_Loop	1	1	0	3
skygarden	600104	4000044	101395	299.7919921875	114.69843292236328	170.406005859375	-0.0	27.534820556640625	-0.0	0	0	Drama_Stand_04_Loop	0	1	0	3
skygarden	600104	4000045	101409	329.4119873046875	126.12532043457031	147.21800231933594	-0.0	118.96739959716797	-0.0	0	0	Drama_Bruh_Loop	0	1	0	3
skygarden	600104	4000047	101423	309.7382507324219	126.13300323486328	178.80316162109375	-0.0	147.72909545898438	-0.0	1	0		1	1	0	3
skygarden	600104	4000048	101394	305.8789978027344	126.10900115966797	175.875	0.0	217.83822631835938	0.0	0	0	Drama_NPC_Claps_Loop	0	1	0	3
skygarden	600104	4000049	101267	274.6619873046875	120.63700103759766	173.875	0.0	240.0	0.0	0	0	Drama_Hawk_Loop	0	1	0	3
skygarden	600104	4000050	101398	312.0199890136719	126.0999984741211	180.6300048828125	-0.0	109.42060089111328	-0.0	0	0	StandPhone_Loop	0	1	0	3
skygarden	600104	4000051	101394	309.3070068359375	125.78299713134766	163.4080047607422	-0.0	136.89578247070312	-0.0	0	0		0	1	0	3
skygarden	600104	4000053	101397	309.7702941894531	125.80474090576172	166.64617919921875	-0.0	148.5573272705078	-0.0	0	0	Drama_Stand_05_Loop	0	1	0	3
skygarden	600104	4000054	101404	304.1300048828125	126.09500122070312	174.5800018310547	-0.0	0.0	0.0	0	0	Drama_NPC_Dance_01_Loop	0	1	0	3
skygarden	600104	4000055	101395	322.6700134277344	125.80474853515625	159.82000732421875	0.0	287.398193359375	0.0	0	0		0	1	0	3
skygarden	600104	4000052	101199	280.6650085449219	114.16705322265625	167.95651245117188	-0.0	99.22020721435547	-0.0	0	0	Drama_Die1_Loop	0	1	0	1
skygarden	600104	4000056	101113	276.3599853515625	114.69400024414062	145.3699951171875	-0.0	21.588876724243164	-0.0	1	0	Drama_Stand_09_Loop	0	1	0	3
skygarden	600104	4000057	101113	276.3599853515625	114.69400024414062	145.3699951171875	-0.0	21.588876724243164	-0.0	1	0	Drama_Stand_09_Loop	0	1	0	3
skygarden	600104	4000058	101113	276.3599853515625	114.69400024414062	145.3699951171875	-0.0	21.588876724243164	-0.0	1	0	Drama_Stand_09_Loop	1	1	0	3
skygarden	600104	4000059	101410	292.2179870605469	114.66899871826172	155.52999877929688	-0.0	102.53903198242188	-0.0	1	0	Drama_Fight_Loop	0	1	0	3
skygarden	600104	4000060	101391	303.75799560546875	126.12000274658203	149.91799926757812	0.0	291.51422119140625	0.0	1	0		1	1	0	3
skygarden	600104	4000046	101398	260.5643310546875	114.15414428710938	198.6271209716797	0.0	208.44589233398438	0.0	0	0	Drama_Stand_07_Loop	0	1	0	5
skygarden	600104	4000061	101399	274.4460144042969	114.15414428710938	211.13900756835938	-0.0	143.84019470214844	-0.0	0	0	Drama_Stand_01_Loop	0	1	0	5
skygarden	600104	4000062	101400	275.12298583984375	114.15414428710938	210.0500030517578	0.0	349.11199951171875	0.0	0	0	Drama_Stand_01_Loop	0	1	0	5
skygarden	600104	4000063	101403	309.2349853515625	125.77999877929688	162.70199584960938	-0.0	77.48504638671875	-0.0	0	0		0	1	0	3
skygarden	600104	4000064	101254	294.1839904785156	114.66699981689453	158.59800720214844	-0.0	90.53502655029297	-0.0	0	0	Drama_Cry_01_Loop	0	1	0	5
skygarden	600104	4000065	101062	283.86199951171875	114.6760025024414	151.38299560546875	0.0	230.51593017578125	0.0	0	0	StandPhone_Loop	0	1	0	5
skygarden	600104	4000066	101143	302.42401123046875	113.0469970703125	182.11000061035156	-0.0	85.75062561035156	-0.0	0	0	Drama_fear_02_Loop	0	1	0	1
skygarden	600104	4000067	101400	293.3716125488281	113.0726547241211	190.64442443847656	-0.0	95.21314239501953	-0.0	0	0	Drama_Stand_03_Loop	0	0	0	3
skygarden	600105	3100001	101077	353.3399963378906	211.47320556640625	187.42999267578125	-0.0	79.25145721435547	-0.0	1	0		0	0	0	1
skygarden	600105	3100002	101074	354.0710144042969	211.47320556640625	188.5519256591797	-0.0	153.69049072265625	-0.0	1	0		0	0	0	1
skygarden	600105	3100003	101073	355.2439880371094	211.47320556640625	186.47991943359375	0.0	328.58935546875	0.0	1	0	Sweep_01_Loop	0	0	0	1
skygarden	600105	3100004	101078	355.968017578125	211.47320556640625	187.419921875	0.0	274.7301025390625	0.0	1	0		0	0	0	1
skygarden	600105	3100005	101037	355.2950134277344	211.47320556640625	188.4599151611328	0.0	215.22581481933594	0.0	1	0		0	0	0	1
skygarden	600105	3100006	101072	353.9040222167969	211.47320556640625	186.3029327392578	-0.0	25.873334884643555	-0.0	1	0		1	0	0	1
skygarden	600105	3100007	101301	354.5916442871094	211.47320556640625	187.4459228515625	-0.0	176.5548553466797	-0.0	1	0	Drama_Stand_05_Loop	1	0	0	1
skygarden	600105	3100008	101391	337.57208251953125	218.91920471191406	161.05499267578125	-0.0	179.3330841064453	-0.0	1	0	Drama_Stand_03_Loop	1	0	0	1
skygarden	600105	3100009	101394	335.4527587890625	218.91920471191406	168.56202697753906	0.0	312.0181579589844	0.0	1	0	Drama_Stand_04_Loop	0	0	0	1
skygarden	600105	3100010	101395	344.6424255371094	218.91920471191406	156.59347534179688	-0.0	152.49234008789062	-0.0	1	0	Drama_Stand_05_Loop	0	0	0	1
skygarden	600105	3100011	101301	322.27178955078125	125.80474090576172	163.6829833984375	-0.0	35.57963562011719	-0.0	1	0	Drama_Stand_05_Loop	0	0	0	1
skygarden	600105	3100012	101072	325.4209899902344	125.80474090576172	168.36500549316406	0.0	227.23757934570312	0.0	1	0	Drama_Stand_01_Loop	0	0	0	1
skygarden	600105	3100013	101073	323.4539794921875	125.80474090576172	166.5224151611328	0.0	229.3842315673828	0.0	1	0	Sweep_01_Loop	0	0	0	1
skygarden	600105	3100014	101074	324.4515686035156	125.80473327636719	167.39549255371094	0.0	220.6473388671875	0.0	1	0	Drama_Stand_01_Loop	0	0	0	1
skygarden	600105	3100015	101037	322.31201171875	125.80473327636719	165.5780029296875	-0.0	46.88728713989258	-0.0	1	0	Drama_Stand_01_Loop	1	0	0	1
skygarden	600105	3100016	101076	326.2929992675781	125.80473327636719	169.1060028076172	0.0	230.92526245117188	0.0	1	0	Drama_Stand_01_Loop	0	0	0	1
skygarden	600105	3100018	101392	253.26808166503906	113.73072052001953	159.1412353515625	-0.0	0.0	0.0	1	0		0	0	0	1
skygarden	600105	3100019	101073	253.08302307128906	113.73072052001953	161.54344177246094	-0.0	132.2411651611328	-0.0	1	0		0	0	0	1
skygarden	600105	3100020	101072	252.26303100585938	113.73072052001953	161.4478759765625	-0.0	134.32228088378906	-0.0	1	0		0	0	0	1
skygarden	600105	3100021	101074	251.65045166015625	113.73072052001953	160.63926696777344	-0.0	132.7882537841797	-0.0	1	0		0	0	0	1
skygarden	600105	3100022	101075	250.86233520507812	113.73072052001953	160.03762817382812	-0.0	135.09678649902344	-0.0	1	0		0	0	0	1
skygarden	600105	3100023	101076	249.89590454101562	113.73072052001953	159.4379425048828	-0.0	133.7574462890625	-0.0	1	0		0	0	0	1
skygarden	600105	3100024	101379	0.0	0.0	0.0	-0.0	0.0	0.0	1	0		0	1	0	1
skygarden	600105	3100025	101379	0.0	0.0	0.0	-0.0	0.0	0.0	1	0		0	1	0	1
skygarden	600105	3100026	101373	300.5899963378906	114.69843292236328	194.92300415039062	-0.0	0.0	0.0	1	0		1	0	0	1
skygarden	600105	3100027	101373	296.2099914550781	114.6500015258789	194.6510009765625	-0.0	0.0	0.0	1	0		1	0	0	1
skygarden	600105	3100028	101392	244.47482299804688	292.9230041503906	271.9676208496094	0.0	195.26473999023438	0.0	1	0		0	0	0	1
skygarden	600105	3100029	101301	244.50091552734375	292.9230041503906	270.4178466796875	-0.0	12.430485725402832	-0.0	1	0		0	0	0	1
skygarden	600105	3100030	101301	354.5916442871094	211.47320556640625	187.4459228515625	-0.0	176.5548553466797	-0.0	1	0	Drama_Stand_05_Loop	0	0	0	1
skygarden	600105	3100017	101392	296.84100341796875	114.69840240478516	172.03590393066406	0.0	270.0	0.0	1	0	Drama_Stand_06_Loop	0	0	0	1
skygarden	600105	3100031	101073	292.5400085449219	114.69843292236328	174.94200134277344	0.0	270.2264404296875	0.0	1	0		0	0	0	1
skygarden	600105	3100032	101074	292.59100341796875	114.69843292236328	174.20799255371094	0.0	273.50103759765625	0.0	1	0		0	0	0	1
skygarden	600105	3100033	101075	292.4599914550781	114.69843292236328	173.29200744628906	0.0	268.91876220703125	0.0	1	0		0	0	0	1
skygarden	600105	3100034	101076	292.552001953125	114.69843292236328	172.42599487304688	0.0	272.27618408203125	0.0	1	0		1	0	0	1
skygarden	600105	3100035	101077	292.56201171875	114.69843292236328	171.61300659179688	0.0	269.40899658203125	0.0	1	0		0	0	0	1
skygarden	600105	3100036	101078	292.5379943847656	114.69843292236328	170.77999877929688	0.0	268.0958251953125	0.0	1	0		0	0	0	1
skygarden	600105	3100037	101072	292.5665588378906	114.69843292236328	169.95799255371094	0.0	274.13031005859375	0.0	1	0		0	0	0	1
skygarden	600105	3100038	101397	337.6084899902344	218.94900512695312	160.2086639404297	-0.0	7.997732639312744	-0.0	1	0	Drama_Stand_07_Loop	0	0	0	1
skygarden	600106	4300001	101181	380.6331787109375	126.6063232421875	159.61541748046875	0.0	281.61676025390625	0.0	0	0		0	0	0	1
skygarden	600106	4300002	101362	355.6780090332031	127.7300033569336	158.4199981689453	0.0	62.776344299316406	0.0	0	0		0	0	0	1
skygarden	600106	4300003	101001	359.59442138671875	126.91683197021484	168.35000610351562	0.0	0.0	0.0	0	0		0	0	0	1
skygarden	600106	4300004	101408	357.71551513671875	126.91683197021484	158.27462768554688	0.0	287.7574462890625	0.0	0	0	Drama_Photo_01_Loop	0	0	0	1
skygarden	600106	4300005	101230	334.6571350097656	126.11905670166016	142.37185668945312	0.0	331.2346496582031	0.0	0	0	Drama_Sit_08_Loop	0	0	0	1
skygarden	600106	4300006	101392	358.0669860839844	126.91683197021484	158.83799743652344	0.0	265.2718200683594	0.0	0	0	Drama_Stand_06_Loop	0	0	0	1
skygarden	600106	4300007	101198	334.0804748535156	126.11905670166016	143.25657653808594	0.0	0.0	0.0	0	0		0	0	0	1
skygarden	600106	4300008	101399	357.6579895019531	126.91683197021484	159.4812774658203	0.0	118.95633697509766	0.0	0	0	Drama_Photo_01_Loop	0	0	0	1
skygarden	600106	4300009	101072	326.4772033691406	125.79276275634766	166.74954223632812	0.0	0.0	0.0	0	0		0	0	0	1
skygarden	600106	4300010	101074	303.03094482421875	126.11905670166016	145.41378784179688	0.0	0.0	0.0	0	0		0	0	0	1
skygarden	600106	4300011	101391	289.8078918457031	129.91818237304688	157.6516571044922	0.0	0.0	0.0	0	0		0	0	0	1
skygarden	600106	4300012	101395	278.7921142578125	120.66043853759766	159.04296875	0.0	0.0	0.0	0	0		0	0	0	1
skygarden	600106	4300013	101393	278.3988342285156	120.66043853759766	160.01806640625	0.0	0.0	0.0	0	0	Drama_Stand_01_Loop	0	0	0	1
skygarden	600106	4300014	101394	272.1873474121094	120.66046905517578	169.76585388183594	0.0	0.0	0.0	0	0		0	0	0	1
skygarden	600106	4300015	101395	271.65289306640625	120.66046905517578	170.1125946044922	0.0	0.0	0.0	0	0		0	0	0	1
skygarden	600106	4300016	101395	308.3002014160156	125.79276275634766	169.46180725097656	0.0	16.277767181396484	0.0	0	0		0	0	0	1
skygarden	600106	4300017	101390	310.1099853515625	125.79276275634766	170.08999633789062	0.0	295.9903869628906	0.0	0	0		0	0	0	1
skygarden	600106	4300018	101409	307.36114501953125	125.79276275634766	170.21839904785156	0.0	67.05099487304688	0.0	0	0		0	0	0	1
skygarden	600106	4300019	101423	309.1199951171875	125.79276275634766	171.49000549316406	0.0	190.7703857421875	0.0	0	0		0	0	0	1
skygarden	600106	4300020	101389	256.02801513671875	114.66000366210938	146.89599609375	0.0	322.340087890625	0.0	0	0		0	0	0	1
skygarden	600106	4300021	101145	253.5491943359375	113.73072052001953	140.7042694091797	0.0	248.2986297607422	0.0	0	0		0	0	0	1
skygarden	600106	4300022	101375	242.38897705078125	113.73072052001953	151.86378479003906	0.0	142.11956787109375	0.0	0	0	Drama_Special01_Loop	0	0	0	1
skygarden	600106	4300023	101402	242.02999877929688	113.73072052001953	149.91000366210938	0.0	40.82685852050781	0.0	0	0		0	0	0	1
skygarden	600106	4300024	101403	243.4406280517578	113.73072052001953	149.2378387451172	0.0	0.0	0.0	0	0		0	0	0	1
skygarden	600106	4300025	101408	244.18846130371094	113.73072052001953	150.5492706298828	0.0	286.82330322265625	0.0	0	0		0	0	0	1
skygarden	600106	4300026	101095	245.8800048828125	114.2020034790039	172.02999877929688	0.0	216.0279541015625	0.0	0	0		0	0	0	1
skygarden	600106	4300027	101120	277.7900085449219	114.10272979736328	180.3820037841797	0.0	319.7542724609375	0.0	0	0	Drama_Die3_Loop	0	0	0	1
skygarden	600106	4300028	101278	294.9580383300781	113.39664459228516	190.05908203125	0.0	0.0	0.0	0	0		0	0	0	1
skygarden	600106	4300029	101391	295.76702880859375	113.0726547241211	189.28939819335938	0.0	0.0	0.0	0	0		0	0	0	1
skygarden	600106	4300030	101401	296.27972412109375	113.0726547241211	188.47630310058594	0.0	0.0	0.0	0	0		0	0	0	1
skygarden	600106	4300031	101387	278.0244445800781	116.20207214355469	144.12835693359375	0.0	0.0	0.0	0	0		0	0	0	1
skygarden	600106	4300032	101248	280.35797119140625	114.68062591552734	144.59877014160156	0.0	0.0	0.0	0	0		0	0	0	1
skygarden	600106	4300033	101244	278.7001647949219	114.68062591552734	144.2837677001953	0.0	0.0	0.0	0	0		0	0	0	1
skygarden	600106	4300034	101364	271.7929992675781	114.197998046875	168.01699829101562	0.0	275.8288879394531	0.0	0	0	GetDown_01_Loop	0	0	0	1
skygarden	600106	4300035	101364	269.9651794433594	114.64199829101562	168.1280059814453	0.0	49.797611236572266	0.0	0	0	Stand_02_Loop	0	0	0	1
skygarden	600106	4300036	101148	271.179443359375	113.73072052001953	168.0780029296875	0.0	0.0	0.0	0	0	Sit_01_Loop	0	0	0	1
skygarden	700302	3000001	101367	296.7969970703125	113.08999633789062	191.76600646972656	-0.0	44.999996185302734	-0.0	1	0	Drama_Stand_01_Loop	0	0	0	1
skygarden	700302	3000002	101063	299.57000732421875	113.08999633789062	191.68800354003906	-0.0	0.0	0.0	1	0	Drama_Stand_01_Loop	0	0	0	1
skygarden	700302	3000003	101367	633.0999755859375	203.42100524902344	275.5190124511719	-0.0	90.0	-0.0	0	0	Drama_Stand_09_Loop	1	0	0	3
skygarden	700302	3000006	101383	308.5639953613281	125.7770004272461	162.5570068359375	0.0	270.0	0.0	0	0	Drama_Stand_07_Loop	0	1	0	1
skygarden	700302	3000007	101370	367.1199951171875	211.47320556640625	179.47999572753906	0.0	180.0	0.0	0	0	Drama_Stand_07_Loop	1	1	0	1
skygarden	700302	3000008	101384	367.1199951171875	211.47320556640625	165.9717559814453	-0.0	0.0	0.0	0	0	Drama_Stand_08_Loop	1	1	0	1
skygarden	700302	3000011	101372	367.1238708496094	211.47320556640625	175.08999633789062	0.0	180.0	0.0	1	0	Drama_Die01_Loop	0	0	0	2
skygarden	700302	3000012	101372	366.9674987792969	211.5279998779297	170.08700561523438	-0.0	0.0	0.0	1	0	Drama_Die01_Loop	0	0	0	2
skygarden	700302	3000013	101383	635.030029296875	203.3990020751953	264.5799865722656	-0.0	160.00001525878906	-0.0	0	0	Drama_Stand_07_Loop	0	0	0	3
skygarden	700302	3000014	101370	633.6599731445312	203.3990020751953	262.8699951171875	-0.0	71.31999969482422	-0.0	0	0	Drama_Stand_03_Loop	0	0	0	3
skygarden	700302	3000015	101384	635.8599853515625	203.42100524902344	262.6499938964844	0.0	331.1000061035156	0.0	0	0	Drama_Stand_05_Loop	1	0	0	3
skygarden	700302	3000016	101408	563.47998046875	199.85000610351562	264.9200134277344	-0.0	45.79999542236328	-0.0	0	0	Drama_NPC_Claps_Loop	0	1	0	6
skygarden	700302	3000017	101387	642.02001953125	203.39999389648438	256.5226745605469	-0.0	0.0	0.0	0	0	Drama_Stand_01_Loop	1	0	0	3
skygarden	700302	3000018	101401	638.2100219726562	203.39999389648438	281.4700012207031	-0.0	0.0	0.0	0	0	Drama_Stand_03_Loop	1	0	0	3
skygarden	700302	3000019	101404	638.4299926757812	203.39999389648438	282.8699951171875	0.0	188.3000030517578	0.0	0	0	Drama_Bouquet_01_Loop	0	0	0	0
skygarden	700302	3000021	101400	638.4600219726562	203.39999389648438	249.8300018310547	-0.0	178.70001220703125	-0.0	0	0	Drama_Stand_03_Loop	0	1	0	6
skygarden	700302	3000022	101327	620.3538818359375	203.4029541015625	272.4100036621094	-0.0	90.0	-0.0	0	0	Drama_Stand_08_Loop	0	1	0	6
skygarden	700302	3000020	101399	647.1405029296875	203.39999389648438	276.3840026855469	-0.0	0.0	0.0	0	0	Drama_Stand_01_Loop	0	1	0	6
skygarden	700302	3000023	101398	647.1405029296875	203.39999389648438	278.12884521484375	0.0	180.0	0.0	0	0	Drama_Stand_03_Loop	0	1	0	6
skygarden	700302	3000024	101397	585.541015625	199.8527374267578	265.3210144042969	0.0	239.89996337890625	0.0	0	0	Drama_Stand_01_Loop	0	1	0	6
skygarden	700302	3000025	101407	584.5079956054688	199.8527374267578	264.5270080566406	-0.0	37.999996185302734	-0.0	0	0	Drama_Stand_01_Loop	0	1	0	6
skygarden	700302	3000026	101410	570.5518798828125	199.8527374267578	274.2590637207031	-0.0	0.0	0.0	0	0	Drama_Stand_01_Loop	0	1	0	6
skygarden	700302	3000027	101404	571.9111938476562	199.8527374267578	273.93359375	-0.0	0.0	0.0	0	0	Drama_Stand_16_Loop	0	1	0	6
skygarden	700302	3000030	101326	347.17724609375	126.92532348632812	169.41000366210938	0.0	270.0	0.0	0	0	Drama_Stand_08_Loop	0	1	0	6
skygarden	700302	3000031	101393	263.7599792480469	114.69843292236328	138.1808319091797	0.0	222.6999969482422	0.0	0	0	Drama_TouchIpad_Loop	0	0	0	0
skygarden	700302	3000032	101274	284.8800048828125	114.68499755859375	143.25999450683594	0.0	180.0	0.0	0	0	Drama_Stand_06_Loop	0	1	0	6
skygarden	700302	3000034	101390	319.3599853515625	125.78099822998047	169.38999938964844	0.0	270.0	0.0	0	0	Drama_Hawk_Loop	0	1	0	6
skygarden	700302	3000009	101397	347.5950012207031	285.8900146484375	195.48399353027344	0.0	270.0	0.0	0	0	Wall_01_Loop	0	1	0	6
skygarden	700302	3000010	101392	253.6320037841797	113.70700073242188	138.03900146484375	-0.0	103.20000457763672	-0.0	0	0	Drama_Stand_11_Loop	0	1	0	6
skygarden	700302	3000028	101281	255.05599975585938	113.72799682617188	149.6529998779297	-0.0	149.8000030517578	-0.0	0	0	Drama_Stand_17_Loop	0	1	0	6
skygarden	700302	3000029	101392	276.0	113.73072052001953	175.55014038085938	-0.0	0.0	0.0	0	0	Drama_Shy1_Loop	0	1	0	6
skygarden	700302	3000035	101277	295.6378173828125	113.0726547241211	190.08999633789062	0.0	270.0	0.0	0	0	Drama_Stand_05_Loop	0	1	0	6
skygarden	700302	3000036	101392	332.730712890625	126.12532043457031	144.7112274169922	0.0	270.0	0.0	0	0	Drama_Stand_08_Loop	0	1	0	6
skygarden	700302	3000037	101279	331.6310119628906	126.12532043457031	144.8300018310547	-0.0	90.0	-0.0	0	0	Drama_fear_02_Loop	0	1	0	6
skygarden	700302	3000038	101019	315.6754455566406	126.12532043457031	182.6699981689453	-0.0	0.0	0.0	0	0	Drama_Stand_01_Loop	0	1	0	6
skygarden	700302	3000039	101326	347.17999267578125	126.92532348632812	155.92230224609375	0.0	270.0	0.0	0	0	Drama_Stand_01_Loop	0	1	0	6
skygarden	700302	3000040	101393	656.237548828125	203.39999389648438	269.739990234375	-0.0	90.0	-0.0	0	0	Drama_Stand_05_Loop	0	1	0	6
skygarden	700302	3000041	101278	280.7699890136719	113.73072052001953	168.04200744628906	-0.0	0.0	0.0	0	0	Sit_05_Loop	0	0	0	0
skygarden	700302	3000042	101286	250.89999389648438	113.73072052001953	130.3560028076172	-0.0	18.9999942779541	-0.0	0	0	Sit_05_Loop	0	0	0	0
skygarden	700302	3000043	101327	313.95001220703125	289.15301513671875	229.2049102783203	-0.0	0.0	0.0	0	0	Drama_Stand_05_Loop	0	1	0	6
skygarden	700302	3000044	101081	312.7200012207031	289.2199401855469	230.47000122070312	-0.0	144.10000610351562	-0.0	0	0	Drama_Salute_Loop	0	1	0	6
skygarden	700302	3000045	101083	314.3070373535156	289.2199401855469	231.02813720703125	0.0	195.8999786376953	0.0	0	0		0	1	0	6
skygarden	700302	3000046	101263	288.5400085449219	289.1679992675781	266.56805419921875	0.0	270.0	0.0	0	0	Drama_Stand_08_Loop	0	1	0	6
skygarden	700302	3000047	101331	287.6400146484375	289.1789855957031	264.4779968261719	-0.0	0.0	0.0	0	0	StandPhone_Loop	0	0	0	0
skygarden	700302	3000048	101077	326.1400146484375	289.2380065917969	292.05999755859375	0.0	220.30001831054688	0.0	0	0	Drama_Stand_01_Loop	0	1	0	6
skygarden	700302	3000049	101303	356.8609924316406	293.5730285644531	268.4560852050781	0.0	270.0	0.0	0	0	Drama_Salute_Loop	0	1	0	6
skygarden	700302	3000050	101277	366.9087829589844	293.5730285644531	282.6841735839844	0.0	199.5	0.0	0	0	Drama_Stand_05_Loop	0	1	0	6
skygarden	700302	3000051	101275	366.5284729003906	293.5730285644531	281.0177917480469	-0.0	0.0	0.0	0	0	Drama_Burh_Loop	0	1	0	6
skygarden	700302	3000052	101407	348.57379150390625	218.91920471191406	171.8638916015625	0.0	244.04998779296875	0.0	0	0	Drama_Stand_06_Loop	0	1	0	6
skygarden	700302	3000053	101399	349.35650634765625	218.91920471191406	173.05941772460938	0.0	223.10000610351562	0.0	0	0	Drama_Stand_08_Loop	0	1	0	6
skygarden	700302	3000054	101402	335.8739929199219	218.91920471191406	163.46099853515625	-0.0	39.05999755859375	-0.0	0	0	Sit_01_Loop	0	1	0	6
skygarden	700302	3000055	101401	337.0249938964844	218.91920471191406	164.49899291992188	0.0	223.40000915527344	0.0	0	0	Drama_Stand_03_Loop	0	1	0	6
skygarden	700302	3000056	101263	366.781005859375	214.03048706054688	151.4530029296875	-0.0	99.19999694824219	-0.0	0	0	Drama_TouchIpad_Loop	0	0	0	0
skygarden	700302	3000057	101096	368.0194396972656	214.03048706054688	148.91226196289062	-0.0	0.0	0.0	0	0	Drama_Stand_04_Loop	0	1	0	6
skygarden	700302	3000058	101395	359.79998779296875	211.93800354003906	158.66600036621094	-0.0	0.0	0.0	0	0	Drama_SitBook_01_Loop	0	0	0	0
skygarden	700302	3000059	101397	362.19000244140625	211.47320556640625	160.07000732421875	-0.0	30.00000762939453	-0.0	0	0	Drama_Sit_09_Loop	0	1	0	6
skygarden	700302	3000060	101394	623.5108032226562	203.39999389648438	254.94000244140625	0.0	270.0	0.0	0	0	Drama_Stand_07_Loop	0	1	0	6
skygarden	700302	3000061	101411	554.7589111328125	199.8527374267578	273.3443298339844	-0.0	115.45999145507812	-0.0	0	0	Drama_Stand_01_Loop	0	1	0	6
skygarden	700302	3000062	101399	549.291015625	199.8527374267578	264.6894836425781	-0.0	0.0	0.0	0	0	Drama_Bouquet_01_Loop	0	0	0	0
skygarden	700302	3000063	101397	551.6474609375	199.8527374267578	265.2966613769531	-0.0	0.0	0.0	0	0	Drama_Hawk_Loop	0	1	0	6
skygarden	700302	3000064	101405	649.9000244140625	203.39999389648438	263.05999755859375	0.0	324.0	0.0	0	0	Drama_NPC_Claps_Loop	0	1	0	6
skygarden	700302	3000065	101401	606.0419921875	203.39999389648438	266.3859558105469	-0.0	54.26999282836914	-0.0	0	0	Drama_Bouquet_01_Loop	0	0	0	0
skygarden	700302	3000066	101400	604.6840209960938	203.4029541015625	267.14898681640625	-0.0	54.25999069213867	-0.0	0	0	Bar_01_Loop	0	1	0	6
skygarden	700302	3000067	101394	306.06280517578125	125.80474090576172	163.98585510253906	-0.0	119.80000305175781	-0.0	1	0	Drama_Stand_05_Loop	0	0	0	1
skygarden	700302	3000068	101395	306.3450012207031	125.80474853515625	161.17799377441406	-0.0	62.99999237060547	-0.0	1	0	Drama_Stand_17_Loop	0	0	0	1
skygarden	700302	3000069	101075	291.5769958496094	114.69843292236328	169.5469970703125	-0.0	0.0	0.0	0	0	Stand_01_Loop	0	1	0	6
skygarden	700302	3000071	101386	276.70355224609375	114.69843292236328	150.01980590820312	0.0	180.0	0.0	0	0	Drama_Stand_08_Loop	0	1	0	6
skygarden	700302	3000072	101403	277.6949768066406	114.69843292236328	148.36183166503906	0.0	337.34002685546875	0.0	0	0	Drama_Stand_04_Loop	0	1	0	6
skygarden	700302	3000073	101408	277.4620056152344	114.69843292236328	147.53199768066406	-0.0	0.0	0.0	0	0	Fear_01_Loop	0	1	0	6
skygarden	700302	3000074	101409	276.0069885253906	114.69843292236328	148.06900024414062	-0.0	26.19999885559082	-0.0	0	0	Drama_Die2_Loop	0	1	0	6
skygarden	700302	3000075	101286	342.75201416015625	218.91920471191406	182.49899291992188	0.0	242.5	0.0	0	0	Sit_01_Loop	0	1	0	6
skygarden	700302	3000076	101386	341.1053771972656	218.91920471191406	182.37232971191406	-0.0	83.94999694824219	-0.0	0	0	Drama_Stand_03_Loop	0	1	0	6
skygarden	700302	3000077	101403	663.97998046875	207.67373657226562	259.9200134277344	-0.0	0.0	0.0	0	0	Drama_Bouquet_01_Loop	0	0	0	0
skygarden	700302	3000078	101395	635.9299926757812	203.39999389648438	293.7699890136719	0.0	311.5999755859375	0.0	0	0	Drama_Stand_16_Loop	0	1	0	6
skygarden	700302	3000079	101397	638.14697265625	203.39999389648438	294.322998046875	0.0	332.6000061035156	0.0	0	0	Drama_Stand_16_Loop	0	1	0	6
skygarden	700302	3000080	101401	626.5428466796875	203.39999389648438	279.2867126464844	-0.0	0.0	0.0	0	0	Drama_Cry_01_Loop	0	1	0	6
skygarden	700302	3000081	101410	626.531005859375	203.42005920410156	280.4700012207031	0.0	180.0	0.0	0	0	Drama_Stand_09_Loop	0	1	0	6
skygarden	700302	3000082	101397	638.8261108398438	203.39999389648438	248.5562744140625	-0.0	0.0	0.0	0	0	Drama_Stand_01_Loop	0	1	0	6
skygarden	700302	3000083	101399	622.7999877929688	203.39999389648438	256.8800048828125	0.0	220.09999084472656	0.0	0	0	Drama_Stand_17_Loop	0	1	0	6
skygarden	700302	3000084	101282	656.27001953125	203.4029541015625	268.2300109863281	-0.0	90.0	-0.0	0	0	Drama_Shy1_Loop	0	1	0	6
skygarden	700302	3000005	101404	630.6199951171875	203.39999389648438	250.0800018310547	-0.0	0.0	0.0	0	0	Drama_StandBook_01_Loop	0	0	0	0
skygarden	700302	3000087	101407	621.8200073242188	203.39999389648438	282.0799865722656	-0.0	90.0	-0.0	0	0	Drama_StandBook_01_Loop	0	0	0	0
skygarden	700302	3000004	101277	297.5	113.0726547241211	206.6300048828125	0.0	270.0	0.0	0	0	Drama_TouchIpad_Loop	0	0	0	0
skygarden	700302	3000070	101275	296.2300109863281	113.0726547241211	206.5	-0.0	90.0	-0.0	0	0	Drama_Stand_03_Loop	0	1	0	6
skygarden	700302	3000085	101403	342.6990051269531	218.91920471191406	161.15899658203125	-0.0	0.0	0.0	0	0	Drama_SitBook_01_Loop	0	0	0	0
skygarden	700302	3000086	101394	333.6700134277344	218.92848205566406	184.48199462890625	0.0	180.0	0.0	0	0	Drama_SitBook_01_Loop	0	0	0	0
skygarden	700302	3000088	101342	356.82000732421875	293.5799865722656	271.2900085449219	0.0	270.0	0.0	0	0	Drama_Bouquet_01_Loop	0	0	0	0
skygarden	700302	3000089	101328	244.29100036621094	292.9424743652344	269.6400146484375	0.0	270.0	0.0	0	0	Drama_Salute_Loop	0	1	0	6
skygarden	700302	3000092	101350	244.4429931640625	292.8909912109375	267.7099914550781	0.0	270.0	0.0	0	0	Drama_Bouquet_01_Loop	0	0	0	0
skygarden	700302	3000090	101394	305.6449890136719	125.80474090576172	163.83200073242188	0.0	250.0	0.0	1	0	Drama_Stand_16_Loop	0	0	0	1
skygarden	700302	3000091	101395	305.6940002441406	125.80474853515625	161.27099609375	0.0	276.9000244140625	0.0	1	0	Drama_Stand_16_Loop	0	0	0	1
skygarden_4_2mainstorylevel01	1002	2	101272	96.38999938964844	0.0	65.36000061035156	0.0	0.0	0.0	1	0	Idle_Loop	0	0	1	1
skygarden_4_2mainstorylevel01	9002	100001	101298	103.26000213623047	3.2830801010131836	72.11000061035156	0.0	211.34535217285156	0.0	1	0		0	0	0	1
skygarden_4_2mainstorylevel01	9002	100002	101379	99.23200225830078	3.283080816268921	58.45899963378906	0.0	0.0	0.0	1	0		0	0	0	1
skygarden_4_2mainstorylevel01	9002	100003	101380	102.9800033569336	3.283081293106079	58.75	0.0	0.0	0.0	1	0		0	0	0	1
skygarden_4_2mainstorylevel01	9002	100004	101380	102.9800033569336	3.283081293106079	58.75	0.0	0.0	0.0	1	0		0	0	0	1
skygarden_4_2mainstorylevel01	9002	100005	101379	98.07292938232422	3.283080577850342	61.106544494628906	0.0	0.0	0.0	1	0		0	0	0	1
skygarden_4_2mainstorylevel01	9002	100006	101380	96.95707702636719	3.283080816268921	59.174461364746094	0.0	0.0	0.0	1	0		0	0	0	1
skygarden_4_2mainstorylevel01	9002	100007	101379	94.39469909667969	3.283080816268921	61.78270721435547	0.0	0.0	0.0	1	0		0	0	0	1
skygarden_4_2mainstorylevel01	9002	100008	101388	103.18705749511719	5.343780517578125	63.38486099243164	0.0	0.0	0.0	1	0		0	0	0	1
skygarden_jumpplayer	4009	1	101037	322.82000732421875	41.75199890136719	290.010009765625	0.0	0.0	0.0	0	0		1	-1	0	0
skygarden_jumpplayer	4009	2	101037	322.3800048828125	44.87799835205078	317.17999267578125	0.0	0.0	0.0	0	0		1	-1	0	0
skygarden_jumpplayer	4009	3	101037	322.82000732421875	41.75199890136719	290.010009765625	0.0	0.0	0.0	0	0		1	0	0	0
skygarden_jumpplayer	4019	100001	101037	320.9800109863281	116.4000015258789	991.9500122070312	0.0	0.0	0.0	0	0		1	-1	0	0
skygarden_jumpplayer	4019	100002	101037	407.99200439453125	106.4000015258789	991.7589721679688	0.0	0.0	0.0	0	0		1	-1	0	0
skygarden_jumpplayer	4019	100003	101037	320.9800109863281	116.4000015258789	991.9500122070312	0.0	0.0	0.0	0	0		1	0	0	0
skygarden_jumpplayer	4029	200001	101037	164.91421508789062	109.01000213623047	950.22998046875	0.0	0.0	0.0	0	0		1	-1	0	0
skygarden_jumpplayer	4029	200002	101037	172.00213623046875	82.66000366210938	1086.8681640625	0.0	0.0	0.0	0	0		1	-1	0	0
skygarden_jumpplayer	4029	200003	101037	166.13999938964844	109.01000213623047	950.9299926757812	0.0	0.0	0.0	0	0		1	0	0	0
skygarden_jumpplayer	6001	300001	101075	245.8699951171875	37.540000915527344	324.005615234375	0.0	255.1688995361328	0.0	1	0		1	0	1	1
skygarden_jumpplayer	6001	300002	101075	308.7155456542969	37.79999923706055	324.05108642578125	0.0	272.58673095703125	0.0	0	0		1	0	1	1
skygarden_jumpplayer	6002	400001	101075	254.18258666992188	39.4900016784668	244.26377868652344	0.0	180.00006103515625	0.0	1	0		1	0	1	1
skygarden_jumpplayer	6002	400002	101075	258.15997314453125	39.04999923706055	339.6499938964844	0.0	180.00006103515625	0.0	0	0		1	0	1	1
skygarden_jumpplayer	6003	500001	101075	384.29998779296875	52.98099899291992	275.4630126953125	0.0	271.7547302246094	0.0	0	0		1	0	1	1
skygarden_jumpplayer	6003	500002	101075	253.2906494140625	56.5369987487793	270.9104919433594	0.0	267.175048828125	0.0	1	0		1	0	1	1
skygarden_jumpplayer	6004	600001	101075	266.6163330078125	53.95000076293945	325.510009765625	0.0	0.0	0.0	1	0		1	0	1	1
skygarden_jumpplayer	6004	600002	101075	320.0572509765625	55.029998779296875	343.7200012207031	0.0	166.9190673828125	0.0	0	0		1	0	1	1
skygarden_jumpplayer	6005	700001	101075	375.8934326171875	56.15999984741211	290.5937194824219	0.0	92.55366516113281	0.0	1	0		1	0	1	1
skygarden_jumpplayer	6005	700002	101075	250.99000549316406	53.02000045776367	285.1951904296875	0.0	92.33423614501953	0.0	0	0		1	0	1	1
skygarden_jumpplayer	6006	800001	101075	270.7440490722656	52.060001373291016	241.265625	0.0	184.9383087158203	0.0	1	0		1	0	1	1
skygarden_jumpplayer	6006	800002	101075	269.71954345703125	55.189998626708984	322.2200012207031	0.0	172.8028106689453	0.0	0	0		1	0	1	1
skygarden_jumpplayer	6007	900001	101075	244.92176818847656	37.540000915527344	324.0431823730469	0.0	268.27679443359375	0.0	1	0		1	0	1	1
skygarden_jumpplayer	6007	900002	101075	309.96429443359375	37.79999923706055	323.99468994140625	0.0	272.5867004394531	0.0	0	0		1	0	1	1
skygarden_lxystorylevel01	4011	1	101128	19.191299438476562	56.77000045776367	46.85694885253906	0.0	0.0	0.0	1	0		1	0	0	1
skygarden_lxystorylevel01	4030	100001	101173	27.74224090576172	56.54899978637695	25.489107131958008	0.0	0.0	0.0	1	0	Drama_Sadness_Loop	1	0	0	1
skygarden_lxystorylevel01	4030	100002	101063	27.333389282226562	56.59000015258789	40.450401306152344	0.0	96.5270004272461	0.0	1	0	Drama_Stand_01_Loop	0	0	0	1
skygarden_lxystorylevel02	4012	1	101069	105.42377471923828	144.32400512695312	112.72528839111328	0.0	106.50641632080078	0.0	1	0	Drama_Stand_08_Loop	1	0	0	1
skygarden_lxystorylevel02	4012	2	101069	124.39839172363281	143.38111877441406	108.46575164794922	0.0	277.75946044921875	0.0	1	0	Drama_Stand_01_Loop	0	0	0	1
skygarden_lxystorylevel02	4012	3	101069	103.98255920410156	144.61399841308594	111.0870361328125	0.0	168.8517303466797	0.0	1	0	Drama_Stand_08_Loop	0	0	0	1
skygarden_lxystorylevel02	4012	4	101069	106.50900268554688	144.2689971923828	112.1719970703125	0.0	30.852954864501953	0.0	1	0	Drama_Stand_08_Loop	0	0	0	1
skygarden_lxystorylevel02	4012	5	101069	106.11499786376953	144.28399658203125	112.43599700927734	0.0	30.852954864501953	0.0	1	0	Drama_Stand_08_Loop	0	0	0	1
skygarden_lxystorylevel02	4012	6	101001	82.87100219726562	143.79641723632812	107.31700134277344	0.0	138.916015625	0.0	1	0	Drama_Stand_04_Loop	0	0	0	1
skygarden_lxystorylevel02	4012	7	101069	82.46199798583984	143.78799438476562	106.96399688720703	0.0	155.0858612060547	0.0	1	0	Drama_Stand_08_Loop	1	0	0	1
skygarden_lxystorylevel02	4012	8	101069	84.9698715209961	143.78799438476562	99.80148315429688	0.0	147.4512481689453	0.0	1	0	Drama_Stand_08_Loop	1	0	0	1
skygarden_lxystorylevel02	4012	9	101069	103.69999694824219	144.48800659179688	111.99700164794922	0.0	353.0445556640625	0.0	1	0	Drama_Stand_08_Loop	1	0	0	1
skygarden_lxystorylevel02	4024	100001	101069	93.42562866210938	144.6605987548828	103.72509765625	0.0	28.600000381469727	0.0	0	0	Drama_Stand_08_Loop	0	0	0	1
skygarden_lxystorylevel03	4026	1	101173	21.088953018188477	56.55348205566406	27.391544342041016	0.0	226.12925720214844	0.0	1	0	Drama_Stand_01_Loop	1	0	0	1
skygarden_lxystorylevel03	4026	2	101063	40.18299865722656	56.55348205566406	50.928001403808594	0.0	213.45877075195312	0.0	1	0	Drama_Stand_01_Loop	0	0	0	1
skygarden_lxystorylevel03	4026	3	101063	23.940000534057617	56.55348205566406	28.799999237060547	0.0	43.30817794799805	0.0	1	0	Drama_Stand_01_Loop	0	0	0	1
skygarden_lxystorylevel03	4026	4	101173	21.32404136657715	56.55348205566406	27.523588180541992	0.0	44.57411193847656	0.0	1	0	Drama_Stand_01_Loop	1	0	0	1
skygarden_lxystorylevel03	4026	5	101173	21.32404136657715	56.55348205566406	27.523588180541992	0.0	44.57411193847656	0.0	1	0	Drama_Reading_Loop	1	0	0	1
skygarden_lxystorylevel03	4026	6	101063	42.764068603515625	56.55348205566406	48.89263916015625	0.0	316.63299560546875	0.0	1	0	Drama_Stand_01_Loop	0	0	0	1
skygarden_lxystorylevel03	4026	7	101173	21.32404136657715	56.55348205566406	27.523588180541992	0.0	44.57411193847656	0.0	1	0	Drama_Stand_01_Loop	1	0	0	1
skygarden_lxystorylevel04	4027	1	101173	28.645999908447266	56.56999969482422	34.27000045776367	0.0	336.74774169921875	0.0	1	0	Drama_Stand_01_Loop	1	0	0	1
skygarden_lxystorylevel04	4027	2	101063	22.29199981689453	56.56999969482422	43.874000549316406	0.0	157.6124725341797	0.0	1	0	Drama_Stand_01_Loop	0	0	0	1
skygarden_lxystorylevel04	4027	3	101173	28.674114227294922	56.56999969482422	28.1488094329834	0.0	352.5581970214844	0.0	1	0	Drama_Happy_Loop	1	0	0	1
skygarden_lxystorylevel04	4027	4	101173	24.135000228881836	56.56999969482422	44.92036437988281	0.0	149.92564392089844	0.0	1	0	Drama_Stand_01_Loop	1	0	0	1
skygarden_plaza	4007	1	101067	608.2919921875	189.78500366210938	1145.3079833984375	0.0	285.00018310546875	0.0	0	0		0	1	0	1
skygarden_plaza	4021	100001	101067	608.2919921875	189.78500366210938	1145.3079833984375	0.0	285.00018310546875	0.0	0	0	Drama_Stand_01_Loop	1	0	0	1
skygarden_plaza	4021	100002	101174	604.39697265625	189.25399780273438	1147.9150390625	0.0	121.66412353515625	0.0	1	0	Drama_Stand_01_Loop	0	0	0	1
skygarden_plaza	4021	100003	101175	599.551025390625	189.92100524902344	1200.261962890625	0.0	215.14111328125	0.0	1	0		0	0	0	1
skygarden_plaza	4021	100004	101106	599.2587280273438	189.25599670410156	1146.0003662109375	0.0	106.48685455322266	0.0	0	0	Drama_Stand_08_Loop	0	1	0	1
skygarden_plaza	4021	100005	101080	598.4099731445312	189.91099548339844	1202.9000244140625	0.0	184.24725341796875	0.0	0	0		0	1	0	1
skygarden_plaza	4021	100006	101147	603.280029296875	189.2530059814453	1152.7900390625	0.0	157.5311279296875	0.0	0	0	Drama_Stand_03_Loop	0	1	0	1
skygarden_plaza	4021	100007	101078	601.0609741210938	190.04600524902344	1200.9990234375	0.0	246.5478515625	0.0	0	0		0	1	0	1
skygarden_plaza	4021	100008	101073	1017.234619140625	189.33816528320312	1283.3543701171875	0.0	71.49430847167969	0.0	0	0		0	1	0	1
skygarden_plaza	4021	100009	101130	598.6360473632812	189.26400756835938	1152.66162109375	0.0	156.57005310058594	0.0	0	0	Drama_Stand_03_Loop	0	1	0	1
skygarden_plaza	4021	100010	101126	603.9450073242188	189.25599670410156	1150.5579833984375	0.0	153.12086486816406	0.0	0	0	Drama_Stand_01_Loop	0	1	0	1
skygarden_plaza	4021	100011	101126	596.6599731445312	189.2550048828125	1143.8299560546875	0.0	95.88378143310547	0.0	0	0	Drama_Stand_03_Loop	0	1	0	1
skygarden_plaza	4021	100012	101131	598.9573364257812	189.2570037841797	1147.04541015625	0.0	108.58099365234375	0.0	0	0	Drama_Stand_05_Loop	0	1	0	1
skygarden_plaza	4021	100013	101095	602.530029296875	190.63999938964844	1159.0899658203125	0.0	104.0613021850586	0.0	0	0		0	1	0	1
skygarden_plaza	4021	100014	101157	599.1431274414062	189.2469940185547	1151.2154541015625	0.0	3.5248053073883057	0.0	0	0	Drama_Stand_05_Loop	0	1	0	1
skygarden_plaza	4021	100015	101158	600.2090454101562	189.25	1152.6490478515625	0.0	235.83547973632812	0.0	0	0	Drama_Stand_08_Loop	0	1	0	1
skygarden_plaza	4021	100016	101101	574.9667358398438	189.23800659179688	1131.43994140625	0.0	0.0	0.0	0	0	Drama_Stand_05_Loop	0	1	0	1
skygarden_plaza	4021	100017	101102	566.181396484375	189.22799682617188	1137.1300048828125	0.0	0.0	0.0	0	0	Drama_Stand_01_Loop	0	1	0	1
skygarden_plaza	4021	100018	101093	572.1270751953125	189.23699951171875	1198.511474609375	0.0	0.0	0.0	0	0	Drama_Stand_05_Loop	0	1	0	1
skygarden_plaza	4021	100019	101152	574.2238159179688	189.2449951171875	1198.5404052734375	0.0	0.0	0.0	0	0	Drama_Stand_03_Loop	0	1	0	1
skygarden_plaza	4021	100020	101130	532.6954956054688	189.2259979248047	1158.3671875	0.0	83.70570373535156	0.0	0	0	Drama_Stand_08_Loop	0	1	0	1
skygarden_plaza	4021	100021	101100	532.531982421875	189.24200439453125	1159.1180419921875	0.0	94.56429290771484	0.0	0	0	Drama_Stand_03_Loop	0	1	0	1
skygarden_plaza	4021	100022	101152	532.9697875976562	189.23800659179688	1157.5885009765625	0.0	45.65089797973633	0.0	0	0	Drama_Stand_01_Loop	0	1	0	1
skygarden_plaza	4021	100023	101158	602.6593017578125	189.23800659179688	1180.0877685546875	0.0	0.0	0.0	0	0	Drama_Stand_08_Loop	0	1	0	1
skygarden_plaza	4021	100024	101156	603.3546142578125	189.24600219726562	1181.057373046875	0.0	0.0	0.0	0	0	Drama_Stand_05_Loop	0	1	0	1
skygarden_plaza	4021	100025	101148	548.2269897460938	189.24000549316406	1145.39697265625	0.0	151.805419921875	0.0	0	0	Drama_Stand_04_Loop	0	1	0	1
skygarden_plaza	4021	100026	101154	548.3930053710938	189.2429962158203	1147.011962890625	0.0	151.805419921875	0.0	0	0	Drama_Stand_05_Loop	0	1	0	1
skygarden_plaza	4021	100027	101153	547.3233642578125	189.25100708007812	1144.416259765625	0.0	151.805419921875	0.0	0	0	Drama_Stand_08_Loop	0	1	0	1
skygarden_plaza	4021	100028	101154	556.1500244140625	189.23699951171875	1200.8353271484375	0.0	109.83253479003906	0.0	0	0	Drama_Stand_03_Loop	0	1	0	1
skygarden_plaza	4021	100029	101148	557.4117431640625	189.23800659179688	1201.2857666015625	0.0	207.46922302246094	0.0	0	0	Drama_Stand_05_Loop	0	1	0	1
skygarden_plaza	4021	100030	101159	582.3703002929688	189.24000549316406	1139.0296630859375	0.0	338.4621276855469	0.0	0	0	Drama_Stand_06_Loop	0	1	0	1
skygarden_plaza	4021	100031	101157	575.9390869140625	189.2449951171875	1139.1756591796875	0.0	0.0	0.0	0	0	Drama_Stand_08_Loop	0	1	0	1
skygarden_plaza	4021	100032	101104	553.739990234375	189.24099731445312	1140.72021484375	0.0	0.0	0.0	0	0	Drama_Stand_06_Loop	0	1	0	1
skygarden_plaza	4021	100033	101152	555.0974731445312	189.24400329589844	1145.176025390625	0.0	53.85492706298828	0.0	0	0	Drama_Stand_08_Loop	0	1	0	1
skygarden_plaza	4021	100034	101154	555.9461059570312	189.24200439453125	1144.5745849609375	0.0	0.0	0.0	0	0	Drama_Stand_03_Loop	0	1	0	1
skygarden_plaza	4021	100035	101151	540.671875	189.22799682617188	1160.303466796875	0.0	115.80308532714844	0.0	0	0	Drama_Stand_08_Loop	0	1	0	1
skygarden_plaza	4021	100036	101145	538.7702026367188	189.23599243164062	1163.7783203125	0.0	135.3904571533203	0.0	0	0	Drama_Stand_01_Loop	0	1	0	1
skygarden_plaza	4021	100037	101148	558.594970703125	189.22799682617188	1196.9510498046875	0.0	141.82861328125	0.0	0	0	Drama_Stand_05_Loop	0	1	0	1
skygarden_plaza	4021	100038	101086	561.609619140625	189.23300170898438	1195.2342529296875	0.0	60.059104919433594	0.0	0	0	Drama_Stand_08_Loop	0	1	0	1
skygarden_plaza	4021	100039	101059	579.3901977539062	189.24099731445312	1192.06494140625	0.0	0.0	0.0	0	0	Drama_Stand_01_Loop	0	1	0	1
skygarden_plaza	4021	100040	101141	585.0977783203125	189.24600219726562	1194.573974609375	0.0	209.2254638671875	0.0	0	0	Drama_Stand_05_Loop	0	1	0	1
skygarden_plaza	4021	100041	101143	599.3170166015625	189.22999572753906	1177.092041015625	0.0	259.73638916015625	0.0	0	0	Drama_Stand_06_Loop	0	1	0	1
skygarden_plaza	4021	100042	101085	583.010009765625	189.24400329589844	1191.9100341796875	0.0	98.24555206298828	0.0	0	0	Drama_Stand_06_Loop	0	1	0	1
skygarden_plaza	4021	100043	101151	596.2251586914062	189.22900390625	1170.294921875	0.0	0.0	0.0	0	0	Drama_Stand_08_Loop	0	1	0	1
skygarden_plaza	4021	100044	101151	606.3461303710938	189.24200439453125	1170.271240234375	0.0	273.44195556640625	0.0	0	0	Drama_Stand_01_Loop	0	1	0	1
skygarden_plaza	4021	100045	101149	593.7925415039062	189.24099731445312	1182.067626953125	0.0	0.0	0.0	0	0	Drama_Stand_01_Loop	0	1	0	1
skygarden_plaza	4021	100046	101149	618.7587280273438	189.2550048828125	1170.1424560546875	0.0	0.0	0.0	0	0	Drama_Stand_01_Loop	0	1	0	1
skygarden_plaza	4021	100047	101087	610.2969360351562	189.91799926757812	1192.5511474609375	0.0	218.82740783691406	0.0	0	0	Drama_Stand_01_Loop	0	1	0	1
skygarden_plaza	4021	100048	101075	594.201416015625	189.33816528320312	1142.7581787109375	0.0	102.77030181884766	0.0	0	0		0	1	0	1
skygarden_plaza	4021	100049	101085	683.201416015625	192.6074676513672	1198.625732421875	0.0	308.81622314453125	0.0	0	0	Drama_Stand_01_Loop	0	1	0	1
skygarden_plaza	4021	100050	101126	595.0418090820312	189.90899658203125	1203.0216064453125	0.0	165.72349548339844	0.0	0	0	Drama_Stand_03_Loop	0	1	0	1
skygarden_plaza	4021	100051	101155	594.822998046875	189.91099548339844	1204.843994140625	0.0	174.53578186035156	0.0	0	0	Drama_Stand_06_Loop	0	1	0	1
skygarden_plaza	4021	100052	101160	596.6681518554688	189.9149932861328	1204.272216796875	0.0	182.61412048339844	0.0	0	0	Drama_Stand_05_Loop	0	1	0	1
skygarden_plaza	4021	100053	101165	603.4400024414062	189.90499877929688	1200.9300537109375	0.0	231.62518310546875	0.0	0	0	Drama_Stand_01_Loop	0	1	0	1
skygarden_plaza	4021	100054	101185	598.0789794921875	189.91299438476562	1204.4329833984375	0.0	223.1743927001953	0.0	0	0	Drama_Stand_01_Loop	0	1	0	1
skygarden_plaza	4021	100055	101189	602.0735473632812	189.91400146484375	1198.8126220703125	0.0	264.97247314453125	0.0	0	0	Drama_Stand_03_Loop	0	1	0	1
skygarden_plaza	4021	100056	101163	602.5599975585938	189.90699768066406	1201.489990234375	0.0	237.13229370117188	0.0	0	0	Drama_Stand_08_Loop	0	1	0	1
skygarden_plaza	4021	100057	101157	603.3995361328125	189.9029998779297	1199.010009765625	0.0	263.93817138671875	0.0	0	0	Drama_Stand_06_Loop	0	1	0	1
skygarden_plaza	4021	100058	101155	604.4099731445312	189.90199279785156	1198.469970703125	0.0	247.50912475585938	0.0	0	0	Drama_Stand_01_Loop	0	1	0	1
skygarden_plaza	4021	100059	101149	593.531494140625	189.91200256347656	1202.9080810546875	0.0	211.6031951904297	0.0	0	0	Drama_Stand_08_Loop	0	1	0	1
skygarden_plaza	4021	100060	101191	599.1268310546875	189.23800659179688	1143.72705078125	0.0	106.7529525756836	0.0	0	0		0	1	0	1
skygarden_plaza	4021	100061	101185	604.4935913085938	189.2570037841797	1153.0926513671875	0.0	184.80506896972656	0.0	0	0	Drama_Stand_06_Loop	0	1	0	1
skygarden_plaza	4021	100062	101174	606.8679809570312	189.25799560546875	1144.947998046875	0.0	0.0	0.0	1	0		0	0	0	1
skygarden_plaza	4021	100063	101175	606.9509887695312	189.29568481445312	1144.8299560546875	0.0	324.382080078125	0.0	1	0		0	0	0	1
skygarden_plaza	4021	100064	101001	686.0859985351562	192.87022399902344	1184.279052734375	0.0	139.1490936279297	0.0	0	0	Drama_Stand_05_Loop	0	1	0	1
skygarden_plaza	4021	100065	101030	687.4207763671875	192.86964416503906	1184.554931640625	0.0	201.22186279296875	0.0	0	0	Drama_Stand_07_Loop	0	1	0	1
skygarden_plaza	4021	100066	101047	693.3196411132812	192.86825561523438	1185.3704833984375	0.0	330.74932861328125	0.0	0	0	Drama_Stand_06_Loop	0	1	0	1
skygarden_plaza	4021	100067	101052	703.9450073242188	192.82699584960938	1208.9429931640625	0.0	229.83982849121094	0.0	0	0	Sit_02_Loop	0	1	0	1
skygarden_plaza	4021	100068	101051	705.2670288085938	192.80599975585938	1204.238037109375	0.0	282.91046142578125	0.0	0	0	Sit_03_Loop	0	1	0	1
skygarden_plaza	4021	100069	101028	704.8683471679688	192.8699951171875	1205.2149658203125	0.0	245.8740234375	0.0	0	0	Drama_Sit_07_Loop	0	1	0	1
skygarden_plaza	4021	100070	101084	679.1375732421875	192.6074676513672	1191.1441650390625	0.0	312.20880126953125	0.0	0	0	Drama_Stand_03_Loop	0	1	0	1
skygarden_plaza	4021	100071	101083	678.1507568359375	192.6074676513672	1190.7943115234375	0.0	7.460676193237305	0.0	0	0		0	1	0	1
skygarden_plaza	4021	100072	101088	699.6439819335938	192.86825561523438	1189.5179443359375	0.0	310.5482482910156	0.0	0	0	Sit_03_Loop	0	1	0	1
skygarden_plaza	4021	100073	101093	698.8259887695312	192.80499267578125	1188.85205078125	0.0	329.6138000488281	0.0	0	0	Sit_01_Loop	0	1	0	1
skygarden_plaza	4021	100074	101089	696.2401733398438	192.86825561523438	1188.6822509765625	0.0	42.122562408447266	0.0	0	0	Drama_Stand_05_Loop	0	1	0	1
skygarden_plaza	4021	100075	101100	682.9509887695312	192.5540008544922	1212.2220458984375	0.0	149.00010681152344	0.0	0	0	Sit_04_Loop	0	1	0	1
skygarden_plaza	4021	100076	101102	686.0316162109375	192.6074676513672	1213.9033203125	0.0	77.73607635498047	0.0	0	0	Drama_Stand_03_Loop	0	1	0	1
skygarden_plaza	4021	100077	101135	688.156982421875	192.91200256347656	1213.8089599609375	0.0	264.37615966796875	0.0	0	0	Sit_03_Loop	0	1	0	1
skygarden_plaza	4021	100078	101167	693.594970703125	192.80299377441406	1217.6390380859375	0.0	196.83169555664062	0.0	0	0	Sit_02_Loop	0	1	0	1
skygarden_plaza	4021	100079	101141	697.7440185546875	192.8280029296875	1215.3740234375	0.0	203.25474548339844	0.0	0	0	Sit_03_Loop	0	1	0	1
skygarden_plaza	4021	100080	101143	696.406005859375	192.86672973632812	1215.133056640625	0.0	73.57921600341797	0.0	0	0	Drama_Stand_05_Loop	0	1	0	1
skygarden_plaza	4021	100081	101142	698.5460205078125	192.76699829101562	1213.4410400390625	0.0	267.1012878417969	0.0	0	0	Sit_02_Loop	0	1	0	1
skygarden_plaza	4021	100082	101149	672.1300048828125	192.8350067138672	1207.60595703125	0.0	99.62810516357422	0.0	0	0	Sit_01_Loop	0	1	0	1
skygarden_plaza	4021	100083	101148	676.7813720703125	192.6074676513672	1202.0301513671875	0.0	11.646421432495117	0.0	0	0	Drama_Stand_03_Loop	0	1	0	1
skygarden_plaza	4021	100084	101096	678.2085571289062	192.6074676513672	1203.347900390625	0.0	255.65646362304688	0.0	0	0	Drama_Stand_05_Loop	0	1	0	1
skygarden_plaza	4021	100085	101082	676.932373046875	192.6074676513672	1203.8541259765625	0.0	191.2449951171875	0.0	0	0	Drama_Stand_08_Loop	0	1	0	1
skygarden_plaza	4021	100086	101089	696.3060302734375	193.01100158691406	1194.1199951171875	0.0	0.0	0.0	0	0	Drama_Sit_07_Loop	0	1	0	1
skygarden_scene00001exb	1001	1	101379	42.47163009643555	0.01009976863861084	22.319419860839844	-0.0	175.49588012695312	-0.0	1	0		0	0	0	1
skygarden_scene00001exb	1001	2	101380	44.598026275634766	0.01009976863861084	18.989824295043945	-0.0	90.76992797851562	-0.0	1	0		0	0	0	1
skygarden_scene00001exb	1001	3	101380	53.89632034301758	0.01009976863861084	9.365419387817383	-0.0	0.0	0.0	1	0		0	0	0	1
skygarden_scene00001exb	1001	4	101380	53.99443054199219	0.01009976863861084	5.9255523681640625	-0.0	0.0	0.0	1	0		0	0	0	1
skygarden_scene00001exb	1001	5	101379	53.91633987426758	0.01009976863861084	12.391754150390625	-0.0	0.0	0.0	1	0		0	0	0	1
skygarden_scene00001exb	1001	6	101379	54.100284576416016	0.01009976863861084	2.3929576873779297	-0.0	0.0	0.0	1	0		0	0	0	1
skygarden_scene00001exb	1001	7	101388	45.0	0.0	7.0	-0.0	0.0	0.0	1	0		0	0	0	1
skygarden_scene00001exb	1001	8	101379	52.11000061035156	0.01009976863861084	22.440000534057617	0.0	182.07333374023438	0.0	1	0		0	0	0	1
skygarden_scene00001exb	1001	9	101380	51.977325439453125	0.01009976863861084	18.956663131713867	0.0	267.7124328613281	0.0	1	0		0	0	0	1
skygarden_scene00001exb	1001	10	101380	56.20331573486328	0.01009976863861084	12.764280319213867	-0.0	0.0	0.0	1	0		0	0	0	1
skygarden_scene00001exb	1001	11	101379	56.28960418701172	0.01009976863861084	3.1040821075439453	-0.0	0.0	0.0	1	0		0	0	0	1
skygarden_scene007	1002	3	101273	49.540000915527344	12.239997863769531	43.2599983215332	0.0	30.00000762939453	0.0	1	0	Drama_Stand_01_Loop	1	0	0	1
skygarden_sushe	1001	400001	101063	19.729999542236328	1.144649863243103	17.163999557495117	0.0	273.41180419921875	0.0	1	0	Drama_Stand_01_Loop	0	0	0	1
skygarden_sushe	1001	400002	101063	9.196999549865723	0.7360000610351562	20.309999465942383	0.0	346.29241943359375	0.0	1	0	Drama_Stand_01_Loop	0	0	0	1
