Sector	ConfigGroupId	PlaceId	BaseId	CollectWay	CollectRewardId	CollectableType	CourseGroupId	CollectCueId	IsTeleporter	TeleporterActivateMode	TeleporterDefaultActive	PosX	PosY	PosZ	RotX	RotY	RotZ	DeferLoading	IsOnlyClient	Interactable	SpaceAudio	BeScanned
skygarden	1001	900001	293	0	0	0	0	0	0	0	0	666.0919799804688	167.80340576171875	1146.9649658203125	0.0	90.1534423828125	0.0	1	0	1	0	0
skygarden	1001	900002	293	0	0	0	0	0	0	0	0	628.8909912109375	193.87100219726562	1270.553955078125	0.0	112.95281219482422	0.0	1	0	1	0	0
skygarden	1001	900003	138	0	0	0	0	0	0	0	0	566.4099731445312	169.30099487304688	1192.9150390625	0.0	290.59161376953125	0.0	1	0	1	0	0
skygarden	1001	900006	56	0	0	0	0	0	0	0	0	547.2039794921875	169.31399536132812	1156.5030517578125	0.0	307.00640869140625	0.0	1	0	1	0	0
skygarden	1001	900005	56	0	0	0	0	0	0	0	0	527.22119140625	146.71299743652344	1319.9642333984375	0.0	19.651123046875	0.0	1	0	1	0	0
skygarden	1001	900007	138	0	0	0	0	0	0	0	0	662.697998046875	167.68499755859375	1154.1590576171875	0.0	136.36582946777344	0.0	1	0	1	0	0
skygarden	1001	900008	56	0	0	0	0	0	0	0	0	665.4840087890625	168.968994140625	1163.5389404296875	0.0	359.6228332519531	0.0	1	0	1	0	0
skygarden	1001	900009	158	0	0	0	0	0	0	0	0	628.8829956054688	192.99591064453125	1270.571044921875	0.0	65.7912826538086	0.0	1	0	0	0	0
skygarden	1001	900010	57	0	0	0	0	0	0	0	0	569.7739868164062	168.5433349609375	1207.0860595703125	0.0	259.4503173828125	0.0	1	0	0	0	0
skygarden	1002	1000001	310	0	0	0	0	0	0	0	0	219.02999877929688	233.7480010986328	910.9509887695312	0.0	0.0	0.0	0	1	0	0	0
skygarden	1002	1000002	308	0	0	0	0	0	0	0	0	220.81700134277344	233.72900390625	903.573974609375	0.0	317.6804504394531	0.0	0	0	1	0	0
skygarden	1002	1000003	3	0	0	0	0	0	0	0	0	249.67999267578125	234.25999450683594	891.9400024414062	0.0	0.0	0.0	0	1	1	0	0
skygarden	1002	1000004	3	0	0	0	0	0	0	0	0	370.1400146484375	225.02999877929688	909.3200073242188	0.0	0.0	0.0	0	1	1	0	0
skygarden	1002	1000010	3	0	0	0	0	0	0	0	0	291.239990234375	235.2100067138672	910.9000244140625	0.0	0.0	0.0	0	1	1	0	0
skygarden	1002	1000011	3	0	0	0	0	0	0	0	0	251.16000366210938	234.50999450683594	930.9099731445312	0.0	0.0	0.0	0	1	1	0	0
skygarden	1002	1000005	1	0	0	0	0	0	0	0	0	348.42999267578125	224.50999450683594	903.2999877929688	0.0	0.0	0.0	0	1	1	0	0
skygarden	1002	1000006	1	0	0	0	0	0	0	0	0	348.9100036621094	224.50999450683594	918.1400146484375	0.0	0.0	0.0	0	1	1	0	0
skygarden	1002	1000007	342	0	0	0	0	0	0	0	0	295.40301513671875	224.3000030517578	899.2630004882812	0.0	330.0	0.0	0	1	1	0	0
skygarden	1002	1000008	342	0	0	0	0	0	0	0	0	295.3869934082031	224.3000030517578	922.56298828125	0.0	210.0	0.0	0	1	1	0	0
skygarden	1002	1000009	342	0	0	0	0	0	0	0	0	348.6860046386719	224.17300415039062	903.3109741210938	0.0	39.907989501953125	0.0	0	1	0	0	0
skygarden	1002	1000012	342	0	0	0	0	0	0	0	0	348.7030029296875	224.17999267578125	918.5170288085938	0.0	140.20700073242188	0.0	0	1	0	0	0
skygarden	1002	1000013	351	0	0	0	0	0	0	0	0	295.2200012207031	224.50999450683594	899.52001953125	0.0	290.8273010253906	0.0	1	1	0	0	0
skygarden	1002	1000014	351	0	0	0	0	0	0	0	0	295.2749938964844	224.50999450683594	922.3900146484375	0.0	170.99830627441406	0.0	1	1	0	0	0
skygarden	1002	1000015	1	0	0	0	0	0	0	0	0	295.40301513671875	224.39999389648438	899.2630004882812	0.0	0.0	0.0	0	1	0	0	0
skygarden	1002	1000016	1	0	0	0	0	0	0	0	0	295.40301513671875	234.39999389648438	899.2630004882812	0.0	0.0	0.0	0	1	0	0	0
skygarden	1002	1000017	1	0	0	0	0	0	0	0	0	295.3869934082031	224.50999450683594	922.56298828125	0.0	0.0	0.0	0	1	0	0	0
skygarden	1002	1000018	1	0	0	0	0	0	0	0	0	295.3869934082031	234.50999450683594	922.56298828125	0.0	0.0	0.0	0	1	0	0	0
skygarden	1002	1000019	358	0	0	0	0	0	0	0	0	220.8000030517578	232.85000610351562	910.9199829101562	0.0	0.0	0.0	0	1	0	0	0
skygarden	1002	1000020	359	0	0	0	0	0	0	0	0	215.77999877929688	235.17999267578125	919.0499877929688	0.0	0.0	0.0	0	1	0	0	0
skygarden	1002	1000021	360	0	0	0	0	0	0	0	0	215.77999877929688	235.17999267578125	902.8699951171875	0.0	0.0	0.0	0	1	0	0	0
skygarden	1002	1000022	322	0	0	0	0	0	0	0	0	222.7100067138672	233.69400024414062	901.1510009765625	0.0	229.36968994140625	0.0	0	1	0	0	0
skygarden	1002	1000023	322	0	0	0	0	0	0	0	0	224.3300018310547	233.69400024414062	898.9099731445312	0.0	230.12838745117188	0.0	0	1	0	0	0
skygarden	1002	1000024	322	0	0	0	0	0	0	0	0	228.33599853515625	233.7010040283203	903.2210083007812	0.0	65.92606353759766	0.0	0	1	0	0	0
skygarden	1002	1000025	322	0	0	0	0	0	0	0	0	229.43600463867188	233.7010040283203	901.8770141601562	0.0	50.1284065246582	0.0	0	1	0	0	0
skygarden	1002	1000026	362	0	0	0	0	0	0	0	0	241.38600158691406	224.47000122070312	908.3579711914062	0.0	180.0	0.0	0	1	0	0	0
skygarden	1002	1000027	362	0	0	0	0	0	0	0	0	236.5399932861328	224.47000122070312	913.4520263671875	0.0	0.0	0.0	0	1	0	0	0
skygarden	1002	1000028	371	0	0	0	0	0	0	0	0	305.3380126953125	224.47000122070312	910.927978515625	0.0	90.0	0.0	0	1	0	0	0
skygarden	1002	1000029	100201	0	0	0	0	0	0	0	0	221.6199951171875	238.07000732421875	911.3701171875	0.0	0.0	0.0	1	0	0	0	0
skygarden	1002	1000030	100202	0	0	0	0	0	0	0	0	224.02999877929688	238.55999755859375	902.7979736328125	0.0	0.0	0.0	1	0	0	0	0
skygarden	1002	1000031	100203	0	0	0	0	0	0	0	0	224.0399932861328	238.32000732421875	919.5349731445312	0.0	0.0	0.0	1	0	0	0	0
skygarden	1002	1000032	52	0	0	0	0	0	0	0	0	271.1839904785156	225.8459930419922	909.6099853515625	0.0	90.0	0.0	0	1	0	0	0
skygarden	1002	1000033	417	0	0	0	0	0	0	0	0	268.03399658203125	226.22999572753906	910.9500122070312	0.0	0.0	0.0	0	1	0	0	0
skygarden	2001	600001	55	0	0	0	0	0	0	0	0	581.1300048828125	189.5399932861328	1150.02001953125	0.0	0.0	0.0	1	0	1	0	0
skygarden	2001	600002	1	0	0	0	0	0	0	0	0	638.27099609375	187.75799560546875	1185.822998046875	0.0	303.8580017089844	0.0	1	0	1	0	0
skygarden	2001	600003	1	0	0	0	0	0	0	0	0	611.5064086914062	187.14483642578125	1120.71533203125	0.0	0.0	0.0	0	0	0	0	0
skygarden	2001	600004	1	0	0	0	0	0	0	0	0	598.760009765625	189.27676391601562	1121.0	0.0	0.0	0.0	1	0	0	0	0
skygarden	2001	600007	109	0	0	0	0	0	0	0	0	524.6358642578125	190.36549377441406	1158.1981201171875	0.0	255.4575958251953	0.0	1	0	0	0	0
skygarden	2001	600008	110	0	0	0	0	0	0	0	0	524.6539916992188	190.36549377441406	1157.780029296875	0.0	249.8948974609375	0.0	1	0	0	0	0
skygarden	2001	600009	189	0	0	0	0	0	0	0	0	524.5280151367188	190.36549377441406	1158.552978515625	0.0	261.6867980957031	0.0	1	0	0	0	0
skygarden	2001	600012	1	0	0	0	0	0	0	0	0	532.7735595703125	189.3381805419922	1159.5230712890625	0.0	0.0	0.0	1	0	1	0	0
skygarden	2001	600013	1	0	0	0	0	0	0	0	0	614.010009765625	189.9986572265625	1184.4599609375	0.0	0.0	0.0	1	0	0	0	0
skygarden	2001	600014	1	0	0	0	0	0	0	0	0	624.1719360351562	189.27676391601562	1166.5648193359375	0.0	0.0	0.0	1	0	0	0	0
skygarden	2001	600015	1	0	0	0	0	0	0	0	0	642.6099853515625	190.9094696044922	1219.8800048828125	0.0	0.0	0.0	1	0	0	0	0
skygarden	2001	600016	1	0	0	0	0	0	0	0	0	652.5700073242188	193.89588928222656	1290.3399658203125	0.0	0.0	0.0	1	0	0	0	0
skygarden	2001	600017	1	0	0	0	0	0	0	0	0	567.2999877929688	196.94000244140625	1168.3800048828125	0.0	0.0	0.0	1	0	0	0	0
skygarden	2001	600018	1	0	0	0	0	0	0	0	0	585.8243408203125	189.9986572265625	1211.5543212890625	0.0	0.0	0.0	1	0	0	0	0
skygarden	2001	600019	1	0	0	0	0	0	0	0	0	604.7061767578125	189.33816528320312	1148.3399658203125	0.0	0.0	0.0	0	0	0	0	0
skygarden	2001	600020	1	0	0	0	0	0	0	0	0	601.0310668945312	187.6612548828125	1079.482421875	0.0	0.0	0.0	0	0	0	0	0
skygarden	2001	600021	1	0	0	0	0	0	0	0	0	626.2100219726562	192.2801513671875	1252.449951171875	0.0	0.0	0.0	1	0	0	0	0
skygarden	2001	600022	1	0	0	0	0	0	0	0	0	636.9337158203125	192.28016662597656	1266.8375244140625	0.0	0.0	0.0	1	0	0	0	0
skygarden	2001	600023	1	0	0	0	0	0	0	0	0	658.6309814453125	192.280029296875	1230.7196044921875	0.0	0.0	0.0	1	0	0	0	0
skygarden	2001	600024	1	0	0	0	0	0	0	0	0	667.97998046875	192.28001403808594	1194.8199462890625	0.0	0.0	0.0	1	0	0	0	0
skygarden	2001	600025	1	0	0	0	0	0	0	0	0	687.1400146484375	192.6074676513672	1196.4300537109375	0.0	0.0	0.0	1	0	0	0	0
skygarden	2001	600026	1	0	0	0	0	0	0	0	0	608.2899780273438	189.33816528320312	1145.43994140625	0.0	0.0	0.0	1	0	0	0	0
skygarden	2001	600005	56	0	0	0	0	0	0	0	0	541.1188354492188	169.30050659179688	1188.7216796875	0.0	0.0	0.0	1	0	1	0	0
skygarden	2003	500001	3	0	0	0	0	0	0	0	0	557.3790283203125	170.0070037841797	1155.135986328125	0.0	259.7329406738281	0.0	1	0	1	0	0
skygarden	2003	500003	134	0	0	0	0	0	0	0	0	545.2659912109375	168.56491088867188	1202.157958984375	0.0	24.426490783691406	0.0	1	0	0	0	0
skygarden	2003	500004	1	0	0	0	0	0	0	0	0	542.2100219726562	168.64999389648438	1137.010009765625	0.0	0.0	0.0	1	0	0	0	0
skygarden	2003	500005	1	0	0	0	0	0	0	0	0	559.3900146484375	169.44483947753906	1178.780029296875	0.0	0.0	0.0	1	0	0	0	0
skygarden	2003	500002	185	0	0	0	0	0	0	0	0	560.5360107421875	170.5970001220703	1171.008056640625	0.0	0.0	0.0	1	0	0	0	0
skygarden	2003	500006	1	0	0	0	0	0	0	0	0	551.52001953125	150.8000030517578	1355.47998046875	0.0	0.0	0.0	1	0	0	0	0
skygarden	2003	500008	3	0	0	0	0	0	0	0	0	560.5999755859375	170.61099243164062	1171.0770263671875	0.0	0.0	0.0	1	0	1	0	0
skygarden	2003	500009	143	0	0	0	0	0	0	0	0	631.6909790039062	192.2853240966797	1259.7349853515625	0.0	0.0	0.0	1	0	0	0	0
skygarden	2003	500010	171	0	0	0	0	0	0	0	0	675.1719970703125	156.22984313964844	1218.6080322265625	0.0	0.0	0.0	1	0	0	0	0
skygarden	2003	500011	171	0	0	0	0	0	0	0	0	675.0360107421875	156.22984313964844	1219.5279541015625	0.0	0.0	0.0	1	0	0	0	0
skygarden	2003	500012	172	0	0	0	0	0	0	0	0	675.6259765625	156.2721710205078	1218.2010498046875	0.0	0.0	0.0	1	0	0	0	0
skygarden	2003	500013	173	0	0	0	0	0	0	0	0	675.666015625	156.22984313964844	1219.865966796875	0.0	0.0	0.0	1	0	0	0	0
skygarden	2003	500014	175	0	0	0	0	0	0	0	0	676.64697265625	156.22984313964844	1218.3759765625	0.0	0.0	0.0	1	0	0	0	0
skygarden	2003	500015	176	0	0	0	0	0	0	0	0	676.7020263671875	156.22984313964844	1219.7030029296875	0.0	0.0	0.0	1	0	0	0	0
skygarden	2003	500016	170	0	0	0	0	0	0	0	0	675.0547485351562	156.22984313964844	1220.1546630859375	0.0	85.82073211669922	0.0	1	0	0	0	0
skygarden	2003	500017	170	0	0	0	0	0	0	0	0	675.239990234375	156.22984313964844	1217.885009765625	0.0	80.52122497558594	0.0	1	0	0	0	0
skygarden	2003	500018	1	0	0	0	0	0	0	0	0	675.4650268554688	157.30099487304688	1219.0009765625	0.0	0.0	0.0	1	0	0	0	0
skygarden	2003	500019	1	0	0	0	0	0	0	0	0	560.572998046875	170.51065063476562	1170.83203125	0.0	0.0	0.0	1	0	1	0	0
skygarden	2003	500020	1	0	0	0	0	0	0	0	0	545.2659912109375	169.13800048828125	1202.157958984375	0.0	24.426490783691406	0.0	1	0	1	0	0
skygarden	2003	500007	329	0	0	0	0	0	0	0	0	626.1199951171875	188.4530029296875	1092.0150146484375	276.8085021972656	237.29991149902344	64.76528930664062	1	0	1	0	0
skygarden	2003	500021	388	0	0	0	0	0	0	0	0	624.4719848632812	187.10557556152344	1091.635986328125	0.0	349.0728759765625	0.0	1	0	0	0	0
skygarden	2003	500022	387	0	0	0	0	0	0	0	0	626.1920166015625	187.1055908203125	1091.916015625	0.0	350.7070007324219	0.0	1	0	0	0	0
skygarden	2003	500023	387	0	0	0	0	0	0	0	0	626.1909790039062	187.7480010986328	1091.906005859375	0.0	352.2911376953125	0.0	1	0	0	0	0
skygarden	2003	500024	388	0	0	0	0	0	0	0	0	625.3790283203125	187.40118408203125	1091.7850341796875	0.0	350.08795166015625	0.0	1	0	0	0	0
skygarden	2003	500025	388	0	0	0	0	0	0	0	0	625.3939819335938	187.1055908203125	1091.8060302734375	0.0	349.6822509765625	0.0	1	0	0	0	0
skygarden	2003	500026	388	0	0	0	0	0	0	0	0	624.4810180664062	187.4011688232422	1091.616943359375	0.0	349.6673278808594	0.0	1	0	0	0	0
skygarden	2007	1700001	1	0	0	0	0	0	0	0	0	0.0	0.0	0.0	-0.0	0.0	0.0	0	0	0	0	0
skygarden	2007	1700002	124	0	0	0	0	0	0	0	0	574.5074462890625	134.62025451660156	1172.352783203125	-0.0	0.0	0.0	0	0	0	0	0
skygarden	2007	1700003	1	0	0	0	0	0	0	0	0	567.6885375976562	192.7738037109375	841.810791015625	-0.0	0.0	0.0	0	1	0	0	0
skygarden	2007	1700004	1	0	0	0	0	0	0	0	0	503.3058166503906	193.45364379882812	1028.05810546875	-0.0	0.0	0.0	0	1	0	0	0
skygarden	2007	1700005	1	0	0	0	0	0	0	0	0	486.9100036621094	186.54275512695312	957.3318481445312	-0.0	0.0	0.0	0	1	0	0	0
skygarden	2007	1700006	216	0	0	0	0	0	0	0	0	501.78033447265625	189.6073760986328	994.1599731445312	-0.0	0.0	0.0	1	0	1	0	0
skygarden	2008	1600002	401	0	0	0	0	0	0	0	0	616.5440673828125	194.76600646972656	1023.4390258789062	0.0	269.99993896484375	0.0	0	1	0	0	0
skygarden	2008	1600019	401	0	0	0	0	0	0	0	0	617.93701171875	194.76600646972656	1023.4390258789062	0.0	269.99993896484375	0.0	0	1	0	0	0
skygarden	2008	1600020	402	0	0	0	0	0	0	0	0	581.8909912109375	190.49000549316406	910.8599853515625	0.0	180.54647827148438	0.0	0	0	0	0	0
skygarden	2009	1800014	269	0	0	0	0	0	0	0	0	572.208984375	193.12574768066406	878.7459716796875	-0.0	0.0	0.0	0	0	1	0	0
skygarden	2009	1800015	269	0	0	0	0	0	0	0	0	591.0289916992188	193.12600708007812	829.030029296875	-0.0	0.0	0.0	0	0	1	0	0
skygarden	2009	1800016	269	0	0	0	0	0	0	0	0	546.7757568359375	193.04458618164062	851.2620239257812	-0.0	0.0	0.0	0	0	1	0	0
skygarden	2009	1800017	269	0	0	0	0	0	0	0	0	591.0809936523438	193.10372924804688	840.2520141601562	-0.0	0.0	0.0	0	0	1	0	0
skygarden	2009	1800018	269	0	0	0	0	0	0	0	0	580.1640014648438	194.0745391845703	825.2249755859375	-0.0	0.0	0.0	0	0	1	0	0
skygarden	2009	1800019	269	0	0	0	0	0	0	0	0	588.1027221679688	193.1675262451172	829.2109985351562	-0.0	0.0	0.0	0	0	1	0	0
skygarden	2009	1800020	56	0	0	0	0	0	0	0	0	578.281005859375	193.65280151367188	838.698486328125	-0.0	72.36181640625	-0.0	0	0	1	0	0
skygarden	2009	1800022	62	0	0	0	0	0	0	0	0	507.3919982910156	193.5399932861328	1018.0390014648438	-0.0	0.0	0.0	1	0	1	0	0
skygarden	2011	1500004	357	0	0	0	0	0	0	0	0	499.4440612792969	189.1635284423828	974.2195434570312	0.0	87.28526306152344	0.0	1	0	0	0	0
skygarden	2011	1500005	315	0	0	0	0	0	0	0	0	479.53900146484375	187.1029052734375	955.1060180664062	0.0	0.0	0.0	1	0	0	0	0
skygarden	2011	1500006	315	0	0	0	0	0	0	0	0	479.52301025390625	186.54595947265625	955.093994140625	0.0	0.0	0.0	1	0	0	0	0
skygarden	2011	1500007	315	0	0	0	0	0	0	0	0	479.5190124511719	187.65985107421875	955.1190185546875	0.0	0.0	0.0	1	0	0	0	0
skygarden	2012	3500001	1	0	0	0	0	0	0	0	0	0.0	0.0	0.0	-0.0	0.0	0.0	0	0	0	1	0
skygarden	2012	3500002	1	0	0	0	0	0	0	0	0	309.8500061035156	289.2200012207031	313.1300048828125	-0.0	0.0	0.0	0	-1	0	0	0
skygarden	2012	3500003	56	0	0	0	0	0	0	0	0	323.7200012207031	287.2829895019531	228.3249969482422	-0.0	0.0	0.0	0	0	0	0	0
skygarden	2012	3500007	201505	0	0	0	0	0	0	0	0	244.3000030517578	113.6969985961914	139.75	-0.0	0.0	0.0	0	0	0	0	0
skygarden	2012	3500008	406	0	0	0	0	0	0	0	0	342.739990234375	218.92999267578125	186.7071075439453	0.0	270.0	0.0	0	0	0	0	0
skygarden	2012	3500009	407	0	0	0	0	0	0	0	0	342.8139953613281	218.92999267578125	187.64100646972656	-0.0	90.0	-0.0	0	0	0	0	0
skygarden	2013	3600001	1	0	0	0	0	0	0	0	0	0.0	0.0	0.0	0.0	0.0	0.0	0	0	0	0	0
skygarden	2016	3300001	406	0	0	0	0	0	0	0	0	336.0050048828125	218.92999267578125	161.82290649414062	-0.0	90.0	-0.0	0	0	0	0	0
skygarden	2016	3300002	407	0	0	0	0	0	0	0	0	335.9309997558594	218.92999267578125	161.00990295410156	0.0	270.0	0.0	0	0	0	0	0
skygarden	2016	3300003	407	0	0	0	0	0	0	0	0	333.5199890136719	218.92999267578125	161.00990295410156	0.0	269.11968994140625	0.0	0	0	0	0	0
skygarden	2017	3800002	399	0	0	0	0	0	0	0	0	344.18701171875	212.343994140625	173.0679931640625	-0.0	0.0	0.0	1	0	1	0	0
skygarden	2017	3800001	399	0	0	0	0	0	0	0	0	344.18701171875	212.343994140625	173.0679931640625	-0.0	0.0	0.0	1	0	1	0	0
skygarden	2017	3800003	331	0	0	0	0	0	0	0	0	352.5899963378906	208.77000427246094	173.0399932861328	-0.0	0.0	0.0	1	0	1	0	0
skygarden	2017	3800004	136	0	0	0	0	0	0	0	0	353.4700012207031	211.47850036621094	173.07000732421875	-0.0	0.0	0.0	0	0	0	0	0
skygarden	4002	1	22	0	0	0	0	0	0	0	0	551.947021484375	169.45199584960938	1177.342041015625	0.0	0.0	0.0	0	0	1	0	0
skygarden	4004	200001	57	0	0	0	0	0	0	0	0	567.6511840820312	168.5648956298828	1208.072998046875	0.0	168.71969604492188	0.0	0	0	0	0	0
skygarden	4004	200002	57	0	0	0	0	0	0	0	0	566.5380249023438	168.5648956298828	1206.512939453125	0.0	78.53368377685547	0.0	0	0	0	0	0
skygarden	4004	200003	57	0	0	0	0	0	0	0	0	569.351318359375	168.5648956298828	1207.0360107421875	0.0	259.7496032714844	0.0	0	0	0	0	0
skygarden	4004	200004	57	0	0	0	0	0	0	0	0	542.8800048828125	168.5648956298828	1192.1600341796875	0.0	42.570159912109375	0.0	0	0	0	0	0
skygarden	4004	200005	57	0	0	0	0	0	0	0	0	542.8200073242188	168.5648956298828	1194.219970703125	0.0	132.2530975341797	0.0	0	0	0	0	0
skygarden	4004	200006	57	0	0	0	0	0	0	0	0	544.8800048828125	168.5648956298828	1194.31005859375	0.0	223.7487030029297	0.0	0	0	0	0	0
skygarden	4004	200007	57	0	0	0	0	0	0	0	0	539.4600219726562	168.5648956298828	1187.4200439453125	0.0	35.2825813293457	0.0	0	0	0	0	0
skygarden	4004	200008	57	0	0	0	0	0	0	0	0	541.1384887695312	168.5648956298828	1189.740966796875	0.0	214.8040008544922	0.0	0	0	0	0	0
skygarden	4004	200009	96	0	0	0	0	0	0	0	0	567.6400146484375	167.02999877929688	1168.52001953125	0.0	37.27845764160156	0.0	0	0	0	0	0
skygarden	4004	200010	92	0	0	0	0	0	0	0	0	563.1400146484375	169.4720001220703	1184.1099853515625	0.0	0.0	0.0	0	0	0	0	0
skygarden	4004	200011	93	0	0	0	0	0	0	0	0	561.22802734375	169.42300415039062	1183.2900390625	0.0	307.0003967285156	0.0	0	0	0	0	0
skygarden	4004	200012	93	0	0	0	0	0	0	0	0	559.5470581054688	169.48500061035156	1184.719970703125	0.0	166.77000427246094	0.0	0	0	0	0	0
skygarden	4004	200013	92	0	0	0	0	0	0	0	0	560.02001953125	169.4250030517578	1183.5699462890625	0.0	0.0	0.0	0	0	0	0	0
skygarden	4004	200014	93	0	0	0	0	0	0	0	0	562.9719848632812	169.39599609375	1182.8489990234375	0.0	359.6700134277344	0.0	0	0	0	0	0
skygarden	4004	200015	93	0	0	0	0	0	0	0	0	559.4849853515625	169.48500061035156	1182.386962890625	0.0	352.5919189453125	0.0	0	0	0	0	0
skygarden	4004	200016	93	0	0	0	0	0	0	0	0	562.02001953125	169.48500061035156	1184.719970703125	0.0	117.56999969482422	0.0	0	0	0	0	0
skygarden	4004	200018	93	0	0	0	0	0	0	0	0	563.7269897460938	169.48500061035156	1185.2659912109375	0.0	201.39276123046875	0.0	0	0	0	0	0
skygarden	4004	200017	135	0	0	0	0	0	0	0	0	564.426025390625	170.62789916992188	1175.6590576171875	0.0	244.03106689453125	0.0	0	0	0	0	0
skygarden	4004	200019	186	0	0	0	0	0	0	0	0	559.97998046875	170.09100341796875	1183.6689453125	0.0	0.0	0.0	0	0	0	0	0
skygarden	4004	200020	186	0	0	0	0	0	0	0	0	563.1170043945312	170.1529998779297	1184.198974609375	0.0	0.0	0.0	0	0	0	0	0
skygarden	4004	200021	185	0	0	0	0	0	0	0	0	560.6300048828125	170.19700622558594	1183.4720458984375	0.0	0.0	0.0	0	0	0	0	0
skygarden	4004	200022	185	0	0	0	0	0	0	0	0	559.9039916992188	170.18800354003906	1182.91796875	359.68505859375	359.4485778808594	359.0624084472656	0	0	0	0	0
skygarden	4004	200023	185	0	0	0	0	0	0	0	0	562.43701171875	170.21800231933594	1184.196044921875	358.2797546386719	338.3857421875	359.91607666015625	0	0	0	0	0
skygarden	4004	200024	185	0	0	0	0	0	0	0	0	563.5869750976562	170.21600341796875	1184.633056640625	359.89678955078125	343.04302978515625	0.6803469657897949	0	0	0	0	0
skygarden	4006	100006	50	1	7000000	1	101	5600035	0	0	0	570.9299926757812	145.3000030517578	1361.1099853515625	0.0	260.79998779296875	0.0	1	0	1	0	1
skygarden	4006	100007	50	1	7000000	1	101	5600035	0	0	0	516.3499755859375	145.1300048828125	1379.6700439453125	-0.0	123.30835723876953	-0.0	0	0	1	0	1
skygarden	4006	100008	50	1	7000000	1	102	5600035	0	0	0	572.010009765625	169.35499572753906	1166.280029296875	-0.0	24.336549758911133	-0.0	0	0	1	0	1
skygarden	4006	100009	1	0	0	0	0	0	0	0	0	629.0	97.5999984741211	1268.0	-0.0	0.0	0.0	0	1	0	0	0
skygarden	4006	100010	52	0	0	0	0	0	0	0	0	574.5040283203125	145.2790069580078	1392.510986328125	0.0	294.6199951171875	0.0	0	0	1	0	0
skygarden	4006	100015	50	1	7000000	1	102	5600035	0	0	0	652.0	154.66700744628906	1242.2900390625	-0.0	30.825681686401367	-0.0	0	0	1	0	1
skygarden	4006	100016	50	1	7000000	1	101	5600035	0	0	0	599.6799926757812	157.7899932861328	1276.469970703125	-0.0	124.96659088134766	-0.0	0	0	1	0	1
skygarden	4006	100017	50	1	7000000	1	101	5600035	0	0	0	665.0885620117188	157.89100646972656	1328.96142578125	-0.0	32.842010498046875	-0.0	0	0	1	0	1
skygarden	4006	100018	50	1	7000000	1	101	5600035	0	0	0	511.3299865722656	143.55999755859375	1383.3299560546875	0.0	305.3407287597656	0.0	0	0	1	0	1
skygarden	4006	100019	50	1	7000000	1	102	5600035	0	0	0	661.4279174804688	159.08999633789062	1176.210205078125	-0.0	-5.12264250573935e-06	0.0	0	0	1	0	1
skygarden	4006	100020	50	1	7000000	1	102	5600035	0	0	0	677.689697265625	167.9199981689453	1160.3878173828125	0.0	260.7804260253906	0.0	0	0	1	0	1
skygarden	4006	100021	50	1	7000000	1	101	5600035	0	0	0	578.2999877929688	144.66000366210938	1333.489990234375	-0.0	35.26829528808594	-0.0	0	0	1	0	1
skygarden	4006	100022	50	1	7000000	1	102	5600035	0	0	0	623.2000122070312	161.1199951171875	1101.5699462890625	-0.0	134.86146545410156	-0.0	0	0	1	0	1
skygarden	4006	100023	50	1	7000000	1	102	5600035	0	0	0	626.7100219726562	167.54100036621094	1186.02001953125	0.0	305.39630126953125	0.0	0	0	1	0	1
skygarden	4006	100069	62	0	0	0	0	0	0	0	0	567.5800170898438	115.4000015258789	1168.5	-0.0	29.421306610107422	-0.0	0	1	1	0	0
skygarden	4006	100070	61	0	0	0	0	0	0	0	0	567.5800170898438	210.47000122070312	1168.5	-0.0	29.421306610107422	-0.0	0	0	0	0	0
skygarden	4006	100074	96	0	0	0	0	0	0	0	0	567.575927734375	167.04200744628906	1168.592041015625	-0.0	33.46001434326172	-0.0	0	1	0	0	0
skygarden	4006	100075	106	0	0	0	0	0	0	0	0	567.5800170898438	115.30999755859375	1168.5	-0.0	29.421306610107422	-0.0	0	1	0	0	0
skygarden	4006	100076	112	0	0	0	0	0	0	0	0	564.3400268554688	169.49099731445312	1175.2099609375	0.0	327.22998046875	0.0	0	1	0	0	0
skygarden	4006	100077	56	0	0	0	0	0	0	0	0	538.2979736328125	189.3512725830078	1193.046630859375	-0.0	0.0	0.0	1	1	1	0	0
skygarden	4006	100079	55	0	0	0	0	0	0	0	0	592.4228515625	189.31288146972656	1144.3306884765625	-0.0	0.0	0.0	1	1	1	0	0
skygarden	4006	100080	1	0	0	0	0	0	0	0	0	540.1842651367188	189.3423309326172	1154.9000244140625	-0.0	0.0	0.0	1	1	0	0	0
skygarden	4006	100081	1	0	0	0	0	0	0	0	0	530.4343872070312	189.3512725830078	1189.861572265625	-0.0	0.0	0.0	1	1	0	0	0
skygarden	4006	100082	1	0	0	0	0	0	0	0	0	571.4931030273438	189.31704711914062	1203.01708984375	-0.0	0.0	0.0	1	1	0	0	0
skygarden	4006	100083	1	0	0	0	0	0	0	0	0	599.10498046875	189.31288146972656	1134.2686767578125	-0.0	0.0	0.0	1	1	1	0	0
skygarden	4006	100084	56	0	0	0	0	0	0	0	0	545.0700073242188	169.27000427246094	1193.8800048828125	-0.0	0.0	0.0	1	1	1	0	0
skygarden	4006	100085	54	0	0	0	0	0	0	0	0	546.3300170898438	189.6699981689453	1197.1099853515625	-0.0	151.25645446777344	-0.0	1	1	1	0	0
skygarden	4006	100086	55	0	0	0	0	0	0	0	0	575.1156005859375	189.99961853027344	1115.50390625	-0.0	0.0	0.0	1	1	1	0	0
skygarden	4006	100087	1	0	0	0	0	0	0	0	0	537.530029296875	189.3423309326172	1163.070068359375	-0.0	0.0	0.0	1	1	1	0	0
skygarden	4006	100088	1	0	0	0	0	0	0	0	0	554.1599731445312	189.31544494628906	1196.0999755859375	-0.0	0.0	0.0	1	1	0	0	0
skygarden	4006	100089	1	0	0	0	0	0	0	0	0	599.0589599609375	190.4929962158203	1202.2021484375	-0.0	0.0	0.0	1	1	0	0	0
skygarden	4006	100122	116	0	0	0	0	0	1	0	0	560.5599975585938	143.6300048828125	1342.93994140625	-0.0	34.764808654785156	-0.0	0	0	1	0	0
skygarden	4006	100047	116	0	0	0	0	0	1	1	0	649.030029296875	158.8509979248047	1184.530029296875	-0.0	86.59056854248047	-0.0	0	0	1	0	0
skygarden	4006	100121	116	0	0	0	0	0	1	1	0	592.5	150.8300018310547	1297.010009765625	0.0	310.0958251953125	0.0	0	0	1	0	0
skygarden	4006	100065	55	0	0	0	0	0	0	0	0	576.2139892578125	190.2864990234375	1207.489990234375	-0.0	0.0	0.0	1	1	1	0	0
skygarden	4006	100066	52	0	0	0	0	0	0	0	0	618.8770141601562	162.71600341796875	1253.571044921875	0.0	306.14666748046875	0.0	0	0	1	0	0
skygarden	4006	100067	52	0	0	0	0	0	0	0	0	621.02099609375	193.94000244140625	1249.489990234375	0.0	342.80621337890625	0.0	0	0	1	0	0
skygarden	4006	100068	52	0	0	0	0	0	0	0	0	656.0360107421875	154.4499969482422	1260.72705078125	0.0	185.91159057617188	0.0	0	0	1	0	0
skygarden	4006	100123	52	0	0	0	0	0	0	0	0	658.7470092773438	158.15110778808594	1295.5150146484375	0.0	337.20867919921875	0.0	0	0	1	0	0
skygarden	4006	100003	50	1	7000000	1	103	5600035	0	0	0	620.0969848632812	189.94000244140625	1188.3680419921875	0.0	327.015869140625	0.0	0	0	1	0	1
skygarden	4006	100078	50	1	7000000	1	103	5600035	0	0	0	572.3309936523438	190.75999450683594	1173.553955078125	0.0	224.56607055664062	0.0	0	0	1	0	1
skygarden	4006	100125	50	1	7000000	1	103	5600035	0	0	0	650.1209716796875	187.80799865722656	1121.9019775390625	-0.0	121.47113037109375	-0.0	0	0	1	0	1
skygarden	4006	100126	50	1	7000000	1	103	5600035	0	0	0	631.9000244140625	191.61000061035156	1211.8599853515625	-0.0	64.28205871582031	-0.0	0	0	1	0	1
skygarden	4006	100127	50	1	7000000	1	103	5600035	0	0	0	697.1300048828125	192.65499877929688	1209.14599609375	-0.0	47.72481155395508	-0.0	0	0	1	0	1
skygarden	4006	100130	1	0	0	0	0	0	0	0	0	0.0	0.0	0.0	-0.0	0.0	0.0	0	1	0	0	0
skygarden	4006	100186	115	0	0	0	0	0	0	0	0	613.6900024414062	192.4199981689453	1248.4599609375	-0.0	71.23999786376953	-0.0	0	1	0	0	0
skygarden	4006	100140	269	0	0	0	0	0	0	0	0	632.8189697265625	157.87600708007812	1322.4659423828125	-0.0	39.999996185302734	-0.0	0	1	1	0	0
skygarden	4006	100141	1	0	0	0	0	0	0	0	0	551.1500244140625	143.9600067138672	1355.3900146484375	-0.0	0.0	0.0	0	1	1	0	0
skygarden	4006	100146	126	0	0	0	0	0	0	0	0	620.3099975585938	161.07000732421875	1098.780029296875	0.0	309.4599914550781	0.0	0	1	0	0	0
skygarden	4006	100148	127	0	0	0	0	0	0	0	0	620.280029296875	161.11000061035156	1098.75	0.0	323.7299499511719	0.0	0	1	0	0	0
skygarden	4006	100149	1	0	0	0	0	0	0	0	0	516.682373046875	144.59262084960938	1337.992431640625	-0.0	0.0	0.0	0	1	0	0	0
skygarden	4006	100153	128	0	0	0	0	0	0	0	0	591.5499877929688	189.4199981689453	1175.1800537109375	-0.0	74.47248077392578	-0.0	1	1	0	0	0
skygarden	4006	100155	129	0	0	0	0	0	0	0	0	578.64599609375	189.4199981689453	1188.1700439453125	-0.0	29.472501754760742	-0.0	1	1	0	0	0
skygarden	4006	100156	130	0	0	0	0	0	0	0	0	561.4320068359375	189.3800048828125	1190.5250244140625	0.0	344.99298095703125	0.0	1	1	0	0	0
skygarden	4006	100157	131	0	0	0	0	0	0	0	0	545.8200073242188	189.44000244140625	1162.3699951171875	0.0	254.37940979003906	0.0	1	1	0	0	0
skygarden	4006	100158	132	0	0	0	0	0	0	0	0	556.489990234375	189.44000244140625	1148.7430419921875	0.0	209.38133239746094	0.0	1	1	0	0	0
skygarden	4006	100159	133	0	0	0	0	0	0	0	0	574.3410034179688	189.41099548339844	1144.510986328125	-0.0	165.21559143066406	-0.0	1	1	0	0	0
skygarden	4006	100160	269	0	0	0	0	0	0	0	0	588.3670043945312	192.1497344970703	1217.52099609375	-0.0	0.0	0.0	0	1	1	0	0
skygarden	4006	100161	269	0	0	0	0	0	0	0	0	573.5449829101562	190.16339111328125	1141.8570556640625	-0.0	0.0	0.0	1	1	1	0	0
skygarden	4006	100162	269	0	0	0	0	0	0	0	0	556.6828002929688	190.80299377441406	1146.232177734375	-0.0	0.0	0.0	1	1	1	0	0
skygarden	4006	100163	269	0	0	0	0	0	0	0	0	543.364013671875	190.33799743652344	1162.0699462890625	-0.0	0.0	0.0	1	1	1	0	0
skygarden	4006	100164	269	0	0	0	0	0	0	0	0	535.9710083007812	190.9770050048828	1138.2869873046875	-0.0	0.0	0.0	0	1	1	0	0
skygarden	4006	100165	269	0	0	0	0	0	0	0	0	576.3839721679688	190.7779998779297	1117.802978515625	-0.0	0.0	0.0	0	1	1	0	0
skygarden	4006	100166	269	0	0	0	0	0	0	0	0	559.2494506835938	189.87962341308594	1191.8179931640625	-0.0	0.0	0.0	1	1	1	0	0
skygarden	4006	100167	269	0	0	0	0	0	0	0	0	581.4520263671875	190.14500427246094	1188.7760009765625	-0.0	0.0	0.0	1	1	1	0	0
skygarden	4006	100168	269	0	0	0	0	0	0	0	0	593.010986328125	189.78700256347656	1177.7969970703125	-0.0	0.0	0.0	1	1	1	0	0
skygarden	4006	100169	56	0	0	0	0	0	0	0	0	545.4920043945312	190.53997802734375	1164.31005859375	-0.0	0.0	0.0	1	1	1	0	0
skygarden	4006	100170	269	0	0	0	0	0	0	0	0	541.2940063476562	191.10400390625	1131.884033203125	-0.0	0.0	0.0	1	1	1	0	0
skygarden	4006	100171	55	0	0	0	0	0	0	0	0	587.52001953125	190.972412109375	1210.093994140625	-0.0	0.0	0.0	1	1	1	0	0
skygarden	4006	100172	56	0	0	0	0	0	0	0	0	617.3751831054688	190.7656707763672	1194.5570068359375	-0.0	0.0	0.0	1	1	1	0	0
skygarden	4006	100173	269	0	0	0	0	0	0	0	0	569.9500122070312	191.6199951171875	1172.89599609375	-0.0	0.0	0.0	0	1	1	0	0
skygarden	4006	100135	269	0	0	0	0	0	0	0	0	559.5869750976562	190.97967529296875	1156.0660400390625	-0.0	0.0	0.0	0	1	1	0	0
skygarden	4006	100174	269	0	0	0	0	0	0	0	0	592.1580200195312	190.9174041748047	1149.5150146484375	-0.0	0.0	0.0	0	1	1	0	0
skygarden	4006	100175	269	0	0	0	0	0	0	0	0	653.695068359375	188.26083374023438	1120.783203125	-0.0	0.0	0.0	0	1	1	0	0
skygarden	4006	100178	269	0	0	0	0	0	0	0	0	659.9199829101562	195.2924041748047	1266.968994140625	-0.0	0.0	0.0	0	1	1	0	0
skygarden	4006	100180	269	0	0	0	0	0	0	0	0	669.02099609375	193.6999969482422	1171.6259765625	-0.0	0.0	0.0	0	1	1	0	0
skygarden	4006	100181	269	0	0	0	0	0	0	0	0	534.114990234375	190.8699951171875	1150.987060546875	-0.0	0.0	0.0	0	1	1	0	0
skygarden	4006	100182	56	0	0	0	0	0	0	0	0	528.2780151367188	190.1959991455078	1163.1180419921875	-0.0	0.0	0.0	0	1	1	0	0
skygarden	4006	100183	55	0	0	0	0	0	0	0	0	554.9584350585938	190.27000427246094	1168.4666748046875	-0.0	0.0	0.0	0	1	1	0	0
skygarden	4006	100184	138	0	0	0	0	0	0	0	0	675.85302734375	193.6580047607422	1192.4859619140625	-0.0	0.0	0.0	0	1	1	0	0
skygarden	4006	100185	138	0	0	0	0	0	0	0	0	636.1900024414062	192.73800659179688	1244.1199951171875	-0.0	0.0	0.0	0	1	1	0	0
skygarden	4006	100187	269	0	0	0	0	0	0	0	0	703.2050170898438	193.73899841308594	1206.5679931640625	-0.0	0.0	0.0	0	1	1	0	0
skygarden	4006	100188	137	0	0	0	0	0	0	0	0	567.8883056640625	190.972412109375	1116.7550048828125	-0.0	0.0	0.0	1	1	1	0	0
skygarden	4006	100189	269	0	0	0	0	0	0	0	0	641.1890258789062	158.79014587402344	1293.5479736328125	-0.0	0.0	0.0	0	1	1	0	0
skygarden	4006	100190	269	0	0	0	0	0	0	0	0	603.468017578125	159.6909942626953	1270.1739501953125	-0.0	0.0	0.0	0	1	1	0	0
skygarden	4006	100191	269	0	0	0	0	0	0	0	0	632.3159790039062	158.2763671875	1304.302001953125	-0.0	0.0	0.0	0	1	1	0	0
skygarden	4006	100192	269	0	0	0	0	0	0	0	0	607.7249755859375	148.3495330810547	1385.558349609375	-0.0	0.0	0.0	0	1	1	0	0
skygarden	4006	100193	269	0	0	0	0	0	0	0	0	514.3460083007812	146.75999450683594	1378.773193359375	-0.0	0.0	0.0	0	1	1	0	0
skygarden	4006	100194	269	0	0	0	0	0	0	0	0	601.958984375	159.21664428710938	1281.800048828125	-0.0	0.0	0.0	0	1	1	0	0
skygarden	4006	100195	269	0	0	0	0	0	0	0	0	573.8599853515625	157.20700073242188	1276.5550537109375	-0.0	0.0	0.0	0	1	1	0	0
skygarden	4006	100196	138	0	0	0	0	0	0	0	0	535.166015625	146.9667510986328	1316.4510498046875	-0.0	0.0	0.0	0	1	1	0	0
skygarden	4006	100197	56	0	0	0	0	0	0	0	0	549.7899780273438	143.67100524902344	1347.3800048828125	-0.0	0.0	0.0	0	1	1	0	0
skygarden	4006	100198	55	0	0	0	0	0	0	0	0	602.934326171875	146.625	1364.713623046875	-0.0	0.0	0.0	0	1	1	0	0
skygarden	4006	100199	184	0	0	0	0	0	0	0	0	513.0900268554688	145.16561889648438	1363.1300048828125	-0.0	34.29998779296875	-0.0	0	1	0	0	0
skygarden	4006	100200	55	0	0	0	0	0	0	0	0	580.155029296875	147.48899841308594	1395.97900390625	90.0	37.39999008178711	0.0	0	1	1	0	0
skygarden	4006	100201	184	0	0	0	0	0	0	0	0	628.8900146484375	157.4320068359375	1315.4200439453125	-0.0	34.59999084472656	-0.0	0	1	0	0	0
skygarden	4006	100038	3	0	0	0	0	0	0	0	0	598.4860229492188	151.13600158691406	1292.821044921875	-0.0	0.0	0.0	1	1	1	0	0
skygarden	4006	100039	3	0	0	0	0	0	0	0	0	672.5609741210938	193.83799743652344	1264.6099853515625	-0.0	0.0	0.0	1	1	1	0	0
skygarden	4006	100040	3	0	0	0	0	0	0	0	0	654.219970703125	160.6042938232422	1111.2359619140625	-0.0	0.0	0.0	1	1	1	0	0
skygarden	4006	100041	3	0	0	0	0	0	0	0	0	681.1799926757812	160.7949981689453	1127.5589599609375	-0.0	0.0	0.0	1	1	1	0	0
skygarden	4006	100025	126	0	0	0	0	0	0	0	0	636.7154541015625	193.89588928222656	1285.709716796875	-0.0	0.0	0.0	0	1	0	0	0
skygarden	4006	100026	127	0	0	0	0	0	0	0	0	636.6699829101562	194.11199951171875	1285.68896484375	0.0	236.29763793945312	0.0	0	1	0	0	0
skygarden	4006	100027	116	0	0	0	0	0	1	1	0	535.6500244140625	168.4600067138672	1184.3399658203125	0.0	296.1395263671875	0.0	0	0	1	0	0
skygarden	4006	100028	116	0	0	0	0	0	1	1	0	661.0050048828125	160.5077667236328	1128.7080078125	0.0	286.53643798828125	0.0	0	0	1	0	0
skygarden	4006	100029	116	0	0	0	0	0	1	1	0	667.8699951171875	192.28001403808594	1201.37353515625	0.0	265.32769775390625	0.0	0	0	1	0	0
skygarden	4006	100030	116	0	0	0	0	0	1	1	0	601.219970703125	189.33816528320312	1189.5899658203125	0.0	229.66871643066406	0.0	0	0	1	0	0
skygarden	4006	100001	50	1	7000000	1	102	5600035	0	0	0	669.6890258789062	160.69000244140625	1155.4200439453125	-0.0	122.75389862060547	-0.0	0	0	1	0	1
skygarden	4006	100002	50	1	7000000	1	103	5600035	0	0	0	652.9199829101562	193.86599731445312	1293.4100341796875	0.0	202.0479736328125	0.0	0	0	1	0	1
skygarden	4006	100014	111	0	0	0	0	0	0	0	0	668.1900024414062	157.30001831054688	1207.0	-0.0	174.8266143798828	-0.0	1	1	0	0	0
skygarden	4006	100031	111	0	0	0	0	0	0	0	0	664.2000122070312	159.38002014160156	1206.5599365234375	-0.0	174.8266143798828	-0.0	1	1	0	0	0
skygarden	4006	100032	111	0	0	0	0	0	0	0	0	664.0	161.46002197265625	1208.639892578125	-0.0	174.8266143798828	-0.0	1	1	0	0	0
skygarden	4006	100033	111	0	0	0	0	0	0	0	0	665.27001953125	163.54000854492188	1205.72998046875	-0.0	84.20368957519531	-0.0	1	1	0	0	0
skygarden	4006	100043	158	0	0	0	0	0	0	0	0	602.0999755859375	189.9986572265625	1205.9100341796875	0.0	351.6557312011719	0.0	0	1	1	0	0
skygarden	4006	100044	159	0	0	0	0	0	0	0	0	602.0617065429688	190.88238525390625	1205.9100341796875	-0.0	0.0	0.0	1	1	0	0	0
skygarden	4006	100045	127	0	0	0	0	0	0	0	0	602.1229858398438	190.70700073242188	1205.7469482421875	-0.0	0.0	0.0	1	1	0	0	0
skygarden	4006	100046	156	0	0	0	0	0	0	0	0	602.0116577148438	190.86888122558594	1205.9853515625	-0.0	0.0	0.0	1	1	0	0	0
skygarden	4006	100048	143	0	0	0	0	0	0	0	0	629.8300170898438	192.99591064453125	1276.699951171875	-0.0	0.0	0.0	0	1	1	0	0
skygarden	4006	100049	143	0	0	0	0	0	0	0	0	576.5872192382812	155.9568328857422	1275.98583984375	-0.0	0.0	0.0	0	1	1	0	0
skygarden	4006	100011	269	0	0	0	0	0	0	0	0	629.0700073242188	159.05499267578125	1315.675048828125	-0.0	0.0	0.0	0	1	1	0	0
skygarden	4006	100012	269	0	0	0	0	0	0	0	0	513.1849975585938	146.61700439453125	1363.3570556640625	303.4989318847656	9.497638702392578	180.0	0	1	1	0	0
skygarden	4006	100013	269	0	0	0	0	0	0	0	0	0.0	0.0	0.0	-0.0	0.0	0.0	0	0	0	0	0
skygarden	4006	100024	269	0	0	0	0	0	0	0	0	535.155029296875	147.05299377441406	1316.4310302734375	-0.0	0.0	0.0	0	1	0	0	0
skygarden	4006	100034	269	0	0	0	0	0	0	0	0	549.6685180664062	143.73399353027344	1347.396240234375	-0.0	0.0	0.0	0	1	0	0	0
skygarden	4006	100035	269	0	0	0	0	0	0	0	0	602.8600463867188	146.71099853515625	1364.8065185546875	-0.0	0.0	0.0	0	1	0	0	0
skygarden	4006	100036	269	0	0	0	0	0	0	0	0	580.2369995117188	147.61399841308594	1396.155029296875	-0.0	0.0	0.0	0	1	0	0	0
skygarden	4006	100004	1	0	0	0	0	0	0	0	0	533.0792846679688	168.5433349609375	1153.30712890625	-0.0	0.0	0.0	0	0	0	1	0
skygarden	4006	100005	1	0	0	0	0	0	0	0	0	581.75	169.72000122070312	1195.969970703125	-0.0	0.0	0.0	0	0	0	1	0
skygarden	4006	100037	1	0	0	0	0	0	0	0	0	567.1900024414062	168.0500030517578	1110.4200439453125	-0.0	0.0	0.0	0	0	0	1	0
skygarden	4006	100042	1	0	0	0	0	0	0	0	0	625.0499877929688	168.3699951171875	1183.6600341796875	-0.0	0.0	0.0	0	0	0	1	0
skygarden	4006	100050	1	0	0	0	0	0	0	0	0	556.3643188476562	145.50906372070312	1394.491943359375	-0.0	0.0	0.0	0	0	0	1	0
skygarden	4006	100051	1	0	0	0	0	0	0	0	0	516.0800170898438	146.05999755859375	1379.9599609375	-0.0	0.0	0.0	0	0	0	1	0
skygarden	4006	100052	1	0	0	0	0	0	0	0	0	641.8670043945312	158.83126831054688	1292.91015625	-0.0	0.0	0.0	0	0	0	1	0
skygarden	4006	100053	1	0	0	0	0	0	0	0	0	660.8599853515625	157.64999389648438	1326.47998046875	-0.0	0.0	0.0	0	0	0	1	0
skygarden	4006	100054	1	0	0	0	0	0	0	0	0	628.3400268554688	192.4199981689453	1272.02001953125	-0.0	0.0	0.0	0	0	0	1	0
skygarden	4006	100055	1	0	0	0	0	0	0	0	0	614.3547973632812	196.1999969482422	1189.3271484375	-0.0	0.0	0.0	0	0	0	1	0
skygarden	4006	100056	1	0	0	0	0	0	0	0	0	573.22998046875	196.1999969482422	1118.3900146484375	-0.0	0.0	0.0	0	0	0	1	0
skygarden	4006	100057	1	0	0	0	0	0	0	0	0	667.5650024414062	156.02000427246094	1156.8909912109375	-0.0	0.0	0.0	0	0	0	1	0
skygarden	4006	100058	1	0	0	0	0	0	0	0	0	654.1699829101562	158.3699951171875	1207.719970703125	-0.0	0.0	0.0	0	0	0	1	0
skygarden	4006	100059	1	0	0	0	0	0	0	0	0	581.75	169.72000122070312	1195.969970703125	-0.0	0.0	0.0	0	0	0	1	0
skygarden	4006	100060	1	0	0	0	0	0	0	0	0	595.1300048828125	145.50906372070312	1400.9300537109375	-0.0	0.0	0.0	0	0	0	1	0
skygarden	4006	100061	1	0	0	0	0	0	0	0	0	600.9600219726562	145.50906372070312	1375.0899658203125	-0.0	0.0	0.0	0	0	0	1	0
skygarden	4006	100062	1	0	0	0	0	0	0	0	0	515.77001953125	144.86000061035156	1336.469970703125	-0.0	0.0	0.0	0	0	0	1	0
skygarden	4006	100063	1	0	0	0	0	0	0	0	0	656.6500244140625	160.50999450683594	1118.1800537109375	-0.0	0.0	0.0	0	0	0	1	0
skygarden	4006	100064	1	0	0	0	0	0	0	0	0	656.6500244140625	160.50999450683594	1118.1800537109375	-0.0	0.0	0.0	0	0	0	1	0
skygarden	4006	100071	52	0	0	0	0	0	0	0	0	569.27001953125	192.27699279785156	1073.1199951171875	-0.0	27.235837936401367	-0.0	0	0	1	0	0
skygarden	4006	100072	383	0	0	0	0	0	0	0	0	567.0	190.964111328125	1061.8499755859375	-0.0	128.1841583251953	-0.0	0	1	0	0	0
skygarden	4006	100073	384	0	0	0	0	0	0	0	0	567.64599609375	185.7989959716797	1079.9110107421875	-0.0	0.0	0.0	0	1	0	0	0
skygarden	4006	100090	357	0	0	0	0	0	0	0	0	576.4520263671875	190.964111328125	1061.35595703125	-0.0	29.444320678710938	-0.0	0	1	0	0	0
skygarden	4006	100091	357	0	0	0	0	0	0	0	0	574.7160034179688	190.964111328125	1062.29296875	-0.0	29.444005966186523	-0.0	0	0	0	1	0
skygarden	4007	300001	51	0	0	0	0	0	0	0	0	604.6961059570312	189.28700256347656	1170.7509765625	0.0	0.0	0.0	0	0	0	0	0
skygarden	4010	800001	3	0	0	0	0	0	0	0	0	679.8800048828125	193.69700622558594	1198.2099609375	0.0	0.0	0.0	0	1	1	0	0
skygarden	4010	800002	56	0	0	0	0	0	0	0	0	560.77001953125	170.62899780273438	1164.47998046875	0.0	0.0	0.0	0	1	1	0	0
skygarden	4010	800003	138	0	0	0	0	0	0	0	0	574.635009765625	169.27099609375	1191.839111328125	0.0	0.0	0.0	0	1	1	0	0
skygarden	4010	800004	55	0	0	0	0	0	0	0	0	545.1939697265625	169.2760009765625	1193.7430419921875	0.0	0.0	0.0	0	1	1	0	0
skygarden	4010	800005	55	0	0	0	0	0	0	0	0	677.3209838867188	161.85992431640625	1140.012939453125	0.0	0.0	0.0	0	1	1	0	0
skygarden	4010	800006	137	0	0	0	0	0	0	0	0	677.9169921875	161.52149963378906	1165.9969482421875	0.0	0.0	0.0	0	1	1	0	0
skygarden	4010	800007	269	0	0	0	0	0	0	0	0	664.228759765625	168.9568634033203	1162.662109375	0.0	0.0	0.0	0	1	1	0	0
skygarden	4010	800008	55	0	0	0	0	0	0	0	0	687.3820190429688	158.05999755859375	1208.2734375	0.0	0.0	0.0	0	1	1	0	0
skygarden	4010	800009	138	0	0	0	0	0	0	0	0	665.2579956054688	159.81199645996094	1188.4119873046875	0.0	0.0	0.0	0	1	1	0	0
skygarden	4010	800010	3	0	0	0	0	0	0	0	0	674.1090087890625	161.85987854003906	1145.1219482421875	0.0	0.0	0.0	0	1	1	0	0
skygarden	4010	800012	3	0	0	0	0	0	0	0	0	560.0430297851562	170.30999755859375	1167.4090576171875	0.0	0.0	0.0	0	1	1	0	0
skygarden	4010	800013	3	0	0	0	0	0	0	0	0	676.7540283203125	169.04049682617188	1131.7327880859375	0.0	0.0	0.0	0	1	1	0	0
skygarden	4010	800015	269	0	0	0	0	0	0	0	0	650.510009765625	162.40460205078125	1165.530029296875	0.0	0.0	0.0	0	1	1	0	0
skygarden	4010	800014	57	0	0	0	0	0	0	0	0	531.1950073242188	146.02188110351562	1314.9119873046875	0.0	305.0	0.0	0	1	0	0	0
skygarden	4010	800028	233	0	0	0	0	0	0	0	0	567.2869873046875	170.25100708007812	1175.4139404296875	0.0	268.1309814453125	0.0	0	1	0	0	0
skygarden	4010	800029	269	0	0	0	0	0	0	0	0	537.8569946289062	170.14334106445312	1133.85400390625	0.0	0.0	0.0	0	1	1	0	0
skygarden	4010	800030	269	0	0	0	0	0	0	0	0	533.0449829101562	169.84738159179688	1176.749755859375	0.0	0.0	0.0	0	1	1	0	0
skygarden	4010	800031	269	0	0	0	0	0	0	0	0	568.176025390625	170.7310028076172	1171.8590087890625	0.0	0.0	0.0	0	1	1	0	0
skygarden	4010	800032	269	0	0	0	0	0	0	0	0	661.6959838867188	161.8040008544922	1160.989990234375	0.0	0.0	0.0	0	1	1	0	0
skygarden	4010	800033	269	0	0	0	0	0	0	0	0	610.1179809570312	169.27499389648438	1126.031982421875	0.0	0.0	0.0	0	1	1	0	0
skygarden	4010	800034	269	0	0	0	0	0	0	0	0	658.9815673828125	161.76170349121094	1124.3570556640625	0.0	0.0	0.0	0	1	1	0	0
skygarden	4010	800035	269	0	0	0	0	0	0	0	0	647.969970703125	160.66116333007812	1180.23193359375	0.0	0.0	0.0	0	1	1	0	0
skygarden	4010	800036	269	0	0	0	0	0	0	0	0	683.3400268554688	157.72476196289062	1210.6600341796875	0.0	0.0	0.0	0	1	1	0	0
skygarden	4010	800016	269	0	0	0	0	0	0	0	0	657.36376953125	156.87767028808594	1238.2462158203125	0.0	0.0	0.0	0	1	0	0	0
skygarden	4010	800037	269	0	0	0	0	0	0	0	0	631.6270141601562	161.806640625	1082.4329833984375	0.0	0.0	0.0	0	1	1	0	0
skygarden	4010	800038	269	0	0	0	0	0	0	0	0	618.8829956054688	161.90919494628906	1095.5789794921875	0.0	0.0	0.0	0	1	1	0	0
skygarden	4010	800039	269	0	0	0	0	0	0	0	0	511.92742919921875	169.28282165527344	1159.12060546875	0.0	0.0	0.0	0	1	1	0	0
skygarden	4010	800040	269	0	0	0	0	0	0	0	0	623.9500122070312	168.4199981689453	1164.3499755859375	0.0	0.0	0.0	0	1	1	0	0
skygarden	4010	800041	269	0	0	0	0	0	0	0	0	689.2550048828125	156.64300537109375	1230.987060546875	0.0	0.0	0.0	0	1	1	0	0
skygarden	4010	800042	185	0	0	0	0	0	0	0	0	560.5079956054688	170.61199951171875	1171.7989501953125	0.0	0.0	0.0	0	1	0	0	0
skygarden	4010	800043	185	0	0	0	0	0	0	0	0	560.2940063476562	170.61199951171875	1171.508056640625	0.0	0.0	0.0	0	1	0	0	0
skygarden	4010	800044	57	0	0	0	0	0	0	0	0	569.677001953125	168.54331970214844	1207.14404296875	0.0	259.5	0.0	0	1	0	0	0
skygarden	4010	800045	57	0	0	0	0	0	0	0	0	566.1160278320312	168.5433349609375	1206.386962890625	0.0	79.0	0.0	0	1	0	0	0
skygarden	4010	800018	1	0	0	0	0	0	0	0	0	509.56500244140625	192.3699951171875	1196.9000244140625	0.0	0.0	0.0	0	1	1	0	0
skygarden	4010	800019	1	0	0	0	0	0	0	0	0	513.2899780273438	192.39999389648438	1203.530029296875	0.0	0.0	0.0	0	1	1	0	0
skygarden	4010	800020	1	0	0	0	0	0	0	0	0	621.77001953125	161.6199951171875	1083.4300537109375	0.0	0.0	0.0	0	1	1	0	0
skygarden	4010	800021	269	0	0	0	0	0	0	0	0	617.8300170898438	188.60000610351562	1140.3900146484375	0.0	0.0	0.0	0	1	1	0	0
skygarden	4010	800022	269	0	0	0	0	0	0	0	0	657.1699829101562	155.89999389648438	1238.9300537109375	0.0	0.0	0.0	0	1	1	0	0
skygarden	4010	800023	245	0	0	0	0	0	0	0	0	670.1320190429688	161.85983276367188	1151.0999755859375	0.0	200.63002014160156	0.0	0	1	0	0	0
skygarden	4010	800024	246	0	0	0	0	0	0	0	0	670.5130004882812	161.85983276367188	1150.56201171875	0.0	60.000003814697266	0.0	0	1	0	0	0
skygarden	4010	800025	247	0	0	0	0	0	0	0	0	671.677978515625	161.85984802246094	1148.7779541015625	0.0	0.0	0.0	0	1	0	0	0
skygarden	4010	800026	246	0	0	0	0	0	0	0	0	673.166015625	161.8459930419922	1146.404052734375	0.0	228.29998779296875	0.0	0	1	0	0	0
skygarden	4010	800027	245	0	0	0	0	0	0	0	0	668.5029907226562	161.83900451660156	1153.81005859375	0.0	0.0	0.0	0	1	0	0	0
skygarden	4010	800046	248	0	0	0	0	0	0	0	0	667.5955810546875	161.85983276367188	1155.22021484375	0.0	0.0	0.0	0	1	0	0	0
skygarden	4010	800047	249	0	0	0	0	0	0	0	0	672.4290161132812	161.8509979248047	1157.2120361328125	0.0	0.0	0.0	0	1	0	0	0
skygarden	4010	800048	191	0	0	0	0	0	0	0	0	671.9500122070312	161.85983276367188	1157.2220458984375	0.0	0.0	0.0	0	1	0	0	0
skygarden	4010	800049	247	0	0	0	0	0	0	0	0	669.3941650390625	161.85983276367188	1152.3828125	0.0	0.0	0.0	0	1	0	0	0
skygarden	4010	800050	248	0	0	0	0	0	0	0	0	676.6058349609375	161.86000061035156	1140.982666015625	0.0	0.0	0.0	0	1	0	0	0
skygarden	4010	800051	246	0	0	0	0	0	0	0	0	676.9292602539062	161.85997009277344	1140.5780029296875	0.0	0.0	0.0	0	1	0	0	0
skygarden	4010	800052	268	0	0	0	0	0	0	0	0	656.260986328125	154.86300659179688	1244.0269775390625	0.0	0.0	90.0	0	1	0	0	0
skygarden	4034	1100002	52	0	0	0	0	0	0	0	0	271.07000732421875	225.8459930419922	909.6099853515625	0.0	90.0	0.0	1	0	1	0	0
skygarden	4034	1100003	323	0	0	0	0	0	0	0	0	220.81700134277344	233.72900390625	903.573974609375	0.0	317.6805114746094	0.0	0	1	0	0	0
skygarden	4034	1100010	311	0	0	0	0	0	0	0	0	219.0240020751953	233.74200439453125	910.9099731445312	0.0	0.0	0.0	0	1	0	0	0
skygarden	4034	1100017	335	0	0	0	0	0	0	0	0	220.8000030517578	232.85000610351562	910.9199829101562	0.0	0.0	0.0	0	1	0	0	0
skygarden	4034	1100018	336	0	0	0	0	0	0	0	0	215.77999877929688	235.17999267578125	919.0499877929688	0.0	0.0	0.0	0	1	0	0	0
skygarden	4034	1100019	339	0	0	0	0	0	0	0	0	215.77999877929688	235.17999267578125	902.8699951171875	0.0	0.0	0.0	0	1	0	0	0
skygarden	4034	1100001	344	0	0	0	0	0	0	0	0	254.36000061035156	240.27999877929688	912.7999877929688	0.0	0.0	0.0	1	0	0	0	0
skygarden	4034	1100004	342	0	0	0	0	0	0	0	0	295.3869934082031	233.3679962158203	922.56298828125	0.0	210.0	0.0	0	1	0	0	0
skygarden	4034	1100005	1	0	0	0	0	0	0	0	0	294.7829895019531	233.70689392089844	922.4000244140625	0.0	0.0	0.0	0	1	1	0	0
skygarden	4034	1100006	342	0	0	0	0	0	0	0	0	295.40301513671875	224.21400451660156	899.2630004882812	0.0	330.0	0.0	0	1	1	0	0
skygarden	4034	1100007	351	0	0	0	0	0	0	0	0	295.2200012207031	224.50999450683594	899.52001953125	0.0	290.8273010253906	0.0	1	1	0	0	0
skygarden	4034	1100008	1	0	0	0	0	0	0	0	0	295.40301513671875	224.39999389648438	899.2630004882812	0.0	0.0	0.0	0	1	0	0	0
skygarden	4034	1100009	1	0	0	0	0	0	0	0	0	295.40301513671875	234.39999389648438	899.2630004882812	0.0	0.0	0.0	0	1	0	0	0
skygarden	4034	1100011	315	0	0	0	0	0	0	0	0	242.75	234.99400329589844	902.5599975585938	0.0	0.0	0.0	0	1	0	0	0
skygarden	4034	1100012	316	0	0	0	0	0	0	0	0	241.27200317382812	234.99000549316406	902.5369873046875	0.0	0.0	0.0	0	1	0	0	0
skygarden	4034	1100013	317	0	0	0	0	0	0	0	0	243.23699951171875	233.56500244140625	902.6099853515625	0.0	0.0	0.0	0	1	0	0	0
skygarden	4034	1100014	317	0	0	0	0	0	0	0	0	241.24600219726562	233.56500244140625	902.6099853515625	0.0	0.0	0.0	0	1	0	0	0
skygarden	4034	1100015	317	0	0	0	0	0	0	0	0	241.24600219726562	233.56500244140625	902.6099853515625	0.0	0.0	0.0	0	1	0	0	0
skygarden	4034	1100016	317	0	0	0	0	0	0	0	0	235.98599243164062	233.56500244140625	927.947998046875	0.0	90.0	0.0	0	1	0	0	0
skygarden	4034	1100020	320	0	0	0	0	0	0	0	0	235.6999969482422	233.7207794189453	930.7050170898438	0.0	0.0	0.0	0	1	0	0	0
skygarden	4034	1100021	319	0	0	0	0	0	0	0	0	235.875	233.7941436767578	925.7739868164062	0.0	0.0	0.0	0	1	0	0	0
skygarden	4034	1100022	319	0	0	0	0	0	0	0	0	235.3663787841797	233.7207794189453	926.723388671875	0.0	0.0	0.0	0	1	0	0	0
skygarden	4034	1100023	315	0	0	0	0	0	0	0	0	235.94000244140625	235.03712463378906	927.6699829101562	0.0	0.0	0.0	0	1	0	0	0
skygarden	4034	1100024	315	0	0	0	0	0	0	0	0	235.94000244140625	235.03712463378906	928.4600219726562	0.0	0.0	0.0	0	1	0	0	0
skygarden	4034	1100025	320	0	0	0	0	0	0	0	0	235.8800048828125	235.15887451171875	930.7540283203125	0.0	0.0	0.0	0	1	0	0	0
skygarden	4034	1100026	317	0	0	0	0	0	0	0	0	237.41000366210938	233.57200622558594	928.1099853515625	0.0	90.0	0.0	0	1	0	0	0
skygarden	4034	1100027	317	0	0	0	0	0	0	0	0	237.3800048828125	233.57699584960938	930.2000122070312	0.0	90.0	0.0	0	1	0	0	0
skygarden	4034	1100028	316	0	0	0	0	0	0	0	0	237.4510040283203	235.03900146484375	928.6619873046875	0.0	90.0	0.0	0	1	0	0	0
skygarden	4034	1100029	372	0	0	0	0	0	0	0	0	228.0500030517578	235.92999267578125	911.8599853515625	0.0	0.0	0.0	0	0	0	1	0
skygarden	4034	1100030	372	0	0	0	0	0	0	0	0	229.69528198242188	234.5843048095703	903.07275390625	0.0	0.0	0.0	0	0	0	1	0
skygarden	4034	1100031	372	0	0	0	0	0	0	0	0	221.89300537109375	234.77684020996094	899.8389892578125	0.0	0.0	0.0	0	0	0	1	0
skygarden	4034	1100032	372	0	0	0	0	0	0	0	0	220.66000366210938	234.77684020996094	922.5700073242188	0.0	0.0	0.0	0	0	0	1	0
skygarden	4034	1100033	372	0	0	0	0	0	0	0	0	228.94400024414062	234.77684020996094	919.9000244140625	0.0	0.0	0.0	0	0	0	1	0
skygarden	4034	1100034	355	0	0	0	0	0	0	0	0	237.91200256347656	238.9600067138672	895.7990112304688	0.0	90.0	0.0	0	0	0	1	0
skygarden	4034	1100035	355	0	0	0	0	0	0	0	0	271.2699890136719	241.35000610351562	890.030029296875	0.0	328.46002197265625	0.0	0	0	0	1	0
skygarden	4034	1100036	372	0	0	0	0	0	0	0	0	259.3529968261719	239.11099243164062	888.5120239257812	0.0	0.0	0.0	0	0	0	1	0
skygarden	4034	1100037	372	0	0	0	0	0	0	0	0	288.63299560546875	239.2830047607422	905.551025390625	0.0	0.0	0.0	0	0	0	1	0
skygarden	4034	1100038	372	0	0	0	0	0	0	0	0	290.1570129394531	235.0590057373047	911.8099975585938	0.0	0.0	0.0	0	0	0	1	0
skygarden	4034	1100039	355	0	0	0	0	0	0	0	0	294.5459899902344	239.4239959716797	918.2260131835938	0.0	204.5	0.0	0	0	0	1	0
skygarden	4034	1100040	372	0	0	0	0	0	0	0	0	295.21099853515625	235.0590057373047	926.3489990234375	0.0	0.0	0.0	0	0	0	1	0
skygarden	4034	1100041	355	0	0	0	0	0	0	0	0	284.7510070800781	235.95399475097656	928.7969970703125	0.0	204.5	0.0	0	0	0	1	0
skygarden	4034	1100042	372	0	0	0	0	0	0	0	0	284.72698974609375	230.94000244140625	899.9600219726562	0.0	0.0	0.0	0	0	0	1	0
skygarden	4034	1100043	355	0	0	0	0	0	0	0	0	289.79998779296875	231.32000732421875	928.1300048828125	0.0	204.5	0.0	0	0	0	1	0
skygarden	4034	1100044	372	0	0	0	0	0	0	0	0	285.0509948730469	231.1230010986328	924.0	0.0	0.0	0.0	0	0	0	1	0
skygarden	4034	1100045	355	0	0	0	0	0	0	0	0	270.1600036621094	232.35000610351562	911.64599609375	0.0	0.0	0.0	0	0	0	1	0
skygarden	4034	1100046	371	0	0	0	0	0	0	0	0	305.3380126953125	224.47000122070312	910.927978515625	0.0	90.0	0.0	0	1	0	0	0
skygarden	4034	1100047	322	0	0	0	0	0	0	0	0	224.0132293701172	234.23513793945312	901.280029296875	337.0968017578125	90.0	270.0	0	1	0	0	0
skygarden	4034	1100048	322	0	0	0	0	0	0	0	0	232.63999938964844	235.0	907.3800048828125	0.0	0.0	90.0	0	1	0	0	0
skygarden	4034	1100049	322	0	0	0	0	0	0	0	0	227.06100463867188	233.95399475097656	904.6530151367188	295.63189697265625	86.10469055175781	17.635215759277344	0	1	0	0	0
skygarden	4034	1100050	372	0	0	0	0	0	0	0	0	283.9049987792969	226.50100708007812	912.5819702148438	0.0	0.0	0.0	0	0	0	1	0
skygarden	4034	1100052	316	0	0	0	0	0	0	0	0	286.80999755859375	224.55499267578125	900.4844970703125	0.0	0.0	0.0	0	1	0	0	0
skygarden	4034	1100053	317	0	0	0	0	0	0	0	0	286.1000061035156	224.99000549316406	897.1500244140625	90.0	0.0	0.0	0	1	0	0	0
skygarden	4034	1100054	319	0	0	0	0	0	0	0	0	297.2250061035156	224.76300048828125	915.8300170898438	0.0	30.000003814697266	90.0	0	1	0	0	0
skygarden	4034	1100055	316	0	0	0	0	0	0	0	0	288.69000244140625	224.55499267578125	922.5999755859375	0.0	0.0	0.0	0	1	0	0	0
skygarden	4034	1100056	316	0	0	0	0	0	0	0	0	293.9700012207031	224.55499267578125	914.4500122070312	0.0	0.0	0.0	0	1	0	0	0
skygarden	4034	1100057	320	0	0	0	0	0	0	0	0	278.9700012207031	225.24000549316406	924.8200073242188	0.0	49.99999237060547	90.0	0	1	0	0	0
skygarden	4034	1100058	372	0	0	0	0	0	0	0	0	292.0270080566406	225.49099731445312	909.7899780273438	0.0	0.0	0.0	0	0	0	1	0
skygarden	4034	1100059	355	0	0	0	0	0	0	0	0	279.94000244140625	225.81199645996094	909.5689697265625	270.0	0.0	0.0	0	1	0	0	0
skygarden	4034	1100060	372	0	0	0	0	0	0	0	0	245.18099975585938	234.16299438476562	889.1380004882812	0.0	0.0	0.0	0	0	0	1	0
skygarden	4034	1100061	372	0	0	0	0	0	0	0	0	262.5409851074219	234.5050048828125	885.4500122070312	0.0	0.0	0.0	0	0	0	1	0
skygarden	4034	1100051	362	0	0	0	0	0	0	0	0	241.38600158691406	224.47000122070312	908.3579711914062	0.0	180.0	0.0	0	1	0	0	0
skygarden	4034	1100062	362	0	0	0	0	0	0	0	0	236.5399932861328	224.47000122070312	913.4520263671875	0.0	0.0	0.0	0	1	0	0	0
skygarden	4034	1100063	417	0	0	0	0	0	0	0	0	268.03399658203125	226.22999572753906	910.9500122070312	0.0	0.0	0.0	0	1	0	0	0
skygarden	4036	1200001	212	0	0	0	0	0	0	0	0	246.1479949951172	225.4600067138672	918.8280029296875	0.0	0.0	0.0	1	0	1	0	0
skygarden	4036	1200002	362	0	0	0	0	0	0	0	0	241.38600158691406	224.47000122070312	908.3579711914062	0.0	180.0	0.0	0	1	0	0	0
skygarden	4036	1200003	362	0	0	0	0	0	0	0	0	236.5399932861328	224.47000122070312	913.4520263671875	0.0	0.0	0.0	0	1	0	0	0
skygarden	4036	1200004	322	0	0	0	0	0	0	0	0	229.8300018310547	224.88400268554688	913.81201171875	0.0	88.64717102050781	0.0	0	1	0	0	0
skygarden	4036	1200005	322	0	0	0	0	0	0	0	0	229.8300018310547	224.88400268554688	911.9949951171875	0.0	95.06868743896484	0.0	0	1	0	0	0
skygarden	4036	1200006	322	0	0	0	0	0	0	0	0	229.8300018310547	224.88400268554688	910.1270141601562	0.0	91.4861068725586	0.0	0	1	0	0	0
skygarden	4036	1200007	322	0	0	0	0	0	0	0	0	234.69000244140625	224.88400268554688	913.469970703125	0.0	272.8252868652344	0.0	0	1	0	0	0
skygarden	4036	1200008	322	0	0	0	0	0	0	0	0	234.74000549316406	224.88400268554688	911.5900268554688	0.0	284.7554931640625	0.0	0	1	0	0	0
skygarden	4036	1200009	322	0	0	0	0	0	0	0	0	234.4980010986328	224.88400268554688	909.780029296875	0.0	272.8252868652344	0.0	0	1	0	0	0
skygarden	4036	1200010	322	0	0	0	0	0	0	0	0	234.69000244140625	224.88400268554688	908.1400146484375	0.0	272.8252868652344	0.0	0	1	0	0	0
skygarden	4036	1200011	322	0	0	0	0	0	0	0	0	229.8300018310547	224.88400268554688	908.2969970703125	0.0	77.82498931884766	0.0	0	1	0	0	0
skygarden	4036	1200012	342	0	0	0	0	0	0	0	0	295.3869934082031	224.3000030517578	922.56298828125	0.0	210.0	0.0	0	1	0	0	0
skygarden	4036	1200013	342	0	0	0	0	0	0	0	0	295.40301513671875	224.3000030517578	899.2630004882812	0.0	330.0	0.0	0	1	0	0	0
skygarden	4036	1200014	1	0	0	0	0	0	0	0	0	295.1600036621094	224.77000427246094	899.0700073242188	0.0	0.0	0.0	0	1	1	0	0
skygarden	4036	1200015	1	0	0	0	0	0	0	0	0	295.1600036621094	224.77000427246094	922.0800170898438	0.0	0.0	0.0	0	1	1	0	0
skygarden	4036	1200016	371	0	0	0	0	0	0	0	0	305.3380126953125	224.47000122070312	910.927978515625	0.0	90.0	0.0	0	1	0	0	0
skygarden	4036	1200017	417	0	0	0	0	0	0	0	0	268.03399658203125	226.22999572753906	910.9500122070312	0.0	0.0	0.0	0	1	0	0	0
skygarden	4037	2500001	403	0	0	0	0	0	0	0	0	600.6309814453125	188.3249969482422	896.5800170898438	0.0	0.0	0.0	0	0	0	0	0
skygarden	4037	2500002	403	0	0	0	0	0	0	0	0	594.9180297851562	188.3249969482422	896.5800170898438	0.0	0.0	0.0	0	0	0	0	0
skygarden	4037	2500003	403	0	0	0	0	0	0	0	0	589.2020263671875	188.33999633789062	896.5800170898438	0.0	0.0	0.0	0	0	0	0	0
skygarden	4037	2500004	403	0	0	0	0	0	0	0	0	580.9810180664062	191.63499450683594	896.4600219726562	0.0	0.0	0.0	0	0	0	0	0
skygarden	4037	2500005	403	0	0	0	0	0	0	0	0	575.27099609375	191.63499450683594	896.4600219726562	0.0	0.0	0.0	0	0	0	0	0
skygarden	4037	2500006	403	0	0	0	0	0	0	0	0	569.573974609375	191.63499450683594	896.4600219726562	0.0	0.0	0.0	0	0	0	0	0
skygarden	4037	2500007	403	0	0	0	0	0	0	0	0	563.8629760742188	191.63499450683594	896.4600219726562	0.0	0.0	0.0	0	0	0	0	0
skygarden	4037	2500008	403	0	0	0	0	0	0	0	0	559.5659790039062	191.63499450683594	896.4600219726562	0.0	0.0	0.0	0	0	0	0	0
skygarden	4037	2500009	403	0	0	0	0	0	0	0	0	553.8729858398438	191.63499450683594	896.4600219726562	0.0	0.0	0.0	0	0	0	0	0
skygarden	4037	2500010	403	0	0	0	0	0	0	0	0	536.0540161132812	191.4010009765625	872.697021484375	4.08616304397583	111.80679321289062	0.16688662767410278	0	0	0	0	0
skygarden	4037	2500011	403	0	0	0	0	0	0	0	0	533.9340209960938	191.41700744628906	867.39599609375	4.08616304397583	111.80679321289062	0.16688662767410278	0	0	0	0	0
skygarden	4037	2500012	403	0	0	0	0	0	0	0	0	531.8070068359375	191.4340057373047	862.10498046875	4.08616304397583	111.80679321289062	0.16688662767410278	0	0	0	0	0
skygarden	4037	2500013	403	0	0	0	0	0	0	0	0	529.6840209960938	191.45199584960938	856.8159790039062	4.08616304397583	111.80679321289062	0.16688662767410278	0	0	0	0	0
skygarden	4037	2500014	403	0	0	0	0	0	0	0	0	538.1710205078125	191.38400268554688	877.9910278320312	4.08616304397583	111.80679321289062	0.16688662767410278	0	0	0	0	0
skygarden	4037	2500015	403	0	0	0	0	0	0	0	0	540.2579956054688	191.36700439453125	883.2100219726562	4.08616304397583	111.80679321289062	0.16688662767410278	0	0	0	0	0
skygarden	4038	2600001	1	0	0	0	0	0	0	0	0	481.3299865722656	194.1435546875	1018.5599975585938	0.0	0.0	0.0	1	0	1	0	0
skygarden	4038	2600002	403	0	0	0	0	0	0	0	0	518.3900146484375	189.08999633789062	1004.5599975585938	0.0	90.27072143554688	0.0	0	0	0	0	0
skygarden	4038	2600003	403	0	0	0	0	0	0	0	0	501.44000244140625	188.57000732421875	983.760009765625	0.0	0.0	0.0	0	0	0	0	0
skygarden	4038	2600004	403	0	0	0	0	0	0	0	0	518.364013671875	189.08999633789062	998.8679809570312	0.0	90.27072143554688	0.0	0	0	0	0	0
skygarden	4039	2700001	403	0	0	0	0	0	0	0	0	528.6190185546875	185.3719940185547	950.5700073242188	0.0	0.0	0.0	0	0	0	0	0
skygarden	4039	2700002	403	0	0	0	0	0	0	0	0	501.6499938964844	186.66600036621094	966.2999877929688	0.0	0.0	0.0	0	0	0	0	0
skygarden	4039	2700003	403	0	0	0	0	0	0	0	0	466.59600830078125	186.95034790039062	963.926025390625	0.0	301.8634948730469	0.0	0	0	0	0	0
skygarden	4040	3700001	1	0	0	0	0	0	0	0	0	301.8116149902344	125.80474853515625	162.0899200439453	-0.0	0.0	0.0	0	0	0	0	0
skygarden	4040	3700002	1	0	0	0	0	0	0	0	0	374.26959228515625	126.52532196044922	162.04635620117188	-0.0	0.0	0.0	0	0	0	0	0
skygarden	4040	3700003	1	0	0	0	0	0	0	0	0	383.16021728515625	211.47320556640625	172.86500549316406	-0.0	0.0	0.0	0	0	0	0	0
skygarden	4040	3700004	1	0	0	0	0	0	0	0	0	357.0799865722656	211.47320556640625	172.0800018310547	-0.0	0.0	0.0	0	0	0	0	0
skygarden	4040	3700005	1	0	0	0	0	0	0	0	0	387.1402282714844	211.47320556640625	172.8714141845703	-0.0	0.0	0.0	0	0	0	0	0
skygarden	4040	3700006	1	0	0	0	0	0	0	0	0	343.739990234375	285.8900146484375	220.99000549316406	-0.0	0.0	0.0	0	0	0	0	0
skygarden	4040	3700007	1	0	0	0	0	0	0	0	0	327.92767333984375	287.3382873535156	228.25437927246094	-0.0	0.0	0.0	0	0	0	0	0
skygarden	4040	3700008	1	0	0	0	0	0	0	0	0	312.94000244140625	289.2200012207031	269.6066589355469	-0.0	0.0	0.0	0	0	0	0	0
skygarden	4040	3700009	1	0	0	0	0	0	0	0	0	382.6839294433594	126.52532196044922	162.03636169433594	-0.0	0.0	0.0	0	0	1	0	0
skygarden	4040	3700010	1	0	0	0	0	0	0	0	0	387.3940734863281	211.47320556640625	173.1024932861328	-0.0	0.0	0.0	0	0	1	0	0
skygarden	4040	3700011	1	0	0	0	0	0	0	0	0	353.89288330078125	285.8900146484375	199.72764587402344	-0.0	0.0	0.0	0	0	0	0	0
skygarden	4040	3700012	403	0	0	0	0	0	0	0	0	294.8900146484375	125.36000061035156	162.11000061035156	0.0	270.6032409667969	0.0	0	0	0	0	0
skygarden	4040	3700013	294	0	0	0	0	0	0	0	0	302.6099853515625	126.2314453125	146.9600067138672	-0.0	0.0	0.0	0	0	0	0	0
skygarden	4040	3700014	403	0	0	0	0	0	0	0	0	344.0400085449219	126.54000091552734	154.02999877929688	-0.0	90.0	-0.0	0	0	0	0	0
skygarden	4040	3700015	403	0	0	0	0	0	0	0	0	347.0199890136719	126.63999938964844	157.5800018310547	-0.0	179.31256103515625	-0.0	0	0	0	0	0
skygarden	4040	3700016	201504	0	0	0	0	0	0	0	0	379.98699951171875	211.8300018310547	181.47000122070312	-0.0	88.91002655029297	-0.0	1	0	0	0	0
skygarden	4040	3700017	446	0	0	0	0	0	0	0	0	347.0669860839844	218.94000244140625	175.24551391601562	-0.0	0.0	0.0	0	0	0	0	0
skygarden	4040	3700018	446	0	0	0	0	0	0	0	0	347.3739929199219	218.98500061035156	170.46151733398438	-0.0	0.0	0.0	0	0	0	0	0
skygarden	4040	3700019	403	0	0	0	0	0	0	0	0	317.239990234375	125.69000244140625	181.36199951171875	-0.0	0.0	0.0	0	0	0	0	0
skygarden	4040	3700025	1	0	0	0	0	0	0	0	0	299.0920104980469	290.10198974609375	282.4909973144531	-0.0	0.0	0.0	0	0	1	0	0
skygarden	4040	3700020	1	0	0	0	0	0	0	0	0	362.7755126953125	211.4444122314453	170.11888122558594	-0.0	0.0	0.0	0	0	0	0	0
skygarden	4040	3700021	201504	0	0	0	0	0	0	0	0	367.6792907714844	211.11000061035156	158.9239959716797	-0.0	0.0	0.0	1	0	0	0	0
skygarden	4040	3700022	201504	0	0	0	0	0	0	0	0	344.5199890136719	286.98199462890625	191.67738342285156	-0.0	0.0	0.0	1	0	0	0	0
skygarden	4040	3700023	201504	0	0	0	0	0	0	0	0	375.5150146484375	293.55999755859375	269.59100341796875	0.0	271.439453125	0.0	1	0	0	0	0
skygarden	4040	3700024	201504	0	0	0	0	0	0	0	0	367.6792907714844	211.11000061035156	187.02099609375	-0.0	0.0	0.0	1	0	0	0	0
skygarden	4040	3700026	403	0	0	0	0	0	0	0	0	367.6792907714844	211.11000061035156	158.9239959716797	-0.0	0.0	0.0	1	0	0	0	0
skygarden	4040	3700027	403	0	0	0	0	0	0	0	0	367.6792907714844	211.11000061035156	186.8699951171875	-0.0	0.0	0.0	1	0	0	0	0
skygarden	4040	3700028	1	0	0	0	0	0	0	0	0	367.3742980957031	211.4444122314453	172.07505798339844	-0.0	0.0	0.0	1	0	0	1	0
skygarden	4040	3700029	447	0	0	0	0	0	0	0	0	352.80999755859375	211.4499969482422	173.02999877929688	-0.0	0.0	0.0	0	1	0	0	0
skygarden	4040	3700030	1	0	0	0	0	0	0	0	0	299.9100036621094	125.52200317382812	162.1199951171875	-0.0	0.0	0.0	0	0	0	1	0
skygarden	4040	3700031	1	0	0	0	0	0	0	0	0	316.489990234375	125.87999725341797	146.60000610351562	-0.0	0.0	0.0	0	0	0	1	0
skygarden	4040	3700032	1	0	0	0	0	0	0	0	0	316.44000244140625	125.87999725341797	179.7100067138672	-0.0	0.0	0.0	0	0	0	1	0
skygarden	4040	3700033	1	0	0	0	0	0	0	0	0	384.5299987792969	211.48300170898438	173.07080078125	-0.0	0.0	0.0	1	0	0	1	0
skygarden	4040	3700034	1	0	0	0	0	0	0	0	0	350.1390075683594	286.98199462890625	200.63999938964844	-0.0	0.0	0.0	1	0	0	1	0
skygarden	4040	3700035	1	0	0	0	0	0	0	0	0	332.0089111328125	125.79280090332031	162.48440551757812	-0.0	0.0	0.0	0	0	0	0	0
skygarden	4041	3400001	1	0	0	0	0	0	0	0	0	383.0530090332031	127.96900177001953	162.08399963378906	0.0	268.4486999511719	0.0	1	0	1	0	0
skygarden	4041	3400002	1	0	0	0	0	0	0	0	0	333.57501220703125	219.62899780273438	161.67999267578125	-0.0	0.0	0.0	1	0	1	0	0
skygarden	4041	3400003	1	0	0	0	0	0	0	0	0	388.7300109863281	212.0	173.0	-0.0	0.0	0.0	1	0	1	0	0
skygarden	4041	3400004	446	0	0	0	0	0	0	0	0	347.12298583984375	218.94900512695312	170.4759979248047	-0.0	0.0	0.0	1	0	0	0	0
skygarden	4041	3400005	446	0	0	0	0	0	0	0	0	347.12298583984375	218.94900512695312	170.4759979248047	-0.0	0.0	0.0	1	0	0	0	0
skygarden	4041	3400007	406	0	0	0	0	0	0	0	0	336.0050048828125	218.92999267578125	161.82290649414062	-0.0	90.0	-0.0	1	0	0	0	0
skygarden	4041	3400008	407	0	0	0	0	0	0	0	0	335.9309997558594	218.92999267578125	161.00990295410156	0.0	270.0	0.0	1	0	0	0	0
skygarden	4041	3400009	446	0	0	0	0	0	0	0	0	347.12298583984375	218.94900512695312	175.6999969482422	-0.0	0.0	0.0	1	0	0	0	0
skygarden	4041	3400010	464	0	0	0	0	0	0	0	0	331.6099853515625	219.8979949951172	167.86199951171875	-0.0	0.0	0.0	1	0	0	0	0
skygarden	4041	3400011	461	0	0	0	0	0	0	0	0	331.6499938964844	219.95599365234375	163.27999877929688	-0.0	0.0	0.0	1	0	0	0	0
skygarden	4041	3400012	464	0	0	0	0	0	0	0	0	331.6099853515625	219.8979949951172	158.6699981689453	-0.0	0.0	0.0	1	0	0	0	0
skygarden	4041	3400013	407	0	0	0	0	0	0	0	0	333.5199890136719	218.92999267578125	161.00990295410156	0.0	269.11968994140625	0.0	1	0	0	0	0
skygarden	4041	3400006	1	0	0	0	0	0	0	0	0	304.77398681640625	125.78800201416016	160.77000427246094	-0.0	0.8751814961433411	-0.0	1	0	0	0	0
skygarden	4041	3400014	1	0	0	0	0	0	0	0	0	380.0989990234375	211.46299743652344	172.81399536132812	-0.0	0.0	0.0	1	0	0	0	0
skygarden	4041	3400015	364	0	0	0	0	0	0	0	0	347.09600830078125	223.2270050048828	170.2790069580078	359.78564453125	269.8699035644531	90.4285888671875	1	0	0	0	0
skygarden	4041	3400016	447	0	0	0	0	0	0	0	0	352.80999755859375	211.4499969482422	173.02999877929688	-0.0	0.0	0.0	0	0	0	0	0
skygarden	4044	4100002	1	0	0	0	0	0	0	0	0	550.6613159179688	193.1800994873047	835.3792724609375	-0.0	0.0	0.0	1	0	1	0	0
skygarden	4044	4100001	326	0	0	0	0	0	0	0	0	550.3510131835938	193.14100646972656	835.2100219726562	-0.0	0.0	0.0	1	0	0	0	0
skygarden	4044	4100003	329	0	0	0	0	0	0	0	0	550.8690185546875	193.14100646972656	835.3004150390625	270.0	0.0	0.0	1	0	0	0	0
skygarden	4044	4100004	330	0	0	0	0	0	0	0	0	550.8690185546875	193.14169311523438	835.1400146484375	0.0	180.0	0.0	1	0	0	0	0
skygarden	4044	4100005	332	0	0	0	0	0	0	0	0	551.0070190429688	193.16659545898438	835.1400146484375	-0.0	0.0	0.0	1	0	0	0	0
skygarden	4044	4100006	404	0	0	0	0	0	0	0	0	550.6290283203125	192.35650634765625	832.4879760742188	0.0	180.0	0.0	0	1	0	0	0
skygarden	4044	4100007	440	0	0	0	0	0	0	0	0	550.625	192.35650634765625	836.510009765625	-0.0	0.0	0.0	0	1	0	0	0
skygarden	4044	4100008	439	0	0	0	0	0	0	0	0	550.1519775390625	192.94400024414062	836.7880249023438	55.092002868652344	174.99899291992188	7.459662469955219e-07	0	1	0	0	0
skygarden	4044	4100009	439	0	0	0	0	0	0	0	0	549.5759887695312	192.94400024414062	836.6619873046875	55.09196472167969	142.2581787109375	0.0	0	1	0	0	0
skygarden	4044	4100010	438	0	0	0	0	0	0	0	0	549.8930053710938	193.18008422851562	833.9429931640625	-0.0	0.0	0.0	0	1	0	0	0
skygarden	4044	4100011	438	0	0	0	0	0	0	0	0	550.0692749023438	193.18008422851562	833.8972778320312	-0.0	0.0	0.0	0	1	0	0	0
skygarden	4044	4100012	438	0	0	0	0	0	0	0	0	549.97509765625	193.18008422851562	834.0984497070312	-0.0	0.0	0.0	0	1	0	0	0
skygarden	4044	4100013	437	0	0	0	0	0	0	0	0	549.5659790039062	193.2050018310547	833.739990234375	-0.0	90.0	-0.0	0	1	0	0	0
skygarden	4044	4100014	437	0	0	0	0	0	0	0	0	549.5659790039062	193.20689392089844	834.1389770507812	-0.0	90.0	-0.0	0	1	0	0	0
skygarden	4044	4100015	436	0	0	0	0	0	0	0	0	550.5499877929688	192.36500549316406	834.488037109375	-0.0	0.0	0.0	0	1	0	0	0
skygarden	4044	4100016	414	0	0	0	0	0	0	0	0	568.030029296875	190.11000061035156	944.7000122070312	-0.0	90.0	-0.0	0	1	0	0	0
skygarden	4044	4100017	414	0	0	0	0	0	0	0	0	609.02001953125	190.11000061035156	930.7000122070312	-0.0	90.0	-0.0	0	1	0	0	0
skygarden	4044	4100018	414	0	0	0	0	0	0	0	0	535.0900268554688	191.50999450683594	929.7100219726562	-0.0	43.9608039855957	-0.0	0	1	0	0	0
skygarden	4044	4100019	414	0	0	0	0	0	0	0	0	524.75	191.50999450683594	911.1099853515625	-0.0	0.0	0.0	0	1	0	0	0
skygarden	5001	1100001	52	0	0	0	0	0	0	0	0	440.97601318359375	213.30099487304688	906.1729736328125	0.0	270.0	0.0	0	1	1	0	0
skygarden	5001	1100002	52	0	0	0	0	0	0	0	0	525.2529907226562	189.4054718017578	915.2860107421875	-0.0	90.0	-0.0	0	1	1	0	0
skygarden	5001	1100005	342	0	0	0	0	0	0	0	0	348.7030029296875	215.0	918.5170288085938	-0.0	140.20701599121094	-0.0	0	1	1	0	0
skygarden	5001	1100004	1	0	0	0	0	0	0	0	0	585.5999755859375	190.1594696044922	1090.739990234375	0.0	206.55003356933594	0.0	0	0	1	0	0
skygarden	5001	1100006	1	0	0	0	0	0	0	0	0	573.5999755859375	179.3300018310547	855.0999755859375	-0.0	0.0	0.0	0	1	0	0	0
skygarden	5001	1100007	1	0	0	0	0	0	0	0	0	558.780029296875	190.5330352783203	992.2000122070312	-0.0	0.0	0.0	0	1	0	0	0
skygarden	5001	1100008	322	0	0	0	0	0	0	0	0	234.69000244140625	224.88400268554688	908.1400146484375	0.0	272.8252868652344	0.0	0	1	0	0	0
skygarden	5001	1100009	322	0	0	0	0	0	0	0	0	234.4980010986328	224.88400268554688	909.780029296875	0.0	272.8252868652344	0.0	0	1	0	0	0
skygarden	5001	1100010	322	0	0	0	0	0	0	0	0	234.74000549316406	224.88400268554688	911.5900268554688	0.0	284.7554931640625	0.0	0	1	0	0	0
skygarden	5001	1100011	322	0	0	0	0	0	0	0	0	234.69000244140625	224.88400268554688	913.469970703125	0.0	272.8252868652344	0.0	0	1	0	0	0
skygarden	5001	1100012	322	0	0	0	0	0	0	0	0	229.8300018310547	224.88400268554688	908.2969970703125	-0.0	77.82498931884766	-0.0	0	1	0	0	0
skygarden	5001	1100013	322	0	0	0	0	0	0	0	0	229.8300018310547	224.88400268554688	910.1270141601562	-0.0	91.4861068725586	-0.0	0	1	0	0	0
skygarden	5001	1100014	322	0	0	0	0	0	0	0	0	229.8300018310547	224.88400268554688	911.9949951171875	-0.0	95.06868743896484	-0.0	0	1	0	0	0
skygarden	5001	1100015	322	0	0	0	0	0	0	0	0	229.8300018310547	224.88400268554688	913.81201171875	-0.0	88.64717102050781	-0.0	0	1	0	0	0
skygarden	5001	1100016	322	0	0	0	0	0	0	0	0	224.3300018310547	233.7169952392578	898.9099731445312	0.0	230.12838745117188	0.0	0	1	0	0	0
skygarden	5001	1100017	322	0	0	0	0	0	0	0	0	222.7100067138672	233.7169952392578	901.1510009765625	0.0	229.36968994140625	0.0	0	1	0	0	0
skygarden	5001	1100018	322	0	0	0	0	0	0	0	0	228.33599853515625	233.7169952392578	903.2210083007812	-0.0	65.92606353759766	-0.0	0	1	0	0	0
skygarden	5001	1100019	322	0	0	0	0	0	0	0	0	229.43600463867188	233.7169952392578	901.8770141601562	-0.0	50.1284065246582	-0.0	0	1	0	0	0
skygarden	5001	1100021	326	0	0	0	0	0	0	0	0	550.3510131835938	193.14100646972656	835.2100219726562	-0.0	0.0	0.0	1	0	0	0	0
skygarden	5001	1100022	329	0	0	0	0	0	0	0	0	550.8690185546875	193.1439971923828	835.3003540039062	270.0	0.0	0.0	1	0	0	0	0
skygarden	5001	1100023	330	0	0	0	0	0	0	0	0	550.8665771484375	193.14320373535156	835.156982421875	-0.0	0.0	0.0	1	0	0	0	0
skygarden	5001	1100024	332	0	0	0	0	0	0	0	0	551.0062255859375	193.1425018310547	835.1917724609375	-0.0	0.0	0.0	1	0	0	0	0
skygarden	5001	1100025	52	0	0	0	0	0	0	0	0	271.5375061035156	225.8488006591797	908.72998046875	-0.0	0.0	0.0	0	0	1	0	0
skygarden	5001	1100026	269	0	0	0	0	0	0	0	0	349.1800231933594	215.33889770507812	903.2899780273438	-0.0	0.0	0.0	1	1	1	0	0
skygarden	5001	1100027	269	0	0	0	0	0	0	0	0	295.5401611328125	224.63890075683594	923.3001098632812	-0.0	0.0	0.0	1	1	1	0	0
skygarden	5001	1100028	342	0	0	0	0	0	0	0	0	295.40301513671875	224.3000030517578	899.2630004882812	0.0	330.0	0.0	0	1	1	0	0
skygarden	5001	1100029	342	0	0	0	0	0	0	0	0	348.6860046386719	215.0	903.3109741210938	-0.0	39.90799331665039	-0.0	0	1	1	0	0
skygarden	5001	1100030	342	0	0	0	0	0	0	0	0	295.3869934082031	224.3000030517578	922.56298828125	0.0	210.0	0.0	0	1	1	0	0
skygarden	5001	1100031	1	0	0	0	0	0	0	0	0	349.0518798828125	215.33889770507812	903.802978515625	-0.0	0.0	0.0	0	1	0	0	0
skygarden	5001	1100032	1	0	0	0	0	0	0	0	0	351.69696044921875	224.65455627441406	907.53955078125	-0.0	0.0	0.0	0	1	0	0	0
skygarden	5001	1100033	1	0	0	0	0	0	0	0	0	349.1544494628906	215.33889770507812	918.3074951171875	-0.0	0.0	0.0	0	1	0	0	0
skygarden	5001	1100034	1	0	0	0	0	0	0	0	0	352.30889892578125	224.65455627441406	914.8585205078125	-0.0	0.0	0.0	0	1	0	0	0
skygarden	5001	1100035	1	0	0	0	0	0	0	0	0	295.3869934082031	224.50999450683594	922.56298828125	-0.0	0.0	0.0	0	1	0	0	0
skygarden	5001	1100036	1	0	0	0	0	0	0	0	0	295.3871765136719	226.9600067138672	922.5631713867188	-0.0	0.0	0.0	0	1	0	0	0
skygarden	5001	1100037	1	0	0	0	0	0	0	0	0	295.40301513671875	224.39999389648438	899.2630004882812	-0.0	0.0	0.0	0	1	0	0	0
skygarden	5001	1100038	1	0	0	0	0	0	0	0	0	295.40301513671875	225.77000427246094	899.2630004882812	-0.0	0.0	0.0	0	1	0	0	0
skygarden	5001	1100039	50	1	7000207	1	1001	5600035	0	0	0	572.8289794921875	190.9510040283203	1089.698974609375	-0.0	126.2759780883789	-0.0	0	0	1	0	1
skygarden	5001	1100040	50	1	7000207	1	1001	5600035	0	0	0	574.5	193.00999450683594	1012.3699951171875	0.0	270.408935546875	0.0	0	0	1	0	1
skygarden	5001	1100041	50	1	7000207	1	1002	5600035	0	0	0	573.8200073242188	192.02499389648438	891.3300170898438	-0.0	42.34899139404297	-0.0	0	0	1	0	1
skygarden	5001	1100042	50	1	7000207	1	1002	5600035	0	0	0	556.9219970703125	192.35650634765625	826.7949829101562	-0.0	0.0	0.0	0	0	1	0	1
skygarden	5001	1100043	50	1	7000207	1	1002	5600035	0	0	0	567.5	190.44000244140625	912.8099975585938	0.0	181.29400634765625	0.0	0	0	1	0	1
skygarden	5001	1100044	50	1	7000207	1	1003	5600035	0	0	0	507.2049865722656	193.37399291992188	1025.864990234375	0.0	214.6627197265625	0.0	0	0	1	0	1
skygarden	5001	1100045	50	1	7000207	1	1003	5600035	0	0	0	465.58099365234375	192.68699645996094	1020.3419799804688	-0.0	89.95655059814453	-0.0	0	0	1	0	1
skygarden	5001	1100046	50	1	7000207	1	1004	5600035	0	0	0	419.8900146484375	214.11099243164062	912.3200073242188	-0.0	89.69571685791016	-0.0	0	0	1	0	1
skygarden	5001	1100047	50	1	7000207	1	1004	5600035	0	0	0	289.3599853515625	224.4429931640625	925.239990234375	0.0	209.0580291748047	0.0	0	0	1	0	1
skygarden	5001	1100048	50	1	7000207	1	1004	5600035	0	0	0	227.47000122070312	234.39999389648438	929.3400268554688	-0.0	130.0495147705078	-0.0	0	0	1	0	1
skygarden	5001	1100049	116	0	0	0	0	0	1	1	0	269.1409912109375	233.58140563964844	927.8510131835938	-0.0	10.56368637084961	-0.0	0	0	1	0	0
skygarden	5001	1100050	116	0	0	0	0	0	1	1	0	384.51220703125	214.12139892578125	902.994140625	-0.0	0.0	0.0	0	0	1	0	0
skygarden	5001	1100051	116	0	0	0	0	0	1	1	0	581.7645263671875	191.91700744628906	897.7758178710938	-0.0	0.0	0.0	0	0	1	0	0
skygarden	5001	1100052	116	0	0	0	0	0	1	1	0	547.6309814453125	192.1835479736328	1001.0671997070312	0.0	272.651123046875	0.0	0	0	1	0	0
skygarden	5001	1100053	116	0	0	0	0	0	1	1	0	507.6250305175781	193.4375	1016.6903686523438	-0.0	0.0	0.0	0	0	1	0	0
skygarden	5001	1100054	116	0	0	0	0	0	1	1	0	544.5800170898438	188.74490356445312	921.5499877929688	0.0	274.5440673828125	0.0	0	0	1	0	0
skygarden	5001	1100055	351	0	0	0	0	0	0	0	0	348.5799865722656	215.24139404296875	903.3900146484375	-0.0	0.0	0.0	1	1	0	0	0
skygarden	5001	1100056	351	0	0	0	0	0	0	0	0	348.0299987792969	215.24139404296875	919.280029296875	-0.0	100.32960510253906	-0.0	1	1	0	0	0
skygarden	5001	1100057	351	0	0	0	0	0	0	0	0	295.55999755859375	224.50999450683594	922.8300170898438	-0.0	170.9983367919922	-0.0	1	1	0	0	0
skygarden	5001	1100058	351	0	0	0	0	0	0	0	0	295.55999755859375	224.50999450683594	898.6500244140625	0.0	290.8272705078125	0.0	1	1	0	0	0
skygarden	5001	1100059	354	0	0	0	0	0	0	0	0	221.8800048828125	233.3699951171875	910.5700073242188	-0.0	0.0	0.0	0	0	0	0	0
skygarden	5001	1100061	1	0	0	0	0	0	0	0	0	445.1099853515625	213.31239318847656	910.3099975585938	-0.0	0.0	0.0	0	1	1	0	0
skygarden	5001	1100062	1	0	0	0	0	0	0	0	0	520.2609252929688	189.14271545410156	910.733154296875	-0.0	0.0	0.0	0	1	1	0	0
skygarden	5001	1100063	358	0	0	0	0	0	0	0	0	220.8000030517578	232.85000610351562	910.9199829101562	-0.0	0.0	0.0	0	1	0	0	0
skygarden	5001	1100064	360	0	0	0	0	0	0	0	0	215.77999877929688	235.17999267578125	902.8699951171875	-0.0	0.0	0.0	0	1	0	0	0
skygarden	5001	1100065	359	0	0	0	0	0	0	0	0	215.77999877929688	235.17999267578125	919.0499877929688	-0.0	0.0	0.0	0	1	0	0	0
skygarden	5001	1100066	362	0	0	0	0	0	0	0	0	241.38600158691406	224.47000122070312	908.3579711914062	0.0	180.0	0.0	0	1	0	0	0
skygarden	5001	1100067	362	0	0	0	0	0	0	0	0	236.5399932861328	224.47000122070312	913.4520263671875	-0.0	0.0	0.0	0	1	0	0	0
skygarden	5001	1100068	1	0	0	0	0	0	0	0	0	238.97999572753906	224.99000549316406	911.0878295898438	-0.0	0.0	0.0	0	1	0	0	0
skygarden	5001	1100069	370	0	0	0	0	0	0	0	0	515.7000122070312	179.39300537109375	910.7000122070312	-0.0	0.0	0.0	0	1	0	0	0
skygarden	5001	1100070	371	0	0	0	0	0	0	0	0	305.3380126953125	224.47000122070312	910.927978515625	-0.0	90.0	-0.0	0	1	0	0	0
skygarden	5001	1100071	385	0	0	0	0	0	0	0	0	523.3200073242188	189.15301513671875	910.739990234375	-0.0	0.0	0.0	1	1	0	0	0
skygarden	5001	1100072	386	0	0	0	0	0	0	0	0	446.2300109863281	218.11000061035156	910.8699951171875	-0.0	0.0	0.0	1	1	0	0	0
skygarden	5001	1100073	341	0	0	0	0	0	0	0	0	0.0	0.0	0.0	-0.0	0.0	0.0	0	0	0	0	0
skygarden	5001	1100074	341	0	0	0	0	0	0	0	0	469.1629943847656	196.0290069580078	1005.9510498046875	0.0	323.1449890136719	0.0	0	0	0	0	0
skygarden	5001	1100075	340	0	0	0	0	0	0	0	0	469.1629943847656	193.58399963378906	1005.9510498046875	0.0	323.1449890136719	0.0	0	0	0	0	0
skygarden	5001	1100076	341	0	0	0	0	0	0	0	0	465.6669921875	196.05999755859375	1008.0430297851562	-0.0	97.42599487304688	-0.0	0	0	0	0	0
skygarden	5001	1100077	340	0	0	0	0	0	0	0	0	465.6669921875	193.58399963378906	1008.0430297851562	-0.0	97.42599487304688	-0.0	0	0	0	0	0
skygarden	5001	1100078	340	0	0	0	0	0	0	0	0	465.0220031738281	193.58499145507812	1033.613037109375	-0.0	94.1760025024414	-0.0	0	0	0	0	0
skygarden	5001	1100079	341	0	0	0	0	0	0	0	0	465.0220031738281	196.0260009765625	1033.613037109375	-0.0	94.1760025024414	-0.0	0	0	0	0	0
skygarden	5001	1100080	341	0	0	0	0	0	0	0	0	469.177001953125	196.01600646972656	1035.5159912109375	0.0	214.17599487304688	0.0	0	0	0	0	0
skygarden	5001	1100081	340	0	0	0	0	0	0	0	0	469.177001953125	193.58499145507812	1035.5159912109375	0.0	214.1759796142578	0.0	0	0	0	0	0
skygarden	5001	1100082	1	0	0	0	0	0	0	0	0	504.8049621582031	179.53338623046875	912.3706665039062	-0.0	0.0	0.0	0	1	0	0	0
skygarden	5001	1100083	1	0	0	0	0	0	0	0	0	479.9217529296875	187.36862182617188	911.0149536132812	-0.0	0.0	0.0	0	1	0	0	0
skygarden	5001	1100084	100201	0	0	0	0	0	0	0	0	221.6199951171875	238.07000732421875	911.3701171875	-0.0	0.0	0.0	0	1	0	0	0
skygarden	5001	1100085	100202	0	0	0	0	0	0	0	0	224.02999877929688	238.55999755859375	902.7979736328125	-0.0	0.0	0.0	0	1	0	0	0
skygarden	5001	1100086	100203	0	0	0	0	0	0	0	0	224.0399932861328	238.32000732421875	919.5349731445312	-0.0	0.0	0.0	0	1	0	0	0
skygarden	5001	1100020	1	0	0	0	0	0	0	0	0	550.6613159179688	193.18008422851562	835.3793334960938	-0.0	0.0	0.0	1	0	1	0	0
skygarden	5001	1100003	417	0	0	0	0	0	0	0	0	268.03399658203125	226.22999572753906	910.9500122070312	-0.0	0.0	0.0	0	1	0	0	0
skygarden	5001	1100087	440	0	0	0	0	0	0	0	0	550.6309814453125	192.36500549316406	836.5079956054688	-0.0	0.0	0.0	0	1	0	0	0
skygarden	5001	1100088	439	0	0	0	0	0	0	0	0	549.5759887695312	192.94400024414062	836.6619873046875	55.09196472167969	142.2581787109375	0.0	0	1	0	0	0
skygarden	5001	1100089	439	0	0	0	0	0	0	0	0	550.1519775390625	192.94400024414062	836.7880249023438	55.09206008911133	174.99856567382812	1.9022159904125147e-05	0	1	0	0	0
skygarden	5001	1100090	436	0	0	0	0	0	0	0	0	550.5499877929688	192.36500549316406	834.488037109375	-0.0	0.0	0.0	0	1	0	0	0
skygarden	5001	1100091	438	0	0	0	0	0	0	0	0	549.89208984375	193.18008422851562	833.8992309570312	-0.0	0.0	0.0	0	1	0	0	0
skygarden	5001	1100092	438	0	0	0	0	0	0	0	0	550.072021484375	193.18008422851562	833.885009765625	-0.0	0.0	0.0	0	1	0	0	0
skygarden	5001	1100093	438	0	0	0	0	0	0	0	0	549.9585571289062	193.18008422851562	834.0673217773438	-0.0	0.0	0.0	0	1	0	0	0
skygarden	5001	1100094	437	0	0	0	0	0	0	0	0	549.5659790039062	193.18829345703125	833.739990234375	-0.0	90.0	-0.0	0	1	0	0	0
skygarden	5001	1100095	437	0	0	0	0	0	0	0	0	549.5659790039062	193.18829345703125	834.14697265625	-0.0	90.0	-0.0	0	0	0	0	0
skygarden	6001	2800001	52	0	0	0	0	0	0	0	0	65.25120544433594	207.68299865722656	999.1002807617188	0.0	0.0	0.0	0	1	0	0	0
skygarden	6001	2800002	50	1	7000207	1	2002	5600035	0	0	0	364.6905517578125	126.9353256225586	153.97756958007812	0.0	43.19477081298828	0.0	0	0	1	0	1
skygarden	6001	2800003	50	1	7000207	1	2003	5600035	0	0	0	355.235595703125	211.478515625	168.7729034423828	0.0	89.22219848632812	0.0	0	0	1	0	1
skygarden	6001	2800004	50	1	7000207	1	2003	5600035	0	0	0	339.3512878417969	218.91920471191406	190.02000427246094	0.0	180.65455627441406	0.0	0	0	1	0	1
skygarden	6001	2800005	50	1	7000207	1	2005	5600035	0	0	0	344.8699951171875	285.8789978027344	192.1580047607422	0.0	0.0	0.0	0	0	1	0	1
skygarden	6001	2800006	116	0	0	0	0	0	1	1	0	278.8399963378906	289.3900146484375	276.6300048828125	0.0	0.6407322883605957	0.0	0	0	1	0	0
skygarden	6001	2800007	116	0	0	0	0	0	1	1	0	374.2900085449219	211.47320556640625	163.4499969482422	0.0	91.33411407470703	0.0	0	0	1	0	0
skygarden	6001	2800008	50	1	7000207	1	2005	5600035	0	0	0	237.32000732421875	292.9424743652344	254.30999755859375	0.0	0.0	0.0	0	0	1	0	1
skygarden	6001	2800009	50	1	7000207	1	2005	5600035	0	0	0	235.99000549316406	274.8399963378906	255.44000244140625	0.0	90.0	0.0	0	0	1	0	1
skygarden	6001	2800010	50	1	7000207	1	2005	5600035	0	0	0	367.7080078125	293.55999755859375	289.1860046386719	0.0	180.0	0.0	0	0	1	0	1
skygarden	6001	2800011	116	0	0	0	0	0	1	1	0	321.5140075683594	289.1711120605469	237.49200439453125	0.0	0.0	0.0	0	0	1	0	0
skygarden	6001	2800012	116	0	0	0	0	0	1	1	0	554.6306762695312	199.8527374267578	265.1028747558594	0.0	0.0	0.0	0	0	1	0	0
skygarden	6001	2800013	116	0	0	0	0	0	1	1	0	258.03216552734375	114.68064880371094	129.55152893066406	0.0	0.0	0.0	0	0	1	0	0
skygarden	6001	2800014	50	1	7000207	1	2001	5600035	0	0	0	241.7259979248047	113.73072052001953	165.73199462890625	0.0	44.999996185302734	0.0	0	0	1	0	1
skygarden	6001	2800015	50	1	7000207	1	2002	5600035	0	0	0	298.4178771972656	126.11905670166016	142.04501342773438	0.0	90.0	0.0	0	0	1	0	1
skygarden	6001	2800016	1	0	0	0	0	0	0	0	0	283.20001220703125	114.69843292236328	164.5	0.0	0.0	0.0	0	0	0	0	0
skygarden	6001	2800017	1	0	0	0	0	0	0	0	0	286.20001220703125	114.69843292236328	203.72000122070312	0.0	0.0	0.0	0	0	0	0	0
skygarden	6001	2800018	1	0	0	0	0	0	0	0	0	268.8999938964844	114.69843292236328	150.8000030517578	0.0	0.0	0.0	0	0	0	0	0
skygarden	6001	2800019	1	0	0	0	0	0	0	0	0	294.29998779296875	126.63999938964844	150.8000030517578	0.0	0.0	0.0	0	0	0	0	0
skygarden	6001	2800020	1	0	0	0	0	0	0	0	0	287.20001220703125	283.2999572753906	269.6142272949219	0.0	0.0	0.0	0	0	0	0	0
skygarden	6001	2800021	1	0	0	0	0	0	0	0	0	253.8300018310547	275.4119873046875	257.010009765625	0.0	0.0	0.0	0	0	0	0	0
skygarden	6001	2800022	1	0	0	0	0	0	0	0	0	228.8000030517578	294.2099914550781	269.6142272949219	0.0	0.0	0.0	0	0	0	0	0
skygarden	6001	2800023	1	0	0	0	0	0	0	0	0	271.8999938964844	290.8800048828125	269.6142272949219	0.0	0.0	0.0	0	0	0	0	0
skygarden	6001	2800024	1	0	0	0	0	0	0	0	0	647.5	203.82000732421875	269.6142272949219	0.0	0.0	0.0	0	0	0	0	0
skygarden	6001	2800025	1	0	0	0	0	0	0	0	0	333.0	205.27000427246094	173.3000030517578	0.0	0.0	0.0	0	0	0	0	0
skygarden	6001	2800026	1	0	0	0	0	0	0	0	0	317.32000732421875	130.05999755859375	162.85000610351562	0.0	0.0	0.0	0	0	0	0	0
skygarden	6001	2800027	1	0	0	0	0	0	0	0	0	336.70001220703125	221.7899932861328	161.1999969482422	0.0	0.0	0.0	0	0	0	0	0
skygarden	6001	2800028	1	0	0	0	0	0	0	0	0	337.3999938964844	223.49000549316406	181.39999389648438	0.0	0.0	0.0	0	0	0	0	0
skygarden	6001	2800029	1	0	0	0	0	0	0	0	0	365.0	217.08999633789062	171.6999969482422	0.0	0.0	0.0	0	0	0	0	0
skygarden	6001	2800030	1	0	0	0	0	0	0	0	0	341.3999938964844	212.47000122070312	163.83999633789062	0.0	0.0	0.0	0	0	0	0	0
skygarden	6001	2800031	1	0	0	0	0	0	0	0	0	374.04998779296875	126.52999877929688	162.05999755859375	0.0	179.99969482421875	0.0	0	0	0	0	0
skygarden	6001	2800032	1	0	0	0	0	0	0	0	0	344.4100036621094	285.8900146484375	209.6999969482422	0.0	0.0	0.0	0	0	0	0	0
skygarden	6001	2800033	50	1	7000207	1	2006	5600035	0	0	0	554.670166015625	199.8527374267578	273.3298645019531	0.0	179.87229919433594	0.0	0	0	1	0	1
skygarden	6001	2800034	1	0	0	0	0	0	0	0	0	344.18701171875	212.343994140625	173.0679931640625	0.0	0.0	0.0	1	0	1	0	0
skygarden	6001	2800035	116	0	0	0	0	0	1	1	0	296.88690185546875	126.11774444580078	174.6531524658203	0.0	0.0	0.0	0	0	1	0	0
skygarden	7003	2900001	52	0	0	0	0	0	0	0	0	271.5375061035156	225.8488006591797	908.72998046875	-0.0	0.0	0.0	0	0	1	0	0
skygarden	7003	2900002	371	0	0	0	0	0	0	0	0	305.3380126953125	224.47000122070312	910.927978515625	-0.0	90.0	-0.0	0	1	0	0	0
skygarden	7003	2900003	342	0	0	0	0	0	0	0	0	348.8190002441406	224.24000549316406	918.3870239257812	-0.0	140.40000915527344	-0.0	0	-1	0	0	0
skygarden	7003	2900004	342	0	0	0	0	0	0	0	0	348.6889953613281	224.1699981689453	903.2329711914062	-0.0	39.999996185302734	-0.0	0	-1	0	0	0
skygarden	7003	2900005	342	0	0	0	0	0	0	0	0	295.47100830078125	224.25999450683594	922.677978515625	0.0	210.0	0.0	0	-1	0	0	0
skygarden	7003	2900006	342	0	0	0	0	0	0	0	0	295.37200927734375	224.25100708007812	899.416015625	0.0	330.9000244140625	0.0	0	-1	0	0	0
skygarden	7003	2900007	362	0	0	0	0	0	0	0	0	236.58999633789062	224.63999938964844	913.4600219726562	-0.0	0.0	0.0	0	1	1	0	0
skygarden	7003	2900008	362	0	0	0	0	0	0	0	0	236.60699462890625	224.64500427246094	908.6799926757812	-0.0	0.0	0.0	0	1	0	0	0
skygarden	7003	2900009	1	0	0	0	0	0	0	0	0	305.0899963378906	224.83999633789062	911.1500244140625	-0.0	0.0	0.0	0	1	0	0	0
skygarden	7003	2900011	417	0	0	0	0	0	0	0	0	268.03399658203125	226.22999572753906	910.9500122070312	-0.0	0.0	0.0	0	1	0	0	0
skygarden	7003	2900010	1	0	0	0	0	0	0	0	0	319.3999938964844	231.89999389648438	917.769287109375	-0.0	0.0	0.0	1	1	0	0	0
skygarden	9001	400001	36	0	0	0	0	0	0	0	0	562.5999755859375	143.6999969482422	1362.300048828125	0.0	0.0	0.0	1	0	1	0	0
skygarden	9001	400002	36	0	0	0	0	0	0	0	0	540.7000122070312	143.6999969482422	1347.699951171875	0.0	0.0	0.0	1	0	1	0	0
skygarden	500101	2200001	345	0	0	0	0	0	0	0	0	610.248779296875	195.95640563964844	1023.547119140625	18.537967681884766	-0.0	-0.0	0	-1	0	0	0
skygarden	500101	2200002	345	0	0	0	0	0	0	0	0	608.9210205078125	195.91160583496094	1023.7058715820312	15.662525177001953	-0.0	-0.0	0	-1	0	0	0
skygarden	500101	2200003	345	0	0	0	0	0	0	0	0	610.2322998046875	195.9738006591797	1020.2725219726562	-0.0	0.0	0.0	0	-1	0	0	0
skygarden	500101	2200004	345	0	0	0	0	0	0	0	0	608.765380859375	195.9420928955078	1016.4161987304688	-0.0	0.0	0.0	0	-1	0	0	0
skygarden	500101	2200006	345	0	0	0	0	0	0	0	0	616.510986328125	195.8780059814453	1016.4089965820312	10.198519706726074	-0.0	-0.0	0	-1	0	0	0
skygarden	500101	2200007	345	0	0	0	0	0	0	0	0	618.0419921875	195.90199279785156	1016.4190063476562	5.489016056060791	-0.0	-0.0	0	-1	0	0	0
skygarden	500101	2200008	3	0	0	0	0	0	0	0	0	568.8099975585938	193.14999389648438	1038.43994140625	-0.0	0.0	0.0	0	-1	0	0	0
skygarden	500101	2200009	3	0	0	0	0	0	0	0	0	592.051513671875	195.03517150878906	964.7340087890625	-0.0	0.0	0.0	0	-1	0	0	0
skygarden	500101	2200010	3	0	0	0	0	0	0	0	0	599.3158569335938	196.05516052246094	965.23291015625	-0.0	0.0	0.0	0	-1	0	0	0
skygarden	500101	2200011	3	0	0	0	0	0	0	0	0	603.085205078125	194.1999969482422	970.8189697265625	-0.0	0.0	0.0	0	-1	0	0	0
skygarden	500101	2200012	3	0	0	0	0	0	0	0	0	593.8200073242188	195.2100067138672	970.739013671875	-0.0	0.0	0.0	0	-1	0	0	0
skygarden	500101	2200013	3	0	0	0	0	0	0	0	0	593.5399780273438	194.34127807617188	1030.6500244140625	-0.0	0.0	0.0	0	-1	0	0	0
skygarden	500101	2200014	1	0	0	0	0	0	0	0	0	597.78515625	194.06788635253906	991.6694946289062	-0.0	0.0	0.0	0	-1	0	0	0
skygarden	500101	2200017	3	0	0	0	0	0	0	0	0	620.5499877929688	189.97889709472656	903.4099731445312	-0.0	0.0	0.0	0	-1	0	0	0
skygarden	500101	2200018	3	0	0	0	0	0	0	0	0	583.010009765625	194.0976104736328	964.739990234375	-0.0	0.0	0.0	0	-1	0	0	0
skygarden	500101	2200019	363	0	0	0	0	0	0	0	0	587.4550170898438	194.91900634765625	1006.4639892578125	-0.0	0.0	0.0	0	-1	0	0	0
skygarden	500101	2200020	364	0	0	0	0	0	0	0	0	590.3610229492188	194.91900634765625	1006.4639892578125	-0.0	0.0	0.0	0	-1	0	0	0
skygarden	500101	2200021	1	0	0	0	0	0	0	0	0	588.8222045898438	194.06788635253906	1005.2322998046875	-0.0	0.0	0.0	0	-1	0	0	0
skygarden	500101	2200022	1	0	0	0	0	0	0	0	0	588.8400268554688	193.75	1008.3699951171875	-0.0	0.0	0.0	0	0	0	0	0
skygarden	500101	2200024	3	0	0	0	0	0	0	0	0	584.0380249023438	194.51800537109375	1007.2999877929688	-0.0	0.0	0.0	0	-1	0	0	0
skygarden	500101	2200025	389	0	0	0	0	0	0	0	0	613.4249877929688	194.6490020751953	1011.0499877929688	0.0	270.00006103515625	0.0	0	-1	0	0	0
skygarden	500101	2200023	390	0	0	0	0	0	0	0	0	564.22998046875	193.66000366210938	1081.6800537109375	-0.0	122.18697357177734	-0.0	1	0	0	0	0
skygarden	500101	2200026	391	0	0	0	0	0	0	0	0	577.4299926757812	193.66000366210938	1074.5899658203125	0.0	302.655029296875	0.0	1	0	0	0	0
skygarden	500101	2200027	394	0	0	0	0	0	0	0	0	613.5960083007812	200.5709991455078	1018.7310180664062	-0.0	0.0	0.0	0	-1	0	0	0
skygarden	500101	2200028	395	0	0	0	0	0	0	0	0	479.15399169921875	194.343994140625	1008.72802734375	-0.0	0.0	0.0	1	-1	0	0	0
skygarden	500101	2200029	397	0	0	0	0	0	0	0	0	480.09698486328125	195.0469970703125	1008.843017578125	-0.0	0.0	0.0	1	-1	0	0	0
skygarden	500101	2200030	396	0	0	0	0	0	0	0	0	480.6809997558594	194.32200622558594	1030.7459716796875	-0.0	0.0	0.0	1	-1	0	0	0
skygarden	500101	2200031	395	0	0	0	0	0	0	0	0	481.9949951171875	196.72500610351562	1031.009033203125	-0.0	0.0	0.0	1	-1	0	0	0
skygarden	500101	2200032	397	0	0	0	0	0	0	0	0	480.8659973144531	196.1699981689453	1031.821044921875	-0.0	0.0	0.0	1	-1	0	0	0
skygarden	500101	2200033	1	0	0	0	0	0	0	0	0	480.044189453125	192.9881134033203	1011.6417236328125	-0.0	0.0	0.0	0	-1	0	0	0
skygarden	500101	2200034	1	0	0	0	0	0	0	0	0	479.6600036621094	192.7406768798828	1029.1700439453125	-0.0	0.0	0.0	0	-1	0	0	0
skygarden	500101	2200005	1	0	0	0	0	0	0	0	0	355.93994140625	228.848876953125	909.7398071289062	-0.0	0.0	0.0	0	-1	0	0	0
skygarden	500101	2200036	1	0	0	0	0	0	0	0	0	334.2799987792969	224.21759033203125	911.39013671875	-0.0	0.0	0.0	1	-1	0	0	0
skygarden	500101	2200037	398	0	0	0	0	0	0	0	0	321.17999267578125	224.5	911.0999755859375	-0.0	0.0	0.0	1	-1	0	0	0
skygarden	500101	2200035	393	0	0	0	0	0	0	0	0	577.4299926757812	193.66000366210938	1074.5899658203125	0.0	302.655029296875	0.0	1	0	0	0	0
skygarden	500101	2200015	3	0	0	0	0	0	0	0	0	587.9877319335938	188.74594116210938	915.9285278320312	-0.0	0.0	0.0	0	-1	0	0	0
skygarden	500101	2200038	392	0	0	0	0	0	0	0	0	564.197998046875	193.66000366210938	1081.64501953125	-0.0	122.18697357177734	-0.0	1	0	0	0	0
skygarden	500101	2200040	125	0	0	0	0	0	0	0	0	613.510009765625	196.1699981689453	1021.0980224609375	-0.0	0.0	0.0	0	-1	0	0	0
skygarden	500101	2200041	125	0	0	0	0	0	0	0	0	610.6669921875	195.31399536132812	1023.8280029296875	-0.0	0.0	0.0	0	-1	0	0	0
skygarden	500101	2200042	125	0	0	0	0	0	0	0	0	618.5923461914062	195.52000427246094	1020.624267578125	-0.0	0.0	0.0	0	-1	0	0	0
skygarden	500101	2200043	125	0	0	0	0	0	0	0	0	617.072998046875	195.47572326660156	1016.8060302734375	-0.0	0.0	0.0	0	-1	0	0	0
skygarden	500101	2200044	125	0	0	0	0	0	0	0	0	593.786865234375	195.2616424560547	970.1799926757812	-0.0	0.0	0.0	0	-1	0	0	0
skygarden	500101	2200045	125	0	0	0	0	0	0	0	0	603.76025390625	195.1199951171875	970.4099731445312	-0.0	0.0	0.0	0	-1	0	0	0
skygarden	500101	2200046	125	0	0	0	0	0	0	0	0	591.739990234375	195.06600952148438	964.8200073242188	-0.0	0.0	0.0	0	-1	0	0	0
skygarden	500101	2200047	125	0	0	0	0	0	0	0	0	599.5943603515625	195.05934143066406	964.6799926757812	-0.0	0.0	0.0	0	-1	0	0	0
skygarden	500101	2200048	125	0	0	0	0	0	0	0	0	583.2310180664062	195.05999755859375	1007.9110107421875	-0.0	0.0	0.0	0	-1	0	0	0
skygarden	500101	2200050	400	0	0	0	0	0	0	0	0	567.6799926757812	192.52000427246094	822.6799926757812	-0.0	0.0	0.0	0	-1	0	0	0
skygarden	500101	2200049	3	0	0	0	0	0	0	0	0	560.1500244140625	193.2899932861328	828.6500244140625	-0.0	0.0	0.0	0	-1	0	0	0
skygarden	500101	2200016	3	0	0	0	0	0	0	0	0	573.5659790039062	193.61700439453125	1024.7325439453125	-0.0	0.0	0.0	0	-1	0	0	0
skygarden	500101	2200039	52	0	0	0	0	0	0	0	0	0.0	0.0	0.0	-0.0	0.0	0.0	0	-1	0	0	0
skygarden	500101	2200051	52	0	0	0	0	0	0	0	0	581.2839965820312	190.97799682617188	1094.27099609375	-0.0	0.0	0.0	0	0	0	0	0
skygarden	500102	2100001	269	0	0	0	0	0	0	0	0	583.592529296875	190.24000549316406	922.780029296875	0.0	0.0	0.0	0	1	1	0	0
skygarden	500102	2100002	269	0	0	0	0	0	0	0	0	544.2943115234375	190.19900512695312	934.3870239257812	0.0	0.0	0.0	0	1	1	0	0
skygarden	500102	2100003	56	0	0	0	0	0	0	0	0	581.3569946289062	189.55404663085938	935.3270263671875	0.0	90.49315643310547	0.0	0	1	1	0	0
skygarden	500102	2100004	269	0	0	0	0	0	0	0	0	592.89697265625	190.19900512695312	933.6060180664062	0.0	0.0	0.0	0	1	1	0	0
skygarden	500102	2100005	56	0	0	0	0	0	0	0	0	588.6690063476562	190.0071258544922	917.4990234375	0.0	0.0	0.0	0	1	1	0	0
skygarden	500102	2100006	269	0	0	0	0	0	0	0	0	568.1810302734375	190.19900512695312	918.6699829101562	0.0	0.0	0.0	0	1	1	0	0
skygarden	500102	2100007	269	0	0	0	0	0	0	0	0	603.3921508789062	189.85800170898438	895.68701171875	0.0	0.0	0.0	0	1	1	0	0
skygarden	500102	2100008	1	0	0	0	0	0	0	0	0	585.0155639648438	191.4340057373047	936.2670288085938	0.0	0.0	0.0	0	1	0	0	0
skygarden	500102	2100009	1	0	0	0	0	0	0	0	0	567.6900024414062	190.70700073242188	916.8800048828125	0.0	0.0	0.0	0	1	0	0	0
skygarden	500102	2100010	1	0	0	0	0	0	0	0	0	551.4431762695312	191.1510009765625	936.1500244140625	0.0	0.0	0.0	0	1	0	0	0
skygarden	500103	2300001	1	0	0	0	0	0	0	0	0	464.980224609375	193.8146209716797	1020.3134155273438	0.0	0.0	0.0	0	1	1	0	0
skygarden	500103	2300002	1	0	0	0	0	0	0	0	0	480.0349426269531	194.1386260986328	1011.6361694335938	0.0	0.0	0.0	0	1	1	0	0
skygarden	500103	2300003	1	0	0	0	0	0	0	0	0	480.1362609863281	194.1331024169922	1029.187255859375	0.0	0.0	0.0	0	1	1	0	0
skygarden	500103	2300004	1	0	0	0	0	0	0	0	0	485.1057434082031	190.04916381835938	1000.6255493164062	0.0	0.0	0.0	0	1	1	0	0
skygarden	500103	2300005	1	0	0	0	0	0	0	0	0	498.7301025390625	190.4718475341797	1008.3213500976562	0.0	0.0	0.0	0	1	1	0	0
skygarden	500103	2300006	269	0	0	0	0	0	0	0	0	498.7301025390625	190.4718475341797	1008.3213500976562	0.0	0.0	0.0	0	1	0	0	0
skygarden	500103	2300007	269	0	0	0	0	0	0	0	0	485.1057434082031	190.04916381835938	1000.6255493164062	0.0	0.0	0.0	0	1	0	0	0
skygarden	500103	2300008	269	0	0	0	0	0	0	0	0	480.1362609863281	194.1331024169922	1029.187255859375	0.0	0.0	0.0	0	1	0	0	0
skygarden	500103	2300009	1	0	0	0	0	0	0	0	0	480.0349426269531	194.1386260986328	1011.6361694335938	0.0	0.0	0.0	0	1	0	0	0
skygarden	500103	2300010	1	0	0	0	0	0	0	0	0	464.980224609375	193.8146209716797	1020.3134155273438	0.0	0.0	0.0	0	1	0	0	0
skygarden	500105	1900001	269	0	0	0	0	0	0	0	0	404.2099914550781	214.85194396972656	911.3154296875	-0.0	0.0	0.0	0	1	1	0	0
skygarden	500105	1900002	269	0	0	0	0	0	0	0	0	390.2040100097656	215.36500549316406	901.5913696289062	-0.0	0.0	0.0	0	1	1	0	0
skygarden	500105	1900003	269	0	0	0	0	0	0	0	0	373.28387451171875	215.222900390625	910.8800048828125	-0.0	0.0	0.0	0	1	1	0	0
skygarden	500105	1900004	269	0	0	0	0	0	0	0	0	288.3210144042969	225.83700561523438	916.9515380859375	-0.0	0.0	0.0	0	1	1	0	0
skygarden	500105	1900005	269	0	0	0	0	0	0	0	0	281.23980712890625	226.67999267578125	891.8172607421875	-0.0	0.0	0.0	0	1	1	0	0
skygarden	500105	1900006	269	0	0	0	0	0	0	0	0	268.42401123046875	227.3459930419922	911.010009765625	-0.0	0.0	0.0	0	1	1	0	0
skygarden	500105	1900007	269	0	0	0	0	0	0	0	0	261.9800109863281	226.99000549316406	943.14501953125	-0.0	0.0	0.0	0	1	1	0	0
skygarden	500105	1900008	269	0	0	0	0	0	0	0	0	302.6300048828125	236.75999450683594	910.8516845703125	-0.0	0.0	0.0	0	1	1	0	0
skygarden	500105	1900009	56	0	0	0	0	0	0	0	0	352.096923828125	215.7869415283203	912.9126586914062	-0.0	0.0	0.0	0	1	0	0	0
skygarden	500105	1900010	269	0	0	0	0	0	0	0	0	352.0820007324219	215.78536987304688	912.906005859375	-0.0	0.0	0.0	0	1	1	0	0
skygarden	500105	1900011	269	0	0	0	0	0	0	0	0	366.1622009277344	225.39096069335938	903.93701171875	-0.0	0.0	0.0	0	1	1	0	0
skygarden	500105	1900012	138	0	0	0	0	0	0	0	0	366.1600036621094	225.38600158691406	903.9400024414062	-0.0	0.0	0.0	0	1	0	0	0
skygarden	500105	1900013	124	0	0	0	0	0	0	0	0	233.60299682617188	225.80392456054688	906.9530029296875	-0.0	0.0	0.0	0	1	1	0	0
skygarden	500105	1900014	324	0	0	0	0	0	0	0	0	233.61599731445312	225.79800415039062	906.9669799804688	-0.0	0.0	0.0	0	1	0	0	0
skygarden	500105	1900015	269	0	0	0	0	0	0	0	0	268.6260070800781	225.76699829101562	885.3309936523438	-0.0	0.0	0.0	0	1	1	0	0
skygarden	500105	1900016	324	0	0	0	0	0	0	0	0	268.6340026855469	225.48724365234375	885.3150024414062	-0.0	0.0	0.0	0	1	0	0	0
skygarden	500105	1900017	269	0	0	0	0	0	0	0	0	232.4199981689453	226.8300018310547	911.9199829101562	-0.0	0.0	0.0	0	1	1	0	0
skygarden	500105	1900018	269	0	0	0	0	0	0	0	0	291.1199951171875	235.38299560546875	910.9609985351562	-0.0	0.0	0.0	0	1	1	0	0
skygarden	500106	2000001	3	0	0	0	0	0	0	0	0	229.39999389648438	235.63800048828125	910.9199829101562	0.0	0.0	0.0	0	0	1	0	0
skygarden	500106	2000002	3	0	0	0	0	0	0	0	0	223.61900329589844	234.8280029296875	898.176025390625	0.0	0.0	0.0	1	0	1	0	0
skygarden	500106	2000003	1	0	0	0	0	0	0	0	0	273.7642517089844	225.84881591796875	911.3080444335938	0.0	0.0	0.0	1	1	0	0	0
skygarden	500107	2400001	138	0	0	0	0	0	0	0	0	532.2969970703125	186.9409942626953	958.0059814453125	-0.0	52.467620849609375	-0.0	0	0	1	0	0
skygarden	500107	2400002	56	0	0	0	0	0	0	0	0	497.3840026855469	186.4064483642578	955.375	0.0	304.5273742675781	0.0	0	0	1	0	0
skygarden	500107	2400003	324	0	0	0	0	0	0	0	0	524.9739990234375	186.41900634765625	953.7249755859375	359.46209716796875	317.68109130859375	269.4093017578125	0	0	1	0	0
skygarden	500107	2400004	52	0	0	0	0	0	0	0	0	538.1849975585938	188.74594116210938	928.8200073242188	-0.0	133.5900421142578	-0.0	0	0	0	0	0
skygarden	500107	2400005	124	0	0	0	0	0	0	0	0	538.2360229492188	189.87359619140625	928.7979736328125	-0.0	0.0	0.0	0	0	1	0	0
skygarden	500107	2400006	1	0	0	0	0	0	0	0	0	489.90301513671875	186.5182647705078	961.2379760742188	-0.0	0.0	0.0	0	0	0	1	0
skygarden	500107	2400007	404	0	0	0	0	0	0	0	0	550.6259765625	192.35650634765625	832.3200073242188	-0.0	179.97401428222656	-0.0	0	0	0	0	0
skygarden	600101	3200003	3	0	0	0	0	0	0	0	0	355.5060119628906	285.385009765625	199.74000549316406	0.0	272.6654052734375	0.0	0	1	1	0	0
skygarden	600101	3200004	3	0	0	0	0	0	0	0	0	388.1400146484375	210.9929962158203	173.01300048828125	0.0	271.39739990234375	0.0	0	1	1	0	0
skygarden	600101	3200005	3	0	0	0	0	0	0	0	0	382.7650146484375	126.21900177001953	162.05999755859375	0.0	269.8470458984375	0.0	0	1	1	0	0
skygarden	600101	3200001	1	0	0	0	0	0	0	0	0	0.0	0.0	0.0	-0.0	0.0	0.0	0	0	0	0	0
skygarden	600101	3200002	125	0	0	0	0	0	0	0	0	358.1500549316406	127.97315216064453	168.75057983398438	-0.0	0.0	0.0	0	1	1	0	0
skygarden	600101	3200006	3	0	0	0	0	0	0	0	0	409.5539855957031	293.11199951171875	269.5326843261719	-0.0	0.0	0.0	0	1	1	0	0
skygarden	600101	3200007	1	0	0	0	0	0	0	0	0	381.8809814453125	126.67232513427734	162.347412109375	-0.0	0.0	0.0	0	1	0	0	0
skygarden	600101	3200008	1	0	0	0	0	0	0	0	0	338.94000244140625	218.91920471191406	162.5500030517578	-0.0	0.0	0.0	0	1	0	0	0
skygarden	600101	3200009	125	0	0	0	0	0	0	0	0	342.0035400390625	220.04176330566406	172.669189453125	-0.0	0.0	0.0	0	1	1	0	0
skygarden	600101	3200010	125	0	0	0	0	0	0	0	0	336.5050048828125	219.6831512451172	179.6350555419922	-0.0	0.0	0.0	0	1	1	0	0
skygarden	600101	3200011	137	0	0	0	0	0	0	0	0	336.5849304199219	219.69400024414062	179.50245666503906	-0.0	57.87319564819336	-0.0	0	1	0	0	0
skygarden	600101	3200012	125	0	0	0	0	0	0	0	0	339.73138427734375	219.904541015625	191.22999572753906	-0.0	0.0	0.0	0	1	1	0	0
skygarden	600101	3200013	125	0	0	0	0	0	0	0	0	340.9800109863281	212.4173126220703	164.42588806152344	-0.0	0.0	0.0	0	1	1	0	0
skygarden	600101	3200014	125	0	0	0	0	0	0	0	0	334.1674499511719	213.10287475585938	173.57000732421875	-0.0	0.0	0.0	0	1	1	0	0
skygarden	600101	3200015	125	0	0	0	0	0	0	0	0	341.0025939941406	287.5929870605469	207.94741821289062	-0.0	0.0	0.0	0	1	1	0	0
skygarden	600101	3200016	1	0	0	0	0	0	0	0	0	366.70513916015625	214.7781219482422	147.3800048828125	-0.0	0.0	0.0	0	1	1	0	0
skygarden	600101	3200017	443	0	0	0	0	0	0	0	0	365.3299865722656	211.4444122314453	173.4499969482422	0.0	270.0	0.0	0	1	0	0	0
skygarden	600101	3200019	442	0	0	0	0	0	0	0	0	380.7900085449219	211.5189971923828	181.64999389648438	0.0	180.0	0.0	0	1	1	0	0
skygarden	600101	3200020	445	0	0	0	0	0	0	0	0	376.885986328125	211.478515625	168.91000366210938	-0.0	0.0	0.0	0	1	0	0	0
skygarden	600101	3200021	444	0	0	0	0	0	0	0	0	365.3299865722656	211.4444122314453	173.4499969482422	0.0	270.0	0.0	0	1	0	0	0
skygarden	600101	3200022	1	0	0	0	0	0	0	0	0	366.4618225097656	211.4444122314453	173.5606231689453	-0.0	0.0	0.0	0	1	0	0	0
skygarden	600101	3200018	441	0	0	0	0	0	0	0	0	380.7900085449219	211.55999755859375	181.74000549316406	0.0	180.0	0.0	0	1	0	0	0
skygarden	600101	3200023	446	0	0	0	0	0	0	0	0	347.12298583984375	218.94900512695312	170.4759979248047	-0.0	0.0	0.0	0	1	0	0	0
skygarden	600101	3200024	446	0	0	0	0	0	0	0	0	347.12298583984375	218.9320068359375	175.69500732421875	-0.0	0.0	0.0	0	1	0	0	0
skygarden	600101	3200025	447	0	0	0	0	0	0	0	0	352.80999755859375	211.4499969482422	173.02999877929688	-0.0	0.0	0.0	0	1	0	0	0
skygarden	600101	3200026	56	0	0	0	0	0	0	0	0	336.5060119628906	219.697998046875	184.36000061035156	-0.0	43.404117584228516	-0.0	0	1	1	0	0
skygarden	600101	3200027	467	0	0	0	0	0	0	0	0	352.80999755859375	211.4499969482422	173.02999877929688	-0.0	0.0	0.0	0	1	0	0	0
skygarden	600101	3200028	465	0	0	0	0	0	0	0	0	352.80999755859375	211.4499969482422	173.02999877929688	-0.0	0.0	0.0	0	1	0	0	0
skygarden	600101	3200029	466	0	0	0	0	0	0	0	0	352.80999755859375	211.4499969482422	173.02999877929688	-0.0	0.0	0.0	0	1	0	0	0
skygarden	600101	3200031	1	0	0	0	0	0	0	0	0	352.80999755859375	211.4499969482422	173.02999877929688	-0.0	0.0	0.0	0	1	0	0	0
skygarden	600102	2900001	1	0	0	0	0	0	0	0	0	668.5479736328125	208.4600067138672	269.9599914550781	-0.0	0.0	0.0	0	1	1	0	0
skygarden	600102	2900002	56	0	0	0	0	0	0	0	0	651.8480224609375	203.39999389648438	294.5400085449219	-0.0	0.0	0.0	0	1	1	0	0
skygarden	600102	2900003	3	0	0	0	0	0	0	0	0	536.2899780273438	201.50999450683594	269.3999938964844	-0.0	0.0	0.0	0	1	1	0	0
skygarden	600102	2900004	700314	0	0	0	0	0	0	0	0	590.9099731445312	199.8699951171875	269.6700134277344	-0.0	90.0	-0.0	0	1	0	0	0
skygarden	600103	3900001	1	0	0	0	0	0	0	0	0	242.32699584960938	275.81298828125	269.6910095214844	-0.0	0.0	0.0	0	1	1	0	0
skygarden	600103	3900002	1	0	0	0	0	0	0	0	0	239.20899963378906	293.7829895019531	269.5539855957031	-0.0	0.0	0.0	0	1	1	0	0
skygarden	600103	3900003	1	0	0	0	0	0	0	0	0	356.8999938964844	293.7829895019531	269.4599914550781	-0.0	0.0	0.0	0	1	1	0	0
skygarden	600103	3900004	1	0	0	0	0	0	0	0	0	329.0799865722656	290.4700012207031	275.1199951171875	-0.0	0.0	0.0	0	1	1	0	0
skygarden	600103	3900005	1	0	0	0	0	0	0	0	0	259.02398681640625	290.94000244140625	274.56201171875	-0.0	0.0	0.0	0	1	1	0	0
skygarden	600103	3900006	1	0	0	0	0	0	0	0	0	262.6960144042969	291.489990234375	257.1669921875	-0.0	0.0	0.0	0	1	1	0	0
skygarden	600103	3900007	1	0	0	0	0	0	0	0	0	346.8949890136719	285.9320068359375	210.0050048828125	-0.0	0.0	0.0	0	1	1	0	0
skygarden	600103	3900008	138	0	0	0	0	0	0	0	0	346.934326171875	285.8789978027344	210.033935546875	-0.0	18.68671226501465	-0.0	0	1	0	0	0
skygarden	600103	3900009	1	0	0	0	0	0	0	0	0	239.8820037841797	293.5039978027344	268.8059997558594	-0.0	0.0	0.0	1	1	1	0	0
skygarden	600103	3900010	419	0	0	0	0	0	0	0	0	239.71200561523438	292.90301513671875	268.7309875488281	-0.0	18.68671226501465	-0.0	1	1	0	0	0
skygarden	600103	3900011	1	0	0	0	0	0	0	0	0	285.6626892089844	289.1711120605469	262.8683776855469	-0.0	0.0	0.0	0	0	0	0	0
skygarden	600103	3900012	1	0	0	0	0	0	0	0	0	274.714599609375	289.1711120605469	219.22412109375	-0.0	0.0	0.0	0	0	0	0	0
skygarden	600104	4000001	269	0	0	0	0	0	0	0	0	292.1499938964844	114.77799987792969	154.3800048828125	-0.0	0.0	0.0	1	1	1	0	0
skygarden	600104	4000003	1	0	0	0	0	0	0	0	0	256.95098876953125	116.07099914550781	137.177001953125	-0.0	0.0	0.0	0	1	1	0	0
skygarden	600104	4000004	1	0	0	0	0	0	0	0	0	243.04100036621094	114.97000122070312	146.927001953125	-0.0	0.0	0.0	0	1	1	0	0
skygarden	600104	4000005	324	0	0	0	0	0	0	0	0	333.0929870605469	126.61900329589844	181.90199279785156	0.0	305.72589111328125	0.0	0	1	0	0	0
skygarden	600104	4000006	1	0	0	0	0	0	0	0	0	333.1169738769531	126.64800262451172	181.91400146484375	-0.0	0.0	0.0	0	1	1	0	0
skygarden	600104	4000007	1	0	0	0	0	0	0	0	0	298.07000732421875	121.0	147.7899932861328	-0.0	0.0	0.0	1	0	0	1	0
skygarden	600104	4000008	269	0	0	0	0	0	0	0	0	315.75	127.62799835205078	140.4409942626953	-0.0	0.0	0.0	0	1	1	0	0
skygarden	600104	4000009	269	0	0	0	0	0	0	0	0	315.75	127.62799835205078	183.58999633789062	-0.0	0.0	0.0	0	1	1	0	0
skygarden	600104	4000010	51	0	0	0	0	0	0	0	0	309.8080749511719	126.12532043457031	178.59568786621094	-0.0	147.6392822265625	-0.0	1	0	1	0	0
skygarden	600104	4000011	1	0	0	0	0	0	0	0	0	274.06298828125	122.02999877929688	174.98199462890625	-0.0	0.0	0.0	0	1	1	0	0
skygarden	600104	4000012	1	0	0	0	0	0	0	0	0	271.71099853515625	115.68000030517578	176.76699829101562	-0.0	0.0	0.0	0	1	1	0	0
skygarden	600104	4000014	1	0	0	0	0	0	0	0	0	293.1549987792969	115.5999984741211	155.0800018310547	-0.0	0.0	0.0	0	1	0	0	0
skygarden	600104	4000015	1	0	0	0	0	0	0	0	0	293.1549987792969	115.5999984741211	155.0800018310547	-0.0	0.0	0.0	0	1	0	0	0
skygarden	600104	4000016	408	0	0	0	0	0	0	0	0	298.718994140625	125.91100311279297	147.66299438476562	0.0	180.0	0.0	0	0	1	0	0
skygarden	600104	4000017	1	0	0	0	0	0	0	0	0	298.718994140625	125.91100311279297	147.66299438476562	0.0	180.0	0.0	0	0	0	0	0
skygarden	600104	4000018	1	0	0	0	0	0	0	0	0	298.718994140625	115.0	147.66299438476562	0.0	180.0	0.0	0	0	0	0	0
skygarden	600104	4000019	1	0	0	0	0	0	0	0	0	298.07000732421875	121.0	147.7899932861328	-0.0	0.0	0.0	1	0	0	1	0
skygarden	600104	4000020	1	0	0	0	0	0	0	0	0	290.5889892578125	127.8479995727539	154.18099975585938	-0.0	0.0	0.0	0	1	1	0	0
skygarden	600104	4000021	1	0	0	0	0	0	0	0	0	240.6179962158203	114.97000122070312	146.875	-0.0	0.0	0.0	0	1	1	0	0
skygarden	600104	4000002	52	0	0	0	0	0	0	0	0	290.5668029785156	126.66813659667969	154.18051147460938	-0.0	90.0	-0.0	0	0	0	0	0
skygarden	600105	3100001	435	0	0	0	0	0	0	0	0	352.8630065917969	217.59800720214844	154.9669952392578	-0.0	47.075927734375	-0.0	1	0	1	0	1
skygarden	600105	3100002	409	0	0	0	0	0	0	0	0	375.0045166015625	211.44200134277344	174.26699829101562	-0.0	0.0	0.0	1	0	0	0	1
skygarden	600105	3100003	409	0	0	0	0	0	0	0	0	376.6910095214844	211.47000122070312	167.07899475097656	-0.0	62.8380126953125	-0.0	1	0	0	0	1
skygarden	600105	3100005	403	0	0	0	0	0	0	0	0	257.5589904785156	114.27899932861328	218.74000549316406	0.0	329.8226318359375	0.0	0	0	0	0	0
skygarden	600105	3100004	1	0	0	0	0	0	0	0	0	257.4800109863281	115.11000061035156	218.7607421875	-0.0	0.0	0.0	0	0	1	0	0
skygarden	600105	3100006	413	0	0	0	0	0	0	0	0	292.9630126953125	115.15399932861328	172.55999755859375	-0.0	90.0	-0.0	1	0	0	0	0
skygarden	600105	3100007	414	0	0	0	0	0	0	0	0	292.0199890136719	115.55000305175781	172.74400329589844	-0.0	0.0	0.0	1	0	0	0	0
skygarden	600105	3100008	409	0	0	0	0	0	0	0	0	369.01214599609375	211.47000122070312	160.65370178222656	0.0	276.617919921875	0.0	1	0	0	0	1
skygarden	600105	3100009	409	0	0	0	0	0	0	0	0	366.00701904296875	214.02999877929688	151.114501953125	0.0	319.41864013671875	0.0	1	0	0	0	1
skygarden	600105	3100010	409	0	0	0	0	0	0	0	0	349.49200439453125	218.92100524902344	167.5019989013672	-0.0	25.2984619140625	-0.0	1	0	0	0	1
skygarden	600105	3100011	1	0	0	0	0	0	0	0	0	366.3675231933594	211.44439697265625	175.78726196289062	-0.0	0.0	0.0	1	0	0	0	0
skygarden	600105	3100012	1	0	0	0	0	0	0	0	0	324.0199279785156	125.79277038574219	165.58541870117188	-0.0	0.0	0.0	1	0	0	0	0
skygarden	600105	3100013	1	0	0	0	0	0	0	0	0	290.4172058105469	114.68062591552734	171.5612030029297	-0.0	0.0	0.0	1	0	0	0	0
skygarden	600105	3100014	1	0	0	0	0	0	0	0	0	324.17999267578125	125.79277038574219	167.02000427246094	-0.0	0.0	0.0	1	0	0	0	0
skygarden	600105	3100015	1	0	0	0	0	0	0	0	0	291.5199890136719	115.99810791015625	171.65626525878906	-0.0	0.0	0.0	1	0	0	0	0
skygarden	600106	4300001	52	0	0	0	0	0	0	0	0	260.3299865722656	114.19999694824219	218.9499969482422	0.0	148.7853546142578	0.0	0	0	0	0	0
skygarden	700302	3000001	1	0	0	0	0	0	0	0	0	383.1839904785156	128.60000610351562	162.02000427246094	0.0	270.0	0.0	0	0	1	0	0
skygarden	700302	3000002	1	0	0	0	0	0	0	0	0	388.864990234375	213.156005859375	172.9499969482422	-0.0	0.0	0.0	1	0	1	0	0
skygarden	700302	3000004	95	0	0	0	0	0	0	0	0	262.4200134277344	114.69843292236328	135.92999267578125	0.0	292.20001220703125	0.0	0	1	0	0	0
skygarden	700302	3000005	93	0	0	0	0	0	0	0	0	262.9419860839844	114.69843292236328	137.08599853515625	0.0	203.80001831054688	0.0	0	1	0	0	0
skygarden	700302	3000006	93	0	0	0	0	0	0	0	0	261.92999267578125	114.69843292236328	134.7570037841797	-0.0	19.240001678466797	-0.0	0	1	0	0	0
skygarden	700302	3000009	1	0	0	0	0	0	0	0	0	535.989990234375	201.97999572753906	269.5799865722656	-0.0	0.0	0.0	0	0	1	0	0
skygarden	700302	3000010	1	0	0	0	0	0	0	0	0	358.18798828125	128.25599670410156	169.0570068359375	-0.0	0.0	0.0	0	0	1	0	0
skygarden	700302	3000003	700305	0	0	0	0	0	0	0	0	262.4200134277344	115.41999816894531	135.92999267578125	0.0	292.20001220703125	0.0	0	0	1	0	0
skygarden	700302	3000014	372	0	0	0	0	0	0	0	0	367.32000732421875	212.83900451660156	174.6750030517578	-0.0	0.0	0.0	1	0	0	1	0
skygarden	700302	3000015	372	0	0	0	0	0	0	0	0	366.3999938964844	212.83900451660156	171.5	-0.0	0.0	0.0	1	0	0	1	0
skygarden	700302	3000019	1	0	0	0	0	0	0	0	0	297.510009765625	113.05000305175781	200.57000732421875	-0.0	0.0	0.0	0	-1	0	0	0
skygarden	700302	3000022	1	0	0	0	0	0	0	0	0	376.8179931640625	127.89900207519531	154.17599487304688	-0.0	0.0	0.0	0	0	1	0	0
skygarden	700302	3000023	1	0	0	0	0	0	0	0	0	267.510009765625	122.2300033569336	175.12399291992188	-0.0	0.0	0.0	0	0	1	0	0
skygarden	700302	3000024	700306	0	0	0	0	0	0	0	0	247.1016387939453	113.71893310546875	169.29348754882812	-0.0	134.32400512695312	-0.0	0	1	0	0	0
skygarden	700302	3000025	1	0	0	0	0	0	0	0	0	353.2900085449219	213.8000030517578	172.8699951171875	-0.0	0.0	0.0	0	1	0	0	0
skygarden	700302	3000007	700307	0	0	0	0	0	0	0	0	247.05999755859375	114.68599700927734	170.47000122070312	0.0	314.10687255859375	0.0	0	1	0	0	0
skygarden	700302	3000008	700315	0	0	0	0	0	0	0	0	247.88800048828125	114.72200012207031	168.71299743652344	-0.0	134.09999084472656	-0.0	0	0	1	0	0
skygarden	700302	3000012	700310	0	0	0	0	0	0	0	0	294.5769958496094	125.82499694824219	162.32000732421875	-0.0	0.0	0.0	1	0	0	0	0
skygarden	700302	3000013	700310	0	0	0	0	0	0	0	0	357.3500061035156	126.93000030517578	162.3780059814453	-0.0	0.0	0.0	1	0	0	0	0
skygarden	700302	3000016	1	0	0	0	0	0	0	0	0	409.760009765625	295.0299987792969	269.5899963378906	-0.0	0.0	0.0	0	0	1	0	0
skygarden	700302	3000017	700314	0	0	0	0	0	0	0	0	590.9099731445312	199.8699951171875	269.6700134277344	-0.0	90.0	-0.0	0	1	0	0	0
skygarden	700302	3000011	420	0	0	0	0	0	0	0	0	583.1630249023438	199.8527374267578	274.14801025390625	-0.0	0.0	0.0	0	1	0	0	0
skygarden	700302	3000018	420	0	0	0	0	0	0	0	0	560.0670166015625	199.8527374267578	274.14801025390625	-0.0	0.0	0.0	0	1	0	0	0
skygarden	700302	3000020	420	0	0	0	0	0	0	0	0	564.0900268554688	199.8527374267578	274.14801025390625	-0.0	0.0	0.0	0	1	0	0	0
skygarden	700302	3000021	420	0	0	0	0	0	0	0	0	575.219970703125	199.8527374267578	274.14801025390625	-0.0	0.0	0.0	0	1	0	0	0
skygarden	700302	3000026	420	0	0	0	0	0	0	0	0	549.260009765625	199.8527374267578	274.14801025390625	-0.0	0.0	0.0	0	1	0	0	0
skygarden	700302	3000027	420	0	0	0	0	0	0	0	0	541.9500122070312	199.8527374267578	274.14801025390625	-0.0	0.0	0.0	0	1	0	0	0
skygarden	700302	3000028	420	0	0	0	0	0	0	0	0	560.0670166015625	199.8527374267578	274.14801025390625	-0.0	0.0	0.0	0	1	0	0	0
skygarden	700302	3000029	420	0	0	0	0	0	0	0	0	622.0999755859375	203.5	264.4100036621094	-0.0	90.0	-0.0	0	1	0	0	0
skygarden	700302	3000030	420	0	0	0	0	0	0	0	0	575.030029296875	199.8527374267578	264.1499938964844	0.0	180.0	0.0	0	1	0	0	0
skygarden	700302	3000031	420	0	0	0	0	0	0	0	0	541.5999755859375	199.8527374267578	264.1499938964844	0.0	180.0	0.0	0	1	0	0	0
skygarden	700302	3000032	420	0	0	0	0	0	0	0	0	554.0900268554688	199.8527374267578	264.1499938964844	0.0	180.0	0.0	0	1	0	0	0
skygarden	700302	3000033	420	0	0	0	0	0	0	0	0	560.4500122070312	199.8527374267578	264.1499938964844	0.0	180.0	0.0	0	1	0	0	0
skygarden	700302	3000034	420	0	0	0	0	0	0	0	0	570.72998046875	199.8527374267578	264.1499938964844	0.0	180.0	0.0	0	1	0	0	0
skygarden	700302	3000035	420	0	0	0	0	0	0	0	0	622.0999755859375	203.5	277.1300048828125	-0.0	90.0	-0.0	0	1	0	0	0
skygarden	700302	3000036	420	0	0	0	0	0	0	0	0	655.1900024414062	203.4080047607422	262.9800109863281	0.0	309.0999755859375	0.0	0	1	0	0	0
skygarden	700302	3000037	420	0	0	0	0	0	0	0	0	667.530029296875	207.6750030517578	263.6600036621094	0.0	267.70001220703125	0.0	0	1	0	0	0
skygarden	700302	3000038	420	0	0	0	0	0	0	0	0	653.6300048828125	203.4080047607422	275.989990234375	0.0	244.39999389648438	0.0	0	1	0	0	0
skygarden	700302	3000039	420	0	0	0	0	0	0	0	0	667.6199951171875	207.6750030517578	275.5	0.0	267.70001220703125	0.0	0	1	0	0	0
skygarden	700302	3000040	419	0	0	0	0	0	0	0	0	241.47000122070312	293.0199890136719	270.7080078125	-0.0	-0.0	81.19999694824219	0	1	0	0	0
skygarden	700302	3000041	419	0	0	0	0	0	0	0	0	241.8509979248047	293.0159912109375	269.75299072265625	-0.0	-0.0	81.19999694824219	0	1	0	0	0
skygarden	700302	3000042	419	0	0	0	0	0	0	0	0	241.8509979248047	293.0159912109375	268.79400634765625	-0.0	-0.0	81.19999694824219	0	1	0	0	0
skygarden	700302	3000043	420	0	0	0	0	0	0	0	0	246.0399932861328	292.9425048828125	273.5299987792969	-0.0	90.0	-0.0	0	1	0	0	0
skygarden	700302	3000044	420	0	0	0	0	0	0	0	0	246.0399932861328	292.9425048828125	265.989990234375	-0.0	90.0	-0.0	0	1	0	0	0
skygarden	700302	3000045	419	0	0	0	0	0	0	0	0	356.0369873046875	293.6180114746094	268.42999267578125	-0.0	-0.0	82.09999084472656	0	1	0	0	0
skygarden	700302	3000046	420	0	0	0	0	0	0	0	0	355.07000732421875	293.55999755859375	277.1300048828125	0.0	263.83001708984375	0.0	0	1	0	0	0
skygarden	700302	3000047	420	0	0	0	0	0	0	0	0	373.2699890136719	293.5639953613281	266.8840026855469	-0.0	90.0	-0.0	0	1	0	0	0
skygarden	700302	3000048	420	0	0	0	0	0	0	0	0	355.3529968261719	293.55999755859375	262.3940124511719	0.0	284.5999755859375	0.0	0	1	0	0	0
skygarden	700302	3000049	420	0	0	0	0	0	0	0	0	373.1759948730469	293.55999755859375	272.5140075683594	-0.0	90.0	-0.0	0	1	0	0	0
skygarden	700302	3000050	700320	0	0	0	0	0	0	0	0	307.0	126.72000122070312	162.6660614013672	-0.0	90.0	-0.0	1	0	0	0	0
skygarden	700302	3000051	447	0	0	0	0	0	0	0	0	352.6499938964844	211.4444122314453	172.82000732421875	-0.0	0.0	0.0	0	1	0	0	0
skygarden	700302	3000052	700308	0	0	0	0	0	0	0	0	248.28799438476562	114.65799713134766	169.2519989013672	-0.0	133.77676391601562	-0.0	0	1	0	0	0
skygarden	700302	3000053	700309	0	0	0	0	0	0	0	0	246.18099975585938	114.73999786376953	170.63400268554688	-0.0	134.02999877929688	350.0	0	1	0	0	0
skygarden	700302	3000054	428	0	0	0	0	0	0	0	0	247.2050018310547	114.73400115966797	169.427001953125	-0.0	147.59999084472656	-0.0	0	1	0	0	0
skygarden	700302	3000055	428	0	0	0	0	0	0	0	0	247.31773376464844	114.81184387207031	169.43585205078125	8.537736562175269e-07	149.30001831054688	51.239810943603516	0	1	0	0	0
skygarden	700302	3000056	428	0	0	0	0	0	0	0	0	247.41400146484375	114.75199890136719	169.29299926757812	-0.0	149.50999450683594	-0.0	0	1	0	0	0
skygarden	700302	3000057	428	0	0	0	0	0	0	0	0	247.51600646972656	114.76248168945312	169.55599975585938	337.39996337890625	149.3000030517578	49.97205352783203	0	1	0	0	0
skygarden	700302	3000058	700322	0	0	0	0	0	0	0	0	277.42999267578125	153.0	152.5	-0.0	0.0	0.0	1	0	0	0	0
skygarden	700302	3000059	408	0	0	0	0	0	0	0	0	298.718994140625	114.91000366210938	147.66299438476562	0.0	180.0	0.0	0	-1	0	0	0
skygarden	700302	3000060	700302	0	0	0	0	0	0	0	0	294.2300109863281	114.6780014038086	147.9600067138672	0.0	265.20001220703125	0.0	0	1	0	0	0
skygarden	700302	3000061	1	0	0	0	0	0	0	0	0	306.3999938964844	287.2829895019531	265.3999938964844	-0.0	0.0	0.0	1	0	0	0	0
skygarden	700302	3000062	1	0	0	0	0	0	0	0	0	309.885009765625	126.80000305175781	161.27000427246094	-0.0	0.0	0.0	1	1	0	0	0
skygarden	700302	3000063	1	0	0	0	0	0	0	0	0	365.92999267578125	213.50999450683594	172.39999389648438	-0.0	0.0	0.0	1	1	0	0	0
skygarden	700302	3000064	1	0	0	0	0	0	0	0	0	633.1799926757812	213.50999450683594	271.0	-0.0	0.0	0.0	1	1	0	0	0
skygarden	700302	3000065	407	0	0	0	0	0	0	0	0	333.447998046875	218.92848205566406	160.74899291992188	0.0	270.0	0.0	0	1	0	0	0
skygarden	700302	3000066	407	0	0	0	0	0	0	0	0	335.9460144042969	218.92848205566406	160.74899291992188	0.0	270.0	0.0	0	1	0	0	0
skygarden	700302	3000067	406	0	0	0	0	0	0	0	0	336.05999755859375	218.92848205566406	161.8159942626953	-0.0	90.0	-0.0	0	1	0	0	0
skygarden	700302	3000068	406	0	0	0	0	0	0	0	0	342.7900085449219	218.92848205566406	186.69000244140625	-0.0	270.0	0.0	0	1	0	0	0
skygarden	700302	3000069	407	0	0	0	0	0	0	0	0	342.79998779296875	218.92848205566406	187.5	-0.0	90.0	-0.0	0	0	0	0	0
skygarden_4_2mainstorylevel01	1002	1	313	0	0	0	0	0	0	0	0	107.94000244140625	3.9240000247955322	60.279998779296875	0.0	0.0	0.0	1	0	1	0	0
skygarden_4_2mainstorylevel01	1002	2	2	0	0	0	0	0	0	0	0	98.4000015258789	3.283080577850342	67.52999877929688	0.0	0.0	0.0	1	0	0	0	0
skygarden_4_2mainstorylevel01	1002	3	2	0	0	0	0	0	0	0	0	98.4000015258789	3.283080577850342	67.52999877929688	0.0	0.0	0.0	1	0	0	0	0
skygarden_4_2mainstorylevel01	9002	100001	1	0	0	0	0	0	0	0	0	86.2699966430664	4.400046348571777	24.690000534057617	0.0	0.0	0.0	0	0	0	0	0
skygarden_4_2mainstorylevel01	9002	100002	1	0	0	0	0	0	0	0	0	88.74242401123047	3.3417704105377197	38.96356964111328	0.0	0.0	0.0	0	0	0	0	0
skygarden_4_2mainstorylevel01	9002	100003	1	0	0	0	0	0	0	0	0	97.5506362915039	3.2830801010131836	78.4049301147461	0.0	0.0	0.0	0	0	0	0	0
skygarden_4_2mainstorylevel01	9002	100004	1	0	0	0	0	0	0	0	0	90.75	3.2952637672424316	36.470001220703125	0.0	0.0	0.0	0	0	0	0	0
skygarden_jumpplayer	4009	8	1	0	0	0	0	0	0	0	0	409.0	100.0	1334.0	0.0	0.0	0.0	0	0	0	0	0
skygarden_jumpplayer	4009	2	103	0	0	0	0	0	0	0	0	319.9000244140625	42.60771179199219	318.22998046875	0.0	0.0	0.0	0	0	0	0	0
skygarden_jumpplayer	4009	3	103	0	0	0	0	0	0	0	0	313.9000244140625	42.60771179199219	320.22998046875	0.0	0.0	0.0	0	0	0	0	0
skygarden_jumpplayer	4009	4	103	0	0	0	0	0	0	0	0	307.9000244140625	41.61000061035156	317.22998046875	0.0	0.0	0.0	0	0	0	0	0
skygarden_jumpplayer	4009	5	103	0	0	0	0	0	0	0	0	301.9000244140625	42.60771179199219	314.22998046875	0.0	0.0	0.0	0	0	0	0	0
skygarden_jumpplayer	4009	6	103	0	0	0	0	0	0	0	0	335.5400085449219	37.19000244140625	297.260986328125	0.0	0.0	0.0	0	0	0	0	0
skygarden_jumpplayer	4009	7	111	0	0	0	0	0	0	0	0	334.5400085449219	38.19000244140625	294.219970703125	0.0	180.0	0.0	0	0	0	0	0
skygarden_jumpplayer	4009	9	103	0	0	0	0	0	0	0	0	330.5400085449219	39.19000244140625	289.260986328125	0.0	0.0	0.0	0	0	0	0	0
skygarden_jumpplayer	4009	11	103	0	0	0	0	0	0	0	0	295.9000244140625	43.61000061035156	303.22998046875	0.0	0.0	29.999954223632812	0	0	0	0	0
skygarden_jumpplayer	4009	12	103	0	0	0	0	0	0	0	0	299.3641357421875	45.61000061035156	303.22998046875	0.0	0.0	29.999954223632812	0	0	0	0	0
skygarden_jumpplayer	4009	13	103	0	0	0	0	0	0	0	0	301.7157897949219	44.01579284667969	303.22998046875	0.0	0.0	315.0000915527344	0	0	0	0	0
skygarden_jumpplayer	4009	14	103	0	0	0	0	0	0	0	0	304.5442199707031	41.18736267089844	303.22998046875	0.0	0.0	315.0000915527344	0	0	0	0	0
skygarden_jumpplayer	4009	15	103	0	0	0	0	0	0	0	0	308.5400085449219	40.260009765625	303.260009765625	0.0	0.0	0.0	0	0	0	0	0
skygarden_jumpplayer	4009	16	103	0	0	0	0	0	0	0	0	313.5400085449219	40.260009765625	305.219970703125	330.0	0.0	0.0	0	0	0	0	0
skygarden_jumpplayer	4009	17	103	0	0	0	0	0	0	0	0	319.5400085449219	40.260009765625	301.260009765625	29.990005493164062	0.0	0.0	0	0	0	0	0
skygarden_jumpplayer	4009	18	103	0	0	0	0	0	0	0	0	324.5400085449219	40.19000244140625	305.260009765625	330.0	0.0	0.0	0	0	0	0	0
skygarden_jumpplayer	4009	19	103	0	0	0	0	0	0	0	0	329.5400085449219	40.260009765625	301.260009765625	29.990005493164062	0.0	0.0	0	0	0	0	0
skygarden_jumpplayer	4009	21	1	0	0	0	0	0	0	0	0	313.5400085449219	40.260009765625	305.219970703125	330.0	0.0	0.0	0	0	0	0	0
skygarden_jumpplayer	4009	22	1	0	0	0	0	0	0	0	0	319.5400085449219	40.260009765625	301.260009765625	29.900007247924805	0.0	0.0	0	0	0	0	0
skygarden_jumpplayer	4009	23	1	0	0	0	0	0	0	0	0	324.5400085449219	40.260009765625	305.219970703125	330.0	0.0	0.0	0	0	0	0	0
skygarden_jumpplayer	4009	24	1	0	0	0	0	0	0	0	0	329.5400085449219	40.260009765625	301.260009765625	29.990005493164062	0.0	0.0	0	0	0	0	0
skygarden_jumpplayer	4009	25	1	0	0	0	0	0	0	0	0	296.2300109863281	43.93000793457031	304.18994140625	0.0	0.0	0.0	0	0	0	0	0
skygarden_jumpplayer	4009	27	111	0	0	0	0	0	0	0	0	291.9000244140625	43.61000061035156	316.22998046875	0.0	270.0	0.0	0	0	0	0	0
skygarden_jumpplayer	4009	28	111	0	0	0	0	0	0	0	0	293.9000244140625	44.589996337890625	320.219970703125	0.0	0.0	0.0	0	0	0	0	0
skygarden_jumpplayer	4009	29	111	0	0	0	0	0	0	0	0	298.9000244140625	43.589996337890625	318.219970703125	0.0	0.0	0.0	0	0	0	0	0
skygarden_jumpplayer	4009	30	113	0	0	0	0	0	0	0	0	325.030029296875	44.660003662109375	318.18994140625	0.0	0.0	0.0	0	0	0	0	0
skygarden_jumpplayer	4009	31	139	0	0	0	0	0	0	0	0	319.75	43.13193893432617	318.8399963378906	0.0	0.0	0.0	0	0	0	0	0
skygarden_jumpplayer	4009	32	139	0	0	0	0	0	0	0	0	300.998779296875	43.13193893432617	315.070068359375	0.0	0.0	0.0	0	0	0	0	0
skygarden_jumpplayer	4009	33	139	0	0	0	0	0	0	0	0	313.2900085449219	43.13193893432617	320.8699951171875	0.0	0.0	0.0	0	0	0	0	0
skygarden_jumpplayer	4019	100002	103	0	0	0	0	0	0	0	0	405.6000061035156	104.30999755859375	992.0	0.0	0.0	0.0	0	0	0	0	0
skygarden_jumpplayer	4019	100004	1	0	0	0	0	0	0	0	0	375.1309509277344	105.4441909790039	985.131103515625	0.0	0.0	0.0	0	0	0	0	0
skygarden_jumpplayer	4019	100006	103	0	0	0	0	0	0	0	0	391.6000061035156	104.87999725341797	999.4500122070312	330.0	0.0	0.0	0	0	0	0	0
skygarden_jumpplayer	4019	100007	103	0	0	0	0	0	0	0	0	387.6000061035156	105.88999938964844	993.4500122070312	29.0	0.0	0.0	0	0	0	0	0
skygarden_jumpplayer	4019	100008	103	0	0	0	0	0	0	0	0	382.6000061035156	104.87999725341797	999.4500122070312	330.0	0.0	0.0	0	0	0	0	0
skygarden_jumpplayer	4019	100009	103	0	0	0	0	0	0	0	0	377.2300109863281	104.83999633789062	994.0	0.0	0.0	330.0	0	0	0	0	0
skygarden_jumpplayer	4019	100010	103	0	0	0	0	0	0	0	0	381.7799987792969	105.87999725341797	989.0	0.0	0.0	29.900014877319336	0	0	0	0	0
skygarden_jumpplayer	4019	100011	103	0	0	0	0	0	0	0	0	358.4100036621094	112.4000015258789	983.1300048828125	0.0	0.0	0.0	0	0	0	0	0
skygarden_jumpplayer	4019	100012	103	0	0	0	0	0	0	0	0	349.600830078125	114.05000305175781	992.1300048828125	0.0	0.0	330.0	0	0	0	0	0
skygarden_jumpplayer	4019	100013	103	0	0	0	0	0	0	0	0	346.13671875	116.05000305175781	992.1300048828125	0.0	0.0	330.0	0	0	0	0	0
skygarden_jumpplayer	4019	100015	103	0	0	0	0	0	0	0	0	353.4100036621094	113.4000015258789	992.1300048828125	0.0	0.0	0.0	0	0	0	0	0
skygarden_jumpplayer	4019	100016	111	0	0	0	0	0	0	0	0	366.4100036621094	107.4000015258789	988.1300048828125	0.0	0.0	0.0	0	0	0	0	0
skygarden_jumpplayer	4019	100017	111	0	0	0	0	0	0	0	0	393.6000061035156	103.30000305175781	993.010009765625	0.0	90.0	0.0	0	0	0	0	0
skygarden_jumpplayer	4019	100018	111	0	0	0	0	0	0	0	0	394.6000061035156	103.30000305175781	997.0	0.0	0.0	0.0	0	0	0	0	0
skygarden_jumpplayer	4019	100019	111	0	0	0	0	0	0	0	0	363.4200134277344	109.4000015258789	986.1500244140625	0.0	270.0	0.0	0	0	0	0	0
skygarden_jumpplayer	4019	100020	111	0	0	0	0	0	0	0	0	362.4100036621094	111.4000015258789	983.1300048828125	0.0	0.0	0.0	0	0	0	0	0
skygarden_jumpplayer	4019	100021	1	0	0	0	0	0	0	0	0	380.2099914550781	103.30000305175781	993.2000122070312	0.0	0.0	0.0	0	0	0	0	0
skygarden_jumpplayer	4019	100024	103	0	0	0	0	0	0	0	0	335.04998779296875	114.4000015258789	992.1300048828125	0.0	0.0	0.0	0	0	0	0	0
skygarden_jumpplayer	4019	100025	103	0	0	0	0	0	0	0	0	329.04998779296875	114.4000015258789	992.1300048828125	0.0	0.0	0.0	0	0	0	0	0
skygarden_jumpplayer	4019	100026	111	0	0	0	0	0	0	0	0	342.0899963378906	116.79000091552734	990.260009765625	30.00000762939453	35.260013580322266	54.72999954223633	0	0	0	0	0
skygarden_jumpplayer	4019	100027	111	0	0	0	0	0	0	0	0	342.2699890136719	116.63999938964844	996.3499755859375	329.989990234375	324.7200012207031	54.69999694824219	0	0	0	0	0
skygarden_jumpplayer	4019	100028	111	0	0	0	0	0	0	0	0	339.2799987792969	113.97000122070312	990.260009765625	29.98000144958496	35.23999786376953	54.7299919128418	0	0	0	0	0
skygarden_jumpplayer	4019	100029	111	0	0	0	0	0	0	0	0	339.42999267578125	113.80000305175781	996.2999877929688	329.9599914550781	324.70001220703125	54.72999572753906	0	0	0	0	0
skygarden_jumpplayer	4019	100030	111	0	0	0	0	0	0	0	0	336.44000244140625	111.12999725341797	990.260009765625	29.990005493164062	35.24999237060547	54.69999313354492	0	0	0	0	0
skygarden_jumpplayer	4019	100031	111	0	0	0	0	0	0	0	0	336.6199951171875	110.97000122070312	996.3099975585938	329.9599914550781	324.70001220703125	54.72999572753906	0	0	0	0	0
skygarden_jumpplayer	4019	100032	107	0	0	0	0	0	0	0	0	342.0	115.44999694824219	992.2899780273438	44.97999954223633	270.0	0.0	0	0	0	0	0
skygarden_jumpplayer	4019	100033	107	0	0	0	0	0	0	0	0	342.0	115.44999694824219	994.2899780273438	44.97999954223633	270.0	0.0	0	0	0	0	0
skygarden_jumpplayer	4019	100034	107	0	0	0	0	0	0	0	0	340.5899963378906	114.04000091552734	992.2899780273438	44.97999954223633	270.0	0.0	0	0	0	0	0
skygarden_jumpplayer	4019	100035	107	0	0	0	0	0	0	0	0	340.5899963378906	114.04000091552734	994.2899780273438	44.97999954223633	270.0	0.0	0	0	0	0	0
skygarden_jumpplayer	4019	100036	107	0	0	0	0	0	0	0	0	339.1700134277344	112.62000274658203	992.2899780273438	44.97999954223633	270.0	0.0	0	0	0	0	0
skygarden_jumpplayer	4019	100037	107	0	0	0	0	0	0	0	0	339.1700134277344	112.62000274658203	994.2899780273438	44.97999954223633	270.0	0.0	0	0	0	0	0
skygarden_jumpplayer	4019	100046	107	0	0	0	0	0	0	0	0	343.4200134277344	116.87000274658203	994.2899780273438	44.97999954223633	270.0	0.0	0	0	0	0	0
skygarden_jumpplayer	4019	100047	107	0	0	0	0	0	0	0	0	343.4200134277344	116.87000274658203	992.2899780273438	44.88999938964844	270.0	0.0	0	0	0	0	0
skygarden_jumpplayer	4019	100049	107	0	0	0	0	0	0	0	0	399.6000061035156	104.26000213623047	992.0	0.0	270.0	0.0	0	0	0	0	0
skygarden_jumpplayer	4019	100050	107	0	0	0	0	0	0	0	0	399.6000061035156	104.26000213623047	994.0	0.0	270.0	0.0	0	0	0	0	0
skygarden_jumpplayer	4019	100051	107	0	0	0	0	0	0	0	0	401.6000061035156	104.26000213623047	992.0	0.0	270.0	0.0	0	0	0	0	0
skygarden_jumpplayer	4019	100053	107	0	0	0	0	0	0	0	0	401.6000061035156	104.26000213623047	994.010009765625	0.0	270.0	0.0	0	0	0	0	0
skygarden_jumpplayer	4019	100054	107	0	0	0	0	0	0	0	0	377.8599853515625	104.4000015258789	984.2000122070312	0.0	270.0	0.0	0	0	0	0	0
skygarden_jumpplayer	4019	100055	107	0	0	0	0	0	0	0	0	377.8599853515625	104.4000015258789	986.2410278320312	0.0	270.0	0.0	0	0	0	0	0
skygarden_jumpplayer	4019	100056	107	0	0	0	0	0	0	0	0	375.8599853515625	104.4000015258789	984.239990234375	0.0	270.0	0.0	0	0	0	0	0
skygarden_jumpplayer	4019	100057	107	0	0	0	0	0	0	0	0	375.8599853515625	104.4000015258789	986.2410278320312	0.0	270.0	0.0	0	0	0	0	0
skygarden_jumpplayer	4019	100058	107	0	0	0	0	0	0	0	0	373.8599853515625	104.4000015258789	984.2410278320312	0.0	270.0	0.0	0	0	0	0	0
skygarden_jumpplayer	4019	100059	107	0	0	0	0	0	0	0	0	373.8609924316406	104.4000015258789	986.239990234375	0.0	270.0	0.0	0	0	0	0	0
skygarden_jumpplayer	4019	100060	107	0	0	0	0	0	0	0	0	371.8599853515625	104.4000015258789	984.2410278320312	0.0	270.0	0.0	0	0	0	0	0
skygarden_jumpplayer	4019	100061	107	0	0	0	0	0	0	0	0	371.8599853515625	104.4000015258789	986.2410278320312	0.0	270.0	0.0	0	0	0	0	0
skygarden_jumpplayer	4019	100062	107	0	0	0	0	0	0	0	0	337.760009765625	111.20999908447266	994.2899780273438	44.97999954223633	270.0	0.0	0	0	0	0	0
skygarden_jumpplayer	4019	100063	107	0	0	0	0	0	0	0	0	337.760009765625	111.20999908447266	992.2899780273438	44.97999954223633	270.0	0.0	0	0	0	0	0
skygarden_jumpplayer	4019	100003	107	0	0	0	0	0	0	0	0	336.3599853515625	109.80000305175781	992.2899780273438	44.97999954223633	270.0	0.0	0	0	0	0	0
skygarden_jumpplayer	4019	100014	1	0	0	0	0	0	0	0	0	400.6499938964844	104.77999877929688	993.2000122070312	0.0	0.0	0.0	0	0	0	0	0
skygarden_jumpplayer	4019	100039	107	0	0	0	0	0	0	0	0	336.3599853515625	109.80000305175781	994.2899780273438	44.97999954223633	270.0	0.0	0	0	0	0	0
skygarden_jumpplayer	4019	100040	113	0	0	0	0	0	0	0	0	410.3299865722656	106.4000015258789	992.1500244140625	0.0	0.0	0.0	0	0	0	0	0
skygarden_jumpplayer	4029	200003	103	0	0	0	0	0	0	0	0	165.6199951171875	81.66000366210938	1084.199951171875	0.0	0.0	0.0	0	0	0	0	0
skygarden_jumpplayer	4029	200004	103	0	0	0	0	0	0	0	0	161.6199951171875	82.66000366210938	1079.199951171875	0.0	0.0	0.0	0	0	0	0	0
skygarden_jumpplayer	4029	200005	103	0	0	0	0	0	0	0	0	156.6199951171875	80.66000366210938	1076.199951171875	0.0	0.0	0.0	0	0	0	0	0
skygarden_jumpplayer	4029	200006	103	0	0	0	0	0	0	0	0	154.6199951171875	81.66000366210938	1071.199951171875	0.0	0.0	0.0	0	0	0	0	0
skygarden_jumpplayer	4029	200007	103	0	0	0	0	0	0	0	0	158.6199951171875	82.66000366210938	1066.199951171875	0.0	0.0	0.0	0	0	0	0	0
skygarden_jumpplayer	4029	200008	103	0	0	0	0	0	0	0	0	164.6199951171875	83.66000366210938	1064.199951171875	0.0	0.0	0.0	0	0	0	0	0
skygarden_jumpplayer	4029	200013	111	0	0	0	0	0	0	0	0	171.0704345703125	81.2699966430664	1082.199951171875	90.0	90.00029754638672	0.0	0	0	0	0	0
skygarden_jumpplayer	4029	200014	1	0	0	0	0	0	0	0	0	170.62815856933594	80.83799743652344	1037.9000244140625	0.0	0.0	0.0	0	0	0	0	0
skygarden_jumpplayer	4029	200015	111	0	0	0	0	0	0	0	0	171.6199951171875	82.2699966430664	1070.2099609375	90.0	270.0	0.0	0	0	0	0	0
skygarden_jumpplayer	4029	200016	111	0	0	0	0	0	0	0	0	171.6199951171875	83.26000213623047	1067.18994140625	0.0	0.0	90.0	0	0	0	0	0
skygarden_jumpplayer	4029	200017	111	0	0	0	0	0	0	0	0	173.3300018310547	82.2699966430664	1079.47998046875	90.0	179.99998474121094	0.0	0	0	0	0	0
skygarden_jumpplayer	4029	200021	103	0	0	0	0	0	0	0	0	170.0800018310547	85.56700134277344	1056.27001953125	29.990005493164062	0.0	0.0	0	0	0	0	0
skygarden_jumpplayer	4029	200022	103	0	0	0	0	0	0	0	0	170.07000732421875	87.5999984741211	1052.81005859375	29.990005493164062	0.0	0.0	0	0	0	0	0
skygarden_jumpplayer	4029	200024	111	0	0	0	0	0	0	0	0	169.0800018310547	87.94999694824219	1051.1300048828125	0.0	0.0	0.0	0	0	0	0	0
skygarden_jumpplayer	4029	200025	103	0	0	0	0	0	0	0	0	163.1999969482422	110.02999877929688	1001.6500244140625	0.0	0.0	0.0	0	0	0	0	0
skygarden_jumpplayer	4029	200026	103	0	0	0	0	0	0	0	0	170.74000549316406	93.02999877929688	1034.6500244140625	0.0	0.0	0.0	0	0	0	0	0
skygarden_jumpplayer	4029	200027	103	0	0	0	0	0	0	0	0	170.74000549316406	93.02999877929688	1028.6500244140625	0.0	0.0	0.0	0	0	0	0	0
skygarden_jumpplayer	4029	200028	103	0	0	0	0	0	0	0	0	162.74000549316406	109.01000213623047	981.9600219726562	0.0	0.0	0.0	0	0	0	0	0
skygarden_jumpplayer	4029	200030	103	0	0	0	0	0	0	0	0	170.74000549316406	93.02999877929688	1022.3800048828125	0.0	0.0	0.0	0	0	0	0	0
skygarden_jumpplayer	4029	200033	103	0	0	0	0	0	0	0	0	169.74000549316406	109.01000213623047	990.9600219726562	0.0	0.0	0.0	0	0	0	0	0
skygarden_jumpplayer	4029	200034	107	0	0	0	0	0	0	0	0	171.2100067138672	91.02999877929688	1018.6500244140625	0.0	90.0	0.0	0	0	0	0	0
skygarden_jumpplayer	4029	200035	107	0	0	0	0	0	0	0	0	173.2100067138672	91.02999877929688	1016.6500244140625	0.0	90.0	0.0	0	0	0	0	0
skygarden_jumpplayer	4029	200036	107	0	0	0	0	0	0	0	0	173.2100067138672	91.02999877929688	1018.6502685546875	0.0	90.0	0.0	0	0	0	0	0
skygarden_jumpplayer	4029	200037	107	0	0	0	0	0	0	0	0	175.2100067138672	91.02999877929688	1016.6500244140625	0.0	90.0	0.0	0	0	0	0	0
skygarden_jumpplayer	4029	200038	107	0	0	0	0	0	0	0	0	175.2100067138672	91.02999877929688	1018.6502685546875	0.0	90.0	0.0	0	0	0	0	0
skygarden_jumpplayer	4029	200039	107	0	0	0	0	0	0	0	0	177.2100067138672	91.02999877929688	1016.6500244140625	0.0	90.0	0.0	0	0	0	0	0
skygarden_jumpplayer	4029	200040	107	0	0	0	0	0	0	0	0	177.2100067138672	91.02999877929688	1018.6502685546875	0.0	90.0	0.0	0	0	0	0	0
skygarden_jumpplayer	4029	200041	107	0	0	0	0	0	0	0	0	171.2100067138672	91.02999877929688	1016.6500244140625	0.0	90.0	0.0	0	0	0	0	0
skygarden_jumpplayer	4029	200009	113	0	0	0	0	0	0	0	0	171.64999389648438	82.20999908447266	1087.280029296875	0.0	0.0	0.0	0	0	0	0	0
skygarden_jumpplayer	4029	200010	103	0	0	0	0	0	0	0	0	176.7899932861328	108.30999755859375	1012.6121215820312	0.0	0.0	0.0	0	0	0	0	0
skygarden_jumpplayer	4029	200019	107	0	0	0	0	0	0	0	0	159.72999572753906	111.59200286865234	1001.6699829101562	0.0	179.99978637695312	90.0	0	0	0	0	0
skygarden_jumpplayer	4029	200046	111	0	0	0	0	0	0	0	0	171.07000732421875	82.2699966430664	1074.199951171875	90.0	90.00029754638672	0.0	0	0	0	0	0
skygarden_jumpplayer	4029	200048	111	0	0	0	0	0	0	0	0	171.33999633789062	83.2699966430664	1077.47998046875	90.0	180.0001220703125	0.0	0	0	0	0	0
skygarden_jumpplayer	4029	200047	107	0	0	0	0	0	0	0	0	159.72999572753906	111.59200286865234	1003.6669921875	0.0	179.99978637695312	90.0	0	0	0	0	0
skygarden_jumpplayer	4029	200049	107	0	0	0	0	0	0	0	0	159.20799255371094	110.53500366210938	981.9630126953125	0.00034310331102460623	180.0	89.99983978271484	0	0	0	0	0
skygarden_jumpplayer	4029	200050	107	0	0	0	0	0	0	0	0	159.20799255371094	110.53500366210938	983.9630126953125	0.00034310331102460623	180.0	89.99983978271484	0	0	0	0	0
skygarden_jumpplayer	4029	200051	107	0	0	0	0	0	0	0	0	168.08299255371094	85.07099914550781	1058.27001953125	329.99969482421875	180.0	180.0	0	0	0	0	0
skygarden_jumpplayer	4029	200052	107	0	0	0	0	0	0	0	0	170.08299255371094	85.06999969482422	1058.27294921875	329.99969482421875	180.0	180.0	0	0	0	0	0
skygarden_jumpplayer	6001	300001	140	0	0	0	0	0	0	0	0	243.1999969482422	36.599998474121094	323.79998779296875	0.0	0.0	0.0	0	0	0	0	0
skygarden_jumpplayer	6001	300002	103	0	0	0	0	0	0	0	0	251.3800048828125	35.95000076293945	322.82000732421875	0.0	0.0	0.0	0	0	0	0	0
skygarden_jumpplayer	6001	300003	103	0	0	0	0	0	0	0	0	256.58001708984375	35.95000076293945	322.82000732421875	0.0	0.0	0.0	0	0	0	0	0
skygarden_jumpplayer	6001	300004	103	0	0	0	0	0	0	0	0	263.0600280761719	36.95000076293945	322.82000732421875	0.0	0.0	0.0	0	0	0	0	0
skygarden_jumpplayer	6001	300005	103	0	0	0	0	0	0	0	0	269.1400146484375	37.98999786376953	322.82000732421875	0.0	0.0	0.0	0	0	0	0	0
skygarden_jumpplayer	6001	300006	103	0	0	0	0	0	0	0	0	274.3800048828125	35.909996032714844	322.82000732421875	0.0	0.0	0.0	0	0	0	0	0
skygarden_jumpplayer	6001	300007	103	0	0	0	0	0	0	0	0	280.4200134277344	36.242820739746094	324.4571838378906	0.0	0.0	0.0	0	0	0	0	0
skygarden_jumpplayer	6001	300008	103	0	0	0	0	0	0	0	0	286.3699951171875	37.44999694824219	321.3899841308594	0.0	0.0	0.0	0	0	0	0	0
skygarden_jumpplayer	6001	300009	103	0	0	0	0	0	0	0	0	292.66998291015625	35.489227294921875	323.0079345703125	0.0	0.0	0.0	0	0	0	0	0
skygarden_jumpplayer	6001	300010	103	0	0	0	0	0	0	0	0	298.9700012207031	36.19999694824219	322.8699951171875	0.0	0.0	0.0	0	0	0	0	0
skygarden_jumpplayer	6001	300011	140	0	0	0	0	0	0	0	0	305.6499938964844	37.279998779296875	323.79998779296875	0.0	0.0	0.0	0	0	0	0	0
skygarden_jumpplayer	6001	300012	139	2	0	2000	0	5700018	0	0	0	251.54080200195312	36.22978591918945	324.0199890136719	0.0	0.0	0.0	1	0	0	0	0
skygarden_jumpplayer	6001	300013	139	2	0	2000	0	5700018	0	0	0	253.6208038330078	36.22978591918945	324.0199890136719	0.0	0.0	0.0	1	0	0	0	0
skygarden_jumpplayer	6001	300014	139	2	0	2000	0	5700018	0	0	0	255.7008056640625	36.22978591918945	324.0199890136719	0.0	0.0	0.0	1	0	0	0	0
skygarden_jumpplayer	6001	300015	139	2	0	2000	0	5700018	0	0	0	271.6000061035156	38.2599983215332	324.0199890136719	0.0	0.0	0.0	1	0	0	0	0
skygarden_jumpplayer	6001	300016	139	2	0	2000	0	5700018	0	0	0	258.6607666015625	38.309783935546875	324.0199890136719	0.0	0.0	0.0	1	0	0	0	0
skygarden_jumpplayer	6001	300017	139	2	0	2000	0	5700018	0	0	0	285.2799987792969	38.19000244140625	322.42999267578125	0.0	0.0	0.0	1	0	0	0	0
skygarden_jumpplayer	6001	300018	139	2	0	2000	0	5700018	0	0	0	262.1507873535156	37.279781341552734	324.0199890136719	0.0	0.0	0.0	1	0	0	0	0
skygarden_jumpplayer	6001	300019	139	2	0	2000	0	5700018	0	0	0	265.1407775878906	38.2599983215332	324.0199890136719	0.0	0.0	0.0	1	0	0	0	0
skygarden_jumpplayer	6001	300020	139	2	0	2000	0	5700018	0	0	0	268.22076416015625	39.2599983215332	324.0199890136719	0.0	0.0	0.0	1	0	0	0	0
skygarden_jumpplayer	6001	300021	139	2	0	2000	0	5700018	0	0	0	273.510009765625	36.30978012084961	323.9800109863281	0.0	0.0	0.0	1	0	0	0	0
skygarden_jumpplayer	6001	300022	139	2	0	2000	0	5700018	0	0	0	279.3699951171875	37.38977813720703	325.6400146484375	0.0	0.0	0.0	1	0	0	0	0
skygarden_jumpplayer	6001	300023	139	2	0	2000	0	5700018	0	0	0	288.95001220703125	38.059783935546875	323.5199890136719	0.0	0.0	0.0	1	0	0	0	0
skygarden_jumpplayer	6001	300024	139	2	0	2000	0	5700018	0	0	0	291.5799865722656	35.809783935546875	323.6199951171875	0.0	0.0	0.0	1	0	0	0	0
skygarden_jumpplayer	6001	300025	139	2	0	2000	0	5700018	0	0	0	294.44000244140625	37.209999084472656	323.6199951171875	0.0	0.0	0.0	1	0	0	0	0
skygarden_jumpplayer	6001	300032	49	1	7000001	1	0	5600034	0	0	0	305.6427307128906	37.2984619140625	325.3999938964844	0.0	270.0001220703125	0.0	1	0	1	0	0
skygarden_jumpplayer	6001	300033	50	1	7000002	1	0	5600035	0	0	0	305.6427307128906	37.2984619140625	323.5636291503906	0.0	270.0001220703125	0.0	1	0	1	0	0
skygarden_jumpplayer	6001	300034	51	1	7000003	1	0	5600036	0	0	0	305.6426696777344	37.2984619140625	321.8000183105469	0.0	270.0001220703125	0.0	1	0	1	0	0
skygarden_jumpplayer	6001	300035	1	0	0	0	0	0	0	0	0	305.9340515136719	37.2984619140625	323.53460693359375	0.0	0.0	0.0	0	0	0	0	0
skygarden_jumpplayer	6001	300036	1	0	0	0	0	0	0	0	0	268.6000061035156	35.38999938964844	318.3999938964844	0.0	0.0	0.0	0	0	0	0	0
skygarden_jumpplayer	6001	300037	156	2	0	2001	0	5700018	0	0	0	297.8599853515625	37.7984619140625	323.8999938964844	0.0	0.0	0.0	1	0	0	0	0
skygarden_jumpplayer	6001	300026	1	0	0	0	0	0	0	0	0	278.5	32.66999816894531	323.0612487792969	0.0	0.0	0.0	0	0	0	1	0
skygarden_jumpplayer	6001	300027	294	0	0	0	0	0	0	0	0	245.75999450683594	36.599998474121094	323.0299987792969	0.0	0.0	0.0	1	0	0	0	0
skygarden_jumpplayer	6001	300028	113	0	0	0	0	0	0	0	0	306.5552062988281	37.40999984741211	326.34417724609375	0.0	270.00018310546875	0.0	0	1	0	0	0
skygarden_jumpplayer	6002	400001	103	0	0	0	0	0	0	0	0	253.77999877929688	39.0	253.5699920654297	0.0	0.0	0.0	0	0	0	0	0
skygarden_jumpplayer	6002	400002	140	0	0	0	0	0	0	0	0	252.5800018310547	38.41999816894531	242.4600067138672	0.0	0.0	0.0	0	0	0	0	0
skygarden_jumpplayer	6002	400003	103	0	0	0	0	0	0	0	0	253.77999877929688	39.0	248.3699951171875	0.0	0.0	0.0	0	0	0	0	0
skygarden_jumpplayer	6002	400004	1	0	0	0	0	0	0	0	0	252.0	31.018465042114258	276.20001220703125	0.0	0.0	0.0	0	0	0	0	0
skygarden_jumpplayer	6002	400005	103	0	0	0	0	0	0	0	0	260.0345764160156	38.770748138427734	328.3999938964844	0.0	0.0	330.0	0	0	0	0	0
skygarden_jumpplayer	6002	400006	103	0	0	0	0	0	0	0	0	253.75711059570312	39.0	258.7699890136719	0.0	0.0	0.0	0	0	0	0	0
skygarden_jumpplayer	6002	400007	103	0	0	0	0	0	0	0	0	253.75711059570312	39.0	263.9700012207031	0.0	0.0	0.0	0	0	0	0	0
skygarden_jumpplayer	6002	400008	103	0	0	0	0	0	0	0	0	251.17999267578125	39.0	269.16998291015625	0.0	0.0	0.0	0	0	0	0	0
skygarden_jumpplayer	6002	400009	103	0	0	0	0	0	0	0	0	253.74000549316406	39.0	274.2699890136719	0.0	0.0	0.0	0	0	0	0	0
skygarden_jumpplayer	6002	400010	103	0	0	0	0	0	0	0	0	251.1699981689453	39.0	279.45001220703125	0.0	0.0	0.0	0	0	0	0	0
skygarden_jumpplayer	6002	400011	103	0	0	0	0	0	0	0	0	253.75711059570312	41.08000183105469	285.3499755859375	0.0	0.0	0.0	0	0	0	0	0
skygarden_jumpplayer	6002	400012	103	0	0	0	0	0	0	0	0	251.25	39.0	290.0500183105469	0.0	0.0	0.0	0	0	0	0	0
skygarden_jumpplayer	6002	400013	103	0	0	0	0	0	0	0	0	258.4999694824219	39.0	301.0899963378906	0.0	0.0	0.0	0	0	0	0	0
skygarden_jumpplayer	6002	400014	103	0	0	0	0	0	0	0	0	259.97998046875	40.040000915527344	306.7099914550781	0.0	0.0	0.0	0	0	0	0	0
skygarden_jumpplayer	6002	400016	103	0	0	0	0	0	0	0	0	261.8306579589844	41.219303131103516	312.7300109863281	0.0	0.0	29.999954223632812	0	0	0	0	0
skygarden_jumpplayer	6002	400017	103	0	0	0	0	0	0	0	0	261.8399963378906	41.18000030517578	317.8900146484375	0.0	0.0	29.999954223632812	0	0	0	0	0
skygarden_jumpplayer	6002	400018	103	0	0	0	0	0	0	0	0	260.0345764160156	38.770748138427734	323.260009765625	0.0	0.0	330.0	0	0	0	0	0
skygarden_jumpplayer	6002	400020	140	0	0	0	0	0	0	0	0	250.22999572753906	40.4900016784668	298.95001220703125	0.0	0.0	0.0	0	0	0	0	0
skygarden_jumpplayer	6002	400021	140	0	0	0	0	0	0	0	0	258.30999755859375	38.37000274658203	336.58001708984375	0.0	0.0	0.0	0	0	0	0	0
skygarden_jumpplayer	6002	400022	107	0	0	0	0	0	0	0	0	251.47999572753906	39.5	268.9599914550781	0.0	180.0	0.0	0	0	0	0	0
skygarden_jumpplayer	6002	400023	107	0	0	0	0	0	0	0	0	254.07000732421875	39.5099983215332	258.5799865722656	0.0	180.0	0.0	0	0	0	0	0
skygarden_jumpplayer	6002	400024	107	0	0	0	0	0	0	0	0	251.38999938964844	39.5099983215332	258.5799865722656	0.0	180.0	0.0	0	0	0	0	0
skygarden_jumpplayer	6002	400025	107	0	0	0	0	0	0	0	0	254.16000366210938	39.5	253.32000732421875	0.0	180.0	0.0	0	0	0	0	0
skygarden_jumpplayer	6002	400026	107	0	0	0	0	0	0	0	0	251.50999450683594	39.5	253.32000732421875	0.0	180.0	0.0	0	0	0	0	0
skygarden_jumpplayer	6002	400027	107	0	0	0	0	0	0	0	0	248.85000610351562	39.51100158691406	269.0	0.0	180.0	0.0	0	0	0	0	0
skygarden_jumpplayer	6002	400028	107	0	0	0	0	0	0	0	0	254.00999450683594	39.499786376953125	274.0199890136719	0.0	180.0	0.0	0	0	0	0	0
skygarden_jumpplayer	6002	400029	107	0	0	0	0	0	0	0	0	251.41000366210938	39.5099983215332	274.010009765625	0.0	180.0	0.0	0	0	0	0	0
skygarden_jumpplayer	6002	400030	107	0	0	0	0	0	0	0	0	251.4499969482422	39.499996185302734	279.260009765625	0.0	180.0	0.0	0	0	0	0	0
skygarden_jumpplayer	6002	400031	107	0	0	0	0	0	0	0	0	248.83999633789062	39.54999923706055	279.20001220703125	0.0	180.0	0.0	0	0	0	0	0
skygarden_jumpplayer	6002	400032	107	0	0	0	0	0	0	0	0	173.8000030517578	43.20021057128906	340.70001220703125	0.0	180.00001525878906	0.0	0	0	0	0	0
skygarden_jumpplayer	6002	400033	107	0	0	0	0	0	0	0	0	179.39999389648438	43.099998474121094	340.70001220703125	0.0	180.0000457763672	0.0	0	0	0	0	0
skygarden_jumpplayer	6002	400034	107	0	0	0	0	0	0	0	0	253.97999572753906	39.52000045776367	263.7900085449219	0.0	180.00006103515625	0.0	0	0	0	0	0
skygarden_jumpplayer	6002	400035	107	0	0	0	0	0	0	0	0	251.3800048828125	39.52000045776367	263.7900085449219	0.0	180.00006103515625	0.0	0	0	0	0	0
skygarden_jumpplayer	6002	400036	139	2	0	2000	0	5700018	0	0	0	251.4499969482422	39.5	247.99000549316406	0.0	0.0	0.0	1	0	0	0	0
skygarden_jumpplayer	6002	400037	139	2	0	2000	0	5700018	0	0	0	251.4499969482422	39.5	263.510009765625	0.0	0.0	0.0	1	0	0	0	0
skygarden_jumpplayer	6002	400038	139	2	0	2000	0	5700018	0	0	0	251.1999969482422	40.5	279.0899963378906	0.0	0.0	0.0	1	0	0	0	0
skygarden_jumpplayer	6002	400039	139	2	0	2000	0	5700018	0	0	0	252.92999267578125	39.5	255.8300018310547	0.0	0.0	0.0	1	0	0	0	0
skygarden_jumpplayer	6002	400040	139	2	0	2000	0	5700018	0	0	0	252.92999267578125	39.5	258.30999755859375	0.0	0.0	0.0	1	0	0	0	0
skygarden_jumpplayer	6002	400041	139	2	0	2000	0	5700018	0	0	0	252.92999267578125	39.5	260.8399963378906	0.0	0.0	0.0	1	0	0	0	0
skygarden_jumpplayer	6002	400042	139	2	0	2000	0	5700018	0	0	0	251.4499969482422	39.5	253.0399932861328	0.0	0.0	0.0	1	0	0	0	0
skygarden_jumpplayer	6002	400043	139	2	0	2000	0	5700018	0	0	0	251.4499969482422	39.5	250.49000549316406	0.0	0.0	0.0	1	0	0	0	0
skygarden_jumpplayer	6002	400044	139	2	0	2000	0	5700018	0	0	0	251.4499969482422	39.5	268.7099914550781	0.0	0.0	0.0	1	0	0	0	0
skygarden_jumpplayer	6002	400045	139	2	0	2000	0	5700018	0	0	0	251.4499969482422	40.130001068115234	266.1099853515625	0.0	0.0	0.0	1	0	0	0	0
skygarden_jumpplayer	6002	400046	139	2	0	2000	0	5700018	0	0	0	251.1999969482422	39.5	281.82000732421875	0.0	0.0	0.0	1	0	0	0	0
skygarden_jumpplayer	6002	400047	139	2	0	2000	0	5700018	0	0	0	251.1999969482422	39.5	274.5199890136719	0.0	0.0	0.0	1	0	0	0	0
skygarden_jumpplayer	6002	400048	139	2	0	2000	0	5700018	0	0	0	251.1999969482422	39.5	276.5999755859375	0.0	0.0	0.0	1	0	0	0	0
skygarden_jumpplayer	6002	400049	139	2	0	2000	0	5700018	0	0	0	173.5900115966797	41.730003356933594	283.5500183105469	0.0	0.0	0.0	1	0	0	0	0
skygarden_jumpplayer	6002	400050	139	2	0	2000	0	5700018	0	0	0	258.9599914550781	40.45000457763672	307.67999267578125	0.0	0.0	0.0	1	0	0	0	0
skygarden_jumpplayer	6002	400051	139	2	0	2000	0	5700018	0	0	0	259.95001220703125	41.70000457763672	313.9800109863281	0.0	0.0	0.0	1	0	0	0	0
skygarden_jumpplayer	6002	400052	139	2	0	2000	0	5700018	0	0	0	259.95001220703125	41.70000457763672	316.2300109863281	0.0	0.0	0.0	1	0	0	0	0
skygarden_jumpplayer	6002	400053	139	2	0	2000	0	5700018	0	0	0	257.4100341796875	39.540000915527344	302.0799865722656	0.0	0.0	0.0	1	0	0	0	0
skygarden_jumpplayer	6002	400054	139	2	0	2000	0	5700018	0	0	0	259.95001220703125	41.70000457763672	318.4800109863281	0.0	0.0	0.0	1	0	0	0	0
skygarden_jumpplayer	6002	400055	139	2	0	2000	0	5700018	0	0	0	259.45001220703125	39.95000457763672	324.7300109863281	0.0	0.0	0.0	1	0	0	0	0
skygarden_jumpplayer	6002	400056	139	2	0	2000	0	5700018	0	0	0	259.45001220703125	39.95000457763672	327.2300109863281	0.0	0.0	0.0	1	0	0	0	0
skygarden_jumpplayer	6002	400057	139	2	0	2000	0	5700018	0	0	0	259.45001220703125	39.95000457763672	329.4800109863281	0.0	0.0	0.0	1	0	0	0	0
skygarden_jumpplayer	6002	400058	139	2	0	2000	0	5700018	0	0	0	140.8900146484375	41.730003356933594	259.17999267578125	0.0	0.0	0.0	1	0	0	0	0
skygarden_jumpplayer	6002	400059	139	2	0	2000	0	5700018	0	0	0	140.8900146484375	41.730003356933594	257.0400085449219	0.0	0.0	0.0	1	0	0	0	0
skygarden_jumpplayer	6002	400060	139	2	0	2000	0	5700018	0	0	0	411.1000061035156	16.799999237060547	164.5	0.0	0.0	0.0	1	0	0	0	0
skygarden_jumpplayer	6002	400061	139	2	0	2000	0	5700018	0	0	0	411.1000061035156	16.799999237060547	162.3599853515625	0.0	0.0	0.0	1	0	0	0	0
skygarden_jumpplayer	6002	400062	139	2	0	2000	0	5700018	0	0	0	252.9199981689453	41.369998931884766	286.20001220703125	0.0	0.0	0.0	1	0	0	0	0
skygarden_jumpplayer	6002	400063	139	2	0	2000	0	5700018	0	0	0	169.66000366210938	39.730003356933594	291.17999267578125	0.0	0.0	0.0	1	0	0	0	0
skygarden_jumpplayer	6002	400064	139	2	0	2000	0	5700018	0	0	0	259.20001220703125	42.09000015258789	321.3699951171875	0.0	0.0	0.0	1	0	0	0	0
skygarden_jumpplayer	6002	400065	139	2	0	2000	0	5700018	0	0	0	266.5799865722656	40.90999984741211	262.58001708984375	0.0	0.0	0.0	1	0	0	0	0
skygarden_jumpplayer	6002	400066	139	2	0	2000	0	5700018	0	0	0	269.7900085449219	40.90999984741211	262.58001708984375	0.0	0.0	0.0	1	0	0	0	0
skygarden_jumpplayer	6002	400067	139	2	0	2000	0	5700018	0	0	0	267.3399963378906	40.90999984741211	260.69000244140625	0.0	0.0	0.0	1	0	0	0	0
skygarden_jumpplayer	6002	400068	139	2	0	2000	0	5700018	0	0	0	268.1499938964844	40.90999984741211	263.3299865722656	0.0	0.0	0.0	1	0	0	0	0
skygarden_jumpplayer	6002	400069	139	2	0	2000	0	5700018	0	0	0	269.25	40.90999984741211	260.80999755859375	0.0	0.0	0.0	1	0	0	0	0
skygarden_jumpplayer	6002	400070	1	0	0	0	0	0	0	0	0	250.4600067138672	40.50846481323242	298.0799865722656	0.0	0.0	0.0	0	0	0	0	0
skygarden_jumpplayer	6002	400071	1	0	0	0	0	0	0	0	0	258.22674560546875	37.9384651184082	336.8042297363281	0.0	0.0	0.0	0	0	0	0	0
skygarden_jumpplayer	6002	400072	294	0	0	0	0	0	0	0	0	254.99000549316406	38.59000015258789	241.4600067138672	0.0	0.0	0.0	1	0	0	0	0
skygarden_jumpplayer	6002	400073	49	1	7000001	1	0	5600034	0	0	0	259.8399963378906	38.388465881347656	337.07000732421875	0.0	180.0	0.0	1	0	1	0	0
skygarden_jumpplayer	6002	400074	50	1	7000002	1	0	5600035	0	0	0	258.2678527832031	38.388465881347656	337.0368347167969	0.0	180.00006103515625	0.0	1	0	1	0	0
skygarden_jumpplayer	6002	400075	51	1	7000003	1	0	5600036	0	0	0	256.6399841308594	38.388465881347656	337.0400085449219	0.0	180.00006103515625	0.0	1	0	1	0	0
skygarden_jumpplayer	6002	400076	1	0	0	0	0	0	0	0	0	252.89999389648438	40.27978515625	252.88999938964844	0.0	0.0	0.0	0	0	0	1	0
skygarden_jumpplayer	6002	400077	1	0	0	0	0	0	0	0	0	252.6870574951172	39.27978515625	257.71728515625	0.0	0.0	0.0	0	0	0	0	0
skygarden_jumpplayer	6002	400078	1	0	0	0	0	0	0	0	0	253.9600067138672	39.27978515625	263.3999938964844	0.0	0.0	0.0	0	0	0	0	0
skygarden_jumpplayer	6002	400079	1	0	0	0	0	0	0	0	0	249.72999572753906	39.27978515625	270.1099853515625	0.0	0.0	0.0	0	0	0	0	0
skygarden_jumpplayer	6002	400080	1	0	0	0	0	0	0	0	0	254.32000732421875	39.88999938964844	275.8800048828125	0.0	0.0	0.0	0	0	0	0	0
skygarden_jumpplayer	6002	400081	1	0	0	0	0	0	0	0	0	248.55999755859375	39.66999816894531	281.30999755859375	0.0	0.0	0.0	0	0	0	0	0
skygarden_jumpplayer	6002	400083	103	0	0	0	0	0	0	0	0	251.58001708984375	39.27978515625	314.9800109863281	0.0	0.0	0.0	1	0	0	0	0
skygarden_jumpplayer	6002	400084	103	0	0	0	0	0	0	0	0	251.58001708984375	39.27978515625	309.7799987792969	0.0	0.0	0.0	1	0	0	0	0
skygarden_jumpplayer	6002	400085	103	0	0	0	0	0	0	0	0	139.67999267578125	42.87978744506836	346.2900085449219	0.0	0.0	0.0	1	0	0	0	0
skygarden_jumpplayer	6002	400086	103	0	0	0	0	0	0	0	0	251.58001708984375	39.27978515625	325.3800048828125	0.0	0.0	0.0	1	0	0	0	0
skygarden_jumpplayer	6002	400087	103	0	0	0	0	0	0	0	0	254.1300048828125	40.47978591918945	335.7799987792969	0.0	0.0	0.0	1	0	0	0	0
skygarden_jumpplayer	6002	400088	103	0	0	0	0	0	0	0	0	251.58001708984375	39.27978515625	330.5799865722656	0.0	0.0	0.0	1	0	0	0	0
skygarden_jumpplayer	6002	400089	103	0	0	0	0	0	0	0	0	251.5800018310547	40.47978591918945	304.5799865722656	0.0	0.0	0.0	1	0	0	0	0
skygarden_jumpplayer	6002	400090	103	0	0	0	0	0	0	0	0	251.1800079345703	39.06999969482422	284.5799560546875	0.0	0.0	0.0	1	0	0	0	0
skygarden_jumpplayer	6002	400091	103	0	0	0	0	0	0	0	0	248.58999633789062	38.93899917602539	274.20001220703125	0.0	0.0	0.0	1	0	0	0	0
skygarden_jumpplayer	6002	400092	103	0	0	0	0	0	0	0	0	256.20001220703125	38.980003356933594	269.1000061035156	0.0	0.0	0.0	1	0	0	0	0
skygarden_jumpplayer	6002	400093	103	0	0	0	0	0	0	0	0	139.67999267578125	41.679786682128906	341.0899963378906	0.0	0.0	0.0	1	0	0	0	0
skygarden_jumpplayer	6002	400095	103	0	0	0	0	0	0	0	0	251.58001708984375	39.27978515625	320.17999267578125	0.0	0.0	0.0	1	0	0	0	0
skygarden_jumpplayer	6002	400094	156	2	0	2001	0	5700018	0	0	0	259.0	40.90422821044922	332.79998779296875	0.0	0.0	0.0	1	0	0	0	0
skygarden_jumpplayer	6002	400096	156	2	0	2001	0	5700018	0	0	0	250.22999572753906	41.380001068115234	298.6300048828125	0.0	0.0	0.0	1	0	0	0	0
skygarden_jumpplayer	6002	400097	113	0	0	0	0	0	0	0	0	255.84097290039062	38.58000183105469	337.28936767578125	0.0	180.00033569335938	0.0	0	0	0	0	0
skygarden_jumpplayer	6002	400098	113	0	0	0	0	0	0	0	0	252.57000732421875	38.72999954223633	298.010009765625	0.0	0.0	0.0	0	0	0	0	0
skygarden_jumpplayer	6002	400099	1	0	0	0	0	0	0	0	0	250.3202362060547	41.00401306152344	305.4490051269531	0.0	0.0	0.0	1	0	0	0	0
skygarden_jumpplayer	6002	400015	107	0	0	0	0	0	0	0	0	259.5580139160156	40.51300048828125	312.4200134277344	6.106665195217131e-13	180.0	330.00006103515625	0	0	0	0	0
skygarden_jumpplayer	6002	400019	107	0	0	0	0	0	0	0	0	261.7900085449219	41.84000015258789	312.4129943847656	-6.513776063671317e-12	180.00006103515625	330.00006103515625	0	0	0	0	0
skygarden_jumpplayer	6002	400082	107	0	0	0	0	0	0	0	0	261.760009765625	41.81999969482422	314.9364013671875	-2.4426660780868525e-12	179.99996948242188	330.00006103515625	0	0	0	0	0
skygarden_jumpplayer	6002	400100	107	0	0	0	0	0	0	0	0	259.5369873046875	40.53799819946289	314.96099853515625	6.106665195217131e-13	180.0	330.00006103515625	0	0	0	0	0
skygarden_jumpplayer	6002	400101	107	0	0	0	0	0	0	0	0	261.8299865722656	41.779998779296875	317.52227783203125	-6.513776063671317e-12	180.00006103515625	330.00006103515625	0	0	0	0	0
skygarden_jumpplayer	6002	400102	107	0	0	0	0	0	0	0	0	259.6000061035156	40.505001068115234	317.5690002441406	8.142220404849798e-12	180.00006103515625	329.99993896484375	0	0	0	0	0
skygarden_jumpplayer	6002	400103	107	0	0	0	0	0	0	0	0	261.80999755859375	41.810001373291016	320.1700134277344	2.8900734832859598e-05	180.00003051757812	329.99993896484375	0	0	0	0	0
skygarden_jumpplayer	6002	400104	107	0	0	0	0	0	0	0	0	259.5710144042969	40.46500015258789	320.2070007324219	-2.0355550198972866e-13	180.0	329.99993896484375	0	0	0	0	0
skygarden_jumpplayer	6002	400105	107	0	0	0	0	0	0	0	0	260.5199890136719	39.08000183105469	325.5140075683594	-4.885332156173705e-12	180.00006103515625	29.999954223632812	0	0	0	0	0
skygarden_jumpplayer	6002	400106	107	0	0	0	0	0	0	0	0	258.3599853515625	40.310001373291016	325.57000732421875	-4.885332156173705e-12	180.00006103515625	29.999954223632812	0	0	0	0	0
skygarden_jumpplayer	6002	400107	107	0	0	0	0	0	0	0	0	260.510009765625	39.08000183105469	322.9599914550781	-4.885332156173705e-12	180.00006103515625	29.999954223632812	0	0	0	0	0
skygarden_jumpplayer	6002	400108	107	0	0	0	0	0	0	0	0	258.3299865722656	40.34199905395508	323.010009765625	-4.885332156173705e-12	180.00006103515625	29.999954223632812	0	0	0	0	0
skygarden_jumpplayer	6002	400109	107	0	0	0	0	0	0	0	0	260.5690002441406	39.06100082397461	328.135986328125	-4.885332156173705e-12	180.00006103515625	29.999954223632812	0	0	0	0	0
skygarden_jumpplayer	6002	400110	107	0	0	0	0	0	0	0	0	258.3500061035156	40.33000183105469	328.075439453125	-2.2904074285179377e-05	180.0000457763672	29.9999942779541	0	0	0	0	0
skygarden_jumpplayer	6002	400111	107	0	0	0	0	0	0	0	0	258.3587646484375	40.348487854003906	330.61419677734375	-4.885332156173705e-12	180.00006103515625	29.999954223632812	0	0	0	0	0
skygarden_jumpplayer	6002	400112	107	0	0	0	0	0	0	0	0	260.60400390625	39.0890007019043	330.67401123046875	-3.2568880318356586e-12	180.00006103515625	29.999954223632812	0	0	0	0	0
skygarden_jumpplayer	6002	400113	1	0	0	0	0	0	0	0	0	252.56808471679688	39.5537109375	253.62936401367188	0.0	0.0	0.0	0	0	0	1	0
skygarden_jumpplayer	6002	400114	1	0	0	0	0	0	0	0	0	252.56808471679688	39.5537109375	258.9599914550781	0.0	0.0	0.0	0	0	0	1	0
skygarden_jumpplayer	6002	400115	1	0	0	0	0	0	0	0	0	249.9499969482422	39.5537109375	269.1300048828125	0.0	0.0	0.0	0	0	0	1	0
skygarden_jumpplayer	6002	400116	1	0	0	0	0	0	0	0	0	252.56808471679688	39.5537109375	263.80999755859375	0.0	0.0	0.0	0	0	0	1	0
skygarden_jumpplayer	6002	400117	1	0	0	0	0	0	0	0	0	252.56808471679688	39.5537109375	273.8299865722656	0.0	0.0	0.0	0	0	0	1	0
skygarden_jumpplayer	6002	400118	1	0	0	0	0	0	0	0	0	249.9499969482422	39.5537109375	278.8399963378906	0.0	0.0	0.0	0	0	0	1	0
skygarden_jumpplayer	6002	400119	1	0	0	0	0	0	0	0	0	260.8699951171875	39.5537109375	314.2900085449219	0.0	0.0	20.53277587890625	0	0	0	1	0
skygarden_jumpplayer	6002	400120	1	0	0	0	0	0	0	0	0	259.17999267578125	39.5537109375	324.239990234375	0.0	0.0	330.00006103515625	0	0	0	1	0
skygarden_jumpplayer	6003	500001	140	0	0	0	0	0	0	0	0	250.8215789794922	55.469993591308594	270.7900085449219	0.0	0.0	0.0	0	0	0	0	0
skygarden_jumpplayer	6003	500002	103	0	0	0	0	0	0	0	0	259.010009765625	55.9382438659668	269.54998779296875	0.0	0.0	0.0	0	0	0	0	0
skygarden_jumpplayer	6003	500003	103	0	0	0	0	0	0	0	0	262.3600158691406	55.85824966430664	264.1400146484375	0.0	0.0	0.0	0	0	0	0	0
skygarden_jumpplayer	6003	500004	103	0	0	0	0	0	0	0	0	267.5600280761719	55.85824966430664	264.1400146484375	0.0	0.0	0.0	0	0	0	0	0
skygarden_jumpplayer	6003	500005	103	0	0	0	0	0	0	0	0	266.0	56.97824478149414	271.5199890136719	0.0	0.0	0.0	0	0	0	0	0
skygarden_jumpplayer	6003	500006	103	0	0	0	0	0	0	0	0	273.36004638671875	57.13825225830078	269.54998779296875	0.0	0.0	0.0	0	0	0	0	0
skygarden_jumpplayer	6003	500007	103	0	0	0	0	0	0	0	0	278.1600341796875	58.65999984741211	273.010009765625	90.0	0.0	0.0	0	0	0	0	0
skygarden_jumpplayer	6003	500009	103	0	0	0	0	0	0	0	0	277.94000244140625	55.400001525878906	269.54998779296875	0.0	0.0	330.0	0	0	0	0	0
skygarden_jumpplayer	6003	500010	103	0	0	0	0	0	0	0	0	352.8533935546875	54.88247299194336	279.5647277832031	0.0	0.0	0.0	1	0	0	0	0
skygarden_jumpplayer	6003	500011	103	0	0	0	0	0	0	0	0	278.1600341796875	58.65999984741211	267.4100036621094	90.0	0.0	0.0	0	0	0	0	0
skygarden_jumpplayer	6003	500012	103	0	0	0	0	0	0	0	0	303.550048828125	53.19602584838867	273.1539611816406	330.0	0.0	0.0	0	0	0	0	0
skygarden_jumpplayer	6003	500013	103	0	0	0	0	0	0	0	0	308.75006103515625	53.19602584838867	273.1539611816406	330.0	0.0	0.0	0	0	0	0	0
skygarden_jumpplayer	6003	500014	103	0	0	0	0	0	0	0	0	313.9500732421875	53.19602584838867	273.1539611816406	330.0	0.0	0.0	0	0	0	0	0
skygarden_jumpplayer	6003	500015	103	0	0	0	0	0	0	0	0	319.15008544921875	53.56999969482422	266.739990234375	30.00000762939453	0.0	0.0	0	0	0	0	0
skygarden_jumpplayer	6003	500016	103	0	0	0	0	0	0	0	0	324.35009765625	53.56999969482422	266.739990234375	30.00000762939453	0.0	0.0	0	0	0	0	0
skygarden_jumpplayer	6003	500017	103	0	0	0	0	0	0	0	0	329.55010986328125	53.56999969482422	266.739990234375	30.00000762939453	0.0	0.0	0	0	0	0	0
skygarden_jumpplayer	6003	500018	103	0	0	0	0	0	0	0	0	334.7501220703125	52.83000183105469	273.4800109863281	330.0	0.0	0.0	0	0	0	0	0
skygarden_jumpplayer	6003	500019	103	0	0	0	0	0	0	0	0	339.95013427734375	52.83000183105469	273.4800109863281	330.0	0.0	0.0	0	0	0	0	0
skygarden_jumpplayer	6003	500020	103	0	0	0	0	0	0	0	0	345.150146484375	52.83000183105469	273.4800109863281	330.0	0.0	0.0	0	0	0	0	0
skygarden_jumpplayer	6003	500021	103	0	0	0	0	0	0	0	0	356.65008544921875	51.26386260986328	271.3578796386719	30.00000762939453	0.0	0.0	0	0	0	0	0
skygarden_jumpplayer	6003	500022	103	0	0	0	0	0	0	0	0	361.80999755859375	51.26386260986328	271.3578796386719	30.00000762939453	0.0	0.0	0	0	0	0	0
skygarden_jumpplayer	6003	500023	139	2	0	2000	0	5700018	0	0	0	257.92999267578125	57.018028259277344	270.5199890136719	0.0	0.0	0.0	1	0	0	0	0
skygarden_jumpplayer	6003	500024	139	2	0	2000	0	5700018	0	0	0	264.9599914550781	58.05802917480469	272.489990234375	0.0	0.0	0.0	1	0	0	0	0
skygarden_jumpplayer	6003	500025	139	2	0	2000	0	5700018	0	0	0	278.58001708984375	57.01803207397461	270.3699951171875	0.0	0.0	0.0	1	0	0	0	0
skygarden_jumpplayer	6003	500026	139	2	0	2000	0	5700018	0	0	0	280.6600036621094	58.538028717041016	270.3699951171875	0.0	0.0	0.0	1	0	0	0	0
skygarden_jumpplayer	6003	500027	103	0	0	0	0	0	0	0	0	351.4500732421875	51.26386260986328	271.3578796386719	30.00000762939453	0.0	0.0	0	0	0	0	0
skygarden_jumpplayer	6003	500028	103	0	0	0	0	0	0	0	0	375.7499694824219	50.320003509521484	274.3800354003906	0.0	0.0	0.0	0	0	0	0	0
skygarden_jumpplayer	6003	500029	103	0	0	0	0	0	0	0	0	356.5501403808594	50.23192596435547	279.7799987792969	330.0	0.0	0.0	0	0	0	0	0
skygarden_jumpplayer	6003	500030	140	0	0	0	0	0	0	0	0	295.1499938964844	51.8355827331543	270.29998779296875	0.0	0.0	0.0	0	0	0	0	0
skygarden_jumpplayer	6003	500031	140	0	0	0	0	0	0	0	0	381.8500061035156	51.73978805541992	275.5935363769531	0.0	0.0	0.0	0	0	0	0	0
skygarden_jumpplayer	6003	500032	103	0	0	0	0	0	0	0	0	341.5400085449219	54.808250427246094	284.5299987792969	0.0	0.0	5.2933966799173504e-05	1	0	0	0	0
skygarden_jumpplayer	6003	500033	103	0	0	0	0	0	0	0	0	336.1300048828125	53.29999923706055	284.54998779296875	0.0	0.0	5.2933966799173504e-05	1	0	0	0	0
skygarden_jumpplayer	6003	500034	103	0	0	0	0	0	0	0	0	330.1700134277344	51.558250427246094	281.2608642578125	0.0	0.0	5.2933966799173504e-05	1	0	0	0	0
skygarden_jumpplayer	6003	500035	103	0	0	0	0	0	0	0	0	325.92999267578125	48.49175262451172	273.60089111328125	0.0	0.0	5.2933966799173504e-05	1	0	0	0	0
skygarden_jumpplayer	6003	500037	103	0	0	0	0	0	0	0	0	324.42999267578125	50.92350769042969	179.44000244140625	0.0	90.0	90.0	1	0	0	0	0
skygarden_jumpplayer	6003	500038	103	0	0	0	0	0	0	0	0	322.1700134277344	50.87599563598633	281.3599853515625	-9.197875101563113e-07	90.0	180.0	1	0	0	0	0
skygarden_jumpplayer	6003	500039	145	2	0	2002	0	5700021	0	0	0	261.4584045410156	56.93803405761719	265.1547546386719	0.0	0.0	0.0	1	0	0	0	0
skygarden_jumpplayer	6003	500040	145	2	0	2002	0	5700021	0	0	0	263.934814453125	56.93803405761719	265.1616516113281	0.0	0.0	0.0	1	0	0	0	0
skygarden_jumpplayer	6003	500041	145	2	0	2002	0	5700021	0	0	0	266.53326416015625	56.93803405761719	265.1318664550781	0.0	0.0	0.0	1	0	0	0	0
skygarden_jumpplayer	6003	500042	145	2	0	2002	0	5700021	0	0	0	275.81988525390625	59.02978515625	497.21710205078125	0.0	0.0	0.0	1	0	0	0	0
skygarden_jumpplayer	6003	500043	145	2	0	2002	0	5700021	0	0	0	319.2285461425781	52.936580657958984	273.85498046875	0.0	0.0	0.0	1	0	0	0	0
skygarden_jumpplayer	6003	500044	145	2	0	2002	0	5700021	0	0	0	27.304458618164062	59.018035888671875	272.8171081542969	0.0	0.0	0.0	1	0	0	0	0
skygarden_jumpplayer	6003	500045	145	2	0	2002	0	5700021	0	0	0	281.0685729980469	59.02978515625	510.20001220703125	0.0	0.0	0.0	1	0	0	0	0
skygarden_jumpplayer	6003	500046	145	2	0	2002	0	5700021	0	0	0	275.80999755859375	40.629783630371094	161.51998901367188	0.0	0.0	0.0	1	0	0	0	0
skygarden_jumpplayer	6003	500047	145	2	0	2002	0	5700021	0	0	0	281.065185546875	59.02978515625	497.21710205078125	0.0	0.0	0.0	1	0	0	0	0
skygarden_jumpplayer	6003	500048	145	2	0	2002	0	5700021	0	0	0	321.7899475097656	53.09583282470703	273.5791320800781	0.0	0.0	0.0	1	0	0	0	0
skygarden_jumpplayer	6003	500049	139	2	0	2000	0	5700018	0	0	0	283.53997802734375	59.41802978515625	270.3699951171875	0.0	0.0	0.0	1	0	0	0	0
skygarden_jumpplayer	6003	500050	139	2	0	2000	0	5700018	0	0	0	331.0699462890625	54.018028259277344	270.3699951171875	0.0	0.0	0.0	1	0	0	0	0
skygarden_jumpplayer	6003	500051	145	2	0	2002	0	5700021	0	0	0	329.64666748046875	53.04050064086914	273.67498779296875	0.0	0.0	0.0	1	0	0	0	0
skygarden_jumpplayer	6003	500052	139	2	0	2000	0	5700018	0	0	0	286.91998291015625	57.7180290222168	270.3699951171875	0.0	0.0	0.0	1	0	0	0	0
skygarden_jumpplayer	6003	500053	139	2	0	2000	0	5700018	0	0	0	325.64666748046875	53.04050064086914	273.67498779296875	0.0	0.0	0.0	1	0	0	0	0
skygarden_jumpplayer	6003	500054	139	2	0	2000	0	5700018	0	0	0	292.5199890136719	52.99802780151367	270.3699951171875	0.0	0.0	0.0	1	0	0	0	0
skygarden_jumpplayer	6003	500055	139	2	0	2000	0	5700018	0	0	0	132.36000061035156	46.65999984741211	270.3699951171875	0.0	0.0	0.0	1	0	0	0	0
skygarden_jumpplayer	6003	500056	139	2	0	2000	0	5700018	0	0	0	289.7200012207031	55.63802719116211	270.3699951171875	0.0	0.0	0.0	1	0	0	0	0
skygarden_jumpplayer	6003	500057	139	2	0	2000	0	5700018	0	0	0	303.54998779296875	54.098026275634766	272.5299987792969	0.0	0.0	0.0	1	0	0	0	0
skygarden_jumpplayer	6003	500058	139	2	0	2000	0	5700018	0	0	0	306.02001953125	54.098026275634766	272.5299987792969	0.0	0.0	0.0	1	0	0	0	0
skygarden_jumpplayer	6003	500059	139	2	0	2000	0	5700018	0	0	0	308.1600036621094	54.098026275634766	272.5299987792969	0.0	0.0	0.0	1	0	0	0	0
skygarden_jumpplayer	6003	500060	139	2	0	2000	0	5700018	0	0	0	310.33001708984375	54.098026275634766	272.5299987792969	0.0	0.0	0.0	1	0	0	0	0
skygarden_jumpplayer	6003	500061	156	2	0	2001	0	5700018	0	0	0	323.1000061035156	51.14802169799805	280.3699951171875	0.0	0.0	0.0	1	0	0	0	0
skygarden_jumpplayer	6003	500062	139	2	0	2000	0	5700018	0	0	0	273.1499938964844	198.38003540039062	20.9769287109375	30.00000762939453	0.0	0.0	1	0	0	0	0
skygarden_jumpplayer	6003	500063	139	2	0	2000	0	5700018	0	0	0	321.3999938964844	53.47999954223633	268.510009765625	0.0	0.0	0.0	1	0	0	0	0
skygarden_jumpplayer	6003	500064	139	2	0	2000	0	5700018	0	0	0	323.47998046875	53.47999954223633	268.510009765625	0.0	0.0	0.0	1	0	0	0	0
skygarden_jumpplayer	6003	500065	139	2	0	2000	0	5700018	0	0	0	325.5599670410156	53.47999954223633	268.510009765625	0.0	0.0	0.0	1	0	0	0	0
skygarden_jumpplayer	6003	500066	139	2	0	2000	0	5700018	0	0	0	327.63995361328125	53.47999954223633	268.510009765625	0.0	0.0	0.0	1	0	0	0	0
skygarden_jumpplayer	6003	500067	156	2	0	2001	0	5700018	0	0	0	351.8800048828125	55.18000030517578	280.6600341796875	0.0	0.0	0.0	1	0	0	0	0
skygarden_jumpplayer	6003	500068	139	2	0	2000	0	5700018	0	0	0	316.0499267578125	54.47999954223633	270.96710205078125	0.0	0.0	0.0	1	0	0	0	0
skygarden_jumpplayer	6003	500069	139	2	0	2000	0	5700018	0	0	0	360.26983642578125	50.97999954223633	273.2900085449219	0.0	0.0	0.0	1	0	0	0	0
skygarden_jumpplayer	6003	500070	139	2	0	2000	0	5700018	0	0	0	355.0698547363281	50.97999954223633	273.2900085449219	0.0	0.0	0.0	1	0	0	0	0
skygarden_jumpplayer	6003	500071	139	2	0	2000	0	5700018	0	0	0	334.74993896484375	52.97999954223633	273.2900085449219	0.0	0.0	0.0	1	0	0	0	0
skygarden_jumpplayer	6003	500072	139	2	0	2000	0	5700018	0	0	0	336.8299255371094	52.97999954223633	273.2900085449219	0.0	0.0	0.0	1	0	0	0	0
skygarden_jumpplayer	6003	500073	139	2	0	2000	0	5700018	0	0	0	338.909912109375	52.97999954223633	273.2900085449219	0.0	0.0	0.0	1	0	0	0	0
skygarden_jumpplayer	6003	500074	139	2	0	2000	0	5700018	0	0	0	340.9898986816406	52.97999954223633	273.2900085449219	0.0	0.0	0.0	1	0	0	0	0
skygarden_jumpplayer	6003	500075	139	2	0	2000	0	5700018	0	0	0	347.31988525390625	53.72999954223633	272.7900085449219	0.0	0.0	0.0	1	0	0	0	0
skygarden_jumpplayer	6003	500076	139	2	0	2000	0	5700018	0	0	0	352.2698669433594	50.97999954223633	273.2900085449219	0.0	0.0	0.0	1	0	0	0	0
skygarden_jumpplayer	6003	500082	139	2	0	2000	0	5700018	0	0	0	329.17999267578125	52.34153747558594	282.20001220703125	0.0	0.0	0.0	1	0	0	0	0
skygarden_jumpplayer	6003	500083	139	2	0	2000	0	5700018	0	0	0	335.30999755859375	54.59153747558594	285.3599853515625	0.0	0.0	0.0	1	0	0	0	0
skygarden_jumpplayer	6003	500084	139	2	0	2000	0	5700018	0	0	0	340.67999267578125	55.59153747558594	285.45001220703125	0.0	0.0	0.0	1	0	0	0	0
skygarden_jumpplayer	6003	500085	139	2	0	2000	0	5700018	0	0	0	346.67999267578125	55.59153747558594	285.20001220703125	0.0	0.0	0.0	1	0	0	0	0
skygarden_jumpplayer	6003	500090	1	0	0	0	0	0	0	0	0	346.67041015625	47.08320236206055	273.3590087890625	0.0	0.0	0.0	0	0	0	0	0
skygarden_jumpplayer	6003	500091	294	0	0	0	0	0	0	0	0	253.0800018310547	55.540000915527344	269.69000244140625	0.0	0.0	0.0	1	0	0	0	0
skygarden_jumpplayer	6003	500092	1	0	0	0	0	0	0	0	0	294.3999938964844	51.8355827331543	270.29998779296875	0.0	0.0	0.0	0	0	0	0	0
skygarden_jumpplayer	6003	500093	1	0	0	0	0	0	0	0	0	380.7699890136719	53.11000061035156	275.6199951171875	0.0	0.0	0.0	0	0	0	0	0
skygarden_jumpplayer	6003	500094	49	1	7000001	1	0	5600034	0	0	0	381.6199951171875	51.75825119018555	273.90997314453125	0.0	270.0	0.0	1	0	1	0	0
skygarden_jumpplayer	6003	500095	50	1	7000002	1	0	5600035	0	0	0	381.6200256347656	51.75825119018555	275.54998779296875	0.0	270.0	0.0	1	0	1	0	0
skygarden_jumpplayer	6003	500096	51	1	7000003	1	0	5600036	0	0	0	381.6100158691406	51.75825119018555	277.1799621582031	0.0	270.00018310546875	0.0	1	0	1	0	0
skygarden_jumpplayer	6003	500097	103	0	0	0	0	0	0	0	0	362.2000427246094	48.358245849609375	275.8299865722656	0.0	0.0	0.0	1	0	0	0	0
skygarden_jumpplayer	6003	500098	103	0	0	0	0	0	0	0	0	356.9500427246094	48.358245849609375	275.8299865722656	0.0	0.0	0.0	1	0	0	0	0
skygarden_jumpplayer	6003	500099	103	0	0	0	0	0	0	0	0	349.9500427246094	50.608245849609375	268.5799865722656	0.0	0.0	0.0	1	0	0	0	0
skygarden_jumpplayer	6003	500100	103	0	0	0	0	0	0	0	0	351.7000427246094	48.358245849609375	275.8299865722656	0.0	0.0	0.0	1	0	0	0	0
skygarden_jumpplayer	6003	500101	103	0	0	0	0	0	0	0	0	344.7000427246094	50.608245849609375	268.5799865722656	0.0	0.0	0.0	1	0	0	0	0
skygarden_jumpplayer	6003	500102	103	0	0	0	0	0	0	0	0	339.5199890136719	50.608245849609375	268.5799865722656	0.0	0.0	0.0	1	0	0	0	0
skygarden_jumpplayer	6003	500103	103	0	0	0	0	0	0	0	0	334.32000732421875	50.608245849609375	268.5799865722656	0.0	0.0	0.0	1	0	0	0	0
skygarden_jumpplayer	6003	500104	103	0	0	0	0	0	0	0	0	328.9500427246094	50.608245849609375	271.19000244140625	0.0	0.0	0.0	1	0	0	0	0
skygarden_jumpplayer	6003	500105	103	0	0	0	0	0	0	0	0	324.2000427246094	50.608245849609375	271.19000244140625	0.0	0.0	0.0	1	0	0	0	0
skygarden_jumpplayer	6003	500106	103	0	0	0	0	0	0	0	0	367.3299865722656	48.18824768066406	275.8599853515625	0.0	0.0	0.0	1	0	0	0	0
skygarden_jumpplayer	6003	500107	103	0	0	0	0	0	0	0	0	302.2000427246094	50.608245849609375	268.5799865722656	0.0	0.0	0.0	1	0	0	0	0
skygarden_jumpplayer	6003	500108	107	0	0	0	0	0	0	0	0	314.2490234375	53.470001220703125	272.57000732421875	359.854736328125	270.2516174316406	29.99970054626465	0	0	0	0	0
skygarden_jumpplayer	6003	500109	107	0	0	0	0	0	0	0	0	314.23199462890625	54.77000045776367	274.8399963378906	359.854736328125	270.2516174316406	29.99970054626465	0	0	0	0	0
skygarden_jumpplayer	6003	500110	107	0	0	0	0	0	0	0	0	311.57000732421875	53.47642517089844	272.5813903808594	359.854736328125	270.2516174316406	29.99970054626465	0	0	0	0	0
skygarden_jumpplayer	6003	500111	107	0	0	0	0	0	0	0	0	311.5429992675781	54.76599884033203	274.8329772949219	359.854736328125	270.2516174316406	29.99970054626465	0	0	0	0	0
skygarden_jumpplayer	6003	500112	107	0	0	0	0	0	0	0	0	309.05999755859375	53.47999954223633	272.5899963378906	359.854736328125	270.2516174316406	29.99970054626465	0	0	0	0	0
skygarden_jumpplayer	6003	500113	107	0	0	0	0	0	0	0	0	309.12298583984375	54.76799774169922	274.8359680175781	359.854736328125	270.2516174316406	29.99970054626465	0	0	0	0	0
skygarden_jumpplayer	6003	500114	107	0	0	0	0	0	0	0	0	308.9400634765625	53.48320388793945	272.5929260253906	359.854736328125	270.2516174316406	29.99970054626465	0	0	0	0	0
skygarden_jumpplayer	6003	500115	107	0	0	0	0	0	0	0	0	306.4200134277344	54.749000549316406	274.8479919433594	359.854736328125	270.2516174316406	29.99970054626465	0	0	0	0	0
skygarden_jumpplayer	6003	500116	107	0	0	0	0	0	0	0	0	306.4649963378906	53.48899841308594	272.60400390625	359.854736328125	270.2516174316406	29.99970054626465	0	0	0	0	0
skygarden_jumpplayer	6003	500117	107	0	0	0	0	0	0	0	0	303.8340148925781	54.762001037597656	274.875	359.854736328125	270.2516174316406	29.99970054626465	0	0	0	0	0
skygarden_jumpplayer	6003	500118	107	0	0	0	0	0	0	0	0	303.8840026855469	53.49599838256836	272.614990234375	359.854736328125	270.2516174316406	29.99970054626465	0	0	0	0	0
skygarden_jumpplayer	6003	500119	107	0	0	0	0	0	0	0	0	301.27301025390625	54.7869987487793	274.8689880371094	359.854736328125	270.2516174316406	29.99970054626465	0	0	0	0	0
skygarden_jumpplayer	6003	500120	107	0	0	0	0	0	0	0	0	301.2929992675781	53.50299835205078	272.6260070800781	359.854736328125	270.2516174316406	29.99970054626465	0	0	0	0	0
skygarden_jumpplayer	6003	500121	107	0	0	0	0	0	0	0	0	329.7980651855469	52.90559768676758	268.95458984375	0.1430840790271759	270.2478332519531	330.0003356933594	0	0	0	0	0
skygarden_jumpplayer	6003	500122	107	0	0	0	0	0	0	0	0	329.8599853515625	54.150001525878906	266.760009765625	0.1430840790271759	270.2478332519531	330.0003356933594	0	0	0	0	0
skygarden_jumpplayer	6003	500123	107	0	0	0	0	0	0	0	0	327.2879943847656	52.89099884033203	268.96197509765625	0.1430840790271759	270.2478332519531	330.0003356933594	0	0	0	0	0
skygarden_jumpplayer	6003	500124	107	0	0	0	0	0	0	0	0	327.3000793457031	54.1173095703125	266.7996826171875	0.1430840790271759	270.2478332519531	330.0003356933594	0	0	0	0	0
skygarden_jumpplayer	6003	500126	107	0	0	0	0	0	0	0	0	324.6910095214844	52.893001556396484	268.9670104980469	0.1430840790271759	270.2478332519531	330.0003356933594	0	0	0	0	0
skygarden_jumpplayer	6003	500127	107	0	0	0	0	0	0	0	0	324.6497802734375	54.20000076293945	266.79998779296875	0.1430840790271759	270.2478332519531	330.0003356933594	0	0	0	0	0
skygarden_jumpplayer	6003	500128	107	0	0	0	0	0	0	0	0	322.0260009765625	52.88800048828125	269.0159912109375	0.1430840790271759	270.2478332519531	330.0003356933594	0	0	0	0	0
skygarden_jumpplayer	6003	500129	107	0	0	0	0	0	0	0	0	322.010009765625	54.119998931884766	266.80999755859375	0.1430840790271759	270.2478332519531	330.0003356933594	0	0	0	0	0
skygarden_jumpplayer	6003	500130	107	0	0	0	0	0	0	0	0	319.4639892578125	52.85900115966797	269.0220031738281	0.1430840790271759	270.2478332519531	330.0003356933594	0	0	0	0	0
skygarden_jumpplayer	6003	500131	107	0	0	0	0	0	0	0	0	319.50994873046875	54.13412094116211	266.8067626953125	0.1430840790271759	270.2478332519531	330.0003356933594	0	0	0	0	0
skygarden_jumpplayer	6003	500132	107	0	0	0	0	0	0	0	0	316.8609924316406	52.858001708984375	269.00201416015625	0.1430840790271759	270.2478332519531	330.0003356933594	0	0	0	0	0
skygarden_jumpplayer	6003	500133	107	0	0	0	0	0	0	0	0	316.95001220703125	54.125999450683594	266.81500244140625	0.1430840790271759	270.2478332519531	330.0003356933594	0	0	0	0	0
skygarden_jumpplayer	6003	500125	107	0	0	0	0	0	0	0	0	345.5384216308594	53.150001525878906	272.989990234375	0.3865916430950165	269.3303527832031	29.997774124145508	0	0	0	0	0
skygarden_jumpplayer	6003	500134	107	0	0	0	0	0	0	0	0	345.4606628417969	54.439998626708984	275.224853515625	0.3865916430950165	269.3303527832031	29.997774124145508	0	0	0	0	0
skygarden_jumpplayer	6003	500135	107	0	0	0	0	0	0	0	0	342.9176330566406	53.150001525878906	272.9914245605469	0.3865916430950165	269.3303527832031	29.997774124145508	0	0	0	0	0
skygarden_jumpplayer	6003	500136	107	0	0	0	0	0	0	0	0	342.95001220703125	54.439998626708984	275.260009765625	0.3865916430950165	269.3303527832031	29.997774124145508	0	0	0	0	0
skygarden_jumpplayer	6003	500138	107	0	0	0	0	0	0	0	0	334.9779968261719	53.10900115966797	272.9460144042969	0.3865916430950165	269.3303527832031	29.997774124145508	0	0	0	0	0
skygarden_jumpplayer	6003	500139	107	0	0	0	0	0	0	0	0	340.2925109863281	54.40999984741211	275.2226867675781	0.3865916430950165	269.3303527832031	29.997774124145508	0	0	0	0	0
skygarden_jumpplayer	6003	500140	107	0	0	0	0	0	0	0	0	340.258544921875	53.150001525878906	272.9283142089844	0.3865916430950165	269.3303527832031	29.997774124145508	0	0	0	0	0
skygarden_jumpplayer	6003	500141	107	0	0	0	0	0	0	0	0	337.5931396484375	54.45000076293945	275.2422180175781	0.3865916430950165	269.3303527832031	29.997774124145508	0	0	0	0	0
skygarden_jumpplayer	6003	500142	107	0	0	0	0	0	0	0	0	337.71807861328125	53.150001525878906	272.9308166503906	0.3865916430950165	269.3303527832031	29.997774124145508	0	0	0	0	0
skygarden_jumpplayer	6003	500143	107	0	0	0	0	0	0	0	0	334.9531555175781	54.45000076293945	275.2300109863281	0.3865916430950165	269.3303527832031	29.997774124145508	0	0	0	0	0
skygarden_jumpplayer	6003	500144	107	0	0	0	0	0	0	0	0	334.9880065917969	53.12699890136719	88.0	0.3865916430950165	269.3303527832031	29.997774124145508	0	0	0	0	0
skygarden_jumpplayer	6003	500145	107	0	0	0	0	0	0	0	0	332.4410095214844	54.42599868774414	275.1910095214844	0.3865916430950165	269.3303527832031	29.997774124145508	0	0	0	0	0
skygarden_jumpplayer	6003	500146	107	0	0	0	0	0	0	0	0	332.44000244140625	53.1619987487793	272.9389953613281	0.3865916430950165	269.3303527832031	29.997774124145508	0	0	0	0	0
skygarden_jumpplayer	6003	500147	1	0	0	0	0	0	0	0	0	308.779541015625	53.08803939819336	274.4073486328125	0.0	0.0	0.0	0	0	0	0	0
skygarden_jumpplayer	6003	500148	1	0	0	0	0	0	0	0	0	324.4212646484375	53.097007751464844	265.2571105957031	0.0	0.0	0.0	0	0	0	0	0
skygarden_jumpplayer	6003	500149	1	0	0	0	0	0	0	0	0	339.9335632324219	53.184322357177734	273.5341491699219	0.0	0.0	0.0	0	0	0	0	0
skygarden_jumpplayer	6003	500150	1	0	0	0	0	0	0	0	0	326.33331298828125	30.271541595458984	275.4514465332031	0.0	0.0	0.0	0	0	0	0	0
skygarden_jumpplayer	6003	500151	1	0	0	0	0	0	0	0	0	277.53900146484375	56.56800079345703	270.54986572265625	0.0	0.0	0.0	0	0	0	0	0
skygarden_jumpplayer	6003	500152	157	0	0	0	0	0	0	0	0	325.54669189453125	47.51598358154297	179.86080932617188	0.0	0.0	0.0	1	0	0	0	0
skygarden_jumpplayer	6003	500153	157	0	0	0	0	0	0	0	0	277.5419921875	56.23400115966797	270.5899963378906	0.0	0.0	330.0	0	0	0	0	0
skygarden_jumpplayer	6003	500036	1	0	0	0	0	0	0	0	0	325.4013977050781	57.71524429321289	279.7635803222656	0.0	0.0	0.0	0	1	0	0	0
skygarden_jumpplayer	6003	500077	1	0	0	0	0	0	0	0	0	354.8800048828125	50.880001068115234	281.0799865722656	0.0	0.0	0.0	0	0	0	0	0
skygarden_jumpplayer	6003	500078	107	0	0	0	0	0	0	0	0	281.33990478515625	44.87421798706055	185.8699951171875	1.1158092092955485e-05	270.00006103515625	4.368248028185917e-06	0	0	0	0	0
skygarden_jumpplayer	6003	500079	107	0	0	0	0	0	0	0	0	281.33990478515625	44.87421798706055	183.27999877929688	1.1158092092955485e-05	270.00006103515625	4.368248028185917e-06	0	0	0	0	0
skygarden_jumpplayer	6003	500080	156	2	0	2001	0	5700018	0	0	0	375.0297546386719	50.84423065185547	275.37408447265625	0.0	0.0	0.0	1	0	0	0	0
skygarden_jumpplayer	6003	500081	103	0	0	0	0	0	0	0	0	318.9500427246094	50.608245849609375	271.19000244140625	0.0	0.0	0.0	1	0	0	0	0
skygarden_jumpplayer	6003	500086	103	0	0	0	0	0	0	0	0	136.88015747070312	48.56845474243164	268.7349853515625	0.0	0.0	0.0	0	0	0	0	0
skygarden_jumpplayer	6003	500087	103	0	0	0	0	0	0	0	0	-96.31985473632812	52.56845474243164	279.93499755859375	0.0	0.0	0.0	0	0	0	0	0
skygarden_jumpplayer	6003	500088	103	0	0	0	0	0	0	0	0	312.6199951171875	50.608245849609375	268.5799865722656	0.0	0.0	0.0	1	0	0	0	0
skygarden_jumpplayer	6003	500089	103	0	0	0	0	0	0	0	0	307.4500427246094	50.608245849609375	268.5799865722656	0.0	0.0	0.0	1	0	0	0	0
skygarden_jumpplayer	6003	500137	103	0	0	0	0	0	0	0	0	366.9501647949219	50.23192596435547	279.7799987792969	330.0	0.0	0.0	0	0	0	0	0
skygarden_jumpplayer	6003	500154	103	0	0	0	0	0	0	0	0	361.7501525878906	50.23192596435547	279.7799987792969	330.0	0.0	0.0	0	0	0	0	0
skygarden_jumpplayer	6003	500155	103	0	0	0	0	0	0	0	0	347.59332275390625	54.83247375488281	284.489990234375	0.0	0.0	0.0	1	0	0	0	0
skygarden_jumpplayer	6003	500156	139	2	0	2000	0	5700018	0	0	0	357.4698486328125	50.97999954223633	273.2900085449219	0.0	0.0	0.0	1	0	0	0	0
skygarden_jumpplayer	6003	500157	139	2	0	2000	0	5700018	0	0	0	545.199951171875	51.0	280.0	0.0	0.0	0.0	1	0	0	0	0
skygarden_jumpplayer	6003	500158	139	2	0	2000	0	5700018	0	0	0	360.6999816894531	51.0	280.0	0.0	0.0	0.0	1	0	0	0	0
skygarden_jumpplayer	6003	500159	139	2	0	2000	0	5700018	0	0	0	363.191162109375	51.0	280.074951171875	0.0	0.0	0.0	1	0	0	0	0
skygarden_jumpplayer	6003	500160	139	2	0	2000	0	5700018	0	0	0	365.84954833984375	51.0	280.0	0.0	0.0	0.0	1	0	0	0	0
skygarden_jumpplayer	6003	500162	1	0	0	0	0	0	0	0	0	356.93927001953125	51.47842788696289	272.21112060546875	0.0	0.0	0.0	0	0	0	0	0
skygarden_jumpplayer	6003	500163	103	0	0	0	0	0	0	0	0	375.7499694824219	49.820003509521484	269.2099914550781	0.0	0.0	0.0	0	0	0	0	0
skygarden_jumpplayer	6003	500164	103	0	0	0	0	0	0	0	0	370.6400146484375	49.266998291015625	269.1700134277344	0.0	0.0	0.0	0	0	0	0	0
skygarden_jumpplayer	6003	500165	113	0	0	0	0	0	0	0	0	382.60516357421875	51.75	278.1441650390625	0.0	270.00018310546875	0.0	0	0	0	0	0
skygarden_jumpplayer	6003	500166	113	0	0	0	0	0	0	0	0	294.4058532714844	49.47999954223633	268.0451965332031	0.0	89.99983215332031	0.0	0	0	0	0	0
skygarden_jumpplayer	6003	500167	107	0	0	0	0	0	0	0	0	349.1549987792969	51.84600067138672	271.43701171875	1.7075473124350538e-06	270.0	330.00006103515625	0	0	0	0	0
skygarden_jumpplayer	6003	500168	107	0	0	0	0	0	0	0	0	349.19580078125	50.58300018310547	273.6929931640625	1.7075473124350538e-06	270.0	330.00006103515625	0	0	0	0	0
skygarden_jumpplayer	6003	500169	107	0	0	0	0	0	0	0	0	351.7539978027344	51.88199996948242	271.44000244140625	1.7075473124350538e-06	270.0	330.00006103515625	0	0	0	0	0
skygarden_jumpplayer	6003	500170	107	0	0	0	0	0	0	0	0	351.7540283203125	50.64461898803711	273.6889343261719	1.7075473124350538e-06	270.0	330.00006103515625	0	0	0	0	0
skygarden_jumpplayer	6003	500171	107	0	0	0	0	0	0	0	0	354.3269958496094	51.8489990234375	271.3789978027344	1.7075473124350538e-06	270.0	330.00006103515625	0	0	0	0	0
skygarden_jumpplayer	6003	500172	107	0	0	0	0	0	0	0	0	354.3219909667969	50.58300018310547	273.6159973144531	1.7075473124350538e-06	270.0	330.00006103515625	0	0	0	0	0
skygarden_jumpplayer	6003	500173	107	0	0	0	0	0	0	0	0	356.9129943847656	51.81999969482422	271.4230041503906	1.7075473124350538e-06	270.0	330.00006103515625	0	0	0	0	0
skygarden_jumpplayer	6003	500174	107	0	0	0	0	0	0	0	0	356.93701171875	50.573001861572266	273.5950012207031	1.7075473124350538e-06	270.0	330.00006103515625	0	0	0	0	0
skygarden_jumpplayer	6003	500175	107	0	0	0	0	0	0	0	0	359.6610107421875	51.939998626708984	271.44000244140625	1.7075473124350538e-06	270.0	330.00006103515625	0	0	0	0	0
skygarden_jumpplayer	6003	500176	107	0	0	0	0	0	0	0	0	359.6610107421875	50.64461898803711	273.6889343261719	1.7075473124350538e-06	270.0	330.00006103515625	0	0	0	0	0
skygarden_jumpplayer	6003	500177	107	0	0	0	0	0	0	0	0	362.1289978027344	51.939998626708984	271.44000244140625	1.7075473124350538e-06	270.0	330.00006103515625	0	0	0	0	0
skygarden_jumpplayer	6003	500178	107	0	0	0	0	0	0	0	0	362.1289978027344	50.64461898803711	273.6889343261719	1.7075473124350538e-06	270.0	330.00006103515625	0	0	0	0	0
skygarden_jumpplayer	6003	500179	107	0	0	0	0	0	0	0	0	354.3487243652344	50.53900146484375	279.26300048828125	-2.5613210254959995e-06	270.0	29.99994659423828	0	0	0	0	0
skygarden_jumpplayer	6003	500180	107	0	0	0	0	0	0	0	0	354.24871826171875	51.810001373291016	281.4700012207031	-2.5613210254959995e-06	270.0	29.99994659423828	0	0	0	0	0
skygarden_jumpplayer	6003	500181	107	0	0	0	0	0	0	0	0	356.8699951171875	50.54944610595703	279.2815246582031	-2.5613210254959995e-06	270.0	29.99994659423828	0	0	0	0	0
skygarden_jumpplayer	6003	500182	107	0	0	0	0	0	0	0	0	356.8500061035156	51.81999969482422	281.489990234375	-8.537736903235782e-06	269.99993896484375	29.999942779541016	0	0	0	0	0
skygarden_jumpplayer	6003	500183	107	0	0	0	0	0	0	0	0	359.4800109863281	50.52000045776367	279.2300109863281	-3.4150946248701075e-06	270.0	29.999998092651367	0	0	0	0	0
skygarden_jumpplayer	6003	500184	107	0	0	0	0	0	0	0	0	359.4100036621094	51.79342269897461	281.4700012207031	-1.7075473124350538e-06	270.0	30.000051498413086	0	0	0	0	0
skygarden_jumpplayer	6003	500185	107	0	0	0	0	0	0	0	0	362.05999755859375	50.51599884033203	279.25	-2.5613210254959995e-06	270.0	29.99994659423828	0	0	0	0	0
skygarden_jumpplayer	6003	500186	107	0	0	0	0	0	0	0	0	362.04998779296875	51.845333099365234	281.4419860839844	-8.537736903235782e-06	269.99993896484375	29.999942779541016	0	0	0	0	0
skygarden_jumpplayer	6003	500187	107	0	0	0	0	0	0	0	0	364.6099853515625	50.540000915527344	279.260009765625	-2.5613210254959995e-06	270.0	29.99994659423828	0	0	0	0	0
skygarden_jumpplayer	6003	500188	107	0	0	0	0	0	0	0	0	364.6400146484375	51.83000183105469	281.510009765625	0.0	270.0	30.000059127807617	0	0	0	0	0
skygarden_jumpplayer	6003	500189	107	0	0	0	0	0	0	0	0	367.2099914550781	50.52000045776367	279.239990234375	-8.537736903235782e-06	269.99993896484375	29.999942779541016	0	0	0	0	0
skygarden_jumpplayer	6003	500190	107	0	0	0	0	0	0	0	0	367.2099914550781	51.84000015258789	281.510009765625	-8.537736903235782e-06	269.99993896484375	29.999942779541016	0	0	0	0	0
skygarden_jumpplayer	6003	500008	103	0	0	0	0	0	0	0	0	375.7499694824219	49.570003509521484	279.5899963378906	0.0	0.0	0.0	0	0	0	0	0
skygarden_jumpplayer	6003	500161	1	0	0	0	0	0	0	0	0	315.7210998535156	54.21738052368164	273.80950927734375	0.0	0.0	0.0	0	0	0	0	0
skygarden_jumpplayer	6003	500191	1	0	0	0	0	0	0	0	0	328.5696105957031	53.55577850341797	267.87811279296875	0.0	0.0	0.0	0	0	0	0	0
skygarden_jumpplayer	6003	500192	1	0	0	0	0	0	0	0	0	361.6487121582031	51.345272064208984	272.5068054199219	0.0	0.0	0.0	0	0	0	0	0
skygarden_jumpplayer	6003	500193	103	0	0	0	0	0	0	0	0	370.6099853515625	49.27199935913086	274.3800354003906	0.0	0.0	0.0	0	0	0	0	0
skygarden_jumpplayer	6003	500194	1	0	0	0	0	0	0	0	0	276.6499938964844	57.69196319580078	270.57000732421875	0.0	0.0	326.65802001953125	0	0	0	1	0
skygarden_jumpplayer	6003	500195	1	0	0	0	0	0	0	0	0	302.46826171875	54.138126373291016	273.67828369140625	0.0	0.0	0.0	0	0	0	1	0
skygarden_jumpplayer	6003	500196	1	0	0	0	0	0	0	0	0	333.8130798339844	53.90169143676758	274.2287902832031	0.0	0.0	0.0	0	0	0	1	0
skygarden_jumpplayer	6003	500197	1	0	0	0	0	0	0	0	0	318.2389831542969	53.52521896362305	267.92498779296875	0.0	0.0	0.0	0	0	0	1	0
skygarden_jumpplayer	6003	500198	1	0	0	0	0	0	0	0	0	350.6102294921875	51.36164474487305	272.29595947265625	0.0	0.0	0.0	0	0	0	1	0
skygarden_jumpplayer	6004	600001	140	0	0	0	0	0	0	0	0	265.7286682128906	52.77000045776367	327.8299865722656	0.0	0.0	0.0	0	0	0	0	0
skygarden_jumpplayer	6004	600002	103	0	0	0	0	0	0	0	0	266.57000732421875	52.04600143432617	319.4800109863281	0.0	0.0	0.0	0	0	0	0	0
skygarden_jumpplayer	6004	600003	103	0	0	0	0	0	0	0	0	266.57000732421875	52.04600143432617	314.29998779296875	0.0	0.0	0.0	0	0	0	0	0
skygarden_jumpplayer	6004	600004	103	0	0	0	0	0	0	0	0	266.57000732421875	52.04600143432617	309.0999755859375	0.0	0.0	0.0	0	0	0	0	0
skygarden_jumpplayer	6004	600005	103	0	0	0	0	0	0	0	0	266.57000732421875	52.04600143432617	296.8299865722656	0.0	0.0	0.0	0	0	0	0	0
skygarden_jumpplayer	6004	600006	103	0	0	0	0	0	0	0	0	266.57000732421875	52.04600143432617	291.6299743652344	0.0	0.0	0.0	0	0	0	0	0
skygarden_jumpplayer	6004	600007	103	0	0	0	0	0	0	0	0	266.57000732421875	52.04600143432617	286.4299621582031	0.0	0.0	0.0	0	0	0	0	0
skygarden_jumpplayer	6004	600008	103	0	0	0	0	0	0	0	0	279.0500183105469	53.04600143432617	281.2299499511719	0.0	0.0	0.0	0	0	0	0	0
skygarden_jumpplayer	6004	600009	103	0	0	0	0	0	0	0	0	279.0500183105469	53.04600143432617	286.4299621582031	0.0	0.0	0.0	0	0	0	0	0
skygarden_jumpplayer	6004	600010	103	0	0	0	0	0	0	0	0	279.0500183105469	54.125999450683594	291.6299743652344	0.0	0.0	0.0	0	0	0	0	0
skygarden_jumpplayer	6004	600011	103	0	0	0	0	0	0	0	0	154.80001831054688	55.95600128173828	297.5799865722656	0.0	0.0	0.0	0	0	0	0	0
skygarden_jumpplayer	6004	600012	103	0	0	0	0	0	0	0	0	285.4594421386719	57.346588134765625	295.2099914550781	-6.317924271570519e-05	-4.885332156173705e-12	14.999975204467773	0	0	0	0	0
skygarden_jumpplayer	6004	600013	103	0	0	0	0	0	0	0	0	290.48944091796875	58.716590881347656	295.1999816894531	-6.317924271570519e-05	-4.885332156173705e-12	14.999975204467773	0	0	0	0	0
skygarden_jumpplayer	6004	600014	103	0	0	0	0	0	0	0	0	296.6953125	59.78725051879883	294.91998291015625	5.976414468022995e-05	8.142220079589146e-13	14.999971389770508	0	0	0	0	0
skygarden_jumpplayer	6004	600015	103	0	0	0	0	0	0	0	0	301.665283203125	61.11125564575195	294.91998291015625	5.976414468022995e-05	8.142220079589146e-13	14.999971389770508	0	0	0	0	0
skygarden_jumpplayer	6004	600019	103	0	0	0	0	0	0	0	0	133.74002075195312	16.560001373291016	294.97998046875	0.0	0.0	0.0	0	0	0	0	0
skygarden_jumpplayer	6004	600020	140	0	0	0	0	0	0	0	0	319.80755615234375	62.12455749511719	295.9599914550781	0.0	0.0	0.0	0	0	0	0	0
skygarden_jumpplayer	6004	600021	103	0	0	0	0	0	0	0	0	320.59002685546875	60.04655838012695	300.9524841308594	60.000003814697266	0.0	0.0	0	0	0	0	0
skygarden_jumpplayer	6004	600022	103	0	0	0	0	0	0	0	0	320.59002685546875	55.724998474121094	303.5074768066406	60.000003814697266	0.0	0.0	0	0	0	0	0
skygarden_jumpplayer	6004	600023	103	0	0	0	0	0	0	0	0	320.59002685546875	51.36000442504883	306.00274658203125	60.000003814697266	0.0	0.0	0	0	0	0	0
skygarden_jumpplayer	6004	600024	103	0	0	0	0	0	0	0	0	320.5299987792969	48.029998779296875	309.79998779296875	0.0	0.0	0.0	0	0	0	0	0
skygarden_jumpplayer	6004	600027	103	0	0	0	0	0	0	0	0	320.84002685546875	51.499671936035156	327.2640075683594	0.0	0.0	0.0	0	0	0	0	0
skygarden_jumpplayer	6004	600029	103	0	0	0	0	0	0	0	0	320.59002685546875	52.749671936035156	332.79998779296875	0.0	0.0	0.0	0	0	0	0	0
skygarden_jumpplayer	6004	600030	103	0	0	0	0	0	0	0	0	320.84002685546875	49.999671936035156	321.32000732421875	0.0	0.0	0.0	0	0	0	0	0
skygarden_jumpplayer	6004	600031	140	0	0	0	0	0	0	0	0	319.6358337402344	54.439456939697266	340.5927429199219	0.0	0.0	0.0	0	0	0	0	0
skygarden_jumpplayer	6004	600032	103	0	0	0	0	0	0	0	0	279.1400146484375	54.310001373291016	321.5799865722656	0.0	0.0	0.0	1	0	0	0	0
skygarden_jumpplayer	6004	600033	103	0	0	0	0	0	0	0	0	279.1400146484375	54.310001373291016	316.3299865722656	0.0	0.0	0.0	1	0	0	0	0
skygarden_jumpplayer	6004	600034	103	0	0	0	0	0	0	0	0	279.1400146484375	54.310001373291016	311.0799865722656	0.0	0.0	0.0	1	0	0	0	0
skygarden_jumpplayer	6004	600035	103	0	0	0	0	0	0	0	0	161.11001586914062	53.08599853515625	313.8499755859375	0.0	0.0	0.0	1	0	0	0	0
skygarden_jumpplayer	6004	600036	156	2	0	2001	0	5700018	0	0	0	318.9245300292969	53.68389892578125	333.6861877441406	0.0	0.0	0.0	1	0	0	0	0
skygarden_jumpplayer	6004	600037	139	2	0	2000	0	5700018	0	0	0	266.947265625	52.32578659057617	315.991943359375	0.0	0.0	0.0	1	0	0	0	0
skygarden_jumpplayer	6004	600038	139	2	0	2000	0	5700018	0	0	0	266.9472961425781	52.32578659057617	312.8719482421875	0.0	0.0	0.0	1	0	0	0	0
skygarden_jumpplayer	6004	600039	139	2	0	2000	0	5700018	0	0	0	266.947265625	52.32578659057617	309.751953125	0.0	0.0	0.0	1	0	0	0	0
skygarden_jumpplayer	6004	600040	139	2	0	2000	0	5700018	0	0	0	266.61724853515625	52.32578659057617	292.8719787597656	0.0	0.0	0.0	1	0	0	0	0
skygarden_jumpplayer	6004	600041	139	2	0	2000	0	5700018	0	0	0	264.61724853515625	52.32578659057617	289.2919921875	0.0	0.0	0.0	1	0	0	0	0
skygarden_jumpplayer	6004	600042	139	2	0	2000	0	5700018	0	0	0	264.61724853515625	52.32578659057617	296.7019958496094	0.0	0.0	0.0	1	0	0	0	0
skygarden_jumpplayer	6004	600043	139	2	0	2000	0	5700018	0	0	0	0.0	0.0	0.0	0.0	0.0	0.0	1	0	0	0	0
skygarden_jumpplayer	6004	600044	139	2	0	2000	0	5700018	0	0	0	0.0	0.0	0.0	0.0	0.0	0.0	1	0	0	0	0
skygarden_jumpplayer	6004	600045	139	2	0	2000	0	5700018	0	0	0	279.1772766113281	54.405784606933594	291.33197021484375	0.0	0.0	0.0	1	0	0	0	0
skygarden_jumpplayer	6004	600046	156	2	0	2001	0	5700018	0	0	0	278.17999267578125	56.48578643798828	299.1499938964844	0.0	0.0	0.0	1	0	0	0	0
skygarden_jumpplayer	6004	600047	139	2	0	2000	0	5700018	0	0	0	285.5772705078125	57.60578536987305	296.05999755859375	0.0	0.0	0.0	1	0	0	0	0
skygarden_jumpplayer	6004	600048	139	2	0	2000	0	5700018	0	0	0	287.9200134277344	58.405784606933594	296.05999755859375	0.0	0.0	0.0	1	0	0	0	0
skygarden_jumpplayer	6004	600049	139	2	0	2000	0	5700018	0	0	0	290.1372375488281	59.20578384399414	296.05999755859375	0.0	0.0	0.0	1	0	0	0	0
skygarden_jumpplayer	6004	600050	139	2	0	2000	0	5700018	0	0	0	292.71722412109375	61.009368896484375	295.691162109375	0.0	0.0	0.0	1	0	0	0	0
skygarden_jumpplayer	6004	600051	139	2	0	2000	0	5700018	0	0	0	308.1972351074219	65.25578308105469	295.78399658203125	0.0	0.0	0.0	1	0	0	0	0
skygarden_jumpplayer	6004	600052	139	2	0	2000	0	5700018	0	0	0	311.4272155761719	65.89860534667969	295.9200134277344	0.0	0.0	0.0	1	0	0	0	0
skygarden_jumpplayer	6004	600053	139	2	0	2000	0	5700018	0	0	0	308.3371887207031	54.405784606933594	182.64999389648438	0.0	0.0	0.0	1	0	0	0	0
skygarden_jumpplayer	6004	600054	139	2	0	2000	0	5700018	0	0	0	308.3371887207031	57.52578353881836	182.64999389648438	0.0	0.0	0.0	1	0	0	0	0
skygarden_jumpplayer	6004	600055	139	2	0	2000	0	5700018	0	0	0	314.2371826171875	64.99578857421875	295.8999938964844	0.0	0.0	0.0	1	0	0	0	0
skygarden_jumpplayer	6004	600056	139	2	0	2000	0	5700018	0	0	0	467.79998779296875	67.92578125	156.60000610351562	0.0	0.0	0.0	1	0	0	0	0
skygarden_jumpplayer	6004	600057	139	2	0	2000	0	5700018	0	0	0	319.697265625	59.60578536987305	302.8119812011719	0.0	0.0	0.0	1	0	0	0	0
skygarden_jumpplayer	6004	600058	139	2	0	2000	0	5700018	0	0	0	319.697265625	57.525787353515625	304.1419677734375	0.0	0.0	0.0	1	0	0	0	0
skygarden_jumpplayer	6004	600059	139	2	0	2000	0	5700018	0	0	0	319.697265625	55.44578552246094	305.7219543457031	0.0	0.0	0.0	1	0	0	0	0
skygarden_jumpplayer	6004	600060	139	2	0	2000	0	5700018	0	0	0	319.697265625	53.36578369140625	307.05194091796875	0.0	0.0	0.0	1	0	0	0	0
skygarden_jumpplayer	6004	600061	139	2	0	2000	0	5700018	0	0	0	319.697265625	50.325782775878906	314.251953125	0.0	0.0	0.0	1	0	0	0	0
skygarden_jumpplayer	6004	600062	139	2	0	2000	0	5700018	0	0	0	319.697265625	51.36578369140625	316.3319396972656	0.0	0.0	0.0	1	0	0	0	0
skygarden_jumpplayer	6004	600063	139	2	0	2000	0	5700018	0	0	0	319.697265625	52.405784606933594	318.41192626953125	0.0	0.0	0.0	1	0	0	0	0
skygarden_jumpplayer	6004	600064	139	2	0	2000	0	5700018	0	0	0	319.697265625	51.36578369140625	320.4919128417969	0.0	0.0	0.0	1	0	0	0	0
skygarden_jumpplayer	6004	600065	139	2	0	2000	0	5700018	0	0	0	319.697265625	50.28578186035156	322.3218994140625	0.0	0.0	0.0	1	0	0	0	0
skygarden_jumpplayer	6004	600066	139	2	0	2000	0	5700018	0	0	0	0.0	0.0	0.0	0.0	0.0	0.0	1	0	0	0	0
skygarden_jumpplayer	6004	600067	139	2	0	2000	0	5700018	0	0	0	170.3572998046875	51.28578186035156	328.7818908691406	0.0	0.0	0.0	1	0	0	0	0
skygarden_jumpplayer	6004	600068	139	2	0	2000	0	5700018	0	0	0	168.27728271484375	52.905792236328125	328.781982421875	0.0	0.0	0.0	1	0	0	0	0
skygarden_jumpplayer	6004	600069	139	2	0	2000	0	5700018	0	0	0	166.19723510742188	52.32579040527344	328.781982421875	0.0	0.0	0.0	1	0	0	0	0
skygarden_jumpplayer	6004	600070	139	2	0	2000	0	5700018	0	0	0	72.45724487304688	54.405792236328125	321.531982421875	0.0	0.0	0.0	1	0	0	0	0
skygarden_jumpplayer	6004	600071	139	2	0	2000	0	5700018	0	0	0	446.2200012207031	54.405784606933594	175.66000366210938	0.0	0.0	0.0	1	0	0	0	0
skygarden_jumpplayer	6004	600072	139	2	0	2000	0	5700018	0	0	0	445.6000061035156	54.405784606933594	173.89999389648438	0.0	0.0	0.0	1	0	0	0	0
skygarden_jumpplayer	6004	600073	139	2	0	2000	0	5700018	0	0	0	308.1700134277344	53.405784606933594	104.30000305175781	0.0	0.0	0.0	1	0	0	0	0
skygarden_jumpplayer	6004	600074	139	2	0	2000	0	5700018	0	0	0	447.23724365234375	54.405784606933594	172.68197631835938	0.0	0.0	0.0	1	0	0	0	0
skygarden_jumpplayer	6004	600075	139	2	0	2000	0	5700018	0	0	0	448.1700134277344	54.405784606933594	175.5	0.0	0.0	0.0	1	0	0	0	0
skygarden_jumpplayer	6004	600076	145	2	0	2002	0	5700021	0	0	0	266.6972351074219	52.32578659057617	289.2919921875	0.0	0.0	0.0	1	0	0	0	0
skygarden_jumpplayer	6004	600077	145	2	0	2002	0	5700021	0	0	0	264.6972351074219	52.32578659057617	292.8719787597656	0.0	0.0	0.0	1	0	0	0	0
skygarden_jumpplayer	6004	600078	145	2	0	2002	0	5700021	0	0	0	266.6972351074219	52.32578659057617	296.70196533203125	0.0	0.0	0.0	1	0	0	0	0
skygarden_jumpplayer	6004	600079	145	2	0	2002	0	5700021	0	0	0	276.8299865722656	54.405784606933594	291.33197021484375	0.0	0.0	0.0	1	0	0	0	0
skygarden_jumpplayer	6004	600080	145	2	0	2002	0	5700021	0	0	0	264.4671936035156	52.325782775878906	309.8819580078125	0.0	0.0	0.0	1	0	0	0	0
skygarden_jumpplayer	6004	600081	145	2	0	2002	0	5700021	0	0	0	264.4671936035156	52.325782775878906	312.8819580078125	0.0	0.0	0.0	1	0	0	0	0
skygarden_jumpplayer	6004	600082	145	2	0	2002	0	5700021	0	0	0	264.46722412109375	52.325782775878906	315.8819580078125	0.0	0.0	0.0	1	0	0	0	0
skygarden_jumpplayer	6004	600083	1	0	0	0	0	0	0	0	0	277.9925537109375	55.9327392578125	299.4547119140625	0.0	0.0	0.0	0	0	0	0	0
skygarden_jumpplayer	6004	600084	140	0	0	0	0	0	0	0	0	278.0585632324219	55.6827392578125	299.33929443359375	0.0	0.0	0.0	0	0	0	0	0
skygarden_jumpplayer	6004	600085	141	0	0	0	0	0	0	0	0	265.7099914550781	52.5	286.989990234375	0.0	0.0	0.0	0	1	0	0	0
skygarden_jumpplayer	6004	600086	113	0	0	0	0	0	0	0	0	277.30584716796875	53.279998779296875	296.9851989746094	0.0	89.99983215332031	0.0	0	0	0	0	0
skygarden_jumpplayer	6004	600087	103	0	0	0	0	0	0	0	0	266.4233703613281	50.85274124145508	303.0799865722656	0.0	0.0	0.0	0	0	0	0	0
skygarden_jumpplayer	6004	600089	1	0	0	0	0	0	0	0	0	319.5400085449219	62.82579040527344	296.2200012207031	0.0	0.0	0.0	0	0	0	0	0
skygarden_jumpplayer	6004	600090	1	0	0	0	0	0	0	0	0	265.54998779296875	52.32578659057617	312.0799865722656	0.0	0.0	0.0	0	0	0	0	0
skygarden_jumpplayer	6004	600091	1	0	0	0	0	0	0	0	0	278.1400146484375	53.779998779296875	283.32000732421875	0.0	0.0	0.0	0	0	0	0	0
skygarden_jumpplayer	6004	600092	1	0	0	0	0	0	0	0	0	265.5799865722656	52.439998626708984	289.29998779296875	0.0	0.0	0.0	0	0	0	0	0
skygarden_jumpplayer	6004	600093	1	0	0	0	0	0	0	0	0	265.5997009277344	52.32578659057617	295.39434814453125	0.0	0.0	0.0	0	0	0	0	0
skygarden_jumpplayer	6004	600094	1	0	0	0	0	0	0	0	0	266.53558349609375	52.32578659057617	297.9647216796875	0.0	0.0	0.0	0	0	0	0	0
skygarden_jumpplayer	6004	600095	1	0	0	0	0	0	0	0	0	266.520751953125	52.32578659057617	308.8253479003906	0.0	0.0	0.0	0	0	0	0	0
skygarden_jumpplayer	6004	600096	1	0	0	0	0	0	0	0	0	266.569091796875	52.32578659057617	311.3999938964844	0.0	0.0	0.0	0	0	0	0	0
skygarden_jumpplayer	6004	600097	1	0	0	0	0	0	0	0	0	319.5693359375	50.279457092285156	328.8509826660156	0.0	0.0	0.0	0	0	0	0	0
skygarden_jumpplayer	6004	600098	1	0	0	0	0	0	0	0	0	319.58447265625	50.279457092285156	331.7124938964844	0.0	0.0	0.0	0	0	0	0	0
skygarden_jumpplayer	6004	600099	1	0	0	0	0	0	0	0	0	304.8873291015625	50.279457092285156	321.12371826171875	0.0	0.0	0.0	0	0	0	0	0
skygarden_jumpplayer	6004	600100	1	0	0	0	0	0	0	0	0	302.46484375	50.279457092285156	321.2161865234375	0.0	0.0	0.0	0	0	0	0	0
skygarden_jumpplayer	6004	600101	1	0	0	0	0	0	0	0	0	306.8900146484375	57.91999816894531	301.260009765625	0.0	0.0	0.0	0	0	0	0	0
skygarden_jumpplayer	6004	600102	1	0	0	0	0	0	0	0	0	319.8399963378906	50.599998474121094	328.19000244140625	0.0	0.0	0.0	0	0	0	0	0
skygarden_jumpplayer	6004	600103	1	0	0	0	0	0	0	0	0	300.82000732421875	50.43000030517578	321.9599914550781	0.0	0.0	0.0	0	0	0	0	0
skygarden_jumpplayer	6004	600104	1	0	0	0	0	0	0	0	0	286.9457702636719	54.39474868774414	297.85589599609375	0.0	0.0	0.0	0	0	0	0	0
skygarden_jumpplayer	6004	600105	1	0	0	0	0	0	0	0	0	299.4630432128906	62.84000015258789	298.00531005859375	0.0	0.0	0.0	0	0	0	0	0
skygarden_jumpplayer	6004	600106	1	0	0	0	0	0	0	0	0	310.37860107421875	63.83578109741211	296.5066223144531	0.0	0.0	0.0	0	0	0	0	0
skygarden_jumpplayer	6004	600107	157	0	0	0	0	0	0	0	0	-370.40997314453125	16.8699951171875	295.9200134277344	0.0	0.0	0.0	0	0	0	0	0
skygarden_jumpplayer	6004	600108	49	1	7000001	1	0	5600034	0	0	0	321.5099792480469	54.45792007446289	339.7909851074219	0.0	180.00001525878906	0.0	1	0	1	0	0
skygarden_jumpplayer	6004	600109	50	1	7000002	1	0	5600035	0	0	0	319.90997314453125	54.45792007446289	339.80499267578125	0.0	180.00001525878906	0.0	1	0	1	0	0
skygarden_jumpplayer	6004	600110	51	1	7000003	1	0	5600036	0	0	0	318.30999755859375	54.45792007446289	339.75	0.0	180.00001525878906	0.0	1	0	1	0	0
skygarden_jumpplayer	6004	600111	1	0	0	0	0	0	0	0	0	319.6828308105469	54.45792007446289	340.1747741699219	0.0	0.0	0.0	0	0	0	0	0
skygarden_jumpplayer	6004	600112	1	0	0	0	0	0	0	0	0	279.4668884277344	46.79999923706055	285.8843688964844	0.0	0.0	0.0	0	0	0	0	0
skygarden_jumpplayer	6004	600113	294	0	0	0	0	0	0	0	0	268.19000244140625	52.7884635925293	326.8999938964844	0.0	0.0	0.0	1	0	0	0	0
skygarden_jumpplayer	6004	600114	107	0	0	0	0	0	0	0	0	283.1700134277344	57.24300003051758	297.3999938964844	14.910396575927734	270.1551513671875	-0.00011132381769130006	0	0	0	0	0
skygarden_jumpplayer	6004	600115	107	0	0	0	0	0	0	0	0	283.1570129394531	57.266998291015625	294.8900146484375	14.999985694885254	270.0	-4.949791400576942e-05	0	0	0	0	0
skygarden_jumpplayer	6004	600116	107	0	0	0	0	0	0	0	0	285.6659851074219	57.909000396728516	297.3999938964844	14.999985694885254	270.0	-4.949791400576942e-05	0	0	0	0	0
skygarden_jumpplayer	6004	600117	107	0	0	0	0	0	0	0	0	285.625	57.92499923706055	294.9599914550781	14.99992847442627	269.9999694824219	-0.00010871862468775362	0	0	0	0	0
skygarden_jumpplayer	6004	600118	107	0	0	0	0	0	0	0	0	288.1400146484375	58.61000061035156	294.885986328125	15.00005054473877	269.9999694824219	-4.949793219566345e-05	0	0	0	0	0
skygarden_jumpplayer	6004	600119	107	0	0	0	0	0	0	0	0	288.1300048828125	58.612998962402344	297.5379943847656	15.000009536743164	269.9999694824219	-4.9497928557684645e-05	0	0	0	0	0
skygarden_jumpplayer	6004	600120	107	0	0	0	0	0	0	0	0	290.6029968261719	59.28300094604492	297.4800109863281	15.000009536743164	269.9999694824219	-4.9497928557684645e-05	0	0	0	0	0
skygarden_jumpplayer	6004	600121	107	0	0	0	0	0	0	0	0	290.63299560546875	59.30799865722656	294.8500061035156	15.000009536743164	269.9999694824219	-4.9497928557684645e-05	0	0	0	0	0
skygarden_jumpplayer	6004	600122	107	0	0	0	0	0	0	0	0	294.328857421875	59.67866134643555	294.6199951171875	15.00005054473877	270.0000305175781	-1.9445616999291815e-05	0	0	0	0	0
skygarden_jumpplayer	6004	600123	107	0	0	0	0	0	0	0	0	294.3440856933594	59.711181640625	297.2120056152344	15.00005054473877	270.0000305175781	-1.9445616999291815e-05	0	0	0	0	0
skygarden_jumpplayer	6004	600124	107	0	0	0	0	0	0	0	0	296.8988342285156	60.383663177490234	294.6409912109375	15.00005054473877	270.0000305175781	-1.9445616999291815e-05	0	0	0	0	0
skygarden_jumpplayer	6004	600125	107	0	0	0	0	0	0	0	0	296.89984130859375	60.35066223144531	297.17999267578125	15.00005054473877	270.0000305175781	-1.9445616999291815e-05	0	0	0	0	0
skygarden_jumpplayer	6004	600126	107	0	0	0	0	0	0	0	0	299.3458557128906	61.054664611816406	294.6400146484375	15.00005054473877	270.0000305175781	-1.9445616999291815e-05	0	0	0	0	0
skygarden_jumpplayer	6004	600127	107	0	0	0	0	0	0	0	0	299.3999938964844	61.0099983215332	297.2359924316406	15.000007629394531	269.99993896484375	-2.0329503968241625e-05	0	0	0	0	0
skygarden_jumpplayer	6004	600128	107	0	0	0	0	0	0	0	0	301.8583679199219	61.665958404541016	294.62701416015625	15.000007629394531	269.99993896484375	-1.325837365584448e-05	0	0	0	0	0
skygarden_jumpplayer	6004	600129	107	0	0	0	0	0	0	0	0	301.8489990234375	61.66899871826172	297.239990234375	15.00005054473877	270.0000305175781	-1.9445616999291815e-05	0	0	0	0	0
skygarden_jumpplayer	6004	600130	156	2	0	2001	0	5700018	0	0	0	319.45001220703125	62.334228515625	296.6199951171875	0.0	0.0	0.0	1	0	0	0	0
skygarden_jumpplayer	6004	600131	157	0	0	0	0	0	0	0	0	319.6767883300781	48.56999969482422	310.9175720214844	0.0	0.0	0.0	0	0	0	0	0
skygarden_jumpplayer	6004	600132	1	0	0	0	0	0	0	0	0	308.5	55.58000183105469	302.54998779296875	0.0	0.0	0.0	0	0	0	0	0
skygarden_jumpplayer	6004	600133	103	0	0	0	0	0	0	0	0	279.1400146484375	54.310001373291016	305.3299865722656	0.0	0.0	0.0	1	0	0	0	0
skygarden_jumpplayer	6004	600134	103	0	0	0	0	0	0	0	0	314.6400146484375	51.310001373291016	326.0799865722656	0.0	0.0	0.0	1	0	0	0	0
skygarden_jumpplayer	6004	600135	103	0	0	0	0	0	0	0	0	308.6400146484375	51.310001373291016	326.0799865722656	0.0	0.0	0.0	1	0	0	0	0
skygarden_jumpplayer	6004	600136	103	0	0	0	0	0	0	0	0	302.6400146484375	51.310001373291016	326.0799865722656	0.0	0.0	0.0	1	0	0	0	0
skygarden_jumpplayer	6004	600137	103	0	0	0	0	0	0	0	0	296.6400146484375	51.310001373291016	326.0799865722656	0.0	0.0	0.0	1	0	0	0	0
skygarden_jumpplayer	6004	600138	103	0	0	0	0	0	0	0	0	292.1400146484375	53.060001373291016	326.5799865722656	0.0	0.0	0.0	1	0	0	0	0
skygarden_jumpplayer	6004	600139	103	0	0	0	0	0	0	0	0	274.1400146484375	51.810001373291016	326.5799865722656	0.0	0.0	0.0	1	0	0	0	0
skygarden_jumpplayer	6004	600140	103	0	0	0	0	0	0	0	0	280.1400146484375	51.810001373291016	326.5799865722656	0.0	0.0	0.0	1	0	0	0	0
skygarden_jumpplayer	6004	600141	103	0	0	0	0	0	0	0	0	285.8900146484375	51.810001373291016	326.5799865722656	0.0	0.0	0.0	1	0	0	0	0
skygarden_jumpplayer	6004	600142	1	0	0	0	0	0	0	0	0	319.57000732421875	62.334228515625	296.6000061035156	0.0	0.0	0.0	0	0	0	0	0
skygarden_jumpplayer	6004	600143	113	0	0	0	0	0	0	0	0	322.0799865722656	59.66999816894531	294.9800109863281	0.0	0.0	0.0	0	0	0	0	0
skygarden_jumpplayer	6004	600144	113	0	0	0	0	0	0	0	0	317.2209777832031	54.52000045776367	341.2594299316406	0.0	180.00033569335938	0.0	0	0	0	0	0
skygarden_jumpplayer	6004	600016	209	0	0	0	0	0	0	0	0	313.7682800292969	56.37532043457031	292.694091796875	90.0	0.0	0.0	0	0	0	0	0
skygarden_jumpplayer	6004	600017	209	0	0	0	0	0	0	0	0	305.7709655761719	56.37532043457031	292.694091796875	90.0	0.0	0.0	0	0	0	0	0
skygarden_jumpplayer	6004	600018	209	0	0	0	0	0	0	0	0	309.93597412109375	56.66329574584961	298.42266845703125	270.0	0.0	0.0	0	0	0	0	0
skygarden_jumpplayer	6004	600145	1	0	0	0	0	0	0	0	0	309.72918701171875	60.72687530517578	295.9390563964844	0.0	0.0	0.0	0	0	0	0	0
skygarden_jumpplayer	6004	600146	111	0	0	0	0	0	0	0	0	305.3933410644531	56.719947814941406	292.16986083984375	90.0	0.0	0.0	0	0	0	0	0
skygarden_jumpplayer	6004	600147	111	0	0	0	0	0	0	0	0	313.3933410644531	56.719947814941406	292.16986083984375	90.0	0.0	0.0	0	0	0	0	0
skygarden_jumpplayer	6004	600148	111	0	0	0	0	0	0	0	0	309.5400085449219	56.719947814941406	298.41986083984375	90.0	0.0	0.0	0	0	0	0	0
skygarden_jumpplayer	6004	600149	1	0	0	0	0	0	0	0	0	291.595947265625	59.65644073486328	296.1477355957031	0.0	0.0	0.0	0	0	0	0	0
skygarden_jumpplayer	6004	600150	209	0	0	0	0	0	0	0	0	278.244384765625	53.60274124145508	282.26123046875	0.0	0.0	0.0	0	0	0	0	0
skygarden_jumpplayer	6004	600152	209	0	0	0	0	0	0	0	0	319.726806640625	62.112850189208984	296.31158447265625	0.0	0.0	0.0	0	0	0	0	0
skygarden_jumpplayer	6004	600025	216	0	0	0	0	0	0	0	0	278.1615295410156	53.60274124145508	282.27252197265625	0.0	0.0	0.0	0	0	0	0	0
skygarden_jumpplayer	6004	600026	218	0	0	0	0	0	0	0	0	319.6420593261719	62.46669006347656	296.3209533691406	0.0	0.0	0.0	0	0	0	0	0
skygarden_jumpplayer	6004	600028	220	0	0	0	0	0	0	0	0	305.6825256347656	56.391265869140625	292.694091796875	59.99997329711914	270.0	270.0	0	0	0	0	0
skygarden_jumpplayer	6004	600088	220	0	0	0	0	0	0	0	0	313.85858154296875	56.239479064941406	292.694091796875	60.000083923339844	270.0	270.0	0	0	0	0	0
skygarden_jumpplayer	6004	600151	220	0	0	0	0	0	0	0	0	309.9783630371094	56.594390869140625	298.42266845703125	300.0	270.0	89.99998474121094	0	0	0	0	0
skygarden_jumpplayer	6004	600153	1	0	0	0	0	0	0	0	0	266.0755615234375	52.59971237182617	287.0569152832031	0.0	0.0	0.0	0	0	0	1	0
skygarden_jumpplayer	6004	600154	1	0	0	0	0	0	0	0	0	278.8800048828125	53.619998931884766	280.989990234375	0.0	0.0	0.0	0	0	0	1	0
skygarden_jumpplayer	6004	600155	1	0	0	0	0	0	0	0	0	284.6199951171875	58.41999816894531	296.4200134277344	0.0	0.0	0.0	0	0	0	1	0
skygarden_jumpplayer	6004	600156	1	0	0	0	0	0	0	0	0	295.6700134277344	60.7599983215332	296.1000061035156	0.0	0.0	15.648269653320312	0	0	0	1	0
skygarden_jumpplayer	6004	600157	1	0	0	0	0	0	0	0	0	319.3489990234375	48.453712463378906	310.1829833984375	0.0	0.0	0.0	0	0	0	1	0
skygarden_jumpplayer	6005	700001	140	0	0	0	0	0	0	0	0	253.35000610351562	52.63999938964844	284.95001220703125	0.0	0.0	0.0	0	0	0	0	0
skygarden_jumpplayer	6005	700002	103	0	0	0	0	0	0	0	0	277.3900146484375	50.87846374511719	282.6300048828125	0.0	0.0	0.0	0	0	0	0	0
skygarden_jumpplayer	6005	700003	140	0	0	0	0	0	0	0	0	321.9800109863281	60.79999923706055	290.44000244140625	0.0	0.0	0.0	0	0	0	0	0
skygarden_jumpplayer	6005	700004	111	0	0	0	0	0	0	0	0	-226.92999267578125	59.90999984741211	452.010009765625	0.0	89.99982452392578	0.0	0	0	0	0	0
skygarden_jumpplayer	6005	700005	111	0	0	0	0	0	0	0	0	-167.3000030517578	59.90999984741211	128.0	0.0	89.99982452392578	0.0	0	0	0	0	0
skygarden_jumpplayer	6005	700006	111	0	0	0	0	0	0	0	0	-226.92999267578125	59.90999984741211	448.0	0.0	89.99982452392578	0.0	0	0	0	0	0
skygarden_jumpplayer	6005	700007	111	0	0	0	0	0	0	0	0	-226.92999267578125	59.90999984741211	444.0	0.0	89.99982452392578	0.0	0	0	0	0	0
skygarden_jumpplayer	6005	700008	111	0	0	0	0	0	0	0	0	-225.0	59.90999984741211	444.0	0.0	89.99982452392578	0.0	0	0	0	0	0
skygarden_jumpplayer	6005	700009	103	0	0	0	0	0	0	0	0	301.7699890136719	50.87846374511719	283.94000244140625	0.0	0.0	0.0	0	0	0	0	0
skygarden_jumpplayer	6005	700010	103	0	0	0	0	0	0	0	0	306.9700012207031	50.87846374511719	283.94000244140625	0.0	0.0	0.0	0	0	0	0	0
skygarden_jumpplayer	6005	700011	103	0	0	0	0	0	0	0	0	304.9700012207031	51.90846633911133	289.6700134277344	0.0	0.0	0.0	0	0	0	0	0
skygarden_jumpplayer	6005	700012	103	0	0	0	0	0	0	0	0	310.0799865722656	50.70899963378906	289.19000244140625	0.0	0.0	0.0	0	0	0	0	0
skygarden_jumpplayer	6005	700013	103	0	0	0	0	0	0	0	0	313.9019775390625	54.06349182128906	289.2200012207031	0.0	0.0	60.000003814697266	0	0	0	0	0
skygarden_jumpplayer	6005	700014	103	0	0	0	0	0	0	0	0	316.5619812011719	58.50349426269531	289.30999755859375	0.0	0.0	60.000003814697266	0	0	0	0	0
skygarden_jumpplayer	6005	700016	103	0	0	0	0	0	0	0	0	277.3600158691406	50.900001525878906	287.82000732421875	0.0	0.0	0.0	0	0	0	0	0
skygarden_jumpplayer	6005	700017	103	0	0	0	0	0	0	0	0	272.14410400390625	51.043785095214844	284.35052490234375	0.0	0.0	0.0	0	0	0	0	0
skygarden_jumpplayer	6005	700018	111	0	0	0	0	0	0	0	0	-226.92999267578125	59.90999984741211	456.0	0.0	89.99982452392578	0.0	0	0	0	0	0
skygarden_jumpplayer	6005	700019	103	0	0	0	0	0	0	0	0	261.64410400390625	51.043785095214844	284.35052490234375	0.0	0.0	0.0	0	0	0	0	0
skygarden_jumpplayer	6005	700023	111	0	0	0	0	0	0	0	0	280.98004150390625	52.380001068115234	109.27996826171875	0.0	89.99983215332031	0.0	0	0	0	0	0
skygarden_jumpplayer	6005	700024	111	0	0	0	0	0	0	0	0	284.70001220703125	51.29000473022461	109.58999633789062	0.0	0.0	0.0	0	0	0	0	0
skygarden_jumpplayer	6005	700025	111	0	0	0	0	0	0	0	0	287.469970703125	50.790000915527344	288.95001220703125	0.0	0.0	0.0	0	0	0	0	0
skygarden_jumpplayer	6005	700026	111	0	0	0	0	0	0	0	0	292.6700134277344	50.790000915527344	288.95001220703125	0.0	0.0	0.0	0	0	0	0	0
skygarden_jumpplayer	6005	700027	111	0	0	0	0	0	0	0	0	295.2200012207031	50.790000915527344	286.3500061035156	0.0	0.0	0.0	0	0	0	0	0
skygarden_jumpplayer	6005	700015	107	0	0	0	0	0	0	0	0	328.1300048828125	60.75	286.8609924316406	0.0	5.4641506721964106e-05	0.0	0	0	0	0	0
skygarden_jumpplayer	6005	700020	107	0	0	0	0	0	0	0	0	333.36199951171875	60.75	284.25201416015625	0.0	90.0	0.0	0	0	0	0	0
skygarden_jumpplayer	6005	700021	107	0	0	0	0	0	0	0	0	330.75	60.75	286.8940124511719	0.0	180.0	0.0	0	0	0	0	0
skygarden_jumpplayer	6005	700022	107	0	0	0	0	0	0	0	0	333.31500244140625	60.75	286.8890075683594	0.0	5.4641506721964106e-05	0.0	0	0	0	0	0
skygarden_jumpplayer	6005	700028	111	0	0	0	0	0	0	0	0	333.17999267578125	60.09000015258789	291.17999267578125	0.0	90.0	0.0	0	0	0	0	0
skygarden_jumpplayer	6005	700029	107	0	0	0	0	0	0	0	0	328.2040100097656	60.75	284.2969970703125	0.0	90.0	0.0	0	0	0	0	0
skygarden_jumpplayer	6005	700030	107	0	0	0	0	0	0	0	0	330.75	60.76300048828125	284.322998046875	0.0	180.0	0.0	0	0	0	0	0
skygarden_jumpplayer	6005	700031	111	0	0	0	0	0	0	0	0	333.17999267578125	60.09000015258789	285.9800109863281	0.0	90.0	0.0	0	0	0	0	0
skygarden_jumpplayer	6005	700032	111	0	0	0	0	0	0	0	0	333.17999267578125	60.09000015258789	296.3800048828125	0.0	90.0	0.0	0	0	0	0	0
skygarden_jumpplayer	6005	700033	103	0	0	0	0	0	0	0	0	330.4599914550781	60.16999816894531	284.5948181152344	0.0	0.0	0.0	0	0	0	0	0
skygarden_jumpplayer	6005	700034	103	0	0	0	0	0	0	0	0	330.4599914550781	60.16999816894531	289.7948303222656	0.0	0.0	0.0	0	0	0	0	0
skygarden_jumpplayer	6005	700035	107	0	0	0	0	0	0	0	0	328.2309875488281	60.75	289.5	0.0	0.0	0.0	0	0	0	0	0
skygarden_jumpplayer	6005	700036	103	0	0	0	0	0	0	0	0	338.2699890136719	58.56999969482422	289.7948303222656	0.0	0.0	0.0	0	0	0	0	0
skygarden_jumpplayer	6005	700037	103	0	0	0	0	0	0	0	0	343.4700012207031	58.56999969482422	289.7948303222656	0.0	0.0	0.0	0	0	0	0	0
skygarden_jumpplayer	6005	700038	103	0	0	0	0	0	0	0	0	348.6700134277344	58.56999969482422	289.7948303222656	0.0	0.0	0.0	0	0	0	0	0
skygarden_jumpplayer	6005	700039	103	0	0	0	0	0	0	0	0	353.8700256347656	58.56999969482422	289.7948303222656	0.0	0.0	0.0	0	0	0	0	0
skygarden_jumpplayer	6005	700040	103	0	0	0	0	0	0	0	0	365.87005615234375	56.130001068115234	289.7948303222656	0.0	0.0	0.0	0	0	0	0	0
skygarden_jumpplayer	6005	700041	107	0	0	0	0	0	0	0	0	330.75	60.75	289.4630126953125	0.0	180.00006103515625	0.0	0	0	0	0	0
skygarden_jumpplayer	6005	700042	103	0	0	0	0	0	0	0	0	373.4700622558594	54.93000030517578	289.7948303222656	0.0	0.0	0.0	0	0	0	0	0
skygarden_jumpplayer	6005	700043	140	0	0	0	0	0	0	0	0	379.5699768066406	54.649784088134766	290.8500061035156	0.0	0.0	0.0	0	0	0	0	0
skygarden_jumpplayer	6005	700044	294	0	0	0	0	0	0	0	0	382.0299987792969	54.290000915527344	289.9100036621094	0.0	0.0	0.0	1	0	0	0	0
skygarden_jumpplayer	6005	700045	107	0	0	0	0	0	0	0	0	351.5	59.137001037597656	292.0	0.0	90.0001449584961	0.0	0	0	0	0	0
skygarden_jumpplayer	6005	700046	107	0	0	0	0	0	0	0	0	351.5	59.137001037597656	289.5	0.0	90.0001449584961	0.0	0	0	0	0	0
skygarden_jumpplayer	6005	700047	107	0	0	0	0	0	0	0	0	346.5	59.25	292.0	0.0	90.00019836425781	0.0	0	0	0	0	0
skygarden_jumpplayer	6005	700048	107	0	0	0	0	0	0	0	0	346.5	59.25	289.5	0.0	90.0001449584961	0.0	0	0	0	0	0
skygarden_jumpplayer	6005	700049	107	0	0	0	0	0	0	0	0	341.25	59.13999938964844	289.5	-4.777179128723219e-06	90.00023651123047	-1.616844929230865e-05	0	0	0	0	0
skygarden_jumpplayer	6005	700050	107	0	0	0	0	0	0	0	0	341.25	59.25	292.0	-4.777179128723219e-06	90.00023651123047	-1.616844929230865e-05	0	0	0	0	0
skygarden_jumpplayer	6005	700051	103	0	0	0	0	0	0	0	0	330.4599914550781	60.16999816894531	294.9948425292969	0.0	0.0	0.0	0	0	0	0	0
skygarden_jumpplayer	6005	700052	111	0	0	0	0	0	0	0	0	0.0	0.0	0.0	0.0	0.0	0.0	1	0	0	0	0
skygarden_jumpplayer	6005	700053	111	0	0	0	0	0	0	0	0	0.0	0.0	0.0	0.0	0.0	0.0	1	0	0	0	0
skygarden_jumpplayer	6005	700054	103	0	0	0	0	0	0	0	0	266.89410400390625	51.043785095214844	284.35052490234375	0.0	0.0	0.0	0	0	0	0	0
skygarden_jumpplayer	6005	700055	107	0	0	0	0	0	0	0	0	275.1499938964844	51.4109992980957	282.3599853515625	0.0	90.0001449584961	0.0	0	0	0	0	0
skygarden_jumpplayer	6005	700056	107	0	0	0	0	0	0	0	0	275.1499938964844	51.4109992980957	284.9599914550781	0.0	90.00019836425781	0.0	0	0	0	0	0
skygarden_jumpplayer	6005	700057	107	0	0	0	0	0	0	0	0	275.1499938964844	51.4109992980957	287.4800109863281	0.0	90.0001449584961	0.0	0	0	0	0	0
skygarden_jumpplayer	6005	700058	107	0	0	0	0	0	0	0	0	275.1499938964844	51.4109992980957	290.1000061035156	0.0	90.0001449584961	0.0	0	0	0	0	0
skygarden_jumpplayer	6005	700059	139	2	0	2000	0	5700018	0	0	0	372.1030578613281	55.44978713989258	290.6960144042969	0.0	0.0	0.0	1	0	0	0	0
skygarden_jumpplayer	6005	700060	139	2	0	2000	0	5700018	0	0	0	369.0230712890625	57.44978713989258	290.6960144042969	0.0	0.0	0.0	1	0	0	0	0
skygarden_jumpplayer	6005	700061	139	2	0	2000	0	5700018	0	0	0	358.7430725097656	59.049781799316406	290.6960144042969	0.0	0.0	0.0	1	0	0	0	0
skygarden_jumpplayer	6005	700062	139	2	0	2000	0	5700018	0	0	0	352.50311279296875	58.84978485107422	290.6960144042969	0.0	0.0	0.0	1	0	0	0	0
skygarden_jumpplayer	6005	700063	139	2	0	2000	0	5700018	0	0	0	350.4231262207031	59.87978744506836	290.6960144042969	0.0	0.0	0.0	1	0	0	0	0
skygarden_jumpplayer	6005	700064	139	2	0	2000	0	5700018	0	0	0	348.3431396484375	58.84978485107422	290.6960144042969	0.0	0.0	0.0	1	0	0	0	0
skygarden_jumpplayer	6005	700065	139	2	0	2000	0	5700018	0	0	0	345.22314453125	58.84978485107422	290.6960144042969	0.0	0.0	0.0	1	0	0	0	0
skygarden_jumpplayer	6005	700066	139	2	0	2000	0	5700018	0	0	0	343.1431579589844	59.87978744506836	290.6960144042969	0.0	0.0	0.0	1	0	0	0	0
skygarden_jumpplayer	6005	700067	139	2	0	2000	0	5700018	0	0	0	341.06317138671875	58.84978485107422	290.6960144042969	0.0	0.0	0.0	1	0	0	0	0
skygarden_jumpplayer	6005	700068	139	2	0	2000	0	5700018	0	0	0	332.9831848144531	60.88978576660156	199.6699981689453	0.0	0.0	0.0	1	0	0	0	0
skygarden_jumpplayer	6005	700069	139	2	0	2000	0	5700018	0	0	0	330.503173828125	60.88978576660156	295.8500061035156	0.0	0.0	0.0	1	0	0	0	0
skygarden_jumpplayer	6005	700070	139	2	0	2000	0	5700018	0	0	0	332.9831848144531	60.88978576660156	293.32000732421875	0.0	0.0	0.0	1	0	0	0	0
skygarden_jumpplayer	6005	700071	139	2	0	2000	0	5700018	0	0	0	330.503173828125	60.88978576660156	293.32000732421875	0.0	0.0	0.0	1	0	0	0	0
skygarden_jumpplayer	6005	700072	139	2	0	2000	0	5700018	0	0	0	328.023193359375	60.88978576660156	293.32000732421875	0.0	0.0	0.0	1	0	0	0	0
skygarden_jumpplayer	6005	700073	139	2	0	2000	0	5700018	0	0	0	328.023193359375	60.88978576660156	295.8500061035156	0.0	0.0	0.0	1	0	0	0	0
skygarden_jumpplayer	6005	700074	139	2	0	2000	0	5700018	0	0	0	332.9831848144531	60.88978958129883	290.8399963378906	0.0	0.0	0.0	1	0	0	0	0
skygarden_jumpplayer	6005	700075	139	2	0	2000	0	5700018	0	0	0	330.503173828125	60.88978576660156	290.8399963378906	0.0	0.0	0.0	1	0	0	0	0
skygarden_jumpplayer	6005	700076	139	2	0	2000	0	5700018	0	0	0	328.023193359375	60.88978576660156	290.8399963378906	0.0	0.0	0.0	1	0	0	0	0
skygarden_jumpplayer	6005	700077	139	2	0	2000	0	5700018	0	0	0	328.023193359375	60.88978576660156	288.2500305175781	0.0	0.0	0.0	1	0	0	0	0
skygarden_jumpplayer	6005	700078	139	2	0	2000	0	5700018	0	0	0	330.503173828125	60.88978576660156	288.2500305175781	0.0	0.0	0.0	1	0	0	0	0
skygarden_jumpplayer	6005	700079	139	2	0	2000	0	5700018	0	0	0	332.9831848144531	60.88978576660156	288.2500305175781	0.0	0.0	0.0	1	0	0	0	0
skygarden_jumpplayer	6005	700080	139	2	0	2000	0	5700018	0	0	0	332.9831848144531	60.88978576660156	285.8000183105469	0.0	0.0	0.0	1	0	0	0	0
skygarden_jumpplayer	6005	700081	139	2	0	2000	0	5700018	0	0	0	330.5030517578125	60.8897819519043	285.8000183105469	0.0	0.0	0.0	1	0	0	0	0
skygarden_jumpplayer	6005	700082	139	2	0	2000	0	5700018	0	0	0	328.0230712890625	60.8897819519043	285.8000183105469	0.0	0.0	0.0	1	0	0	0	0
skygarden_jumpplayer	6005	700083	139	2	0	2000	0	5700018	0	0	0	305.05999755859375	51.11000061035156	285.1499938964844	0.0	0.0	0.0	1	0	0	0	0
skygarden_jumpplayer	6005	700084	139	2	0	2000	0	5700018	0	0	0	318.89306640625	58.51978302001953	290.010009765625	0.0	0.0	0.0	1	0	0	0	0
skygarden_jumpplayer	6005	700085	139	2	0	2000	0	5700018	0	0	0	317.8530578613281	56.649784088134766	290.010009765625	0.0	0.0	0.0	1	0	0	0	0
skygarden_jumpplayer	6005	700086	139	2	0	2000	0	5700018	0	0	0	296.1199951171875	50.819786071777344	286.2900085449219	0.0	0.0	0.0	1	0	0	0	0
skygarden_jumpplayer	6005	700087	139	2	0	2000	0	5700018	0	0	0	291.92999267578125	50.819786071777344	288.8399963378906	0.0	0.0	0.0	1	0	0	0	0
skygarden_jumpplayer	6005	700088	139	2	0	2000	0	5700018	0	0	0	288.80999755859375	50.819786071777344	288.8399963378906	0.0	0.0	0.0	1	0	0	0	0
skygarden_jumpplayer	6005	700089	156	2	0	2000	0	5700018	0	0	0	284.1300048828125	54.41999816894531	283.0199890136719	0.0	0.0	0.0	1	0	0	0	0
skygarden_jumpplayer	6005	700090	139	2	0	2000	0	5700018	0	0	0	271.2900085449219	52.27000045776367	285.489990234375	0.0	0.0	0.0	1	0	0	0	0
skygarden_jumpplayer	6005	700091	139	2	0	2000	0	5700018	0	0	0	265.7900085449219	52.27000045776367	285.489990234375	0.0	0.0	0.0	1	0	0	0	0
skygarden_jumpplayer	6005	700092	139	2	0	2000	0	5700018	0	0	0	271.010009765625	52.569786071777344	1380.0	0.0	0.0	0.0	1	0	0	0	0
skygarden_jumpplayer	6005	700093	139	2	0	2000	0	5700018	0	0	0	142.8000030517578	52.569786071777344	228.8000030517578	0.0	0.0	0.0	1	0	0	0	0
skygarden_jumpplayer	6005	700094	49	1	7000001	1	0	5600034	0	0	0	253.81863403320312	52.65846252441406	284.88299560546875	0.0	90.0	0.0	1	0	1	0	0
skygarden_jumpplayer	6005	700095	50	1	7000002	1	0	5600035	0	0	0	253.81863403320312	52.65846252441406	286.5069885253906	0.0	90.0	0.0	1	0	1	0	0
skygarden_jumpplayer	6005	700096	51	1	7000003	1	0	5600036	0	0	0	253.81863403320312	52.65846252441406	283.3376770019531	0.0	90.0	0.0	1	0	1	0	0
skygarden_jumpplayer	6005	700100	139	2	0	2000	0	5700018	0	0	0	314.5199890136719	58.52978515625	290.2699890136719	0.0	0.0	0.0	1	0	0	0	0
skygarden_jumpplayer	6005	700101	1	0	0	0	0	0	0	0	0	323.2900085449219	60.40241622924805	290.40362548828125	0.0	0.0	0.0	1	1	0	0	0
skygarden_jumpplayer	6005	700102	1	0	0	0	0	0	0	0	0	301.7543029785156	51.15824890136719	285.044921875	0.0	0.0	0.0	1	1	0	0	0
skygarden_jumpplayer	6005	700103	1	0	0	0	0	0	0	0	0	332.1099853515625	61.08664321899414	285.4599914550781	0.0	0.0	0.0	0	1	0	0	0
skygarden_jumpplayer	6005	700104	157	0	0	0	0	0	0	0	0	365.0400085449219	56.809783935546875	290.8599853515625	0.0	0.0	0.0	0	0	0	0	0
skygarden_jumpplayer	6005	700105	103	0	0	0	0	0	0	0	0	355.1000061035156	55.29999923706055	289.7763977050781	0.0	0.0	270.0	0	0	0	0	0
skygarden_jumpplayer	6005	700106	1	0	0	0	0	0	0	0	0	358.1243591308594	47.380001068115234	291.96514892578125	0.0	0.0	0.0	0	1	0	0	0
skygarden_jumpplayer	6005	700097	156	2	0	2001	0	5700018	0	0	0	322.010009765625	62.75	290.3399963378906	0.0	0.0	0.0	1	0	0	0	0
skygarden_jumpplayer	6005	700098	156	2	0	2001	0	5700018	0	0	0	260.7289123535156	52.27000045776367	285.489990234375	0.0	0.0	0.0	1	0	0	0	0
skygarden_jumpplayer	6005	700099	107	0	0	0	0	0	0	0	0	578.0	50.0	289.0	0.0	90.00004577636719	0.0	0	0	0	0	0
skygarden_jumpplayer	6005	700107	107	0	0	0	0	0	0	0	0	578.0	50.0	292.0	0.0	90.0	0.0	0	0	0	0	0
skygarden_jumpplayer	6005	700108	107	0	0	0	0	0	0	0	0	507.0	54.0	292.0	0.0	90.0	0.0	0	0	0	0	0
skygarden_jumpplayer	6005	700109	1	0	0	0	0	0	0	0	0	323.79998779296875	60.630001068115234	290.239990234375	0.0	0.0	0.0	0	1	0	0	0
skygarden_jumpplayer	6005	700110	1	0	0	0	0	0	0	0	0	360.40093994140625	48.630001068115234	290.4048156738281	0.0	0.0	0.0	0	1	0	0	0
skygarden_jumpplayer	6005	700111	1	0	0	0	0	0	0	0	0	255.82000732421875	52.849998474121094	284.92999267578125	0.0	0.0	0.0	0	1	0	0	0
skygarden_jumpplayer	6005	700112	113	0	0	0	0	0	0	0	0	322.8152160644531	57.93000030517578	292.80419921875	0.0	270.00018310546875	0.0	0	0	0	0	0
skygarden_jumpplayer	6005	700113	113	0	0	0	0	0	0	0	0	252.80581665039062	52.54999923706055	282.4151306152344	0.0	89.99983215332031	0.0	0	0	0	0	0
skygarden_jumpplayer	6005	700114	107	0	0	0	0	0	0	0	0	333.25	60.65999984741211	289.5	0.0	0.0	0.0	0	0	0	0	0
skygarden_jumpplayer	6005	700115	107	0	0	0	0	0	0	0	0	330.8399963378906	60.70199966430664	292.0	0.0	179.99996948242188	0.0	0	0	0	0	0
skygarden_jumpplayer	6005	700116	107	0	0	0	0	0	0	0	0	328.25	60.70199966430664	292.0	0.0	0.0	0.0	0	0	0	0	0
skygarden_jumpplayer	6005	700117	107	0	0	0	0	0	0	0	0	333.25	60.70199966430664	292.0	0.0	0.0	0.0	0	0	0	0	0
skygarden_jumpplayer	6005	700118	107	0	0	0	0	0	0	0	0	328.25	60.70199966430664	294.75	0.0	0.0	0.0	0	0	0	0	0
skygarden_jumpplayer	6005	700119	107	0	0	0	0	0	0	0	0	330.80999755859375	60.70199966430664	294.75	0.0	180.0	0.0	0	0	0	0	0
skygarden_jumpplayer	6005	700120	107	0	0	0	0	0	0	0	0	328.25	60.70199966430664	297.25	0.0	0.0	0.0	0	0	0	0	0
skygarden_jumpplayer	6005	700121	107	0	0	0	0	0	0	0	0	330.8299865722656	60.70199966430664	297.2699890136719	0.0	90.0	0.0	0	0	0	0	0
skygarden_jumpplayer	6005	700122	107	0	0	0	0	0	0	0	0	333.25	60.70199966430664	297.25	0.0	0.0	0.0	0	0	0	0	0
skygarden_jumpplayer	6005	700123	107	0	0	0	0	0	0	0	0	333.25	60.65999984741211	294.79998779296875	0.0	0.0	0.0	0	0	0	0	0
skygarden_jumpplayer	6005	700124	1	0	0	0	0	0	0	0	0	332.3226013183594	60.65769577026367	292.0965270996094	0.7475531101226807	0.0	0.0	0	1	0	0	0
skygarden_jumpplayer	6005	700125	1	0	0	0	0	0	0	0	0	332.3226013183594	60.65769577026367	292.0965270996094	0.0	0.0	0.0	0	1	0	0	0
skygarden_jumpplayer	6005	700126	1	0	0	0	0	0	0	0	0	330.5199890136719	60.7400016784668	285.7699890136719	0.7475531101226807	0.0	0.0	0	1	0	0	0
skygarden_jumpplayer	6005	700127	1	0	0	0	0	0	0	0	0	329.989990234375	60.599998474121094	296.1400146484375	0.7475531101226807	0.0	0.0	0	1	0	0	0
skygarden_jumpplayer	6005	700128	1	0	0	0	0	0	0	0	0	328.29998779296875	60.63999938964844	293.2699890136719	0.7475531101226807	0.0	0.0	0	1	0	0	0
skygarden_jumpplayer	6005	700129	103	0	0	0	0	0	0	0	0	368.2699890136719	54.869998931884766	289.7799987792969	0.0	0.0	0.0	1	0	0	0	0
skygarden_jumpplayer	6005	700130	103	0	0	0	0	0	0	0	0	368.2435302734375	55.054229736328125	295.21875	0.0	0.0	0.0	1	0	0	0	0
skygarden_jumpplayer	6005	700131	103	0	0	0	0	0	0	0	0	362.9786376953125	56.378456115722656	295.6807556152344	0.0	0.0	0.0	1	0	0	0	0
skygarden_jumpplayer	6005	700132	103	0	0	0	0	0	0	0	0	357.58563232421875	58.90268325805664	295.66729736328125	0.0	0.0	0.0	1	0	0	0	0
skygarden_jumpplayer	6005	700133	103	0	0	0	0	0	0	0	0	299.5652160644531	52.73269271850586	289.66259765625	0.0	0.0	0.0	1	0	0	0	0
skygarden_jumpplayer	6005	700134	103	0	0	0	0	0	0	0	0	297.3652038574219	53.48269271850586	590.2000122070312	0.0	0.0	0.0	1	0	0	0	0
skygarden_jumpplayer	6005	700135	103	0	0	0	0	0	0	0	0	292.1651916503906	53.48269271850586	292.0625915527344	0.0	0.0	0.0	1	0	0	0	0
skygarden_jumpplayer	6005	700136	103	0	0	0	0	0	0	0	0	286.9651794433594	53.48269271850586	292.0625915527344	0.0	0.0	0.0	1	0	0	0	0
skygarden_jumpplayer	6005	700137	103	0	0	0	0	0	0	0	0	281.76519775390625	53.48269271850586	292.0625915527344	0.0	0.0	0.0	1	0	0	0	0
skygarden_jumpplayer	6005	700138	103	0	0	0	0	0	0	0	0	272.0263671875	51.74909973144531	289.3299865722656	0.0	0.0	330.0	1	0	0	0	0
skygarden_jumpplayer	6005	700139	103	0	0	0	0	0	0	0	0	262.47998046875	53.45000076293945	289.3500061035156	0.0	0.0	0.0	1	0	0	0	0
skygarden_jumpplayer	6005	700140	103	0	0	0	0	0	0	0	0	267.7300109863281	53.5	289.3500061035156	0.0	0.0	0.0	1	0	0	0	0
skygarden_jumpplayer	6005	700141	103	0	0	0	0	0	0	0	0	257.58001708984375	53.5	-19.649993896484375	0.0	0.0	0.0	1	0	0	0	0
skygarden_jumpplayer	6005	700142	140	0	0	0	0	0	0	0	0	284.30999755859375	53.185203552246094	282.45001220703125	0.0	0.0	0.0	0	0	0	0	0
skygarden_jumpplayer	6005	700143	113	0	0	0	0	0	0	0	0	285.26519775390625	50.619998931884766	284.85418701171875	0.0	270.00018310546875	0.0	0	0	0	0	0
skygarden_jumpplayer	6005	700144	1	0	0	0	0	0	0	0	0	283.41424560546875	54.039432525634766	283.65814208984375	0.0	0.0	0.0	0	1	0	0	0
skygarden_jumpplayer	6005	700145	107	0	0	0	0	0	0	0	0	333.25	60.70199966430664	297.25	0.0	0.0	0.0	0	0	0	0	0
skygarden_jumpplayer	6005	700146	107	0	0	0	0	0	0	0	0	333.25	60.65999984741211	289.5	0.0	0.0	0.0	0	0	0	0	0
skygarden_jumpplayer	6005	700147	107	0	0	0	0	0	0	0	0	330.75	60.75	286.8940124511719	0.0	180.0	0.0	0	0	0	0	0
skygarden_jumpplayer	6005	700148	1	0	0	0	0	0	0	0	0	364.58197021484375	56.683712005615234	291.02685546875	0.0	0.0	0.0	0	0	0	1	0
skygarden_jumpplayer	6005	700149	1	0	0	0	0	0	0	0	0	351.09759521484375	59.12371063232422	291.01385498046875	0.0	0.0	0.0	0	0	0	1	0
skygarden_jumpplayer	6005	700150	1	0	0	0	0	0	0	0	0	346.6199951171875	59.12371063232422	290.75	0.0	0.0	0.0	0	0	0	1	0
skygarden_jumpplayer	6005	700151	1	0	0	0	0	0	0	0	0	351.09759521484375	59.12371063232422	291.01385498046875	0.0	0.0	0.0	0	0	0	1	0
skygarden_jumpplayer	6005	700152	1	0	0	0	0	0	0	0	0	333.5799865722656	62.04999923706055	295.8299865722656	0.0	0.0	0.0	0	0	0	1	0
skygarden_jumpplayer	6005	700153	1	0	0	0	0	0	0	0	0	333.44000244140625	59.8137092590332	291.0400085449219	0.0	0.0	0.0	0	0	0	1	0
skygarden_jumpplayer	6005	700154	1	0	0	0	0	0	0	0	0	333.45001220703125	59.8137092590332	284.92999267578125	0.0	0.0	0.0	0	0	0	1	0
skygarden_jumpplayer	6005	700155	1	0	0	0	0	0	0	0	0	330.4100036621094	59.8137092590332	285.1400146484375	0.0	0.0	0.0	0	0	0	1	0
skygarden_jumpplayer	6005	700156	1	0	0	0	0	0	0	0	0	328.20001220703125	59.12371063232422	291.0400085449219	0.0	0.0	0.0	0	0	0	1	0
skygarden_jumpplayer	6005	700157	1	0	0	0	0	0	0	0	0	330.79998779296875	59.12371063232422	291.0400085449219	0.0	0.0	0.0	0	0	0	1	0
skygarden_jumpplayer	6005	700158	1	0	0	0	0	0	0	0	0	328.260009765625	59.12371063232422	295.9700012207031	0.0	0.0	0.0	0	0	0	1	0
skygarden_jumpplayer	6005	700159	1	0	0	0	0	0	0	0	0	275.2799987792969	48.63999938964844	286.1199951171875	0.0	0.0	0.0	0	0	0	1	0
skygarden_jumpplayer	6005	700160	1	0	0	0	0	0	0	0	0	327.3399963378906	59.12371063232422	285.2699890136719	0.0	0.0	0.0	0	0	0	1	0
skygarden_jumpplayer	6006	800001	140	0	0	0	0	0	0	0	0	270.3900146484375	50.61000061035156	238.80999755859375	0.0	0.0	0.0	0	0	0	0	0
skygarden_jumpplayer	6006	800002	103	0	0	0	0	0	0	0	0	271.2699890136719	51.088462829589844	244.5800018310547	0.0	0.0	0.0	0	0	0	0	0
skygarden_jumpplayer	6006	800003	103	0	0	0	0	0	0	0	0	271.2699890136719	51.088462829589844	249.77999877929688	0.0	0.0	0.0	0	0	0	0	0
skygarden_jumpplayer	6006	800004	103	0	0	0	0	0	0	0	0	271.20001220703125	51.08700180053711	255.0	1.7075473124350538e-06	0.0	0.0	0	0	0	0	0
skygarden_jumpplayer	6006	800005	103	0	0	0	0	0	0	0	0	276.4700012207031	52.6884651184082	254.97999572753906	0.0	0.0	0.0	0	0	0	0	0
skygarden_jumpplayer	6006	800006	103	0	0	0	0	0	0	0	0	266.07000732421875	52.2884635925293	254.97999572753906	0.0	0.0	0.0	0	0	0	0	0
skygarden_jumpplayer	6006	800007	103	0	0	0	0	0	0	0	0	270.27001953125	58.6884651184082	267.46002197265625	0.0	0.0	0.0	0	0	0	0	0
skygarden_jumpplayer	6006	800008	103	0	0	0	0	0	0	0	0	270.27001953125	58.6884651184082	272.6600341796875	0.0	0.0	0.0	0	0	0	0	0
skygarden_jumpplayer	6006	800011	157	0	0	0	0	0	0	0	0	255.72000122070312	54.5742301940918	313.739990234375	0.0	0.0	0.0	0	0	0	0	0
skygarden_jumpplayer	6006	800012	140	0	0	0	0	0	0	0	0	269.1537780761719	61.704254150390625	282.8447570800781	0.0	0.0	0.0	0	0	0	0	0
skygarden_jumpplayer	6006	800013	103	0	0	0	0	0	0	0	0	270.28802490234375	60.189998626708984	288.6099853515625	44.99991226196289	0.0	0.0	0	0	0	0	0
skygarden_jumpplayer	6006	800014	103	0	0	0	0	0	0	0	0	270.28802490234375	56.513038635253906	292.2869567871094	44.99991226196289	0.0	0.0	0	0	0	0	0
skygarden_jumpplayer	6006	800015	103	0	0	0	0	0	0	0	0	270.28802490234375	52.836082458496094	295.96392822265625	44.99991226196289	0.0	0.0	0	0	0	0	0
skygarden_jumpplayer	6006	800016	103	0	0	0	0	0	0	0	0	270.2300109863281	50.20000076293945	300.42999267578125	0.0	0.0	0.0	0	0	0	0	0
skygarden_jumpplayer	6006	800017	103	0	0	0	0	0	0	0	0	270.2300109863281	51.95000076293945	305.6300048828125	0.0	0.0	0.0	0	0	0	0	0
skygarden_jumpplayer	6006	800018	103	0	0	0	0	0	0	0	0	270.2300109863281	52.95000076293945	310.83001708984375	0.0	0.0	0.0	0	0	0	0	0
skygarden_jumpplayer	6006	800019	107	0	0	0	0	0	0	0	0	254.36000061035156	61.22999954223633	286.760009765625	40.00000762939453	180.0	-2.657228549609453e-13	0	0	0	0	0
skygarden_jumpplayer	6006	800020	103	0	0	0	0	0	0	0	0	256.6399841308594	51.43000030517578	272.4200134277344	1.8783019186230376e-05	0.0	0.0	0	0	0	0	0
skygarden_jumpplayer	6006	800021	103	0	0	0	0	0	0	0	0	256.6499938964844	52.720001220703125	277.5799865722656	320.0	0.0	0.0	0	0	0	0	0
skygarden_jumpplayer	6006	800022	103	0	0	0	0	0	0	0	0	256.67999267578125	59.38999938964844	285.4341125488281	320.0	0.0	0.0	0	0	0	0	0
skygarden_jumpplayer	6006	800023	103	0	0	0	0	0	0	0	0	256.6499938964844	56.06999969482422	281.4831237792969	320.0	0.0	0.0	0	0	0	0	0
skygarden_jumpplayer	6006	800024	209	0	0	0	0	0	0	0	0	255.5218963623047	52.02674102783203	268.03497314453125	0.0	0.0	0.0	0	0	0	0	0
skygarden_jumpplayer	6006	800025	140	0	0	0	0	0	0	0	0	282.2876281738281	55.92423629760742	272.5595397949219	0.0	0.0	0.0	0	0	0	0	0
skygarden_jumpplayer	6006	800026	103	0	0	0	0	0	0	0	0	286.45001220703125	55.40000915527344	278.3000183105469	0.0	0.0	0.0	0	0	0	0	0
skygarden_jumpplayer	6006	800027	103	0	0	0	0	0	0	0	0	286.45001220703125	55.40000915527344	283.5000305175781	0.0	0.0	0.0	0	0	0	0	0
skygarden_jumpplayer	6006	800028	103	0	0	0	0	0	0	0	0	284.83001708984375	53.32000732421875	289.2400207519531	0.0	0.0	330.00006103515625	0	0	0	0	0
skygarden_jumpplayer	6006	800029	103	0	0	0	0	0	0	0	0	284.83001708984375	53.32000732421875	294.4400329589844	0.0	0.0	330.00006103515625	0	0	0	0	0
skygarden_jumpplayer	6006	800030	103	0	0	0	0	0	0	0	0	289.94500732421875	52.71458053588867	300.1400451660156	0.0	0.0	30.000059127807617	0	0	0	0	0
skygarden_jumpplayer	6006	800031	103	0	0	0	0	0	0	0	0	289.92767333984375	52.73592758178711	305.3400573730469	0.0	0.0	30.000059127807617	0	0	0	0	0
skygarden_jumpplayer	6006	800032	103	0	0	0	0	0	0	0	0	288.43267822265625	46.80134963989258	317.37005615234375	0.0	0.0	0.0	0	0	0	0	0
skygarden_jumpplayer	6006	800033	103	0	0	0	0	0	0	0	0	288.43267822265625	46.80134963989258	322.570068359375	0.0	0.0	0.0	0	0	0	0	0
skygarden_jumpplayer	6006	800034	103	0	0	0	0	0	0	0	0	516.7999877929688	51.21269226074219	299.67498779296875	0.0	0.0	0.0	1	0	0	0	0
skygarden_jumpplayer	6006	800035	103	0	0	0	0	0	0	0	0	276.1300048828125	55.58536911010742	270.3864440917969	0.0	0.0	0.0	1	0	0	0	0
skygarden_jumpplayer	6006	800036	103	0	0	0	0	0	0	0	0	276.0775146484375	54.26114273071289	265.89837646484375	0.0	0.0	0.0	1	0	0	0	0
skygarden_jumpplayer	6006	800037	103	0	0	0	0	0	0	0	0	276.1417236328125	52.93691635131836	260.8800048828125	0.0	0.0	0.0	1	0	0	0	0
skygarden_jumpplayer	6006	800038	140	0	0	0	0	0	0	0	0	269.760009765625	54.321136474609375	319.6300048828125	0.0	0.0	0.0	0	0	0	0	0
skygarden_jumpplayer	6006	800039	103	0	0	0	0	0	0	0	0	256.67999267578125	54.05000305175781	299.48980712890625	0.0	0.0	0.0	0	0	0	0	0
skygarden_jumpplayer	6006	800040	103	0	0	0	0	0	0	0	0	256.67999267578125	54.05000305175781	306.0198059082031	0.0	0.0	0.0	0	0	0	0	0
skygarden_jumpplayer	6006	800041	103	0	0	0	0	0	0	0	0	256.67999267578125	54.05000305175781	312.5498046875	0.0	0.0	0.0	0	0	0	0	0
skygarden_jumpplayer	6006	800043	103	0	0	0	0	0	0	0	0	256.3599853515625	56.1300048828125	323.1997985839844	0.0	0.0	0.0	0	0	0	0	0
skygarden_jumpplayer	6006	800044	141	0	0	0	0	0	0	0	0	270.239990234375	51.529998779296875	255.8800048828125	5.4641506721964106e-05	0.0	0.0	0	0	0	0	0
skygarden_jumpplayer	6006	800045	141	0	0	0	0	0	0	0	0	287.5400085449219	47.529998779296875	324.6000061035156	0.0	0.0	0.0	0	0	0	0	0
skygarden_jumpplayer	6006	800046	141	0	0	0	0	0	0	0	0	255.27000427246094	56.72999954223633	324.20001220703125	0.0	0.0	0.0	0	0	0	0	0
skygarden_jumpplayer	6006	800047	209	0	0	0	0	0	0	0	0	282.1346130371094	55.917999267578125	272.6491394042969	0.0	0.0	0.0	0	0	0	0	0
skygarden_jumpplayer	6006	800048	209	0	0	0	0	0	0	0	0	269.27923583984375	59.24520492553711	268.315673828125	0.0	0.0	0.0	0	0	0	0	0
skygarden_jumpplayer	6006	800049	1	0	0	0	0	0	0	0	0	284.3458251953125	54.24240493774414	296.7979431152344	0.0	0.0	0.0	0	0	0	0	0
skygarden_jumpplayer	6006	800050	157	0	0	0	0	0	0	0	0	269.2900085449219	59.20000076293945	273.6499938964844	0.0	0.0	0.0	0	0	0	0	0
skygarden_jumpplayer	6006	800051	107	0	0	0	0	0	0	0	0	285.3340148925781	53.63600158691406	288.9100036621094	-2.154854519176297e-05	180.00003051757812	30.000015258789062	0	0	0	0	0
skygarden_jumpplayer	6006	800052	107	0	0	0	0	0	0	0	0	285.3900146484375	53.56999969482422	294.17999267578125	-3.1166666303761303e-05	180.0000457763672	30.000015258789062	0	0	0	0	0
skygarden_jumpplayer	6006	800053	107	0	0	0	0	0	0	0	0	289.8599853515625	53.310001373291016	302.42999267578125	-1.4493271919491235e-05	179.99998474121094	330.0	0	0	0	0	0
skygarden_jumpplayer	6006	800054	107	0	0	0	0	0	0	0	0	287.7049865722656	52.04499816894531	307.5299987792969	-5.729430085921194e-06	180.0	330.0	0	0	0	0	0
skygarden_jumpplayer	6006	800055	107	0	0	0	0	0	0	0	0	256.9200134277344	52.94900131225586	277.0769958496094	40.00000762939453	180.0	-2.657228549609453e-13	0	0	0	0	0
skygarden_jumpplayer	6006	800056	107	0	0	0	0	0	0	0	0	256.8919982910156	56.27799987792969	280.95001220703125	40.00000762939453	180.0	-2.657228549609453e-13	0	0	0	0	0
skygarden_jumpplayer	6006	800057	107	0	0	0	0	0	0	0	0	256.9200134277344	61.22999954223633	286.760009765625	40.00000762939453	180.0	-2.657228549609453e-13	0	0	0	0	0
skygarden_jumpplayer	6006	800058	107	0	0	0	0	0	0	0	0	254.322998046875	52.9630012512207	277.0320129394531	40.00000762939453	180.0	-2.657228549609453e-13	0	0	0	0	0
skygarden_jumpplayer	6006	800059	139	2	0	2000	0	5700018	0	0	0	270.2962646484375	51.60824966430664	247.02999877929688	0.0	0.0	0.0	1	0	0	0	0
skygarden_jumpplayer	6006	800060	139	2	0	2000	0	5700018	0	0	0	270.2962646484375	51.85824966430664	249.3599853515625	0.0	0.0	0.0	1	0	0	0	0
skygarden_jumpplayer	6006	800061	139	2	0	2000	0	5700018	0	0	0	270.2962646484375	51.60824966430664	251.93997192382812	0.0	0.0	0.0	1	0	0	0	0
skygarden_jumpplayer	6006	800062	139	2	0	2000	0	5700018	0	0	0	269.2962646484375	60.44824981689453	275.0499572753906	0.0	0.0	0.0	1	0	0	0	0
skygarden_jumpplayer	6006	800063	139	2	0	2000	0	5700018	0	0	0	411.5462646484375	62.92824935913086	284.2499694824219	0.0	0.0	0.0	1	0	0	0	0
skygarden_jumpplayer	6006	800064	139	2	0	2000	0	5700018	0	0	0	286.5400085449219	54.290000915527344	298.67999267578125	0.0	0.0	0.0	1	0	0	0	0
skygarden_jumpplayer	6006	800065	139	2	0	2000	0	5700018	0	0	0	287.2962646484375	51.650001525878906	312.199951171875	0.0	0.0	0.0	1	0	0	0	0
skygarden_jumpplayer	6006	800066	294	0	0	0	0	0	0	0	0	272.8800048828125	50.689998626708984	237.92999267578125	0.0	0.0	0.0	1	0	0	0	0
skygarden_jumpplayer	6006	800067	139	2	0	2000	0	5700018	0	0	0	269.29620361328125	61.188255310058594	288.2099609375	0.0	0.0	0.0	1	0	0	0	0
skygarden_jumpplayer	6006	800068	139	2	0	2000	0	5700018	0	0	0	269.29620361328125	58.31825637817383	292.45001220703125	0.0	0.0	0.0	1	0	0	0	0
skygarden_jumpplayer	6006	800069	139	2	0	2000	0	5700018	0	0	0	269.29620361328125	55.4482536315918	296.1700134277344	0.0	0.0	0.0	1	0	0	0	0
skygarden_jumpplayer	6006	800070	139	2	0	2000	0	5700018	0	0	0	268.9599914550781	50.57825469970703	301.32000732421875	0.0	0.0	0.0	1	0	0	0	0
skygarden_jumpplayer	6006	800071	139	2	0	2000	0	5700018	0	0	0	269.2962341308594	52.82825469970703	305.7299499511719	0.0	0.0	0.0	1	0	0	0	0
skygarden_jumpplayer	6006	800072	139	2	0	2000	0	5700018	0	0	0	269.2962341308594	53.9482536315918	308.8499450683594	0.0	0.0	0.0	1	0	0	0	0
skygarden_jumpplayer	6006	800073	156	2	0	2001	0	5700018	0	0	0	269.2962341308594	54.32825469970703	311.9699401855469	0.0	0.0	0.0	1	0	0	0	0
skygarden_jumpplayer	6006	800074	139	2	0	2000	0	5700018	0	0	0	255.4600067138672	54.07825469970703	277.73992919921875	0.0	0.0	0.0	1	0	0	0	0
skygarden_jumpplayer	6006	800075	139	2	0	2000	0	5700018	0	0	0	255.7100067138672	57.57825469970703	281.0699157714844	0.0	0.0	0.0	1	0	0	0	0
skygarden_jumpplayer	6006	800076	139	2	0	2000	0	5700018	0	0	0	255.7100067138672	61.32825469970703	284.39990234375	0.0	0.0	0.0	1	0	0	0	0
skygarden_jumpplayer	6006	800077	139	2	0	2000	0	5700018	0	0	0	255.73623657226562	63.8482551574707	289.24993896484375	0.0	0.0	0.0	1	0	0	0	0
skygarden_jumpplayer	6006	800078	139	2	0	2000	0	5700018	0	0	0	255.73623657226562	62.80825424194336	293.5799255371094	0.0	0.0	0.0	1	0	0	0	0
skygarden_jumpplayer	6006	800079	139	2	0	2000	0	5700018	0	0	0	255.73623657226562	60.72825241088867	295.659912109375	0.0	0.0	0.0	1	0	0	0	0
skygarden_jumpplayer	6006	800080	139	2	0	2000	0	5700018	0	0	0	255.73623657226562	57.608253479003906	297.7398986816406	0.0	0.0	0.0	1	0	0	0	0
skygarden_jumpplayer	6006	800081	139	2	0	2000	0	5700018	0	0	0	255.73623657226562	54.48825454711914	300.3199157714844	0.0	0.0	0.0	1	0	0	0	0
skygarden_jumpplayer	6006	800082	139	2	0	2000	0	5700018	0	0	0	255.73623657226562	63.209999084472656	287.169921875	0.0	0.0	0.0	1	0	0	0	0
skygarden_jumpplayer	6006	800083	139	2	0	2000	0	5700018	0	0	0	255.73623657226562	54.48825454711914	307.1399230957031	0.0	0.0	0.0	1	0	0	0	0
skygarden_jumpplayer	6006	800084	139	2	0	2000	0	5700018	0	0	0	255.7105712890625	54.57978820800781	313.58868408203125	0.0	0.0	0.0	1	0	0	0	0
skygarden_jumpplayer	6006	800085	139	2	0	2000	0	5700018	0	0	0	255.67483520507812	57.529788970947266	318.5188293457031	0.0	0.0	0.0	1	0	0	0	0
skygarden_jumpplayer	6006	800086	139	2	0	2000	0	5700018	0	0	0	255.46408081054688	56.809791564941406	321.7619323730469	0.0	0.0	0.0	1	0	0	0	0
skygarden_jumpplayer	6006	800087	139	2	0	2000	0	5700018	0	0	0	285.4700012207031	55.52824783325195	279.3200378417969	0.0	0.0	0.0	1	0	0	0	0
skygarden_jumpplayer	6006	800088	139	2	0	2000	0	5700018	0	0	0	285.4700012207031	55.52824783325195	281.4000244140625	0.0	0.0	0.0	1	0	0	0	0
skygarden_jumpplayer	6006	800089	139	2	0	2000	0	5700018	0	0	0	285.4700012207031	55.52824783325195	283.4800109863281	0.0	0.0	0.0	1	0	0	0	0
skygarden_jumpplayer	6006	800090	139	2	0	2000	0	5700018	0	0	0	284.8162841796875	54.48824691772461	289.2499694824219	0.0	0.0	0.0	1	0	0	0	0
skygarden_jumpplayer	6006	800091	139	2	0	2000	0	5700018	0	0	0	284.8162841796875	54.48824691772461	291.3299560546875	0.0	0.0	0.0	1	0	0	0	0
skygarden_jumpplayer	6006	800092	139	2	0	2000	0	5700018	0	0	0	284.8162841796875	54.48824691772461	293.4099426269531	0.0	0.0	0.0	1	0	0	0	0
skygarden_jumpplayer	6006	800093	139	2	0	2000	0	5700018	0	0	0	288.5072326660156	52.859336853027344	307.18994140625	0.0	0.0	0.0	1	0	0	0	0
skygarden_jumpplayer	6006	800094	139	2	0	2000	0	5700018	0	0	0	288.5072326660156	52.859336853027344	303.2699279785156	0.0	0.0	0.0	1	0	0	0	0
skygarden_jumpplayer	6006	800095	139	2	0	2000	0	5700018	0	0	0	288.5072326660156	52.859336853027344	305.34991455078125	0.0	0.0	0.0	1	0	0	0	0
skygarden_jumpplayer	6006	800096	139	2	0	2000	0	5700018	0	0	0	287.5299987792969	47.208248138427734	318.1600036621094	0.0	0.0	0.0	1	0	0	0	0
skygarden_jumpplayer	6006	800097	139	2	0	2000	0	5700018	0	0	0	287.5299987792969	47.208248138427734	321.0400085449219	0.0	0.0	0.0	1	0	0	0	0
skygarden_jumpplayer	6006	800098	139	2	0	2000	0	5700018	0	0	0	508.30999755859375	47.208248138427734	318.3099670410156	0.0	0.0	0.0	1	0	0	0	0
skygarden_jumpplayer	6006	800099	139	2	0	2000	0	5700018	0	0	0	816.0	47.208248138427734	233.0	0.0	0.0	0.0	1	0	0	0	0
skygarden_jumpplayer	6006	800100	139	2	0	2000	0	5700018	0	0	0	816.0900268554688	47.208248138427734	233.3699951171875	0.0	0.0	0.0	1	0	0	0	0
skygarden_jumpplayer	6006	800101	139	2	0	2000	0	5700018	0	0	0	816.9800415039062	47.208248138427734	232.30999755859375	0.0	0.0	0.0	1	0	0	0	0
skygarden_jumpplayer	6006	800102	139	2	0	2000	0	5700018	0	0	0	817.2200317382812	47.208248138427734	233.3699951171875	0.0	0.0	0.0	1	0	0	0	0
skygarden_jumpplayer	6006	800103	139	2	0	2000	0	5700018	0	0	0	816.300048828125	47.208248138427734	232.94998168945312	0.0	0.0	0.0	1	0	0	0	0
skygarden_jumpplayer	6006	800104	139	2	0	2000	0	5700018	0	0	0	817.1700439453125	47.208248138427734	233.50997924804688	0.0	0.0	0.0	1	0	0	0	0
skygarden_jumpplayer	6006	800105	139	2	0	2000	0	5700018	0	0	0	503.5100402832031	47.208248138427734	318.15997314453125	0.0	0.0	0.0	1	0	0	0	0
skygarden_jumpplayer	6006	800106	139	2	0	2000	0	5700018	0	0	0	503.47003173828125	51.38999938964844	323.3600158691406	0.0	0.0	0.0	1	0	0	0	0
skygarden_jumpplayer	6006	800107	1	0	0	0	0	0	0	0	0	271.0536193847656	42.400001525878906	323.0731201171875	0.0	0.0	0.0	0	0	0	0	0
skygarden_jumpplayer	6006	800108	103	0	0	0	0	0	0	0	0	256.6400146484375	51.470001220703125	267.2099914550781	0.0	0.0	0.0	0	0	0	0	0
skygarden_jumpplayer	6006	800109	107	0	0	0	0	0	0	0	0	254.32000732421875	54.59400177001953	279.01800537109375	40.00000762939453	180.0	-2.657228549609453e-13	0	0	0	0	0
skygarden_jumpplayer	6006	800110	107	0	0	0	0	0	0	0	0	254.3090057373047	56.27799987792969	280.95001220703125	40.00000762939453	180.0	-2.657228549609453e-13	0	0	0	0	0
skygarden_jumpplayer	6006	800111	49	1	7000001	1	0	5600034	0	0	0	269.70098876953125	54.339599609375	319.1222839355469	0.0	179.99996948242188	0.0	1	0	1	0	0
skygarden_jumpplayer	6006	800112	50	1	7000002	1	0	5600035	0	0	0	271.238525390625	54.339599609375	319.1222839355469	0.0	179.99996948242188	0.0	1	0	1	0	0
skygarden_jumpplayer	6006	800113	51	1	7000003	1	0	5600036	0	0	0	268.17498779296875	54.339599609375	319.1222839355469	0.0	179.99996948242188	0.0	1	0	1	0	0
skygarden_jumpplayer	6006	800114	107	0	0	0	0	0	0	0	0	256.88299560546875	59.5880012512207	284.8909912109375	40.00000762939453	180.0	-2.657228549609453e-13	0	0	0	0	0
skygarden_jumpplayer	6006	800115	107	0	0	0	0	0	0	0	0	256.8919982910156	57.92599868774414	282.91900634765625	40.00000762939453	180.0	-2.657228549609453e-13	0	0	0	0	0
skygarden_jumpplayer	6006	800116	107	0	0	0	0	0	0	0	0	254.33599853515625	57.93000030517578	282.9200134277344	40.00000762939453	180.0	-2.657228549609453e-13	0	0	0	0	0
skygarden_jumpplayer	6006	800117	107	0	0	0	0	0	0	0	0	256.8909912109375	54.551998138427734	278.97198486328125	40.00000762939453	180.0	-2.657228549609453e-13	0	0	0	0	0
skygarden_jumpplayer	6006	800118	107	0	0	0	0	0	0	0	0	254.32400512695312	59.597999572753906	284.8590087890625	40.00000762939453	180.0	-2.657228549609453e-13	0	0	0	0	0
skygarden_jumpplayer	6006	800119	107	0	0	0	0	0	0	0	0	283.1300048828125	54.9900016784668	288.8699951171875	2.074221265502274e-05	179.99996948242188	29.999954223632812	0	0	0	0	0
skygarden_jumpplayer	6006	800120	107	0	0	0	0	0	0	0	0	283.0899963378906	54.93000030517578	294.1099853515625	2.312283641003887e-06	180.0	30.000062942504883	0	0	0	0	0
skygarden_jumpplayer	6006	800121	107	0	0	0	0	0	0	0	0	287.7059631347656	52.006507873535156	299.8299865722656	3.05333778669592e-05	180.0000457763672	329.99993896484375	0	0	0	0	0
skygarden_jumpplayer	6006	800122	107	0	0	0	0	0	0	0	0	289.8759460449219	53.36650848388672	304.9800109863281	2.9900062145316042e-05	180.0000457763672	329.99993896484375	0	0	0	0	0
skygarden_jumpplayer	6006	800129	1	0	0	0	0	0	0	0	0	281.9200134277344	55.7400016784668	272.1700134277344	0.0	0.0	0.0	0	0	0	0	0
skygarden_jumpplayer	6006	800130	1	0	0	0	0	0	0	0	0	270.1138916015625	59.21268844604492	268.3536682128906	0.0	0.0	0.0	0	0	0	0	0
skygarden_jumpplayer	6006	800131	1	0	0	0	0	0	0	0	0	255.53216552734375	51.99422836303711	269.14605712890625	0.0	0.0	0.0	0	0	0	0	0
skygarden_jumpplayer	6006	800132	1	0	0	0	0	0	0	0	0	255.87998962402344	56.412689208984375	322.5	0.0	0.0	0.0	0	0	0	0	0
skygarden_jumpplayer	6006	800133	1	0	0	0	0	0	0	0	0	287.0391540527344	47.21268844604492	316.6784973144531	0.0	0.0	0.0	0	0	0	0	0
skygarden_jumpplayer	6006	800134	1	0	0	0	0	0	0	0	0	270.3399963378906	51.61268997192383	255.02999877929688	0.0	0.0	0.0	0	0	0	0	0
skygarden_jumpplayer	6006	800135	103	0	0	0	0	0	0	0	0	278.1700134277344	58.155574798583984	277.79998779296875	0.0	0.0	0.0	1	0	0	0	0
skygarden_jumpplayer	6006	800136	103	0	0	0	0	0	0	0	0	278.1700134277344	58.155574798583984	283.0799865722656	0.0	0.0	0.0	1	0	0	0	0
skygarden_jumpplayer	6006	800137	103	0	0	0	0	0	0	0	0	277.70001220703125	55.405574798583984	287.79998779296875	0.0	0.0	0.0	1	0	0	0	0
skygarden_jumpplayer	6006	800138	103	0	0	0	0	0	0	0	0	277.70001220703125	55.405574798583984	292.79998779296875	0.0	0.0	0.0	1	0	0	0	0
skygarden_jumpplayer	6006	800139	103	0	0	0	0	0	0	0	0	277.70001220703125	55.405574798583984	298.1199951171875	0.0	0.0	0.0	1	0	0	0	0
skygarden_jumpplayer	6006	800140	103	0	0	0	0	0	0	0	0	277.70001220703125	55.405574798583984	303.1199951171875	0.0	0.0	0.0	1	0	0	0	0
skygarden_jumpplayer	6006	800141	103	0	0	0	0	0	0	0	0	277.70001220703125	55.405574798583984	308.1199951171875	0.0	0.0	0.0	1	0	0	0	0
skygarden_jumpplayer	6006	800142	103	0	0	0	0	0	0	0	0	277.70001220703125	55.405574798583984	313.1199951171875	0.0	0.0	0.0	1	0	0	0	0
skygarden_jumpplayer	6006	800152	1	0	0	0	0	0	0	0	0	282.1499938964844	48.78557586669922	272.5999755859375	0.0	0.0	0.0	1	0	0	0	0
skygarden_jumpplayer	6006	800143	1	0	0	0	0	0	0	0	0	255.57342529296875	53.864322662353516	277.95294189453125	0.0	0.0	0.0	0	0	0	0	0
skygarden_jumpplayer	6006	800144	1	0	0	0	0	0	0	0	0	255.57342529296875	57.864322662353516	281.95294189453125	0.0	0.0	0.0	0	0	0	0	0
skygarden_jumpplayer	6006	800145	1	0	0	0	0	0	0	0	0	255.57342529296875	61.220001220703125	285.2099914550781	0.0	0.0	0.0	0	0	0	0	0
skygarden_jumpplayer	6006	800146	107	0	0	0	0	0	0	0	0	283.0899963378906	54.970001220703125	291.54998779296875	7.76371052779723e-06	179.99998474121094	28.40257453918457	0	0	0	0	0
skygarden_jumpplayer	6006	800147	107	0	0	0	0	0	0	0	0	285.3500061035156	53.630001068115234	291.5199890136719	1.3035285519436002e-05	179.99998474121094	30.000059127807617	0	0	0	0	0
skygarden_jumpplayer	6006	800148	107	0	0	0	0	0	0	0	0	283.1000061035156	54.91999816894531	296.7099914550781	7.879943041189108e-06	180.0	29.999954223632812	0	0	0	0	0
skygarden_jumpplayer	6006	800149	107	0	0	0	0	0	0	0	0	285.3299865722656	53.63999938964844	296.760009765625	7.276238193298923e-06	180.0	29.999954223632812	0	0	0	0	0
skygarden_jumpplayer	6006	800150	107	0	0	0	0	0	0	0	0	287.7059631347656	52.0565071105957	302.40545654296875	1.546173371025361e-05	179.99998474121094	330.00006103515625	0	0	0	0	0
skygarden_jumpplayer	6006	800151	107	0	0	0	0	0	0	0	0	289.845947265625	53.316505432128906	299.7799987792969	-6.0096058405179065e-06	180.0	330.00006103515625	0	0	0	0	0
skygarden_jumpplayer	6006	800153	107	0	0	0	0	0	0	0	0	287.6849670410156	52.12150573730469	305.010009765625	1.2342743502813391e-05	180.00001525878906	330.00006103515625	0	0	0	0	0
skygarden_jumpplayer	6006	800154	107	0	0	0	0	0	0	0	0	289.9330139160156	53.34757995605469	307.5899963378906	-4.034284575027414e-05	179.9999237060547	330.0	0	0	0	0	0
skygarden_jumpplayer	6006	800155	1	0	0	0	0	0	0	0	0	290.27691650390625	49.75874710083008	302.1359558105469	0.0	0.0	0.0	0	0	0	0	0
skygarden_jumpplayer	6006	800156	1	0	0	0	0	0	0	0	0	284.40240478515625	54.17221450805664	292.28277587890625	0.0	0.0	0.0	0	0	0	0	0
skygarden_jumpplayer	6006	800157	1	0	0	0	0	0	0	0	0	270.44000244140625	54.08000183105469	317.9200134277344	0.0	0.0	0.0	0	0	0	0	0
skygarden_jumpplayer	6006	800009	113	0	0	0	0	0	0	0	0	267.45098876953125	54.209999084472656	320.4294128417969	0.0	180.00033569335938	0.0	0	0	0	0	0
skygarden_jumpplayer	6006	800010	113	0	0	0	0	0	0	0	0	284.6199951171875	53.560001373291016	271.8699951171875	0.0	0.0	0.0	0	0	0	0	0
skygarden_jumpplayer	6006	800042	1	0	0	0	0	0	0	0	0	270.1595458984375	61.92423629760742	282.833740234375	0.0	0.0	0.0	0	0	0	0	0
skygarden_jumpplayer	6006	800123	1	0	0	0	0	0	0	0	0	290.5936279296875	54.61000061035156	308.5199890136719	0.0	0.0	0.0	0	0	0	0	0
skygarden_jumpplayer	6006	800124	113	0	0	0	0	0	0	0	0	271.4200134277344	59.4900016784668	281.9065246582031	0.0	0.0	0.0	0	0	0	0	0
skygarden_jumpplayer	6006	800125	156	2	0	2001	0	5700018	0	0	0	270.2869567871094	63.099998474121094	282.8453369140625	0.0	0.0	0.0	1	0	0	0	0
skygarden_jumpplayer	6006	800126	1	0	0	0	0	0	0	0	0	281.9472351074219	56.14210891723633	272.63604736328125	0.0	0.0	0.0	0	0	0	0	0
skygarden_jumpplayer	6006	800127	1	0	0	0	0	0	0	0	0	269.931396484375	51.64071273803711	256.1979675292969	0.0	0.0	0.0	0	0	0	1	0
skygarden_jumpplayer	6006	800128	1	0	0	0	0	0	0	0	0	287.0400085449219	47.0	324.9599914550781	0.0	0.0	0.0	0	0	0	1	0
skygarden_jumpplayer	6006	800158	1	0	0	0	0	0	0	0	0	257.2799987792969	54.75	325.6700134277344	0.0	0.0	0.0	0	0	0	1	0
skygarden_jumpplayer	6006	800159	1	0	0	0	0	0	0	0	0	255.5618133544922	54.60371398925781	312.96380615234375	0.0	0.0	0.0	0	0	0	1	0
skygarden_jumpplayer	6006	800160	1	0	0	0	0	0	0	0	0	284.0830078125	54.39066696166992	290.04388427734375	0.0	0.0	0.0	0	0	0	1	0
skygarden_jumpplayer	6006	800161	1	0	0	0	0	0	0	0	0	269.45001220703125	59.08000183105469	274.1700134277344	0.0	0.0	0.0	0	0	0	1	0
skygarden_jumpplayer	6006	800162	1	0	0	0	0	0	0	0	0	256.79998779296875	54.39066696166992	275.3999938964844	0.0	0.0	38.68759536743164	0	0	0	1	0
skygarden_jumpplayer	6006	800163	1	0	0	0	0	0	0	0	0	256.79998779296875	55.68000030517578	285.69000244140625	0.0	0.0	38.68759536743164	0	0	0	1	0
skygarden_jumpplayer	6006	800164	1	0	0	0	0	0	0	0	0	256.79998779296875	61.40999984741211	286.2799987792969	0.0	0.0	38.68759536743164	0	0	0	1	0
skygarden_jumpplayer	6007	900001	140	0	0	0	0	0	0	0	0	243.6999969482422	36.599998474121094	323.79998779296875	0.0	0.0	0.0	0	0	0	0	0
skygarden_jumpplayer	6007	900002	103	0	0	0	0	0	0	0	0	255.5800018310547	35.95000076293945	322.82000732421875	0.0	0.0	0.0	0	0	0	0	0
skygarden_jumpplayer	6007	900003	103	0	0	0	0	0	0	0	0	250.3800048828125	35.95000076293945	322.82000732421875	0.0	0.0	0.0	0	0	0	0	0
skygarden_jumpplayer	6007	900004	103	0	0	0	0	0	0	0	0	262.8599853515625	35.95000076293945	322.82000732421875	0.0	0.0	0.0	0	0	0	0	0
skygarden_jumpplayer	6007	900005	103	0	0	0	0	0	0	0	0	294.4200134277344	35.98923110961914	324.2579040527344	330.0	0.0	0.0	0	0	0	0	0
skygarden_jumpplayer	6007	900006	103	0	0	0	0	0	0	0	0	288.6199951171875	35.95000076293945	321.3900146484375	30.00011444091797	0.0	0.0	0	0	0	0	0
skygarden_jumpplayer	6007	900007	103	0	0	0	0	0	0	0	0	269.1400146484375	36.9900016784668	322.82000732421875	0.0	0.0	0.0	0	0	0	0	0
skygarden_jumpplayer	6007	900008	103	0	0	0	0	0	0	0	0	300.2200012207031	35.95000076293945	322.8699951171875	0.0	0.0	0.0	0	0	0	0	0
skygarden_jumpplayer	6007	900009	103	0	0	0	0	0	0	0	0	275.3800048828125	34.90999984741211	322.82000732421875	0.0	0.0	0.0	0	0	0	0	0
skygarden_jumpplayer	6007	900010	103	0	0	0	0	0	0	0	0	282.4200134277344	36.242820739746094	324.45721435546875	330.0	0.0	0.0	0	0	0	0	0
skygarden_jumpplayer	6007	900011	140	0	0	0	0	0	0	0	0	306.6499938964844	37.279998779296875	323.79998779296875	0.0	0.0	0.0	0	0	0	0	0
skygarden_jumpplayer	6007	900012	139	2	0	2000	0	5700018	0	0	0	253.6208038330078	36.22978973388672	324.0199890136719	0.0	0.0	0.0	1	0	0	0	0
skygarden_jumpplayer	6007	900013	139	2	0	2000	0	5700018	0	0	0	299.4599914550781	37.30978012084961	323.7900085449219	0.0	0.0	0.0	1	0	0	0	0
skygarden_jumpplayer	6007	900014	139	2	0	2000	0	5700018	0	0	0	293.5799865722656	37.30978012084961	324.0199890136719	0.0	0.0	0.0	1	0	0	0	0
skygarden_jumpplayer	6007	900015	139	2	0	2000	0	5700018	0	0	0	255.7008056640625	36.22978973388672	324.0199890136719	0.0	0.0	0.0	1	0	0	0	0
skygarden_jumpplayer	6007	900016	139	2	0	2000	0	5700018	0	0	0	287.67999267578125	37.30978012084961	324.0199890136719	0.0	0.0	0.0	1	0	0	0	0
skygarden_jumpplayer	6007	900017	139	2	0	2000	0	5700018	0	0	0	277.95001220703125	36.88977813720703	324.0199890136719	0.0	0.0	0.0	1	0	0	0	0
skygarden_jumpplayer	6007	900018	139	2	0	2000	0	5700018	0	0	0	273.07000732421875	36.80978012084961	324.0199890136719	0.0	0.0	0.0	1	0	0	0	0
skygarden_jumpplayer	6007	900019	139	2	0	2000	0	5700018	0	0	0	266.14080810546875	38.30978012084961	324.0199890136719	0.0	0.0	0.0	1	0	0	0	0
skygarden_jumpplayer	6007	900020	139	2	0	2000	0	5700018	0	0	0	281.3999938964844	37.439998626708984	324.0328063964844	0.0	0.0	0.0	1	0	0	0	0
skygarden_jumpplayer	6007	900021	139	2	0	2000	0	5700018	0	0	0	258.6607971191406	38.30978012084961	324.0199890136719	0.0	0.0	0.0	1	0	0	0	0
skygarden_jumpplayer	6007	900022	139	2	0	2000	0	5700018	0	0	0	270.79998779296875	37.65999984741211	324.0199890136719	0.0	0.0	0.0	1	0	0	0	0
skygarden_jumpplayer	6007	900023	139	2	0	2000	0	5700018	0	0	0	251.54080200195312	36.22978973388672	324.0199890136719	0.0	0.0	0.0	1	0	0	0	0
skygarden_jumpplayer	6007	900024	156	2	0	2001	0	5700018	0	0	0	302.8399963378906	37.298458099365234	323.4800109863281	0.0	0.0	0.0	1	0	0	0	0
skygarden_jumpplayer	6007	900025	113	0	0	0	0	0	0	0	0	307.30999755859375	37.220001220703125	326.1499938964844	0.0	270.00018310546875	0.0	0	0	0	0	0
skygarden_jumpplayer	6007	900026	1	0	0	0	0	0	0	0	0	278.5	32.66999816894531	323.0611877441406	0.0	0.0	0.0	0	0	0	0	0
skygarden_jumpplayer	6007	900027	1	0	0	0	0	0	0	0	0	305.9341125488281	37.298458099365234	323.53460693359375	0.0	0.0	0.0	0	0	0	0	0
skygarden_jumpplayer	6007	900030	1	0	0	0	0	0	0	0	0	268.6000061035156	35.38999938964844	318.3999938964844	0.0	0.0	0.0	0	0	0	0	0
skygarden_jumpplayer	6007	900028	294	0	0	0	0	0	0	0	0	245.63999938964844	36.61846160888672	323.0199890136719	0.0	0.0	0.0	1	0	0	0	0
skygarden_lxystorylevel01	4011	1	212	0	0	0	0	0	0	0	0	12.020000457763672	58.45000076293945	37.34000015258789	0.0	99.2403564453125	0.0	1	0	1	0	0
skygarden_lxystorylevel01	4011	2	210	0	0	0	0	0	0	0	0	29.069000244140625	57.124000549316406	14.506999969482422	0.0	276.93768310546875	0.0	1	0	0	0	0
skygarden_lxystorylevel01	4011	3	213	0	0	0	0	0	0	0	0	28.140789031982422	57.71522521972656	19.604881286621094	0.0	0.0	0.0	1	0	0	0	0
skygarden_lxystorylevel01	4011	4	200	0	0	0	0	0	0	0	0	40.626583099365234	56.56800079345703	28.01239013671875	0.0	0.0	0.0	1	0	1	0	0
skygarden_lxystorylevel01	4011	5	201	0	0	0	0	0	0	0	0	13.123880386352539	56.632999420166016	34.17884063720703	0.0	0.0	0.0	1	0	1	0	0
skygarden_lxystorylevel01	4011	6	201	0	0	0	0	0	0	0	0	28.690000534057617	56.53900146484375	35.77000045776367	0.0	0.0	0.0	1	0	1	0	0
skygarden_lxystorylevel01	4011	8	201	0	0	0	0	0	0	0	0	29.66200065612793	62.45399856567383	54.599998474121094	0.0	0.0	0.0	1	0	1	0	0
skygarden_lxystorylevel01	4011	9	103	0	0	0	0	0	0	0	0	30.610000610351562	60.779998779296875	42.58000183105469	0.0	0.0	0.0	1	0	0	0	0
skygarden_lxystorylevel01	4011	7	103	0	0	0	0	0	0	0	0	30.649999618530273	61.810001373291016	48.2400016784668	0.0	0.0	0.0	1	0	0	0	0
skygarden_lxystorylevel01	4011	10	103	0	0	0	0	0	0	0	0	35.81999969482422	61.810001373291016	48.2400016784668	0.0	0.0	0.0	1	0	0	0	0
skygarden_lxystorylevel01	4011	11	103	0	0	0	0	0	0	0	0	30.690000534057617	61.810001373291016	53.5	0.0	0.0	0.0	1	0	0	0	0
skygarden_lxystorylevel01	4011	12	103	0	0	0	0	0	0	0	0	25.850000381469727	61.810001373291016	48.2400016784668	0.0	0.0	0.0	1	0	0	0	0
skygarden_lxystorylevel01	4011	13	103	0	0	0	0	0	0	0	0	26.149999618530273	61.810001373291016	53.5	0.0	0.0	0.0	1	0	0	0	0
skygarden_lxystorylevel01	4011	14	103	0	0	0	0	0	0	0	0	30.59000015258789	61.209999084472656	44.5099983215332	0.0	0.0	0.0	1	0	0	0	0
skygarden_lxystorylevel01	4011	15	103	0	0	0	0	0	0	0	0	30.690000534057617	61.810001373291016	53.5	0.0	0.0	0.0	1	0	0	0	0
skygarden_lxystorylevel01	4011	16	103	0	0	0	0	0	0	0	0	35.849998474121094	61.810001373291016	53.5	0.0	0.0	0.0	1	0	0	0	0
skygarden_lxystorylevel01	4030	100001	199	0	0	0	0	0	0	0	0	44.56999969482422	56.58700180053711	27.06999969482422	274.91241455078125	0.0	0.0	1	0	1	1	1
skygarden_lxystorylevel01	4030	100002	212	0	0	0	0	0	0	0	0	28.89289093017578	58.97999954223633	13.4399995803833	0.0	346.3404541015625	0.0	1	0	1	1	0
skygarden_lxystorylevel01	4030	100003	20	0	0	0	0	0	0	0	0	27.67300033569336	57.095001220703125	26.06999969482422	274.91241455078125	0.0	0.0	1	0	1	0	0
skygarden_lxystorylevel02	4012	2	174	0	0	0	0	0	0	0	0	75.91999816894531	143.39268493652344	93.44999694824219	0.0	329.454833984375	0.0	1	0	1	0	1
skygarden_lxystorylevel02	4012	1	295	0	0	0	0	0	0	0	0	86.01130676269531	143.52139282226562	90.97396087646484	0.0	0.0	0.0	1	0	0	1	0
skygarden_lxystorylevel02	4012	3	295	0	0	0	0	0	0	0	0	86.01130676269531	143.52139282226562	90.97396087646484	0.0	0.0	0.0	1	0	0	0	0
skygarden_lxystorylevel02	4012	4	295	0	0	0	0	0	0	0	0	86.01130676269531	143.52139282226562	90.97396087646484	0.0	0.0	0.0	1	0	0	0	0
skygarden_lxystorylevel02	4012	5	20	0	0	0	0	0	0	0	0	106.76798248291016	144.2969970703125	111.9800033569336	0.0	0.0	0.0	1	0	1	0	0
skygarden_lxystorylevel02	4012	6	173	0	0	0	0	0	0	0	0	87.55000305175781	143.39268493652344	124.68000030517578	0.0	329.454833984375	0.0	1	0	1	0	1
skygarden_lxystorylevel02	4012	7	176	0	0	0	0	0	0	0	0	75.91999816894531	143.39268493652344	93.44999694824219	0.0	329.454833984375	0.0	1	0	1	0	1
skygarden_lxystorylevel02	4012	8	172	0	0	0	0	0	0	0	0	121.72000122070312	143.39268493652344	110.08000183105469	0.0	329.454833984375	0.0	1	0	1	0	1
skygarden_lxystorylevel02	4012	9	178	0	0	0	0	0	0	0	0	89.00599670410156	143.39700317382812	89.90599822998047	0.0	0.0	0.0	1	0	1	0	0
skygarden_lxystorylevel02	4012	10	178	0	0	0	0	0	0	0	0	87.14199829101562	143.322998046875	89.3010025024414	0.0	0.0	0.0	1	0	1	0	0
skygarden_lxystorylevel02	4012	11	178	0	0	0	0	0	0	0	0	84.96800231933594	143.36099243164062	89.59400177001953	0.0	0.0	0.0	1	0	1	0	0
skygarden_lxystorylevel02	4012	12	20	0	0	0	0	0	0	0	0	83.37799835205078	143.8179931640625	107.57599639892578	0.0	346.5692138671875	0.0	1	0	1	0	0
skygarden_lxystorylevel02	4012	13	298	0	0	0	0	0	0	0	0	84.96179962158203	144.33599853515625	89.58100128173828	0.0	0.0	0.0	1	0	0	0	0
skygarden_lxystorylevel02	4012	14	298	0	0	0	0	0	0	0	0	87.1520004272461	144.33599853515625	89.23200225830078	0.0	0.0	0.0	1	0	0	0	0
skygarden_lxystorylevel02	4012	15	298	0	0	0	0	0	0	0	0	88.97799682617188	144.33599853515625	89.94599914550781	0.0	0.0	0.0	1	0	0	0	0
skygarden_lxystorylevel02	4012	16	178	0	0	0	0	0	0	0	0	89.00599670410156	143.39700317382812	89.90599822998047	0.0	0.0	0.0	1	0	0	0	0
skygarden_lxystorylevel02	4012	17	178	0	0	0	0	0	0	0	0	87.14199829101562	143.322998046875	89.3010025024414	0.0	0.0	0.0	1	0	0	0	0
skygarden_lxystorylevel02	4012	18	178	0	0	0	0	0	0	0	0	84.96800231933594	143.36099243164062	89.59400177001953	0.0	0.0	0.0	1	0	0	0	0
skygarden_lxystorylevel02	4012	19	20	0	0	0	0	0	0	0	0	88.95316314697266	144.02430725097656	100.44180297851562	0.0	346.5692138671875	0.0	1	0	1	0	0
skygarden_lxystorylevel02	4012	20	298	0	0	0	0	0	0	0	0	88.97799682617188	146.82200622558594	89.94599914550781	0.0	0.0	0.0	1	0	0	0	0
skygarden_lxystorylevel02	4012	21	298	0	0	0	0	0	0	0	0	87.1719970703125	149.23300170898438	89.21299743652344	0.0	0.0	0.0	1	0	0	0	0
skygarden_lxystorylevel02	4012	22	298	0	0	0	0	0	0	0	0	87.16600036621094	146.82200622558594	89.1969985961914	0.0	0.0	0.0	1	0	0	0	0
skygarden_lxystorylevel02	4012	23	298	0	0	0	0	0	0	0	0	88.97799682617188	149.23300170898438	89.94599914550781	0.0	0.0	0.0	1	0	0	0	0
skygarden_lxystorylevel02	4012	24	298	0	0	0	0	0	0	0	0	84.96179962158203	146.9290008544922	89.58100128173828	0.0	0.0	0.0	1	0	0	0	0
skygarden_lxystorylevel02	4012	25	298	0	0	0	0	0	0	0	0	84.96179962158203	149.3800048828125	89.58100128173828	0.0	0.0	0.0	1	0	0	0	0
skygarden_lxystorylevel02	4012	26	298	0	0	0	0	0	0	0	0	84.99099731445312	149.36500549316406	89.58100128173828	0.0	0.0	38.09195327758789	1	0	0	0	0
skygarden_lxystorylevel02	4012	27	298	0	0	0	0	0	0	0	0	84.99099731445312	149.36500549316406	89.58100128173828	0.0	0.0	38.09195327758789	1	0	0	0	0
skygarden_lxystorylevel02	4012	28	298	0	0	0	0	0	0	0	0	87.18099975585938	146.8249969482422	89.37899780273438	0.0	0.0	37.312591552734375	1	0	0	0	0
skygarden_lxystorylevel02	4012	29	298	0	0	0	0	0	0	0	0	87.15299987792969	146.85299682617188	89.00499725341797	0.0	0.0	323.4420471191406	1	0	0	0	0
skygarden_lxystorylevel02	4012	30	298	0	0	0	0	0	0	0	0	88.98799896240234	149.22999572753906	89.94599914550781	0.0	0.0	314.48956298828125	1	0	0	0	0
skygarden_lxystorylevel02	4012	31	298	0	0	0	0	0	0	0	0	88.99800109863281	149.23599243164062	89.94599914550781	0.0	0.0	45.80390167236328	1	0	0	0	0
skygarden_lxystorylevel02	4012	32	298	0	0	0	0	0	0	0	0	84.96499633789062	149.37600708007812	89.60600280761719	0.0	0.0	315.52667236328125	1	0	0	0	0
skygarden_lxystorylevel02	4012	33	20	0	0	0	0	0	0	0	0	118.61820220947266	143.51300048828125	111.10900115966797	0.0	0.0	0.0	1	0	1	0	0
skygarden_lxystorylevel02	4024	100001	267	0	0	0	0	0	0	0	0	75.48999786376953	145.30099487304688	91.86000061035156	0.0	37.1510009765625	0.0	0	0	1	1	0
skygarden_lxystorylevel02	4024	100002	295	0	0	0	0	0	0	0	0	86.01130676269531	143.52139282226562	90.97396087646484	0.0	0.0	0.0	0	0	0	1	0
skygarden_lxystorylevel03	4026	1	273	0	0	0	0	0	0	0	0	7.039999961853027	56.55348205566406	35.099998474121094	0.0	86.77644348144531	0.0	0	0	0	0	0
skygarden_lxystorylevel03	4026	2	273	0	0	0	0	0	0	0	0	40.209999084472656	56.55348205566406	19.59000015258789	0.0	324.0128173828125	0.0	0	0	0	0	0
skygarden_lxystorylevel03	4026	3	273	0	0	0	0	0	0	0	0	11.1899995803833	56.55348205566406	34.470001220703125	0.0	90.19769287109375	0.0	0	0	0	0	0
skygarden_lxystorylevel03	4026	4	272	0	0	0	0	0	0	0	0	9.699999809265137	56.55348205566406	41.93000030517578	0.0	112.7752685546875	0.0	0	0	0	0	0
skygarden_lxystorylevel03	4026	5	272	0	0	0	0	0	0	0	0	11.529999732971191	56.55348205566406	21.6200008392334	0.0	53.431026458740234	0.0	0	0	0	0	0
skygarden_lxystorylevel03	4026	6	273	0	0	0	0	0	0	0	0	33.709999084472656	56.55348205566406	17.670000076293945	0.0	347.59637451171875	0.0	0	0	0	0	0
skygarden_lxystorylevel03	4026	7	273	0	0	0	0	0	0	0	0	23.989999771118164	56.55348205566406	47.310001373291016	0.0	163.27468872070312	0.0	0	0	0	0	0
skygarden_lxystorylevel03	4026	8	273	0	0	0	0	0	0	0	0	13.079999923706055	56.55348205566406	47.16999816894531	0.0	133.63153076171875	0.0	0	0	0	0	0
skygarden_lxystorylevel03	4026	10	272	0	0	0	0	0	0	0	0	35.130001068115234	56.55348205566406	13.90999984741211	0.0	342.7239990234375	0.0	0	0	0	0	0
skygarden_lxystorylevel03	4026	11	273	0	0	0	0	0	0	0	0	37.58000183105469	56.55348205566406	53.20000076293945	0.0	207.59800720214844	0.0	0	0	0	0	0
skygarden_lxystorylevel03	4026	12	273	0	0	0	0	0	0	0	0	49.869998931884766	56.55348205566406	33.0	0.0	272.2547607421875	0.0	0	0	0	0	0
skygarden_lxystorylevel03	4026	13	273	0	0	0	0	0	0	0	0	49.2400016784668	56.55348205566406	39.9900016784668	0.0	251.260986328125	0.0	0	0	0	0	0
skygarden_lxystorylevel03	4026	14	125	0	0	0	0	0	0	0	0	31.337867736816406	56.75199890136719	17.70240592956543	0.0	0.0	0.0	1	0	1	0	0
skygarden_lxystorylevel03	4026	15	125	0	0	0	0	0	0	0	0	15.69935417175293	56.75199890136719	45.960052490234375	0.0	0.0	0.0	1	0	1	0	0
skygarden_lxystorylevel03	4026	16	125	0	0	0	0	0	0	0	0	36.88135528564453	56.75199890136719	48.19687271118164	0.0	0.0	0.0	1	0	1	0	0
skygarden_lxystorylevel03	4026	17	212	0	0	0	0	0	0	0	0	26.34000015258789	58.310001373291016	11.42199993133545	0.0	0.0	0.0	1	0	1	1	0
skygarden_lxystorylevel03	4026	9	273	0	0	0	0	0	0	0	0	43.529998779296875	56.55348205566406	25.18000030517578	0.0	305.6526794433594	0.0	0	0	0	0	0
skygarden_lxystorylevel03	4026	18	273	0	0	0	0	0	0	0	0	47.18000030517578	56.55348205566406	32.869998931884766	0.0	274.1978454589844	0.0	0	0	0	0	0
skygarden_lxystorylevel03	4026	19	273	0	0	0	0	0	0	0	0	45.0	56.55348205566406	21.5	0.0	309.25164794921875	0.0	0	0	0	0	0
skygarden_lxystorylevel03	4026	20	273	0	0	0	0	0	0	0	0	41.439998626708984	56.55348205566406	16.979999542236328	0.0	325.83526611328125	0.0	0	0	0	0	0
skygarden_lxystorylevel03	4026	21	272	0	0	0	0	0	0	0	0	47.529998779296875	56.55348205566406	24.0	0.0	298.96746826171875	0.0	0	0	0	0	0
skygarden_lxystorylevel03	4026	22	273	0	0	0	0	0	0	0	0	24.850000381469727	56.55348205566406	17.270000457763672	0.0	9.622674942016602	0.0	0	0	0	0	0
skygarden_lxystorylevel03	4026	23	273	0	0	0	0	0	0	0	0	22.3700008392334	56.55348205566406	14.869999885559082	0.0	29.174705505371094	0.0	0	0	0	0	0
skygarden_lxystorylevel03	4026	24	273	0	0	0	0	0	0	0	0	18.530000686645508	56.55348205566406	15.100000381469727	0.0	23.362159729003906	0.0	0	0	0	0	0
skygarden_lxystorylevel03	4026	25	273	0	0	0	0	0	0	0	0	13.0	56.55348205566406	26.670000076293945	0.0	65.41951751708984	0.0	0	0	0	0	0
skygarden_lxystorylevel03	4026	26	273	0	0	0	0	0	0	0	0	15.289999961853027	56.55348205566406	18.610000610351562	0.0	40.60344314575195	0.0	0	0	0	0	0
skygarden_lxystorylevel03	4026	27	273	0	0	0	0	0	0	0	0	8.729999542236328	56.55348205566406	25.030000686645508	0.0	63.280311584472656	0.0	0	0	0	0	0
skygarden_lxystorylevel03	4026	28	273	0	0	0	0	0	0	0	0	8.239999771118164	56.55348205566406	29.81999969482422	0.0	75.14683532714844	0.0	0	0	0	0	0
skygarden_lxystorylevel03	4026	29	272	0	0	0	0	0	0	0	0	48.15999984741211	56.55348205566406	43.56999969482422	0.0	242.58851623535156	0.0	0	0	0	0	0
skygarden_lxystorylevel03	4026	30	273	0	0	0	0	0	0	0	0	13.140000343322754	56.55348205566406	42.27000045776367	0.0	120.57193756103516	0.0	0	0	0	0	0
skygarden_lxystorylevel03	4026	31	273	0	0	0	0	0	0	0	0	23.09000015258789	56.55348205566406	53.939998626708984	0.0	160.5665283203125	0.0	0	0	0	0	0
skygarden_lxystorylevel03	4026	32	273	0	0	0	0	0	0	0	0	15.970000267028809	56.55348205566406	51.43000030517578	0.0	142.69544982910156	0.0	0	0	0	0	0
skygarden_lxystorylevel03	4026	33	273	0	0	0	0	0	0	0	0	17.420000076293945	56.55348205566406	47.34000015258789	0.0	138.09225463867188	0.0	0	0	0	0	0
skygarden_lxystorylevel03	4026	34	273	0	0	0	0	0	0	0	0	32.209999084472656	56.55348205566406	51.099998474121094	0.0	189.31393432617188	0.0	0	0	0	0	0
skygarden_lxystorylevel03	4026	35	273	0	0	0	0	0	0	0	0	23.729999542236328	56.55348205566406	50.79999923706055	0.0	160.5665283203125	0.0	0	0	0	0	0
skygarden_lxystorylevel03	4026	36	272	0	0	0	0	0	0	0	0	42.11000061035156	56.55348205566406	34.54999923706055	0.0	268.84857177734375	0.0	0	0	0	0	0
skygarden_lxystorylevel03	4026	37	273	0	0	0	0	0	0	0	0	43.709999084472656	56.55348205566406	43.04999923706055	0.0	238.87335205078125	0.0	0	0	0	0	0
skygarden_lxystorylevel03	4026	38	273	0	0	0	0	0	0	0	0	48.63999938964844	56.55348205566406	27.799999237060547	0.0	290.1473388671875	0.0	0	0	0	0	0
skygarden_lxystorylevel03	4026	39	272	0	0	0	0	0	0	0	0	31.579999923706055	56.55348205566406	54.90999984741211	0.0	186.1696319580078	0.0	0	0	0	0	0
skygarden_lxystorylevel03	4026	40	272	0	0	0	0	0	0	0	0	30.799999237060547	56.55348205566406	47.720001220703125	0.0	186.3744659423828	0.0	0	0	0	0	0
skygarden_lxystorylevel03	4026	41	272	0	0	0	0	0	0	0	0	19.520000457763672	56.55348205566406	44.16999816894531	0.0	136.1536407470703	0.0	0	0	0	0	0
skygarden_lxystorylevel03	4026	42	272	0	0	0	0	0	0	0	0	15.09000015258789	56.55348205566406	34.970001220703125	0.0	90.1908950805664	0.0	0	0	0	0	0
skygarden_lxystorylevel03	4026	44	272	0	0	0	0	0	0	0	0	27.969999313354492	56.55348205566406	20.889999389648438	0.0	3.0011932849884033	0.0	0	0	0	0	0
skygarden_lxystorylevel03	4026	45	272	0	0	0	0	0	0	0	0	38.77000045776367	56.55348205566406	24.940000534057617	0.0	308.7772216796875	0.0	0	0	0	0	0
skygarden_lxystorylevel03	4026	46	273	0	0	0	0	0	0	0	0	16.829999923706055	56.55348205566406	21.530000686645508	0.0	46.42646789550781	0.0	0	0	0	0	0
skygarden_lxystorylevel03	4026	47	273	0	0	0	0	0	0	0	0	14.859999656677246	56.55348205566406	28.90999984741211	0.0	73.63860321044922	0.0	0	0	0	0	0
skygarden_lxystorylevel03	4026	48	273	0	0	0	0	0	0	0	0	15.979999542236328	56.55348205566406	39.90999984741211	0.0	114.9261474609375	0.0	0	0	0	0	0
skygarden_lxystorylevel03	4026	49	273	0	0	0	0	0	0	0	0	22.6299991607666	56.55348205566406	20.829999923706055	0.0	25.983869552612305	0.0	0	0	0	0	0
skygarden_lxystorylevel03	4026	50	273	0	0	0	0	0	0	0	0	36.880001068115234	56.55348205566406	46.599998474121094	0.0	213.2909393310547	0.0	0	0	0	0	0
skygarden_lxystorylevel03	4026	51	273	0	0	0	0	0	0	0	0	40.88999938964844	56.55348205566406	40.16999816894531	0.0	249.40687561035156	0.0	0	0	0	0	0
skygarden_lxystorylevel03	4026	52	273	0	0	0	0	0	0	0	0	41.400001525878906	56.55348205566406	28.90999984741211	0.0	293.4114990234375	0.0	0	0	0	0	0
skygarden_lxystorylevel03	4026	53	273	0	0	0	0	0	0	0	0	34.43000030517578	56.55348205566406	20.18000030517578	0.0	339.4952087402344	0.0	0	0	0	0	0
skygarden_lxystorylevel03	4026	54	267	0	0	0	0	0	0	0	0	43.749000549316406	58.33000183105469	50.16600036621094	0.0	216.2177734375	0.0	1	0	1	1	0
skygarden_lxystorylevel03	4026	55	273	0	0	0	0	0	0	0	0	33.709999084472656	56.55348205566406	17.670000076293945	0.0	347.59637451171875	0.0	0	0	0	0	0
skygarden_lxystorylevel03	4026	43	198	0	0	0	0	0	0	0	0	15.69935417175293	56.75199890136719	45.960052490234375	0.0	0.0	0.0	1	0	1	1	1
skygarden_lxystorylevel03	4026	56	267	0	0	0	0	0	0	0	0	13.232000350952148	58.33000183105469	24.049999237060547	0.0	216.2177734375	0.0	1	0	1	1	0
skygarden_lxystorylevel03	4026	57	20	0	0	0	0	0	0	0	0	21.989999771118164	56.55099868774414	28.299999237060547	0.0	216.2177734375	0.0	1	0	1	0	0
skygarden_lxystorylevel03	4026	58	213	0	0	0	0	0	0	0	0	29.785066604614258	56.55348205566406	31.988130569458008	0.0	0.0	0.0	1	0	0	1	0
skygarden_lxystorylevel03	4028	100001	212	0	0	0	0	0	0	0	0	43.70000076293945	58.38100051879883	50.18000030517578	0.0	218.53558349609375	0.0	1	0	1	1	0
skygarden_lxystorylevel04	4027	2	272	0	0	0	0	0	0	0	0	42.38999938964844	56.56999969482422	44.88999938964844	0.0	50.11248016357422	0.0	0	0	0	0	0
skygarden_lxystorylevel04	4027	3	273	0	0	0	0	0	0	0	0	45.349998474121094	56.56999969482422	38.599998474121094	0.0	75.6849365234375	0.0	0	0	0	0	0
skygarden_lxystorylevel04	4027	1	272	0	0	0	0	0	0	0	0	45.720001220703125	56.56999969482422	31.8700008392334	0.0	96.4113998413086	0.0	0	0	0	0	0
skygarden_lxystorylevel04	4027	4	272	0	0	0	0	0	0	0	0	29.079999923706055	56.56999969482422	51.43000030517578	0.0	4.88895320892334	0.0	0	0	0	0	0
skygarden_lxystorylevel04	4027	5	272	0	0	0	0	0	0	0	0	42.38999938964844	56.56999969482422	44.88999938964844	0.0	50.11248016357422	0.0	0	0	0	0	0
skygarden_lxystorylevel04	4027	6	272	0	0	0	0	0	0	0	0	42.38999938964844	56.56999969482422	44.88999938964844	0.0	50.11248016357422	0.0	0	0	0	0	0
skygarden_lxystorylevel04	4027	7	272	0	0	0	0	0	0	0	0	42.38999938964844	56.56999969482422	44.88999938964844	0.0	50.11248016357422	0.0	0	0	0	0	0
skygarden_lxystorylevel04	4027	8	272	0	0	0	0	0	0	0	0	42.38999938964844	56.56999969482422	44.88999938964844	0.0	50.11248016357422	0.0	0	0	0	0	0
skygarden_lxystorylevel04	4027	9	272	0	0	0	0	0	0	0	0	42.38999938964844	56.56999969482422	44.88999938964844	0.0	50.11248016357422	0.0	0	0	0	0	0
skygarden_lxystorylevel04	4027	10	272	0	0	0	0	0	0	0	0	15.199999809265137	56.56999969482422	45.060001373291016	0.0	311.5379943847656	0.0	0	0	0	0	0
skygarden_lxystorylevel04	4027	11	272	0	0	0	0	0	0	0	0	38.459999084472656	56.56999969482422	19.950000762939453	0.0	145.57818603515625	0.0	0	0	0	0	0
skygarden_lxystorylevel04	4027	12	272	0	0	0	0	0	0	0	0	25.8799991607666	56.56999969482422	16.93000030517578	0.0	192.46435546875	0.0	0	0	0	0	0
skygarden_lxystorylevel04	4027	13	272	0	0	0	0	0	0	0	0	11.229999542236328	56.56999969482422	33.630001068115234	0.0	83.00868225097656	0.0	0	0	0	0	0
skygarden_lxystorylevel04	4027	14	272	0	0	0	0	0	0	0	0	15.880000114440918	56.56999969482422	22.739999771118164	0.0	50.11248016357422	0.0	0	0	0	0	0
skygarden_lxystorylevel04	4027	15	273	0	0	0	0	0	0	0	0	43.45000076293945	56.56999969482422	25.25	0.0	119.97669982910156	0.0	0	0	0	0	0
skygarden_lxystorylevel04	4027	16	273	0	0	0	0	0	0	0	0	36.040000915527344	56.56999969482422	49.880001068115234	0.0	26.196775436401367	0.0	0	0	0	0	0
skygarden_lxystorylevel04	4027	17	273	0	0	0	0	0	0	0	0	31.06999969482422	56.56999969482422	17.010000228881836	0.0	170.54673767089844	0.0	0	0	0	0	0
skygarden_lxystorylevel04	4027	18	273	0	0	0	0	0	0	0	0	21.399999618530273	56.56999969482422	49.86000061035156	0.0	336.876953125	0.0	0	0	0	0	0
skygarden_lxystorylevel04	4027	19	273	0	0	0	0	0	0	0	0	12.640000343322754	56.56999969482422	27.25	0.0	68.21371459960938	0.0	0	0	0	0	0
skygarden_lxystorylevel04	4027	20	273	0	0	0	0	0	0	0	0	12.324999809265137	56.56999969482422	39.520999908447266	0.0	109.85685729980469	0.0	0	0	0	0	0
skygarden_lxystorylevel04	4027	21	273	0	0	0	0	0	0	0	0	21.389999389648438	56.56999969482422	15.199999809265137	0.0	19.813100814819336	0.0	0	0	0	0	0
skygarden_lxystorylevel04	4027	22	287	0	0	0	0	0	0	0	0	27.02890396118164	56.56999969482422	11.750025749206543	0.0	181.61856079101562	0.0	0	0	0	0	0
skygarden_lxystorylevel04	4027	23	286	0	0	0	0	0	0	0	0	42.290000915527344	56.56999969482422	34.04999923706055	0.0	268.7586669921875	0.0	0	0	0	0	0
skygarden_lxystorylevel04	4027	24	286	0	0	0	0	0	0	0	0	16.260000228881836	56.56999969482422	16.170000076293945	0.0	32.34311294555664	0.0	0	0	0	0	0
skygarden_lxystorylevel04	4027	25	284	0	0	0	0	0	0	0	0	14.782803535461426	61.150001525878906	17.88960075378418	0.0	22.315845489501953	0.0	0	0	0	0	0
skygarden_lxystorylevel04	4027	26	284	0	0	0	0	0	0	0	0	35.060001373291016	60.880001068115234	15.760000228881836	0.0	339.6668701171875	0.0	0	0	0	0	0
skygarden_lxystorylevel04	4027	27	283	0	0	0	0	0	0	0	0	44.27000045776367	62.20000076293945	50.45000076293945	0.0	215.285400390625	0.0	0	0	0	0	0
skygarden_lxystorylevel04	4027	28	285	0	0	0	0	0	0	0	0	15.529999732971191	56.56999969482422	51.150001525878906	0.0	325.2806091308594	0.0	0	0	0	0	0
skygarden_lxystorylevel04	4027	29	285	0	0	0	0	0	0	0	0	42.29999923706055	56.56999969482422	51.36000061035156	0.0	40.92070770263672	0.0	0	0	0	0	0
skygarden_lxystorylevel04	4027	30	286	0	0	0	0	0	0	0	0	49.161827087402344	56.56999969482422	42.00596237182617	0.0	69.04570007324219	0.0	0	0	0	0	0
skygarden_lxystorylevel04	4027	31	287	0	0	0	0	0	0	0	0	49.349998474121094	56.56999969482422	27.579999923706055	0.0	109.39129638671875	0.0	0	0	0	0	0
skygarden_lxystorylevel04	4027	32	276	0	0	0	0	0	0	0	0	9.300000190734863	56.56999969482422	44.349998474121094	0.0	300.23077392578125	0.0	0	0	0	0	0
skygarden_lxystorylevel04	4027	33	276	0	0	0	0	0	0	0	0	22.8799991607666	56.56999969482422	55.400001525878906	0.0	341.00909423828125	0.0	0	0	0	0	0
skygarden_lxystorylevel04	4027	34	276	0	0	0	0	0	0	0	0	36.41999816894531	56.56999969482422	54.7400016784668	0.0	27.49850845336914	0.0	0	0	0	0	0
skygarden_lxystorylevel04	4027	35	277	0	0	0	0	0	0	0	0	50.04999923706055	57.81999969482422	26.559999465942383	0.0	288.0631103515625	0.0	0	0	0	0	0
skygarden_lxystorylevel04	4027	36	277	0	0	0	0	0	0	0	0	18.239999771118164	59.2599983215332	52.95000076293945	0.0	160.23779296875	0.0	0	0	0	0	0
skygarden_lxystorylevel04	4027	37	277	0	0	0	0	0	0	0	0	15.449999809265137	60.47999954223633	14.430000305175781	0.0	221.9186553955078	0.0	0	0	0	0	0
skygarden_lxystorylevel04	4027	38	279	0	0	0	0	0	0	0	0	34.20000076293945	61.33000183105469	14.5600004196167	0.0	171.4599609375	0.0	0	0	0	0	0
skygarden_lxystorylevel04	4027	39	273	0	0	0	0	0	0	0	0	35.52000045776367	56.56999969482422	22.299999237060547	0.0	327.5030517578125	0.0	0	0	0	0	0
skygarden_lxystorylevel04	4027	40	273	0	0	0	0	0	0	0	0	16.690000534057617	56.56999969482422	18.600000381469727	0.0	37.187564849853516	0.0	0	0	0	0	0
skygarden_lxystorylevel04	4027	41	273	0	0	0	0	0	0	0	0	11.460000038146973	56.56999969482422	23.799999237060547	0.0	60.81259536743164	0.0	0	0	0	0	0
skygarden_lxystorylevel04	4027	42	273	0	0	0	0	0	0	0	0	9.920000076293945	56.56999969482422	29.860000610351562	0.0	72.7701187133789	0.0	0	0	0	0	0
skygarden_lxystorylevel04	4027	43	273	0	0	0	0	0	0	0	0	8.279999732971191	56.56999969482422	36.7400016784668	0.0	94.21720886230469	0.0	0	0	0	0	0
skygarden_lxystorylevel04	4027	44	273	0	0	0	0	0	0	0	0	10.989999771118164	56.56999969482422	42.849998474121094	0.0	115.55762481689453	0.0	0	0	0	0	0
skygarden_lxystorylevel04	4027	45	273	0	0	0	0	0	0	0	0	16.790000915527344	56.56999969482422	49.439998626708984	0.0	142.20945739746094	0.0	0	0	0	0	0
skygarden_lxystorylevel04	4027	46	273	0	0	0	0	0	0	0	0	24.43000030517578	56.56999969482422	53.619998931884766	0.0	163.4073486328125	0.0	0	0	0	0	0
skygarden_lxystorylevel04	4027	47	273	0	0	0	0	0	0	0	0	34.09000015258789	56.56999969482422	52.40999984741211	0.0	200.36810302734375	0.0	0	0	0	0	0
skygarden_lxystorylevel04	4027	48	273	0	0	0	0	0	0	0	0	40.790000915527344	56.56999969482422	49.91999816894531	0.0	217.82928466796875	0.0	0	0	0	0	0
skygarden_lxystorylevel04	4027	49	273	0	0	0	0	0	0	0	0	46.25	56.56999969482422	42.060001373291016	0.0	246.24742126464844	0.0	0	0	0	0	0
skygarden_lxystorylevel04	4027	50	273	0	0	0	0	0	0	0	0	48.959999084472656	56.56999969482422	36.04999923706055	0.0	264.69024658203125	0.0	0	0	0	0	0
skygarden_lxystorylevel04	4027	51	273	0	0	0	0	0	0	0	0	46.95000076293945	56.56999969482422	27.15999984741211	0.0	294.9862365722656	0.0	0	0	0	0	0
skygarden_lxystorylevel04	4027	52	273	0	0	0	0	0	0	0	0	44.09000015258789	56.56999969482422	21.1200008392334	0.0	311.1352233886719	0.0	0	0	0	0	0
skygarden_lxystorylevel04	4027	53	273	0	0	0	0	0	0	0	0	36.2599983215332	56.56999969482422	15.350000381469727	0.0	339.260498046875	0.0	0	0	0	0	0
skygarden_lxystorylevel04	4027	54	273	0	0	0	0	0	0	0	0	29.329999923706055	56.56999969482422	14.869999885559082	0.0	359.1841125488281	0.0	0	0	0	0	0
skygarden_lxystorylevel04	4027	55	283	0	0	0	0	0	0	0	0	16.65999984741211	60.810001373291016	52.40999984741211	0.0	139.3282012939453	0.0	0	0	0	0	0
skygarden_lxystorylevel04	4027	56	20	0	0	0	0	0	0	0	0	33.290000915527344	56.68299865722656	13.359999656677246	0.0	35.09687805175781	0.0	1	0	1	0	0
skygarden_lxystorylevel04	4027	57	20	0	0	0	0	0	0	0	0	41.720001220703125	56.80400085449219	44.189998626708984	0.0	0.0	0.0	1	0	1	0	0
skygarden_lxystorylevel04	4027	58	20	0	0	0	0	0	0	0	0	12.685999870300293	56.56999969482422	39.356998443603516	0.0	0.0	0.0	1	0	1	0	0
skygarden_lxystorylevel04	4027	59	198	0	0	0	0	0	0	0	0	48.724952697753906	56.62900161743164	29.51970672607422	0.0	284.23486328125	0.0	1	0	1	1	1
skygarden_lxystorylevel04	4027	60	212	0	0	0	0	0	0	0	0	18.239999771118164	58.393001556396484	23.200000762939453	0.0	0.0	0.0	1	0	1	1	0
skygarden_lxystorylevel04	4027	61	285	0	0	0	0	0	0	0	0	36.1425666809082	56.56999969482422	13.581257820129395	0.0	344.5906066894531	0.0	0	0	0	0	0
skygarden_lxystorylevel04	4027	62	286	0	0	0	0	0	0	0	0	28.254175186157227	56.56999969482422	20.66089630126953	0.0	4.191789150238037	0.0	0	0	0	0	0
skygarden_lxystorylevel04	4027	63	286	0	0	0	0	0	0	0	0	14.840083122253418	56.56999969482422	34.72514343261719	0.0	92.84481811523438	0.0	0	0	0	0	0
skygarden_lxystorylevel04	4027	64	286	0	0	0	0	0	0	0	0	27.970170974731445	56.56999969482422	48.04991149902344	0.0	181.24630737304688	0.0	0	0	0	0	0
skygarden_lxystorylevel04	4027	65	273	0	0	0	0	0	0	0	0	19.96299934387207	56.56999969482422	19.17799949645996	0.0	29.49427604675293	0.0	0	0	0	0	0
skygarden_lxystorylevel04	4027	66	273	0	0	0	0	0	0	0	0	21.079999923706055	56.56999969482422	22.610000610351562	0.0	31.870059967041016	0.0	0	0	0	0	0
skygarden_lxystorylevel04	4027	67	273	0	0	0	0	0	0	0	0	16.690000534057617	56.56999969482422	27.3700008392334	0.0	56.24950408935547	0.0	0	0	0	0	0
skygarden_lxystorylevel04	4027	68	273	0	0	0	0	0	0	0	0	17.0	56.56999969482422	41.84000015258789	0.0	120.37028503417969	0.0	0	0	0	0	0
skygarden_lxystorylevel04	4027	69	273	0	0	0	0	0	0	0	0	21.459999084472656	56.56999969482422	45.970001220703125	0.0	146.9020233154297	0.0	0	0	0	0	0
skygarden_lxystorylevel04	4027	70	273	0	0	0	0	0	0	0	0	35.900001525878906	56.56999969482422	45.619998931884766	0.0	211.28573608398438	0.0	0	0	0	0	0
skygarden_lxystorylevel04	4027	71	273	0	0	0	0	0	0	0	0	40.380001068115234	56.56999969482422	41.220001220703125	0.0	239.51702880859375	0.0	0	0	0	0	0
skygarden_lxystorylevel04	4027	72	273	0	0	0	0	0	0	0	0	40.369998931884766	56.56999969482422	27.389999389648438	0.0	297.0246887207031	0.0	0	0	0	0	0
skygarden_lxystorylevel04	4027	73	212	0	0	0	0	0	0	0	0	18.239999771118164	58.393001556396484	23.200000762939453	0.0	0.0	0.0	1	0	1	1	0
skygarden_lxystorylevel04	4027	74	198	0	0	0	0	0	0	0	0	33.46699905395508	57.03200149536133	13.41100025177002	0.0	0.0	0.0	1	0	1	1	1
skygarden_lxystorylevel04	4027	75	198	0	0	0	0	0	0	0	0	29.790000915527344	56.80400085449219	51.93000030517578	0.0	0.0	0.0	1	0	1	1	1
skygarden_lxystorylevel04	4027	76	198	0	0	0	0	0	0	0	0	21.55299949645996	56.56999969482422	15.430000305175781	0.0	0.0	0.0	1	0	1	1	1
skygarden_lxystorylevel04	4027	77	197	0	0	0	0	0	0	0	0	28.606000900268555	56.56999969482422	29.402000427246094	0.0	0.0	0.0	1	0	1	0	0
skygarden_plaza	4007	1	62	0	0	0	0	0	0	0	0	567.5800170898438	115.4000015258789	1168.5	0.0	29.421306610107422	0.0	0	0	0	0	0
skygarden_plaza	4007	2	61	0	0	0	0	0	0	0	0	567.5800170898438	205.22999572753906	1168.5	0.0	29.421306610107422	0.0	0	0	0	0	0
skygarden_plaza	4007	3	106	0	0	0	0	0	0	0	0	567.5800170898438	115.30999755859375	1168.5	0.0	29.421306610107422	0.0	0	0	0	0	0
skygarden_plaza	4021	100001	180	0	0	0	0	0	0	0	0	599.6799926757812	189.33816528320312	1150.4000244140625	0.0	122.39836120605469	0.0	0	1	0	0	0
skygarden_plaza	4021	100002	180	0	0	0	0	0	0	0	0	531.530029296875	189.33816528320312	1189.1300048828125	0.0	299.2266845703125	0.0	0	1	0	0	0
skygarden_plaza	4021	100003	176	0	0	0	0	0	0	0	0	591.9199829101562	189.58261108398438	1166.530029296875	0.0	63.24370193481445	0.0	0	1	0	0	0
skygarden_plaza	4021	100004	176	0	0	0	0	0	0	0	0	591.97998046875	189.47642517089844	1167.9630126953125	0.0	335.7525329589844	0.0	0	1	0	0	0
skygarden_plaza	4021	100005	176	0	0	0	0	0	0	0	0	591.8930053710938	190.58535766601562	1167.2359619140625	0.0	352.9023742675781	0.0	0	1	0	0	0
skygarden_plaza	4021	100006	162	0	0	0	0	0	0	0	0	571.0800170898438	193.9499969482422	1192.3699951171875	0.0	185.5904998779297	0.0	0	1	0	0	0
skygarden_plaza	4021	100007	162	0	0	0	0	0	0	0	0	552.8800048828125	195.25999450683594	1134.77001953125	0.0	313.9076232910156	0.0	0	1	0	0	0
skygarden_plaza	4021	100010	163	0	0	0	0	0	0	0	0	566.291015625	195.2429962158203	1128.248046875	0.0	276.06475830078125	0.0	0	1	0	0	0
skygarden_plaza	4021	100011	163	0	0	0	0	0	0	0	0	602.5570068359375	194.6179962158203	1153.488037109375	0.0	295.3924560546875	0.0	0	1	0	0	0
skygarden_plaza	4021	100012	182	0	0	0	0	0	0	0	0	602.3800048828125	193.97000122070312	1155.0400390625	0.0	120.76380920410156	0.0	0	1	0	0	0
skygarden_plaza	4021	100013	163	0	0	0	0	0	0	0	0	566.2119750976562	195.24400329589844	1126.5980224609375	0.0	272.26727294921875	0.0	0	1	0	0	0
skygarden_plaza	4021	100014	174	0	0	0	0	0	0	0	0	593.2139892578125	189.33816528320312	1143.926025390625	0.0	81.9432144165039	0.0	0	1	0	0	0
skygarden_plaza	4021	100015	176	0	0	0	0	0	0	0	0	594.4000244140625	189.33816528320312	1144.6419677734375	0.0	27.241666793823242	0.0	0	1	0	0	0
skygarden_plaza	4021	100016	173	0	0	0	0	0	0	0	0	594.9299926757812	189.33816528320312	1145.8699951171875	0.0	1.178083896636963	0.0	0	1	0	0	0
skygarden_plaza	4021	100017	172	0	0	0	0	0	0	0	0	594.510009765625	190.34300231933594	1145.3919677734375	0.0	0.0	0.0	0	1	0	0	0
skygarden_plaza	4021	100018	175	0	0	0	0	0	0	0	0	593.5260009765625	190.34091186523438	1144.3929443359375	0.0	0.0	0.0	0	1	0	0	0
skygarden_plaza	4021	100019	181	0	0	0	0	0	0	0	0	593.989990234375	191.34365844726562	1144.969970703125	0.0	0.0	0.0	0	1	0	0	0
skygarden_plaza	4021	100020	181	0	0	0	0	0	0	0	0	601.3268432617188	189.33816528320312	1156.804931640625	0.0	0.0	0.0	0	1	0	0	0
skygarden_plaza	4021	100021	175	0	0	0	0	0	0	0	0	601.9176635742188	189.33816528320312	1157.9857177734375	0.0	0.0	0.0	0	1	0	0	0
skygarden_plaza	4021	100022	176	0	0	0	0	0	0	0	0	602.3478393554688	189.33816528320312	1159.1484375	0.0	0.0	0.0	0	1	0	0	0
skygarden_plaza	4021	100023	174	0	0	0	0	0	0	0	0	600.9732055664062	189.33816528320312	1159.4100341796875	0.0	0.0	0.0	0	1	0	0	0
skygarden_plaza	4021	100024	174	0	0	0	0	0	0	0	0	601.0900268554688	190.31686401367188	1157.760009765625	0.0	0.0	0.0	0	1	0	0	0
skygarden_plaza	4021	100025	173	0	0	0	0	0	0	0	0	602.239990234375	189.2100067138672	1160.3499755859375	0.0	0.0	0.0	0	1	0	0	0
skygarden_plaza	4021	100026	175	0	0	0	0	0	0	0	0	601.9176635742188	189.33816528320312	1157.9857177734375	0.0	0.0	0.0	0	1	0	0	0
skygarden_plaza	4021	100028	171	0	0	0	0	0	0	0	0	603.1799926757812	189.33816528320312	1142.1300048828125	0.0	0.0	0.0	0	1	0	0	0
skygarden_plaza	4021	100029	171	0	0	0	0	0	0	0	0	604.6500244140625	189.33816528320312	1153.6199951171875	0.0	0.0	0.0	0	1	0	0	0
skygarden_plaza	4021	100030	171	0	0	0	0	0	0	0	0	608.8800048828125	189.33816528320312	1151.260009765625	0.0	0.0	0.0	0	1	0	0	0
skygarden_plaza	4021	100031	171	0	0	0	0	0	0	0	0	550.7899780273438	189.33816528320312	1202.260009765625	0.0	0.0	0.0	0	1	0	0	0
skygarden_plaza	4021	100032	171	0	0	0	0	0	0	0	0	611.739990234375	189.33816528320312	1159.239990234375	0.0	0.0	0.0	0	1	0	0	0
skygarden_plaza	4021	100033	171	0	0	0	0	0	0	0	0	608.8800048828125	189.33816528320312	1175.6199951171875	0.0	0.0	0.0	0	1	0	0	0
skygarden_plaza	4021	100034	179	0	0	0	0	0	0	0	0	594.5900268554688	189.33816528320312	1143.31005859375	0.0	9.255434036254883	0.0	0	1	0	0	0
skygarden_plaza	4021	100035	171	0	0	0	0	0	0	0	0	601.3099975585938	189.33816528320312	1190.5699462890625	0.0	0.0	0.0	0	1	0	0	0
skygarden_plaza	4021	100036	179	0	0	0	0	0	0	0	0	601.2955322265625	190.23394775390625	1158.8184814453125	0.0	0.0	0.0	0	1	0	0	0
skygarden_plaza	4021	100037	179	0	0	0	0	0	0	0	0	592.9500122070312	189.47642517089844	1166.842529296875	0.0	346.81085205078125	0.0	0	1	0	0	0
skygarden_plaza	4021	100038	177	0	0	0	0	0	0	0	0	591.510009765625	189.47642517089844	1169.0799560546875	0.0	347.43499755859375	0.0	0	1	0	0	0
skygarden_plaza	4021	100039	171	0	0	0	0	0	0	0	0	599.0806274414062	189.33816528320312	1144.430908203125	0.0	0.0	0.0	0	1	0	0	0
skygarden_plaza	4021	100027	170	0	0	0	0	0	0	0	0	597.122802734375	190.24986267089844	1145.1060791015625	7.577418804168701	0.0	0.0	0	1	0	0	0
skygarden_plaza	4021	100040	183	0	0	0	0	0	0	0	0	596.8300170898438	189.33816528320312	1145.3690185546875	0.0	297.15380859375	0.0	0	1	0	0	0
skygarden_plaza	4021	100041	165	0	0	0	0	0	0	0	0	596.8899536132812	190.27932739257812	1144.91064453125	335.93927001953125	0.0	0.0	0	1	0	0	0
skygarden_plaza	4021	100042	168	0	0	0	0	0	0	0	0	597.0026245117188	190.24400329589844	1144.760009765625	352.1153564453125	0.0	0.0	0	1	0	0	0
skygarden_plaza	4021	100043	171	0	0	0	0	0	0	0	0	589.4299926757812	189.33816528320312	1198.0699462890625	0.0	0.0	0.0	0	1	0	0	0
skygarden_plaza	4021	100044	171	0	0	0	0	0	0	0	0	572.5499877929688	189.33816528320312	1199.949951171875	0.0	0.0	0.0	0	1	0	0	0
skygarden_plaza	4021	100045	171	0	0	0	0	0	0	0	0	596.9000244140625	189.33816528320312	1131.9000244140625	0.0	0.0	0.0	0	1	0	0	0
skygarden_plaza	4021	100046	171	0	0	0	0	0	0	0	0	543.969970703125	189.33816528320312	1195.6800537109375	0.0	0.0	0.0	0	1	0	0	0
skygarden_plaza	4021	100047	171	0	0	0	0	0	0	0	0	531.8300170898438	189.33816528320312	1176.1300048828125	0.0	0.0	0.0	0	1	0	0	0
skygarden_plaza	4021	100048	171	0	0	0	0	0	0	0	0	531.3800048828125	189.33816528320312	1167.0899658203125	0.0	0.0	0.0	0	1	0	0	0
skygarden_plaza	4021	100049	171	0	0	0	0	0	0	0	0	541.7999877929688	189.33816528320312	1149.5999755859375	0.0	0.0	0.0	0	1	0	0	0
skygarden_plaza	4021	100050	171	0	0	0	0	0	0	0	0	553.2000122070312	189.33816528320312	1134.8900146484375	0.0	0.0	0.0	0	1	0	0	0
skygarden_plaza	4021	100051	171	0	0	0	0	0	0	0	0	564.9400024414062	189.33816528320312	1129.239990234375	0.0	0.0	0.0	0	1	0	0	0
skygarden_plaza	4021	100052	171	0	0	0	0	0	0	0	0	582.2000122070312	189.33816528320312	1129.239990234375	0.0	0.0	0.0	0	1	0	0	0
skygarden_plaza	4021	100053	176	0	0	0	0	0	0	0	0	556.97998046875	189.99864196777344	1118.3199462890625	0.0	118.11766052246094	0.0	0	1	0	0	0
skygarden_plaza	4021	100054	175	0	0	0	0	0	0	0	0	556.0399780273438	189.9986572265625	1118.97998046875	0.0	301.6177978515625	0.0	0	1	0	0	0
skygarden_plaza	4021	100055	176	0	0	0	0	0	0	0	0	556.739013671875	191.0449981689453	1118.3160400390625	0.0	15.832822799682617	0.0	0	1	0	0	0
skygarden_plaza	4021	100056	175	0	0	0	0	0	0	0	0	554.969970703125	189.9986572265625	1119.510009765625	0.0	297.89544677734375	0.0	0	1	0	0	0
skygarden_plaza	4021	100057	175	0	0	0	0	0	0	0	0	556.9199829101562	189.9986572265625	1119.5899658203125	0.0	0.0	0.0	0	1	0	0	0
skygarden_plaza	4021	100058	176	0	0	0	0	0	0	0	0	558.8800048828125	189.9986572265625	1119.030029296875	0.0	0.0	0.0	0	1	0	0	0
skygarden_plaza	4021	100059	179	0	0	0	0	0	0	0	0	557.8200073242188	189.9986572265625	1119.1400146484375	0.0	0.0	0.0	0	1	0	0	0
skygarden_plaza	4021	100060	177	0	0	0	0	0	0	0	0	558.1300048828125	189.9986572265625	1117.719970703125	0.0	0.0	0.0	0	1	0	0	0
skygarden_plaza	4021	100061	178	0	0	0	0	0	0	0	0	560.3666381835938	189.7545623779297	1158.5084228515625	0.0	0.0	0.0	0	1	0	0	0
skygarden_plaza	4021	100062	178	0	0	0	0	0	0	0	0	557.9509887695312	189.75494384765625	1153.9949951171875	0.0	0.0	0.0	0	1	0	0	0
skygarden_plaza	4021	100066	162	0	0	0	0	0	0	0	0	589.4520263671875	195.25999450683594	1200.0419921875	0.0	283.3900146484375	0.0	0	1	0	0	0
skygarden_plaza	4021	100069	162	0	0	0	0	0	0	0	0	589.125	195.25999450683594	1198.6669921875	0.0	283.3900146484375	0.0	0	1	0	0	0
skygarden_plaza	4021	100070	163	0	0	0	0	0	0	0	0	602.5430297851562	195.25999450683594	1191.3170166015625	0.0	335.08477783203125	0.0	0	1	0	0	0
skygarden_plaza	4021	100072	174	0	0	0	0	0	0	0	0	601.10400390625	189.9986572265625	1206.166015625	0.0	304.04150390625	0.0	0	1	0	0	0
skygarden_plaza	4021	100073	174	0	0	0	0	0	0	0	0	602.0889892578125	189.9986572265625	1205.52197265625	0.0	305.8353271484375	0.0	0	1	0	0	0
skygarden_plaza	4021	100074	174	0	0	0	0	0	0	0	0	599.7100219726562	189.9986572265625	1206.6700439453125	0.0	0.0	0.0	0	1	0	0	0
skygarden_plaza	4021	100075	174	0	0	0	0	0	0	0	0	603.818603515625	189.9986572265625	1204.1099853515625	0.0	0.0	0.0	0	1	0	0	0
skygarden_plaza	4021	100076	173	0	0	0	0	0	0	0	0	600.8679809570312	189.9986572265625	1204.18994140625	0.0	0.0	0.0	0	1	0	0	0
skygarden_plaza	4021	100077	173	0	0	0	0	0	0	0	0	602.6699829101562	191.04100036621094	1204.6099853515625	0.0	0.0	0.0	0	1	0	0	0
skygarden_plaza	4021	100078	176	0	0	0	0	0	0	0	0	602.5999755859375	189.9986572265625	1204.0699462890625	0.0	0.0	0.0	0	1	0	0	0
skygarden_plaza	4021	100079	176	0	0	0	0	0	0	0	0	602.6761474609375	189.9986572265625	1202.9720458984375	0.0	0.0	0.0	0	1	0	0	0
skygarden_plaza	4021	100080	162	0	0	0	0	0	0	0	0	551.6849975585938	195.25999450683594	1133.5279541015625	0.0	313.9076232910156	0.0	0	1	0	0	0
skygarden_plaza	4021	100081	163	0	0	0	0	0	0	0	0	601.4530029296875	195.2570037841797	1190.81103515625	0.0	335.08477783203125	0.0	0	1	0	0	0
skygarden_plaza	4021	100082	163	0	0	0	0	0	0	0	0	587.760009765625	193.9499969482422	1184.3599853515625	0.0	231.2042236328125	0.0	0	1	0	0	0
skygarden_plaza	4021	100083	163	0	0	0	0	0	0	0	0	564.3809814453125	193.9499969482422	1143.405029296875	0.0	183.6020050048828	0.0	0	1	0	0	0
skygarden_plaza	4021	100084	162	0	0	0	0	0	0	0	0	547.6599731445312	193.9499969482422	1152.8399658203125	0.0	232.62657165527344	0.0	0	1	0	0	0
skygarden_plaza	4021	100085	182	0	0	0	0	0	0	0	0	531.030029296875	189.45639038085938	1164.4300537109375	0.0	258.9660339355469	0.0	0	1	0	0	0
skygarden_plaza	4021	100086	182	0	0	0	0	0	0	0	0	562.0900268554688	189.45639038085938	1205.5699462890625	0.0	339.6749572753906	0.0	0	1	0	0	0
skygarden_plaza	4021	100087	181	0	0	0	0	0	0	0	0	548.6273193359375	189.47642517089844	1155.8240966796875	0.0	0.0	0.0	0	1	0	0	0
skygarden_plaza	4021	100088	175	0	0	0	0	0	0	0	0	549.969970703125	189.47642517089844	1154.626953125	0.0	0.0	0.0	0	1	0	0	0
skygarden_plaza	4021	100089	174	0	0	0	0	0	0	0	0	548.6828002929688	189.47642517089844	1154.466796875	0.0	0.0	0.0	0	1	0	0	0
skygarden_plaza	4021	100090	175	0	0	0	0	0	0	0	0	549.1530151367188	190.4791717529297	1155.345703125	0.0	0.0	0.0	0	1	0	0	0
skygarden_plaza	4021	100091	176	0	0	0	0	0	0	0	0	586.364990234375	189.47642517089844	1182.5379638671875	0.0	0.0	0.0	0	1	0	0	0
skygarden_plaza	4021	100092	173	0	0	0	0	0	0	0	0	587.0260009765625	189.47642517089844	1183.7928466796875	0.0	0.0	0.0	0	1	0	0	0
skygarden_plaza	4021	100093	172	0	0	0	0	0	0	0	0	586.3389892578125	190.4409942626953	1183.9720458984375	0.0	0.0	0.0	0	1	0	0	0
skygarden_plaza	4021	100094	173	0	0	0	0	0	0	0	0	586.2360229492188	189.47642517089844	1184.9189453125	0.0	0.0	0.0	0	1	0	0	0
skygarden_plaza	4021	100095	62	0	0	0	0	0	0	0	0	567.5800170898438	115.4000015258789	1168.5	0.0	29.421310424804688	0.0	0	1	0	0	0
skygarden_plaza	4021	100096	61	0	0	0	0	0	0	0	0	567.5800170898438	210.47000122070312	1168.5	0.0	29.421310424804688	0.0	0	1	0	0	0
skygarden_plaza	4021	100097	106	0	0	0	0	0	0	0	0	567.5800170898438	115.30999755859375	1168.5	0.0	29.421306610107422	0.0	0	1	0	0	0
skygarden_plaza	4021	100098	133	0	0	0	0	0	0	0	0	574.3410034179688	189.41099548339844	1144.510986328125	0.0	165.21559143066406	0.0	1	1	0	0	0
skygarden_plaza	4021	100099	128	0	0	0	0	0	0	0	0	591.5499877929688	189.4199981689453	1175.1800537109375	0.0	74.47248077392578	0.0	1	1	0	0	0
skygarden_plaza	4021	100100	129	0	0	0	0	0	0	0	0	578.64599609375	189.4199981689453	1188.1700439453125	0.0	29.472501754760742	0.0	1	1	0	0	0
skygarden_plaza	4021	100101	1	0	0	0	0	0	0	0	0	561.4320068359375	189.3800048828125	1190.5250244140625	0.0	344.99298095703125	0.0	1	1	0	0	0
skygarden_plaza	4021	100102	131	0	0	0	0	0	0	0	0	545.8200073242188	189.44000244140625	1162.3699951171875	0.0	254.37940979003906	0.0	1	1	0	0	0
skygarden_plaza	4021	100103	1	0	0	0	0	0	0	0	0	556.489990234375	189.44000244140625	1148.7430419921875	0.0	209.38133239746094	0.0	1	1	0	0	0
skygarden_plaza	4021	100104	123	0	0	0	0	0	0	0	0	683.0540161132812	192.59500122070312	1203.5670166015625	0.0	38.68251037597656	0.0	0	1	0	0	0
skygarden_plaza	4021	100105	123	0	0	0	0	0	0	0	0	684.2750244140625	192.6060028076172	1205.321044921875	0.0	36.16612243652344	0.0	0	1	0	0	0
skygarden_plaza	4021	100106	118	0	0	0	0	0	0	0	0	692.7369995117188	192.86825561523438	1218.2779541015625	0.0	203.2799072265625	0.0	0	1	0	0	0
skygarden_plaza	4021	100107	123	0	0	0	0	0	0	0	0	681.7680053710938	192.593994140625	1201.8070068359375	0.0	36.924049377441406	0.0	0	1	0	0	0
skygarden_plaza	4021	100108	180	0	0	0	0	0	0	0	0	601.47998046875	189.96981811523438	1204.4300537109375	0.0	209.7220458984375	0.0	0	1	0	0	0
skygarden_plaza	4021	100009	1	0	0	0	0	0	0	0	0	598.5399780273438	189.29568481445312	1146.356201171875	0.0	0.0	0.0	1	1	0	0	0
skygarden_plaza	4021	100063	1	0	0	0	0	0	0	0	0	602.7000122070312	189.29568481445312	1160.31005859375	0.0	0.0	0.0	1	1	0	0	0
skygarden_plaza	4021	100064	1	0	0	0	0	0	0	0	0	603.9000244140625	189.17999267578125	1177.52001953125	0.0	0.0	0.0	1	1	0	0	0
skygarden_plaza	4021	100065	1	0	0	0	0	0	0	0	0	596.3800048828125	189.29568481445312	1140.8299560546875	0.0	0.0	0.0	1	1	0	0	0
skygarden_plaza	4021	100067	1	0	0	0	0	0	0	0	0	561.7616577148438	190.87127685546875	1163.578369140625	0.0	0.0	0.0	0	1	0	0	0
skygarden_plaza	4021	100068	1	0	0	0	0	0	0	0	0	582.8953247070312	189.96981811523438	1207.072998046875	0.0	0.0	0.0	1	1	0	0	0
skygarden_plaza	4021	100071	1	0	0	0	0	0	0	0	0	598.7542724609375	189.96981811523438	1201.1348876953125	0.0	0.0	0.0	0	1	0	0	0
skygarden_plaza	4021	100109	3	0	0	0	0	0	0	0	0	567.4199829101562	193.52999877929688	1168.25	0.0	0.0	0.0	0	1	0	0	0
skygarden_plaza	4021	100110	3	0	0	0	0	0	0	0	0	602.1840209960938	190.80099487304688	1159.27099609375	0.0	0.0	0.0	0	1	0	0	0
skygarden_plaza	4021	100111	3	0	0	0	0	0	0	0	0	594.2379760742188	190.0500030517578	1142.7760009765625	0.0	0.0	0.0	0	1	0	0	0
skygarden_plaza	4021	100008	117	0	0	0	0	0	0	0	0	698.0120239257812	192.86947631835938	1187.7080078125	0.0	321.07098388671875	0.0	0	1	0	0	0
skygarden_plaza	4021	100113	119	0	0	0	0	0	0	0	0	699.2319946289062	192.86825561523438	1188.616943359375	0.0	320.4753723144531	0.0	0	1	0	0	0
skygarden_plaza	4021	100115	119	0	0	0	0	0	0	0	0	704.8619995117188	192.85699462890625	1207.23095703125	0.0	133.71600341796875	0.0	0	1	0	0	0
skygarden_plaza	4021	100116	118	0	0	0	0	0	0	0	0	700.4110107421875	192.86825561523438	1189.635009765625	0.0	319.94842529296875	0.0	0	1	0	0	0
skygarden_plaza	4021	100121	171	0	0	0	0	0	0	0	0	671.7670288085938	192.6074676513672	1187.0279541015625	0.0	0.0	0.0	0	1	0	0	0
skygarden_plaza	4021	100122	171	0	0	0	0	0	0	0	0	669.5490112304688	192.6074676513672	1197.1732177734375	0.0	0.0	0.0	0	1	0	0	0
skygarden_plaza	4021	100123	171	0	0	0	0	0	0	0	0	677.4429931640625	192.6074676513672	1207.9967041015625	0.0	0.0	0.0	0	1	0	0	0
skygarden_plaza	4021	100124	171	0	0	0	0	0	0	0	0	698.7169799804688	192.6074676513672	1210.4730224609375	0.0	0.0	0.0	0	1	0	0	0
skygarden_plaza	4021	100125	171	0	0	0	0	0	0	0	0	689.0590209960938	192.8690185546875	1185.0670166015625	0.0	0.0	0.0	0	1	0	0	0
skygarden_plaza	4021	100126	168	0	0	0	0	0	0	0	0	680.21875	194.9199981689453	1207.02001953125	0.0	0.0	0.0	0	1	0	0	0
skygarden_plaza	4021	100127	168	0	0	0	0	0	0	0	0	681.5989379882812	195.1580047607422	1188.9805908203125	0.0	0.0	0.0	0	1	0	0	0
skygarden_plaza	4021	100128	170	0	0	0	0	0	0	0	0	674.3679809570312	196.11599731445312	1196.7403564453125	0.0	0.0	0.0	0	1	0	0	0
skygarden_plaza	4021	100129	170	0	0	0	0	0	0	0	0	674.2760009765625	197.2010040283203	1191.2386474609375	0.0	0.0	0.0	0	1	0	0	0
skygarden_plaza	4021	100130	170	0	0	0	0	0	0	0	0	691.8695678710938	197.04200744628906	1191.9833984375	0.0	0.0	0.0	0	1	0	0	0
skygarden_plaza	4021	100131	170	0	0	0	0	0	0	0	0	685.9522094726562	195.08999633789062	1192.9962158203125	0.0	0.0	0.0	0	1	0	0	0
skygarden_plaza	4021	100132	166	0	0	0	0	0	0	0	0	678.0364990234375	196.3431854248047	1181.127197265625	0.0	0.0	0.0	0	1	0	0	0
skygarden_plaza	4021	100133	166	0	0	0	0	0	0	0	0	675.4742431640625	195.7519989013672	1197.73388671875	0.0	0.0	0.0	0	1	0	0	0
skygarden_plaza	4021	100134	166	0	0	0	0	0	0	0	0	676.4591674804688	195.5850067138672	1190.56298828125	0.0	0.0	0.0	0	1	0	0	0
skygarden_plaza	4021	100135	166	0	0	0	0	0	0	0	0	695.9193115234375	199.01100158691406	1197.3148193359375	0.0	0.0	0.0	0	1	0	0	0
skygarden_plaza	4021	100136	167	0	0	0	0	0	0	0	0	681.9522094726562	194.5659942626953	1191.4669189453125	0.0	0.0	0.0	0	1	0	0	0
skygarden_plaza	4021	100137	167	0	0	0	0	0	0	0	0	676.8938598632812	195.3179931640625	1190.2012939453125	0.0	0.0	0.0	0	1	0	0	0
skygarden_plaza	4021	100138	134	0	0	0	0	0	0	0	0	660.52001953125	192.6074676513672	1187.3360595703125	0.0	104.80059051513672	0.0	0	1	0	0	0
skygarden_plaza	4021	100139	256	0	0	0	0	0	0	0	0	680.6840209960938	193.15499877929688	1183.2030029296875	0.0	0.0	0.0	0	1	0	0	0
skygarden_plaza	4021	100140	253	0	0	0	0	0	0	0	0	678.0383911132812	193.15499877929688	1182.9739990234375	0.0	0.0	0.0	0	1	0	0	0
skygarden_plaza	4021	100141	258	0	0	0	0	0	0	0	0	678.5436401367188	193.13819885253906	1183.3740234375	0.0	0.0	0.0	0	1	0	0	0
skygarden_plaza	4021	100142	254	0	0	0	0	0	0	0	0	677.1127319335938	193.28799438476562	1183.1180419921875	0.0	0.0	0.0	0	1	0	0	0
skygarden_plaza	4021	100143	134	0	0	0	0	0	0	0	0	684.3839721679688	192.86956787109375	1182.573974609375	0.0	346.32855224609375	0.0	0	1	0	0	0
skygarden_plaza	4021	100144	184	0	0	0	0	0	0	0	0	687.1699829101562	192.86917114257812	1183.219970703125	0.0	340.9845275878906	0.0	0	1	0	0	0
skygarden_plaza	4021	100145	258	0	0	0	0	0	0	0	0	677.63232421875	193.1219940185547	1183.0260009765625	0.0	0.0	0.0	0	1	0	0	0
skygarden_plaza	4021	100146	122	0	0	0	0	0	0	0	0	691.4400024414062	192.86825561523438	1187.0810546875	0.0	0.0	0.0	0	1	0	0	0
skygarden_plaza	4021	100147	122	0	0	0	0	0	0	0	0	693.4642944335938	192.86825561523438	1184.1663818359375	0.0	0.0	0.0	0	1	0	0	0
skygarden_plaza	4021	100148	121	0	0	0	0	0	0	0	0	697.7100219726562	192.86825561523438	1190.47802734375	0.0	320.3475036621094	0.0	0	1	0	0	0
skygarden_plaza	4021	100149	122	0	0	0	0	0	0	0	0	700.7520141601562	192.6074676513672	1196.1259765625	0.0	0.0	0.0	0	1	0	0	0
skygarden_plaza	4021	100150	122	0	0	0	0	0	0	0	0	696.2160034179688	192.6074676513672	1195.1600341796875	0.0	0.0	0.0	0	1	0	0	0
skygarden_plaza	4021	100151	123	0	0	0	0	0	0	0	0	701.5830078125	192.6074676513672	1195.448974609375	0.0	215.04696655273438	0.0	0	1	0	0	0
skygarden_plaza	4021	100152	123	0	0	0	0	0	0	0	0	700.8179931640625	192.6074676513672	1197.4620361328125	0.0	108.23085021972656	0.0	0	1	0	0	0
skygarden_plaza	4021	100153	123	0	0	0	0	0	0	0	0	699.4349975585938	192.6074676513672	1195.4520263671875	0.0	336.6133728027344	0.0	0	1	0	0	0
skygarden_plaza	4021	100154	123	0	0	0	0	0	0	0	0	697.2379760742188	192.6074676513672	1195.821044921875	0.0	143.94573974609375	0.0	0	1	0	0	0
skygarden_plaza	4021	100155	123	0	0	0	0	0	0	0	0	695.2919921875	192.6074676513672	1195.7939453125	0.0	41.33809280395508	0.0	0	1	0	0	0
skygarden_plaza	4021	100156	123	0	0	0	0	0	0	0	0	696.427978515625	192.6074676513672	1194.156005859375	0.0	248.49603271484375	0.0	0	1	0	0	0
skygarden_plaza	4021	100157	123	0	0	0	0	0	0	0	0	681.0089721679688	192.6074676513672	1191.5889892578125	0.0	238.4095001220703	0.0	0	1	0	0	0
skygarden_plaza	4021	100158	123	0	0	0	0	0	0	0	0	682.530029296875	192.61000061035156	1192.469970703125	359.371826171875	238.119384765625	359.9432067871094	0	1	0	0	0
skygarden_plaza	4021	100159	123	0	0	0	0	0	0	0	0	683.9500122070312	192.6074676513672	1193.27001953125	0.0	235.58160400390625	0.0	0	1	0	0	0
skygarden_plaza	4021	100160	123	0	0	0	0	0	0	0	0	685.2100219726562	192.6074676513672	1194.0400390625	0.0	234.77073669433594	0.0	0	1	0	0	0
skygarden_plaza	4021	100161	117	0	0	0	0	0	0	0	0	698.843994140625	192.80099487304688	1213.3990478515625	0.0	266.57177734375	0.0	0	1	0	0	0
skygarden_plaza	4021	100162	123	0	0	0	0	0	0	0	0	689.3049926757812	192.6074676513672	1208.635009765625	0.0	64.29351806640625	0.0	0	1	0	0	0
skygarden_plaza	4021	100163	123	0	0	0	0	0	0	0	0	687.3800048828125	192.6074676513672	1207.6719970703125	0.0	62.98566818237305	0.0	0	1	0	0	0
skygarden_plaza	4021	100164	134	0	0	0	0	0	0	0	0	706.2520141601562	192.86831665039062	1195.4520263671875	0.0	247.34568786621094	0.0	0	1	0	0	0
skygarden_plaza	4021	100165	171	0	0	0	0	0	0	0	0	705.5469970703125	192.86839294433594	1197.0460205078125	0.0	0.0	0.0	0	1	0	0	0
skygarden_plaza	4021	100166	122	0	0	0	0	0	0	0	0	703.5570068359375	192.86830139160156	1196.8360595703125	0.0	0.0	0.0	0	1	0	0	0
skygarden_plaza	4021	100167	257	0	0	0	0	0	0	0	0	706.9409790039062	193.03700256347656	1199.4560546875	0.0	47.42665481567383	0.0	0	1	0	0	0
skygarden_plaza	4021	100168	120	0	0	0	0	0	0	0	0	705.0	192.86825561523438	1205.8680419921875	0.0	254.46585083007812	0.0	0	1	0	0	0
skygarden_plaza	4021	100169	119	0	0	0	0	0	0	0	0	705.573974609375	192.86825561523438	1204.635009765625	0.0	13.723531723022461	0.0	0	1	0	0	0
skygarden_plaza	4021	100170	118	0	0	0	0	0	0	0	0	704.281005859375	192.86825561523438	1208.8480224609375	0.0	254.00949096679688	0.0	0	1	0	0	0
skygarden_plaza	4021	100171	117	0	0	0	0	0	0	0	0	704.718994140625	192.86842346191406	1201.051025390625	0.0	314.3162841796875	0.0	0	1	0	0	0
skygarden_plaza	4021	100172	117	0	0	0	0	0	0	0	0	705.8870239257812	192.86825561523438	1202.926025390625	0.0	253.87657165527344	0.0	0	1	0	0	0
skygarden_plaza	4021	100173	118	0	0	0	0	0	0	0	0	702.281005859375	192.86825561523438	1209.760986328125	0.0	193.04647827148438	0.0	0	1	0	0	0
skygarden_plaza	4021	100174	121	0	0	0	0	0	0	0	0	702.8300170898438	192.86825561523438	1203.9200439453125	0.0	256.7220764160156	0.0	0	1	0	0	0
skygarden_plaza	4021	100175	121	0	0	0	0	0	0	0	0	702.1799926757812	192.86825561523438	1206.5999755859375	0.0	256.76007080078125	0.0	0	1	0	0	0
skygarden_plaza	4021	100176	117	0	0	0	0	0	0	0	0	698.260009765625	192.86825561523438	1215.5699462890625	0.0	205.9881591796875	0.0	0	1	0	0	0
skygarden_plaza	4021	100177	120	0	0	0	0	0	0	0	0	695.5189819335938	192.8666534423828	1216.85205078125	0.0	206.05160522460938	0.0	0	1	0	0	0
skygarden_plaza	4021	100178	119	0	0	0	0	0	0	0	0	696.1943969726562	192.86695861816406	1216.2763671875	0.0	204.34120178222656	0.0	0	1	0	0	0
skygarden_plaza	4021	100179	119	0	0	0	0	0	0	0	0	694.1599731445312	192.88999938964844	1217.7740478515625	0.0	325.7330627441406	0.0	0	1	0	0	0
skygarden_plaza	4021	100180	118	0	0	0	0	0	0	0	0	690.7119750976562	192.86708068847656	1217.343017578125	0.0	143.48724365234375	0.0	0	1	0	0	0
skygarden_plaza	4021	100181	121	0	0	0	0	0	0	0	0	694.52197265625	192.86631774902344	1214.9110107421875	0.0	26.117963790893555	0.0	0	1	0	0	0
skygarden_plaza	4021	100182	134	0	0	0	0	0	0	0	0	684.2449951171875	192.5850067138672	1217.2120361328125	0.0	153.49058532714844	0.0	0	1	0	0	0
skygarden_plaza	4021	100183	122	0	0	0	0	0	0	0	0	686.9555053710938	192.6074676513672	1213.91796875	0.0	0.0	0.0	0	1	0	0	0
skygarden_plaza	4021	100184	122	0	0	0	0	0	0	0	0	683.614990234375	192.6074676513672	1211.06103515625	0.0	0.0	0.0	0	1	0	0	0
skygarden_plaza	4021	100185	123	0	0	0	0	0	0	0	0	686.2670288085938	192.6074676513672	1215.218994140625	0.0	67.01007080078125	0.0	0	1	0	0	0
skygarden_plaza	4021	100186	123	0	0	0	0	0	0	0	0	688.1279907226562	192.6074676513672	1213.7559814453125	0.0	193.48008728027344	0.0	0	1	0	0	0
skygarden_plaza	4021	100187	123	0	0	0	0	0	0	0	0	685.8790283203125	192.6074676513672	1213.095947265625	0.0	333.13055419921875	0.0	0	1	0	0	0
skygarden_plaza	4021	100188	123	0	0	0	0	0	0	0	0	682.8660278320312	192.6074676513672	1212.3199462890625	0.0	55.532772064208984	0.0	0	1	0	0	0
skygarden_plaza	4021	100189	123	0	0	0	0	0	0	0	0	682.5469970703125	192.6074676513672	1210.4010009765625	0.0	330.67950439453125	0.0	0	1	0	0	0
skygarden_plaza	4021	100190	123	0	0	0	0	0	0	0	0	684.7160034179688	192.6074676513672	1211.123046875	0.0	182.88352966308594	0.0	0	1	0	0	0
skygarden_plaza	4021	100191	122	0	0	0	0	0	0	0	0	678.4447021484375	192.87060546875	1213.7415771484375	0.0	0.0	0.0	0	1	0	0	0
skygarden_plaza	4021	100192	123	0	0	0	0	0	0	0	0	679.6300048828125	192.87060546875	1212.947998046875	0.0	218.5430145263672	0.0	0	1	0	0	0
skygarden_plaza	4021	100193	123	0	0	0	0	0	0	0	0	677.4439697265625	192.87060546875	1212.75	0.0	324.264892578125	0.0	0	1	0	0	0
skygarden_plaza	4021	100194	123	0	0	0	0	0	0	0	0	678.0050048828125	192.87060546875	1215.2449951171875	0.0	63.570457458496094	0.0	0	1	0	0	0
skygarden_plaza	4021	100195	119	0	0	0	0	0	0	0	0	672.2919921875	192.86892700195312	1209.698974609375	0.0	155.63917541503906	0.0	0	1	0	0	0
skygarden_plaza	4021	100196	119	0	0	0	0	0	0	0	0	673.0089721679688	192.8686981201172	1210.02099609375	0.0	335.449951171875	0.0	0	1	0	0	0
skygarden_plaza	4021	100197	119	0	0	0	0	0	0	0	0	673.9509887695312	192.86843872070312	1210.85302734375	0.0	37.096519470214844	0.0	0	1	0	0	0
skygarden_plaza	4021	100198	120	0	0	0	0	0	0	0	0	671.85302734375	192.8686065673828	1208.47900390625	0.0	281.5981750488281	0.0	0	1	0	0	0
skygarden_plaza	4021	100199	118	0	0	0	0	0	0	0	0	671.4019775390625	192.86839294433594	1205.85302734375	0.0	98.02474212646484	0.0	0	1	0	0	0
skygarden_plaza	4021	100201	184	0	0	0	0	0	0	0	0	672.0159912109375	192.86825561523438	1199.9730224609375	0.0	146.41641235351562	0.0	0	1	0	0	0
skygarden_plaza	4021	100202	223	0	0	0	0	0	0	0	0	676.8900146484375	193.63870239257812	1194.293212890625	0.0	0.0	0.0	0	1	0	0	0
skygarden_plaza	4021	100203	228	0	0	0	0	0	0	0	0	676.7960205078125	193.63800048828125	1193.9210205078125	0.0	0.0	0.0	0	1	0	0	0
skygarden_plaza	4021	100204	225	0	0	0	0	0	0	0	0	683.8489990234375	193.7021942138672	1211.259033203125	0.0	0.0	0.0	0	1	0	0	0
skygarden_plaza	4021	100205	229	0	0	0	0	0	0	0	0	683.4609985351562	193.697998046875	1211.1259765625	0.0	0.0	0.0	0	1	0	0	0
skygarden_plaza	4021	100206	223	0	0	0	0	0	0	0	0	683.4559936523438	193.6999969482422	1210.7769775390625	0.0	0.0	0.0	0	1	0	0	0
skygarden_plaza	4021	100207	233	0	0	0	0	0	0	0	0	684.2620239257812	193.33299255371094	1201.031005859375	0.0	218.0176544189453	0.0	0	1	0	0	0
skygarden_plaza	4021	100208	234	0	0	0	0	0	0	0	0	678.22900390625	193.96400451660156	1213.7760009765625	0.0	0.0	0.0	0	1	0	0	0
skygarden_plaza	4021	100209	234	0	0	0	0	0	0	0	0	678.6929931640625	193.95899963378906	1213.748046875	0.0	0.0	0.0	0	1	0	0	0
skygarden_plaza	4021	100210	227	0	0	0	0	0	0	0	0	684.7219848632812	193.66000366210938	1202.8919677734375	0.0	309.580078125	0.0	0	1	0	0	0
skygarden_plaza	4021	100211	227	0	0	0	0	0	0	0	0	684.4400024414062	193.63999938964844	1202.552978515625	0.0	320.01531982421875	0.0	0	1	0	0	0
skygarden_plaza	4021	100212	230	0	0	0	0	0	0	0	0	686.3198852539062	193.33900451660156	1203.4420166015625	0.0	0.0	0.0	0	1	0	0	0
skygarden_plaza	4021	100213	230	0	0	0	0	0	0	0	0	685.4530029296875	193.63099670410156	1204.491943359375	0.0	308.0418701171875	0.0	0	1	0	0	0
skygarden_plaza	4021	100214	230	0	0	0	0	0	0	0	0	685.2020263671875	193.64599609375	1203.2049560546875	0.0	317.27532958984375	0.0	0	1	0	0	0
skygarden_plaza	4021	100215	221	0	0	0	0	0	0	0	0	685.4669799804688	193.64019775390625	1205.0240478515625	0.0	0.0	0.0	0	1	0	0	0
skygarden_plaza	4021	100216	221	0	0	0	0	0	0	0	0	683.8880004882812	193.64100646972656	1202.177001953125	0.0	0.0	0.0	0	1	0	0	0
skygarden_plaza	4021	100217	222	0	0	0	0	0	0	0	0	684.9860229492188	193.63400268554688	1204.8740234375	0.0	0.0	0.0	0	1	0	0	0
skygarden_plaza	4021	100218	222	0	0	0	0	0	0	0	0	683.9879760742188	193.64010620117188	1202.3887939453125	0.0	0.0	0.0	0	1	0	0	0
skygarden_plaza	4021	100219	225	0	0	0	0	0	0	0	0	687.240234375	193.7050018310547	1213.5980224609375	0.0	0.0	0.0	0	1	0	0	0
skygarden_plaza	4021	100220	231	0	0	0	0	0	0	0	0	693.7890014648438	193.58900451660156	1215.0999755859375	0.0	0.0	0.0	0	1	0	0	0
skygarden_plaza	4021	100221	229	0	0	0	0	0	0	0	0	694.5969848632812	193.57400512695312	1214.7060546875	0.0	0.0	0.0	0	1	0	0	0
skygarden_plaza	4021	100222	224	0	0	0	0	0	0	0	0	702.5079956054688	193.61300659179688	1207.3070068359375	0.0	0.0	0.0	0	1	0	0	0
skygarden_plaza	4021	100223	224	0	0	0	0	0	0	0	0	694.4544677734375	193.61180114746094	1215.4580078125	0.0	0.0	0.0	0	1	0	0	0
skygarden_plaza	4021	100224	225	0	0	0	0	0	0	0	0	695.3460083007812	193.5989990234375	1214.468017578125	0.0	0.0	0.0	0	1	0	0	0
skygarden_plaza	4021	100225	226	0	0	0	0	0	0	0	0	695.0360107421875	193.60940551757812	1215.197021484375	0.0	0.0	0.0	0	1	0	0	0
skygarden_plaza	4021	100226	228	0	0	0	0	0	0	0	0	702.3989868164062	193.60000610351562	1206.1021728515625	0.0	0.0	0.0	0	1	0	0	0
skygarden_plaza	4021	100227	228	0	0	0	0	0	0	0	0	702.508544921875	193.60479736328125	1203.8963623046875	0.0	0.0	0.0	0	1	0	0	0
skygarden_plaza	4021	100228	230	0	0	0	0	0	0	0	0	701.9434204101562	193.593994140625	1206.385009765625	0.0	0.0	0.0	0	1	0	0	0
skygarden_plaza	4021	100229	234	0	0	0	0	0	0	0	0	702.6820068359375	193.61199951171875	1206.656005859375	0.0	0.0	0.0	0	1	0	0	0
skygarden_plaza	4021	100230	221	0	0	0	0	0	0	0	0	702.7630004882812	193.6199951171875	1205.8900146484375	0.0	0.0	0.0	0	1	0	0	0
skygarden_plaza	4021	100231	221	0	0	0	0	0	0	0	0	701.7429809570312	193.61099243164062	1207.39794921875	0.0	0.0	0.0	0	1	0	0	0
skygarden_plaza	4021	100232	222	0	0	0	0	0	0	0	0	702.9981689453125	193.61099243164062	1202.9881591796875	0.0	0.0	0.0	0	1	0	0	0
skygarden_plaza	4021	100233	225	0	0	0	0	0	0	0	0	703.1923217773438	193.60960388183594	1204.1602783203125	0.0	0.0	0.0	0	1	0	0	0
skygarden_plaza	4021	100234	226	0	0	0	0	0	0	0	0	700.5050048828125	193.70799255371094	1196.0140380859375	0.0	0.0	0.0	0	1	0	0	0
skygarden_plaza	4021	100235	226	0	0	0	0	0	0	0	0	697.74755859375	193.61099243164062	1190.050048828125	0.0	0.0	0.0	0	1	0	0	0
skygarden_plaza	4021	100236	223	0	0	0	0	0	0	0	0	698.5280151367188	193.60499572753906	1190.551025390625	0.0	0.0	0.0	0	1	0	0	0
skygarden_plaza	4021	100237	229	0	0	0	0	0	0	0	0	697.9769897460938	193.60899353027344	1190.9281005859375	0.0	0.0	0.0	0	1	0	0	0
skygarden_plaza	4021	100238	234	0	0	0	0	0	0	0	0	703.5250244140625	193.9593048095703	1197.0439453125	0.0	0.0	0.0	0	1	0	0	0
skygarden_plaza	4021	100239	227	0	0	0	0	0	0	0	0	696.266357421875	193.6999969482422	1195.291015625	0.0	0.0	0.0	0	1	0	0	0
skygarden_plaza	4021	100240	222	0	0	0	0	0	0	0	0	696.15771484375	193.69900512695312	1195.02001953125	0.0	0.0	0.0	0	1	0	0	0
skygarden_plaza	4021	100241	224	0	0	0	0	0	0	0	0	679.5527954101562	193.63400268554688	1192.175048828125	0.0	0.0	0.0	0	1	0	0	0
skygarden_plaza	4021	100242	225	0	0	0	0	0	0	0	0	680.7230224609375	193.625	1192.8759765625	0.0	0.0	0.0	0	1	0	0	0
skygarden_plaza	4021	100243	225	0	0	0	0	0	0	0	0	677.3980102539062	193.62429809570312	1191.627685546875	0.0	0.0	0.0	0	1	0	0	0
skygarden_plaza	4021	100244	52	0	0	0	0	0	0	0	0	674.85302734375	192.6074676513672	1183.7469482421875	0.0	350.15228271484375	0.0	0	1	0	0	0
skygarden_scene00001exb	1001	1	1	0	0	0	0	0	0	0	0	31.615577697753906	0.01009976863861084	23.65689468383789	-0.0	0.0	0.0	0	0	0	0	0
skygarden_scene00001exb	1001	2	1	0	0	0	0	0	0	0	0	45.75315856933594	0.01009976863861084	11.301413536071777	-0.0	0.0	0.0	1	0	1	0	0
skygarden_scene001	1001	1	3	0	0	0	0	0	0	0	0	50.369998931884766	1.3700000047683716	80.3499984741211	0.0	0.0	0.0	0	0	1	0	0
skygarden_scene002	1001	1	3	0	0	0	0	0	0	0	0	4.300000190734863	1.25	32.470001220703125	0.0	0.0	0.0	0	0	1	0	0
skygarden_scene003	1001	1	3	0	0	0	0	0	0	0	0	61.09693908691406	27.6324405670166	129.15542602539062	0.0	0.0	0.0	0	0	1	0	0
skygarden_scene004	1001	1	3	0	0	0	0	0	0	0	0	69.91899871826172	10.984000205993652	29.670000076293945	0.0	0.0	0.0	0	0	1	0	0
skygarden_scene005	200101	1	56	0	0	0	0	0	0	0	0	78.70700073242188	7.865604877471924	57.50699996948242	0.0	0.0	0.0	1	0	1	0	0
skygarden_scene005	200101	2	3	0	0	0	0	0	0	0	0	38.31999969482422	16.612548828125	71.50299835205078	0.0	0.0	0.0	1	0	1	0	0
skygarden_scene005	200101	3	1	0	0	0	0	0	0	0	0	44.7760009765625	18.165000915527344	75.58699798583984	0.0	0.0	0.0	0	0	0	0	0
skygarden_scene005	200101	4	3	0	0	0	0	0	0	0	0	82.64900207519531	21.304000854492188	72.31116485595703	0.0	0.0	0.0	1	0	1	0	0
skygarden_scene005	200101	5	1	0	0	0	0	0	0	0	0	67.75341796875	21.04599952697754	74.62730407714844	0.0	0.0	0.0	0	0	0	0	0
skygarden_scene005	200101	6	1	0	0	0	0	0	0	0	0	48.09211730957031	16.26238250732422	74.50627899169922	0.0	0.0	0.0	0	0	0	0	0
skygarden_scene005	200101	7	1	0	0	0	0	0	0	0	0	64.38619995117188	11.913000106811523	52.7401008605957	15.829999923706055	68.14099884033203	1.6700007915496826	0	1	0	0	0
skygarden_scene005	200101	8	1	0	0	0	0	0	0	0	0	60.694000244140625	24.842199325561523	79.07250213623047	16.495018005371094	110.34600067138672	1.4309946298599243	0	1	0	0	0
skygarden_scene005	200101	9	1	0	0	0	0	0	0	0	0	58.04010009765625	25.203439712524414	76.79293823242188	32.24617004394531	230.75880432128906	0.05868055671453476	0	1	0	0	0
skygarden_scene005	200101	10	1	0	0	0	0	0	0	0	0	64.38619995117188	11.913000106811523	52.7401008605957	15.829999923706055	68.14099884033203	1.6700007915496826	0	0	0	0	0
skygarden_scene005	200101	11	1	0	0	0	0	0	0	0	0	60.694000244140625	24.842199325561523	79.07250213623047	16.495018005371094	110.34600067138672	1.4309946298599243	0	0	0	0	0
skygarden_scene005	200101	12	1	0	0	0	0	0	0	0	0	58.04010009765625	25.203439712524414	76.79293823242188	32.24617004394531	230.75880432128906	0.05868055671453476	1	0	0	0	0
skygarden_scene005	200101	13	1	0	0	0	0	0	0	0	0	58.04010009765625	25.203439712524414	76.79293823242188	32.24617004394531	230.75880432128906	0.05868055671453476	0	0	0	0	0
skygarden_scene007	1002	1	1	0	0	0	0	0	0	0	0	-9.630000114440918	13.236000061035156	34.49700164794922	0.0	0.0	0.0	1	0	1	0	0
skygarden_scene007	1002	2	356	0	0	0	0	0	0	0	0	2.3610000610351562	12.649999618530273	34.47999954223633	0.0	0.0	0.0	1	0	1	0	0
skygarden_scene007	1002	3	2	0	0	0	0	0	0	0	0	31.420000076293945	12.869999885559082	33.81999969482422	0.0	0.0	0.0	1	0	0	0	0
skygarden_scene007	1002	4	2	0	0	0	0	0	0	0	0	-2.442521572113037	15.849039077758789	34.444000244140625	0.0	0.0	0.0	1	0	0	0	0
skygarden_sushe	1001	400001	188	0	0	0	0	0	0	0	0	16.145700454711914	1.7510000467300415	20.9950008392334	88.59123992919922	241.6638946533203	153.82952880859375	1	0	1	0	0
skygarden_sushe	1001	400002	187	0	0	0	0	0	0	0	0	13.98740005493164	2.2820000648498535	15.792271614074707	272.6346435546875	304.9024353027344	329.98687744140625	1	0	1	0	0
skygarden_sushe	1001	400003	187	0	0	0	0	0	0	0	0	13.974140167236328	2.291800022125244	15.925999641418457	280.166015625	232.77218627929688	34.399635314941406	1	0	0	0	0
skygarden_sushe	1001	400004	56	0	0	0	0	0	0	0	0	17.857999801635742	2.2860000133514404	11.847999572753906	0.0	283.8685302734375	0.0	1	0	1	0	0
skygarden_sushe	1001	400005	3	0	0	0	0	0	0	0	0	9.02400016784668	1.8550000190734863	13.23799991607666	0.0	327.8204040527344	0.0	1	0	1	0	0
skygarden_sushe	1001	400006	137	0	0	0	0	0	0	0	0	14.265999794006348	2.302999973297119	12.022600173950195	0.0	91.57789611816406	0.0	1	0	1	0	0
skygarden_sushe	1001	400007	188	0	0	0	0	0	0	0	0	16.19300079345703	1.7519999742507935	20.996000289916992	88.59123992919922	241.6638946533203	153.82952880859375	1	0	1	0	0
skygarden_sushe	1001	400008	192	0	0	0	0	0	0	0	0	16.334999084472656	1.7380000352859497	20.99799919128418	0.0	270.9425048828125	0.0	1	0	1	0	0
skygarden_sushe	1001	400009	192	0	0	0	0	0	0	0	0	16.322999954223633	1.7380000352859497	20.990999221801758	0.0	271.6671142578125	0.0	1	0	1	0	0
skygarden_sushe	1001	400010	1	0	0	0	0	0	0	0	0	8.654000282287598	1.8839999437332153	13.116999626159668	0.0	0.0	0.0	1	0	1	0	0
skygarden_sushe	1001	400012	3	0	0	0	0	0	0	0	0	7.883999824523926	1.9459999799728394	18.25	2.830392599105835	91.5793228149414	0.07800919562578201	1	0	1	1	1
skygarden_sushe	1001	400013	3	0	0	0	0	0	0	0	0	16.138999938964844	1.7940000295639038	20.975000381469727	357.98565673828125	91.57846069335938	359.9444885253906	1	0	1	1	1
skygarden_sushe	1001	400014	3	0	0	0	0	0	0	0	0	13.82699966430664	2.447000026702881	15.866999626159668	0.0	91.57789611816406	0.0	1	0	1	1	1
skygarden_sushe	1001	400011	3	0	0	0	0	0	0	0	0	20.003999710083008	2.0199999809265137	12.329999923706055	2.830392599105835	91.5793228149414	0.07800919562578201	1	0	1	1	1
skygarden_sushe	1001	400015	3	0	0	0	0	0	0	0	0	16.2189998626709	1.7940000295639038	20.985000610351562	357.98565673828125	91.57846069335938	359.9444885253906	1	0	1	0	0
skygarden_sushe	1001	400016	192	0	0	0	0	0	0	0	0	16.334999084472656	1.7380000352859497	20.99799919128418	0.0	270.9425048828125	0.0	1	0	0	0	0
skygarden_sushe	1001	400017	3	0	0	0	0	0	0	0	0	15.640999794006348	1.6490000486373901	22.170000076293945	357.98565673828125	91.57846069335938	359.9444885253906	1	0	1	0	0
skygarden_sushe	1001	400018	3	0	0	0	0	0	0	0	0	13.86299991607666	2.2820000648498535	15.857000350952148	272.6346435546875	304.9024353027344	329.98687744140625	1	0	1	0	0
skygarden_sushe	1001	400019	3	0	0	0	0	0	0	0	0	13.907999992370605	2.311000108718872	15.848999977111816	357.98565673828125	91.57846069335938	359.9444885253906	1	0	1	0	0
skygarden_sushe	1001	400020	187	0	0	0	0	0	0	0	0	13.98740005493164	2.2820000648498535	15.86400032043457	272.6346435546875	304.9024353027344	329.98687744140625	1	0	0	0	0
skygarden_sushe	1001	400021	3	0	0	0	0	0	0	0	0	13.803999900817871	2.2760000228881836	15.881999969482422	357.98565673828125	91.57846069335938	359.9444885253906	1	0	1	0	0
skygarden_sushe	1001	400022	20	0	0	0	0	0	0	0	0	9.229999542236328	0.8169999718666077	20.844999313354492	357.98565673828125	91.57846069335938	359.9444885253906	1	0	1	0	0
skygarden_sushe	1001	400023	187	0	0	0	0	0	0	0	0	13.98740005493164	2.2820000648498535	15.792271614074707	272.6346435546875	304.9024353027344	329.98687744140625	1	0	0	0	0
skygarden_sushe	1001	400024	200	0	0	0	0	0	0	0	0	16.242841720581055	1.7410738468170166	21.405723571777344	358.01531982421875	238.4044189453125	359.9709167480469	1	0	1	0	0
skygarden_sushe	1001	400025	200	0	0	0	0	0	0	0	0	16.246000289916992	1.746000051498413	20.650999069213867	2.532586097717285	300.415771484375	359.9541931152344	1	0	1	0	0
skygarden_sushe	1001	400026	200	0	0	0	0	0	0	0	0	16.250831604003906	1.746000051498413	21.02519989013672	2.532585620880127	268.2208251953125	359.9541931152344	1	0	1	0	0
skygarden_sushe	1001	400027	188	0	0	0	0	0	0	0	0	16.19300079345703	1.7519999742507935	20.996000289916992	88.59123992919922	241.6638946533203	153.82952880859375	1	0	0	0	0
skygarden_sushe	1001	400028	188	0	0	0	0	0	0	0	0	16.145700454711914	1.7510000467300415	20.9950008392334	88.59123992919922	241.6638946533203	153.82952880859375	1	0	0	0	0
skygarden_sushe	1001	400029	188	0	0	0	0	0	0	0	0	16.18869972229004	1.7510000467300415	20.9950008392334	88.59123992919922	241.6638946533203	153.82952880859375	1	0	0	0	0
skygarden_sushe	1001	400031	137	0	0	0	0	0	0	0	0	15.196999549865723	1.9759999513626099	19.531999588012695	0.0	91.25099182128906	0.0	1	0	1	0	0
skygarden_sushe	4001	300001	269	0	0	0	0	0	0	0	0	12.470000267028809	2.25	23.87700080871582	0.0	0.0	0.0	0	0	1	0	0
skygarden_sushe	4001	300002	269	0	0	0	0	0	0	0	0	16.216999053955078	2.9030001163482666	11.64900016784668	0.0	0.0	0.0	0	0	1	0	0
skygarden_sushe	4001	300003	269	0	0	0	0	0	0	0	0	18.22800064086914	2.690000057220459	15.486000061035156	0.0	312.3899841308594	0.0	0	0	1	0	0
skygarden_sushe	4001	300005	138	0	0	0	0	0	0	0	0	7.626999855041504	1.6319999694824219	19.30500030517578	0.0	180.0	0.0	0	0	1	0	0
skygarden_sushe	4001	300004	269	0	0	0	0	0	0	0	0	7.650000095367432	1.718000054359436	19.256999969482422	0.0	0.0	0.0	0	0	0	0	0
skygarden_sushe	5001	2	52	0	0	0	0	0	0	0	0	20.195999145507812	1.149999976158142	16.750999450683594	0.0	0.0	0.0	0	0	1	0	0
skygarden_sushe	5001	3	56	0	0	0	0	0	0	0	0	16.785999298095703	1.6959999799728394	21.048999786376953	0.0	269.1182861328125	0.0	1	0	1	0	0
skygarden_sushe	5001	4	55	0	0	0	0	0	0	0	0	14.300999641418457	2.3350000381469727	11.777999877929688	0.0	325.8846740722656	0.0	1	0	1	0	0
skygarden_sushe	5001	1	1	0	0	0	0	0	0	0	0	7.214000225067139	2.614000082015991	21.149999618530273	0.0	270.0	0.0	0	0	1	0	0
skygarden_sushe	5001	5	1	0	0	0	0	0	0	0	0	8.850000381469727	2.6610000133514404	23.399999618530273	0.0	0.0	0.0	0	0	1	0	0
skygarden_sushe	5001	8	1	0	0	0	0	0	0	0	0	9.491000175476074	1.8969999551773071	16.003999710083008	0.0	90.0	0.0	0	0	1	0	0
skygarden_sushe	5002	100001	54	0	0	0	0	0	0	0	0	14.711999893188477	2.615999937057495	16.0310001373291	0.0	359.5726623535156	0.0	1	0	1	0	0
skygarden_sushe	5003	200001	142	0	0	0	0	0	0	0	0	0.0	0.0	0.0	0.0	0.0	0.0	0	1	0	0	0
skygarden_sushe	7003	500001	56	0	0	0	0	0	0	0	0	16.3960018157959	2.440999984741211	15.892999649047852	0.0	270.0	0.0	1	0	1	0	0
