Sector	Scene	ColliderId	PosX	PosY	PosZ	QuatX	QuatY	QuatZ	QuatW	ScaleX	ScaleY	ScaleZ	SizeX	SizeY	SizeZ
skygarden	Scene_Faos01	1	346.5299	213.975	163.3139	0.4999	-0.4999	-0.5	-0.5	0.0511	1.2421	2.0344	1.0	1.0	1.0
skygarden	Scene_Faos01	2	344.7999	213.9739	163.3139	0.4999	-0.4999	-0.5	-0.5	0.0511	1.2494	2.0213	1.0	1.0	1.0
skygarden	Scene_Faos01	3	590.5524	202.41	276.2455	0.0	0.0	0.0	1.0	5.5404	12.8847	6.9506	1.0	1.0	1.0
skygarden	Scene_Faos01	4	590.5546	202.41	262.733	0.0	0.0	0.0	1.0	5.5358	12.8847	7.5419	1.0	1.0	1.0
skygarden	Scene_Faos01	5	562.3259	202.41	259.19	0.0	0.0	0.0	1.0	55.5647	12.8847	1.0	1.0	1.0	1.0
skygarden	Scene_Faos01	6	562.3259	202.41	280.0	0.0	0.0	0.0	1.0	55.5647	12.8847	1.0	1.0	1.0	1.0
skygarden	Scene_Faos01	7	535.63	203.0921	269.618	0.0	-0.7071	0.0	0.7071	12.1999	14.2492	0.9999	1.0	1.0	1.0
skygarden	Scene_Faos01	8	536.4558	203.0921	279.3999	0.0	-0.7071	0.0	0.7071	12.1999	14.2492	2.0681	1.0	1.0	1.0
skygarden	Scene_Faos01	9	536.4558	203.0921	259.7799	0.0	-0.7071	0.0	0.7071	12.1999	14.2492	2.0681	1.0	1.0	1.0
skygarden	Scene_Faos01	10	609.9613	205.6157	275.32	0.0	0.0	0.0	1.0	18.9833	19.2961	3.0197	1.0	1.0	1.0
skygarden	Scene_Faos01	11	618.15	205.6157	280.762	0.0	-0.7071	0.0	0.7071	13.7359	19.2961	3.0197	1.0	1.0	1.0
skygarden	Scene_Faos01	12	632.38	205.6157	294.2799	0.0	-0.2588	0.0	0.9659	32.42	19.2961	3.0197	1.0	1.0	1.0
skygarden	Scene_Faos01	13	632.53	205.6157	244.82	0.0	0.2588	0.0	0.9659	32.4505	19.2961	3.0197	1.0	1.0	1.0
skygarden	Scene_Faos01	14	660.65	205.6157	294.47	0.0	0.2588	0.0	0.9659	38.9365	19.2961	3.0197	1.0	1.0	1.0
skygarden	Scene_Faos01	15	670.3699	209.3789	269.2679	0.0	0.7071	0.0	0.7071	37.0938	26.8217	3.0197	1.0	1.0	1.0
skygarden	Scene_Faos01	16	661.25	205.6157	245.0599	0.0	-0.2588	0.0	0.9659	38.2252	19.2961	3.0197	1.0	1.0	1.0
skygarden	Scene_Faos01	17	618.14	205.6157	258.2683	0.0	-0.7071	0.0	0.7071	14.069	19.2961	3.0197	1.0	1.0	1.0
skygarden	Scene_Faos01	18	609.9531	205.6157	263.8299	0.0	0.0	0.0	1.0	18.9679	19.2961	3.0197	1.0	1.0	1.0
skygarden	Scene_Faos01	19	610.5822	202.8999	269.5979	0.0	0.0	0.0	1.0	19.3378	1.0	11.8316	1.0	1.0	1.0
skygarden	Scene_Faos01	20	596.5488	200.8135	269.5979	0.0	0.0	0.2164	0.9762	10.1609	1.0	11.8316	1.0	1.0	1.0
skygarden	Scene_Faos01	21	657.89	203.77	281.4899	0.0515	0.2536	0.1922	0.9465	10.9917	3.811	6.0936	1.0	1.0	1.0
skygarden	Scene_Faos01	22	665.106	205.2649	269.7878	0.0	0.7071	0.0	0.7071	13.8271	4.806	10.1125	1.0	1.0	1.0
skygarden	Scene_Faos01	23	666.6315	205.2649	277.0777	0.0	0.866	0.0	0.5	8.5119	4.806	10.4414	0.8691	1.0	1.0
skygarden	Scene_Faos01	24	666.455	205.2649	262.2594	0.0	0.5	0.0	0.866	9.3339	4.806	10.4414	0.8392	1.0	1.0
skygarden	Scene_Faos01	25	564.0548	199.347	269.5679	0.0	0.0	0.0	1.0	59.0217	1.0	26.3846	1.0	1.0	1.0
skygarden	Scene_Faos01	26	657.94	203.75	257.6	-0.0519	-0.2535	0.1938	0.9462	10.9229	3.8289	6.2692	1.0	1.0	1.0
skygarden	Scene_Faos01	27	647.1635	202.8999	269.588	0.0	0.0	0.0	1.0	57.9263	1.0	69.3369	1.0	1.0	1.0
skygarden	Scene_Faos01	28	688.6179	259.1918	310.4984	-0.6538	-0.2691	-0.2691	0.6538	108.7749	175.3226	0.6817	1.0	1.0	1.0
skygarden	Scene_Faos01	29	580.0211	259.23	204.8883	-0.6538	-0.2691	-0.2691	0.6538	81.484	178.1683	0.6817	1.0	1.0	1.0
skygarden	Scene_Faos01	30	590.7222	259.1918	276.4224	-0.657	-0.2614	-0.2614	0.657	41.89	93.6033	0.6817	1.0	1.0	1.0
skygarden	Scene_Faos01	31	664.7479	259.19	214.6002	-0.659	0.2561	0.2561	0.659	70.8271	79.5871	0.6817	1.0	1.0	1.0
skygarden	Scene_Faos01	32	641.5512	259.19	236.4727	-0.7064	0.031	0.031	0.7064	21.6156	59.589	0.6817	1.0	1.0	1.0
skygarden	Scene_Faos01	33	633.58	259.19	248.7899	-0.7004	-0.0971	-0.0971	0.7004	5.4579	8.3103	0.6817	1.0	1.0	1.0
skygarden	Scene_Faos01	34	622.7689	259.19	237.6125	-0.6127	-0.3529	-0.3529	0.6127	4.6553	35.5144	0.6817	1.0	1.0	1.0
skygarden	Scene_Faos01	35	632.2296	259.19	245.531	-0.6296	-0.3216	-0.3216	0.6296	2.5804	2.4232	0.6817	1.0	1.0	1.0
skygarden	Scene_Faos01	36	630.403	259.19	245.0276	-0.6296	-0.3216	-0.3216	0.6296	1.1811	1.0477	0.6817	1.0	1.0	1.0
skygarden	Scene_Faos01	37	631.3489	259.19	244.847	-0.6296	-0.3216	-0.3216	0.6296	1.4091	1.0477	0.6817	1.0	1.0	1.0
skygarden	Scene_Faos01	38	625.7899	259.19	234.5599	-0.2786	-0.6498	-0.6498	0.2786	1.7002	35.5144	0.6817	1.0	1.0	1.0
skygarden	Scene_Faos01	39	622.6928	259.16	237.9526	-0.2753	-0.6513	-0.6512	0.2753	0.3877	35.5144	0.2156	1.0	1.0	1.0
skygarden	Scene_Faos01	40	628.8328	259.16	231.6327	-0.2753	-0.6513	-0.6512	0.2753	0.3877	35.5144	0.2156	1.0	1.0	1.0
skygarden	Scene_Faos01	41	630.4229	259.16	245.4627	-0.6552	-0.2658	-0.2658	0.6552	0.4495	8.1903	0.2156	1.0	1.0	1.0
skygarden	Scene_Faos01	42	621.2929	259.16	236.5928	-0.6552	-0.2658	-0.2658	0.6552	0.4495	8.1903	0.2156	1.0	1.0	1.0
skygarden	Scene_Faos01	43	627.4329	259.16	230.2727	-0.6552	-0.2658	-0.2658	0.6552	0.4495	8.1903	0.2156	1.0	1.0	1.0
skygarden	Scene_Faos01	44	621.6657	259.16	239.0054	-0.2753	-0.6513	-0.6512	0.2753	0.1962	35.5144	0.2156	1.0	1.0	1.0
skygarden	Scene_Faos01	45	627.8057	259.16	232.6855	-0.2753	-0.6513	-0.6512	0.2753	0.1962	35.5144	0.2156	1.0	1.0	1.0
skygarden	Scene_Faos01	46	623.71	259.16	236.91	-0.2753	-0.6513	-0.6512	0.2753	0.1962	35.5144	0.2156	1.0	1.0	1.0
skygarden	Scene_Faos01	47	629.8499	259.16	230.5899	-0.2753	-0.6513	-0.6512	0.2753	0.1962	35.5144	0.2156	1.0	1.0	1.0
skygarden	Scene_Faos01	48	621.6829	259.19	224.4328	-0.6576	-0.2597	-0.2597	0.6576	6.0457	35.5144	0.6817	1.0	1.0	1.0
skygarden	Scene_Faos01	49	629.283	259.19	286.0036	-0.6603	-0.2527	-0.2527	0.6603	35.5668	131.2259	0.6817	1.0	1.0	1.0
skygarden	Scene_Faos01	50	576.4498	239.5863	267.6925	0.0	-0.7071	0.0	0.7071	87.2152	39.2183	1.74	1.0	1.0	1.0
skygarden	Scene_Faos01	51	544.5	220.1999	267.6925	-0.5	-0.4999	-0.4999	0.5	87.2152	68.3769	4.3423	1.0	1.0	1.0
skygarden	Scene_Faos01	52	714.2277	227.6	271.4014	0.0	0.7071	0.0	0.7071	95.2341	40.6517	1.74	1.0	1.0	1.0
skygarden	Scene_Faos01	53	612.2	217.7608	210.3999	0.0	0.9659	0.0	-0.2588	83.452	64.2396	1.74	1.0	1.0	1.0
skygarden	Scene_Faos01	54	681.2	217.7608	210.8999	0.0	0.9659	0.0	0.2588	83.452	64.2396	1.74	1.0	1.0	1.0
skygarden	Scene_Faos01	55	709.7877	201.1	270.9924	0.0	0.7071	0.0	0.7071	83.452	30.9186	1.74	1.0	1.0	1.0
skygarden	Scene_Faos01	56	679.5	222.2165	330.7999	0.0	0.2588	0.0	0.9659	83.452	73.1539	1.74	1.0	1.0	1.0
skygarden	Scene_Faos01	57	611.2	222.2165	329.3999	0.0	-0.2588	0.0	0.9659	83.452	73.1539	1.74	1.0	1.0	1.0
skygarden	Scene_Faos01	58	580.1879	201.1	243.5478	0.0	-0.7071	0.0	0.7071	24.7389	30.9186	1.74	1.0	1.0	1.0
skygarden	Scene_Faos01	59	580.1879	201.1	296.66	0.0	-0.7071	0.0	0.7071	24.4647	30.9186	1.74	1.0	1.0	1.0
skygarden	Scene_Faos01	60	554.5288	201.1	254.6925	0.0	1.0	0.0	0.0	51.6472	30.9186	1.74	1.0	1.0	1.0
skygarden	Scene_Faos01	61	530.0878	201.1	269.3396	0.0	-0.7071	0.0	0.7071	30.6564	30.9186	1.74	1.0	1.0	1.0
skygarden	Scene_Faos01	62	554.6757	201.1	284.9924	0.0	0.0	0.0	1.0	50.2158	30.9186	1.74	1.0	1.0	1.0
skygarden	Scene_Faos01	63	638.89	205.44	229.57	-0.6851	0.1749	0.1749	0.6851	27.1351	13.0429	0.9402	1.0	1.0	1.0
skygarden	Scene_Faos01	64	644.3319	204.2669	239.485	-0.6831	0.1823	0.1823	0.6831	5.7941	0.5027	0.2309	1.0	1.0	1.0
skygarden	Scene_Faos01	65	649.835	204.2669	239.9947	-0.6828	-0.1836	-0.1836	0.6828	7.4477	0.5027	0.2309	1.0	1.0	1.0
skygarden	Scene_Faos01	66	262.957	295.4018	211.2299	-0.7071	0.0	0.0	0.7071	37.0884	1.0	13.555	1.0	1.0	1.0
skygarden	Scene_Faos01	67	309.646	295.4018	215.1419	-0.7071	0.0	0.0	0.7071	49.4823	1.0	13.555	1.0	1.0	1.0
skygarden	Scene_Faos01	68	279.8013	295.4018	209.8312	-0.6532	-0.2705	-0.2705	0.6532	15.4349	1.0	13.555	1.0	1.0	1.0
skygarden	Scene_Faos01	69	340.6099	289.387	195.0847	-0.5	0.4999	0.4999	0.5	58.895	0.7853	7.5298	1.0	1.0	1.0
skygarden	Scene_Faos01	70	348.1199	289.387	213.386	-0.5	0.4999	0.4999	0.5	19.7334	0.7853	7.5298	1.0	1.0	1.0
skygarden	Scene_Faos01	71	344.64	291.94	217.6555	-0.7071	0.0	0.7071	0.0	28.2659	0.7853	7.5298	1.0	1.0	1.0
skygarden	Scene_Faos01	72	344.64	291.302	223.3079	-0.7071	0.0	0.7071	0.0	-0.8413	0.7853	7.5298	1.0	1.0	1.0
skygarden	Scene_Faos01	73	344.64	291.302	191.914	-0.7071	0.0	0.7071	0.0	-0.8413	0.7853	7.5298	1.0	1.0	1.0
skygarden	Scene_Faos01	74	344.64	291.94	189.58	-0.7071	0.0	0.7071	0.0	28.2659	0.7853	7.5298	1.0	1.0	1.0
skygarden	Scene_Faos01	75	352.14	291.94	199.0299	-0.7071	0.0	0.7071	0.0	10.996	0.7853	7.5298	1.0	1.0	1.0
skygarden	Scene_Faos01	76	337.769	291.94	230.36	-0.7071	0.0	0.7071	0.0	10.996	0.7853	7.5298	1.0	1.0	1.0
skygarden	Scene_Faos01	77	353.6799	289.387	203.63	-0.7071	0.0	0.0	0.7071	11.8517	0.7853	7.5298	1.0	1.0	1.0
skygarden	Scene_Faos01	78	348.0299	289.387	190.41	-0.4999	-0.5	-0.5	0.4999	11.8517	0.7853	7.5298	1.0	1.0	1.0
skygarden	Scene_Faos01	79	355.44	289.387	197.91	-0.4999	-0.5	-0.5	0.4999	11.8517	0.7853	7.5298	1.0	1.0	1.0
skygarden	Scene_Faos01	80	353.6799	289.387	195.96	-0.7071	0.0	0.0	0.7071	11.8517	0.7853	7.5298	1.0	1.0	1.0
skygarden	Scene_Faos01	81	344.187	289.387	189.682	-0.1007	0.6998	0.6998	0.1007	7.5717	0.7853	7.5298	1.0	1.0	1.0
skygarden	Scene_Faos01	82	341.832	289.39	231.8699	0.0	0.7071	0.7071	0.0	14.5214	0.7853	7.5298	1.0	1.0	1.0
skygarden	Scene_Faos01	83	334.031	289.39	230.9983	-0.5	0.4999	0.4999	0.5	1.5345	0.1496	7.5298	1.0	1.0	1.0
skygarden	Scene_Faos01	84	334.0069	289.39	225.3654	-0.5	0.4999	0.4999	0.5	1.7814	0.1496	7.5298	1.0	1.0	1.0
skygarden	Scene_Faos01	85	334.3779	289.39	231.481	-0.1156	0.6975	0.6975	0.1156	1.5345	0.1496	7.5298	1.0	1.0	1.0
skygarden	Scene_Faos01	86	337.5472	289.39	224.96	0.0	0.7071	0.7071	0.0	6.9086	0.7853	7.5298	1.0	1.0	1.0
skygarden	Scene_Faos01	87	340.859	289.39	223.36	0.0	0.7071	0.7071	0.0	1.2256	0.7194	7.5298	1.0	1.0	1.0
skygarden	Scene_Faos01	88	340.8039	289.39	191.916	0.0	0.7071	0.7071	0.0	1.2256	1.2966	7.5298	1.0	1.0	1.0
skygarden	Scene_Faos01	89	347.88	289.39	223.36	0.0	0.7071	0.7071	0.0	1.2256	0.7194	7.5298	1.0	1.0	1.0
skygarden	Scene_Faos01	90	347.8099	289.39	191.916	0.0	0.7071	0.7071	0.0	1.2256	1.2966	7.5298	1.0	1.0	1.0
skygarden	Scene_Faos01	91	348.1	289.39	229.22	0.4999	0.5	0.5	-0.4999	14.5214	0.7853	7.5298	1.0	1.0	1.0
skygarden	Scene_Faos01	92	342.3136	289.387	190.151	0.195	0.6796	0.6796	-0.195	4.7389	0.7853	7.5298	1.0	1.0	1.0
skygarden	Scene_Faos01	93	274.26	295.4018	211.9799	-0.7071	0.0	0.0	0.7071	2.8308	1.0	13.555	1.0	1.0	1.0
skygarden	Scene_Faos01	94	300.88	295.4018	213.9638	-0.7071	0.0	0.0	0.7071	2.8308	4.2523	13.555	1.0	1.0	1.0
skygarden	Scene_Faos01	95	298.3989	295.4018	211.9799	-0.7071	0.0	0.0	0.7071	2.8308	1.0	13.555	1.0	1.0	1.0
skygarden	Scene_Faos01	96	252.897	295.4018	211.9799	-0.7071	0.0	0.0	0.7071	2.8308	1.0	13.555	1.0	1.0	1.0
skygarden	Scene_Faos01	97	255.7899	277.5078	217.58	-0.7071	0.0	0.0	0.7071	20.9415	1.0	22.4496	1.0	1.0	1.0
skygarden	Scene_Faos01	98	242.7976	281.8257	218.6929	-0.7071	0.0	0.0	0.7071	7.2942	1.0	15.183	1.0	1.0	1.0
skygarden	Scene_Faos01	99	237.5379	281.8257	219.718	-0.6834	0.1813	0.1813	0.6834	7.2942	0.9999	15.183	1.0	1.0	1.0
skygarden	Scene_Faos01	100	234.24	281.8257	221.08	-0.5	0.5	0.5	0.5	7.2942	1.0	15.183	1.0	1.0	1.0
skygarden	Scene_Faos01	101	234.24	281.0114	317.35	-0.5	0.5	0.5	0.5	7.2942	1.0	14.4336	1.0	1.0	1.0
skygarden	Scene_Faos01	102	236.188	281.0114	318.4639	-0.1839	0.6827	0.6827	0.1839	7.2942	1.0	14.4336	1.0	1.0	1.0
skygarden	Scene_Faos01	103	242.729	281.0114	320.377	-0.7071	0.0	0.0	0.7071	7.2942	1.0	14.4336	1.0	1.0	1.0
skygarden	Scene_Faos01	104	234.274	277.6052	242.2118	-0.5	0.4999	0.4999	0.5	33.9533	1.0	22.6439	1.0	1.0	1.0
skygarden	Scene_Faos01	105	234.2799	277.5848	298.2506	-0.5	0.4999	0.4999	0.5	33.5376	1.0	22.6046	1.0	1.0	1.0
skygarden	Scene_Faos01	106	233.74	280.3587	290.4299	-0.7071	0.0	0.0	0.7071	9.4961	1.5842	14.0768	1.0	1.0	1.0
skygarden	Scene_Faos01	107	229.2599	296.3299	290.4299	-0.7071	0.0	0.0	0.7071	9.4961	1.5842	14.0768	1.0	1.0	1.0
skygarden	Scene_Faos01	108	233.74	280.3587	248.82	-0.7071	0.0	0.0	0.7071	9.4961	1.5842	14.0768	1.0	1.0	1.0
skygarden	Scene_Faos01	109	229.72	296.0899	248.82	-0.7071	0.0	0.0	0.7071	9.4961	1.5842	14.0768	1.0	1.0	1.0
skygarden	Scene_Faos01	110	233.74	280.3587	240.8399	-0.7071	0.0	0.0	0.7071	9.4961	1.5842	14.0768	1.0	1.0	1.0
skygarden	Scene_Faos01	111	229.72	296.0899	240.8399	-0.7071	0.0	0.0	0.7071	9.4961	1.5842	14.0768	1.0	1.0	1.0
skygarden	Scene_Faos01	112	233.74	280.3587	232.74	-0.7071	0.0	0.0	0.7071	9.4961	1.5842	14.0768	1.0	1.0	1.0
skygarden	Scene_Faos01	113	229.72	296.0899	232.74	-0.7071	0.0	0.0	0.7071	9.4961	1.5842	14.0768	1.0	1.0	1.0
skygarden	Scene_Faos01	114	233.74	280.3587	225.24	-0.7071	0.0	0.0	0.7071	9.4961	1.5842	14.0768	1.0	1.0	1.0
skygarden	Scene_Faos01	115	229.72	296.0899	225.24	-0.7071	0.0	0.0	0.7071	9.4961	1.5842	14.0768	1.0	1.0	1.0
skygarden	Scene_Faos01	116	251.6699	280.3599	219.8399	-0.7071	0.0	0.0	0.7071	11.3906	3.4253	14.0768	1.0	1.0	1.0
skygarden	Scene_Faos01	117	261.44	280.3599	217.8099	-0.7071	0.0	0.0	0.7071	11.3906	3.4253	14.0768	1.0	1.0	1.0
skygarden	Scene_Faos01	118	251.52	280.3599	220.9499	-0.7071	0.0	0.0	0.7071	6.0519	3.4253	14.0768	1.0	1.0	1.0
skygarden	Scene_Faos01	119	251.602	275.8699	222.6439	-0.7071	0.0	0.0	0.7071	3.7258	2.0005	2.149	1.0	1.0	1.0
skygarden	Scene_Faos01	120	253.0149	274.928	222.531	-0.6053	0.3654	0.3654	0.6053	1.4024	2.0005	0.3804	1.0	1.0	1.0
skygarden	Scene_Faos01	121	252.4909	274.928	223.1923	-0.6595	0.2548	0.2548	0.6595	1.1483	2.0005	0.3804	1.0	1.0	1.0
skygarden	Scene_Faos01	122	252.0039	274.928	223.4369	-0.703	0.0754	0.0754	0.703	1.1483	2.0005	0.3804	1.0	1.0	1.0
skygarden	Scene_Faos01	123	251.324	274.928	223.455	-0.7051	-0.0528	-0.0528	0.7051	1.1483	2.0005	0.3804	1.0	1.0	1.0
skygarden	Scene_Faos01	124	250.7369	274.928	223.1829	-0.6688	-0.2294	-0.2294	0.6688	1.1483	2.0005	0.3804	1.0	1.0	1.0
skygarden	Scene_Faos01	125	250.3139	274.928	222.7059	-0.5866	-0.3947	-0.3947	0.5866	1.1483	2.0005	0.3804	1.0	1.0	1.0
skygarden	Scene_Faos01	126	233.74	280.3587	298.5899	-0.7071	0.0	0.0	0.7071	9.4961	1.5842	14.0768	1.0	1.0	1.0
skygarden	Scene_Faos01	127	229.2599	296.3299	298.5899	-0.7071	0.0	0.0	0.7071	9.4961	1.5842	14.0768	1.0	1.0	1.0
skygarden	Scene_Faos01	128	233.74	280.3587	306.6099	-0.7071	0.0	0.0	0.7071	9.4961	1.5842	14.0768	1.0	1.0	1.0
skygarden	Scene_Faos01	129	229.2599	296.3299	306.6099	-0.7071	0.0	0.0	0.7071	9.4961	1.5842	14.0768	1.0	1.0	1.0
skygarden	Scene_Faos01	130	233.74	280.3587	314.22	-0.7071	0.0	0.0	0.7071	9.4961	1.5842	14.0768	1.0	1.0	1.0
skygarden	Scene_Faos01	131	229.6	296.3299	314.22	-0.7071	0.0	0.0	0.7071	9.4961	1.5842	14.0768	1.0	1.0	1.0
skygarden	Scene_Faos01	132	252.16	280.3587	319.5799	-0.7071	0.0	0.0	0.7071	12.1247	3.2522	14.0768	1.0	1.0	1.0
skygarden	Scene_Faos01	133	257.39	280.3599	321.0	-0.7067	0.0222	0.0222	0.7067	15.0261	3.2522	14.0768	1.0	1.0	1.0
skygarden	Scene_Faos01	134	251.8	280.3587	318.4299	-0.7071	0.0	0.0	0.7071	6.3307	3.2522	14.0768	1.0	1.0	1.0
skygarden	Scene_Faos01	135	251.55	276.14	317.14	-0.7071	0.0	0.0	0.7071	3.6106	3.2522	2.6275	1.0	1.0	1.0
skygarden	Scene_Faos01	136	251.598	274.92	316.7869	-0.7071	0.0	0.0	0.7071	3.4882	3.2522	0.4357	1.0	1.0	1.0
skygarden	Scene_Faos01	137	249.8439	274.92	316.6329	-0.5937	0.384	0.384	0.5937	1.7816	1.2478	0.4357	1.0	1.0	1.0
skygarden	Scene_Faos01	138	253.2839	274.92	316.44	-0.3539	0.6121	0.6121	0.3539	1.7816	1.2478	0.4357	1.0	1.0	1.0
skygarden	Scene_Faos01	139	251.598	274.92	315.3089	-0.7071	0.0	0.0	0.7071	2.7026	1.1509	0.4357	1.0	1.0	1.0
skygarden	Scene_Faos01	140	282.5163	281.3829	228.5545	-0.7071	0.0	0.0	0.7071	35.3385	0.6109	14.701	1.0	1.0	1.0
skygarden	Scene_Faos01	141	282.5163	281.38	310.9713	-0.7071	0.0	0.0	0.7071	35.3385	0.5227	14.7004	1.0	1.0	1.0
skygarden	Scene_Faos01	142	264.1835	281.38	311.1115	-0.7038	0.0678	0.0678	0.7038	1.7943	0.514	14.7004	1.0	1.0	1.0
skygarden	Scene_Faos01	143	262.614	281.38	311.7864	-0.6806	0.1915	0.1915	0.6806	1.7943	0.5627	14.7004	1.0	1.0	1.0
skygarden	Scene_Faos01	144	261.35	281.38	313.04	-0.6231	0.3341	0.3341	0.6231	1.7943	0.5616	14.7004	1.0	1.0	1.0
skygarden	Scene_Faos01	145	260.7538	281.38	314.5263	-0.5425	0.4534	0.4534	0.5425	1.7943	0.6215	14.7004	1.0	1.0	1.0
skygarden	Scene_Faos01	146	260.6193	281.38	317.6921	-0.4976	0.5023	0.5023	0.4976	4.6327	0.5188	14.7004	1.0	1.0	1.0
skygarden	Scene_Faos01	147	281.9523	287.79	225.1067	0.0	0.0	0.0	1.0	40.0102	1.0	6.4873	1.0	1.0	1.0
skygarden	Scene_Faos01	148	281.9523	287.7699	314.6422	0.0	0.0	0.0	1.0	40.0102	1.0	7.0828	1.0	1.0	1.0
skygarden	Scene_Faos01	149	280.3591	286.3999	281.1606	0.0	0.0	0.0	1.0	39.6533	1.0	10.1664	1.0	1.0	1.0
skygarden	Scene_Faos01	150	280.3591	286.35	257.6286	0.0	0.0	0.0	1.0	39.6533	1.0	9.3921	1.0	1.0	1.0
skygarden	Scene_Faos01	151	280.3591	286.587	253.632	0.0	0.0	0.0	1.0	39.6533	1.0	0.4675	1.0	1.0	1.0
skygarden	Scene_Faos01	152	280.3591	286.587	259.35	0.0	0.0	0.0	1.0	39.6533	1.0	0.4675	1.0	1.0	1.0
skygarden	Scene_Faos01	153	261.5299	281.3828	221.613	-0.4999	-0.5	-0.5	0.5	6.7066	1.0	14.7004	1.0	1.0	1.0
skygarden	Scene_Faos01	154	264.4491	281.3828	228.2879	-0.6919	-0.1458	-0.1458	0.6919	1.4859	0.6985	14.7004	1.0	1.0	1.0
skygarden	Scene_Faos01	155	263.2538	281.3828	227.5522	-0.6684	-0.2306	-0.2306	0.6684	1.4859	0.7656	14.7004	1.0	1.0	1.0
skygarden	Scene_Faos01	156	262.3537	281.3828	226.6172	-0.6326	-0.3159	-0.3159	0.6326	1.4859	0.8093	14.7004	1.0	1.0	1.0
skygarden	Scene_Faos01	157	261.6953	281.3828	225.4194	-0.5864	-0.395	-0.395	0.5864	1.4859	0.843	14.7004	1.0	1.0	1.0
skygarden	Scene_Faos01	158	262.8884	295.3999	328.51	-0.7071	0.0	0.0	0.7071	36.9556	1.0	13.555	1.0	1.0	1.0
skygarden	Scene_Faos01	159	303.7947	295.3999	324.5899	-0.7071	0.0	0.0	0.7071	36.9556	1.0	13.555	1.0	1.0	1.0
skygarden	Scene_Faos01	160	311.3815	295.3208	321.69	-0.7071	0.0	0.0	0.7071	21.782	1.0	13.3955	1.0	1.0	1.0
skygarden	Scene_Faos01	161	326.9324	295.3164	308.6694	-0.7071	0.0	0.0	0.7071	7.5756	8.9789	13.3955	1.0	1.0	1.0
skygarden	Scene_Faos01	162	320.7619	291.6494	309.337	-0.5	0.4999	0.5	0.5	0.9506	0.8397	4.4011	1.0	1.0	1.0
skygarden	Scene_Faos01	163	312.7579	291.6494	319.92	-0.5	0.4999	0.5	0.5	0.9506	0.8397	4.4011	1.0	1.0	1.0
skygarden	Scene_Faos01	164	286.3049	290.5939	313.9349	-0.5	0.4999	0.5	0.5	0.9506	0.8397	4.4011	1.0	1.0	1.0
skygarden	Scene_Faos01	165	273.174	290.5939	314.351	-0.5	0.4999	0.5	0.5	0.9506	0.8397	4.4011	1.0	1.0	1.0
skygarden	Scene_Faos01	166	321.1614	295.3164	319.5917	-0.6466	-0.2861	-0.2861	0.6466	7.5756	13.1843	13.3955	1.0	1.0	1.0
skygarden	Scene_Faos01	167	299.8497	295.3208	322.85	-0.6339	0.3131	0.3131	0.6339	3.4154	1.0	13.3955	1.0	1.0	1.0
skygarden	Scene_Faos01	168	297.784	295.3208	323.85	-0.7071	0.0	0.0	0.7071	5.8472	1.0	13.3955	1.0	1.0	1.0
skygarden	Scene_Faos01	169	274.2998	295.3208	327.639	-0.7071	0.0	0.0	0.7071	2.7239	1.0	13.3955	1.0	1.0	1.0
skygarden	Scene_Faos01	170	296.6099	295.3208	323.0899	-0.7071	0.0	0.0	0.7071	2.7239	1.0	13.3955	1.0	1.0	1.0
skygarden	Scene_Faos01	171	250.4889	295.3208	327.64	-0.7071	0.0	0.0	0.7071	2.7239	1.0	13.3955	1.0	1.0	1.0
skygarden	Scene_Faos01	172	283.42	295.3999	326.51	-0.6532	0.2705	0.2705	0.6532	7.1684	1.0	13.555	1.0	1.0	1.0
skygarden	Scene_Faos01	173	237.5256	295.3999	218.2342	-0.6532	0.2705	0.2705	0.6532	19.624	1.0	13.555	1.0	1.0	1.0
skygarden	Scene_Faos01	174	237.6399	295.3999	321.44	-0.279	0.6497	0.6497	0.279	21.1173	1.0	13.555	1.0	1.0	1.0
skygarden	Scene_Faos01	175	230.8	295.3999	238.8038	-0.5	0.4999	0.5	0.5	29.6526	1.0	13.555	1.0	1.0	1.0
skygarden	Scene_Faos01	176	240.24	281.4313	269.79	-0.5	0.4999	0.5	0.5	21.0848	1.0	15.5178	1.0	1.0	1.0
skygarden	Scene_Faos01	177	267.51	280.9122	257.3822	-0.5	0.4999	0.5	0.5	9.5367	2.4052	14.4796	1.0	1.0	1.0
skygarden	Scene_Faos01	178	268.2972	280.9122	281.2	-0.5	0.4999	0.5	0.5	9.5367	4.0744	14.4796	1.0	1.0	1.0
skygarden	Scene_Faos01	179	281.14	280.2185	286.4599	0.0	0.7071	0.7071	0.0	30.731	1.0	13.092	1.0	1.0	1.0
skygarden	Scene_Faos01	180	300.7099	282.29	289.63	0.0	0.7071	0.7071	0.0	10.3087	2.335	13.8175	1.0	1.0	1.0
skygarden	Scene_Faos01	181	300.7099	282.29	249.55	0.0	0.7071	0.7071	0.0	10.3087	2.335	13.8175	1.0	1.0	1.0
skygarden	Scene_Faos01	182	294.95	282.29	249.8699	0.1166	0.6974	0.6974	-0.1166	2.1081	2.335	13.8175	1.0	1.0	1.0
skygarden	Scene_Faos01	183	293.3955	282.29	250.6717	0.216	0.6732	0.6732	-0.216	2.1081	2.335	13.8175	1.0	1.0	1.0
skygarden	Scene_Faos01	184	292.3554	282.29	251.5415	0.2922	0.6438	0.6438	-0.2922	1.1615	2.335	13.8175	1.0	1.0	1.0
skygarden	Scene_Faos01	185	291.7488	282.29	252.3377	0.3351	0.6226	0.6226	-0.3351	1.1615	2.3351	13.8175	1.0	1.0	1.0
skygarden	Scene_Faos01	186	290.9848	282.29	254.106	0.4322	0.5596	0.5596	-0.4322	1.1615	2.335	13.8175	1.0	1.0	1.0
skygarden	Scene_Faos01	187	290.7992	282.29	255.0876	0.4695	0.5286	0.5286	-0.4695	1.1615	2.335	13.8175	1.0	1.0	1.0
skygarden	Scene_Faos01	188	290.9137	282.29	256.9939	0.5525	0.4412	0.4412	-0.5525	1.1615	2.335	13.8175	1.0	1.0	1.0
skygarden	Scene_Faos01	189	291.6607	282.29	258.7648	0.6177	0.344	0.344	-0.6177	1.1615	2.335	13.8175	1.0	1.0	1.0
skygarden	Scene_Faos01	190	290.7741	282.29	256.0303	0.5159	0.4834	0.4834	-0.5159	1.1615	2.335	13.8175	1.0	1.0	1.0
skygarden	Scene_Faos01	191	291.2055	282.29	257.8908	0.5905	0.3888	0.3888	-0.5905	1.1615	2.335	13.8175	1.0	1.0	1.0
skygarden	Scene_Faos01	192	292.5411	282.29	259.8617	0.6466	0.2861	0.2861	-0.6466	2.0914	2.335	13.8175	1.0	1.0	1.0
skygarden	Scene_Faos01	193	291.3034	282.29	253.1692	0.3906	0.5894	0.5894	-0.3906	1.1615	2.335	13.8175	1.0	1.0	1.0
skygarden	Scene_Faos01	194	295.1061	282.29	289.4559	-0.0975	0.7003	0.7003	0.0975	1.5981	2.335	13.8175	1.0	1.0	1.0
skygarden	Scene_Faos01	195	293.9169	282.29	288.9494	-0.1846	0.6825	0.6825	0.1846	1.5981	2.3351	13.8175	1.0	1.0	1.0
skygarden	Scene_Faos01	196	292.794	282.29	288.1485	-0.2459	0.6629	0.6629	0.2459	1.5981	2.335	13.8175	1.0	1.0	1.0
skygarden	Scene_Faos01	197	291.9411	282.29	287.1943	-0.3303	0.6251	0.6251	0.3303	1.5981	2.335	13.8175	1.0	1.0	1.0
skygarden	Scene_Faos01	198	291.2999	282.29	286.0073	-0.393	0.5878	0.5878	0.393	1.5981	2.335	13.8175	1.0	1.0	1.0
skygarden	Scene_Faos01	199	290.8905	282.29	284.6895	-0.4446	0.5497	0.5497	0.4446	1.5981	2.335	13.8175	1.0	1.0	1.0
skygarden	Scene_Faos01	200	290.7887	282.29	283.4139	-0.5126	0.487	0.487	0.5126	1.5981	2.335	13.8175	1.0	1.0	1.0
skygarden	Scene_Faos01	201	290.9985	282.29	282.0871	-0.5611	0.4302	0.4302	0.5611	1.5981	2.335	13.8175	1.0	1.0	1.0
skygarden	Scene_Faos01	202	291.4891	282.29	280.9053	-0.6124	0.3533	0.3533	0.6124	1.5981	2.335	13.8175	1.0	1.0	1.0
skygarden	Scene_Faos01	203	292.4294	282.29	279.5372	-0.6471	0.285	0.285	0.6471	2.1209	2.335	13.8175	1.0	1.0	1.0
skygarden	Scene_Faos01	204	281.14	279.1199	252.88	0.0	0.7071	0.7071	0.0	30.731	1.0	13.5009	1.0	1.0	1.0
skygarden	Scene_Faos01	205	268.8609	280.9122	268.7832	-0.5	0.4999	0.5	0.5	17.4899	1.0	14.4796	1.0	1.0	1.0
skygarden	Scene_Faos01	206	268.66	281.2596	269.6329	-0.5	0.4999	0.5	0.5	2.2752	1.9695	12.8186	1.0	1.0	1.0
skygarden	Scene_Faos01	207	239.2512	281.4313	260.0509	-0.5	0.4999	0.5	0.5	3.5211	4.4546	15.5178	1.0	1.0	1.0
skygarden	Scene_Faos01	208	239.25	281.4313	279.16	-0.5	0.4999	0.5	0.5	3.5211	4.4546	15.5178	1.0	1.0	1.0
skygarden	Scene_Faos01	209	234.7055	281.4313	258.7999	-0.5	0.4999	0.5	0.5	3.5211	7.4036	15.5178	1.0	1.0	1.0
skygarden	Scene_Faos01	210	234.71	281.4313	280.42	-0.5	0.4999	0.5	0.5	3.5211	7.4036	15.5178	1.0	1.0	1.0
skygarden	Scene_Faos01	211	234.9216	299.5599	253.0399	0.0	0.7071	0.7071	0.0	21.4092	1.0	13.555	1.0	1.0	1.0
skygarden	Scene_Faos01	212	243.3038	302.1559	262.1199	0.0	0.7071	0.7071	0.0	2.3164	2.3013	18.7466	1.0	1.0	1.0
skygarden	Scene_Faos01	213	243.7478	292.479	261.959	0.0	0.7071	0.7071	0.0	4.4944	3.7039	0.4576	1.0	1.0	1.0
skygarden	Scene_Faos01	214	234.1846	292.479	261.9599	0.0	0.7071	0.7071	0.0	10.5849	3.7039	0.4576	1.0	1.0	1.0
skygarden	Scene_Faos01	215	241.5099	292.479	277.0499	0.0	0.7071	0.7071	0.0	10.5849	3.7039	0.4576	1.0	1.0	1.0
skygarden	Scene_Faos01	216	229.3899	292.479	277.0499	0.0	0.7071	0.7071	0.0	6.2875	3.7039	0.4576	1.0	1.0	1.0
skygarden	Scene_Faos01	217	233.8625	302.1559	262.1199	0.0	0.7071	0.7071	0.0	8.9914	2.3013	18.7466	1.0	1.0	1.0
skygarden	Scene_Faos01	218	235.9199	304.3999	262.1199	0.0	0.7071	0.7071	0.0	8.9914	2.3013	18.7466	1.0	1.0	1.0
skygarden	Scene_Faos01	219	238.2077	294.3904	262.1199	0.2705	0.6532	0.6532	0.2705	2.2226	2.3013	4.0222	1.0	1.0	1.0
skygarden	Scene_Faos01	220	241.2371	302.1559	277.01	0.0	0.7071	0.7071	0.0	6.391	2.3013	18.7466	1.0	1.0	1.0
skygarden	Scene_Faos01	221	230.3309	302.1559	277.01	0.0	0.7071	0.7071	0.0	1.9689	2.3013	18.7466	1.0	1.0	1.0
skygarden	Scene_Faos01	222	223.731	299.3421	265.1489	0.0	0.7071	0.7071	0.0	1.9689	2.3013	13.416	1.0	1.0	1.0
skygarden	Scene_Faos01	223	223.731	298.6466	274.049	0.0	0.7071	0.7071	0.0	1.9689	2.3013	12.0251	1.0	1.0	1.0
skygarden	Scene_Faos01	224	223.6909	298.1747	269.6159	0.0	0.7071	0.7071	0.0	0.5419	1.2894	11.1819	1.0	1.0	1.0
skygarden	Scene_Faos01	225	223.13	299.5599	269.7076	0.4999	0.5	0.5	-0.4999	11.6487	1.0	13.555	1.0	1.0	1.0
skygarden	Scene_Faos01	226	220.11	299.5599	259.0231	0.4999	0.5	0.5	-0.4999	3.6069	1.0	13.555	1.0	1.0	1.0
skygarden	Scene_Faos01	227	220.11	299.5599	279.9599	0.4999	0.5	0.5	-0.4999	3.6069	1.0	13.555	1.0	1.0	1.0
skygarden	Scene_Faos01	228	222.2512	299.5599	283.9012	0.6532	0.2705	0.2705	-0.6532	6.1556	1.0	13.555	1.0	1.0	1.0
skygarden	Scene_Faos01	229	234.9333	299.5599	286.14	0.7071	0.0	0.0	-0.7071	21.563	1.0	13.555	1.0	1.0	1.0
skygarden	Scene_Faos01	230	231.4499	297.63	288.6199	0.7071	0.0	0.0	-0.7071	18.2459	1.0	13.555	1.0	1.0	1.0
skygarden	Scene_Faos01	231	231.4499	297.63	250.6199	0.7071	0.0	0.0	-0.7071	18.2459	1.0	13.555	1.0	1.0	1.0
skygarden	Scene_Faos01	232	241.354	297.63	251.6307	0.6519	0.2737	0.2737	-0.6519	3.2513	1.0	13.555	1.0	1.0	1.0
skygarden	Scene_Faos01	233	221.5505	299.5599	276.8194	0.2705	0.6532	0.6532	-0.2705	4.7304	1.0	13.555	1.0	1.0	1.0
skygarden	Scene_Faos01	234	221.5863	299.5599	262.5884	0.6532	0.2705	0.2705	-0.6532	4.8867	1.0	13.555	1.0	1.0	1.0
skygarden	Scene_Faos01	235	222.4295	299.5599	255.1705	0.2705	0.6532	0.6532	-0.2705	7.9229	1.0	13.555	1.0	1.0	1.0
skygarden	Scene_Faos01	236	230.8	295.3999	300.7087	-0.5	0.4999	0.5	0.5	30.237	1.0	13.555	1.0	1.0	1.0
skygarden	Scene_Faos01	237	276.1625	289.7358	317.72	0.7071	0.0	0.0	0.7071	34.7091	0.3941	0.9713	1.0	1.0	1.0
skygarden	Scene_Faos01	238	298.1408	289.7358	313.0031	0.6532	0.2705	-0.2705	0.6532	12.9733	0.3941	0.9713	1.0	1.0	1.0
skygarden	Scene_Faos01	239	276.1625	289.7358	221.5559	0.7071	0.0	0.0	0.7071	34.7091	0.3941	0.9713	1.0	1.0	1.0
skygarden	Scene_Faos01	240	254.8728	289.7358	225.5372	0.6532	0.2705	-0.2705	0.6532	11.541	0.3941	0.9713	1.0	1.0	1.0
skygarden	Scene_Faos01	241	250.91	289.7358	236.4747	0.5	0.4999	-0.4999	0.5	14.1505	0.3941	0.9713	1.0	1.0	1.0
skygarden	Scene_Faos01	242	239.0317	290.0838	250.4347	0.0	0.7071	-0.7071	0.0	16.1872	6.3433	1.6673	1.0	1.0	1.0
skygarden	Scene_Faos01	243	239.0299	290.0838	288.8099	0.0	0.7071	-0.7071	0.0	16.1872	6.3433	1.6673	1.0	1.0	1.0
skygarden	Scene_Faos01	244	235.598	297.63	269.5769	0.0	0.7071	-0.7071	0.0	1.9673	1.8787	10.0927	1.0	1.0	1.0
skygarden	Scene_Faos01	245	241.6589	297.8381	287.4241	-0.2697	0.6536	-0.6536	-0.2697	3.7732	0.7464	17.0387	1.0	1.0	1.0
skygarden	Scene_Faos01	246	248.9391	290.0838	286.6315	-0.2249	0.6703	-0.6703	-0.2249	9.3508	6.3433	1.6673	1.0	1.0	1.0
skygarden	Scene_Faos01	247	285.4415	289.7358	261.41	0.7071	0.0	0.0	0.7071	15.4738	0.3941	0.9713	1.0	1.0	1.0
skygarden	Scene_Faos01	248	285.4791	289.7358	277.6109	0.7071	0.0	0.0	0.7071	15.5499	0.3941	0.9713	1.0	1.0	1.0
skygarden	Scene_Faos01	249	254.8952	289.7358	313.7255	0.6532	-0.2705	0.2705	0.6532	11.4612	0.3941	0.9713	1.0	1.0	1.0
skygarden	Scene_Faos01	250	250.9006	289.7358	305.6231	0.5	-0.4999	0.4999	0.5	8.3795	0.3941	0.9713	1.0	1.0	1.0
skygarden	Scene_Faos01	251	250.9006	289.8635	298.561	0.5	-0.4999	0.4999	0.5	5.7349	0.3941	1.2145	1.0	1.0	1.0
skygarden	Scene_Faos01	252	324.3797	287.802	237.0735	0.0	-0.7071	0.0	0.7071	5.4703	3.6168	0.586	1.0	1.0	1.0
skygarden	Scene_Faos01	253	323.1596	287.802	234.608	0.0	0.0	0.0	1.0	3.03	3.6168	0.586	1.0	1.0	1.0
skygarden	Scene_Faos01	254	331.5542	287.802	234.608	0.0	0.0	0.0	1.0	5.1304	3.6168	0.586	1.0	1.0	1.0
skygarden	Scene_Faos01	255	329.278	287.802	237.3554	0.0	0.7071	0.0	0.7071	5.0213	3.6168	0.586	1.0	1.0	1.0
skygarden	Scene_Faos01	256	333.7289	292.015	232.934	0.0	0.7071	0.0	0.7071	5.4865	12.0429	0.6904	1.0	1.0	1.0
skygarden	Scene_Faos01	257	333.682	292.015	219.4315	0.0	0.7071	0.0	0.7071	13.6081	12.0429	0.586	1.0	1.0	1.0
skygarden	Scene_Faos01	258	326.808	288.1629	237.1656	-0.1182	-0.6971	0.1182	0.6971	5.8642	0.3517	4.899	1.0	1.0	1.0
skygarden	Scene_Faos01	259	332.94	290.66	269.3599	0.0	-0.7071	0.0	0.7071	18.1556	11.4887	5.8222	1.0	1.0	1.0
skygarden	Scene_Faos01	260	331.14	290.66	269.04	0.0	-0.926	0.0	0.3774	11.1294	11.4887	10.1917	1.0	1.0	1.0
skygarden	Scene_Faos01	261	330.1647	286.4133	217.3397	0.0	-0.7071	0.0	0.7071	4.1878	7.3553	8.2512	1.0	1.0	1.0
skygarden	Scene_Faos01	262	323.4711	286.427	218.9712	0.0	-0.3826	0.0	0.9238	4.7876	7.3826	8.2512	1.0	1.0	1.0
skygarden	Scene_Faos01	263	320.7453	286.4039	225.003	0.0	0.0	0.0	1.0	3.2366	7.3368	19.8504	1.0	1.0	1.0
skygarden	Scene_Faos01	264	314.0539	292.6199	216.1909	0.0	0.0	0.0	1.0	1.2538	7.3368	1.1591	1.0	1.0	1.0
skygarden	Scene_Faos01	265	328.4909	292.6199	217.85	0.0	0.0	0.0	1.0	1.2538	7.3368	1.1591	1.0	1.0	1.0
skygarden	Scene_Faos01	266	320.75	292.6199	224.988	0.0	0.0	0.0	1.0	0.8602	7.3368	1.0016	1.0	1.0	1.0
skygarden	Scene_Faos01	267	320.75	292.6199	230.5059	0.0	0.0	0.0	1.0	0.8602	7.3368	1.0016	1.0	1.0	1.0
skygarden	Scene_Faos01	268	343.4047	298.1763	269.6199	0.0	-0.7071	0.0	0.7071	18.6586	18.7988	20.978	1.0	1.0	1.0
skygarden	Scene_Faos01	269	360.8027	302.79	247.0299	0.0	-0.7071	0.0	0.7071	4.6271	18.7988	11.3085	1.0	1.0	1.0
skygarden	Scene_Faos01	270	360.8027	302.79	292.3099	0.0	-0.7071	0.0	0.7071	4.6271	18.7988	11.3085	1.0	1.0	1.0
skygarden	Scene_Faos01	271	360.6588	302.79	247.7799	0.0	-0.7071	0.0	0.7071	4.6271	18.7988	5.9131	1.0	1.0	1.0
skygarden	Scene_Faos01	272	360.7619	297.0079	248.9019	0.0	-0.7071	0.0	0.7071	3.7273	3.2416	2.9462	1.0	1.0	1.0
skygarden	Scene_Faos01	273	360.7619	297.0079	289.789	0.0	-0.7071	0.0	0.7071	3.7273	3.2416	2.9462	1.0	1.0	1.0
skygarden	Scene_Faos01	274	360.6588	302.79	291.25	0.0	-0.7071	0.0	0.7071	4.6271	18.7988	5.9131	1.0	1.0	1.0
skygarden	Scene_Faos01	275	360.79	302.1372	293.13	0.0	-0.7071	0.0	0.7071	5.1357	17.3325	5.8207	1.0	1.0	1.0
skygarden	Scene_Faos01	276	360.79	302.1372	245.8	0.0	-0.7071	0.0	0.7071	5.1357	17.3325	5.8207	1.0	1.0	1.0
skygarden	Scene_Faos01	277	348.9426	307.4995	299.6099	0.0	-0.7071	0.0	0.7071	13.9155	37.4443	38.5977	1.0	1.0	1.0
skygarden	Scene_Faos01	278	359.2999	307.4995	297.2399	0.0	-0.7071	0.0	0.7071	13.9155	37.4443	20.2816	1.0	1.0	1.0
skygarden	Scene_Faos01	279	359.3897	307.4995	241.57	0.0	-0.7071	0.0	0.7071	13.9155	37.4443	20.2816	1.0	1.0	1.0
skygarden	Scene_Faos01	280	355.0299	291.4383	292.14	0.0	-0.7071	0.0	0.7071	4.8398	5.3212	32.2203	1.0	1.0	1.0
skygarden	Scene_Faos01	281	355.0299	291.4383	246.9499	0.0	-0.7071	0.0	0.7071	4.8398	5.3212	32.2203	1.0	1.0	1.0
skygarden	Scene_Faos01	282	336.0	289.5508	246.9499	0.1686	-0.6866	0.1686	0.6866	4.8398	5.3212	9.3376	1.0	1.0	1.0
skygarden	Scene_Faos01	283	336.0	289.5508	292.1099	0.1686	-0.6866	0.1686	0.6866	4.8398	5.3212	9.3376	1.0	1.0	1.0
skygarden	Scene_Faos01	284	348.9426	307.4995	240.7279	0.0	-0.7071	0.0	0.7071	11.6503	37.4443	38.5977	1.0	1.0	1.0
skygarden	Scene_Faos01	285	374.66	307.4995	293.4299	0.0	-0.7071	0.0	0.7071	13.9155	37.4443	12.2052	1.0	1.0	1.0
skygarden	Scene_Faos01	286	380.2	307.4995	280.7522	0.0	-0.7071	0.0	0.7071	16.143	37.4443	12.2052	1.0	1.0	1.0
skygarden	Scene_Faos01	287	375.51	307.4995	279.1499	0.0	-0.7071	0.0	0.7071	1.0654	37.4443	5.9215	1.0	1.0	1.0
skygarden	Scene_Faos01	288	375.51	307.4995	264.3099	0.0	-0.7071	0.0	0.7071	1.0654	37.4443	5.9215	1.0	1.0	1.0
skygarden	Scene_Faos01	289	375.51	307.4995	274.8999	0.0	-0.7071	0.0	0.7071	1.0654	37.4443	5.9215	1.0	1.0	1.0
skygarden	Scene_Faos01	290	375.51	307.4995	260.0599	0.0	-0.7071	0.0	0.7071	1.0654	37.4443	5.9215	1.0	1.0	1.0
skygarden	Scene_Faos01	291	380.2	307.4995	258.2287	0.0	-0.7071	0.0	0.7071	15.7837	37.4443	12.2052	1.0	1.0	1.0
skygarden	Scene_Faos01	292	415.6499	299.367	269.2999	0.0	-0.7071	0.0	0.7071	13.926	21.1784	12.2052	1.0	1.0	1.0
skygarden	Scene_Faos01	293	393.2739	307.4995	274.7699	0.0	-0.7071	0.0	0.7071	4.7593	37.4443	33.2532	1.0	1.0	1.0
skygarden	Scene_Faos01	294	393.2203	307.4995	264.38	0.0	-0.7071	0.0	0.7071	4.7593	37.4443	33.1458	1.0	1.0	1.0
skygarden	Scene_Faos01	295	374.63	307.4995	245.7799	0.0	-0.7071	0.0	0.7071	13.9155	37.4443	12.2052	1.0	1.0	1.0
skygarden	Scene_Faos01	296	249.6959	290.552	269.7399	-0.0971	-0.7004	-0.0971	0.7004	8.1831	2.6533	8.0171	1.0	1.0	1.0
skygarden	Scene_Faos01	297	255.0908	290.5674	269.48	-0.1684	-0.6867	-0.1684	0.6867	3.5847	0.3362	1.3922	1.0	1.0	1.0
skygarden	Scene_Faos01	298	443.1499	311.91	269.3599	0.0	-0.7071	0.0	0.7071	62.441	40.006	19.1699	1.0	1.0	1.0
skygarden	Scene_Faos01	299	411.9664	311.91	297.69	0.0	-0.7071	0.0	0.7071	10.974	40.006	26.7171	1.0	1.0	1.0
skygarden	Scene_Faos01	300	398.2799	305.8399	312.7203	0.0	-0.7071	0.0	0.7071	36.7146	40.006	26.7171	1.0	1.0	1.0
skygarden	Scene_Faos01	301	398.2799	305.8399	226.63	0.0	-0.7071	0.0	0.7071	36.7146	40.006	26.7171	1.0	1.0	1.0
skygarden	Scene_Faos01	302	412.29	305.8399	228.8099	0.0	-0.7071	0.0	0.7071	36.7146	40.006	26.7171	1.0	1.0	1.0
skygarden	Scene_Faos01	303	435.41	305.8399	232.1399	0.0	-0.7071	0.0	0.7071	36.7146	40.006	26.7171	1.0	1.0	1.0
skygarden	Scene_Faos01	304	435.3099	311.91	295.47	0.0	-0.7071	0.0	0.7071	10.974	40.006	26.7171	1.0	1.0	1.0
skygarden	Scene_Faos01	305	346.9299	288.85	273.4338	0.0	-0.7071	0.0	0.7071	57.8727	4.366	15.8799	1.0	1.0	1.0
skygarden	Scene_Faos01	306	395.0899	290.5299	268.0664	0.0	-0.7071	0.0	0.7071	53.6459	1.1026	6.8441	1.0	1.0	1.0
skygarden	Scene_Faos01	307	298.4494	289.6524	226.5395	-0.6532	-0.2705	-0.2705	0.6532	13.7252	0.3133	1.0415	1.0	1.0	1.0
skygarden	Scene_Faos01	308	358.0003	288.72	313.1203	0.0	0.3826	0.0	0.9238	17.0747	1.0	12.1249	1.0	1.0	1.0
skygarden	Scene_Faos01	309	238.9362	291.3764	247.5789	0.0	0.7071	0.7071	0.0	15.7592	0.2388	0.8147	1.0	1.0	1.0
skygarden	Scene_Faos01	310	245.908	292.794	252.6309	0.0	0.7071	0.7071	0.0	6.6307	0.3131	0.8147	1.0	1.0	1.0
skygarden	Scene_Faos01	311	245.908	292.794	286.639	0.0	0.7071	0.7071	0.0	6.6307	0.3131	0.8147	1.0	1.0	1.0
skygarden	Scene_Faos01	312	251.4521	292.794	284.4389	0.2649	0.6555	0.6555	-0.2649	6.4809	0.3131	0.8147	1.0	1.0	1.0
skygarden	Scene_Faos01	313	253.727	292.794	261.3844	0.4999	0.5	0.5	-0.4999	8.7544	0.3131	0.8147	1.0	1.0	1.0
skygarden	Scene_Faos01	314	253.7467	292.794	278.0271	0.4999	0.5	0.5	-0.4999	8.5276	0.3131	0.8147	1.0	1.0	1.0
skygarden	Scene_Faos01	315	252.8397	292.794	265.657	0.0	0.7071	0.7071	0.0	2.127	0.3131	0.8147	1.0	1.0	1.0
skygarden	Scene_Faos01	316	252.8397	292.794	273.6069	0.0	0.7071	0.7071	0.0	2.127	0.3131	0.8147	1.0	1.0	1.0
skygarden	Scene_Faos01	317	249.7317	292.794	266.502	0.0	0.7071	0.7071	0.0	3.9713	0.3131	0.8147	1.0	1.0	1.0
skygarden	Scene_Faos01	318	249.7317	292.794	272.729	0.0	0.7071	0.7071	0.0	3.9713	0.3131	0.8147	1.0	1.0	1.0
skygarden	Scene_Faos01	319	251.8829	292.794	266.0869	0.4999	0.5	0.5	-0.4999	1.1594	0.3131	0.8147	1.0	1.0	1.0
skygarden	Scene_Faos01	320	251.874	292.794	273.1521	0.4999	0.5	0.5	-0.4999	1.1594	0.3131	0.8147	1.0	1.0	1.0
skygarden	Scene_Faos01	321	251.4443	292.794	254.8531	-0.266	0.6551	0.6551	0.266	6.5012	0.3131	0.8147	1.0	1.0	1.0
skygarden	Scene_Faos01	322	250.6203	291.3764	250.3305	-0.2243	0.6705	0.6705	0.2243	8.7832	0.261	0.8147	1.0	1.0	1.0
skygarden	Scene_Faos01	327	290.8077	112.08	194.8905	0.0	0.0	0.0	1.0	29.3122	1.9853	41.5477	1.0	1.0	1.0
skygarden	Scene_Faos01	328	292.4401	126.509	155.8258	0.0	0.0	0.0	1.0	5.3082	0.3182	5.6473	1.0	1.0	1.0
skygarden	Scene_Faos01	329	295.8552	126.0522	155.8258	0.0	0.0	-0.2588	0.9659	1.912	0.3182	4.7105	1.0	1.0	1.0
skygarden	Scene_Faos01	330	277.1655	113.79	178.57	0.0	-0.7071	0.0	0.7071	3.8116	0.5639	13.2711	1.0	1.0	1.0
skygarden	Scene_Faos01	331	277.1655	113.5985	176.414	-0.183	-0.683	0.183	0.683	0.9174	0.5639	13.2711	1.0	1.0	1.0
skygarden	Scene_Faos01	332	305.678	112.48	192.4515	0.0	0.0	0.0	1.0	4.6855	1.9853	12.1004	1.0	1.0	1.0
skygarden	Scene_Faos01	333	305.4515	112.5991	186.897	0.0	0.0	0.0	1.0	4.6855	1.9853	1.0261	1.0	1.0	1.0
skygarden	Scene_Faos01	334	305.4515	112.5991	198.11	0.0	0.0	0.0	1.0	4.6855	1.9853	1.0261	1.0	1.0	1.0
skygarden	Scene_Faos01	335	305.4515	112.5991	200.457	0.0	0.0	0.0	1.0	4.6855	1.9853	1.0261	1.0	1.0	1.0
skygarden	Scene_Faos01	336	305.4515	112.5991	211.9299	0.0	0.0	0.0	1.0	4.6855	1.9853	0.9333	1.0	1.0	1.0
skygarden	Scene_Faos01	337	305.6705	112.48	206.25	0.0	0.0	0.0	1.0	4.6855	1.9853	12.2747	1.0	1.0	1.0
skygarden	Scene_Faos01	338	303.2214	112.2608	192.4515	0.0	0.0	0.2588	0.9659	1.4089	1.9853	12.1004	1.0	1.0	1.0
skygarden	Scene_Faos01	339	303.3116	112.5627	186.897	0.0	0.0	0.2588	0.9659	0.6777	1.9853	1.0261	1.0	1.0	1.0
skygarden	Scene_Faos01	340	303.3116	112.5627	198.11	0.0	0.0	0.2588	0.9659	0.6777	1.9853	1.0261	1.0	1.0	1.0
skygarden	Scene_Faos01	341	303.3116	112.5627	200.457	0.0	0.0	0.2588	0.9659	0.6777	1.9853	1.0261	1.0	1.0	1.0
skygarden	Scene_Faos01	342	303.3116	112.5627	211.9299	0.0	0.0	0.2588	0.9659	0.6777	1.9853	0.9333	1.0	1.0	1.0
skygarden	Scene_Faos01	343	302.8147	112.9141	186.897	0.0	0.0	0.7071	0.7071	0.6777	0.586	1.0261	1.0	1.0	1.0
skygarden	Scene_Faos01	344	302.8147	112.9141	198.11	0.0	0.0	0.7071	0.7071	0.6777	0.586	1.0261	1.0	1.0	1.0
skygarden	Scene_Faos01	345	302.8147	112.9141	200.457	0.0	0.0	0.7071	0.7071	0.6777	0.586	1.0261	1.0	1.0	1.0
skygarden	Scene_Faos01	346	302.8147	112.9141	211.9299	0.0	0.0	0.7071	0.7071	0.6777	0.586	0.9333	1.0	1.0	1.0
skygarden	Scene_Faos01	347	303.2139	112.2608	206.25	0.0	0.0	0.2588	0.9659	1.4089	1.9853	12.2747	1.0	1.0	1.0
skygarden	Scene_Faos01	348	262.1217	112.9169	205.8	0.0	0.0	0.0	1.0	27.2818	2.3714	37.2831	1.0	1.0	1.0
skygarden	Scene_Faos01	349	275.6954	112.9272	197.9924	0.0	-0.2588	0.0	0.9659	3.4972	2.3714	4.8708	1.0	1.0	1.0
skygarden	Scene_Faos01	350	276.0745	112.929	218.1681	0.0	0.2588	0.0	0.9659	5.4715	2.3714	8.2911	1.0	1.0	1.0
skygarden	Scene_Faos01	351	277.7791	112.9272	198.75	0.0	0.0	0.0	1.0	3.7452	2.3714	4.8708	1.0	1.0	1.0
skygarden	Scene_Faos01	352	277.7799	112.9306	215.4199	0.0	0.0	0.0	1.0	3.7452	2.3714	4.8708	1.0	1.0	1.0
skygarden	Scene_Faos01	353	277.7838	112.9311	207.0106	0.0	0.0	0.0	1.0	3.6828	2.3714	12.1707	1.0	1.0	1.0
skygarden	Scene_Faos01	354	277.8616	112.9339	207.1726	0.0	0.0	0.0	1.0	4.3035	2.3714	6.0188	1.0	1.0	1.0
skygarden	Scene_Faos01	355	280.2157	112.93	204.337	0.0	0.0	0.0	1.0	0.4554	2.3714	0.3341	1.0	1.0	1.0
skygarden	Scene_Faos01	356	280.2157	112.93	210.001	0.0	0.0	0.0	1.0	0.4554	2.3714	0.3303	1.0	1.0	1.0
skygarden	Scene_Faos01	357	275.8559	114.0559	207.1775	0.0	0.0	0.0	1.0	0.3061	0.2238	12.8712	1.0	1.0	1.0
skygarden	Scene_Faos01	358	270.3591	114.0559	216.6983	0.0	-0.4999	0.0	0.866	0.3061	0.2238	12.8712	1.0	1.0	1.0
skygarden	Scene_Faos01	359	259.3652	114.0559	216.6983	0.0	-0.866	0.0	0.5	0.3061	0.2238	12.8712	1.0	1.0	1.0
skygarden	Scene_Faos01	360	253.8683	114.0559	207.1775	0.0	-1.0	0.0	0.0	0.3061	0.2238	12.8712	1.0	1.0	1.0
skygarden	Scene_Faos01	361	270.3591	114.0559	197.6566	0.0	0.4999	0.0	0.866	0.3061	0.2238	12.8712	1.0	1.0	1.0
skygarden	Scene_Faos01	362	259.3652	114.0559	197.6566	0.0	0.866	0.0	0.5	0.3061	0.2238	12.8712	1.0	1.0	1.0
skygarden	Scene_Faos01	363	295.7013	113.4949	157.0133	0.0	-0.7071	0.0	0.7071	38.6663	2.3714	19.6757	1.0	1.0	1.0
skygarden	Scene_Faos01	364	284.859	113.5127	161.9689	0.0	-0.7071	0.0	0.7071	6.5451	2.3714	2.1111	1.0	1.0	1.0
skygarden	Scene_Faos01	365	285.7073	114.2264	171.9427	0.0	-0.7071	0.0	0.7071	7.7081	0.944	0.4522	1.0	1.0	1.0
skygarden	Scene_Faos01	366	285.3692	114.2264	175.311	0.0	-0.7071	0.0	0.7071	0.7553	0.944	0.4522	1.0	1.0	1.0
skygarden	Scene_Faos01	367	285.3692	114.2264	168.5995	0.0	-0.7071	0.0	0.7071	0.8095	0.944	0.4522	1.0	1.0	1.0
skygarden	Scene_Faos01	368	285.2926	114.2264	169.147	0.0	-0.7071	0.0	0.7071	0.2996	0.944	0.4522	1.0	1.0	1.0
skygarden	Scene_Faos01	369	300.7439	114.2264	176.888	0.0	0.0	0.0	1.0	0.2996	0.944	0.4522	1.0	1.0	1.0
skygarden	Scene_Faos01	370	295.105	114.2264	176.8876	0.0	0.0	0.0	1.0	0.2996	0.944	0.4522	1.0	1.0	1.0
skygarden	Scene_Faos01	371	285.2926	114.2264	174.7839	0.0	-0.7071	0.0	0.7071	0.2996	0.944	0.4522	1.0	1.0	1.0
skygarden	Scene_Faos01	372	284.3949	113.5232	171.9427	0.183	-0.683	0.183	0.683	7.7081	0.944	3.0658	1.0	1.0	1.0
skygarden	Scene_Faos01	373	284.4956	113.7764	175.311	0.183	-0.683	0.183	0.683	0.7553	0.944	2.0525	1.0	1.0	1.0
skygarden	Scene_Faos01	374	284.4956	113.7764	168.5995	0.183	-0.683	0.183	0.683	0.8095	0.944	2.0525	1.0	1.0	1.0
skygarden	Scene_Faos01	375	284.419	113.7764	169.147	0.183	-0.683	0.183	0.683	0.2996	0.944	2.0525	1.0	1.0	1.0
skygarden	Scene_Faos01	376	300.7439	113.4683	178.2953	0.2588	0.0	0.0	0.9659	0.2996	0.944	3.2849	1.0	1.0	1.0
skygarden	Scene_Faos01	377	295.105	113.4683	178.2949	0.2588	0.0	0.0	0.9659	0.2996	0.944	3.2849	1.0	1.0	1.0
skygarden	Scene_Faos01	378	284.419	113.7764	174.7839	0.183	-0.683	0.183	0.683	0.2996	0.944	2.0525	1.0	1.0	1.0
skygarden	Scene_Faos01	379	282.116	113.4949	145.2731	0.0	-1.0	0.0	0.0	28.6558	2.3714	19.0667	1.0	1.0	1.0
skygarden	Scene_Faos01	380	271.2914	116.6231	160.1495	0.0	-0.9659	0.2588	0.0	7.1237	2.3714	12.0402	1.0	1.0	1.0
skygarden	Scene_Faos01	381	289.7673	122.1855	162.1199	0.183	-0.683	0.183	0.683	5.8562	2.3714	10.3658	1.0	1.0	1.0
skygarden	Scene_Faos01	382	275.4717	120.3851	170.8475	0.0	-1.0	0.0	0.0	21.6231	0.5506	12.1636	1.0	1.0	1.0
skygarden	Scene_Faos01	383	281.7528	120.3851	166.5901	0.0	-0.7071	0.0	-0.7071	16.4227	0.5506	8.8031	1.0	1.0	1.0
skygarden	Scene_Faos01	384	319.0327	125.5174	171.6708	0.0	-0.7071	0.0	-0.7071	40.9408	0.5506	50.7433	1.0	1.0	1.0
skygarden	Scene_Faos01	385	325.2861	125.5174	142.0171	0.0	-0.7071	0.0	-0.7071	19.4252	0.5506	45.4781	1.0	1.0	1.0
skygarden	Scene_Faos01	386	345.894	126.6205	150.2861	0.0	0.0	0.0	1.0	10.5117	0.5506	7.2433	1.0	1.0	1.0
skygarden	Scene_Faos01	387	345.8919	126.6205	173.7967	0.0	0.0	0.0	1.0	10.5149	0.5506	7.4137	1.0	1.0	1.0
skygarden	Scene_Faos01	388	342.312	127.0899	177.5321	0.0	0.0	0.0	1.0	4.3561	1.0911	1.2422	1.0	1.0	1.0
skygarden	Scene_Faos01	389	342.312	127.0899	146.591	0.0	0.0	0.0	1.0	4.3561	1.0911	1.2422	1.0	1.0	1.0
skygarden	Scene_Faos01	390	341.2123	127.0899	153.475	0.0	0.0	0.0	1.0	2.1567	1.0911	1.2422	1.0	1.0	1.0
skygarden	Scene_Faos01	391	341.2123	127.0899	170.6529	0.0	0.0	0.0	1.0	2.1567	1.0911	1.2422	1.0	1.0	1.0
skygarden	Scene_Faos01	392	342.3782	126.8518	153.475	0.0	0.0	-0.3407	0.9401	1.1385	1.0911	1.2422	1.0	1.0	1.0
skygarden	Scene_Faos01	393	342.3782	126.8518	170.6529	0.0	0.0	-0.3407	0.9401	1.1385	1.0911	1.2422	1.0	1.0	1.0
skygarden	Scene_Faos01	394	339.2497	126.4632	177.5321	0.0	0.0	0.2686	0.9632	2.7264	1.0911	1.2422	1.0	1.0	1.0
skygarden	Scene_Faos01	395	339.2497	126.4632	146.591	0.0	0.0	0.2686	0.9632	2.7264	1.0911	1.2422	1.0	1.0	1.0
skygarden	Scene_Faos01	396	339.0054	126.3154	153.475	0.0	0.0	0.2686	0.9632	3.2976	1.0911	1.2422	1.0	1.0	1.0
skygarden	Scene_Faos01	397	339.0054	126.3154	170.6529	0.0	0.0	0.2686	0.9632	3.2976	1.0911	1.2422	1.0	1.0	1.0
skygarden	Scene_Faos01	398	338.0151	126.005	177.5321	0.0	0.0	0.0	1.0	0.4286	0.439	1.2422	1.0	1.0	1.0
skygarden	Scene_Faos01	399	338.0151	126.005	146.591	0.0	0.0	0.0	1.0	0.4286	0.439	1.2422	1.0	1.0	1.0
skygarden	Scene_Faos01	400	338.4346	126.4489	177.5213	0.0	0.0	0.0	1.0	1.0712	0.439	0.6083	1.0	1.0	1.0
skygarden	Scene_Faos01	401	338.4346	126.4489	146.58	0.0	0.0	0.0	1.0	1.0712	0.439	0.6083	1.0	1.0	1.0
skygarden	Scene_Faos01	402	346.0188	126.6205	161.9149	0.0	0.0	0.0	1.0	10.2605	0.5506	16.5637	1.0	1.0	1.0
skygarden	Scene_Faos01	403	358.3046	126.6415	162.21	0.0	0.0	0.0	1.0	14.3747	0.5506	30.718	1.0	1.0	1.0
skygarden	Scene_Faos01	404	375.3999	126.2409	161.9819	0.0	0.0	0.0	1.0	22.9201	0.5506	34.6162	1.0	1.0	1.0
skygarden	Scene_Faos01	405	383.312	126.331	162.0675	0.0	0.0	0.0	1.0	7.1384	0.5506	11.435	1.0	1.0	1.0
skygarden	Scene_Faos01	406	380.8135	126.3499	167.8988	0.0	0.4131	0.0	0.9106	1.2392	0.5506	1.7609	1.0	1.0	1.0
skygarden	Scene_Faos01	407	380.932	126.3499	156.5034	0.0	0.3412	0.0	0.9399	1.6274	0.5506	1.7609	1.0	1.0	1.0
skygarden	Scene_Faos01	408	381.204	126.397	156.6499	0.0	0.3412	0.0	0.9399	1.6274	0.5506	1.7609	1.0	1.0	1.0
skygarden	Scene_Faos01	409	381.226	126.397	167.593	0.0	0.4135	0.0	0.9104	1.6274	0.5506	1.7609	1.0	1.0	1.0
skygarden	Scene_Faos01	410	380.8287	126.397	157.2312	0.0	0.0	0.0	1.0	1.6274	0.5506	1.4691	1.0	1.0	1.0
skygarden	Scene_Faos01	411	380.8508	126.397	166.9066	0.0	0.0	0.0	1.0	1.6274	0.5506	1.4691	1.0	1.0	1.0
skygarden	Scene_Faos01	412	381.8659	126.397	158.3925	0.0	0.4356	0.0	0.9001	1.6274	0.5506	3.433	1.0	1.0	1.0
skygarden	Scene_Faos01	413	381.8808	126.397	165.7144	0.0	0.9037	0.0	0.4281	1.6274	0.5506	3.433	1.0	1.0	1.0
skygarden	Scene_Faos01	414	382.45	126.397	163.192	0.0	0.0	0.0	1.0	1.6274	0.5506	8.0172	1.0	1.0	1.0
skygarden	Scene_Faos01	415	379.7377	126.331	164.1461	0.0	0.5006	0.0	0.8656	1.6639	0.5506	1.0247	1.0	1.0	1.0
skygarden	Scene_Faos01	416	379.6146	126.331	163.3058	0.0	0.3469	0.0	0.9378	2.8172	0.5506	1.0247	1.0	1.0	1.0
skygarden	Scene_Faos01	417	379.3373	126.331	162.8435	0.0	0.1852	0.0	0.9826	2.8172	0.5506	1.0247	1.0	1.0	1.0
skygarden	Scene_Faos01	418	379.1935	126.331	162.2375	0.0	0.0467	0.0	0.9989	2.8172	0.5506	1.0247	1.0	1.0	1.0
skygarden	Scene_Faos01	419	379.2261	126.331	161.641	0.0	-0.1013	0.0	0.9948	2.8172	0.5506	1.0247	1.0	1.0	1.0
skygarden	Scene_Faos01	420	379.4269	126.331	161.1098	0.0	-0.2568	0.0	0.9664	2.8172	0.5506	1.0247	1.0	1.0	1.0
skygarden	Scene_Faos01	421	379.7951	126.331	160.6439	0.0	-0.3979	0.0	0.9174	2.8172	0.5506	1.0247	1.0	1.0	1.0
skygarden	Scene_Faos01	422	380.3221	126.331	160.2669	0.0	-0.5143	0.0	0.8575	2.8172	0.5506	1.0247	1.0	1.0	1.0
skygarden	Scene_Faos01	423	367.1199	126.6415	153.74	0.0	-0.3826	0.0	0.9238	7.5217	0.5506	13.5184	1.0	1.0	1.0
skygarden	Scene_Faos01	424	373.3399	126.4599	152.1799	0.0	-0.3826	0.0	0.9238	2.3188	0.5506	3.8327	1.0	1.0	1.0
skygarden	Scene_Faos01	425	376.9926	126.4599	152.44	0.0	-0.7071	0.0	0.7071	1.0434	0.5506	5.531	1.0	1.0	1.0
skygarden	Scene_Faos01	426	377.0419	126.4599	171.714	0.0	-0.7071	0.0	0.7071	1.0434	0.5506	6.0901	1.0	1.0	1.0
skygarden	Scene_Faos01	427	380.3359	126.4599	153.9519	0.0	-0.9659	0.0	0.2588	1.0434	0.5506	3.2658	1.0	1.0	1.0
skygarden	Scene_Faos01	428	380.3655	126.4599	170.143	0.0	-0.9681	0.0	-0.2502	1.0434	0.5506	3.2658	1.0	1.0	1.0
skygarden	Scene_Faos01	429	382.346	126.4599	155.1419	0.0	-0.7071	0.0	0.7071	1.0434	0.5506	3.2658	1.0	1.0	1.0
skygarden	Scene_Faos01	430	382.3489	126.4599	168.972	0.0	-0.7071	0.0	0.7071	1.0434	0.5506	3.2658	1.0	1.0	1.0
skygarden	Scene_Faos01	431	336.0187	125.8436	145.2052	0.0	0.0	0.0	1.0	18.8071	0.5506	16.2446	1.0	1.0	1.0
skygarden	Scene_Faos01	432	326.6931	125.8436	151.3535	0.0	-0.2588	0.0	0.9659	1.7657	0.5506	3.5592	1.0	1.0	1.0
skygarden	Scene_Faos01	433	305.1279	125.8423	172.6199	0.0	-0.9659	0.0	-0.2588	1.7657	0.5506	3.5592	1.0	1.0	1.0
skygarden	Scene_Faos01	434	324.4352	125.8436	144.6732	0.0	-0.2588	0.0	0.9659	9.8275	0.5506	11.8182	1.0	1.0	1.0
skygarden	Scene_Faos01	435	308.8399	125.8423	180.1699	0.0	-0.9659	0.0	-0.2588	13.1706	0.5506	11.8182	1.0	1.0	1.0
skygarden	Scene_Faos01	436	299.7999	125.8423	174.49	0.0	-1.0	0.0	0.0	10.8868	0.5506	7.67	1.0	1.0	1.0
skygarden	Scene_Faos01	437	316.04	125.8436	141.4199	0.0	0.0	0.0	1.0	12.8703	0.5506	11.8182	1.0	1.0	1.0
skygarden	Scene_Faos01	438	316.4554	125.8423	182.6204	0.0	-1.0	0.0	0.0	9.0173	0.5506	11.9044	1.0	1.0	1.0
skygarden	Scene_Faos01	439	310.0015	125.8436	145.3446	0.0	0.2588	0.0	0.9659	12.8703	0.5506	7.7495	1.0	1.0	1.0
skygarden	Scene_Faos01	440	323.0855	125.8423	180.9969	0.0	-0.9659	0.0	0.2588	12.8703	0.5506	13.1839	1.0	1.0	1.0
skygarden	Scene_Faos01	441	334.2326	125.8423	178.1407	0.0	-1.0	0.0	0.0	15.3349	0.5506	15.0325	1.0	1.0	1.0
skygarden	Scene_Faos01	442	304.954	125.8436	151.0643	0.0	0.2588	0.0	0.9659	1.7918	0.5506	4.2518	1.0	1.0	1.0
skygarden	Scene_Faos01	443	326.8519	125.8423	172.9019	0.0	-0.9659	0.0	0.2588	1.7918	0.5506	4.2518	1.0	1.0	1.0
skygarden	Scene_Faos01	444	303.6773	125.8436	147.8674	0.0	0.0	0.0	1.0	3.2171	0.5506	10.6167	1.0	1.0	1.0
skygarden	Scene_Faos01	445	302.5903	125.8436	140.7528	0.0	0.0	0.0	1.0	15.7913	0.5506	8.1032	1.0	1.0	1.0
skygarden	Scene_Faos01	446	300.0349	125.8436	151.8601	0.0	0.0	0.0	1.0	10.2458	0.5506	2.4407	1.0	1.0	1.0
skygarden	Scene_Faos01	447	298.5979	125.387	150.5885	0.0	0.0	0.0	1.0	7.3718	0.5506	0.9518	1.0	1.0	1.0
skygarden	Scene_Faos01	448	301.3086	125.387	147.7761	0.0	0.7071	0.0	0.7071	6.5042	0.5506	2.4811	1.0	1.0	1.0
skygarden	Scene_Faos01	449	301.6989	125.6594	147.742	-0.183	0.683	0.183	0.683	2.9786	0.5506	1.2874	1.0	1.0	1.0
skygarden	Scene_Faos01	450	302.5516	125.955	147.6929	0.0	0.7071	0.0	0.7071	3.0242	0.5506	0.9063	1.0	1.0	1.0
skygarden	Scene_Faos01	451	295.8999	125.387	147.5	0.0	0.7071	0.0	0.7071	7.3718	0.5506	0.9518	1.0	1.0	1.0
skygarden	Scene_Faos01	452	298.8699	125.387	144.8099	0.0	0.0	0.0	1.0	7.3718	0.5506	0.9518	1.0	1.0	1.0
skygarden	Scene_Faos01	453	295.07	125.8499	148.4889	0.0	-0.7071	0.0	0.7071	9.7837	0.5506	1.6624	1.0	1.0	1.0
skygarden	Scene_Faos01	454	311.117	125.4741	149.828	-0.0669	-0.933	-0.25	0.25	10.0753	0.5506	1.6258	1.0	1.0	1.0
skygarden	Scene_Faos01	455	320.7969	125.5783	174.2698	0.2499	-0.25	-0.0669	-0.933	10.123	0.5506	1.2055	1.0	1.0	1.0
skygarden	Scene_Faos01	456	320.7493	125.4741	150.007	0.0669	-0.933	-0.25	-0.2499	9.8512	0.5506	1.6258	1.0	1.0	1.0
skygarden	Scene_Faos01	457	311.0722	125.4728	173.9766	0.25	0.2499	0.0669	-0.933	9.8629	0.5506	1.6258	1.0	1.0	1.0
skygarden	Scene_Faos01	458	316.01	125.4741	147.8899	0.0	-0.9659	-0.2588	0.0	5.4769	0.5506	1.6258	1.0	1.0	1.0
skygarden	Scene_Faos01	459	315.8167	125.4728	176.0964	0.2588	0.0	0.0	-0.9659	5.4769	0.5506	1.6258	1.0	1.0	1.0
skygarden	Scene_Faos01	460	366.5599	126.6415	170.7599	0.0	-0.3826	0.0	0.9238	15.6471	0.5506	8.8979	1.0	1.0	1.0
skygarden	Scene_Faos01	461	370.3829	126.2842	156.75	-0.0819	-0.9024	-0.1978	0.3738	12.7858	0.5506	1.8688	1.0	1.0	1.0
skygarden	Scene_Faos01	462	370.463	126.3042	167.4259	-0.1856	-0.3748	-0.0768	0.905	12.9522	0.5506	1.8688	1.0	1.0	1.0
skygarden	Scene_Faos01	463	366.077	126.3063	162.104	-0.1576	-0.6893	-0.1576	0.6893	2.9303	0.5506	1.668	1.0	1.0	1.0
skygarden	Scene_Faos01	464	339.6633	126.0105	149.9638	0.0	0.0	0.2588	0.9659	2.5674	0.5506	6.5982	1.0	1.0	1.0
skygarden	Scene_Faos01	465	339.6633	126.0105	174.22	0.0	0.0	0.2588	0.9659	2.5674	0.5506	6.5982	1.0	1.0	1.0
skygarden	Scene_Faos01	466	339.8959	126.0195	161.8625	0.0	0.0	0.2588	0.9659	2.587	0.5506	16.7812	1.0	1.0	1.0
skygarden	Scene_Faos01	467	298.4692	125.5299	140.2501	0.0	-0.7071	0.0	-0.7071	7.8567	0.5506	7.6131	1.0	1.0	1.0
skygarden	Scene_Faos01	468	294.8811	125.5299	146.1098	0.0	-0.7071	0.0	-0.7071	11.514	0.5506	1.1575	1.0	1.0	1.0
skygarden	Scene_Faos01	469	266.32	113.4949	143.41	0.0	-0.9238	0.0	-0.3826	14.7073	2.3714	14.26	1.0	1.0	1.0
skygarden	Scene_Faos01	470	263.147	113.5	149.8529	0.0	-0.9238	0.0	-0.3826	6.5355	2.3714	1.3596	1.0	1.0	1.0
skygarden	Scene_Faos01	471	269.0935	113.375	168.4185	0.0	-0.9238	0.0	-0.3826	2.1165	0.7784	0.3	1.0	1.0	1.0
skygarden	Scene_Faos01	472	270.342	113.375	169.123	0.0	-1.0	0.0	0.0	1.2123	0.7784	0.3	1.0	1.0	1.0
skygarden	Scene_Faos01	473	267.6752	113.375	174.8099	0.0	-1.0	0.0	0.0	6.5459	0.7784	0.3	1.0	1.0	1.0
skygarden	Scene_Faos01	474	264.5289	113.375	173.4821	0.0	-0.7071	0.0	0.7071	3.3506	0.7784	0.3	1.0	1.0	1.0
skygarden	Scene_Faos01	475	254.001	113.369	162.199	0.0	-0.9238	0.0	0.3826	1.4705	0.7784	0.3	1.0	1.0	1.0
skygarden	Scene_Faos01	476	261.0093	113.369	155.1909	0.0	-0.9238	0.0	0.3826	7.4569	0.7784	0.3	1.0	1.0	1.0
skygarden	Scene_Faos01	477	257.881	113.369	150.3249	0.0	-0.9238	0.0	0.3826	5.0021	0.7784	0.3	1.0	1.0	1.0
skygarden	Scene_Faos01	478	253.6858	113.369	149.4546	0.0	-0.3826	0.0	0.9238	7.4636	0.7784	0.3	1.0	1.0	1.0
skygarden	Scene_Faos01	479	251.091	113.369	143.8144	0.0	-0.7071	0.0	0.7071	6.2149	0.7784	0.3	1.0	1.0	1.0
skygarden	Scene_Faos01	480	251.1235	113.369	140.2238	0.0	-0.7296	0.0	0.6838	0.9962	0.7784	0.3	1.0	1.0	1.0
skygarden	Scene_Faos01	481	251.2774	113.369	139.2731	0.0	-0.7916	0.0	0.6109	0.9962	0.7784	0.3	1.0	1.0	1.0
skygarden	Scene_Faos01	482	251.6118	113.369	138.3713	0.0	-0.848	0.0	0.5298	0.9962	0.7784	0.3	1.0	1.0	1.0
skygarden	Scene_Faos01	483	252.1067	113.369	137.5393	0.0	-0.8889	0.0	0.4579	0.9962	0.7784	0.3	1.0	1.0	1.0
skygarden	Scene_Faos01	484	252.7366	113.369	136.8088	0.0	-0.9273	0.0	0.3743	0.9962	0.7784	0.3	1.0	1.0	1.0
skygarden	Scene_Faos01	485	253.4705	113.369	136.1533	0.0	-0.9409	0.0	0.3385	0.9962	0.7784	0.3	1.0	1.0	1.0
skygarden	Scene_Faos01	486	245.44	113.369	143.3076	0.0	-0.7071	0.0	0.7071	7.2286	0.7784	0.3	1.0	1.0	1.0
skygarden	Scene_Faos01	487	261.4129	114.3229	145.1479	0.0	-0.7071	0.0	0.7071	3.3979	0.7784	0.3	1.0	1.0	1.0
skygarden	Scene_Faos01	488	258.8416	114.3229	140.9398	0.0	-0.3826	0.0	0.9238	7.3973	0.7784	0.3	1.0	1.0	1.0
skygarden	Scene_Faos01	489	260.6275	114.3229	132.5648	0.0	-0.7071	0.0	0.7071	9.0018	0.7784	0.3	1.0	1.0	1.0
skygarden	Scene_Faos01	490	258.5527	114.3229	128.214	0.0	0.0	0.0	1.0	4.4495	0.7784	0.3	1.0	1.0	1.0
skygarden	Scene_Faos01	491	255.9405	114.3229	130.248	0.0	0.0	0.0	1.0	1.0325	0.7784	0.3	1.0	1.0	1.0
skygarden	Scene_Faos01	492	254.4772	113.7144	130.248	0.0	0.0	0.2593	0.9657	2.6388	0.7784	0.3	1.0	1.0	1.0
skygarden	Scene_Faos01	493	255.9405	114.3229	135.917	0.0	0.0	0.0	1.0	1.0325	0.7784	0.3	1.0	1.0	1.0
skygarden	Scene_Faos01	494	254.4772	113.7144	135.917	0.0	0.0	0.2593	0.9657	2.6388	0.7784	0.3	1.0	1.0	1.0
skygarden	Scene_Faos01	495	260.7331	114.3229	147.4645	0.0	-0.9238	0.0	0.3826	2.0469	0.7784	0.3	1.0	1.0	1.0
skygarden	Scene_Faos01	496	259.419	113.787	148.7787	0.237	-0.8929	-0.0981	0.3698	2.3678	0.7784	0.3	1.0	1.0	1.0
skygarden	Scene_Faos01	497	264.8479	114.3229	151.343	0.0	-0.9238	0.0	0.3826	2.3807	0.7784	0.3	1.0	1.0	1.0
skygarden	Scene_Faos01	498	263.4118	113.7837	152.779	0.237	-0.8929	-0.0981	0.3698	2.3807	0.7784	0.3	1.0	1.0	1.0
skygarden	Scene_Faos01	499	267.0568	114.3229	150.5451	0.0	-1.0	0.0	0.0	2.9466	0.7784	0.3	1.0	1.0	1.0
skygarden	Scene_Faos01	500	271.3544	114.3229	144.893	0.0	-1.0	0.0	0.0	5.7992	0.7784	0.3	1.0	1.0	1.0
skygarden	Scene_Faos01	501	264.5722	114.3229	140.9483	0.0	-0.9238	0.0	-0.3826	11.2814	0.7784	0.3	1.0	1.0	1.0
skygarden	Scene_Faos01	502	245.5278	113.369	139.1665	0.0	-0.7618	0.0	0.6477	1.1163	0.7784	0.3	1.0	1.0	1.0
skygarden	Scene_Faos01	503	245.7494	113.369	138.0858	0.0	-0.7875	0.0	0.6162	1.1163	0.7784	0.3	1.0	1.0	1.0
skygarden	Scene_Faos01	504	246.0753	113.369	137.0384	0.0	-0.8224	0.0	0.5688	1.1163	0.7784	0.3	1.0	1.0	1.0
skygarden	Scene_Faos01	505	246.5041	113.369	136.0211	0.0	-0.8436	0.0	0.5369	1.1163	0.7784	0.2999	1.0	1.0	1.0
skygarden	Scene_Faos01	506	247.0321	113.369	135.063	0.0	-0.8773	0.0	0.4798	1.1163	0.7784	0.3	1.0	1.0	1.0
skygarden	Scene_Faos01	507	247.6687	113.369	134.1645	0.0	-0.8986	0.0	0.4386	1.1163	0.7784	0.3	1.0	1.0	1.0
skygarden	Scene_Faos01	508	248.3894	113.369	133.3348	0.0	-0.9205	0.0	0.3906	1.1163	0.7784	0.3	1.0	1.0	1.0
skygarden	Scene_Faos01	509	249.1941	113.369	132.5868	0.0	-0.9401	0.0	0.3406	1.1163	0.7784	0.3	1.0	1.0	1.0
skygarden	Scene_Faos01	510	250.0702	113.369	131.9176	0.0	-0.9539	0.0	0.2998	1.1163	0.7784	0.3	1.0	1.0	1.0
skygarden	Scene_Faos01	511	251.0045	113.369	131.3421	0.0	-0.9694	0.0	0.245	1.1163	0.7784	0.3	1.0	1.0	1.0
skygarden	Scene_Faos01	512	251.9958	113.369	130.858	0.0	-0.9787	0.0	0.205	1.1163	0.7784	0.3	1.0	1.0	1.0
skygarden	Scene_Faos01	513	253.3092	113.369	130.3899	0.0	-0.989	0.0	0.1477	1.7121	0.7784	0.3	1.0	1.0	1.0
skygarden	Scene_Faos01	514	242.4824	113.369	146.8309	0.0	0.0	0.0	1.0	6.2149	0.7784	0.3	1.0	1.0	1.0
skygarden	Scene_Faos01	515	254.8287	113.369	162.199	0.0	-0.3826	0.0	0.9238	1.4705	0.7784	0.3	1.0	1.0	1.0
skygarden	Scene_Faos01	516	258.846	113.369	158.182	0.0	-0.3826	0.0	0.9238	1.4705	0.7784	0.3	1.0	1.0	1.0
skygarden	Scene_Faos01	517	264.4288	113.375	171.7687	0.0	-0.3826	0.0	0.9238	0.4077	0.7784	0.3	1.0	1.0	1.0
skygarden	Scene_Faos01	518	256.3388	113.4879	133.063	0.0	-0.7071	0.0	-0.7071	5.9659	2.3714	1.0973	1.0	1.0	1.0
skygarden	Scene_Faos01	519	261.9733	113.064	150.2335	0.099	-0.8923	-0.2391	-0.3696	6.116	2.3714	2.3637	1.0	1.0	1.0
skygarden	Scene_Faos01	520	264.5429	113.051	152.7929	0.099	-0.8923	-0.2391	-0.3696	1.2323	2.3714	2.3637	1.0	1.0	1.0
skygarden	Scene_Faos01	521	255.3609	113.0599	133.0699	0.183	-0.683	-0.183	-0.683	5.9891	2.3714	2.3637	1.0	1.0	1.0
skygarden	Scene_Faos01	522	263.2084	113.4949	133.7543	0.0	-0.7071	0.0	-0.7071	18.9956	2.3714	14.26	1.0	1.0	1.0
skygarden	Scene_Faos01	523	259.7067	112.5449	155.3574	0.0	-0.7071	0.0	-0.7071	56.26	2.3714	55.3592	1.0	1.0	1.0
skygarden	Scene_Faos01	524	280.441	112.5319	207.1692	0.0	0.0	-0.2588	0.9659	2.3471	2.3714	6.024	1.0	1.0	1.0
skygarden	Scene_Faos01	525	280.8706	112.5019	204.337	0.0	0.0	-0.2588	0.9659	2.3471	2.3714	0.3344	1.0	1.0	1.0
skygarden	Scene_Faos01	526	280.8706	112.5019	210.001	0.0	0.0	-0.2588	0.9659	2.3471	2.3714	0.3306	1.0	1.0	1.0
skygarden	Scene_Faos01	527	297.8599	112.5693	178.1517	0.183	-0.683	-0.183	0.683	4.3412	2.3714	7.6857	1.0	1.0	1.0
skygarden	Scene_Faos01	528	301.5119	112.5779	178.3079	0.183	-0.683	-0.183	0.683	4.3748	2.3714	1.4623	1.0	1.0	1.0
skygarden	Scene_Faos01	529	297.9071	113.509	176.5399	0.0	-0.7071	0.0	0.7071	0.6412	2.3714	5.9366	1.0	1.0	1.0
skygarden	Scene_Faos01	530	301.5248	113.4937	176.6372	0.0	-0.7071	0.0	0.7071	0.7669	2.3714	1.4523	1.0	1.0	1.0
skygarden	Scene_Faos01	531	294.557	113.504	176.563	0.0	-0.7071	0.0	0.7071	0.7669	2.3714	0.9574	1.0	1.0	1.0
skygarden	Scene_Faos01	532	294.4888	112.5779	178.223	0.183	-0.683	-0.183	0.683	4.3748	2.3714	0.964	1.0	1.0	1.0
skygarden	Scene_Faos01	533	251.679	116.5194	199.5659	0.0	-0.5	0.0	-0.866	1.3654	6.3802	3.3217	1.0	1.0	1.0
skygarden	Scene_Faos01	534	253.74	119.7399	200.75	-0.4567	-0.4248	0.2637	-0.7357	1.3654	6.3802	3.3217	1.0	1.0	1.0
skygarden	Scene_Faos01	535	305.8299	116.3139	199.2613	0.0	0.7071	0.0	-0.7071	4.8856	6.3802	3.3217	1.0	1.0	1.0
skygarden	Scene_Faos01	536	340.794	126.2149	181.0101	0.0	0.0	0.0	1.0	2.1469	1.5024	6.0169	1.0	1.0	1.0
skygarden	Scene_Faos01	537	340.794	126.2149	143.4369	0.0	0.0	0.0	1.0	2.1469	1.5024	6.0169	1.0	1.0	1.0
skygarden	Scene_Faos01	538	305.8299	116.3139	186.2398	0.0	0.7071	0.0	-0.7071	3.3774	6.3802	3.3217	1.0	1.0	1.0
skygarden	Scene_Faos01	539	305.8299	116.3139	213.27	0.0	0.7071	0.0	-0.7071	4.7968	6.3802	3.3217	1.0	1.0	1.0
skygarden	Scene_Faos01	540	251.901	116.5194	214.6569	0.0	-0.866	0.0	-0.5	1.3654	6.3802	3.3217	1.0	1.0	1.0
skygarden	Scene_Faos01	541	254.0299	119.79	213.4299	-0.2709	-0.7278	0.4692	-0.4202	1.3654	6.3802	3.3217	1.0	1.0	1.0
skygarden	Scene_Faos01	542	264.8359	116.5194	222.218	0.0	-1.0	0.0	0.0	1.3654	6.3802	3.3217	1.0	1.0	1.0
skygarden	Scene_Faos01	543	264.8359	120.0999	219.22	0.0	-0.866	0.4999	0.0	1.3654	6.3802	3.3217	1.0	1.0	1.0
skygarden	Scene_Faos01	544	278.1229	116.5194	214.852	0.0	-0.866	0.0	0.5	1.3654	6.3802	3.3217	1.0	1.0	1.0
skygarden	Scene_Faos01	545	276.0509	119.7226	213.6591	0.25	-0.7499	0.433	0.433	1.3654	7.6304	3.3217	1.0	1.0	1.0
skygarden	Scene_Faos01	546	278.095	116.5194	199.513	0.0	-0.4999	0.0	0.866	1.3864	6.3802	3.3217	1.0	1.0	1.0
skygarden	Scene_Faos01	547	276.04	119.7799	200.6999	0.4633	-0.4224	0.2675	0.7316	1.3864	6.3802	3.3217	1.0	1.0	1.0
skygarden	Scene_Faos01	548	264.851	116.5194	191.9029	0.0	0.0	0.0	1.0	1.374	6.3802	3.3217	1.0	1.0	1.0
skygarden	Scene_Faos01	549	264.851	120.2099	194.61	0.5107	0.0	0.0	0.8597	1.374	6.3802	3.3217	1.0	1.0	1.0
skygarden	Scene_Faos01	550	240.5247	119.3647	150.58	0.0	0.0	-0.3826	0.9238	0.9421	5.3229	12.4707	1.0	1.0	1.0
skygarden	Scene_Faos01	551	238.6799	117.4539	151.0756	0.0	0.0	0.0	1.0	0.9421	7.6009	12.4707	1.0	1.0	1.0
skygarden	Scene_Faos01	552	240.3999	118.7712	142.2749	0.0	0.0	0.0	1.0	6.3295	11.0408	6.0717	1.0	1.0	1.0
skygarden	Scene_Faos01	553	244.0299	118.7712	162.63	0.0	-0.3826	0.0	0.9238	0.3044	11.0408	13.9077	1.0	1.0	1.0
skygarden	Scene_Faos01	554	251.55	118.7712	165.5599	0.0	-0.3826	0.0	0.9238	0.3044	11.0408	7.5992	1.0	1.0	1.0
skygarden	Scene_Faos01	555	251.5074	118.7712	170.8403	0.0	-0.9238	0.0	0.3826	0.3044	11.0408	7.7232	1.0	1.0	1.0
skygarden	Scene_Faos01	556	248.9176	116.6201	173.3114	0.0	-0.9238	0.0	-0.3826	0.9379	6.7382	7.8749	1.0	1.0	1.0
skygarden	Scene_Faos01	557	242.4199	116.7362	172.11	0.0	-0.3826	0.0	-0.9238	0.9379	6.9707	14.2574	1.0	1.0	1.0
skygarden	Scene_Faos01	558	239.3059	116.7362	167.7189	0.0	-0.3826	0.0	-0.9238	0.9379	6.9707	1.3608	1.0	1.0	1.0
skygarden	Scene_Faos01	559	258.9453	118.7712	167.4853	0.0	-0.9238	0.0	0.3826	0.3044	11.0408	13.0842	1.0	1.0	1.0
skygarden	Scene_Faos01	560	265.3995	115.3367	163.3495	0.0	-0.9238	0.0	0.3826	0.3044	8.794	9.8492	1.0	1.0	1.0
skygarden	Scene_Faos01	561	275.8057	115.3367	166.7899	0.0	-0.7071	0.0	0.7071	0.3044	8.794	14.056	1.0	1.0	1.0
skygarden	Scene_Faos01	562	262.0	117.6212	157.693	0.0	-1.0	0.0	0.0	0.3044	13.3627	4.5445	1.0	1.0	1.0
skygarden	Scene_Faos01	563	264.1023	117.6212	153.3975	0.0	-0.9238	0.0	-0.3826	0.3044	13.3627	6.087	1.0	1.0	1.0
skygarden	Scene_Faos01	564	267.1499	116.2345	157.5968	0.0	-0.7071	0.0	-0.7071	12.7697	10.5896	2.0008	1.0	1.0	1.0
skygarden	Scene_Faos01	565	267.5799	122.982	162.1517	0.0	-0.7071	0.0	-0.7071	9.744	7.7755	1.1124	1.0	1.0	1.0
skygarden	Scene_Faos01	566	264.9979	123.0855	170.6473	0.0	-0.7071	0.0	-0.7071	9.1184	7.9831	1.1124	1.0	1.0	1.0
skygarden	Scene_Faos01	567	265.592	122.6333	174.7989	0.0	-0.7071	0.0	-0.7071	1.132	4.6928	1.1124	1.0	1.0	1.0
skygarden	Scene_Faos01	568	282.9881	122.6333	174.7389	0.0	-0.7071	0.0	-0.7071	1.132	4.6928	1.8967	1.0	1.0	1.0
skygarden	Scene_Faos01	569	274.4916	123.7393	175.1999	0.0	-1.0	0.0	0.0	19.587	6.9074	1.1124	1.0	1.0	1.0
skygarden	Scene_Faos01	570	284.48	123.7393	170.6392	0.0	-0.7071	0.0	0.7071	9.5165	6.9074	1.1124	1.0	1.0	1.0
skygarden	Scene_Faos01	571	285.6727	123.7393	165.5475	0.0	-0.7071	0.0	0.7071	0.847	6.9074	4.5565	1.0	1.0	1.0
skygarden	Scene_Faos01	572	275.9645	123.3573	162.6051	0.0	-0.7071	0.0	0.7071	8.6007	7.6713	3.545	1.0	1.0	1.0
skygarden	Scene_Faos01	573	275.2347	118.0899	156.8255	0.0	-0.7071	0.0	0.7071	10.4611	6.9074	2.1704	1.0	1.0	1.0
skygarden	Scene_Faos01	574	280.3487	120.5211	153.0935	0.0	-0.7071	0.0	0.7071	0.6381	11.7695	12.164	1.0	1.0	1.0
skygarden	Scene_Faos01	575	285.2206	121.0672	155.9579	0.0	0.0	0.0	1.0	2.6179	12.8631	6.6521	1.0	1.0	1.0
skygarden	Scene_Faos01	576	284.35	116.8488	161.9257	0.0	0.0	0.0	1.0	0.3725	4.4257	6.4077	1.0	1.0	1.0
skygarden	Scene_Faos01	577	287.9873	120.6869	161.9257	0.0	0.0	-0.4999	0.866	0.3725	8.5586	6.4077	1.0	1.0	1.0
skygarden	Scene_Faos01	578	284.5003	116.4262	166.5364	0.0	0.0	0.0	1.0	4.0215	7.9608	3.4994	1.0	1.0	1.0
skygarden	Scene_Faos01	579	275.0805	119.26	173.7433	0.0	0.0	0.0	1.0	22.9839	0.2936	14.7852	1.0	1.0	1.0
skygarden	Scene_Faos01	580	288.466	119.3199	189.2449	0.0	0.0	0.0	1.0	14.0198	0.2936	28.6447	1.0	1.0	1.0
skygarden	Scene_Faos01	581	287.147	119.3199	170.5998	0.0	0.0	0.0	1.0	2.3964	0.2936	10.5574	1.0	1.0	1.0
skygarden	Scene_Faos01	582	275.0085	126.7399	169.5316	0.0	0.0	0.0	1.0	22.8413	0.2936	7.6584	1.0	1.0	1.0
skygarden	Scene_Faos01	583	271.1499	126.5599	165.2299	0.0	0.0	0.0	1.0	6.8044	0.2936	3.4462	1.0	1.0	1.0
skygarden	Scene_Faos01	584	271.1499	121.5739	153.5381	0.0	0.0	0.0	1.0	6.8044	0.2936	5.9316	1.0	1.0	1.0
skygarden	Scene_Faos01	585	271.1499	124.0963	160.3811	-0.2807	0.0	0.0	0.9597	6.8044	0.2936	9.5456	1.0	1.0	1.0
skygarden	Scene_Faos01	586	273.9349	125.7693	174.5299	0.0	0.0	0.0	1.0	20.6942	1.9896	3.1091	1.0	1.0	1.0
skygarden	Scene_Faos01	587	245.688	119.93	167.5552	0.0	-0.3826	0.0	0.9238	9.8275	0.2936	10.7107	1.0	1.0	1.0
skygarden	Scene_Faos01	588	242.77	118.8949	170.47	0.0	-0.3826	0.0	0.9238	9.8275	1.6265	2.3008	1.0	1.0	1.0
skygarden	Scene_Faos01	589	248.1024	118.8949	171.9476	0.0	0.3826	0.0	0.9238	7.7844	1.6265	2.3008	1.0	1.0	1.0
skygarden	Scene_Faos01	590	293.4749	120.8199	155.2185	0.0	0.0	0.0	1.0	2.4658	0.2936	27.7107	1.0	1.0	1.0
skygarden	Scene_Faos01	591	294.1199	119.8399	162.6526	0.0	0.0	0.0	1.0	2.4658	1.9304	9.7139	1.0	1.0	1.0
skygarden	Scene_Faos01	592	284.798	120.8899	143.05	0.0	-0.7071	0.0	0.7071	2.4658	0.2936	20.7553	1.0	1.0	1.0
skygarden	Scene_Faos01	593	272.9671	120.8899	142.38	0.0	-0.7367	0.0	0.6761	3.4622	0.2936	3.6289	1.0	1.0	1.0
skygarden	Scene_Faos01	594	269.8753	120.8899	141.63	0.0	-0.8143	0.0	0.5803	3.5515	0.2936	3.6289	1.0	1.0	1.0
skygarden	Scene_Faos01	595	266.94	120.8899	140.35	0.0	-0.8756	0.0	0.4829	3.2951	0.2936	3.6289	1.0	1.0	1.0
skygarden	Scene_Faos01	596	264.5201	120.8899	138.065	0.0	-0.9284	0.0	0.3714	3.6226	0.2936	4.1668	1.0	1.0	1.0
skygarden	Scene_Faos01	597	262.4859	120.8899	135.2839	0.0	-0.9712	0.0	0.2381	3.62	0.2936	4.4614	1.0	1.0	1.0
skygarden	Scene_Faos01	598	261.2041	120.8899	131.9738	0.0	-0.9904	0.0	0.1378	3.604	0.2936	4.1181	1.0	1.0	1.0
skygarden	Scene_Faos01	599	260.7355	120.8899	128.3634	0.0	-0.9999	0.0	0.014	3.6576	0.2936	4.9354	1.0	1.0	1.0
skygarden	Scene_Faos01	600	299.035	120.9199	172.4777	0.0	0.0	0.0	1.0	11.2708	0.2936	7.2621	1.0	1.0	1.0
skygarden	Scene_Faos01	601	303.8028	119.5917	195.4902	0.0	0.0	0.0	1.0	4.2126	2.8195	41.2755	1.0	1.0	1.0
skygarden	Scene_Faos01	602	297.6987	120.137	195.88	0.0	0.0	0.0	1.0	8.7241	1.9233	40.494	1.0	1.0	1.0
skygarden	Scene_Faos01	603	287.4706	120.137	208.3059	0.0	0.0	0.0	1.0	12.5055	1.9233	9.6835	1.0	1.0	1.0
skygarden	Scene_Faos01	604	288.3888	125.8537	165.33	0.183	-0.683	0.183	0.683	0.4058	5.1906	8.6294	1.0	1.0	1.0
skygarden	Scene_Faos01	605	288.3888	125.8537	159.02	0.183	-0.683	0.183	0.683	0.4058	5.1906	8.6294	1.0	1.0	1.0
skygarden	Scene_Faos01	606	292.3517	128.5072	158.6595	0.0	-0.7071	0.0	0.7071	1.0732	5.5358	5.521	1.0	1.0	1.0
skygarden	Scene_Faos01	607	292.5354	128.5072	146.0039	0.0	-0.7071	0.0	0.7071	15.1824	5.5358	5.5271	1.0	1.0	1.0
skygarden	Scene_Faos01	608	330.6914	134.1268	140.16	0.0	-0.7071	0.0	0.7071	1.4451	16.7746	23.9055	1.0	1.0	1.0
skygarden	Scene_Faos01	609	310.092	134.1268	140.16	0.0	-0.7071	0.0	0.7071	1.4451	16.7746	8.5383	1.0	1.0	1.0
skygarden	Scene_Faos01	610	317.16	134.1268	139.0099	0.0	-0.7071	0.0	0.7071	1.4451	16.7746	7.7776	1.0	1.0	1.0
skygarden	Scene_Faos01	611	320.5899	132.6999	161.9989	0.0	0.0	0.0	1.0	1.4451	16.7746	6.2214	1.0	1.0	1.0
skygarden	Scene_Faos01	612	318.2572	132.6999	157.9586	0.0	0.4999	0.0	0.866	1.4451	16.7746	6.2214	1.0	1.0	1.0
skygarden	Scene_Faos01	613	313.592	132.6999	157.9586	0.0	0.866	0.0	0.5	1.4451	16.7746	6.2214	1.0	1.0	1.0
skygarden	Scene_Faos01	614	311.2593	132.6999	161.9989	0.0	1.0	0.0	0.0	1.4451	16.7746	6.2214	1.0	1.0	1.0
skygarden	Scene_Faos01	615	313.5918	132.6999	166.0393	0.0	0.866	0.0	-0.4999	1.4451	16.7746	6.2214	1.0	1.0	1.0
skygarden	Scene_Faos01	616	318.2572	132.6999	166.0393	0.0	0.5	0.0	-0.866	1.4451	16.7746	6.2214	1.0	1.0	1.0
skygarden	Scene_Faos01	617	304.8778	134.1268	138.1813	0.0	0.0	0.0	1.0	2.1198	16.7746	6.7165	1.0	1.0	1.0
skygarden	Scene_Faos01	618	299.6737	134.1268	139.3099	0.0	0.0	0.0	1.0	10.3437	16.7746	1.1748	1.0	1.0	1.0
skygarden	Scene_Faos01	619	331.2695	134.1268	183.97	0.0	-0.7071	0.0	0.7071	1.4451	16.7746	27.1545	1.0	1.0	1.0
skygarden	Scene_Faos01	620	315.35	134.1268	185.36	0.0	-0.7071	0.0	0.7071	1.4451	16.7746	6.0722	1.0	1.0	1.0
skygarden	Scene_Faos01	621	309.4702	134.1268	183.97	0.0	-0.7071	0.0	0.7071	1.4451	16.7746	7.5674	1.0	1.0	1.0
skygarden	Scene_Faos01	622	342.3099	134.1268	184.4344	0.0	0.0	0.0	1.0	1.4451	16.7746	14.0927	1.0	1.0	1.0
skygarden	Scene_Faos01	623	358.6647	134.9911	169.6799	0.0	0.0	0.0	1.0	9.5933	18.5024	1.8588	1.0	1.0	1.0
skygarden	Scene_Faos01	624	358.5656	134.82	154.3699	0.0	0.0	0.0	1.0	9.8211	18.5024	1.8588	1.0	1.0	1.0
skygarden	Scene_Faos01	625	352.5799	131.1772	156.11	0.0	0.0	0.0	1.0	1.7043	10.8738	1.8588	1.0	1.0	1.0
skygarden	Scene_Faos01	626	352.5799	131.1772	168.05	0.0	0.0	0.0	1.0	1.7043	10.8738	1.8588	1.0	1.0	1.0
skygarden	Scene_Faos01	627	353.3847	131.1772	168.7427	0.0	0.2588	0.0	0.9659	1.7043	10.8738	2.7622	1.0	1.0	1.0
skygarden	Scene_Faos01	628	350.3074	131.5099	172.6764	0.0	0.0	0.1832	0.983	3.8741	10.8738	4.6572	1.0	1.0	1.0
skygarden	Scene_Faos01	629	351.5205	131.1772	169.184	0.0	-0.2588	0.0	0.9659	1.7043	10.8738	3.7812	1.0	1.0	1.0
skygarden	Scene_Faos01	630	351.7727	131.1772	155.4129	0.0	0.2588	0.0	0.9659	1.7043	10.8738	2.7722	1.0	1.0	1.0
skygarden	Scene_Faos01	631	350.3699	131.3804	152.647	0.0	0.0	0.1589	0.9872	2.8864	10.8738	3.9829	1.0	1.0	1.0
skygarden	Scene_Faos01	632	353.6924	131.1772	154.8843	0.0	-0.2588	0.0	0.9659	1.7043	10.8738	3.9927	1.0	1.0	1.0
skygarden	Scene_Faos01	633	367.7341	134.9911	175.3842	0.0	-0.3826	0.0	0.9238	15.3483	18.5024	1.8588	1.0	1.0	1.0
skygarden	Scene_Faos01	634	367.7831	134.9911	148.7669	0.0	-0.9238	0.0	0.3826	15.2803	18.5024	1.8588	1.0	1.0	1.0
skygarden	Scene_Faos01	635	379.8862	134.9911	172.1799	0.0	0.0	0.0	1.0	12.0125	18.5024	1.8588	1.0	1.0	1.0
skygarden	Scene_Faos01	636	381.5499	134.9911	168.8899	0.0	0.5	0.0	0.866	12.0125	18.5024	1.8588	1.0	1.0	1.0
skygarden	Scene_Faos01	637	373.23	134.9911	176.1	0.0	0.3464	0.0	0.938	7.2463	18.5024	7.2154	1.0	1.0	1.0
skygarden	Scene_Faos01	638	373.23	134.9911	147.9799	0.0	0.3826	0.0	0.9238	6.3162	18.5024	7.5783	1.0	1.0	1.0
skygarden	Scene_Faos01	639	386.3599	134.9911	162.2026	0.0	0.0	0.0	1.0	6.3162	18.5024	12.3081	1.0	1.0	1.0
skygarden	Scene_Faos01	640	386.4599	133.5803	169.0299	0.0	-0.3771	0.0	0.9261	11.7783	15.6797	6.0405	1.0	1.0	1.0
skygarden	Scene_Faos01	641	386.5	133.5803	155.1199	0.0	-0.9257	0.0	0.3781	11.7783	15.6797	6.0405	1.0	1.0	1.0
skygarden	Scene_Faos01	642	380.4849	134.9911	152.02	0.0	0.0	0.0	1.0	13.6067	18.5024	1.8588	1.0	1.0	1.0
skygarden	Scene_Faos01	643	379.26	134.9911	151.4499	0.0	-0.4999	0.0	0.866	13.6067	18.5024	1.8588	1.0	1.0	1.0
skygarden	Scene_Faos01	644	342.14	134.1268	138.02	0.0	0.0	0.0	1.0	1.4451	16.7746	17.9645	1.0	1.0	1.0
skygarden	Scene_Faos01	645	346.8599	134.1268	148.6199	0.0	0.5401	0.0	0.8415	1.4451	16.7746	11.0937	1.0	1.0	1.0
skygarden	Scene_Faos01	646	347.0599	134.1268	175.66	0.0	-0.5397	0.0	0.8418	1.4451	16.7746	11.2945	1.0	1.0	1.0
skygarden	Scene_Faos01	647	289.9899	128.5072	155.69	0.0	-1.0	0.0	0.0	0.3641	5.5358	5.6985	1.0	1.0	1.0
skygarden	Scene_Faos01	648	284.9829	124.0018	158.8399	0.0	-0.7071	0.0	0.7071	0.706	6.6268	1.9529	1.0	1.0	1.0
skygarden	Scene_Faos01	649	280.8807	124.0018	158.38	0.0	-0.7071	0.0	0.7071	0.706	6.6268	6.842	1.0	1.0	1.0
skygarden	Scene_Faos01	650	292.8157	128.5007	165.33	0.0	-0.7071	0.0	0.7071	0.4058	5.2786	3.8979	1.0	1.0	1.0
skygarden	Scene_Faos01	651	294.7099	128.5007	171.4344	0.0	-1.0	0.0	0.0	0.4058	5.2786	12.6143	1.0	1.0	1.0
skygarden	Scene_Faos01	652	298.2637	128.5007	177.3	0.0	-0.7071	0.0	0.7071	0.4058	5.2786	7.7124	1.0	1.0	1.0
skygarden	Scene_Faos01	653	301.9299	128.5007	178.7902	0.0	0.0	0.0	1.0	0.4058	5.2786	2.9071	1.0	1.0	1.0
skygarden	Scene_Faos01	654	304.4367	128.5007	177.2949	0.0	0.7071	0.0	0.7071	0.4058	5.2786	5.1296	1.0	1.0	1.0
skygarden	Scene_Faos01	655	309.117	128.5007	179.141	0.0	0.4021	0.0	0.9155	0.4058	5.2786	5.8551	1.0	1.0	1.0
skygarden	Scene_Faos01	656	311.2399	128.5007	182.3058	0.0	0.0032	0.0	0.9999	0.4058	5.2786	2.655	1.0	1.0	1.0
skygarden	Scene_Faos01	657	265.5589	123.0042	165.8399	0.0	0.0	0.0	-1.0	2.3651	7.82	1.1124	1.0	1.0	1.0
skygarden	Scene_Faos01	658	263.51	118.7712	176.4275	0.0	-1.0	0.0	0.0	0.3044	11.0408	8.843	1.0	1.0	1.0
skygarden	Scene_Faos01	659	266.4476	116.7229	180.27	0.0	-0.7071	0.0	0.7071	0.3044	8.2783	9.8025	1.0	1.0	1.0
skygarden	Scene_Faos01	660	270.2207	116.7229	180.5899	0.0	0.0	0.0	1.0	1.7452	8.2783	9.4168	1.0	1.0	1.0
skygarden	Scene_Faos01	661	275.3937	116.7229	180.6636	0.0	0.3826	0.0	0.9238	1.5639	8.2783	7.5869	1.0	1.0	1.0
skygarden	Scene_Faos01	662	271.7448	116.7229	177.6	0.0	0.7071	0.0	0.7071	1.5639	8.2783	1.4694	1.0	1.0	1.0
skygarden	Scene_Faos01	663	272.535	116.7229	178.184	0.0	0.7071	0.0	0.7071	1.5639	8.2783	1.4694	1.0	1.0	1.0
skygarden	Scene_Faos01	664	271.694	116.8835	176.548	0.0	0.7071	0.0	0.7071	1.1377	0.4515	1.4694	1.0	1.0	1.0
skygarden	Scene_Faos01	665	278.3187	116.7229	181.13	0.0	0.7071	0.0	0.7071	1.5639	8.2783	9.6795	1.0	1.0	1.0
skygarden	Scene_Faos01	666	288.0126	116.7229	179.4508	0.0	0.0	0.0	1.0	12.5137	8.2783	7.7089	1.0	1.0	1.0
skygarden	Scene_Faos01	667	291.8399	116.7229	189.9299	0.0	0.0	0.0	1.0	0.9987	8.2783	16.1833	1.0	1.0	1.0
skygarden	Scene_Faos01	668	292.8631	116.7229	200.6076	0.0	0.7071	0.0	0.7071	5.8299	8.2783	2.8304	1.0	1.0	1.0
skygarden	Scene_Faos01	669	286.7196	116.7229	200.787	0.0	0.7071	0.0	0.7071	1.2716	8.2783	10.6116	1.0	1.0	1.0
skygarden	Scene_Faos01	670	280.9027	116.7229	201.9275	0.0	0.7071	0.0	0.7071	3.2079	8.2783	2.631	1.0	1.0	1.0
skygarden	Scene_Faos01	671	279.5827	116.7229	200.9365	0.0	0.7071	0.0	0.7071	6.5198	8.2783	0.6983	1.0	1.0	1.0
skygarden	Scene_Faos01	672	266.4899	116.7229	190.5399	0.0	0.9659	0.0	0.2588	5.3781	8.2783	0.6983	1.0	1.0	1.0
skygarden	Scene_Faos01	673	278.25	116.7229	197.33	0.0	0.9659	0.0	0.2588	5.3781	8.2783	0.6983	1.0	1.0	1.0
skygarden	Scene_Faos01	674	272.7015	116.7229	193.2588	0.0	0.9659	0.0	0.2588	9.4622	8.2783	0.6983	1.0	1.0	1.0
skygarden	Scene_Faos01	675	271.5725	119.6771	196.1242	-0.1575	0.7663	0.588	0.2053	16.2835	6.4463	0.6983	1.0	1.0	1.0
skygarden	Scene_Faos01	676	258.3599	119.6771	195.9799	0.1575	0.7663	0.588	-0.2053	16.2835	6.4463	0.6983	1.0	1.0	1.0
skygarden	Scene_Faos01	677	251.82	119.6771	206.8	0.4304	0.5609	0.4304	-0.5609	16.2835	6.4463	0.6983	1.0	1.0	1.0
skygarden	Scene_Faos01	678	257.5299	119.6771	217.9199	0.588	0.2053	0.1575	-0.7663	16.2835	6.4463	0.6983	1.0	1.0	1.0
skygarden	Scene_Faos01	679	270.9899	119.6771	218.6	0.588	-0.2053	-0.1575	-0.7663	16.2835	6.4463	0.6983	1.0	1.0	1.0
skygarden	Scene_Faos01	680	277.1759	119.8416	208.52	0.4304	-0.5609	-0.4304	-0.5609	16.2835	5.1744	0.6983	1.0	1.0	1.0
skygarden	Scene_Faos01	681	256.7887	116.7229	194.365	0.0	0.9659	0.0	-0.2588	20.5188	8.2783	0.6983	1.0	1.0	1.0
skygarden	Scene_Faos01	682	250.1399	116.7229	206.8399	0.0	0.7071	0.0	-0.7071	20.5189	8.2783	0.6983	1.0	1.0	1.0
skygarden	Scene_Faos01	683	257.8699	116.7229	219.86	0.0	0.2588	0.0	-0.9659	20.5188	8.2783	0.6983	1.0	1.0	1.0
skygarden	Scene_Faos01	684	278.5053	116.7229	217.0057	0.0	-0.2588	0.0	-0.9659	5.8349	8.2783	0.6983	1.0	1.0	1.0
skygarden	Scene_Faos01	685	266.41	116.7229	223.99	0.0	-0.2588	0.0	-0.9659	5.8349	8.2783	0.6983	1.0	1.0	1.0
skygarden	Scene_Faos01	686	272.844	115.9573	221.1325	0.0	-0.2588	0.0	-0.9659	8.3848	6.7476	0.6983	1.0	1.0	1.0
skygarden	Scene_Faos01	687	279.5799	116.7229	213.3899	0.0	0.7071	0.0	0.7071	6.5198	8.2783	0.6983	1.0	1.0	1.0
skygarden	Scene_Faos01	688	280.5325	119.3099	207.5323	0.0	0.7071	0.0	0.7071	8.5946	1.9449	2.2933	1.0	1.0	1.0
skygarden	Scene_Faos01	689	285.8758	116.7229	212.3627	0.0	0.7071	0.0	0.7071	3.2314	8.2783	12.578	1.0	1.0	1.0
skygarden	Scene_Faos01	690	295.1241	116.7229	214.3399	0.0	0.7071	0.0	0.7071	3.133	8.2783	17.2273	1.0	1.0	1.0
skygarden	Scene_Faos01	691	304.0299	116.7229	214.0	0.0	0.7071	0.0	0.7071	3.133	8.2783	2.4044	1.0	1.0	1.0
skygarden	Scene_Faos01	692	306.3399	116.7229	199.4085	0.0	0.7071	0.0	0.7071	26.3698	8.2783	2.4044	1.0	1.0	1.0
skygarden	Scene_Faos01	693	305.8255	116.7229	180.9924	0.0	0.7071	0.0	0.7071	10.5553	8.2783	3.9356	1.0	1.0	1.0
skygarden	Scene_Faos01	694	306.3699	116.7229	172.47	0.0	0.7071	0.0	0.7071	10.5553	8.2783	3.9356	1.0	1.0	1.0
skygarden	Scene_Faos01	695	299.7416	116.7229	168.1587	0.0	1.0	0.0	0.0	13.0912	8.2783	1.618	1.0	1.0	1.0
skygarden	Scene_Faos01	696	295.7099	117.7399	162.61	0.0	0.7071	0.0	-0.7071	11.9289	7.2209	1.553	1.0	1.0	1.0
skygarden	Scene_Faos01	697	298.5979	119.8985	153.13	0.0	0.7071	0.0	-0.7071	6.0611	11.5382	7.3289	1.0	1.0	1.0
skygarden	Scene_Faos01	698	294.3731	123.1321	147.7008	0.0	1.0	0.0	0.0	4.0547	5.0974	4.8973	1.0	1.0	1.0
skygarden	Scene_Faos01	699	298.4299	119.8985	141.1699	0.0	0.7071	0.0	-0.7071	8.252	11.5382	7.8023	1.0	1.0	1.0
skygarden	Scene_Faos01	700	288.6438	119.332	140.9949	0.0	0.7071	0.0	-0.7071	0.7324	10.4054	11.8611	1.0	1.0	1.0
skygarden	Scene_Faos01	701	278.3973	119.332	140.57	0.0	0.7071	0.0	-0.7071	0.7324	10.4054	7.036	1.0	1.0	1.0
skygarden	Scene_Faos01	702	273.0712	119.332	140.2696	0.0	0.7131	0.0	-0.701	0.7324	10.4054	2.514	1.0	1.0	1.0
skygarden	Scene_Faos01	703	270.4273	119.332	139.8983	0.0	0.8154	0.0	-0.5787	0.5145	10.4054	3.0678	1.0	1.0	1.0
skygarden	Scene_Faos01	704	268.1189	119.332	138.8428	0.0	0.8761	0.0	-0.482	0.5145	10.4054	2.3563	1.0	1.0	1.0
skygarden	Scene_Faos01	705	266.3309	119.332	137.4766	0.0	0.9127	0.0	-0.4085	0.5145	10.4054	2.3563	1.0	1.0	1.0
skygarden	Scene_Faos01	706	266.0925	119.332	138.1766	0.0	0.9127	0.0	-0.4085	0.5145	10.4054	1.1578	1.0	1.0	1.0
skygarden	Scene_Faos01	707	267.5018	119.332	139.1647	0.0	0.8647	0.0	-0.5021	0.6048	10.4054	1.2181	1.0	1.0	1.0
skygarden	Scene_Faos01	708	264.8113	119.332	135.8489	0.0	0.9488	0.0	-0.3157	0.5145	10.4054	2.3563	1.0	1.0	1.0
skygarden	Scene_Faos01	709	263.7319	119.332	134.1009	0.0	0.9732	0.0	-0.2297	0.5145	10.4054	2.3563	1.0	1.0	1.0
skygarden	Scene_Faos01	710	262.92	119.332	132.07	0.0	0.9883	0.0	-0.152	0.5145	10.4054	2.3563	1.0	1.0	1.0
skygarden	Scene_Faos01	711	262.4649	119.332	130.106	0.0	0.9965	0.0	-0.0835	0.5145	10.4054	2.3563	1.0	1.0	1.0
skygarden	Scene_Faos01	712	262.2909	119.332	127.2526	0.0	0.0	0.0	1.0	0.5145	10.4054	3.9452	1.0	1.0	1.0
skygarden	Scene_Faos01	713	261.75	119.332	129.6885	0.0	0.0	0.0	1.0	0.5145	10.4054	2.4562	1.0	1.0	1.0
skygarden	Scene_Faos01	714	260.3399	119.332	125.319	0.0	0.0	0.0	1.0	4.0452	10.4054	2.5279	1.0	1.0	1.0
skygarden	Scene_Faos01	715	303.7099	119.8917	147.86	0.0	0.7071	0.0	-0.7071	7.7426	11.5243	7.3289	1.0	1.0	1.0
skygarden	Scene_Faos01	716	303.88	116.7229	185.4409	0.0	0.7071	0.0	0.7071	1.5809	8.2783	1.8843	1.0	1.0	1.0
skygarden	Scene_Faos01	717	294.5079	116.7229	157.003	0.0	0.7071	0.0	0.7071	1.5809	8.2783	1.8843	1.0	1.0	1.0
skygarden	Scene_Faos01	718	295.0813	116.7229	151.4393	0.0	0.7071	0.0	0.7071	1.6645	8.2783	0.9691	1.0	1.0	1.0
skygarden	Scene_Faos01	719	281.7669	116.7229	141.0149	0.0	0.7071	0.0	0.7071	1.5344	8.2783	1.7176	1.0	1.0	1.0
skygarden	Scene_Faos01	720	274.6106	116.7229	140.57	0.0	0.7071	0.0	0.7071	1.5344	8.2783	0.7591	1.0	1.0	1.0
skygarden	Scene_Faos01	721	303.88	116.7229	199.3099	0.0	0.7071	0.0	0.7071	1.5809	8.2783	1.8843	1.0	1.0	1.0
skygarden	Scene_Faos01	722	240.8598	118.7712	156.44	0.0	0.7071	0.0	0.7071	0.3044	11.0408	14.0273	1.0	1.0	1.0
skygarden	Scene_Faos01	723	248.4783	118.7712	157.0764	0.0	0.3826	0.0	0.9238	0.3044	11.0408	1.8525	1.0	1.0	1.0
skygarden	Scene_Faos01	724	240.5151	118.7712	139.0233	0.0	-0.0284	0.0	0.9995	6.3295	11.0408	2.5662	1.0	1.0	1.0
skygarden	Scene_Faos01	725	243.49	118.7712	137.6199	0.0	-0.1109	0.0	0.9938	0.9848	11.0408	2.5662	1.0	1.0	1.0
skygarden	Scene_Faos01	726	244.1105	118.7712	135.7106	0.0	-0.2066	0.0	0.9784	0.9291	11.0408	3.3702	1.0	1.0	1.0
skygarden	Scene_Faos01	727	245.4709	118.7712	133.1788	0.0	-0.3051	0.0	0.9523	0.9291	11.0408	3.3702	1.0	1.0	1.0
skygarden	Scene_Faos01	728	247.421	118.7712	130.9788	0.0	-0.4032	0.0	0.915	0.9291	11.0408	3.3702	1.0	1.0	1.0
skygarden	Scene_Faos01	729	249.5209	118.7712	129.3988	0.0	-0.4876	0.0	0.873	0.9291	11.0408	3.3702	1.0	1.0	1.0
skygarden	Scene_Faos01	730	251.5809	118.7712	128.3988	0.0	-0.5687	0.0	0.8224	0.9291	11.0408	3.3702	1.0	1.0	1.0
skygarden	Scene_Faos01	731	253.1309	118.7712	127.9087	0.0	-0.6365	0.0	0.7712	0.9291	11.0408	3.3702	1.0	1.0	1.0
skygarden	Scene_Faos01	732	256.2738	118.7712	124.7854	0.0	0.7071	0.0	0.7071	6.6535	11.0408	5.3559	1.0	1.0	1.0
skygarden	Scene_Faos01	733	367.4666	211.9674	156.9235	0.1428	-0.6925	-0.1428	0.6925	8.2025	1.0	4.2045	1.0	1.0	1.0
skygarden	Scene_Faos01	734	367.4711	211.9799	189.1817	-0.1423	0.6926	-0.1423	0.6926	8.2025	1.0	4.0654	1.0	1.0	1.0
skygarden	Scene_Faos01	735	367.3528	210.944	173.0142	0.0	-0.7071	0.0	0.7071	54.4526	1.0	30.3276	1.0	1.0	1.0
skygarden	Scene_Faos01	736	341.1171	210.9799	173.2704	0.0	-0.7071	0.0	0.7071	24.8185	1.0	23.3988	1.0	1.0	1.0
skygarden	Scene_Faos01	737	352.6	211.1609	172.75	0.0	-0.7071	0.0	0.7071	13.0364	1.0	1.2269	1.0	1.0	1.0
skygarden	Scene_Faos01	738	385.4537	210.983	173.0142	0.0	-0.7071	0.0	0.7071	13.1674	1.0	11.7814	1.0	1.0	1.0
skygarden	Scene_Faos01	739	361.4367	213.5372	197.4687	0.0	-0.7071	0.0	0.7071	12.5974	0.9761	8.1326	1.0	1.0	1.0
skygarden	Scene_Faos01	740	374.5971	213.544	148.5903	0.0	-0.7071	0.0	-0.7071	12.5974	0.9761	10.3996	1.0	1.0	1.0
skygarden	Scene_Faos01	741	374.8764	213.5372	197.4687	0.0	-0.7071	0.0	0.7071	12.5974	0.9761	10.9549	1.0	1.0	1.0
skygarden	Scene_Faos01	742	361.4414	213.544	148.5903	0.0	-0.7071	0.0	-0.7071	12.5974	0.9761	8.106	1.0	1.0	1.0
skygarden	Scene_Faos01	743	374.8764	212.7442	190.3314	0.0	-0.7071	0.0	0.7071	2.207	0.9761	10.9549	1.0	1.0	1.0
skygarden	Scene_Faos01	744	361.4414	212.7342	155.7539	0.0	-0.7071	0.0	-0.7071	2.207	0.9761	8.106	1.0	1.0	1.0
skygarden	Scene_Faos01	745	361.4869	212.7442	190.3314	0.0	-0.7071	0.0	0.7071	2.207	0.9761	8.0122	1.0	1.0	1.0
skygarden	Scene_Faos01	746	374.5329	212.7342	155.7539	0.0	-0.7071	0.0	-0.7071	2.207	0.9761	10.2457	1.0	1.0	1.0
skygarden	Scene_Faos01	747	374.8764	211.8742	188.3601	0.0	-0.7071	0.0	0.7071	2.207	0.9761	10.9549	1.0	1.0	1.0
skygarden	Scene_Faos01	748	361.4414	211.8643	157.7313	0.0	-0.7071	0.0	-0.7071	2.207	0.9761	8.106	1.0	1.0	1.0
skygarden	Scene_Faos01	749	361.4869	211.8742	188.3601	0.0	-0.7071	0.0	0.7071	2.207	0.9761	8.0122	1.0	1.0	1.0
skygarden	Scene_Faos01	750	374.5329	211.8643	157.7313	0.0	-0.7071	0.0	-0.7071	2.207	0.9761	10.2457	1.0	1.0	1.0
skygarden	Scene_Faos01	751	367.4118	213.5372	197.9178	0.0	-0.7071	0.0	0.7071	10.3828	0.9761	4.0997	1.0	1.0	1.0
skygarden	Scene_Faos01	752	367.4442	213.5424	148.2521	0.0	-0.7071	0.0	-0.7071	10.3828	0.9761	3.9915	1.0	1.0	1.0
skygarden	Scene_Faos01	753	350.6809	218.2462	196.5861	0.0	-0.7071	0.0	0.7071	9.9623	1.3459	10.4832	1.0	1.0	1.0
skygarden	Scene_Faos01	754	350.45	218.0301	172.9969	0.0	-0.7071	0.0	0.7071	37.2164	1.7782	7.0958	1.0	1.0	1.0
skygarden	Scene_Faos01	755	338.6039	218.0301	163.249	0.0	-0.7071	0.0	0.7071	20.1373	1.7782	17.6085	1.0	1.0	1.0
skygarden	Scene_Faos01	756	338.6039	218.0301	182.9866	0.0	-0.7071	0.0	0.7071	20.2642	1.7782	17.6085	1.0	1.0	1.0
skygarden	Scene_Faos01	757	339.4039	218.261	173.0646	0.0	-0.7071	0.0	0.7071	5.141	1.7782	5.6825	1.0	1.0	1.0
skygarden	Scene_Faos01	758	342.2261	218.261	173.0861	0.0	-0.9238	0.0	0.3826	3.7432	1.7782	3.7129	1.0	1.0	1.0
skygarden	Scene_Faos01	759	336.5409	218.261	173.087	0.0	-0.3826	0.0	0.9238	3.7432	1.7782	3.6909	1.0	1.0	1.0
skygarden	Scene_Faos01	760	350.7822	218.2462	148.2196	0.0	-0.7071	0.0	0.7071	12.5164	1.3459	10.6862	1.0	1.0	1.0
skygarden	Scene_Faos01	761	360.22	215.8865	149.5713	-0.1834	-0.6829	-0.1834	0.6829	6.8503	1.0	10.1333	1.0	1.0	1.0
skygarden	Scene_Faos01	762	360.0	216.0115	196.5299	-0.1825	-0.6831	-0.1825	0.6831	6.8503	1.0	10.1372	1.0	1.0	1.0
skygarden	Scene_Faos01	763	359.903	214.386	192.9859	-0.1668	-0.6871	-0.1668	0.6871	0.3896	2.4602	4.5081	1.0	1.0	1.0
skygarden	Scene_Faos01	764	359.8999	214.38	153.117	-0.1668	-0.6871	-0.1668	0.6871	0.4157	2.4602	4.5081	1.0	1.0	1.0
skygarden	Scene_Faos01	765	359.9147	216.0803	192.9859	-0.1834	-0.6829	-0.1834	0.6829	0.3896	1.347	9.3976	1.0	1.0	1.0
skygarden	Scene_Faos01	766	359.9013	216.0803	153.117	-0.1834	-0.6829	-0.1834	0.6829	0.4157	1.347	9.3733	1.0	1.0	1.0
skygarden	Scene_Faos01	767	379.8099	217.8509	177.0166	0.4999	-0.5	0.5	0.5	4.2361	1.0	13.843	1.0	1.0	1.0
skygarden	Scene_Faos01	768	379.6799	220.02	172.9199	0.4999	-0.5	0.5	0.5	4.2283	0.7354	9.4976	1.0	1.0	1.0
skygarden	Scene_Faos01	769	379.8099	219.91	181.6	0.4999	-0.5	0.5	0.5	4.8565	1.0	9.7251	1.0	1.0	1.0
skygarden	Scene_Faos01	770	379.9704	215.0552	181.6	0.2705	-0.6532	0.2705	0.6532	4.8565	0.923	0.9452	1.0	1.0	1.0
skygarden	Scene_Faos01	771	380.6239	214.826	181.6	0.0	-0.7071	0.0	0.7071	4.8565	0.923	1.3794	1.0	1.0	1.0
skygarden	Scene_Faos01	772	381.32	217.8509	178.8099	0.7071	0.0	0.0	0.7071	4.1267	1.0	13.843	1.0	1.0	1.0
skygarden	Scene_Faos01	773	381.32	217.8509	184.44	0.7071	0.0	0.0	0.7071	4.1267	1.0	13.843	1.0	1.0	1.0
skygarden	Scene_Faos01	774	381.423	217.8509	181.6699	0.4999	-0.5	0.5	0.5	5.6788	1.0	13.843	1.0	1.0	1.0
skygarden	Scene_Faos01	775	379.8099	217.8509	195.507	0.4999	-0.5	0.5	0.5	23.0818	1.0	13.843	1.0	1.0	1.0
skygarden	Scene_Faos01	776	362.4299	217.8509	199.08	0.7071	0.0	0.0	0.7071	32.0403	1.0	13.843	1.0	1.0	1.0
skygarden	Scene_Faos01	777	362.4299	223.4299	198.0039	0.7071	0.0	0.0	0.7071	32.0403	2.0422	2.6088	1.0	1.0	1.0
skygarden	Scene_Faos01	778	366.0632	225.2196	195.2326	0.7071	0.0	0.0	0.7071	22.1092	4.8049	0.8945	1.0	1.0	1.0
skygarden	Scene_Faos01	779	366.0632	225.2196	151.0834	0.7071	0.0	0.0	0.7071	22.1092	4.8049	0.8945	1.0	1.0	1.0
skygarden	Scene_Faos01	780	362.4299	223.4299	148.0899	0.7071	0.0	0.0	0.7071	32.0403	1.9651	2.6088	1.0	1.0	1.0
skygarden	Scene_Faos01	781	354.6716	221.0543	192.2277	0.7071	0.0	0.0	0.7071	2.556	1.2763	6.9882	1.0	1.0	1.0
skygarden	Scene_Faos01	782	354.6716	221.0543	153.8699	0.7071	0.0	0.0	0.7071	2.556	1.2932	6.9882	1.0	1.0	1.0
skygarden	Scene_Faos01	783	356.1799	222.0599	192.2277	0.7071	0.0	0.0	0.7071	3.6904	1.2763	4.2137	1.0	1.0	1.0
skygarden	Scene_Faos01	784	356.1799	222.0599	153.8699	0.7071	0.0	0.0	0.7071	3.6904	1.2932	4.2137	1.0	1.0	1.0
skygarden	Scene_Faos01	785	353.9616	217.182	192.2277	0.7071	0.0	0.0	0.7071	1.1361	1.2763	0.8008	1.0	1.0	1.0
skygarden	Scene_Faos01	786	353.9616	217.182	153.8699	0.7071	0.0	0.0	0.7071	1.1361	1.2932	0.8008	1.0	1.0	1.0
skygarden	Scene_Faos01	787	355.0434	217.5274	192.2277	0.6856	0.1727	0.1727	0.6856	1.6269	1.2763	0.8008	1.0	1.0	1.0
skygarden	Scene_Faos01	788	355.0434	217.5274	153.8699	0.6856	0.1727	0.1727	0.6856	1.6269	1.2932	0.8008	1.0	1.0	1.0
skygarden	Scene_Faos01	789	356.8382	219.703	192.2277	0.6644	0.2419	0.2419	0.6644	4.1171	1.2763	2.1384	1.0	1.0	1.0
skygarden	Scene_Faos01	790	356.8382	219.703	153.8699	0.6644	0.2419	0.2419	0.6644	4.1171	1.2932	2.1384	1.0	1.0	1.0
skygarden	Scene_Faos01	791	366.698	225.8894	153.8605	0.7071	0.0	0.0	0.7071	20.9895	1.2994	7.1966	1.0	1.0	1.0
skygarden	Scene_Faos01	792	366.698	225.8894	192.1853	0.7071	0.0	0.0	0.7071	20.9895	1.4361	7.1966	1.0	1.0	1.0
skygarden	Scene_Faos01	793	350.2909	224.2339	153.863	0.7071	0.0	0.0	0.7071	6.2609	1.394	1.4377	1.0	1.0	1.0
skygarden	Scene_Faos01	794	350.2909	224.2339	192.1999	0.7071	0.0	0.0	0.7071	6.2609	1.394	1.4377	1.0	1.0	1.0
skygarden	Scene_Faos01	795	350.2909	225.042	172.9131	0.7071	0.0	0.0	0.7071	6.2609	48.988	1.4377	1.0	1.0	1.0
skygarden	Scene_Faos01	796	354.6499	225.11	172.8872	0.7071	0.0	0.0	0.7071	3.777	48.4755	2.9368	1.0	1.0	1.0
skygarden	Scene_Faos01	797	347.6799	223.6399	153.863	0.6532	0.2705	0.2705	0.6532	1.8618	1.394	1.4377	1.0	1.0	1.0
skygarden	Scene_Faos01	798	359.5499	222.5399	192.2496	0.6735	0.2152	0.2152	0.6735	4.5369	1.3167	3.3364	1.0	1.0	1.0
skygarden	Scene_Faos01	799	359.5499	222.5399	153.8899	0.6735	0.2152	0.2152	0.6735	4.5369	1.334	3.3364	1.0	1.0	1.0
skygarden	Scene_Faos01	800	347.6799	223.6399	192.1999	0.6532	0.2705	0.2705	0.6532	1.8618	1.394	1.4377	1.0	1.0	1.0
skygarden	Scene_Faos01	801	353.6679	223.4129	153.863	0.683	0.183	0.183	0.683	1.2674	1.394	1.4377	1.0	1.0	1.0
skygarden	Scene_Faos01	802	353.6679	223.4129	192.216	0.683	0.183	0.183	0.683	1.2674	1.3383	1.4377	1.0	1.0	1.0
skygarden	Scene_Faos01	803	347.3905	219.9794	153.865	0.7071	0.0	0.0	0.7071	0.4858	1.2763	6.7063	1.0	1.0	1.0
skygarden	Scene_Faos01	804	347.3905	219.9794	192.2299	0.7071	0.0	0.0	0.7071	0.4858	1.2763	6.7063	1.0	1.0	1.0
skygarden	Scene_Faos01	805	375.4241	218.6374	198.0222	0.7071	0.0	0.0	0.7071	9.7274	1.8645	12.2704	1.0	1.0	1.0
skygarden	Scene_Faos01	806	375.4241	218.6374	148.1399	0.7071	0.0	0.0	0.7071	9.7274	1.8645	12.2704	1.0	1.0	1.0
skygarden	Scene_Faos01	807	353.7488	218.8755	173.0937	0.7071	0.0	0.0	0.7071	0.5892	37.4301	2.8251	1.0	1.0	1.0
skygarden	Scene_Faos01	808	377.2897	218.6374	192.2467	0.7071	0.0	0.0	0.7071	5.9959	1.3178	12.2704	1.0	1.0	1.0
skygarden	Scene_Faos01	809	377.2897	218.6374	153.86	0.7071	0.0	0.0	0.7071	5.9959	1.3178	12.2704	1.0	1.0	1.0
skygarden	Scene_Faos01	810	362.4299	217.8509	146.88	0.7071	0.0	0.0	0.7071	32.0403	1.0	13.843	1.0	1.0	1.0
skygarden	Scene_Faos01	811	339.1075	222.011	154.47	0.7071	0.0	0.0	0.7071	15.7446	1.0	6.4843	1.0	1.0	1.0
skygarden	Scene_Faos01	812	339.1075	222.011	173.05	0.7071	0.0	0.0	0.7071	15.7446	0.7616	6.4843	1.0	1.0	1.0
skygarden	Scene_Faos01	813	339.1075	223.9272	172.2424	0.7071	0.0	0.0	0.7071	15.7446	0.9199	2.225	1.0	1.0	1.0
skygarden	Scene_Faos01	814	339.1075	223.9272	173.888	0.7071	0.0	0.0	0.7071	15.7446	0.9199	2.225	1.0	1.0	1.0
skygarden	Scene_Faos01	815	339.1075	225.2689	182.9864	0.7071	0.0	0.0	0.7071	15.7446	17.6035	2.225	1.0	1.0	1.0
skygarden	Scene_Faos01	816	339.1075	225.2689	163.3321	0.7071	0.0	0.0	0.7071	15.7446	17.6035	2.225	1.0	1.0	1.0
skygarden	Scene_Faos01	817	341.913	217.5455	172.5807	0.7071	0.0	0.0	0.7071	21.3559	20.0557	0.4514	1.0	1.0	1.0
skygarden	Scene_Faos01	818	339.1075	222.011	191.7299	0.7071	0.0	0.0	0.7071	15.7446	1.0	6.4843	1.0	1.0	1.0
skygarden	Scene_Faos01	819	331.42	222.011	182.2438	0.5	0.5	-0.5	0.5	18.2758	1.0	6.4842	1.0	1.0	1.0
skygarden	Scene_Faos01	820	331.3699	222.011	163.4624	0.5	0.5	-0.5	0.5	19.2535	1.0	6.4842	1.0	1.0	1.0
skygarden	Scene_Faos01	821	347.0899	222.011	156.9261	0.5	0.5	-0.5	0.5	24.5427	0.6135	6.4842	1.0	1.0	1.0
skygarden	Scene_Faos01	822	347.0899	222.011	173.0686	0.5	0.5	-0.5	0.5	2.6809	0.6135	6.4842	1.0	1.0	1.0
skygarden	Scene_Faos01	823	347.0899	223.664	173.1399	0.5	0.5	-0.5	0.5	8.121	0.6135	1.6558	1.0	1.0	1.0
skygarden	Scene_Faos01	824	347.0899	222.011	190.9557	0.5	0.5	-0.5	0.5	28.0485	0.6135	6.4842	1.0	1.0	1.0
skygarden	Scene_Faos01	825	347.9747	214.21	191.1743	0.5	0.5	-0.5	0.5	16.0784	0.3748	6.4842	1.0	1.0	1.0
skygarden	Scene_Faos01	826	333.98	214.21	173.3061	0.5	0.5	-0.5	0.5	20.5948	0.3748	6.4842	1.0	1.0	1.0
skygarden	Scene_Faos01	827	343.3024	214.21	163.83	0.7071	0.0	0.0	0.7071	18.5241	0.3748	6.4842	1.0	1.0	1.0
skygarden	Scene_Faos01	828	343.3024	214.21	182.3699	0.7071	0.0	0.0	0.7071	18.5241	0.3748	6.4842	1.0	1.0	1.0
skygarden	Scene_Faos01	829	352.6257	214.21	181.4277	0.5	0.4999	-0.4999	0.5	4.3517	1.3193	6.4842	1.0	1.0	1.0
skygarden	Scene_Faos01	830	352.6257	213.608	179.9447	0.4157	0.4157	-0.5719	0.5719	4.3517	1.3193	6.7315	1.0	1.0	1.0
skygarden	Scene_Faos01	831	352.6257	216.4279	173.108	0.0	0.0	-0.7071	0.7071	1.2914	1.3193	13.5245	1.0	1.0	1.0
skygarden	Scene_Faos01	832	350.0205	214.21	183.9499	0.5	0.4999	-0.4999	0.5	0.949	4.0391	6.4842	1.0	1.0	1.0
skygarden	Scene_Faos01	833	350.0205	214.21	162.1699	0.5	0.4999	-0.4999	0.5	0.949	4.0391	6.4842	1.0	1.0	1.0
skygarden	Scene_Faos01	834	350.8579	217.2579	154.8724	0.0	0.0	-0.7071	0.7071	0.949	5.7137	15.5001	1.0	1.0	1.0
skygarden	Scene_Faos01	835	355.3952	217.4828	150.2109	0.0	0.0	-0.7071	0.7071	1.3988	3.9966	6.2217	1.0	1.0	1.0
skygarden	Scene_Faos01	836	355.3952	217.3318	195.9459	0.0	0.0	-0.7071	0.7071	1.0967	3.9966	6.2769	1.0	1.0	1.0
skygarden	Scene_Faos01	837	350.8579	217.2579	191.2984	0.0	0.0	-0.7071	0.7071	0.949	5.7137	15.5001	1.0	1.0	1.0
skygarden	Scene_Faos01	838	352.6256	214.21	164.6768	0.5	0.4999	-0.4999	0.5	4.2709	1.3193	6.4842	1.0	1.0	1.0
skygarden	Scene_Faos01	839	352.6256	213.7214	166.1242	0.572	0.572	-0.4156	0.4156	4.2709	1.3193	6.5697	1.0	1.0	1.0
skygarden	Scene_Faos01	840	347.9747	214.21	154.6929	0.5	0.5	-0.5	0.5	16.0784	0.3748	6.4842	1.0	1.0	1.0
skygarden	Scene_Faos01	841	349.854	211.5933	154.6929	0.5	0.5	-0.5	0.5	16.0784	4.4141	1.5671	1.0	1.0	1.0
skygarden	Scene_Faos01	842	349.854	211.5933	191.6399	0.5	0.5	-0.5	0.5	16.0784	4.4141	1.5671	1.0	1.0	1.0
skygarden	Scene_Faos01	843	357.584	211.74	152.8636	0.5	0.5	-0.5	0.5	12.4189	2.1094	1.6326	1.0	1.0	1.0
skygarden	Scene_Faos01	844	378.47	211.7241	152.9799	0.5	0.5	-0.5	0.5	12.4189	2.1094	1.6007	1.0	1.0	1.0
skygarden	Scene_Faos01	845	357.584	211.7342	193.2373	0.5	0.5	-0.5	0.5	12.3842	2.1094	1.621	1.0	1.0	1.0
skygarden	Scene_Faos01	846	378.47	211.7098	193.1	0.5	0.5	-0.5	0.5	12.3842	2.1094	1.5724	1.0	1.0	1.0
skygarden	Scene_Faos01	847	357.584	212.7908	150.6499	0.5	0.5	-0.5	0.5	8.2015	2.1094	3.9107	1.0	1.0	1.0
skygarden	Scene_Faos01	848	357.584	212.7908	195.55	0.5	0.5	-0.5	0.5	8.2015	2.1094	3.9107	1.0	1.0	1.0
skygarden	Scene_Faos01	849	357.584	215.759	149.9364	0.5	0.5	-0.5	0.5	6.7739	2.1094	2.1089	1.0	1.0	1.0
skygarden	Scene_Faos01	850	357.584	215.759	196.1746	0.5	0.5	-0.5	0.5	6.7687	2.1094	2.1089	1.0	1.0	1.0
skygarden	Scene_Faos01	851	357.584	212.2407	156.1862	0.6014	0.6014	-0.3718	0.3718	4.8719	2.1094	3.1643	1.0	1.0	1.0
skygarden	Scene_Faos01	852	378.47	212.3081	156.0384	0.6014	0.6014	-0.3718	0.3718	5.4054	2.1094	3.1643	1.0	1.0	1.0
skygarden	Scene_Faos01	853	357.584	212.2294	189.9552	0.3716	0.3716	-0.6015	0.6015	4.925	2.1094	3.1643	1.0	1.0	1.0
skygarden	Scene_Faos01	854	378.47	212.2449	189.9689	0.3716	0.3716	-0.6015	0.6015	5.2092	2.1094	3.1643	1.0	1.0	1.0
skygarden	Scene_Faos01	855	379.8099	217.8509	154.9237	0.4999	-0.5	0.5	0.5	32.1876	1.0	13.843	1.0	1.0	1.0
skygarden	Scene_Faos01	856	389.1099	217.8509	172.6699	0.4999	-0.5	0.5	0.5	10.1532	1.0	13.843	1.0	1.0	1.0
skygarden	Scene_Faos01	857	384.9895	217.4869	172.6699	0.0	-0.7071	0.0	0.7071	10.1532	1.0	10.4348	1.0	1.0	1.0
skygarden	Scene_Faos01	858	385.1	217.8509	169.0299	0.7071	0.0	0.0	0.7071	10.1532	1.0	13.843	1.0	1.0	1.0
skygarden	Scene_Faos01	859	385.1	217.8509	176.91	0.7071	0.0	0.0	0.7071	10.1532	1.0	13.843	1.0	1.0	1.0
skygarden	Scene_Faos01	860	344.2999	214.1372	173.087	0.5	-0.4999	0.4999	0.5	2.8565	0.4612	5.4021	1.0	1.0	1.0
skygarden	Scene_Faos01	861	340.9299	214.1372	171.1399	0.683	0.183	-0.183	0.683	2.8565	0.4612	5.4021	1.0	1.0	1.0
skygarden	Scene_Faos01	862	343.1799	214.1372	171.1399	0.683	-0.183	0.183	0.683	2.8565	0.4612	5.4021	1.0	1.0	1.0
skygarden	Scene_Faos01	863	339.7999	214.1372	173.087	0.5	-0.4999	0.4999	0.5	2.8565	0.4612	5.4021	1.0	1.0	1.0
skygarden	Scene_Faos01	864	343.1799	214.1372	175.0399	0.683	0.183	-0.183	0.683	2.8565	0.4612	5.4021	1.0	1.0	1.0
skygarden	Scene_Faos01	865	340.9299	214.1372	175.0399	0.683	-0.183	0.183	0.683	2.8565	0.4612	5.4021	1.0	1.0	1.0
skygarden	Scene_Faos01	866	343.8862	213.9799	182.21	0.7071	0.0	0.0	0.7071	12.2227	0.8517	5.0872	1.0	1.0	1.0
skygarden	Scene_Faos01	867	343.5057	213.9799	164.0	0.7071	0.0	0.0	0.7071	13.1877	0.8517	5.0872	1.0	1.0	1.0
skygarden	Scene_Main	28	566.08	144.3699	1311.54	0.4695	0.4695	0.5286	0.5286	2.8248	1.7494	7.8825	1.0	1.0	1.0
skygarden	Scene_Main	29	552.4788	148.6537	1349.779	0.4533	0.4533	0.5426	0.5426	11.3923	1.7494	10.5965	1.0	1.0	1.0
skygarden	Scene_Main	30	557.1077	148.6537	1356.4499	-0.0631	-0.0631	0.7042	0.7042	11.3923	1.7494	10.5965	1.0	1.0	1.0
skygarden	Scene_Main	31	550.4365	148.6539	1361.0789	-0.5426	-0.5426	0.4533	0.4533	11.3923	1.7494	10.5965	1.0	1.0	1.0
skygarden	Scene_Main	32	545.8076	148.6539	1354.4079	-0.7042	-0.7042	-0.0631	-0.0631	11.3923	1.7494	10.5964	1.0	1.0	1.0
skygarden	Scene_Main	33	547.1638	148.6537	1349.2209	0.6265	0.6265	0.3278	0.3278	11.3923	1.7494	1.8639	1.0	1.0	1.0
skygarden	Scene_Main	34	557.6608	148.6537	1351.125	0.2111	0.2111	0.6748	0.6748	11.3923	1.7494	1.8639	1.0	1.0	1.0
skygarden	Scene_Main	35	555.7617	148.6539	1361.6319	-0.3278	-0.3278	0.6265	0.6265	11.3923	1.7494	1.8639	1.0	1.0	1.0
skygarden	Scene_Main	36	545.2545	148.6539	1359.733	-0.6748	-0.6748	0.2111	0.2111	11.3923	1.7494	1.8639	1.0	1.0	1.0
skygarden	Scene_Main	37	592.1599	149.1923	1337.1099	0.6272	0.6272	0.3263	0.3263	11.4512	2.4686	7.1559	1.0	1.0	1.0
skygarden	Scene_Main	38	587.0399	149.1923	1338.5999	0.4817	0.4817	0.5176	0.5176	11.4512	2.4686	5.7782	1.0	1.0	1.0
skygarden	Scene_Main	39	579.4478	149.1923	1328.036	0.6945	0.6945	0.1325	0.1325	11.4512	2.0121	6.4636	1.0	1.0	1.0
skygarden	Scene_Main	40	582.77	149.1923	1323.5799	0.6365	0.6365	0.3078	0.3078	11.4512	2.0121	6.4637	1.0	1.0	1.0
skygarden	Scene_Main	41	569.9279	144.3699	1312.302	0.24	0.24	0.6651	0.6651	2.8248	1.7494	1.578	1.0	1.0	1.0
skygarden	Scene_Main	42	613.26	155.97	1374.14	-0.0597	-0.0597	0.7045	0.7045	38.2693	1.7494	37.6101	1.0	1.0	1.0
skygarden	Scene_Main	43	594.1099	155.97	1402.9699	-0.328	-0.328	0.6263	0.6263	38.2693	1.7494	40.9524	1.0	1.0	1.0
skygarden	Scene_Main	44	573.4	155.97	1412.42	-0.5423	-0.5423	0.4537	0.4537	38.2693	1.7494	13.2428	1.0	1.0	1.0
skygarden	Scene_Main	45	566.45	155.97	1409.3	-0.6746	-0.6746	0.2116	0.2116	38.2694	1.7494	9.2463	1.0	1.0	1.0
skygarden	Scene_Main	46	558.9188	155.97	1407.847	-0.3273	-0.3273	0.6267	0.6267	38.2693	1.7494	11.6986	1.0	1.0	1.0
skygarden	Scene_Main	47	536.9299	142.5957	1406.25	-0.5423	-0.5423	0.4537	0.4537	11.5192	1.7494	39.5459	1.0	1.0	1.0
skygarden	Scene_Main	48	553.78	148.1562	1409.27	-0.5423	-0.5423	0.4537	0.4537	14.9716	1.7494	3.9992	1.0	1.0	1.0
skygarden	Scene_Main	49	533.3099	145.7799	1405.5999	-0.5685	-0.514	0.4203	0.4854	11.5192	1.7494	19.253	1.0	1.0	1.0
skygarden	Scene_Main	50	547.3427	154.059	1410.681	-0.3845	-0.2673	0.5933	0.6546	10.0505	1.7494	12.963	1.0	1.0	1.0
skygarden	Scene_Main	51	497.492	154.0688	1340.9739	-0.3845	-0.2673	0.5933	0.6546	10.0505	1.7494	12.8547	1.0	1.0	1.0
skygarden	Scene_Main	52	523.0144	158.5621	1403.353	-0.6259	-0.5797	0.3235	0.4091	11.145	1.7494	45.3126	1.0	1.0	1.0
skygarden	Scene_Main	53	501.4881	161.4855	1390.3079	-0.6926	-0.6571	0.2208	0.1989	11.5038	1.7494	8.9309	1.0	1.0	1.0
skygarden	Scene_Main	54	496.2538	157.6786	1364.956	-0.7138	-0.6918	0.1068	-0.0186	11.9551	1.7494	46.2401	1.0	1.0	1.0
skygarden	Scene_Main	55	506.996	143.5	1386.983	-0.676	-0.676	0.2073	0.2073	13.328	1.7494	42.0452	1.0	1.0	1.0
skygarden	Scene_Main	56	508.5	145.9891	1385.4699	-0.6742	-0.6742	0.2129	0.2129	18.307	1.7494	20.378	1.0	1.0	1.0
skygarden	Scene_Main	57	513.4445	149.9479	1372.3399	-0.7049	-0.7049	0.0552	0.0552	10.391	1.7494	17.3149	1.0	1.0	1.0
skygarden	Scene_Main	58	522.5599	149.9479	1385.15	-0.6075	-0.6075	0.3618	0.3618	10.391	1.7494	16.8696	1.0	1.0	1.0
skygarden	Scene_Main	59	526.0712	149.6719	1392.045	-0.6724	-0.6724	0.2187	0.2187	8.8613	11.4314	1.0897	1.0	1.0	1.0
skygarden	Scene_Main	60	508.1766	149.6719	1366.7209	-0.6775	-0.6775	0.2024	0.2024	8.8613	11.9257	1.0897	1.0	1.0	1.0
skygarden	Scene_Main	61	513.63	145.2225	1397.31	-0.7056	-0.7056	-0.045	-0.045	16.7744	1.7494	7.9861	1.0	1.0	1.0
skygarden	Scene_Main	62	499.23	145.2225	1377.15	-0.5308	-0.5308	0.4671	0.4671	16.7744	1.7494	7.9861	1.0	1.0	1.0
skygarden	Scene_Main	63	498.76	142.8177	1351.3199	-0.7044	-0.7044	-0.0614	-0.0614	11.9628	1.7494	40.0211	1.0	1.0	1.0
skygarden	Scene_Main	64	501.5979	151.2899	1335.1409	-0.7044	-0.7044	-0.0614	-0.0614	20.0677	1.7494	6.166	1.0	1.0	1.0
skygarden	Scene_Main	65	498.0199	146.3099	1355.53	-0.7099	-0.6966	-0.0131	-0.1025	11.4421	1.7494	16.6367	1.0	1.0	1.0
skygarden	Scene_Main	66	506.7099	155.97	1329.04	-0.627	-0.627	-0.3268	-0.3268	38.2694	1.7494	14.1819	1.0	1.0	1.0
skygarden	Scene_Main	67	513.69	155.97	1319.77	-0.7044	-0.7044	-0.0608	-0.0608	38.2695	1.7494	13.4532	1.0	1.0	1.0
skygarden	Scene_Main	68	528.6199	155.97	1305.15	-0.6273	-0.6273	-0.3263	-0.3263	38.2695	1.7494	35.4567	1.0	1.0	1.0
skygarden	Scene_Main	69	554.77	155.97	1300.7099	-0.4554	-0.4554	-0.5409	-0.5409	38.2695	1.7494	35.6496	1.0	1.0	1.0
skygarden	Scene_Main	70	577.299	155.97	1311.7459	-0.2126	-0.2126	-0.6743	-0.6743	38.2695	1.7494	21.8394	1.0	1.0	1.0
skygarden	Scene_Main	71	582.63	155.97	1322.42	0.0695	0.0695	-0.7036	-0.7036	38.2695	1.7494	6.2247	1.0	1.0	1.0
skygarden	Scene_Main	72	597.27	155.97	1335.92	0.4583	0.4583	0.5384	0.5384	38.2693	1.7494	8.4435	1.0	1.0	1.0
skygarden	Scene_Main	73	598.82	155.97	1330.4799	0.6279	0.6279	0.3251	0.3251	38.2694	3.4324	18.3911	1.0	1.0	1.0
skygarden	Scene_Main	74	610.1699	155.97	1347.7399	0.2119	0.2119	0.6746	0.6746	38.2694	3.4324	31.8739	1.0	1.0	1.0
skygarden	Scene_Main	75	588.4799	155.97	1321.41	0.6279	0.6279	0.3251	0.3251	38.2694	3.4324	18.3911	1.0	1.0	1.0
skygarden	Scene_Main	76	590.8206	155.97	1320.604	0.6279	0.6279	0.3251	0.3251	38.2694	3.148	19.8444	1.0	1.0	0.6779
skygarden	Scene_Main	77	638.2069	128.296	1250.6419	-0.0034	0.3512	-0.0125	0.9361	47.4799	0.7001	23.4801	1.0	1.0	1.0
skygarden	Scene_Main	78	661.1909	127.8899	1244.879	-0.0003	0.3852	-0.0062	0.9227	28.3594	0.7001	39.3052	1.0	1.0	1.0
skygarden	Scene_Main	79	635.8569	127.41	1213.8699	0.0	-0.3331	0.0	0.9428	52.7395	1.7141	39.3052	1.0	1.0	1.0
skygarden	Scene_Main	80	654.3909	127.41	1186.529	0.0	-0.192	0.0	0.9813	52.7395	1.7141	39.3052	1.0	1.0	1.0
skygarden	Scene_Main	81	651.4219	127.41	1150.707	0.0	-0.5673	0.0	0.8235	59.5819	1.714	85.7286	1.0	1.0	1.0
skygarden	Scene_Main	82	614.903	127.41	1227.5729	0.0	-0.4432	0.0	0.8963	57.3707	1.7141	39.2654	1.0	1.0	1.0
skygarden	Scene_Main	83	617.572	125.9599	1278.394	0.0	-0.4618	0.0	0.8869	52.7395	1.7141	43.5068	1.0	1.0	1.0
skygarden	Scene_Main	84	647.291	126.83	1315.5489	0.0	-0.4001	0.0	0.9164	52.7395	1.7141	43.5068	1.0	1.0	1.0
skygarden	Scene_Main	85	584.26	125.94	1228.91	0.0	-0.487	0.0	0.8733	75.2169	1.7141	43.5068	1.0	1.0	1.0
skygarden	Scene_Main	86	609.596	126.5699	1256.0479	0.0	-0.4893	0.0	0.872	117.6502	1.7141	25.607	1.0	1.0	1.0
skygarden	Scene_Main	87	567.0109	125.8099	1220.9289	0.0	-0.4618	0.0	0.8869	57.6992	1.3971	43.5068	1.0	1.0	1.0
skygarden	Scene_Main	88	547.5	125.8099	1227.6999	0.0	-0.7091	0.0	0.705	57.6992	1.3971	39.668	1.0	1.0	1.0
skygarden	Scene_Main	89	518.4609	125.8099	1209.3289	0.0	-0.8667	0.0	0.4986	72.997	1.3971	62.4906	1.0	1.0	1.0
skygarden	Scene_Main	90	500.13	125.8099	1184.31	0.0	-0.6633	0.0	0.7482	42.7852	1.3971	62.4906	1.0	1.0	1.0
skygarden	Scene_Main	91	503.7799	125.8099	1160.682	0.0	-0.8337	0.0	0.5521	40.4795	1.3971	63.292	1.0	1.0	1.0
skygarden	Scene_Main	92	519.551	125.8099	1142.0469	0.0	-0.9508	0.0	0.3095	45.0346	1.3971	62.4906	1.0	1.0	1.0
skygarden	Scene_Main	93	490.065	125.9199	1213.9179	0.0	-0.9656	0.0	0.2597	37.6841	1.3526	39.1629	1.0	1.0	1.0
skygarden	Scene_Main	94	442.1279	131.3999	1240.232	0.0	-0.9656	0.0	0.2597	54.4198	1.3526	8.8342	1.0	1.0	1.0
skygarden	Scene_Main	95	424.346	131.3999	1250.545	0.0	-0.9656	0.0	0.2597	16.7902	1.3526	19.2957	1.0	1.0	1.0
skygarden	Scene_Main	96	472.9309	128.2899	1222.359	-0.1698	-0.9506	0.0456	0.2557	18.4018	1.3526	8.8342	1.0	1.0	1.0
skygarden	Scene_Main	97	478.7609	124.8399	1128.119	0.0	-0.9656	0.0	0.2597	94.5428	1.3971	62.4906	1.0	1.0	1.0
skygarden	Scene_Main	98	439.091	124.8399	1177.4489	0.0	-0.6578	0.0	0.7531	94.5428	1.3971	62.4906	1.0	1.0	1.0
skygarden	Scene_Main	99	471.644	124.8399	1249.586	0.0	-0.4335	0.0	0.9011	56.7321	1.3971	27.6565	1.0	1.0	1.0
skygarden	Scene_Main	100	543.2609	124.8399	1273.729	0.0	-0.0881	0.0	0.9961	126.5177	1.3971	43.7736	1.0	1.0	1.0
skygarden	Scene_Main	101	477.0289	124.69	1039.628	0.0	-0.6415	0.0	0.7671	150.1452	1.3971	29.061	1.0	1.0	1.0
skygarden	Scene_Main	102	396.4309	122.61	1010.439	0.0	-0.9999	0.0	-0.0108	160.6631	1.3971	48.0768	1.0	1.0	1.0
skygarden	Scene_Main	103	545.645	125.692	1264.05	0.0329	0.0101	-0.0001	0.9994	11.0434	0.6849	15.9694	1.0	1.0	1.0
skygarden	Scene_Main	104	475.0499	125.8399	1139.9	0.0164	-0.8628	0.0285	0.5044	11.0435	0.6849	15.9694	1.0	1.0	1.0
skygarden	Scene_Main	105	624.5599	127.9	1232.8299	-0.0235	0.3092	0.0004	0.9506	47.4799	0.7001	25.9172	1.0	1.0	1.0
skygarden	Scene_Main	106	616.26	127.25	1247.7199	0.0	-0.4771	0.0	0.8788	117.6501	1.7141	25.607	1.0	1.0	1.0
skygarden	Scene_Main	107	544.38	126.1399	1129.4499	0.0	-0.9921	0.0	0.1249	45.0346	1.3971	62.4906	1.0	1.0	1.0
skygarden	Scene_Main	108	558.32	126.73	1118.1899	0.0	-0.9921	0.0	0.1249	45.0346	1.3971	62.4906	1.0	1.0	1.0
skygarden	Scene_Main	109	584.26	127.4	1109.9599	0.0	-0.9921	0.0	0.1249	88.9321	1.3971	62.4906	1.0	1.0	1.0
skygarden	Scene_Main	110	632.63	199.8973	1285.4599	0.1381	0.1381	0.6934	0.6934	14.3653	1.7494	10.1557	1.0	1.0	1.0
skygarden	Scene_Main	111	677.8731	196.233	1218.675	0.2529	0.2529	0.6603	0.6603	6.962	1.0877	13.7223	1.0	1.0	1.0
skygarden	Scene_Main	112	626.371	197.4248	1273.1989	0.1381	0.1381	0.6934	0.6934	9.4223	1.7494	18.4499	1.0	1.0	1.0
skygarden	Scene_Main	113	642.64	199.8973	1292.9699	0.3707	0.3707	0.6021	0.6021	14.3653	1.7494	19.3166	1.0	1.0	1.0
skygarden	Scene_Main	114	653.88	199.8941	1294.9	0.5868	0.5868	0.3945	0.3945	14.3653	1.7494	11.1267	1.0	1.0	1.0
skygarden	Scene_Main	115	657.5781	201.63	1289.2089	0.6926	0.6926	-0.1423	-0.1423	17.8365	3.1108	9.599	1.0	1.0	1.0
skygarden	Scene_Main	116	650.6389	192.6473	1279.6519	0.1074	0.1074	-0.6989	-0.6988	2.3696	2.7636	6.4724	1.0	1.0	1.0
skygarden	Scene_Main	117	670.83	197.6658	1274.53	0.3195	0.4943	0.6307	0.5055	6.4335	8.2909	5.0416	1.0	1.0	1.0
skygarden	Scene_Main	118	673.7399	197.8404	1264.1899	0.2875	0.5437	0.6459	0.452	6.4335	14.7404	5.0416	1.0	1.0	1.0
skygarden	Scene_Main	119	670.0499	197.6658	1284.8599	0.4402	0.5861	0.5532	0.3954	6.4335	15.722	5.0416	1.0	1.0	1.0
skygarden	Scene_Main	120	662.5347	192.0464	1172.0069	0.6863	0.6863	-0.17	-0.17	2.3685	2.5199	2.6395	1.0	1.0	1.0
skygarden	Scene_Main	121	668.3699	192.0464	1168.68	0.6863	0.6863	-0.17	-0.17	2.3685	2.5199	2.6395	1.0	1.0	1.0
skygarden	Scene_Main	122	658.4799	189.4279	1164.6899	0.6423	0.7044	-0.2956	-0.0611	2.3685	2.3656	15.9113	1.0	1.0	1.0
skygarden	Scene_Main	123	664.1699	189.4279	1161.4399	0.6423	0.7044	-0.2956	-0.0611	2.3685	2.3656	15.9113	1.0	1.0	1.0
skygarden	Scene_Main	124	635.851	194.8899	1242.4959	0.6418	0.6418	0.2966	0.2966	10.472	1.3743	13.826	1.0	1.0	1.0
skygarden	Scene_Main	125	621.26	195.4299	1259.4399	0.6075	0.6075	0.3618	0.3618	10.472	2.1776	12.2535	1.0	1.0	1.0
skygarden	Scene_Main	126	627.5609	195.4299	1257.6619	0.42	0.42	0.5687	0.5687	10.4721	2.1776	4.1652	1.0	1.0	1.0
skygarden	Scene_Main	127	625.5756	195.4299	1262.8339	0.593	0.593	0.3851	0.3851	10.472	2.802	10.4469	1.0	1.0	1.0
skygarden	Scene_Main	128	623.89	195.4299	1263.6199	0.6916	0.6916	-0.1469	-0.1469	10.4721	2.802	10.4469	1.0	1.0	1.0
skygarden	Scene_Main	129	502.7399	196.83	1213.9899	0.0696	0.0696	0.7036	0.7036	19.7052	18.76	3.498	1.0	1.0	1.0
skygarden	Scene_Main	130	495.94	196.83	1199.78	-0.6456	-0.6456	0.2883	0.2883	19.7052	18.76	3.498	1.0	1.0	1.0
skygarden	Scene_Main	131	491.26	196.83	1211.3199	-0.3612	-0.3612	0.6078	0.6078	19.7052	18.76	3.498	1.0	1.0	1.0
skygarden	Scene_Main	132	578.661	188.578	1125.369	0.2358	0.2358	0.6666	0.6666	0.5239	0.9483	4.6839	1.0	1.0	1.0
skygarden	Scene_Main	133	667.2039	193.5749	1162.4919	0.6147	0.6147	0.3493	0.3493	13.7418	11.8302	2.2143	1.0	1.0	1.0
skygarden	Scene_Main	134	681.2678	196.32	1199.123	0.0	-0.4264	0.0	0.9044	17.0418	8.1866	1.3196	1.0	1.0	1.0
skygarden	Scene_Main	135	676.575	196.32	1191.7989	0.0	-0.2163	0.0	0.9763	1.2544	8.1866	3.166	1.0	1.0	1.0
skygarden	Scene_Main	136	685.5704	196.32	1195.6899	0.0	0.5058	0.0	0.8626	1.2544	8.1866	18.4826	1.0	1.0	1.0
skygarden	Scene_Main	137	694.8632	196.32	1203.052	0.0	0.8307	0.0	0.5566	7.0268	8.1866	0.8797	1.0	1.0	1.0
skygarden	Scene_Main	138	695.1964	196.32	1207.086	0.0	0.9451	0.0	0.3265	3.5821	8.1866	4.2862	1.0	1.0	1.0
skygarden	Scene_Main	139	692.0233	196.32	1207.9329	0.0	0.9712	0.0	-0.2381	1.2939	8.1866	0.5136	1.0	1.0	1.0
skygarden	Scene_Main	140	688.9401	196.32	1206.999	0.0	0.9789	0.0	0.2043	5.9684	8.1866	0.5136	1.0	1.0	1.0
skygarden	Scene_Main	141	608.713	191.94	1074.661	0.3455	0.3455	-0.6169	-0.6169	10.472	19.6467	2.1328	1.0	1.0	1.0
skygarden	Scene_Main	142	609.8162	191.94	1084.555	0.4683	0.4683	-0.5297	-0.5297	10.472	3.3376	4.9009	1.0	1.0	1.0
skygarden	Scene_Main	143	609.2335	191.94	1082.5219	0.6465	0.6465	-0.2864	-0.2864	10.472	3.7624	2.1328	1.0	1.0	1.0
skygarden	Scene_Main	144	601.5599	191.94	1066.9	0.3455	0.3455	-0.6169	-0.6169	10.472	3.1328	3.3288	1.0	1.0	1.0
skygarden	Scene_Main	145	603.7844	191.94	1071.6009	0.3455	0.3455	-0.6169	-0.6169	10.472	3.5244	3.3288	1.0	1.0	1.0
skygarden	Scene_Main	146	609.2999	191.94	1080.5999	0.3455	0.3455	-0.6169	-0.6169	10.472	1.6275	3.3288	1.0	1.0	1.0
skygarden	Scene_Main	147	607.609	189.8679	1076.2249	0.3455	0.3455	-0.6169	-0.6169	6.3287	8.7733	3.3288	1.0	1.0	1.0
skygarden	Scene_Main	148	591.2056	194.8686	1077.0589	0.6837	0.6837	-0.1801	-0.1801	16.3367	1.3941	10.7333	1.0	1.0	1.0
skygarden	Scene_Main	149	592.32	195.6768	1075.03	0.5629	0.5629	-0.4278	-0.4278	17.9526	1.3941	5.4057	1.0	1.0	1.0
skygarden	Scene_Main	150	599.4694	195.6768	1072.9899	0.3581	0.3581	-0.6096	-0.6096	17.9526	1.3941	11.6121	1.0	1.0	1.0
skygarden	Scene_Main	151	594.1119	195.9629	1069.838	0.3455	0.3455	-0.6169	-0.6169	18.5178	3.1328	15.3795	1.0	1.0	1.0
skygarden	Scene_Main	152	641.5629	194.8899	1238.6419	0.6418	0.6418	0.2966	0.2966	10.4721	2.3637	3.4788	1.0	1.0	1.0
skygarden	Scene_Main	153	639.3297	194.8899	1239.8549	0.4832	0.4832	0.5161	0.5161	10.4721	1.3743	3.4788	1.0	1.0	1.0
skygarden	Scene_Main	154	633.51	194.8899	1244.8399	0.7067	0.7067	0.0232	0.0232	10.4721	1.3743	3.4788	1.0	1.0	1.0
skygarden	Scene_Main	155	632.33	194.8899	1247.2099	0.6418	0.6418	0.2966	0.2966	10.4721	1.3743	3.4788	1.0	1.0	1.0
skygarden	Scene_Main	156	630.918	194.8899	1248.0119	0.6993	0.6993	0.1044	0.1044	10.4721	4.0969	3.4788	1.0	1.0	1.0
skygarden	Scene_Main	157	626.103	194.8899	1242.02	0.6061	0.6061	0.3641	0.3641	10.4721	14.9011	3.4788	1.0	1.0	1.0
skygarden	Scene_Main	158	622.038	194.8899	1240.514	0.687	0.687	-0.1672	-0.1672	10.4721	10.1	3.4788	1.0	1.0	1.0
skygarden	Scene_Main	159	629.726	195.4299	1259.8919	0.1293	0.1293	0.6951	0.6951	10.4721	2.1776	4.8523	1.0	1.0	1.0
skygarden	Scene_Main	160	611.78	195.4299	1261.43	0.4215	0.4215	0.5677	0.5677	10.472	2.1776	12.2535	1.0	1.0	1.0
skygarden	Scene_Main	161	603.8679	195.4299	1254.269	0.1708	0.1708	0.6861	0.6861	10.4721	2.1776	13.224	1.0	1.0	1.0
skygarden	Scene_Main	162	618.9899	195.4299	1236.63	0.4204	0.4204	0.5685	0.5685	10.4721	2.1776	13.224	1.0	1.0	1.0
skygarden	Scene_Main	163	609.02	195.4299	1237.8299	0.606	0.606	0.3643	0.3643	10.4721	2.1776	13.224	1.0	1.0	1.0
skygarden	Scene_Main	164	603.7379	195.4299	1245.16	0.4204	0.4204	0.5685	0.5685	10.4721	5.4425	13.1035	1.0	1.0	1.0
skygarden	Scene_Main	165	603.223	195.4299	1245.003	0.4204	0.4204	0.5685	0.5685	10.4721	14.4717	1.9487	1.0	1.0	1.0
skygarden	Scene_Main	166	620.455	195.4299	1246.133	0.606	0.606	0.3643	0.3643	10.4721	5.4425	1.3312	1.0	1.0	1.0
skygarden	Scene_Main	167	616.8499	195.4299	1243.4699	0.6993	0.6993	0.1047	0.1047	10.4721	5.4425	1.3312	1.0	1.0	1.0
skygarden	Scene_Main	168	613.577	195.4299	1254.4749	0.1046	0.1046	-0.6993	-0.6993	10.4721	5.6003	1.5147	1.0	1.0	1.0
skygarden	Scene_Main	169	618.116	195.4299	1254.1429	-0.1708	-0.1708	-0.6861	-0.6861	10.4721	5.4425	1.3312	1.0	1.0	1.0
skygarden	Scene_Main	170	609.5501	195.4299	1250.7209	0.3595	0.3595	-0.6088	-0.6088	10.4721	7.2884	1.3312	1.0	1.0	1.0
skygarden	Scene_Main	171	611.5438	195.4299	1244.375	-0.1719	-0.1719	-0.6858	-0.6858	10.4721	7.2884	1.3312	1.0	1.0	1.0
skygarden	Scene_Main	172	620.9384	195.4299	1248.7709	0.6994	0.6994	0.104	0.104	10.4721	2.3765	1.8376	1.0	1.0	1.0
skygarden	Scene_Main	173	619.963	195.4299	1252.27	0.6994	0.6994	0.104	0.104	10.4721	2.3002	1.8002	1.0	1.0	1.0
skygarden	Scene_Main	174	619.038	195.4299	1251.535	0.6425	0.6425	0.295	0.295	10.4721	0.9624	1.5453	1.0	1.0	1.0
skygarden	Scene_Main	175	618.7719	195.4299	1250.655	0.5045	0.5045	0.4953	0.4953	10.4721	0.9624	1.5453	1.0	1.0	1.0
skygarden	Scene_Main	176	618.978	195.4299	1249.707	0.3775	0.3775	0.5978	0.5978	10.4721	0.9624	1.5453	1.0	1.0	1.0
skygarden	Scene_Main	177	619.728	195.4299	1248.9639	0.1592	0.1592	0.6889	0.6889	10.4721	0.9624	1.5453	1.0	1.0	1.0
skygarden	Scene_Main	178	613.017	195.4299	1256.333	-0.4204	-0.4204	-0.5685	-0.5685	10.4721	3.783	1.8791	1.0	1.0	1.0
skygarden	Scene_Main	179	617.5399	195.4299	1241.56	-0.4204	-0.4204	-0.5685	-0.5685	10.4721	3.783	1.8791	1.0	1.0	1.0
skygarden	Scene_Main	180	676.812	194.1741	1194.291	0.0	-0.5043	0.0	0.8634	3.7536	3.2501	1.3196	1.0	1.0	1.0
skygarden	Scene_Main	181	679.057	194.1741	1196.854	0.0	-0.3185	0.0	0.9479	3.7536	3.2501	1.3196	1.0	1.0	1.0
skygarden	Scene_Main	182	627.075	198.139	1281.566	0.5833	0.5833	0.3996	0.3996	13.0287	2.1013	9.1475	1.0	1.0	1.0
skygarden	Scene_Main	183	633.973	191.94	1184.2189	0.6824	0.6824	-0.185	-0.185	10.472	5.1404	12.751	1.0	1.0	1.0
skygarden	Scene_Main	184	629.054	191.94	1179.18	0.5744	0.5744	-0.4123	-0.4123	10.472	5.1404	6.4849	1.0	1.0	1.0
skygarden	Scene_Main	185	624.4702	191.94	1178.076	0.5744	0.5744	-0.4123	-0.4123	10.472	5.1404	8.5738	1.0	1.0	1.0
skygarden	Scene_Main	186	619.7141	203.4799	1192.682	0.1936	0.1936	-0.68	-0.68	10.472	2.8678	17.9082	1.0	1.0	1.0
skygarden	Scene_Main	187	613.984	203.4799	1198.3349	0.6147	0.6147	-0.3493	-0.3493	10.472	2.8678	6.6726	1.0	1.0	1.0
skygarden	Scene_Main	188	621.9899	203.4799	1184.9	0.618	0.618	-0.3436	-0.3436	10.472	2.8678	6.6726	1.0	1.0	1.0
skygarden	Scene_Main	189	587.45	192.8919	1112.55	0.4469	0.4469	0.5479	0.5479	9.2957	12.902	7.3282	1.0	1.0	1.0
skygarden	Scene_Main	190	591.265	194.626	1112.6679	0.5502	0.5502	-0.4441	-0.4441	15.8442	10.989	2.1328	1.0	1.0	1.0
skygarden	Scene_Main	191	584.4979	195.7951	1093.5839	0.3568	0.3568	-0.6104	-0.6104	18.1815	33.1687	2.1328	1.0	1.0	1.0
skygarden	Scene_Main	192	574.7786	196.3957	1081.249	0.6839	0.6839	-0.1793	-0.1793	19.3833	6.9631	2.1328	1.0	1.0	1.0
skygarden	Scene_Main	193	567.8699	196.4561	1073.8699	0.6104	0.6104	0.3568	0.3568	19.5037	18.3326	2.1328	1.0	1.0	1.0
skygarden	Scene_Main	194	570.69	196.4561	1061.5999	0.1793	0.1793	0.6839	0.6839	19.5037	18.3326	2.1328	1.0	1.0	1.0
skygarden	Scene_Main	195	582.439	196.4561	1065.8659	-0.3568	-0.3568	0.6104	0.6104	19.5037	21.099	2.1328	1.0	1.0	1.0
skygarden	Scene_Main	196	667.5336	200.9472	1199.003	-0.0435	0.0186	0.701	0.7114	0.9999	7.1246	35.7149	1.0	1.0	1.0
skygarden	Scene_Main	197	667.3035	202.6641	1185.931	-0.0616	0.0389	0.4138	0.9073	1.0	7.1246	51.8118	1.0	1.0	1.0
skygarden	Scene_Main	198	666.39	204.49	1221.7399	-0.0467	-0.0732	0.2268	0.97	0.9999	7.1246	21.4552	1.0	1.0	1.0
skygarden	Scene_Main	199	663.32	208.8399	1220.0999	-0.0529	-0.0822	0.4416	0.8918	1.0	7.1246	21.4552	1.0	1.0	1.0
skygarden	Scene_Main	200	662.952	205.2837	1185.655	-0.0689	0.0634	0.5613	0.8222	1.0	7.1246	51.8118	1.0	1.0	1.0
skygarden	Scene_Main	201	574.5748	190.1779	1070.5019	0.0	0.2588	0.0	0.9659	17.4058	1.5722	23.3098	1.0	1.0	1.0
skygarden	Scene_Main	202	572.8699	190.6699	1074.4699	-0.0559	0.2527	-0.2086	0.9431	4.7831	1.5722	9.9272	1.0	1.0	1.0
skygarden	Scene_Main	203	569.238	191.5399	1076.5689	0.0	0.2588	0.0	0.9659	4.7831	1.5722	9.9272	1.0	1.0	1.0
skygarden	Scene_Main	204	567.0485	191.8372	1072.154	0.0	0.2588	0.0	0.9659	3.385	2.4176	0.83	1.0	1.0	1.0
skygarden	Scene_Main	205	571.76	191.8372	1080.31	0.0	0.2588	0.0	0.9659	3.385	2.4176	0.83	1.0	1.0	1.0
skygarden	Scene_Main	206	570.9699	190.475	1069.89	-0.0533	0.2532	-0.1991	0.9451	7.2635	2.4176	0.83	1.0	1.0	1.0
skygarden	Scene_Main	207	575.6813	190.475	1078.046	-0.0533	0.2532	-0.1991	0.9451	7.2635	2.4176	0.83	1.0	1.0	1.0
skygarden	Scene_Main	208	585.9165	188.1741	1082.354	0.1936	0.2535	-0.0518	0.9463	9.6062	1.5722	10.2295	1.0	1.0	1.0
skygarden	Scene_Main	213	627.4099	158.0599	1334.3299	0.2077	0.2077	0.6759	0.6759	38.2694	1.7494	22.117	1.0	1.0	1.0
skygarden	Scene_Main	214	644.7899	158.0599	1338.27	0.4403	0.4403	0.5532	0.5532	38.2694	1.7494	36.6314	1.0	1.0	1.0
skygarden	Scene_Main	215	658.84	156.4799	1296.3399	0.746	-0.0016	0.6659	0.002	14.0222	1.0691	6.9817	1.0	1.0	1.0
skygarden	Scene_Main	216	661.76	157.5599	1296.39	0.7551	-0.0016	0.6555	0.002	14.0222	1.0691	6.9816	1.0	1.0	1.0
skygarden	Scene_Main	217	657.3308	157.0749	1296.5069	0.7305	0.1351	0.652	-0.1512	14.0222	1.0691	2.5186	1.0	1.0	1.0
skygarden	Scene_Main	218	670.53	158.0599	1332.42	0.6256	0.6256	0.3295	0.3295	38.2694	1.7494	37.9868	1.0	1.0	1.0
skygarden	Scene_Main	219	670.4799	156.6179	1329.1099	0.707	0.707	0.0035	0.0035	8.0442	0.6289	6.2702	1.0	1.0	1.0
skygarden	Scene_Main	220	670.317	160.6795	1325.6999	0.6932	0.6932	-0.1392	-0.1392	5.6487	0.6289	6.2702	1.0	1.0	1.0
skygarden	Scene_Main	221	648.265	161.2666	1327.359	0.6784	0.6784	-0.1991	-0.1991	5.2238	0.4509	0.3578	1.0	1.0	1.0
skygarden	Scene_Main	222	650.898	160.483	1329.6899	0.6784	0.6784	-0.1991	-0.1991	3.3025	0.2912	0.2917	1.0	1.0	1.0
skygarden	Scene_Main	223	670.32	159.0899	1331.31	0.6206	0.6206	0.3388	0.3388	8.0442	0.6289	6.2702	1.0	1.0	1.0
skygarden	Scene_Main	224	618.9169	158.0599	1327.177	0.6253	0.6253	0.3299	0.3299	38.2694	1.7494	7.718	1.0	1.0	1.0
skygarden	Scene_Main	225	612.4489	158.0599	1328.7919	0.4559	0.4559	0.5404	0.5404	38.2694	1.7494	7.1775	1.0	1.0	1.0
skygarden	Scene_Main	226	608.4749	158.0599	1327.296	0.2207	0.2207	0.6717	0.6717	38.2694	1.7494	7.1775	1.0	1.0	1.0
skygarden	Scene_Main	227	600.8508	158.0599	1328.102	0.6243	0.6243	0.3319	0.3319	38.2694	1.7494	14.9223	1.0	1.0	1.0
skygarden	Scene_Main	228	599.601	158.0599	1308.5889	0.2081	0.2081	0.6757	0.6757	38.2695	1.7494	10.8192	1.0	1.0	1.0
skygarden	Scene_Main	229	593.2774	158.0599	1318.6109	0.6246	0.6246	0.3314	0.3314	38.2695	1.7494	23.5989	1.0	1.0	1.0
skygarden	Scene_Main	230	592.9799	158.0599	1302.1099	0.2144	0.2144	0.6738	0.6738	38.2695	1.7494	12.2658	1.0	1.0	1.0
skygarden	Scene_Main	231	594.88	158.0599	1303.8299	0.4543	0.4543	0.5417	0.5417	38.2695	1.1051	4.5152	1.0	1.0	1.0
skygarden	Scene_Main	232	589.76	158.0599	1297.27	-0.0628	-0.0628	0.7043	0.7043	38.2695	1.7494	5.0842	1.0	1.0	1.0
skygarden	Scene_Main	233	585.39	158.0599	1289.6999	0.2142	0.2142	0.6738	0.6738	38.2695	3.4559	15.4812	1.0	1.0	1.0
skygarden	Scene_Main	234	570.752	158.0599	1279.5729	0.2015	0.2015	0.6777	0.6777	38.2695	1.7494	10.4832	1.0	1.0	1.0
skygarden	Scene_Main	235	577.958	158.0599	1284.6049	0.4851	0.4851	0.5144	0.5144	38.2695	1.7494	8.9816	1.0	1.0	1.0
skygarden	Scene_Main	236	568.9979	158.0599	1270.5469	-0.0633	-0.0633	0.7042	0.7042	38.2695	1.7494	11.0184	1.0	1.0	1.0
skygarden	Scene_Main	237	573.197	158.0559	1263.031	-0.3256	-0.3291	0.6276	0.6258	38.2695	1.7494	11.9939	1.0	1.0	1.0
skygarden	Scene_Main	238	583.033	158.0599	1260.389	-0.5421	-0.5421	0.4539	0.4539	38.2696	1.7494	12.0021	1.0	1.0	1.0
skygarden	Scene_Main	239	593.4669	168.05	1259.166	-0.3211	-0.3211	0.6299	0.6299	38.2696	1.7494	11.567	1.0	1.0	1.0
skygarden	Scene_Main	240	599.5598	168.05	1248.796	-0.0684	-0.0684	0.7037	0.7037	38.2696	1.7494	15.2383	1.0	1.0	1.0
skygarden	Scene_Main	241	605.6199	168.05	1237.93	-0.3307	-0.3307	0.6249	0.6249	38.2696	1.7494	14.7587	1.0	1.0	1.0
skygarden	Scene_Main	242	616.846	168.05	1235.2459	-0.5434	-0.5434	0.4524	0.4524	38.2696	1.7494	14.7587	1.0	1.0	1.0
skygarden	Scene_Main	243	625.9699	168.05	1240.4599	-0.6754	-0.6754	0.2092	0.2092	38.2696	1.7494	14.7587	1.0	1.0	1.0
skygarden	Scene_Main	244	629.0349	168.05	1252.0839	-0.7039	-0.7039	-0.0666	-0.0666	38.2697	1.7494	11.4406	1.0	1.0	1.0
skygarden	Scene_Main	245	632.1671	168.05	1263.31	-0.6732	-0.6732	0.2161	0.2161	38.2696	1.7494	15.4694	1.0	1.0	1.0
skygarden	Scene_Main	246	608.772	172.9667	1241.482	-0.6268	-0.6268	-0.3272	-0.3272	39.5746	10.1417	5.2225	1.0	1.0	1.0
skygarden	Scene_Main	247	614.2399	173.6199	1250.0	-0.6241	-0.6241	-0.3322	-0.3322	38.2696	8.6594	5.4712	1.0	1.0	1.0
skygarden	Scene_Main	248	608.6799	173.6199	1248.68	-0.4603	-0.4603	-0.5366	-0.5366	38.2696	4.9586	0.378	1.0	1.0	1.0
skygarden	Scene_Main	249	609.8499	173.6199	1253.1199	-0.6359	-0.6359	-0.3091	-0.3091	38.2696	5.2824	0.378	1.0	1.0	1.0
skygarden	Scene_Main	250	620.6199	173.6199	1245.4599	-0.6299	-0.6299	-0.3211	-0.3211	38.2697	1.6142	4.67	1.0	1.0	1.0
skygarden	Scene_Main	251	613.44	178.2599	1255.5999	-0.7048	-0.7048	-0.0565	-0.0565	38.2696	5.2824	0.378	1.0	1.0	1.0
skygarden	Scene_Main	252	616.57	178.2599	1255.571	-0.6709	-0.6709	0.2231	0.2231	38.2697	1.2855	0.378	1.0	1.0	1.0
skygarden	Scene_Main	253	616.635	178.2599	1254.3089	-0.3798	-0.3798	0.5964	0.5964	38.2696	2.5264	0.378	1.0	1.0	1.0
skygarden	Scene_Main	254	619.75	178.2599	1253.1899	-0.6709	-0.6709	0.2231	0.2231	38.2697	1.2855	0.378	1.0	1.0	1.0
skygarden	Scene_Main	255	618.4199	178.2599	1252.92	-0.2274	-0.2274	0.6695	0.6695	38.2697	2.5264	0.378	1.0	1.0	1.0
skygarden	Scene_Main	256	617.2899	178.2599	1253.0	0.0088	0.0088	0.707	0.707	38.2696	2.5264	0.378	1.0	1.0	1.0
skygarden	Scene_Main	257	620.6309	161.19	1250.66	-0.5499	-0.5499	0.4444	0.4444	38.2696	4.8245	0.378	1.0	1.0	1.0
skygarden	Scene_Main	258	619.78	161.19	1244.0999	-0.0234	-0.0234	0.7067	0.7067	38.2697	4.3184	0.378	1.0	1.0	1.0
skygarden	Scene_Main	259	614.1879	161.19	1242.7769	-0.0771	-0.0771	0.7028	0.7028	38.2696	7.6145	0.378	1.0	1.0	1.0
skygarden	Scene_Main	260	678.5269	163.7958	1125.7409	0.0	-0.297	0.0	-0.9548	3.0863	6.1131	0.8555	1.0	1.0	1.0
skygarden	Scene_Main	261	674.8889	163.9609	1123.1829	0.0006	-0.297	-0.0002	-0.9548	0.1718	6.4654	12.1135	1.0	1.0	1.0
skygarden	Scene_Main	262	671.3289	163.3849	1122.3509	0.0	-0.297	0.0	-0.9548	0.171	5.5181	16.0386	1.0	1.0	1.0
skygarden	Scene_Main	263	660.27	163.8544	1123.0699	0.0	-0.5614	0.0	0.8275	15.5009	7.4719	0.2847	1.0	1.0	1.0
skygarden	Scene_Main	264	658.6818	167.2593	1116.6839	0.0	-0.5393	0.0	0.842	3.8365	14.2824	4.4422	1.0	1.0	1.0
skygarden	Scene_Main	265	670.7299	169.0939	1121.6999	0.0	-0.2911	0.0	-0.9566	0.171	9.5614	9.6083	1.0	1.0	1.0
skygarden	Scene_Main	266	670.187	169.826	1116.609	0.0	0.4616	0.0	-0.887	0.171	7.3106	6.8659	1.0	1.0	1.0
skygarden	Scene_Main	267	668.814	169.826	1118.0939	0.0	0.0435	0.0	-0.999	0.171	7.3106	1.557	1.0	1.0	1.0
skygarden	Scene_Main	268	672.229	169.826	1115.651	0.0	0.7933	0.0	-0.6088	0.171	7.3106	1.557	1.0	1.0	1.0
skygarden	Scene_Main	269	673.84	167.544	1121.395	0.1509	-0.2932	-0.0469	-0.9428	0.0613	1.1524	6.9093	1.0	1.0	1.0
skygarden	Scene_Main	270	674.7069	168.6109	1125.5179	0.0	0.4638	0.0	-0.8859	0.0676	1.2141	1.9854	1.0	1.0	1.0
skygarden	Scene_Main	271	673.4592	168.6109	1125.895	0.0	0.7817	0.0	-0.6235	0.4889	1.2141	1.1909	1.0	1.0	1.0
skygarden	Scene_Main	272	675.5673	168.6109	1124.4749	0.0	0.0723	0.0	-0.9973	0.101	1.2141	0.9982	1.0	1.0	1.0
skygarden	Scene_Main	273	668.143	172.688	1131.2929	0.0	-0.7479	0.0	-0.6637	12.1946	9.3826	1.2211	1.0	1.0	1.0
skygarden	Scene_Main	274	670.5305	170.8029	1125.629	0.0	-0.6702	0.0	-0.7421	0.5618	5.6035	5.8825	1.0	1.0	1.0
skygarden	Scene_Main	275	669.5322	171.9497	1136.781	0.0	-0.0595	0.0	-0.9982	14.4486	8.157	0.9169	1.0	1.0	1.0
skygarden	Scene_Main	276	667.4	172.0424	1167.0899	0.0	-0.9473	0.0	-0.3202	22.2277	8.0656	0.785	1.0	1.0	1.0
skygarden	Scene_Main	277	658.1179	172.0303	1158.9169	0.0	-0.8229	0.0	-0.568	3.3612	8.0656	0.785	1.0	1.0	1.0
skygarden	Scene_Main	278	682.3129	172.18	1172.4019	0.0	-0.7704	0.0	-0.6375	0.985	8.3619	12.3689	1.0	1.0	1.0
skygarden	Scene_Main	279	681.0499	173.7299	1170.5899	0.4498	-0.7657	0.24	-0.3919	0.985	8.3619	12.3689	1.0	1.0	1.0
skygarden	Scene_Main	280	670.3276	167.994	1141.878	0.0	-0.8836	0.0	0.468	0.2709	2.1971	1.9945	1.0	1.0	1.0
skygarden	Scene_Main	281	660.307	172.0269	1146.3089	0.0	-0.9932	0.0	-0.1161	0.9588	8.0369	23.3407	1.0	1.0	1.0
skygarden	Scene_Main	282	661.2839	167.419	1146.405	0.0	-0.1234	0.0	0.9923	1.1092	1.0964	4.8672	1.0	1.0	1.0
skygarden	Scene_Main	283	664.5449	168.0319	1151.1199	0.0	-0.5023	0.0	-0.8646	0.3406	2.2804	9.7328	1.0	1.0	1.0
skygarden	Scene_Main	284	672.9287	163.3968	1172.0279	0.0	-0.972	0.0	-0.2347	0.3406	5.4739	2.1677	1.0	1.0	1.0
skygarden	Scene_Main	285	670.462	163.3961	1173.2349	0.0	-0.8847	0.0	0.4661	0.3406	5.4739	4.8495	1.0	1.0	1.0
skygarden	Scene_Main	286	663.288	163.3957	1171.7869	0.0	-0.714	0.0	0.7001	0.3406	5.4739	10.461	1.0	1.0	1.0
skygarden	Scene_Main	287	658.6099	161.44	1174.81	0.0	-0.0034	0.0	0.9999	1.4692	9.3939	6.6145	1.0	1.0	1.0
skygarden	Scene_Main	288	672.51	163.3999	1173.93	0.0	-0.9996	0.0	0.0248	0.3406	5.4739	2.1677	1.0	1.0	1.0
skygarden	Scene_Main	289	678.7119	162.7019	1172.9079	0.0	-0.5213	0.0	-0.8533	0.3406	6.8643	3.4712	1.0	1.0	1.0
skygarden	Scene_Main	290	668.7382	167.4203	1151.3909	0.0	-0.0364	0.0	0.9993	2.2668	1.0964	2.2642	1.0	1.0	1.0
skygarden	Scene_Main	291	669.3599	167.4199	1142.9399	0.0	-0.0364	0.0	0.9993	2.2668	1.0964	2.2642	1.0	1.0	1.0
skygarden	Scene_Main	292	667.5809	167.4199	1154.7149	0.0	-0.4704	0.0	0.8824	3.0532	1.0964	2.2642	1.0	1.0	1.0
skygarden	Scene_Main	293	660.0537	167.4199	1158.998	0.0	-0.4788	0.0	0.8779	2.373	1.0964	2.7398	1.0	1.0	1.0
skygarden	Scene_Main	294	659.6848	167.4197	1153.612	0.0	-0.7907	0.0	0.612	8.7105	1.0964	0.8341	1.0	1.0	1.0
skygarden	Scene_Main	295	658.8129	167.4199	1157.9809	0.0	-0.5593	0.0	0.8289	0.9523	1.0964	0.8341	1.0	1.0	1.0
skygarden	Scene_Main	296	658.9229	166.449	1120.5389	0.0	-0.5923	0.0	0.8056	3.5716	12.6604	1.1769	1.0	1.0	1.0
skygarden	Scene_Main	297	659.5322	163.5101	1119.8449	0.0	-0.8191	0.0	0.5735	2.7983	6.7831	1.1769	1.0	1.0	1.0
skygarden	Scene_Main	298	671.8594	164.13	1188.2879	0.0	-0.7064	0.0	0.7077	31.1268	9.0163	6.1918	1.0	1.0	1.0
skygarden	Scene_Main	299	663.8175	163.4349	1173.2969	0.0	0.0	0.0	1.0	10.0279	9.2868	2.3482	1.0	1.0	1.0
skygarden	Scene_Main	300	668.679	163.4349	1174.2969	0.0	-0.3276	0.0	0.9448	4.4044	9.2868	3.1626	1.0	1.0	1.0
skygarden	Scene_Main	301	661.9044	164.1531	1201.8609	0.0	-0.7357	0.0	0.6772	4.0884	8.9704	2.2544	1.0	1.0	1.0
skygarden	Scene_Main	302	653.6746	162.5991	1200.078	0.0	-0.7226	0.0	0.6911	6.2737	12.0786	2.2544	1.0	1.0	1.0
skygarden	Scene_Main	303	650.8931	162.5991	1202.848	0.0	-0.9993	0.0	-0.0368	5.3973	12.0786	2.2544	1.0	1.0	1.0
skygarden	Scene_Main	304	653.7832	162.5991	1203.415	0.0	-0.9439	0.0	0.33	1.3994	12.0786	0.9279	1.0	1.0	1.0
skygarden	Scene_Main	305	654.129	162.5991	1196.7939	0.0	-0.3598	0.0	0.933	1.3994	12.0786	0.9279	1.0	1.0	1.0
skygarden	Scene_Main	306	699.07	160.7666	1227.0999	0.0	-0.9624	0.0	0.2713	7.2017	9.4935	15.2623	1.0	1.0	1.0
skygarden	Scene_Main	307	695.4799	161.0399	1210.2199	0.0	-0.96	0.0	0.2799	7.2017	7.7707	18.178	1.0	1.0	1.0
skygarden	Scene_Main	308	642.01	162.11	1257.1999	0.0	-0.9631	0.0	0.269	2.9545	16.8497	15.9673	1.0	1.0	1.0
skygarden	Scene_Main	309	659.801	171.7599	1104.859	0.0	-0.9665	0.0	0.2565	14.0001	22.6371	15.8888	1.0	1.0	1.0
skygarden	Scene_Main	310	656.4799	172.85	1095.67	0.0	-0.9991	0.0	0.0417	14.0001	22.6371	10.6404	1.0	1.0	1.0
skygarden	Scene_Main	311	649.2199	172.85	1082.9499	0.0	-0.9095	0.0	0.4155	14.0	22.6371	12.9184	1.0	1.0	1.0
skygarden	Scene_Main	312	636.3599	171.22	1078.0	0.0	-0.9116	0.0	0.4109	14.0	22.6371	10.3253	1.0	1.0	1.0
skygarden	Scene_Main	313	636.4299	171.22	1078.13	0.0	-0.4929	0.0	0.87	14.0	22.6371	10.3253	1.0	1.0	1.0
skygarden	Scene_Main	314	645.69	162.2528	1168.18	0.0	-0.7054	0.0	-0.7087	14.501	10.507	2.0667	1.0	1.0	1.0
skygarden	Scene_Main	315	646.9359	162.9589	1158.6159	0.0	-0.5323	0.0	-0.8465	6.9751	6.6744	1.6761	1.0	1.0	1.0
skygarden	Scene_Main	316	648.3859	162.9589	1151.379	0.0	-0.7135	0.0	-0.7006	9.1131	6.6744	1.5389	1.0	1.0	1.0
skygarden	Scene_Main	317	617.0192	165.3432	1084.274	0.0	-0.9342	0.0	0.3567	1.2758	10.3712	4.6048	1.0	1.0	1.0
skygarden	Scene_Main	318	616.4669	165.942	1086.857	0.0	-0.9024	0.0	-0.4307	1.2758	9.1732	4.2123	1.0	1.0	1.0
skygarden	Scene_Main	319	610.51	165.889	1093.41	0.0	-0.775	0.0	0.6319	8.7153	9.0678	4.83	1.0	1.0	1.0
skygarden	Scene_Main	320	616.7199	165.889	1100.7099	0.0	-0.4073	0.0	0.9132	18.6742	9.0678	1.8008	1.0	1.0	1.0
skygarden	Scene_Main	321	601.8699	165.889	1079.3299	0.0	-0.9384	0.0	0.3453	5.1735	9.0677	12.4688	1.0	1.0	1.0
skygarden	Scene_Main	322	599.6799	165.889	1071.26	0.0	-0.9993	0.0	-0.0372	5.1735	9.0677	11.679	1.0	1.0	1.0
skygarden	Scene_Main	323	603.7899	165.889	1062.77	0.0	-0.9116	0.0	-0.4109	5.1735	9.0677	11.679	1.0	1.0	1.0
skygarden	Scene_Main	324	612.932	165.889	1060.0639	0.0	-0.6769	0.0	-0.7359	5.1735	9.0677	11.0619	1.0	1.0	1.0
skygarden	Scene_Main	325	621.26	166.3699	1064.55	0.0	-0.3399	0.0	-0.9404	5.1735	10.9516	11.0619	1.0	1.0	1.0
skygarden	Scene_Main	326	622.2399	166.8309	1071.68	0.0	0.0333	0.0	-0.9994	1.3088	10.9516	10.5834	1.0	1.0	1.0
skygarden	Scene_Main	327	624.6068	166.1764	1077.5849	0.0	-0.9422	0.0	0.3348	4.5106	12.2603	5.1891	1.0	1.0	1.0
skygarden	Scene_Main	328	627.83	166.296	1079.63	0.0	-0.9259	0.0	0.3775	4.5106	12.0216	2.904	1.0	1.0	1.0
skygarden	Scene_Main	329	629.1318	166.296	1080.008	0.0	-0.7059	0.0	0.7083	4.5106	12.0216	3.9079	1.0	1.0	1.0
skygarden	Scene_Main	330	646.4819	162.1564	1180.3759	0.0	-0.7118	0.0	-0.7023	11.4049	10.7691	1.0219	1.0	1.0	1.0
skygarden	Scene_Main	331	647.4829	162.623	1186.729	0.0	-0.9342	0.0	-0.3566	3.1818	9.3202	0.9248	1.0	1.0	1.0
skygarden	Scene_Main	332	650.278	162.3612	1187.826	0.0	-0.9999	0.0	0.0103	4.8651	9.863	0.9248	1.0	1.0	1.0
skygarden	Scene_Main	333	653.117	162.263	1188.316	0.0	-0.9341	0.0	-0.3569	1.8875	8.071	0.9248	1.0	1.0	1.0
skygarden	Scene_Main	334	653.6699	163.2266	1192.312	0.0	-0.7048	0.0	-0.7093	7.2092	8.1778	0.9248	1.0	1.0	1.0
skygarden	Scene_Main	335	647.929	161.6889	1201.312	0.0	-0.6988	0.0	-0.7152	5.3114	9.1906	2.1639	1.0	1.0	1.0
skygarden	Scene_Main	336	648.8369	161.3589	1206.732	0.0	-0.7099	0.0	-0.7042	7.7468	8.1318	0.9899	1.0	1.0	1.0
skygarden	Scene_Main	337	651.4149	161.3589	1213.03	0.0	-0.9185	0.0	-0.3953	7.7468	8.1318	0.5918	1.0	1.0	1.0
skygarden	Scene_Main	338	665.3699	160.8719	1216.6899	0.0	-0.999	0.0	-0.0444	13.3939	9.0889	1.1161	1.0	1.0	1.0
skygarden	Scene_Main	339	659.0499	160.8719	1216.04	0.0	-0.9988	0.0	-0.0486	13.3939	9.0889	1.1161	1.0	1.0	1.0
skygarden	Scene_Main	340	672.484	159.9402	1218.7979	0.0	-0.8685	0.0	-0.4955	3.7636	7.224	1.1542	1.0	1.0	1.0
skygarden	Scene_Main	341	679.158	159.335	1230.6479	0.0	-0.6873	0.0	-0.7262	2.6791	6.0136	1.2563	1.0	1.0	1.0
skygarden	Scene_Main	342	676.0192	159.335	1224.487	0.0	-0.8762	0.0	-0.4818	12.4314	6.0136	1.3978	1.0	1.0	1.0
skygarden	Scene_Main	343	674.374	157.893	1234.4859	0.0	-0.2819	0.0	-0.9594	11.5893	8.8976	1.4339	1.0	1.0	1.0
skygarden	Scene_Main	344	668.221	158.1109	1234.806	0.0	-0.8759	0.0	-0.4823	7.5186	4.7017	0.8404	1.0	1.0	1.0
skygarden	Scene_Main	345	654.841	154.951	1247.9139	0.0	-0.2819	0.0	-0.9594	8.4809	1.1795	0.9357	1.0	1.0	1.0
skygarden	Scene_Main	346	665.216	158.1109	1231.269	0.0	-0.9876	0.0	-0.1566	3.4886	4.7017	0.8404	1.0	1.0	1.0
skygarden	Scene_Main	347	655.2999	158.1109	1235.9	0.0	-0.9603	0.0	0.2787	19.52	4.7016	0.8404	1.0	1.0	1.0
skygarden	Scene_Main	348	642.21	157.9199	1249.968	0.0	-0.9598	0.0	0.2804	14.4341	5.6908	0.8404	1.0	1.0	1.0
skygarden	Scene_Main	349	642.96	154.259	1250.8699	-0.1983	-0.6787	-0.6787	0.1983	14.4341	8.0139	0.8404	1.0	1.0	1.0
skygarden	Scene_Main	350	643.0	154.259	1252.8299	-0.1983	-0.6787	-0.6787	0.1983	12.396	8.0139	0.8404	1.0	1.0	1.0
skygarden	Scene_Main	351	649.401	154.259	1251.1889	-0.4429	-0.5511	-0.5511	0.4429	4.4048	2.5307	0.8404	1.0	1.0	1.0
skygarden	Scene_Main	352	647.518	157.4434	1245.18	0.0	-0.482	0.0	0.8761	3.3687	6.0262	0.8404	1.0	1.0	1.0
skygarden	Scene_Main	353	646.906	157.4196	1242.2239	0.0	-0.7576	0.0	0.6526	2.7282	6.1908	0.8404	1.0	1.0	1.0
skygarden	Scene_Main	354	672.0947	164.13	1204.5889	0.0	-0.0556	0.0	0.9984	22.7433	9.0163	2.8415	1.0	1.0	1.0
skygarden	Scene_Main	355	687.2199	162.8789	1203.4599	0.0	0.1806	0.0	0.9835	10.0436	11.519	3.8127	1.0	1.0	1.0
skygarden	Scene_Main	356	648.827	162.3227	1196.328	0.0	-0.6996	0.0	-0.7144	5.3114	10.459	2.1639	1.0	1.0	1.0
skygarden	Scene_Main	357	650.325	163.1604	1195.8919	0.0	0.0127	0.0	-0.9999	7.5531	8.3107	0.9248	1.0	1.0	1.0
skygarden	Scene_Main	358	613.3699	165.942	1089.76	0.0	0.3815	0.0	0.9243	5.419	9.1732	0.9367	1.0	1.0	1.0
skygarden	Scene_Main	359	610.5056	165.942	1082.5229	0.0	-0.7254	0.0	0.6883	1.2758	9.1732	10.7909	1.0	1.0	1.0
skygarden	Scene_Main	360	601.75	165.889	1079.43	0.0	-0.4194	0.0	0.9077	5.1735	9.0677	12.4688	1.0	1.0	1.0
skygarden	Scene_Main	361	620.1699	166.7389	1063.3	0.0	-0.9055	0.0	-0.4243	5.1735	10.7678	11.0619	1.0	1.0	1.0
skygarden	Scene_Main	362	661.127	171.7599	1112.238	0.0	-0.9665	0.0	0.2565	14.0001	22.6371	3.1217	1.0	1.0	1.0
skygarden	Scene_Main	363	656.6181	168.0081	1118.04	0.0	-0.976	0.0	0.2176	1.5098	15.4143	3.1217	1.0	1.0	1.0
skygarden	Scene_Main	364	660.8123	170.8106	1126.649	0.0	-0.996	0.0	0.0884	2.7182	9.1007	0.3206	1.0	1.0	1.0
skygarden	Scene_Main	365	659.757	170.8473	1124.409	0.0	-0.7281	0.0	-0.6853	4.8982	9.0272	0.3206	1.0	1.0	1.0
skygarden	Scene_Main	366	659.8986	170.8473	1129.4909	0.0	-0.7435	0.0	-0.6687	4.9442	9.0272	0.3206	1.0	1.0	1.0
skygarden	Scene_Main	367	661.3322	170.8473	1131.978	0.0	-0.0528	0.0	-0.9986	2.6265	9.0272	0.3206	1.0	1.0	1.0
skygarden	Scene_Main	368	660.393	170.8473	1133.5229	0.0	-0.7537	0.0	-0.6571	2.6265	9.0272	0.3206	1.0	1.0	1.0
skygarden	Scene_Main	369	661.1203	171.9884	1122.2939	-0.4711	-0.4711	0.5272	0.5272	9.2268	9.4687	0.3206	1.0	1.0	1.0
skygarden	Scene_Main	370	652.3646	164.0899	1104.9489	0.0	-0.9529	0.0	0.3031	9.1686	7.7079	5.4507	1.0	1.0	1.0
skygarden	Scene_Main	371	651.484	164.0899	1103.982	0.0	-0.998	0.0	0.063	9.1686	7.7079	1.6388	1.0	1.0	1.0
skygarden	Scene_Main	372	649.0709	164.0899	1103.42	0.0	-0.9681	0.0	0.2505	3.5972	7.7079	1.5743	1.0	1.0	1.0
skygarden	Scene_Main	373	580.1599	154.5299	1284.7199	0.2142	0.2142	0.6738	0.6738	3.0145	5.259	7.478	1.0	1.0	1.0
skygarden	Scene_Main	374	577.07	154.5299	1282.5699	0.4789	0.4789	0.5201	0.5201	3.0145	5.259	7.478	1.0	1.0	1.0
skygarden	Scene_Main	375	572.202	154.5299	1278.472	0.2142	0.2142	0.6738	0.6738	3.0145	5.5466	10.577	1.0	1.0	1.0
skygarden	Scene_Main	376	570.294	154.6329	1274.1259	0.0572	-0.1231	0.7047	0.6962	3.0145	4.0314	5.6167	1.0	1.0	1.0
skygarden	Scene_Main	377	571.15	154.9149	1268.66	-0.0722	-0.0722	0.7034	0.7034	3.0145	4.971	6.7371	1.0	1.0	1.0
skygarden	Scene_Main	378	574.65	155.0659	1263.7239	-0.3316	-0.3316	0.6244	0.6244	3.0145	4.971	9.7176	1.0	1.0	1.0
skygarden	Scene_Main	379	583.5999	155.1399	1262.4799	-0.5465	-0.5465	0.4486	0.4486	3.0145	4.971	11.5343	1.0	1.0	1.0
skygarden	Scene_Main	380	589.44	157.921	1297.56	-0.0397	-0.0397	0.7059	0.7059	38.2695	1.7494	6.3366	1.0	1.0	1.0
skygarden	Scene_Main	381	654.702	158.25	1115.529	0.0	0.2204	0.0	0.9754	63.1093	2.2044	90.0244	1.0	1.0	1.0
skygarden	Scene_Main	382	629.4899	158.5399	1095.457	0.0	0.2742	0.0	0.9616	46.5379	1.6492	20.1562	1.0	1.0	1.0
skygarden	Scene_Main	383	629.543	158.85	1091.515	0.0	0.078	0.0	0.9969	29.6536	2.5254	33.9412	1.0	1.0	1.0
skygarden	Scene_Main	384	624.695	164.166	1131.555	0.1875	0.472	0.1027	-0.8552	28.9643	0.9701	8.811	1.0	1.0	1.0
skygarden	Scene_Main	385	638.9799	160.5639	1131.0899	0.1777	0.5231	0.1126	-0.8258	8.3632	1.3651	4.7562	1.0	1.0	1.0
skygarden	Scene_Main	386	628.02	162.3	1129.68	0.0012	0.4871	-0.0016	-0.8732	31.5905	1.0166	8.8472	1.0	1.0	1.0
skygarden	Scene_Main	387	638.6193	158.2299	1149.666	0.0	0.4189	0.0	0.908	21.4155	2.2044	36.1547	1.0	1.0	1.0
skygarden	Scene_Main	388	680.08	159.86	1162.91	0.0	0.6689	0.0	0.7432	24.8518	1.445	10.0	1.0	1.0	1.0
skygarden	Scene_Main	389	631.2199	163.96	1134.76	0.1707	0.5241	0.1081	-0.8273	8.3632	1.3651	12.0405	1.0	1.0	1.0
skygarden	Scene_Main	390	627.13	164.02	1127.39	0.1802	0.4431	0.0914	-0.8733	8.3632	1.3651	12.0405	1.0	1.0	1.0
skygarden	Scene_Main	391	639.0679	160.5269	1131.0479	0.1669	0.5246	0.1057	-0.828	8.3632	1.3651	5.1556	1.0	1.0	1.0
skygarden	Scene_Main	392	627.1489	160.6029	1113.6099	0.181	0.3923	0.079	-0.8983	8.3632	1.3651	5.1556	1.0	1.0	1.0
skygarden	Scene_Main	393	619.9299	164.0099	1118.28	0.1847	0.398	0.0821	-0.8947	8.3632	1.3651	12.0405	1.0	1.0	1.0
skygarden	Scene_Main	394	635.1469	163.921	1143.6729	0.1614	0.5891	0.1216	-0.7823	8.3632	1.3651	12.0406	1.0	1.0	1.0
skygarden	Scene_Main	395	673.202	160.6499	1123.3549	0.0	-0.6818	0.0	0.7315	78.83	0.1597	19.0207	1.0	1.0	1.0
skygarden	Scene_Main	396	674.0479	163.223	1124.206	0.1106	-0.4498	-0.1998	0.8633	12.8818	0.1597	2.3093	1.0	1.0	1.0
skygarden	Scene_Main	397	674.4199	166.9589	1120.1879	0.1229	-0.8776	0.0705	-0.4578	6.624	0.1597	2.3093	1.0	1.0	1.0
skygarden	Scene_Main	398	670.9589	165.8459	1117.707	0.0	0.3011	0.0	0.9535	5.4088	0.1597	2.7703	1.0	1.0	1.0
skygarden	Scene_Main	399	677.0178	167.867	1126.2889	0.0	0.3011	0.0	0.9535	5.4088	0.1597	3.8051	1.0	1.0	1.0
skygarden	Scene_Main	400	678.973	167.867	1123.665	0.0	0.3011	0.0	0.9535	5.4088	0.1597	3.8051	1.0	1.0	1.0
skygarden	Scene_Main	401	678.1591	167.871	1132.4029	0.0	0.3011	0.0	0.9535	16.5037	0.1597	15.6195	1.0	1.0	1.0
skygarden	Scene_Main	402	675.0499	167.871	1133.91	0.0	0.6759	0.0	0.7369	16.5037	0.1597	18.9251	1.0	1.0	1.0
skygarden	Scene_Main	403	679.6199	167.871	1145.6199	0.0	0.6759	0.0	0.7369	16.5037	0.1597	18.9251	1.0	1.0	1.0
skygarden	Scene_Main	404	669.0729	167.447	1147.556	-0.1435	0.6629	0.1316	0.7228	10.8382	0.1597	2.5424	1.0	1.0	1.0
skygarden	Scene_Main	405	665.0167	166.9149	1149.7879	0.0	0.6759	0.0	0.7369	22.9986	0.1597	10.1879	1.0	1.0	1.0
skygarden	Scene_Main	406	663.9429	167.4329	1156.5799	-0.1554	0.2778	0.0454	0.9468	10.8382	0.1597	2.6207	1.0	1.0	1.0
skygarden	Scene_Main	407	678.2199	167.871	1164.3199	0.0	0.4223	0.0	0.9064	16.5037	0.1597	18.9251	1.0	1.0	1.0
skygarden	Scene_Main	408	672.0599	167.871	1164.4499	0.0	0.262	0.0	0.965	16.5037	0.1597	18.9251	1.0	1.0	1.0
skygarden	Scene_Main	409	668.6707	167.871	1134.426	0.0	0.082	0.0	0.9966	13.6919	0.1597	15.2045	1.0	1.0	1.0
skygarden	Scene_Main	410	677.0	167.871	1159.6199	0.0	-0.068	0.0	0.9976	16.5037	0.1597	18.9251	1.0	1.0	1.0
skygarden	Scene_Main	411	660.89	154.33	1252.42	0.0	-0.467	0.0	0.8842	15.2667	0.1597	35.4942	1.0	1.0	1.0
skygarden	Scene_Main	412	658.0341	154.608	1240.342	0.0	-0.4809	0.0	0.8767	9.1532	0.1597	22.9059	1.0	1.0	1.0
skygarden	Scene_Main	413	660.888	154.4689	1244.4019	0.0777	-0.4746	-0.1417	0.8652	0.8914	0.1597	6.1577	1.0	1.0	1.0
skygarden	Scene_Main	414	687.3599	156.1499	1236.265	0.0	-0.4809	0.0	0.8767	20.8493	0.1597	25.7773	1.0	1.0	1.0
skygarden	Scene_Main	415	686.65	156.1499	1216.9799	0.0	-0.4809	0.0	0.8767	20.8493	0.1597	25.2249	1.0	1.0	1.0
skygarden	Scene_Main	416	676.4299	156.1499	1210.8499	0.0	-0.0653	0.0	0.9978	20.8493	0.1597	12.9525	1.0	1.0	1.0
skygarden	Scene_Main	417	652.5808	157.1999	1207.717	0.0	-0.0653	0.0	0.9978	20.9515	0.1597	12.9525	1.0	1.0	1.0
skygarden	Scene_Main	418	664.7059	156.628	1209.3149	0.007	-0.0549	-0.1535	0.9865	3.9626	0.1597	10.4535	1.0	1.0	1.0
skygarden	Scene_Main	419	673.9949	155.2142	1243.7719	0.1605	-0.4727	0.088	0.8619	14.3143	0.1597	5.251	1.0	1.0	1.0
skygarden	Scene_Main	420	689.9119	156.649	1216.925	0.1285	-0.4757	0.0704	0.8672	14.3143	0.1597	3.3892	1.0	1.0	1.0
skygarden	Scene_Main	421	692.9069	157.1759	1213.6099	0.0	-0.4835	0.0	0.8752	16.3084	0.1597	5.6218	1.0	1.0	1.0
skygarden	Scene_Main	422	660.6959	159.27	1163.468	0.0	0.0103	0.0	0.9999	22.6497	2.2044	11.1405	1.0	1.0	1.0
skygarden	Scene_Main	423	671.981	159.6199	1152.4069	0.0	0.3728	0.0	0.9278	22.6497	2.2044	8.7995	1.0	1.0	1.0
skygarden	Scene_Main	424	652.637	159.4179	1172.463	0.2019	-0.0051	0.001	0.9793	5.5498	0.4453	4.2331	1.0	1.0	1.0
skygarden	Scene_Main	425	621.0369	160.7111	1082.4289	0.1703	0.3315	-0.0609	0.9259	7.4806	0.4453	2.8997	1.0	1.0	1.0
skygarden	Scene_Main	426	618.1489	161.2689	1079.2979	0.0	0.337	0.0	0.9414	7.9716	0.4453	6.5722	1.0	1.0	1.0
skygarden	Scene_Main	427	617.241	160.826	1095.009	0.0	0.3604	0.0	0.9327	9.4054	0.4453	14.1568	1.0	1.0	1.0
skygarden	Scene_Main	428	622.53	160.826	1093.7099	0.0	0.3604	0.0	0.9327	2.8926	0.4453	8.9621	1.0	1.0	1.0
skygarden	Scene_Main	429	622.0145	160.871	1100.977	0.0	0.1192	0.0	0.9928	8.2759	0.4453	7.9646	1.0	1.0	1.0
skygarden	Scene_Main	430	618.3419	160.509	1088.28	0.0756	0.8964	-0.1551	0.4081	3.8979	0.4453	1.9235	1.0	1.0	1.0
skygarden	Scene_Main	431	627.3939	160.516	1099.125	0.0819	0.798	-0.1191	0.5849	5.563	0.4453	2.6425	1.0	1.0	1.0
skygarden	Scene_Main	432	618.4614	160.942	1097.2609	0.0	0.3513	0.0	0.9362	5.5525	0.4453	10.2327	1.0	1.0	1.0
skygarden	Scene_Main	433	618.4575	161.0	1097.2089	0.0	0.3513	0.0	0.9362	3.9712	0.4453	8.6231	1.0	1.0	1.0
skygarden	Scene_Main	434	687.2869	157.024	1208.1269	0.0	0.2717	0.0	0.9623	7.0613	0.4414	5.0589	1.0	1.0	1.0
skygarden	Scene_Main	435	657.8439	160.1399	1149.186	0.0	0.6985	0.0	0.7155	18.9024	0.4414	11.437	1.0	1.0	1.0
skygarden	Scene_Main	436	662.2122	160.179	1151.895	0.0	-0.1323	0.0	0.9911	5.7905	0.4155	11.1733	1.0	1.0	1.0
skygarden	Scene_Main	437	668.6453	160.4427	1167.0159	0.0175	0.2638	0.1061	0.9585	1.8863	0.4155	12.5497	1.0	1.0	1.0
skygarden	Scene_Main	438	647.8489	160.1499	1135.113	0.0	0.1588	0.0	0.9873	8.5772	0.4155	6.4504	1.0	1.0	1.0
skygarden	Scene_Main	439	650.9559	160.1499	1145.5439	0.0	0.1588	0.0	0.9873	8.824	0.4155	6.4504	1.0	1.0	1.0
skygarden	Scene_Main	440	632.7501	160.164	1101.8409	0.0	0.9986	0.0	0.0515	2.5108	0.4155	6.3381	1.0	1.0	1.0
skygarden	Scene_Main	441	627.161	160.1499	1103.65	0.0	0.3744	0.0	0.9272	8.0751	0.4155	7.241	1.0	1.0	1.0
skygarden	Scene_Main	442	625.203	160.1499	1094.633	0.0	0.3646	0.0	0.9311	2.6068	0.4155	23.0165	1.0	1.0	1.0
skygarden	Scene_Main	443	633.513	160.315	1081.7709	0.005	0.3722	-0.0021	0.9281	10.4033	0.6359	17.6462	1.0	1.0	1.0
skygarden	Scene_Main	444	653.32	160.2599	1093.0699	0.0	0.0476	0.0	0.9988	15.384	0.6359	21.2431	1.0	1.0	1.0
skygarden	Scene_Main	445	658.3046	160.3	1120.66	0.0	0.1994	0.0	0.9799	5.7906	0.4155	15.4344	1.0	1.0	1.0
skygarden	Scene_Main	446	637.2899	160.1499	1091.2399	0.0	0.3576	0.0	0.9338	4.5886	0.4155	29.7004	1.0	1.0	1.0
skygarden	Scene_Main	447	641.4689	160.1499	1123.6369	0.0	0.2629	0.0	0.9648	8.9954	0.4155	6.4504	1.0	1.0	1.0
skygarden	Scene_Main	448	658.53	160.1399	1147.3	0.0	-0.0625	0.0	0.998	9.0457	0.4155	16.611	1.0	1.0	1.0
skygarden	Scene_Main	449	649.611	160.1399	1120.489	0.0	0.2492	0.0	0.9684	9.0715	0.4155	31.3923	1.0	1.0	1.0
skygarden	Scene_Main	450	645.7369	160.1399	1128.51	0.0	0.8309	0.0	0.5563	7.523	0.4155	11.1002	1.0	1.0	1.0
skygarden	Scene_Main	451	639.609	160.1399	1117.243	0.0	0.9194	0.0	0.3932	7.5395	0.4155	9.7989	1.0	1.0	1.0
skygarden	Scene_Main	452	650.065	160.1399	1140.769	0.0	0.7964	0.0	0.6046	4.2395	0.4155	11.4293	1.0	1.0	1.0
skygarden	Scene_Main	453	631.4589	160.1399	1107.223	0.0	0.9207	0.0	0.39	4.638	0.4155	11.4293	1.0	1.0	1.0
skygarden	Scene_Main	454	655.0499	159.94	1111.01	0.0	0.2619	0.0	0.965	9.1518	0.4155	4.775	1.0	1.0	1.0
skygarden	Scene_Main	455	651.5399	160.1499	1145.3299	0.0	0.1319	0.0	0.9912	6.3448	0.4155	5.1852	1.0	1.0	1.0
skygarden	Scene_Main	456	649.369	160.1699	1134.5699	0.0	0.164	0.0	0.9864	8.0751	0.4155	7.1621	1.0	1.0	1.0
skygarden	Scene_Main	457	643.4699	160.1699	1122.38	0.0	0.2494	0.0	0.9683	8.0751	0.4155	7.1621	1.0	1.0	1.0
skygarden	Scene_Main	458	648.065	160.13	1135.108	0.0	0.1858	0.0	0.9825	6.68	0.4155	5.9682	1.0	1.0	1.0
skygarden	Scene_Main	459	635.6149	160.1699	1111.2709	0.0	0.3328	0.0	0.9429	8.0751	0.4155	6.6102	1.0	1.0	1.0
skygarden	Scene_Main	460	652.697	160.1399	1165.561	0.0	-0.0074	0.0	0.9999	8.5959	0.4155	9.8961	1.0	1.0	1.0
skygarden	Scene_Main	461	631.416	160.1399	1093.6619	0.0	0.3597	0.0	0.933	7.8815	0.4155	35.6409	1.0	1.0	1.0
skygarden	Scene_Main	462	655.8699	160.1369	1159.53	0.0	-0.2337	0.0	0.9722	6.825	0.4155	12.2517	1.0	1.0	1.0
skygarden	Scene_Main	463	643.4099	159.94	1097.5799	0.0	0.4892	0.0	0.8721	8.9159	0.4155	7.5764	1.0	1.0	1.0
skygarden	Scene_Main	464	634.062	160.1499	1112.727	0.0	0.3744	0.0	0.9272	8.708	0.4155	6.4504	1.0	1.0	1.0
skygarden	Scene_Main	465	660.7199	160.1399	1132.13	0.0	0.2331	0.0	0.9724	8.8572	0.4155	10.317	1.0	1.0	1.0
skygarden	Scene_Main	466	638.2349	160.1399	1108.7459	0.0	0.3626	0.0	0.9319	2.8703	0.4155	8.6222	1.0	1.0	1.0
skygarden	Scene_Main	467	667.228	160.5319	1143.76	0.0	-0.094	0.0	0.9955	6.4905	0.4155	13.5978	1.0	1.0	1.0
skygarden	Scene_Main	468	667.44	160.524	1135.06	0.0	0.1363	0.0	0.9906	6.4905	0.4155	13.5978	1.0	1.0	1.0
skygarden	Scene_Main	469	662.656	160.337	1133.786	0.0114	0.1358	0.0831	0.9871	2.2531	0.4155	9.7088	1.0	1.0	1.0
skygarden	Scene_Main	470	663.3161	160.326	1141.68	-0.0092	-0.0886	0.1028	0.9906	2.0566	0.4155	13.717	1.0	1.0	1.0
skygarden	Scene_Main	471	654.447	160.1499	1131.473	0.0	0.0772	0.0	0.997	17.9938	0.4155	20.9635	1.0	1.0	1.0
skygarden	Scene_Main	472	652.6749	160.158	1168.4689	0.0	0.0	0.0	1.0	5.5498	0.4453	4.2331	1.0	1.0	1.0
skygarden	Scene_Main	473	677.851	160.6499	1168.102	0.0	-0.4855	0.0	0.8741	20.7492	0.1597	12.4396	1.0	1.0	1.0
skygarden	Scene_Main	474	665.6859	160.6499	1152.244	0.0	-0.7552	0.0	0.6553	5.9393	0.1597	5.3002	1.0	1.0	1.0
skygarden	Scene_Main	475	645.63	160.1499	1114.218	0.0	0.2492	0.0	0.9684	23.4803	0.4155	20.7311	1.0	1.0	1.0
skygarden	Scene_Main	476	631.255	160.1499	1094.004	0.0	0.3327	0.0	0.943	20.128	0.4155	31.457	1.0	1.0	1.0
skygarden	Scene_Main	477	646.3099	160.2599	1087.67	0.0052	0.4442	-0.0017	0.8959	10.4033	0.6359	17.6462	1.0	1.0	1.0
skygarden	Scene_Main	478	661.556	160.3	1128.5539	0.0	0.5948	0.0	0.8038	2.2938	0.4155	5.3106	1.0	1.0	1.0
skygarden	Scene_Main	479	619.8209	160.871	1096.2779	0.0	0.3721	0.0	0.9281	11.2236	0.4453	10.5245	1.0	1.0	1.0
skygarden	Scene_Main	480	614.51	160.871	1094.13	0.0	0.3721	0.0	0.9281	11.2236	0.4453	10.5245	1.0	1.0	1.0
skygarden	Scene_Main	481	662.0358	160.5099	1120.286	0.0	0.1994	0.0	0.9799	5.7906	0.4155	17.6648	1.0	1.0	1.0
skygarden	Scene_Main	482	671.1298	166.065	1117.38	0.0	-0.4632	0.0	0.8862	3.1993	0.1597	5.3073	1.0	1.0	1.0
skygarden	Scene_Main	483	664.804	167.8809	1157.92	0.0	0.2816	0.0	0.9595	10.8382	0.1597	0.952	1.0	1.0	1.0
skygarden	Scene_Main	484	670.5991	167.8809	1146.953	0.0	0.6861	0.0	0.7274	11.0185	0.1597	0.952	1.0	1.0	1.0
skygarden	Scene_Main	485	642.7429	157.3659	1292.2729	0.0	-0.469	0.0	0.8831	8.5347	0.468	7.9711	1.0	1.0	1.0
skygarden	Scene_Main	486	638.7625	157.1992	1294.8189	0.1683	-0.9397	-0.0531	0.2926	1.654	0.2549	5.8839	1.0	1.0	1.0
skygarden	Scene_Main	487	611.911	161.33	1071.499	0.0	-0.4189	0.0	0.908	25.4228	0.468	22.7566	1.0	1.0	1.0
skygarden	Scene_Main	488	619.0673	162.0424	1255.781	0.0895	-0.4493	-0.1737	0.8717	2.2101	0.468	1.9806	1.0	1.0	1.0
skygarden	Scene_Main	489	617.7661	162.4649	1254.005	0.0	-0.4593	0.0	0.8882	2.5634	0.468	2.7127	1.0	1.0	1.0
skygarden	Scene_Main	490	634.4039	157.354	1321.3499	0.0	-0.4765	0.0	0.8791	2.2101	0.468	2.7127	1.0	1.0	1.0
skygarden	Scene_Main	491	634.1149	157.4179	1321.5369	0.0	-0.4765	0.0	0.8791	1.9597	0.468	2.7127	1.0	1.0	1.0
skygarden	Scene_Main	492	633.7979	157.4819	1321.7449	0.0	-0.4765	0.0	0.8791	1.7192	0.468	2.7127	1.0	1.0	1.0
skygarden	Scene_Main	493	634.71	157.2879	1321.151	0.0	-0.4765	0.0	0.8791	2.7167	0.468	2.7127	1.0	1.0	1.0
skygarden	Scene_Main	494	633.9907	157.2879	1324.531	0.0	-0.1778	0.0	0.984	2.7167	0.468	7.3569	1.0	1.0	1.0
skygarden	Scene_Main	495	634.815	157.3509	1324.811	0.0	-0.1648	0.0	0.9863	0.3526	0.468	7.3569	1.0	1.0	1.0
skygarden	Scene_Main	496	634.546	157.414	1324.718	0.0	-0.1586	0.0	0.9873	0.3526	0.468	7.3569	1.0	1.0	1.0
skygarden	Scene_Main	497	631.5886	157.4819	1323.332	0.0	-0.1586	0.0	0.9873	6.2508	0.468	5.5774	1.0	1.0	1.0
skygarden	Scene_Main	498	631.278	157.2879	1320.4589	0.0	0.6883	0.0	0.7254	2.7167	0.468	7.3569	1.0	1.0	1.0
skygarden	Scene_Main	499	631.2949	157.3509	1319.635	0.0	0.6809	0.0	0.7323	0.3526	0.468	7.3569	1.0	1.0	1.0
skygarden	Scene_Main	500	631.1685	157.414	1319.925	0.0	0.6829	0.0	0.7304	0.3526	0.468	7.1215	1.0	1.0	1.0
skygarden	Scene_Main	501	631.3679	157.4819	1323.181	0.0	0.6772	0.0	0.7357	6.2508	0.468	5.5774	1.0	1.0	1.0
skygarden	Scene_Main	502	639.0059	157.2019	1290.056	0.2038	-0.9497	0.0491	-0.2323	1.399	0.2549	5.3966	1.0	1.0	1.0
skygarden	Scene_Main	503	666.7589	158.91	1188.847	0.0	-1.0	0.0	0.0	6.311	0.2999	29.5882	1.0	1.0	1.0
skygarden	Scene_Main	504	664.031	158.91	1180.4289	0.0	-0.9445	0.0	0.3282	6.311	0.2999	7.5644	1.0	1.0	1.0
skygarden	Scene_Main	505	662.6079	158.91	1176.097	0.0	-0.9999	0.0	-0.0046	7.8675	0.2999	7.5644	1.0	1.0	1.0
skygarden	Scene_Main	506	617.171	161.4759	1078.281	0.0795	-0.4113	-0.1723	0.8915	3.1825	0.468	2.1359	1.0	1.0	1.0
skygarden	Scene_Main	507	615.5211	162.031	1076.5009	0.0	-0.4086	0.0	0.9126	1.9689	0.468	2.1359	1.0	1.0	1.0
skygarden	Scene_Main	513	627.4	164.3849	1126.5219	0.0747	0.8905	-0.1585	0.4197	8.425	0.9398	13.3666	1.0	1.0	1.0
skygarden	Scene_Main	514	635.4099	160.8652	1120.505	0.0706	0.892	-0.1499	0.4204	9.2776	0.9398	5.8872	1.0	1.0	1.0
skygarden	Scene_Main	515	632.5648	161.8529	1123.0939	0.0	0.9045	0.0	0.4263	8.0361	0.9398	2.9301	1.0	1.0	1.0
skygarden	Scene_Main	516	637.6099	161.8529	1131.78	0.0	0.8359	0.0	0.5487	8.0361	0.9398	2.9301	1.0	1.0	1.0
skygarden	Scene_Main	517	641.19	160.88	1130.14	0.0905	0.8262	-0.1389	0.5384	9.2776	0.9398	5.8872	1.0	1.0	1.0
skygarden	Scene_Main	518	631.7899	164.3849	1133.79	0.0974	0.8183	-0.1457	0.5473	8.425	0.9398	13.3666	1.0	1.0	1.0
skygarden	Scene_Main	519	625.182	166.6589	1137.2189	0.0	0.831	0.0	0.5561	5.0959	0.9398	2.9301	1.0	1.0	1.0
skygarden	Scene_Main	520	620.6099	163.35	1115.4899	0.0767	0.906	-0.1654	0.3819	8.4867	0.9398	19.1276	1.0	1.0	1.0
skygarden	Scene_Main	521	615.2194	166.6589	1124.3	0.0	0.9213	0.0	0.3886	5.0959	0.9398	2.6997	1.0	1.0	1.0
skygarden	Scene_Main	522	581.77	168.1089	1215.0799	0.0	0.9982	0.0	-0.0594	11.8011	0.9398	6.3057	1.0	1.0	1.0
skygarden	Scene_Main	523	571.63	171.97	1213.3699	0.706	-0.0382	0.0382	0.706	7.4064	0.9398	10.3042	1.0	1.0	1.0
skygarden	Scene_Main	524	580.7299	171.97	1217.026	0.7055	0.0473	-0.0473	0.7055	7.4064	0.9398	10.3042	1.0	1.0	1.0
skygarden	Scene_Main	525	636.3099	169.6793	1149.52	0.7001	0.0987	-0.0987	0.7001	21.1865	2.9029	14.8854	1.0	1.0	1.0
skygarden	Scene_Main	526	616.7388	169.6793	1115.6619	0.6505	0.2771	-0.2771	0.6505	19.8623	2.9029	14.8854	1.0	1.0	1.0
skygarden	Scene_Main	527	584.213	171.97	1216.3769	0.7032	0.0739	-0.0739	0.7032	7.4064	0.9398	10.3042	1.0	1.0	1.0
skygarden	Scene_Main	528	531.0184	171.97	1184.358	0.5923	-0.3862	0.3862	0.5923	7.4064	0.9398	10.3042	1.0	1.0	1.0
skygarden	Scene_Main	529	581.3798	170.1741	1161.102	0.6906	-0.1518	0.1518	0.6906	8.1766	0.9398	6.7126	1.0	1.0	1.0
skygarden	Scene_Main	530	579.905	173.166	1161.0419	-0.0708	-0.5333	0.0857	0.8385	8.1766	0.1312	6.7126	1.0	1.0	1.0
skygarden	Scene_Main	531	578.8099	173.21	1161.5999	-0.0749	-0.4912	0.0821	0.8638	8.1766	0.1312	6.7126	1.0	1.0	1.0
skygarden	Scene_Main	532	580.4799	173.91	1164.3399	-0.0639	-0.5965	0.0909	0.7948	8.1766	0.1312	6.7126	1.0	1.0	1.0
skygarden	Scene_Main	533	577.341	172.552	1159.03	-0.0861	-0.3598	0.0703	0.9263	8.1766	0.1312	6.7126	1.0	1.0	1.0
skygarden	Scene_Main	534	577.6494	169.7897	1159.9219	0.7036	0.1355	-0.0381	0.6964	7.1553	0.9398	6.4148	1.0	1.0	1.0
skygarden	Scene_Main	535	563.25	174.6309	1151.41	0.5634	-0.4271	0.4271	0.5634	2.9571	0.9398	11.0782	1.0	1.0	1.0
skygarden	Scene_Main	536	565.2369	171.97	1212.3399	0.7029	-0.0764	0.0764	0.7029	7.4064	0.9398	10.3042	1.0	1.0	1.0
skygarden	Scene_Main	537	528.715	171.97	1178.306	0.5705	-0.4176	0.4176	0.5705	7.4064	0.9398	10.3042	1.0	1.0	1.0
skygarden	Scene_Main	538	562.0819	171.97	1211.613	0.6974	-0.1165	0.1165	0.6974	7.4064	0.9398	10.3042	1.0	1.0	1.0
skygarden	Scene_Main	539	527.7675	171.97	1175.2099	0.5457	-0.4496	0.4496	0.5457	7.4064	0.9398	10.3042	1.0	1.0	1.0
skygarden	Scene_Main	540	556.419	171.97	1212.503	0.6475	0.2841	-0.2841	0.6475	7.4064	0.9398	10.3042	1.0	1.0	1.0
skygarden	Scene_Main	541	524.1655	171.97	1170.75	0.7028	-0.0777	0.0777	0.7028	7.4064	0.9398	10.3042	1.0	1.0	1.0
skygarden	Scene_Main	542	551.3649	171.97	1217.946	0.6484	0.282	-0.282	0.6484	7.4064	0.9398	10.3042	1.0	1.0	1.0
skygarden	Scene_Main	543	516.9251	171.97	1169.093	0.7025	-0.0799	0.0799	0.7025	7.4064	0.9398	10.3042	1.0	1.0	1.0
skygarden	Scene_Main	544	548.9329	171.97	1220.3969	0.6756	0.2087	-0.2087	0.6756	3.8328	0.9398	10.3042	1.0	1.0	1.0
skygarden	Scene_Main	545	513.6309	171.97	1168.128	0.6868	-0.168	0.168	0.6868	3.8328	0.9398	10.3042	1.0	1.0	1.0
skygarden	Scene_Main	546	548.0338	171.97	1220.9399	0.6917	0.1467	-0.1467	0.6917	2.5154	0.9398	10.3042	1.0	1.0	1.0
skygarden	Scene_Main	547	546.163	171.97	1221.43	0.7043	0.0628	-0.0628	0.7043	2.5154	0.9398	10.3042	1.0	1.0	1.0
skygarden	Scene_Main	548	511.3071	171.97	1166.3299	0.6413	-0.2977	0.2977	0.6413	2.5154	0.9398	10.3042	1.0	1.0	1.0
skygarden	Scene_Main	549	545.189	171.97	1221.4589	0.707	-0.0118	0.0118	0.707	2.5154	0.9398	10.3042	1.0	1.0	1.0
skygarden	Scene_Main	550	510.7954	171.97	1165.5009	0.6063	-0.3638	0.3638	0.6063	2.5154	0.9398	10.3042	1.0	1.0	1.0
skygarden	Scene_Main	551	544.2839	171.97	1221.3399	0.7026	-0.0793	0.0793	0.7026	2.5154	0.9398	10.3042	1.0	1.0	1.0
skygarden	Scene_Main	552	543.0159	171.97	1220.879	0.6907	-0.1514	0.1514	0.6907	2.5154	0.9398	10.3042	1.0	1.0	1.0
skygarden	Scene_Main	553	510.2113	171.97	1163.3289	0.5224	-0.4765	0.4765	0.5224	2.5154	0.9398	10.3042	1.0	1.0	1.0
skygarden	Scene_Main	554	542.0579	171.63	1220.3389	0.6759	-0.2074	0.2074	0.6759	2.5154	0.9398	6.3057	1.0	1.0	1.0
skygarden	Scene_Main	555	510.2004	171.97	1162.229	0.4816	-0.5176	0.5176	0.4816	2.5154	0.9398	10.3042	1.0	1.0	1.0
skygarden	Scene_Main	556	541.19	171.97	1219.612	0.6553	-0.2655	0.2655	0.6553	2.5154	0.9398	10.3042	1.0	1.0	1.0
skygarden	Scene_Main	557	510.4125	171.97	1161.0479	0.4347	-0.5576	0.5576	0.4347	2.652	0.9398	10.3042	1.0	1.0	1.0
skygarden	Scene_Main	558	540.4219	171.97	1218.686	0.6236	-0.3332	0.3332	0.6236	2.5154	0.9398	10.3042	1.0	1.0	1.0
skygarden	Scene_Main	559	539.7269	171.97	1217.305	0.5878	-0.3929	0.3929	0.5878	2.5154	0.9398	10.3042	1.0	1.0	1.0
skygarden	Scene_Main	560	511.6625	171.97	1158.6939	0.3125	-0.6342	0.6342	0.3125	2.5154	0.9398	10.3042	1.0	1.0	1.0
skygarden	Scene_Main	561	539.478	171.97	1216.2659	0.5513	-0.4427	0.4427	0.5513	2.5154	0.9398	10.3042	1.0	1.0	1.0
skygarden	Scene_Main	562	512.4381	171.97	1157.9589	0.2561	-0.659	0.659	0.2561	2.5154	0.9398	10.3042	1.0	1.0	1.0
skygarden	Scene_Main	563	539.4149	171.97	1215.5949	0.5106	-0.489	0.489	0.5106	2.5154	0.9398	10.3042	1.0	1.0	1.0
skygarden	Scene_Main	564	539.465	171.97	1214.77	0.4661	-0.5317	0.5317	0.4661	2.5154	0.9398	10.3042	1.0	1.0	1.0
skygarden	Scene_Main	565	513.7274	171.97	1157.1989	0.1377	-0.6935	0.6935	0.1377	2.5154	0.9398	10.3042	1.0	1.0	1.0
skygarden	Scene_Main	566	539.687	171.97	1213.7139	0.418	-0.5703	0.5703	0.418	2.5154	0.9398	10.3042	1.0	1.0	1.0
skygarden	Scene_Main	567	540.142	171.97	1212.446	0.4162	-0.5716	0.5716	0.4162	2.5154	0.9398	10.3042	1.0	1.0	1.0
skygarden	Scene_Main	568	516.0783	171.97	1156.624	0.0746	-0.7031	0.7031	0.0746	2.5154	0.9398	10.3042	1.0	1.0	1.0
skygarden	Scene_Main	569	542.1154	171.97	1206.654	0.4086	-0.577	0.577	0.4086	9.7756	0.9398	10.3042	1.0	1.0	1.0
skygarden	Scene_Main	570	522.0814	171.97	1155.4379	0.0652	-0.704	0.704	0.0652	9.7756	0.9398	10.3042	1.0	1.0	1.0
skygarden	Scene_Main	571	543.8729	171.97	1201.661	0.4086	-0.577	0.577	0.4086	1.6305	0.9398	10.3042	1.0	1.0	1.0
skygarden	Scene_Main	572	527.2843	171.97	1154.4639	0.0652	-0.704	0.704	0.0652	1.6305	0.9398	10.3042	1.0	1.0	1.0
skygarden	Scene_Main	573	541.468	171.97	1199.706	0.6506	-0.2769	0.2769	0.6506	1.6305	0.9398	10.3042	1.0	1.0	1.0
skygarden	Scene_Main	574	527.7753	171.97	1151.404	0.4249	-0.5651	0.5651	0.4249	1.6305	0.9398	10.3042	1.0	1.0	1.0
skygarden	Scene_Main	575	539.919	171.97	1197.9969	0.6443	-0.2911	0.2911	0.6443	2.9157	0.9398	10.3042	1.0	1.0	1.0
skygarden	Scene_Main	576	528.4813	171.97	1149.208	0.4124	-0.5743	0.5743	0.4124	2.9157	0.9398	10.3042	1.0	1.0	1.0
skygarden	Scene_Main	577	538.174	171.97	1195.951	0.639	-0.3026	0.3026	0.639	2.9157	0.9398	10.3042	1.0	1.0	1.0
skygarden	Scene_Main	578	529.3811	171.97	1146.6739	0.402	-0.5816	0.5816	0.402	2.9157	0.9398	10.3042	1.0	1.0	1.0
skygarden	Scene_Main	579	536.403	171.97	1193.6999	0.6325	-0.3159	0.3159	0.6325	2.9157	0.9398	10.3042	1.0	1.0	1.0
skygarden	Scene_Main	580	530.4453	171.97	1144.015	0.3897	-0.5899	0.5899	0.3897	2.9157	0.9398	10.3042	1.0	1.0	1.0
skygarden	Scene_Main	581	534.924	171.97	1191.613	0.6243	-0.3319	0.3319	0.6243	2.9157	0.9398	10.3042	1.0	1.0	1.0
skygarden	Scene_Main	582	531.5134	171.97	1141.691	0.3746	-0.5996	0.5996	0.3746	2.9157	0.9398	10.3042	1.0	1.0	1.0
skygarden	Scene_Main	583	534.244	171.97	1190.5749	0.619	-0.3417	0.3417	0.619	2.9157	0.9398	10.3042	1.0	1.0	1.0
skygarden	Scene_Main	584	532.1757	171.97	1140.3869	0.3651	-0.6055	0.6055	0.3651	3.3587	0.9398	10.3042	1.0	1.0	1.0
skygarden	Scene_Main	585	531.6179	171.97	1133.3439	0.3167	-0.6321	0.6321	0.3167	3.3587	0.9398	10.3042	1.0	1.0	1.0
skygarden	Scene_Main	586	534.591	168.3619	1132.576	0.305	-0.6379	0.6379	0.305	8.8603	4.0345	0.4538	1.0	1.0	1.0
skygarden	Scene_Main	587	533.6229	171.97	1130.661	0.3167	-0.6321	0.6321	0.3167	3.3587	0.9398	10.3042	1.0	1.0	1.0
skygarden	Scene_Main	588	535.627	171.97	1127.9799	0.3167	-0.6321	0.6321	0.3167	3.3587	0.9398	10.3042	1.0	1.0	1.0
skygarden	Scene_Main	589	542.38	171.63	1200.593	0.6591	-0.256	0.256	0.6591	1.6305	0.9398	6.3057	1.0	1.0	1.0
skygarden	Scene_Main	590	527.463	171.97	1152.6369	0.4427	-0.5513	0.5513	0.4427	1.6305	0.9398	10.3042	1.0	1.0	1.0
skygarden	Scene_Main	591	542.8909	171.97	1200.879	0.6831	-0.1826	0.1826	0.6831	1.6305	0.9398	10.3042	1.0	1.0	1.0
skygarden	Scene_Main	592	527.4708	171.97	1153.223	0.5002	-0.4997	0.4997	0.5002	1.6305	0.9398	10.3042	1.0	1.0	1.0
skygarden	Scene_Main	593	642.4	165.2299	1122.6999	0.6382	-0.3043	0.3043	0.6382	3.2759	3.7812	10.3042	1.0	1.0	1.0
skygarden	Scene_Main01	4	411.5584	213.5278	912.275	0.0	0.0	0.0	-1.0	1.0	1.0	1.0	0.966	0.9425	0.9691
skygarden	Scene_Main01	5	419.4744	213.5278	912.275	0.0	0.0	0.0	-1.0	1.0	1.0	1.0	0.966	0.9425	0.9691
skygarden	Scene_Main01	6	416.2944	213.5278	909.5399	0.0	0.0	0.0	-1.0	1.0	1.0	1.0	0.966	0.9425	0.9691
skygarden	Scene_Main01	7	412.8984	213.5278	909.5399	0.0	0.0	0.0	-1.0	1.0	1.0	1.0	0.966	0.9425	0.9691
skygarden	Scene_Main01	8	417.7644	213.5278	909.5399	0.0	0.0	0.0	-1.0	1.0	1.0	1.0	0.966	0.9425	0.9691
skygarden	Scene_Main01	9	412.9943	213.5278	912.275	0.0	0.0	0.0	-1.0	1.0	1.0	1.0	0.966	0.9425	0.9691
skygarden	Scene_Main01	10	232.225	240.9185	911.21	0.0	0.0	0.0	1.0	25.6751	1.0	34.4695	1.0	1.0	1.0
skygarden	Scene_Main01	11	280.5465	236.4499	919.1279	0.0	0.2588	0.0	0.9659	18.8186	6.139	1.2121	1.0	1.0	1.0
skygarden	Scene_Main01	12	288.3399	236.4499	910.924	0.0	0.7071	0.0	0.7071	7.9863	6.139	1.2121	1.0	1.0	1.0
skygarden	Scene_Main01	13	262.397	236.4499	929.611	0.0	0.2588	0.0	0.9659	12.6262	6.139	1.2121	1.0	1.0	1.0
skygarden	Scene_Main01	14	261.3299	236.4499	924.96	0.0	0.2588	0.0	0.9659	9.8621	6.139	1.2121	1.0	1.0	1.0
skygarden	Scene_Main01	15	275.3005	236.4499	916.8859	0.0	0.2588	0.0	0.9659	11.8102	6.139	1.2121	1.0	1.0	1.0
skygarden	Scene_Main01	16	265.1871	238.33	915.0643	0.0	0.2588	0.0	0.9659	12.9346	6.139	1.2121	1.0	1.0	1.0
skygarden	Scene_Main01	17	270.5	238.33	910.95	0.0	0.7071	0.0	0.7071	2.805	6.139	1.2121	1.0	1.0	1.0
skygarden	Scene_Main01	18	258.48	238.33	910.8508	0.0	0.7071	0.0	0.7071	13.5482	6.139	1.2121	1.0	1.0	1.0
skygarden	Scene_Main01	19	259.17	238.33	917.7	0.0	0.9659	0.0	0.2588	2.343	6.139	1.2121	1.0	1.0	1.0
skygarden	Scene_Main01	20	265.1466	238.33	906.7946	0.0	0.9659	0.0	0.2588	13.047	6.139	1.2121	1.0	1.0	1.0
skygarden	Scene_Main01	21	259.14	238.33	904.08	0.0	0.9659	0.0	-0.2588	2.1838	6.139	1.2121	1.0	1.0	1.0
skygarden	Scene_Main01	22	254.8347	236.4499	925.8085	0.0	-0.2588	0.0	0.9659	6.5668	6.139	1.2121	1.0	1.0	1.0
skygarden	Scene_Main01	23	252.2899	236.4499	921.3776	0.0	-0.7071	0.0	0.7071	6.6686	6.139	1.2121	1.0	1.0	1.0
skygarden	Scene_Main01	24	252.2899	236.4499	910.8317	0.0	-0.7071	0.0	0.7071	6.2561	6.139	1.2121	1.0	1.0	1.0
skygarden	Scene_Main01	25	252.2899	236.4499	900.4124	0.0	-0.7071	0.0	0.7071	6.5914	6.139	1.2121	1.0	1.0	1.0
skygarden	Scene_Main01	26	254.8762	236.4499	895.9918	0.0	-0.9659	0.0	0.2588	6.6292	6.139	1.2121	1.0	1.0	1.0
skygarden	Scene_Main01	27	261.4132	236.4499	896.8073	0.0	-0.9659	0.0	-0.2588	9.8823	6.139	1.2121	1.0	1.0	1.0
skygarden	Scene_Main01	28	275.3685	236.4499	904.8668	0.0	-0.9659	0.0	-0.2588	11.6925	6.139	1.2121	1.0	1.0	1.0
skygarden	Scene_Main01	29	280.13	236.4499	910.8569	0.0	-0.7071	0.0	-0.7071	7.1924	6.139	1.2121	1.0	1.0	1.0
skygarden	Scene_Main01	30	271.8746	236.4499	900.2764	0.0	-0.866	0.0	0.5	5.6726	6.139	1.2121	1.0	1.0	1.0
skygarden	Scene_Main01	31	266.3503	236.4499	897.0667	0.0	-0.866	0.0	0.5	5.6501	6.139	1.2121	1.0	1.0	1.0
skygarden	Scene_Main01	32	271.7572	236.4499	921.5338	0.0	0.866	0.0	0.5	5.668	6.139	1.2121	1.0	1.0	1.0
skygarden	Scene_Main01	33	266.1723	236.4499	924.7026	0.0	0.866	0.0	0.5	5.6471	6.139	1.2121	1.0	1.0	1.0
skygarden	Scene_Main01	34	252.4441	236.4499	929.8303	0.0	-0.2588	0.0	0.9659	11.7732	6.139	1.2121	1.0	1.0	1.0
skygarden	Scene_Main01	35	247.6499	236.4499	922.723	0.0	-0.7071	0.0	0.7071	9.3849	6.139	1.2121	1.0	1.0	1.0
skygarden	Scene_Main01	36	249.9642	236.4499	918.64	0.0	0.0	0.0	1.0	5.8194	6.139	1.2121	1.0	1.0	1.0
skygarden	Scene_Main01	37	249.96	236.4499	913.4099	0.0	0.0	0.0	1.0	5.8194	6.139	1.2121	1.0	1.0	1.0
skygarden	Scene_Main01	38	249.96	236.4499	908.28	0.0	0.0	0.0	1.0	5.8194	6.139	1.2121	1.0	1.0	1.0
skygarden	Scene_Main01	39	249.96	236.4499	903.13	0.0	0.0	0.0	1.0	5.8194	6.139	1.2121	1.0	1.0	1.0
skygarden	Scene_Main01	40	247.6499	236.4499	910.905	0.0	-0.7071	0.0	0.7071	6.2648	6.139	1.2121	1.0	1.0	1.0
skygarden	Scene_Main01	41	247.6499	236.4499	899.0648	0.0	-0.7071	0.0	0.7071	9.4306	6.139	1.2121	1.0	1.0	1.0
skygarden	Scene_Main01	42	252.3896	236.4499	891.9536	0.0	-0.9659	0.0	0.2588	11.6142	6.139	1.2121	1.0	1.0	1.0
skygarden	Scene_Main01	43	262.3948	236.4499	892.2778	0.0	-0.9659	0.0	-0.2588	12.8452	6.139	1.2121	1.0	1.0	1.0
skygarden	Scene_Main01	44	280.5361	236.4499	902.7473	0.0	-0.9659	0.0	-0.2588	18.6615	6.139	1.2121	1.0	1.0	1.0
skygarden	Scene_Main01	45	248.08	237.4199	882.6799	0.4532	-0.211	-0.7851	0.3655	11.4537	1.0341	25.4836	1.0	1.0	1.0
skygarden	Scene_Main01	46	247.8925	237.4199	939.0927	-0.4532	0.211	-0.7851	0.3655	11.4537	1.0341	25.6597	1.0	1.0	1.0
skygarden	Scene_Main01	47	273.2196	239.1016	885.6087	0.7851	-0.3655	-0.4532	0.211	11.4537	6.2588	41.2875	1.0	1.0	1.0
skygarden	Scene_Main01	48	273.159	239.0671	936.226	0.7851	-0.3655	0.4532	-0.211	11.4537	6.1519	41.2875	1.0	1.0	1.0
skygarden	Scene_Main01	49	247.38	234.55	881.46	-0.3535	-0.3535	0.6123	0.6123	2.4024	1.0341	25.4836	1.0	1.0	1.0
skygarden	Scene_Main01	50	247.1858	234.55	940.3087	0.3535	0.3535	0.6123	0.6123	2.4024	1.0341	25.6597	1.0	1.0	1.0
skygarden	Scene_Main01	51	272.9288	234.55	886.1251	-0.6123	-0.6123	0.3535	0.3535	2.4024	1.0341	41.2875	1.0	1.0	1.0
skygarden	Scene_Main01	52	272.8778	234.55	935.7512	-0.6123	-0.6123	-0.3535	-0.3535	2.4024	1.0341	41.2875	1.0	1.0	1.0
skygarden	Scene_Main01	53	296.6499	237.889	925.1699	-0.6123	-0.6123	-0.3535	-0.3535	9.0804	1.0341	18.1132	1.0	1.0	1.0
skygarden	Scene_Main01	54	297.2799	237.889	896.9799	-0.3535	-0.3535	-0.6123	-0.6123	9.0804	1.0341	18.1132	1.0	1.0	1.0
skygarden	Scene_Main01	55	302.25	237.889	910.6799	0.0	0.0	-0.7071	-0.7071	9.0804	1.0341	25.373	1.0	1.0	1.0
skygarden	Scene_Main01	56	216.3999	235.9179	910.4699	0.0	0.0	0.0	1.0	0.6596	7.4577	14.0398	1.0	1.0	1.0
skygarden	Scene_Main01	57	224.8966	235.9179	925.7916	0.0	0.3483	0.0	0.9373	0.6596	7.4577	26.1944	1.0	1.0	1.0
skygarden	Scene_Main01	58	235.1296	235.9179	934.8099	0.0	0.7071	0.0	0.7071	0.6596	7.4577	7.4275	1.0	1.0	1.0
skygarden	Scene_Main01	59	234.6809	235.9179	887.7899	0.0	0.7071	0.0	0.7071	0.6596	7.4577	8.3247	1.0	1.0	1.0
skygarden	Scene_Main01	60	224.2232	235.9179	896.2042	0.0	-0.3462	0.0	0.9381	0.6596	7.4577	23.195	1.0	1.0	1.0
skygarden	Scene_Main01	61	269.9201	233.49	888.0629	0.0	-0.8672	0.0	0.4978	14.4525	0.1828	45.8342	1.0	1.0	1.0
skygarden	Scene_Main01	62	268.2804	233.49	934.5635	0.0	-0.5021	0.0	0.8647	14.2764	0.1828	50.9123	1.0	1.0	1.0
skygarden	Scene_Main01	63	291.44	233.49	904.32	0.0	-0.8672	0.0	0.4978	7.2633	0.1828	8.3652	1.0	1.0	1.0
skygarden	Scene_Main01	64	291.8996	233.49	917.2651	0.0	-0.5021	0.0	0.8647	7.2633	0.1828	8.3652	1.0	1.0	1.0
skygarden	Scene_Main01	65	290.88	233.49	898.7899	0.0	-0.0025	0.0	0.9999	4.0743	0.1828	9.2498	1.0	1.0	1.0
skygarden	Scene_Main01	66	290.6571	233.49	924.353	0.0	-0.0025	0.0	0.9999	4.0743	0.1828	9.2498	1.0	1.0	1.0
skygarden	Scene_Main01	67	294.0751	233.49	910.728	0.0	-0.0025	0.0	0.9999	11.0873	0.1828	14.7858	1.0	1.0	1.0
skygarden	Scene_Main01	68	301.9642	233.49	905.4498	0.0	0.2788	0.0	0.9603	11.4952	0.1828	11.7314	1.0	1.0	1.0
skygarden	Scene_Main01	69	301.8508	233.49	916.5612	0.0	-0.2815	0.0	0.9595	12.1681	0.1828	11.7314	1.0	1.0	1.0
skygarden	Scene_Main01	70	248.0281	233.49	934.1193	0.0	0.4999	0.0	0.866	12.5361	0.1828	16.0724	1.0	1.0	1.0
skygarden	Scene_Main01	71	241.5688	233.49	914.7504	0.0	0.0	0.0	1.0	12.5113	0.1828	41.7284	1.0	1.0	1.0
skygarden	Scene_Main01	72	245.596	233.49	888.7805	0.0	-0.5	0.0	0.866	12.0779	0.1828	23.3668	1.0	1.0	1.0
skygarden	Scene_Main01	73	266.8269	235.2799	917.0233	0.0	0.254	0.0	0.9671	30.5012	0.3976	7.9873	1.0	1.0	1.0
skygarden	Scene_Main01	74	269.368	234.1669	923.7548	0.1572	0.2506	-0.0413	0.9543	5.4767	0.3976	6.8767	1.0	1.0	1.0
skygarden	Scene_Main01	75	269.22	234.3253	898.4799	0.0417	0.9531	-0.155	0.2563	5.4767	0.3976	6.6037	1.0	1.0	1.0
skygarden	Scene_Main01	76	266.5481	235.2799	905.0247	0.0	-0.2548	0.0	0.9669	29.2672	0.3976	7.9403	1.0	1.0	1.0
skygarden	Scene_Main01	77	256.4543	235.2799	911.1467	0.0	0.7072	0.0	0.7069	29.8201	0.3976	8.2685	1.0	1.0	1.0
skygarden	Scene_Main01	78	221.3126	233.6119	911.08	0.0	0.0	0.0	1.0	32.2698	0.1828	58.0701	1.0	1.0	1.0
skygarden	Scene_Main01	79	234.561	234.4299	910.8557	0.0	0.0	0.0	1.0	4.7733	0.1828	21.1802	1.0	1.0	1.0
skygarden	Scene_Main01	80	234.66	234.0457	922.3065	0.1988	0.0	0.0	0.98	2.9804	0.1828	1.9667	1.0	1.0	1.0
skygarden	Scene_Main01	81	234.66	234.013	899.4606	-0.2046	0.0	0.0	0.9788	2.9804	0.1828	2.0819	1.0	1.0	1.0
skygarden	Scene_Main01	82	230.82	234.4299	910.89	0.0	0.0	0.0	1.0	3.9358	0.1828	12.3641	1.0	1.0	1.0
skygarden	Scene_Main01	83	249.3383	234.2541	905.6317	0.1147	-0.6966	0.1144	0.6988	5.0258	0.3976	6.7373	1.0	1.0	1.0
skygarden	Scene_Main01	84	249.35	234.2599	916.0499	0.1147	-0.6966	0.1144	0.6988	4.7275	0.3976	6.7373	1.0	1.0	1.0
skygarden	Scene_Main01	85	274.9146	228.0525	937.2476	0.0	0.2588	0.0	0.9659	41.2902	8.4845	2.3945	1.0	1.0	1.0
skygarden	Scene_Main01	86	281.9566	226.8798	918.6403	0.0	0.2588	0.0	0.9659	18.217	6.139	1.2121	1.0	1.0	1.0
skygarden	Scene_Main01	87	283.7012	226.8798	914.0756	0.0	0.0	0.0	1.0	12.8687	6.139	1.0633	1.0	1.0	1.0
skygarden	Scene_Main01	88	274.2915	226.8798	915.9843	0.0	0.2588	0.0	0.9659	7.5777	6.139	1.2121	1.0	1.0	1.0
skygarden	Scene_Main01	89	263.25	226.8798	922.3499	0.0	0.2588	0.0	0.9659	7.522	6.139	1.2121	1.0	1.0	1.0
skygarden	Scene_Main01	90	257.6687	226.8798	923.0944	0.0	-0.2588	0.0	0.9659	6.2184	6.139	1.2121	1.0	1.0	1.0
skygarden	Scene_Main01	91	255.2799	226.8798	911.4122	0.0	-0.7071	0.0	0.7071	21.4009	6.139	1.2121	1.0	1.0	1.0
skygarden	Scene_Main01	92	257.2399	226.8798	899.1099	0.0	-0.9659	0.0	0.2588	5.8313	6.139	1.2121	1.0	1.0	1.0
skygarden	Scene_Main01	93	263.0689	226.8798	899.5795	0.0	-0.9659	0.0	-0.2588	8.0695	6.139	1.2121	1.0	1.0	1.0
skygarden	Scene_Main01	94	274.246	226.8798	906.0488	0.0	-0.9659	0.0	-0.2588	7.344	6.139	1.2121	1.0	1.0	1.0
skygarden	Scene_Main01	95	273.1005	226.8798	901.9006	0.0	-0.866	0.0	0.5	7.2512	6.139	1.2121	1.0	1.0	1.0
skygarden	Scene_Main01	96	267.548	226.8798	898.6787	0.0	-0.866	0.0	0.5	7.2512	6.139	1.2121	1.0	1.0	1.0
skygarden	Scene_Main01	97	272.7163	226.8798	919.7587	0.0	0.866	0.0	0.5	6.1653	6.139	1.1212	1.0	1.0	1.0
skygarden	Scene_Main01	98	267.2258	226.8798	922.9467	0.0	0.866	0.0	0.5	6.2005	6.139	1.2121	1.0	1.0	1.0
skygarden	Scene_Main01	99	283.7806	226.8798	907.9138	0.0	0.0	0.0	1.0	13.3442	6.139	0.9643	1.0	1.0	1.0
skygarden	Scene_Main01	100	262.7283	226.8798	929.7366	0.0	0.2588	0.0	0.9659	15.7971	6.139	1.2121	1.0	1.0	1.0
skygarden	Scene_Main01	101	253.4821	226.8798	931.9594	0.0	-0.2588	0.0	0.9659	6.9685	6.139	1.2121	1.0	1.0	1.0
skygarden	Scene_Main01	102	250.7899	226.8798	911.0222	0.0	-0.7071	0.0	0.7071	39.4264	6.139	1.2121	1.0	1.0	1.0
skygarden	Scene_Main01	103	253.4839	226.8798	889.9379	0.0	-0.9659	0.0	0.2588	6.9912	6.139	1.2121	1.0	1.0	1.0
skygarden	Scene_Main01	104	262.8335	226.8798	892.2011	0.0	-0.9659	0.0	-0.2588	15.9425	6.139	1.2121	1.0	1.0	1.0
skygarden	Scene_Main01	105	282.1885	226.8798	903.3023	0.0	-0.9659	0.0	-0.2588	18.3894	6.139	1.0923	1.0	1.0	1.0
skygarden	Scene_Main01	106	274.9146	228.0525	884.4879	0.0	-0.2588	0.0	0.9659	41.2902	8.4845	2.3945	1.0	1.0	1.0
skygarden	Scene_Main01	107	302.6841	228.0525	900.522	0.0	-0.2588	0.0	0.9659	5.1609	8.4845	2.3945	1.0	1.0	1.0
skygarden	Scene_Main01	108	302.6841	228.0525	921.4465	0.0	0.2588	0.0	0.9659	5.1609	8.4845	2.3945	1.0	1.0	1.0
skygarden	Scene_Main01	109	304.4216	228.0525	917.1058	0.0	0.7071	0.0	0.7071	7.058	8.4845	2.3945	1.0	1.0	1.0
skygarden	Scene_Main01	110	304.4216	228.0525	904.9072	0.0	0.7071	0.0	0.7071	6.8697	8.4845	2.3945	1.0	1.0	1.0
skygarden	Scene_Main01	111	247.94	228.0525	941.69	0.0	-0.2588	0.0	0.9659	22.384	8.4845	2.3945	1.0	1.0	1.0
skygarden	Scene_Main01	112	247.94	228.0525	880.1279	0.0	0.2588	0.0	0.9659	22.384	8.4845	2.3945	1.0	1.0	1.0
skygarden	Scene_Main01	113	239.1399	228.0525	928.4799	0.0	-0.7071	0.0	0.7071	22.384	8.4845	1.9245	1.0	1.0	1.0
skygarden	Scene_Main01	114	239.1399	228.0525	893.58	0.0	-0.7071	0.0	0.7071	22.384	8.4845	1.9245	1.0	1.0	1.0
skygarden	Scene_Main01	115	235.4438	228.0525	894.3699	0.0	0.0	0.0	1.0	7.9754	8.4845	1.9245	1.0	1.0	1.0
skygarden	Scene_Main01	116	229.07	228.0525	900.0	0.0	0.5	0.0	0.866	13.2192	8.4845	1.9245	1.0	1.0	1.0
skygarden	Scene_Main01	117	225.9799	228.0525	910.7399	0.0	0.7071	0.0	0.7071	13.2192	8.4845	1.9245	1.0	1.0	1.0
skygarden	Scene_Main01	118	229.3099	228.0525	921.5	0.0	0.866	0.0	0.5	13.2192	8.4845	1.9245	1.0	1.0	1.0
skygarden	Scene_Main01	119	235.61	228.0525	927.0999	0.0	1.0	0.0	0.0	6.9414	8.4845	1.9245	1.0	1.0	1.0
skygarden	Scene_Main01	120	289.4003	224.9564	910.8499	0.0	0.0	-0.1796	0.9837	4.4302	0.3976	5.7324	1.0	1.0	1.0
skygarden	Scene_Main01	121	258.0827	225.6499	910.7061	0.0	0.7072	0.0	0.7069	24.0314	0.3976	5.0109	1.0	1.0	1.0
skygarden	Scene_Main01	122	272.522	224.9239	925.278	-0.0582	-0.9409	-0.2142	0.2556	5.8434	0.3976	3.1839	1.0	1.0	1.0
skygarden	Scene_Main01	123	272.4219	224.9239	896.3756	-0.2146	-0.2485	-0.0565	0.9428	5.6848	0.3976	3.1839	1.0	1.0	1.0
skygarden	Scene_Main01	124	270.0799	225.5899	921.1201	0.0	-0.965	0.0	0.2622	5.7807	0.3976	6.966	1.0	1.0	1.0
skygarden	Scene_Main01	125	270.0466	225.5899	900.5723	0.0	-0.2548	0.0	0.9669	5.7114	0.3976	6.966	1.0	1.0	1.0
skygarden	Scene_Main01	126	267.5086	225.6499	906.2382	0.0	-0.2548	0.0	0.9669	22.7424	0.3976	6.7756	1.0	1.0	1.0
skygarden	Scene_Main01	127	266.6722	225.6499	916.1486	0.0	0.254	0.0	0.9671	22.7424	0.3976	6.3115	1.0	1.0	1.0
skygarden	Scene_Main01	128	281.8767	225.6759	910.8499	0.0	0.0	0.0	1.0	11.2892	0.3976	5.7324	1.0	1.0	1.0
skygarden	Scene_Main01	129	240.4797	224.4622	911.08	0.0	0.0	-0.0559	0.9984	3.4693	0.3976	16.8269	1.0	1.0	1.0
skygarden	Scene_Main01	130	231.4223	224.75	911.08	0.0	0.0	0.0	1.0	15.2156	0.1828	40.5914	1.0	1.0	1.0
skygarden	Scene_Main01	131	296.3883	224.455	910.9196	0.0	0.0	0.0	1.0	23.095	0.1828	5.6159	1.0	1.0	1.0
skygarden	Scene_Main01	132	296.4443	224.38	899.4799	0.0	0.0	0.0	1.0	23.2064	0.1828	18.349	1.0	1.0	1.0
skygarden	Scene_Main01	133	296.4443	224.38	922.5	0.0	0.0	0.0	1.0	23.2064	0.1828	18.349	1.0	1.0	1.0
skygarden	Scene_Main01	134	271.9323	224.38	933.335	0.0	0.2588	0.0	0.9659	40.0448	0.1828	17.5709	1.0	1.0	1.0
skygarden	Scene_Main01	135	246.7436	224.38	936.7979	0.0	0.9659	0.0	0.2588	30.0136	0.1828	17.571	1.0	1.0	1.0
skygarden	Scene_Main01	136	247.2299	224.38	884.52	0.0	0.9659	0.0	-0.2588	30.0136	0.1828	17.571	1.0	1.0	1.0
skygarden	Scene_Main01	137	244.647	224.38	910.8989	0.0	0.7071	0.0	-0.7071	39.0927	0.1828	14.0764	1.0	1.0	1.0
skygarden	Scene_Main01	138	271.8218	224.38	888.5056	0.0	-0.2588	0.0	0.9659	40.0448	0.1828	17.1305	1.0	1.0	1.0
skygarden	Scene_Main01	139	321.7756	226.568	917.4431	-0.5585	0.0	0.0	0.8294	22.8971	3.9892	7.3961	1.0	1.0	1.0
skygarden	Scene_Main01	140	330.94	227.0399	919.14	-0.7071	0.0	0.0	0.7071	17.048	1.4789	7.3961	1.0	1.0	1.0
skygarden	Scene_Main01	141	330.94	227.0399	902.8499	-0.7071	0.0	0.0	0.7071	17.048	1.4789	7.3961	1.0	1.0	1.0
skygarden	Scene_Main01	142	344.1596	227.0399	923.3167	-0.6642	-0.2424	-0.2424	0.6642	13.623	1.4789	7.3961	1.0	1.0	1.0
skygarden	Scene_Main01	143	344.3522	227.0399	898.4359	-0.6642	0.2424	0.2424	0.6642	14.2124	1.4789	7.3961	1.0	1.0	1.0
skygarden	Scene_Main01	144	359.066	227.0399	925.1649	-0.7021	0.0835	0.0835	0.7021	24.0826	1.4789	7.3961	1.0	1.0	1.0
skygarden	Scene_Main01	145	371.5115	227.0399	916.7368	-0.571	0.417	0.417	0.571	13.7756	1.4789	7.3961	1.0	1.0	1.0
skygarden	Scene_Main01	146	371.4975	227.0399	905.056	-0.4146	0.5727	0.5727	0.4146	13.8511	1.4789	7.3961	1.0	1.0	1.0
skygarden	Scene_Main01	147	359.1666	227.0399	896.8355	-0.0807	0.7024	0.7024	0.0807	22.6755	1.4789	7.3961	1.0	1.0	1.0
skygarden	Scene_Main01	148	321.5898	226.6396	904.5911	0.5585	0.0	0.0	0.8294	23.2688	3.6088	7.3961	1.0	1.0	1.0
skygarden	Scene_Main01	149	306.5075	227.47	907.09	0.7842	0.0	0.0	0.6204	5.8811	3.6088	7.3961	1.0	1.0	1.0
skygarden	Scene_Main01	150	306.5075	227.35	914.78	0.6205	0.0	0.0	0.7841	5.8811	3.6088	7.3961	1.0	1.0	1.0
skygarden	Scene_Main01	151	440.647	216.2586	922.9935	0.0	0.1453	0.0	0.9893	21.3975	7.317	0.9526	1.0	1.0	1.0
skygarden	Scene_Main01	152	426.7167	216.2586	924.6143	0.0	-0.1768	0.0	0.9842	8.6577	7.317	0.9526	1.0	1.0	1.0
skygarden	Scene_Main01	153	420.3872	216.2586	922.1024	0.0	0.0	0.0	1.0	5.3314	7.317	3.3055	1.0	1.0	1.0
skygarden	Scene_Main01	154	409.39	216.2586	922.71	0.0	0.1037	0.0	0.9945	17.8731	7.317	0.9526	1.0	1.0	1.0
skygarden	Scene_Main01	155	397.2528	216.2586	924.4365	0.0	0.0	0.0	1.0	8.8152	7.317	0.9526	1.0	1.0	1.0
skygarden	Scene_Main01	156	386.2228	216.2586	922.898	0.0	-0.1091	0.0	0.994	13.8081	7.317	0.9526	1.0	1.0	1.0
skygarden	Scene_Main01	157	386.2228	216.2586	898.6083	0.0	0.1091	0.0	0.994	13.8081	7.317	0.9526	1.0	1.0	1.0
skygarden	Scene_Main01	158	372.6824	216.2586	900.0952	0.0	0.0	0.0	1.0	13.8081	7.317	0.9526	1.0	1.0	1.0
skygarden	Scene_Main01	159	372.6824	216.2586	921.4113	0.0	0.0	0.0	1.0	13.8081	7.317	0.9526	1.0	1.0	1.0
skygarden	Scene_Main01	160	397.2528	216.2586	897.1315	0.0	0.0	0.0	1.0	8.8152	7.317	0.9526	1.0	1.0	1.0
skygarden	Scene_Main01	161	409.39	216.2586	898.9725	0.0	-0.1037	0.0	0.9945	17.8731	7.317	0.9526	1.0	1.0	1.0
skygarden	Scene_Main01	162	420.4725	216.2586	899.6793	0.0	0.0	0.0	1.0	5.1609	7.317	3.2832	1.0	1.0	1.0
skygarden	Scene_Main01	163	426.7167	216.2586	897.1411	0.0	0.1768	0.0	0.9842	8.6577	7.317	0.9526	1.0	1.0	1.0
skygarden	Scene_Main01	164	450.6593	216.2586	918.1514	0.0	0.7071	0.0	0.7071	4.8282	7.317	0.9526	1.0	1.0	1.0
skygarden	Scene_Main01	165	450.6593	216.2586	903.4799	0.0	0.7071	0.0	0.7071	4.8282	7.317	0.9526	1.0	1.0	1.0
skygarden	Scene_Main01	166	440.6221	216.2586	898.7971	0.0	-0.1453	0.0	0.9893	22.0102	7.317	0.9526	1.0	1.0	1.0
skygarden	Scene_Main01	167	313.9899	227.94	906.3699	0.116	0.1219	0.0277	0.9853	10.162	8.4845	2.3945	1.0	1.0	1.0
skygarden	Scene_Main01	168	313.95	228.1	915.45	-0.1204	-0.1237	0.0335	0.9844	10.162	8.4845	2.3945	1.0	1.0	1.0
skygarden	Scene_Main01	169	321.0062	223.8099	911.08	0.0	0.0	0.0	1.0	34.736	0.1828	17.614	1.0	1.0	1.0
skygarden	Scene_Main01	170	338.8901	224.087	910.63	0.0	0.0	0.199	0.9799	1.6904	0.1828	16.1893	1.0	1.0	1.0
skygarden	Scene_Main01	171	308.9725	224.0868	910.7379	0.0	0.0	-0.1713	0.9852	2.3538	0.1828	6.8058	1.0	1.0	1.0
skygarden	Scene_Main01	172	428.5613	213.4608	910.8499	0.0	0.0	-0.1137	0.9935	6.2686	0.1828	15.1893	1.0	1.0	1.0
skygarden	Scene_Main01	173	435.3999	213.2209	911.02	0.0	0.0	0.0	1.0	12.2277	0.1828	10.827	1.0	1.0	1.0
skygarden	Scene_Main01	174	437.9031	213.2209	924.6345	0.0	0.0	0.0	1.0	30.0266	0.1828	19.4026	1.0	1.0	1.0
skygarden	Scene_Main01	175	437.9031	213.2209	896.424	0.0	0.0	0.0	1.0	30.0266	0.1828	19.687	1.0	1.0	1.0
skygarden	Scene_Main01	176	372.065	214.3332	911.39	0.0	0.0	-0.0326	0.9994	9.3239	0.1828	30.8483	1.0	1.0	1.0
skygarden	Scene_Main01	177	345.07	215.1499	911.39	0.0	0.0	0.0	1.0	9.152	0.1828	32.8454	1.0	1.0	1.0
skygarden	Scene_Main01	178	347.7547	215.1499	918.7205	0.0	0.4316	0.0	0.902	9.152	0.1828	5.6035	1.0	1.0	1.0
skygarden	Scene_Main01	179	347.7799	215.1499	903.07	0.0	-0.4363	0.0	0.8997	9.152	0.1828	5.6035	1.0	1.0	1.0
skygarden	Scene_Main01	180	349.4244	215.1499	921.0203	0.0	0.6506	0.0	0.7593	9.152	0.1828	5.4266	1.0	1.0	1.0
skygarden	Scene_Main01	181	349.3723	215.1499	900.8709	0.0	-0.6451	0.0	0.764	9.152	0.1828	5.4266	1.0	1.0	1.0
skygarden	Scene_Main01	182	353.9431	214.8713	920.95	0.0527	0.7051	-0.0527	0.7051	9.152	0.1828	4.6034	1.0	1.0	1.0
skygarden	Scene_Main01	183	353.9431	214.8713	901.2899	0.0527	0.7051	-0.0527	0.7051	9.152	0.1828	4.6034	1.0	1.0	1.0
skygarden	Scene_Main01	184	353.035	214.58	911.39	0.0	0.0	0.0	1.0	29.1852	0.1828	33.4058	1.0	1.0	1.0
skygarden	Scene_Main01	185	396.9397	214.0299	911.39	0.0	0.0	0.0	1.0	44.2934	0.1828	30.9865	1.0	1.0	1.0
skygarden	Scene_Main01	186	421.8727	214.0599	911.39	0.0	0.0	0.0	1.0	6.4981	0.1828	30.9865	1.0	1.0	1.0
skygarden	Scene_Main01	187	424.7699	214.1	910.78	0.0	0.0	0.0	1.0	1.9391	0.1828	15.9964	1.0	1.0	1.0
skygarden	Scene_Main01	188	341.6271	224.3	911.01	0.0	0.0	0.0	1.0	4.4037	0.1828	19.0192	1.0	1.0	1.0
skygarden	Scene_Main01	189	348.3724	224.3	911.01	0.0	0.0	0.0	1.0	13.2884	0.1828	6.6921	1.0	1.0	1.0
skygarden	Scene_Main01	190	363.6072	224.3	910.8599	0.0	0.0	0.0	1.0	19.8052	0.1828	35.7751	1.0	1.0	1.0
skygarden	Scene_Main01	191	353.2799	224.3	922.4619	0.0	-0.0736	0.0	0.9972	3.7349	0.1828	11.3221	1.0	1.0	1.0
skygarden	Scene_Main01	192	351.8599	224.3	914.38	0.0	0.4242	0.0	0.9055	3.7349	0.1828	7.7758	1.0	1.0	1.0
skygarden	Scene_Main01	193	345.7099	224.3	914.2999	0.0	0.8201	0.0	0.572	3.7349	0.1828	8.9569	1.0	1.0	1.0
skygarden	Scene_Main01	194	345.5899	224.3	907.45	0.0	0.5704	0.0	0.8213	3.7349	0.1828	12.1438	1.0	1.0	1.0
skygarden	Scene_Main01	195	344.9541	224.3	923.1737	0.0	0.4233	0.0	0.9059	6.0909	0.1828	14.524	1.0	1.0	1.0
skygarden	Scene_Main01	196	345.2103	224.3	899.3366	0.0	0.9005	0.0	0.4348	5.0201	0.1828	14.524	1.0	1.0	1.0
skygarden	Scene_Main01	197	352.38	224.3	907.46	0.0	0.8995	0.0	0.4367	3.7349	0.1828	7.7758	1.0	1.0	1.0
skygarden	Scene_Main01	198	353.2099	224.3	900.08	0.0	0.0796	0.0	0.9968	3.7349	0.1828	11.3221	1.0	1.0	1.0
skygarden	Scene_Main01	217	605.6663	193.7919	957.2546	0.0	1.0	0.0	0.0	1.0	1.0	1.0	15.7506	1.0	8.7369
skygarden	Scene_Main01	218	591.4108	192.07	957.2548	0.0	1.0	0.0	0.0	0.8198	1.0	1.0	15.7506	1.0	8.7369
skygarden	Scene_Main01	219	561.7365	190.91	971.3419	0.0	0.7071	0.0	0.7071	1.0	1.0	1.0	15.464	-1.0	8.0831
skygarden	Scene_Main01	220	563.934	190.7496	955.5095	0.0	0.0	0.0	1.0	1.0	1.0	1.0	33.25	0.17	12.2099
skygarden	Scene_Main01	221	539.8347	178.2189	896.2963	0.0	0.0	0.0	1.0	24.0656	21.0518	50.6992	1.0	1.0	1.0
skygarden	Scene_Main01	222	534.8181	191.82	806.6812	0.0	0.0	0.0	1.0	48.4279	1.3325	5.6485	1.0	1.0	1.0
skygarden	Scene_Main01	223	536.205	192.0079	809.5859	-0.1437	0.0	0.0	0.9896	34.9152	1.3582	0.4025	1.0	1.0	1.0
skygarden	Scene_Main01	224	518.1353	192.0079	809.7343	-0.1428	0.112	0.0162	0.9832	1.3178	1.3582	0.4025	1.0	1.0	1.0
skygarden	Scene_Main01	225	517.138	191.996	810.1979	-0.1344	0.3515	0.051	0.925	1.3178	1.3582	0.4025	1.0	1.0	1.0
skygarden	Scene_Main01	226	516.617	192.02	811.0399	-0.1199	0.5461	0.0793	0.8252	1.3178	1.3582	0.4025	1.0	1.0	1.0
skygarden	Scene_Main01	227	516.3593	192.02	821.1195	-0.1016	0.6997	0.1016	0.6997	19.4262	1.3582	0.4025	1.0	1.0	1.0
skygarden	Scene_Main01	228	516.9119	192.02	830.6929	-0.0307	0.9667	0.1404	0.2114	1.3492	1.3582	0.4025	1.0	1.0	1.0
skygarden	Scene_Main01	229	518.148	192.02	831.4454	-0.0457	0.9382	0.1363	0.3145	1.5636	1.3582	0.4025	1.0	1.0	1.0
skygarden	Scene_Main01	230	519.3909	192.02	832.5109	-0.0536	0.9181	0.1334	0.3692	1.7161	1.3582	0.4025	1.0	1.0	1.0
skygarden	Scene_Main01	231	520.4957	192.02	833.8123	-0.0669	0.8757	0.1272	0.4608	1.7161	1.3582	0.4025	1.0	1.0	1.0
skygarden	Scene_Main01	232	521.3632	192.02	835.288	-0.0757	0.8411	0.1222	0.5213	1.7161	1.3582	0.4025	1.0	1.0	1.0
skygarden	Scene_Main01	233	521.9705	192.02	836.8845	-0.0872	0.7864	0.1142	0.6006	1.7161	1.3582	0.4025	1.0	1.0	1.0
skygarden	Scene_Main01	234	522.2841	192.02	838.6978	-0.097	0.7301	0.106	0.6679	1.978	1.3582	0.4025	1.0	1.0	1.0
skygarden	Scene_Main01	235	553.7819	192.0119	809.6669	-0.1415	-0.1729	-0.0251	0.9743	0.5907	1.3582	0.4025	1.0	1.0	1.0
skygarden	Scene_Main01	236	554.1287	192.0079	809.9697	-0.1248	-0.4908	-0.0713	0.8592	0.7707	1.3582	0.4025	1.0	1.0	1.0
skygarden	Scene_Main01	237	554.2529	192.0079	812.4437	-0.1016	-0.6997	-0.1016	0.6997	4.7021	1.3582	0.4025	1.0	1.0	1.0
skygarden	Scene_Main01	238	554.3582	192.0079	815.1774	-0.1143	-0.5997	-0.0871	0.7871	0.7934	1.3582	0.4025	1.0	1.0	1.0
skygarden	Scene_Main01	239	554.7075	192.0079	815.8732	-0.1291	-0.4344	-0.0631	0.8891	0.7934	1.3582	0.4025	1.0	1.0	1.0
skygarden	Scene_Main01	240	557.0203	192.0079	817.2014	-0.14	-0.2237	-0.0325	0.9639	4.6092	1.3582	0.4025	1.0	1.0	1.0
skygarden	Scene_Main01	241	513.4176	191.82	819.2747	0.0	0.0	0.0	1.0	5.6275	1.3325	30.8354	1.0	1.0	1.0
skygarden	Scene_Main01	242	516.6491	191.82	832.9229	0.0	0.471	0.0	0.8821	3.7	1.3325	3.9543	1.0	1.0	1.0
skygarden	Scene_Main01	243	518.8516	191.82	835.119	0.0	0.2965	0.0	0.955	3.7	1.3325	3.9543	1.0	1.0	1.0
skygarden	Scene_Main01	244	520.1101	191.82	837.9266	0.0	0.1205	0.0	0.9927	3.7795	1.3325	4.0389	1.0	1.0	1.0
skygarden	Scene_Main01	245	515.5795	191.82	810.033	0.0	-0.1857	0.0	0.9825	2.2403	1.3325	2.5517	1.0	1.0	1.0
skygarden	Scene_Main01	246	516.3629	191.82	809.322	0.0	-0.4182	0.0	0.9083	2.2403	1.3325	2.5517	1.0	1.0	1.0
skygarden	Scene_Main01	247	556.5421	191.82	809.5996	0.0	0.0	0.0	1.0	4.3169	1.3325	11.4852	1.0	1.0	1.0
skygarden	Scene_Main01	248	557.6179	191.82	815.6389	0.0	0.0	0.0	1.0	4.3169	1.3325	1.5101	1.0	1.0	1.0
skygarden	Scene_Main01	249	555.4749	191.82	815.3179	0.0	-0.3801	0.0	0.9249	1.2995	1.3325	1.5101	1.0	1.0	1.0
skygarden	Scene_Main01	250	523.2313	178.2189	876.1309	0.0	0.3826	0.0	0.9238	12.5261	21.0518	25.4057	1.0	1.0	1.0
skygarden	Scene_Main01	251	525.76	187.9799	910.8712	0.0	0.0	0.0	1.0	6.2948	2.8567	14.0371	1.0	1.0	1.0
skygarden	Scene_Main01	252	531.4199	187.0354	910.8712	0.0	0.0	-0.1646	0.9863	6.2948	2.8567	14.0371	1.0	1.0	1.0
skygarden	Scene_Main01	253	473.8117	185.9824	960.2341	0.077	0.8556	-0.1333	0.494	5.5571	1.4494	1.8526	1.0	1.0	1.0
skygarden	Scene_Main01	254	545.018	178.2189	921.0543	0.0	0.3826	0.0	0.9238	22.9465	21.0518	23.5133	1.0	1.0	1.0
skygarden	Scene_Main01	255	528.4846	189.716	875.3837	0.0	0.3826	0.0	0.9238	4.9059	2.1304	6.5084	1.0	1.0	1.0
skygarden	Scene_Main01	256	605.7722	189.716	876.3126	0.0	-0.3826	0.0	0.9238	4.9059	2.1304	6.2559	1.0	1.0	1.0
skygarden	Scene_Main01	257	568.3491	178.2189	929.0795	0.0	0.7071	0.0	0.7071	29.0917	21.0518	46.2627	1.0	1.0	1.0
skygarden	Scene_Main01	258	587.7681	178.2189	923.6801	0.0	0.9238	0.0	0.3826	24.7662	21.0518	14.2674	1.0	1.0	1.0
skygarden	Scene_Main01	259	600.1907	178.2189	896.0709	0.0	1.0	0.0	0.0	32.9628	21.0518	63.9286	1.0	1.0	1.0
skygarden	Scene_Main01	260	555.7138	190.8899	984.1165	0.0	0.3054	0.0	0.9522	10.1335	2.5872	4.0796	1.0	1.0	1.0
skygarden	Scene_Main01	261	573.8411	191.74	1023.0819	0.0	0.0	0.0	1.0	12.5198	2.5872	13.5194	1.0	1.0	1.0
skygarden	Scene_Main01	262	568.0687	191.74	1017.1069	0.0	0.3826	0.0	0.9238	6.0733	2.5872	5.4088	1.0	1.0	1.0
skygarden	Scene_Main01	263	564.2009	191.317	1020.979	0.0266	0.3817	0.0643	0.9216	6.2647	2.5872	5.4088	1.0	1.0	1.0
skygarden	Scene_Main01	264	565.0	191.32	1025.03	0.0	0.0	0.0811	0.9967	5.6916	2.5872	8.1587	1.0	1.0	1.0
skygarden	Scene_Main01	269	609.8312	199.7604	930.9129	-0.1237	-0.6934	0.1247	0.6987	10.9894	2.9218	10.4281	1.0	1.0	1.0
skygarden	Scene_Main01	270	591.3386	200.6819	957.4694	0.1289	-0.9916	-0.0004	0.0038	10.4824	2.9218	10.4281	1.0	1.0	1.0
skygarden	Scene_Main01	271	582.0642	199.19	957.5427	0.0	-0.9999	0.0	0.0038	10.3778	2.9218	10.4281	1.0	1.0	1.0
skygarden	Scene_Main01	272	600.8524	201.5599	957.3959	0.0	-0.9999	0.0	0.0038	9.6862	2.9218	10.4281	1.0	1.0	1.0
skygarden	Scene_Main01	273	609.9688	201.5599	948.7661	0.0	-0.7043	0.0	0.7098	26.2714	2.9218	10.4281	1.0	1.0	1.0
skygarden	Scene_Main01	274	609.7662	197.9499	922.5068	0.0	-0.7043	0.0	0.7098	7.5116	2.9218	10.4281	1.0	1.0	1.0
skygarden	Scene_Main01	275	617.6699	197.08	910.9301	0.0	-0.7043	0.0	0.7098	22.0669	2.9218	32.5626	1.0	1.0	1.0
skygarden	Scene_Main01	276	554.9766	197.6412	964.017	0.0	-0.7043	0.0	0.7098	3.9036	18.0336	2.8735	1.0	1.0	1.0
skygarden	Scene_Main01	277	630.8599	197.6412	912.28	0.0	-0.7043	0.0	0.7098	19.4307	18.0336	8.9855	1.0	1.0	1.0
skygarden	Scene_Main01	278	547.6942	197.6412	961.3947	0.0	0.0	0.0	1.0	12.9887	18.0336	1.5448	1.0	1.0	1.0
skygarden	Scene_Main01	279	537.5977	200.7752	961.5499	0.0	0.0	0.0	1.0	10.9688	11.7651	1.0175	1.0	1.0	1.0
skygarden	Scene_Main01	280	537.4099	200.7752	952.9901	0.0	0.0	0.0	1.0	10.5923	11.7651	1.0175	1.0	1.0	1.0
skygarden	Scene_Main01	281	524.7199	200.7752	957.3599	0.0	0.7071	0.0	0.7071	3.7797	11.7651	1.0175	1.0	1.0	1.0
skygarden	Scene_Main01	282	529.4807	200.7752	960.3557	0.0	-0.1446	0.0	0.9894	9.513	11.7651	1.0175	1.0	1.0	1.0
skygarden	Scene_Main01	283	529.4227	200.7752	954.1467	0.0	0.1402	0.0	0.9901	9.3577	11.7651	1.0175	1.0	1.0	1.0
skygarden	Scene_Main01	284	548.2728	197.6412	951.7725	0.0	0.0	0.0	1.0	14.0358	18.0336	4.2873	1.0	1.0	1.0
skygarden	Scene_Main01	285	561.5599	197.0623	943.5426	0.0	0.0	0.0	1.0	4.0739	19.1914	19.0064	1.0	1.0	1.0
skygarden	Scene_Main01	286	573.5599	197.0623	943.5081	0.0	0.0	0.0	1.0	3.8435	19.1914	18.7752	1.0	1.0	1.0
skygarden	Scene_Main01	287	571.817	197.0623	933.9569	0.0	-0.1422	0.0	0.9898	0.2681	19.1914	0.4886	1.0	1.0	1.0
skygarden	Scene_Main01	288	613.2692	192.2834	921.2095	0.0	-0.0472	0.0	0.9988	0.2681	9.6337	0.5786	1.0	1.0	1.0
skygarden	Scene_Main01	289	563.0383	197.0623	933.4802	0.0	-0.8543	0.0	0.5196	0.2681	19.1914	0.4886	1.0	1.0	1.0
skygarden	Scene_Main01	290	572.0905	197.0623	933.5838	0.0	-0.409	0.0	0.9125	0.2681	19.1914	0.5943	1.0	1.0	1.0
skygarden	Scene_Main01	291	613.4912	192.2834	920.796	0.0	-0.409	0.0	0.9125	0.2681	9.6337	0.6399	1.0	1.0	1.0
skygarden	Scene_Main01	292	617.817	192.2834	920.622	0.0	0.7071	0.0	0.7071	0.2681	9.6337	8.3312	1.0	1.0	1.0
skygarden	Scene_Main01	293	563.3519	197.0623	933.82	0.0	-0.9643	0.0	0.2645	0.2681	19.1914	0.5943	1.0	1.0	1.0
skygarden	Scene_Main01	294	574.0587	197.0623	933.4149	0.0	0.7071	0.0	0.7071	0.2681	19.1914	3.6325	1.0	1.0	1.0
skygarden	Scene_Main01	295	561.21	197.0623	933.4149	0.0	0.7071	0.0	0.7071	0.2681	19.1914	3.3618	1.0	1.0	1.0
skygarden	Scene_Main01	296	588.981	197.0623	952.4799	0.0	0.0	0.0	1.0	34.6902	19.1914	3.1444	1.0	1.0	1.0
skygarden	Scene_Main01	297	593.929	197.0623	961.7373	0.0	0.0	0.0	1.0	25.355	19.1914	2.5589	1.0	1.0	1.0
skygarden	Scene_Main01	298	577.2739	197.0623	936.684	0.0	-0.3826	0.0	0.9238	6.8038	19.1914	2.8115	1.0	1.0	1.0
skygarden	Scene_Main01	299	584.7042	197.0623	937.7401	0.0	0.0	0.0	1.0	13.1172	19.1914	2.8115	1.0	1.0	1.0
skygarden	Scene_Main01	300	596.4299	197.0623	932.4	0.0	0.3826	0.0	0.9238	19.0131	19.1914	2.8115	1.0	1.0	1.0
skygarden	Scene_Main01	301	605.5286	197.0623	937.5864	0.0	0.7071	0.0	0.7071	32.5502	19.1914	2.319	1.0	1.0	1.0
skygarden	Scene_Main01	302	603.2056	193.6858	926.6199	0.0	0.7071	0.0	0.7071	2.9345	12.4379	6.2161	1.0	1.0	1.0
skygarden	Scene_Main01	303	606.38	197.0233	896.9	0.0	0.7071	0.0	0.7071	5.762	19.1124	1.8544	1.0	1.0	1.0
skygarden	Scene_Main01	304	614.0499	193.6858	900.1057	0.0	1.0	0.0	0.0	16.919	12.4379	2.4659	1.0	1.0	1.0
skygarden	Scene_Main01	305	623.9564	193.6858	903.9484	0.0	0.7071	0.0	0.7071	6.8192	12.4379	5.4085	1.0	1.0	1.0
skygarden	Scene_Main01	306	623.9722	193.6858	918.2098	0.0	0.7071	0.0	0.7071	7.3196	12.4379	5.3771	1.0	1.0	1.0
skygarden	Scene_Main01	307	608.6002	197.0623	893.0274	0.0	0.6248	0.0	0.7807	4.1093	19.1914	5.6627	1.0	1.0	1.0
skygarden	Scene_Main01	308	609.5065	197.0623	890.2467	0.0	0.4473	0.0	0.8943	4.1093	19.1914	4.9629	1.0	1.0	1.0
skygarden	Scene_Main01	309	615.2145	197.0623	884.0819	0.0	0.3865	0.0	0.9222	13.3835	19.1914	4.9629	1.0	1.0	1.0
skygarden	Scene_Main01	310	607.3745	197.0623	868.4199	0.0	0.3811	0.0	0.9245	1.7364	19.1914	5.8241	1.0	1.0	1.0
skygarden	Scene_Main01	311	612.6417	197.0623	875.6353	0.0	0.3811	0.0	0.9245	3.685	19.1914	11.6745	1.0	1.0	1.0
skygarden	Scene_Main01	312	605.233	197.0623	858.5676	0.0	0.7071	0.0	0.7071	16.859	19.1914	1.1657	1.0	1.0	1.0
skygarden	Scene_Main01	313	595.9354	197.0623	817.5609	0.0	0.7071	0.0	-0.7071	2.671	19.1914	11.6854	1.0	1.0	1.0
skygarden	Scene_Main01	314	587.1287	197.0623	817.3229	0.0	0.7071	0.0	-0.7071	2.671	19.1914	6.573	1.0	1.0	1.0
skygarden	Scene_Main01	315	599.5944	197.0623	819.4918	0.0	0.7071	0.0	-0.7071	2.0861	19.1914	0.9094	1.0	1.0	1.0
skygarden	Scene_Main01	316	599.7039	197.0623	820.833	0.0	0.5861	0.0	-0.8101	1.0834	19.1914	0.9094	1.0	1.0	1.0
skygarden	Scene_Main01	317	600.1279	197.0623	821.486	0.0	0.3296	0.0	-0.9441	1.1033	19.1914	0.9094	1.0	1.0	1.0
skygarden	Scene_Main01	318	602.08	197.0623	821.82	0.0	0.0304	0.0	-0.9995	3.6661	19.1914	0.9094	1.0	1.0	1.0
skygarden	Scene_Main01	319	608.26	197.0623	839.2045	0.0	0.705	0.0	-0.7091	23.9082	19.1914	1.5216	1.0	1.0	1.0
skygarden	Scene_Main01	320	606.7855	197.0623	850.7999	0.0	0.7071	0.0	-0.7071	1.3054	19.1914	1.9327	1.0	1.0	1.0
skygarden	Scene_Main01	321	606.0452	197.0623	825.3782	0.0	0.9295	0.0	-0.3686	0.6168	19.1914	9.022	1.0	1.0	1.0
skygarden	Scene_Main01	322	618.1599	197.0623	942.2974	0.0	0.7071	0.0	0.7071	41.5601	19.1914	10.1003	1.0	1.0	1.0
skygarden	Scene_Main01	323	558.34	197.0623	935.69	0.0	-0.3826	0.0	0.9238	1.7748	19.1914	5.0486	1.0	1.0	1.0
skygarden	Scene_Main01	324	550.7843	197.0623	937.0999	0.0	-0.7071	0.0	0.7071	1.5339	19.1914	12.1357	1.0	1.0	1.0
skygarden	Scene_Main01	325	541.3599	195.578	933.2999	0.0	-0.9238	0.0	0.3826	1.8887	22.1603	11.4965	1.0	1.0	1.0
skygarden	Scene_Main01	326	527.327	195.578	926.963	0.0	-0.9238	0.0	0.3826	12.514	22.1603	6.0596	1.0	1.0	1.0
skygarden	Scene_Main01	327	525.2899	187.4557	941.1411	0.0	-0.7071	0.0	0.7071	23.4625	18.3239	0.9604	1.0	1.0	1.0
skygarden	Scene_Main01	328	531.7199	187.4557	944.0379	0.0	-0.7071	0.0	0.7071	17.6696	18.3239	0.9604	1.0	1.0	1.0
skygarden	Scene_Main01	329	533.3959	185.2494	957.6649	0.0	-0.7071	0.0	0.7071	11.079	13.9129	0.9604	1.0	1.0	1.0
skygarden	Scene_Main01	330	529.33	185.2494	962.2921	0.0	-1.0	0.0	0.0	11.079	13.9129	0.9604	1.0	1.0	1.0
skygarden	Scene_Main01	331	532.556	185.2494	961.171	0.0	0.3826	0.0	0.9238	3.9544	13.9129	0.9604	1.0	1.0	1.0
skygarden	Scene_Main01	332	525.0756	185.2494	961.8297	0.0	-0.3826	0.0	0.9238	3.6076	13.9129	0.9604	1.0	1.0	1.0
skygarden	Scene_Main01	333	532.671	185.2494	953.77	0.0	-0.3826	0.0	0.9238	3.0046	13.9129	0.9604	1.0	1.0	1.0
skygarden	Scene_Main01	334	534.5307	192.4761	932.5292	0.0	-0.9238	0.0	0.3826	8.3349	28.3652	0.9604	1.0	1.0	1.0
skygarden	Scene_Main01	335	503.4642	187.4557	954.19	0.0	0.0	0.0	1.0	41.0747	18.3239	0.9604	1.0	1.0	1.0
skygarden	Scene_Main01	336	514.2081	187.4557	960.65	0.0	0.0	0.0	1.0	19.4168	18.3239	0.9604	1.0	1.0	1.0
skygarden	Scene_Main01	337	490.7972	187.4557	960.65	0.0	0.0	0.0	1.0	15.803	18.3239	0.9604	1.0	1.0	1.0
skygarden	Scene_Main01	338	482.6528	187.4557	952.4627	0.0	-0.5	0.0	0.866	4.0153	22.859	1.1981	1.0	1.0	1.0
skygarden	Scene_Main01	339	478.17	187.4557	951.01	0.0	0.0	0.0	1.0	7.6665	22.859	1.1981	1.0	1.0	1.0
skygarden	Scene_Main01	340	473.0299	187.4557	953.9099	0.0	0.4999	0.0	0.866	7.5579	22.859	1.1981	1.0	1.0	1.0
skygarden	Scene_Main01	341	478.5129	187.4557	963.4301	0.0	0.0	0.0	1.0	7.6488	22.859	1.1981	1.0	1.0	1.0
skygarden	Scene_Main01	342	471.422	187.4557	965.3134	0.0	-0.4999	0.0	0.866	2.8759	22.859	8.1862	1.0	1.0	1.0
skygarden	Scene_Main01	343	468.5963	187.4557	970.7028	0.0	0.0	0.0	1.0	2.8759	22.859	9.1759	1.0	1.0	1.0
skygarden	Scene_Main01	344	466.6094	187.4557	960.6013	0.0	-0.4999	0.0	0.866	1.7641	22.859	11.9963	1.0	1.0	1.0
skygarden	Scene_Main01	345	462.032	187.4557	968.8444	0.0	0.0	0.0	1.0	1.7641	22.859	12.9038	1.0	1.0	1.0
skygarden	Scene_Main01	346	465.4331	187.4557	974.45	0.0	0.7071	0.0	0.7071	1.7641	22.859	8.9431	1.0	1.0	1.0
skygarden	Scene_Main01	347	482.25	187.4557	962.53	0.0	0.4999	0.0	0.866	4.7296	22.859	1.1981	1.0	1.0	1.0
skygarden	Scene_Main01	348	498.42	187.4557	975.2481	0.0	0.7071	0.0	0.7071	30.0673	18.3239	0.9604	1.0	1.0	1.0
skygarden	Scene_Main01	349	504.8699	187.4557	975.2109	0.0	0.7071	0.0	0.7071	30.1401	18.3239	0.9604	1.0	1.0	1.0
skygarden	Scene_Main01	350	524.517	192.4761	953.492	0.0	0.3826	0.0	0.9238	2.4145	28.3652	0.9604	1.0	1.0	1.0
skygarden	Scene_Main01	351	525.3184	195.578	921.82	0.0	-1.0	0.0	0.0	10.8178	22.1603	4.8018	1.0	1.0	1.0
skygarden	Scene_Main01	352	519.4553	195.578	919.1744	0.0	-1.0	0.0	0.0	13.3682	22.1603	2.8129	1.0	1.0	1.0
skygarden	Scene_Main01	353	519.4553	195.578	917.1199	0.0	-1.0	0.0	0.0	5.821	22.1603	2.8129	1.0	1.0	1.0
skygarden	Scene_Main01	354	519.46	195.578	904.5599	0.0	-1.0	0.0	0.0	5.821	22.1603	2.8129	1.0	1.0	1.0
skygarden	Scene_Main01	355	522.0764	195.578	898.0969	0.0	0.0	0.0	1.0	9.072	22.1603	12.027	1.0	1.0	1.0
skygarden	Scene_Main01	356	518.5848	195.578	842.752	0.0	-1.0	0.0	0.0	8.0044	22.1603	6.3042	1.0	1.0	1.0
skygarden	Scene_Main01	357	521.3712	195.578	854.6798	0.0	-1.0	0.0	0.0	2.8124	22.1603	5.1417	1.0	1.0	1.0
skygarden	Scene_Main01	358	532.689	197.33	855.359	0.0	-0.791	0.0	0.6116	0.1048	15.787	1.6447	1.0	1.0	1.0
skygarden	Scene_Main01	359	531.1517	197.33	854.8098	0.0	-0.8422	0.0	0.539	0.1048	15.787	1.6447	1.0	1.0	1.0
skygarden	Scene_Main01	360	530.0847	197.33	854.0708	0.0	-0.9263	0.0	0.3766	0.1048	15.787	1.2659	1.0	1.0	1.0
skygarden	Scene_Main01	361	529.2211	197.33	852.8671	0.0	-0.9716	0.0	0.2365	0.1048	15.787	1.7687	1.0	1.0	1.0
skygarden	Scene_Main01	362	528.8599	197.33	837.1859	0.0	0.0	0.0	1.0	0.1608	15.787	29.834	1.0	1.0	1.0
skygarden	Scene_Main01	363	529.0106	197.33	822.0311	0.0	-0.2597	0.0	0.9656	0.1608	15.787	0.6431	1.0	1.0	1.0
skygarden	Scene_Main01	364	529.4254	197.33	821.637	0.0	-0.5208	0.0	0.8536	0.1608	15.787	0.6431	1.0	1.0	1.0
skygarden	Scene_Main01	365	534.762	197.33	821.44	0.0	0.7071	0.0	0.7071	0.4927	15.787	10.1745	1.0	1.0	1.0
skygarden	Scene_Main01	366	539.994	197.33	821.575	0.0	0.551	0.0	0.8344	0.4927	15.787	1.3308	1.0	1.0	1.0
skygarden	Scene_Main01	367	540.5758	197.33	821.9442	0.0	0.2821	0.0	0.9593	0.4927	15.787	1.0199	1.0	1.0	1.0
skygarden	Scene_Main01	368	540.89	194.2256	824.0537	0.0	0.0	0.0	1.0	0.4039	9.5779	3.6896	1.0	1.0	1.0
skygarden	Scene_Main01	369	540.866	194.2256	836.4306	0.0	0.0	0.0	1.0	0.4217	9.5779	15.4009	1.0	1.0	1.0
skygarden	Scene_Main01	370	540.866	196.8628	836.4306	0.0	0.0	0.0	1.0	0.4217	2.0319	22.9689	1.0	1.0	1.0
skygarden	Scene_Main01	371	540.866	194.2256	850.7421	0.0	0.0	0.0	1.0	0.4217	9.5779	7.2045	1.0	1.0	1.0
skygarden	Scene_Main01	372	519.4196	195.578	860.1599	0.0	-1.0	0.0	0.0	1.9353	22.1603	8.8139	1.0	1.0	1.0
skygarden	Scene_Main01	373	520.663	195.578	863.5505	0.0	-0.9139	0.0	0.4057	2.5852	22.1603	3.1571	1.0	1.0	1.0
skygarden	Scene_Main01	374	521.1029	195.578	865.5974	0.0	-0.7107	0.0	0.7034	3.9399	22.1603	3.1571	1.0	1.0	1.0
skygarden	Scene_Main01	375	519.5599	195.578	857.88	0.0	-0.8905	0.0	0.4548	3.9399	22.1603	3.1571	1.0	1.0	1.0
skygarden	Scene_Main01	376	520.38	195.578	856.84	0.0	-0.9678	0.0	0.2513	3.9399	22.1603	3.1571	1.0	1.0	1.0
skygarden	Scene_Main01	377	520.25	195.578	852.94	0.0	-0.908	0.0	0.4189	3.9399	22.1603	3.1571	1.0	1.0	1.0
skygarden	Scene_Main01	378	518.7399	195.578	849.9699	0.0	-0.9976	0.0	0.0691	3.9399	22.1603	3.1571	1.0	1.0	1.0
skygarden	Scene_Main01	379	519.0599	195.578	846.7199	0.0	-0.9771	0.0	-0.2125	3.9399	22.1603	3.1571	1.0	1.0	1.0
skygarden	Scene_Main01	380	520.14	195.578	845.38	0.0	-0.9079	0.0	-0.4189	3.9399	22.1603	3.1571	1.0	1.0	1.0
skygarden	Scene_Main01	381	519.8276	195.578	874.2039	0.0	-0.9238	0.0	-0.3826	7.5305	22.1603	14.1547	1.0	1.0	1.0
skygarden	Scene_Main01	382	511.1499	195.578	818.6837	0.0	-1.0	0.0	0.0	4.085	22.1603	30.4235	1.0	1.0	1.0
skygarden	Scene_Main01	383	534.7553	195.578	802.07	0.0	-0.7071	0.0	-0.7071	4.085	22.1603	48.3571	1.0	1.0	1.0
skygarden	Scene_Main01	384	529.5684	195.578	804.7863	0.0	-0.7071	0.0	-0.7071	2.4126	22.1603	7.616	1.0	1.0	1.0
skygarden	Scene_Main01	385	524.8726	195.578	803.9649	0.0	-0.9282	0.0	-0.372	4.085	22.1603	1.7067	1.0	1.0	1.0
skygarden	Scene_Main01	386	558.71	195.578	809.9746	0.0	-0.7071	0.0	-0.7071	16.2466	22.1603	2.3657	1.0	1.0	1.0
skygarden	Scene_Main01	387	567.3146	197.5493	821.94	0.0	0.0	0.0	-1.0	18.2368	18.2179	2.3657	1.0	1.0	1.0
skygarden	Scene_Main01	388	557.7999	195.578	804.19	0.0	-0.9181	0.0	-0.3961	4.1011	22.1603	2.3657	1.0	1.0	1.0
skygarden	Scene_Main01	389	514.07	195.578	805.1099	0.0	-0.42	0.0	-0.9074	6.5905	22.1603	2.3657	1.0	1.0	1.0
skygarden	Scene_Main01	390	557.88	198.0505	817.9699	0.0	-0.7071	0.0	-0.7071	0.4865	18.1005	3.6699	1.0	1.0	1.0
skygarden	Scene_Main01	391	556.5355	191.5603	817.9699	-0.3039	-0.6384	0.3039	-0.6384	0.4865	1.7164	3.6699	1.0	1.0	1.0
skygarden	Scene_Main01	392	554.1793	192.2801	817.9699	-0.4999	-0.5	0.4999	-0.5	0.4865	1.7164	0.8543	1.0	1.0	1.0
skygarden	Scene_Main01	393	580.1074	200.08	820.6697	0.0	-0.7071	0.0	-0.7071	1.537	22.1603	6.4066	1.0	1.0	1.0
skygarden	Scene_Main01	394	558.5684	200.08	821.8052	0.0	0.0	0.0	1.0	1.236	22.1603	8.4032	1.0	1.0	1.0
skygarden	Scene_Main01	395	576.7399	200.08	821.8052	0.0	0.0	0.0	1.0	1.236	22.1603	8.4032	1.0	1.0	1.0
skygarden	Scene_Main01	396	583.2	200.08	826.0433	0.0	0.0	0.0	1.0	1.4399	22.1603	19.0968	1.0	1.0	1.0
skygarden	Scene_Main01	397	577.536	200.08	820.4699	0.0	0.0	0.0	1.0	2.4985	22.1603	5.9519	1.0	1.0	1.0
skygarden	Scene_Main01	398	512.7523	195.578	834.0537	0.0	-0.887	0.0	0.4617	4.085	22.1603	4.6977	1.0	1.0	1.0
skygarden	Scene_Main01	399	515.4519	195.578	836.283	0.0	-0.9265	0.0	0.3761	4.085	22.1603	3.3855	1.0	1.0	1.0
skygarden	Scene_Main01	400	517.1519	195.578	838.7922	0.0	-0.9755	0.0	0.2198	4.085	22.1603	4.1823	1.0	1.0	1.0
skygarden	Scene_Main01	401	524.09	195.578	891.39	0.0	-0.9815	0.0	0.1914	4.085	22.1603	3.3382	1.0	1.0	1.0
skygarden	Scene_Main01	402	518.26	195.578	884.77	0.0	-0.9238	0.0	0.3826	4.085	22.1603	16.364	1.0	1.0	1.0
skygarden	Scene_Main01	403	558.2036	197.0623	952.8599	0.0	0.0	0.0	1.0	8.8032	19.1914	2.4697	1.0	1.0	1.0
skygarden	Scene_Main01	404	563.1719	197.0623	953.315	0.0	0.6057	0.0	0.7956	0.8541	19.1914	0.7169	1.0	1.0	1.0
skygarden	Scene_Main01	405	562.8798	197.0623	953.5939	0.0	0.1572	0.0	0.9875	0.8816	19.1914	0.7169	1.0	1.0	1.0
skygarden	Scene_Main01	430	573.4022	201.5691	1085.182	0.0012	0.2777	-0.0004	0.9606	18.133	0.3258	43.7474	1.0	1.0	1.0
skygarden	Scene_Main01	431	570.4365	201.6255	1063.6989	0.0009	-0.1574	-0.0009	0.9875	20.9993	0.3258	16.7246	1.0	1.0	1.0
skygarden	Scene_Main01	432	573.82	205.1699	1054.3599	0.0012	0.3968	-0.0002	0.9178	20.9993	0.3258	16.7246	1.0	1.0	1.0
skygarden	Scene_Main01	433	577.7943	205.2032	1034.807	0.0012	0.7178	0.0002	0.6961	23.9665	0.3258	16.7246	1.0	1.0	1.0
skygarden	Scene_Main01	434	567.8699	205.1799	1051.42	0.0012	0.7178	0.0002	0.6961	29.1981	0.3258	16.7246	1.0	1.0	1.0
skygarden	Scene_Main01	435	614.5159	202.3399	1035.988	0.001	0.0153	-0.0007	0.9998	32.3701	0.3258	13.8	1.0	1.0	1.0
skygarden	Scene_Main01	436	619.4603	210.9013	1027.885	0.001	0.0153	-0.0007	0.9998	36.3503	0.3258	32.4092	1.0	1.0	1.0
skygarden	Scene_Main01	437	608.83	211.07	972.65	0.001	0.0153	-0.0007	0.9998	36.3503	0.3258	32.4092	1.0	1.0	1.0
skygarden	Scene_Main01	438	572.1552	204.9057	1004.307	0.001	0.0196	-0.0007	0.9998	18.7798	0.3258	26.4074	1.0	1.0	1.0
skygarden	Scene_Main01	439	577.8773	207.0007	978.2686	0.001	0.0196	-0.0007	0.9998	31.4417	0.3258	25.5006	1.0	1.0	1.0
skygarden	Scene_Main01	440	590.8099	205.07	987.3275	0.001	0.0196	-0.0007	0.9998	16.3744	0.3258	48.6919	1.0	1.0	1.0
skygarden	Scene_Main01	441	616.3308	205.07	987.3275	0.001	0.0196	-0.0007	0.9998	38.7796	0.3258	48.6919	1.0	1.0	1.0
skygarden	Scene_Main01	442	562.9528	203.8247	1004.3629	0.0012	0.7351	0.0002	0.6779	14.5112	0.3258	9.0474	1.0	1.0	1.0
skygarden	Scene_Main01	443	569.1547	203.8007	1012.854	0.0012	0.3993	-0.0002	0.9168	12.6705	0.3258	16.0578	1.0	1.0	1.0
skygarden	Scene_Main01	444	590.1223	203.7333	1028.6689	0.001	0.018	-0.0007	0.9998	12.6705	0.3258	40.2493	1.0	1.0	1.0
skygarden	Scene_Main01	445	612.2913	203.7055	1027.8669	0.001	0.018	-0.0007	0.9998	32.7866	0.3258	40.2493	1.0	1.0	1.0
skygarden	Scene_Main01	446	571.1199	203.8099	983.1799	0.0	0.0	0.0	1.0	12.6705	0.3258	16.0578	1.0	1.0	1.0
skygarden	Scene_Main01	447	582.4566	203.8099	1005.681	0.0	0.0	0.0	1.0	20.5972	0.3258	37.0057	1.0	1.0	1.0
skygarden	Scene_Main01	448	581.9099	203.8099	983.1799	0.0	0.0	0.0	1.0	12.6705	0.3258	16.0578	1.0	1.0	1.0
skygarden	Scene_Main01	449	607.9821	206.1699	986.1173	0.0	0.0	0.0	1.0	33.1762	0.3258	21.9334	1.0	1.0	1.0
skygarden	Scene_Main01	450	566.3494	197.3562	1087.895	0.1972	0.1955	0.6789	0.6796	18.133	0.3258	39.8544	1.0	1.0	1.0
skygarden	Scene_Main01	451	573.575	197.2299	1093.765	-0.2007	0.2007	-0.678	0.678	12.9873	0.2989	12.7547	1.0	1.0	1.0
skygarden	Scene_Main01	452	564.6785	197.2299	1081.5939	-0.1966	0.1966	-0.6792	0.6792	12.9873	0.2989	15.4179	1.0	1.0	1.0
skygarden	Scene_Main01	453	558.6798	197.2299	1074.06	-0.1966	0.1966	-0.6792	0.6792	12.9873	0.2989	6.3639	1.0	1.0	1.0
skygarden	Scene_Main01	454	568.3953	191.9499	1087.5279	-0.1966	0.1966	-0.6792	0.6792	1.8654	1.0127	2.2489	1.0	1.0	1.0
skygarden	Scene_Main01	455	577.6953	197.2299	1075.379	-0.1977	0.1977	-0.6788	0.6788	17.7148	0.2989	15.2329	1.0	1.0	1.0
skygarden	Scene_Main01	456	570.84	197.2299	1063.8299	-0.1977	0.1977	-0.6788	0.6788	11.2817	0.2989	10.2359	1.0	1.0	1.0
skygarden	Scene_Main01	457	567.8956	197.2299	1056.0	-0.0224	0.0224	-0.7067	0.7067	11.2817	0.2989	7.2713	1.0	1.0	1.0
skygarden	Scene_Main01	458	552.7863	197.2299	1059.332	0.0019	-0.0019	-0.7071	0.7071	11.2817	0.2989	9.7522	1.0	1.0	1.0
skygarden	Scene_Main01	459	552.8413	197.2299	1049.5799	0.0019	-0.0019	-0.7071	0.7071	11.2817	0.2989	9.7522	1.0	1.0	1.0
skygarden	Scene_Main01	460	552.8911	197.2299	1040.743	0.0019	-0.0019	-0.7071	0.7071	11.2817	0.2989	7.9217	1.0	1.0	1.0
skygarden	Scene_Main01	461	552.7789	197.2299	1035.9	-0.0487	0.0487	-0.7054	0.7054	11.2817	0.2989	1.8212	1.0	1.0	1.0
skygarden	Scene_Main01	462	552.4299	197.2299	1034.3699	-0.11	0.11	-0.6984	0.6984	11.2817	0.2989	1.8212	1.0	1.0	1.0
skygarden	Scene_Main01	463	551.702	197.2299	1032.8089	-0.1912	0.1912	-0.6807	0.6807	11.2817	0.2989	1.8212	1.0	1.0	1.0
skygarden	Scene_Main01	464	550.755	197.2299	1031.619	-0.2679	0.2679	-0.6543	0.6543	11.2817	0.2989	1.8212	1.0	1.0	1.0
skygarden	Scene_Main01	465	546.455	197.2299	1028.4079	-0.3232	0.3232	-0.6288	0.6288	11.2817	0.2989	9.0679	1.0	1.0	1.0
skygarden	Scene_Main01	466	539.07	197.2299	1023.15	-0.327	0.327	-0.6269	0.6269	11.2817	0.2989	9.0679	1.0	1.0	1.0
skygarden	Scene_Main01	467	534.9248	197.2299	1020.2579	-0.327	0.327	-0.6269	0.6269	11.2817	0.2989	1.0407	1.0	1.0	1.0
skygarden	Scene_Main01	468	534.1879	197.2299	1019.513	-0.2424	0.2424	-0.6642	0.6642	11.2817	0.2989	1.0407	1.0	1.0	1.0
skygarden	Scene_Main01	469	533.611	197.2299	1018.611	-0.1536	0.1536	-0.6902	0.6902	11.2817	0.2989	1.0407	1.0	1.0	1.0
skygarden	Scene_Main01	470	533.981	193.1696	1018.437	-0.1536	0.1536	-0.6902	0.6902	0.6559	0.6861	1.0407	1.0	1.0	1.0
skygarden	Scene_Main01	471	551.7321	193.1649	1032.045	0.678	-0.678	-0.2007	0.2007	0.6559	0.6861	1.0407	1.0	1.0	1.0
skygarden	Scene_Main01	472	534.45	193.1696	1019.228	-0.2424	0.2424	-0.6642	0.6642	0.6559	0.6861	1.0407	1.0	1.0	1.0
skygarden	Scene_Main01	473	551.1591	193.1649	1031.326	0.646	-0.646	-0.2875	0.2875	0.6559	0.6861	1.0407	1.0	1.0	1.0
skygarden	Scene_Main01	474	535.2382	193.1696	1020.028	-0.2903	0.2903	-0.6447	0.6447	0.6559	0.6861	1.2899	1.0	1.0	1.0
skygarden	Scene_Main01	475	550.2683	193.1649	1030.6419	0.6232	-0.6232	-0.334	0.334	0.6559	0.6861	1.2899	1.0	1.0	1.0
skygarden	Scene_Main01	476	533.6989	193.1696	1017.622	-0.0708	0.0708	-0.7035	0.7035	0.6559	0.6861	1.0407	1.0	1.0	1.0
skygarden	Scene_Main01	477	552.1718	193.1649	1032.7769	0.6871	-0.6871	-0.1667	0.1667	0.6559	0.6861	1.0407	1.0	1.0	1.0
skygarden	Scene_Main01	478	533.601	193.1696	1016.8759	-0.0168	0.0168	-0.7069	0.7069	0.6559	0.6861	1.0407	1.0	1.0	1.0
skygarden	Scene_Main01	479	552.715	193.1649	1034.005	0.695	-0.695	-0.1301	0.1301	0.6559	0.6861	1.7563	1.0	1.0	1.0
skygarden	Scene_Main01	480	553.0889	193.1649	1035.6159	0.7059	-0.7056	-0.0429	0.0429	0.6559	0.6861	1.7563	1.0	1.0	1.0
skygarden	Scene_Main01	481	553.192	193.1649	1036.4599	0.7059	-0.7056	-0.0429	0.0429	0.6559	0.6861	0.6319	1.0	1.0	1.0
skygarden	Scene_Main01	482	533.3129	197.2299	1017.629	-0.0622	0.0622	-0.7043	0.7043	11.2817	0.2989	1.0407	1.0	1.0	1.0
skygarden	Scene_Main01	483	533.1715	197.2299	1012.953	-0.0029	0.0029	-0.7071	0.7071	11.2817	0.2989	8.4045	1.0	1.0	1.0
skygarden	Scene_Main01	484	533.197	197.2299	990.7147	-0.0007	0.0007	-0.7071	0.7071	11.2817	0.2989	6.7354	1.0	1.0	1.0
skygarden	Scene_Main01	485	533.14	197.2299	984.5399	-0.0007	0.0007	-0.7071	0.7071	11.2817	0.2989	6.7354	1.0	1.0	1.0
skygarden	Scene_Main01	486	533.142	197.2299	980.015	0.0036	-0.0036	-0.707	0.707	11.2817	0.2989	3.0073	1.0	1.0	1.0
skygarden	Scene_Main01	487	533.181	197.2299	978.013	0.0087	-0.0087	-0.707	0.707	11.2817	0.2989	0.9647	1.0	1.0	1.0
skygarden	Scene_Main01	488	533.2899	197.2299	977.276	0.0817	-0.0817	-0.7023	0.7023	11.2817	0.2989	0.9647	1.0	1.0	1.0
skygarden	Scene_Main01	489	533.5159	197.2299	976.5	0.1272	-0.1272	-0.6955	0.6955	11.2817	0.2989	0.9647	1.0	1.0	1.0
skygarden	Scene_Main01	490	533.874	197.2299	975.7319	0.1749	-0.1749	-0.6851	0.6851	11.2817	0.2989	0.9647	1.0	1.0	1.0
skygarden	Scene_Main01	491	534.385	197.2299	974.997	0.2275	-0.2275	-0.6694	0.6694	11.2817	0.2989	0.9647	1.0	1.0	1.0
skygarden	Scene_Main01	492	535.0689	197.2299	974.351	0.3129	-0.3129	-0.634	0.634	11.2817	0.2989	0.9647	1.0	1.0	1.0
skygarden	Scene_Main01	493	536.971	197.2299	972.9219	0.3288	-0.3288	-0.6259	0.6259	11.2817	0.2989	3.8297	1.0	1.0	1.0
skygarden	Scene_Main01	494	546.5501	197.2299	966.3211	0.3288	-0.3288	-0.6259	0.6259	11.2817	0.2989	1.8873	1.0	1.0	1.0
skygarden	Scene_Main01	495	548.036	197.2299	965.617	0.4077	-0.4077	-0.5776	0.5776	11.2817	0.2989	1.8873	1.0	1.0	1.0
skygarden	Scene_Main01	496	549.3579	197.2299	965.2919	0.4836	-0.4836	-0.5158	0.5158	11.2817	0.2989	1.8873	1.0	1.0	1.0
skygarden	Scene_Main01	497	553.1312	197.2299	965.2429	0.5004	-0.5004	-0.4995	0.4995	11.2817	0.2989	6.1298	1.0	1.0	1.0
skygarden	Scene_Main01	498	556.0374	195.3582	963.6918	0.0006	-0.0006	-0.7071	0.7071	15.025	0.2989	3.2463	1.0	1.0	1.0
skygarden	Scene_Main01	499	567.0369	195.36	972.7999	0.0006	-0.0006	-0.7071	0.7071	15.025	1.2875	20.3587	1.0	1.0	1.0
skygarden	Scene_Main01	500	574.3201	195.36	962.8162	0.5004	-0.5004	-0.4995	0.4995	15.025	0.2989	15.1494	1.0	1.0	1.0
skygarden	Scene_Main01	501	594.2587	195.36	962.1384	0.5004	-0.5004	-0.4995	0.4995	15.025	1.1699	24.7054	1.0	1.0	1.0
skygarden	Scene_Main01	502	578.1226	195.36	963.45	0.5004	-0.5004	-0.4995	0.4995	15.025	1.1699	21.0942	1.0	1.0	1.0
skygarden	Scene_Main01	503	592.8259	197.8515	973.38	0.5004	-0.5004	-0.4995	0.4995	7.7048	1.1699	6.0992	1.0	1.0	1.0
skygarden	Scene_Main01	504	603.0277	198.929	974.2733	0.5004	-0.5004	-0.4995	0.4995	9.8598	1.1699	14.8514	1.0	1.0	1.0
skygarden	Scene_Main01	505	616.3612	198.929	983.6157	0.6761	-0.6761	-0.2067	0.2067	9.8598	1.1699	24.0122	1.0	1.0	1.0
skygarden	Scene_Main01	506	626.6599	195.36	963.6099	0.5004	-0.5004	-0.4995	0.4995	15.025	1.1699	24.9147	1.0	1.0	1.0
skygarden	Scene_Main01	507	568.5728	195.36	987.16	-0.1498	0.1498	-0.691	0.691	15.025	0.2989	8.9881	1.0	1.0	1.0
skygarden	Scene_Main01	508	571.346	195.36	991.942	-0.3116	0.3116	-0.6347	0.6347	15.025	0.2989	3.1495	1.0	1.0	1.0
skygarden	Scene_Main01	509	576.1384	198.3415	993.1182	-0.5006	0.5006	-0.4993	0.4993	9.0615	0.2989	7.4137	1.0	1.0	1.0
skygarden	Scene_Main01	510	566.5836	195.36	983.8657	-0.4653	0.4653	-0.5324	0.5324	15.025	0.2989	2.1882	1.0	1.0	1.0
skygarden	Scene_Main01	511	542.3995	197.2299	969.1793	0.3288	-0.3288	-0.6259	0.6259	11.2817	0.2989	9.3664	1.0	1.0	1.0
skygarden	Scene_Main01	512	529.09	194.6535	1008.8499	-0.5021	0.5021	-0.4978	0.4978	16.434	0.2989	8.4045	1.0	1.0	1.0
skygarden	Scene_Main01	513	529.1229	194.6499	994.0989	-0.5021	0.5021	-0.4978	0.4978	16.434	0.2989	8.4045	1.0	1.0	1.0
skygarden	Scene_Main01	514	552.9619	197.2299	1065.055	-0.0732	0.0732	-0.7033	0.7033	11.2817	0.2989	2.2115	1.0	1.0	1.0
skygarden	Scene_Main01	515	555.71	197.2299	1070.3	-0.181	0.181	-0.6835	0.6835	11.2817	0.2989	10.7843	1.0	1.0	1.0
skygarden	Scene_Main01	516	571.1799	197.2299	1050.3599	0.3433	-0.3433	-0.6181	0.6181	11.2817	0.2989	8.353	1.0	1.0	1.0
skygarden	Scene_Main01	517	574.617	197.2299	1045.2449	-0.0018	0.0018	-0.7071	0.7071	11.2817	0.2989	8.353	1.0	1.0	1.0
skygarden	Scene_Main01	518	574.2239	197.2299	1041.854	-0.2965	0.2965	-0.6419	0.6419	11.2817	0.2989	2.0594	1.0	1.0	1.0
skygarden	Scene_Main01	519	574.7357	197.2299	1026.02	0.0002	-0.0002	-0.7071	0.7071	11.2817	0.2989	21.373	1.0	1.0	1.0
skygarden	Scene_Main01	520	574.7133	197.2299	1014.692	0.1103	-0.1103	-0.6984	0.6984	11.2817	0.2989	1.3795	1.0	1.0	1.0
skygarden	Scene_Main01	521	575.241	197.2299	1013.815	0.3244	-0.3244	-0.6282	0.6282	11.2817	0.2989	0.9008	1.0	1.0	1.0
skygarden	Scene_Main01	522	575.8259	197.2299	1013.4929	0.3925	-0.3925	-0.5881	0.5881	11.2817	0.2989	0.9008	1.0	1.0	1.0
skygarden	Scene_Main01	523	576.7089	197.2299	1012.9959	0.3791	-0.3791	-0.5968	0.5968	11.2817	0.2989	1.2787	1.0	1.0	1.0
skygarden	Scene_Main01	524	577.53	197.2299	1013.4	0.6901	-0.6901	-0.1539	0.1539	11.2817	0.2989	1.2787	1.0	1.0	1.0
skygarden	Scene_Main01	525	585.4407	197.2299	1007.21	0.0002	-0.0002	-0.7071	0.7071	11.2817	3.5158	3.5006	1.0	1.0	1.0
skygarden	Scene_Main01	526	583.723	197.2299	1009.4689	0.0002	-0.0002	-0.7071	0.7071	11.2817	0.0994	3.5006	1.0	1.0	1.0
skygarden	Scene_Main01	527	580.7949	197.2299	1011.9439	0.348	-0.348	-0.6155	0.6155	11.2817	0.0994	7.5967	1.0	1.0	1.0
skygarden	Scene_Main01	528	572.3942	197.2299	1038.4689	-0.0018	0.0018	-0.7071	0.7071	11.2817	2.2173	6.0817	1.0	1.0	1.0
skygarden	Scene_Main01	529	570.656	195.8106	1038.5469	-0.2723	0.2723	-0.6525	0.6525	7.2832	4.2404	4.5505	1.0	1.0	1.0
skygarden	Scene_Main01	530	585.3159	197.2299	1086.217	-0.1977	0.1977	-0.6788	0.6788	13.0165	0.2989	9.2783	1.0	1.0	1.0
skygarden	Scene_Main01	531	587.4965	197.2299	1089.5429	-0.1977	0.1977	-0.6788	0.6788	13.0165	0.9494	1.0903	1.0	1.0	1.0
skygarden	Scene_Main01	532	583.3369	197.2299	1083.0119	-0.1977	0.1977	-0.6788	0.6788	13.0165	0.9494	1.0903	1.0	1.0	1.0
skygarden	Scene_Main01	533	587.1599	197.2299	1091.3399	-0.1977	0.1977	-0.6788	0.6788	13.0165	2.6178	1.6218	1.0	1.0	1.0
skygarden	Scene_Main01	534	581.6699	197.2299	1082.7189	-0.1977	0.1977	-0.6788	0.6788	13.0165	2.6178	1.6218	1.0	1.0	1.0
skygarden	Scene_Main01	535	569.6859	197.2299	1088.536	-0.1977	0.1977	-0.6788	0.6788	13.0165	2.6178	1.6218	1.0	1.0	1.0
skygarden	Scene_Main01	536	581.28	197.2299	1096.0999	0.3381	-0.3381	-0.621	0.621	17.7148	0.2989	21.3917	1.0	1.0	1.0
skygarden	Scene_Main01	537	612.9392	192.875	1022.2399	0.0	0.0	0.0	1.0	38.8588	0.2989	29.4239	1.0	1.0	1.0
skygarden	Scene_Main01	538	575.3165	190.0099	1087.5899	0.0	0.2802	0.0	0.9599	17.7148	0.2989	40.4304	1.0	1.0	1.0
skygarden	Scene_Main01	539	563.4741	191.4889	1076.2449	-0.1966	0.1966	-0.6792	0.6792	0.9431	3.3159	3.1375	1.0	1.0	1.0
skygarden	Scene_Main01	540	561.3886	195.5713	1074.963	-0.1966	0.1966	-0.6792	0.6792	9.1079	3.8559	5.068	1.0	1.0	1.0
skygarden	Scene_Main01	541	572.7069	195.57	1069.519	-0.1966	0.1966	-0.6792	0.6792	9.1079	3.8559	2.1599	1.0	1.0	1.0
skygarden	Scene_Main01	542	571.5599	197.0099	1067.6999	-0.3957	-0.0213	-0.586	0.7067	9.1079	3.8559	2.1599	1.0	1.0	1.0
skygarden	Scene_Main01	543	572.395	191.49	1070.3249	-0.1966	0.1966	-0.6792	0.6792	0.9431	3.9526	3.1375	1.0	1.0	1.0
skygarden	Scene_Main01	544	566.984	190.2879	1074.13	0.1174	-0.4791	-0.207	0.8448	5.9419	0.2989	5.599	1.0	1.0	1.0
skygarden	Scene_Main01	545	608.4105	193.8999	996.5048	0.0	-0.008	0.0	0.9999	32.3851	0.2989	22.2893	1.0	1.0	1.0
skygarden	Scene_Main01	546	607.6574	205.69	999.7609	0.0	-0.008	0.0	0.9999	24.2045	0.2989	21.7473	1.0	1.0	1.0
skygarden	Scene_Main01	547	584.8441	204.4768	1016.663	0.1305	-0.008	0.001	0.9914	12.8743	0.2989	5.1992	1.0	1.0	1.0
skygarden	Scene_Main01	548	602.8519	204.7369	1015.479	0.1215	-0.008	0.0011	0.9925	7.5203	0.2989	7.5123	1.0	1.0	1.0
skygarden	Scene_Main01	549	602.9299	205.695	1010.9	0.0	-0.008	0.0001	0.9999	7.5203	0.2989	2.1838	1.0	1.0	1.0
skygarden	Scene_Main01	550	612.2697	207.2071	1011.184	0.7071	0.0	0.0	0.7071	11.0932	0.2989	6.5728	1.0	1.0	1.0
skygarden	Scene_Main01	551	620.9862	207.2071	1011.3079	0.7071	0.0	0.0	0.7071	6.2862	0.2989	6.5728	1.0	1.0	1.0
skygarden	Scene_Main01	552	624.2739	207.2071	1011.5339	0.6593	-0.2555	0.2555	0.6593	0.6242	0.2989	6.5727	1.0	1.0	1.0
skygarden	Scene_Main01	553	612.293	207.2985	1023.4769	0.7071	0.0	0.0	0.7071	11.14	0.2989	6.39	1.0	1.0	1.0
skygarden	Scene_Main01	554	608.2479	204.2409	1022.1749	0.7071	0.0	0.0	0.7071	0.7453	0.7126	0.3972	1.0	1.0	1.0
skygarden	Scene_Main01	555	608.2479	204.2409	1012.45	0.7071	0.0	0.0	0.7071	0.7453	0.7126	0.3972	1.0	1.0	1.0
skygarden	Scene_Main01	556	623.013	203.8979	1026.526	1.0	0.0	0.0	0.0	3.3015	0.2989	6.39	1.0	1.0	1.0
skygarden	Scene_Main01	557	619.6768	207.2259	1025.604	0.7071	0.0	0.0	0.7071	3.6632	5.2915	6.39	1.0	1.0	1.0
skygarden	Scene_Main01	558	623.1359	207.2129	1024.895	0.6888	0.1595	-0.1595	0.6888	3.538	0.2989	6.39	1.0	1.0	1.0
skygarden	Scene_Main01	559	621.03	207.2985	1030.7399	0.5	-0.5	0.5	0.5	14.2583	0.2989	6.39	1.0	1.0	1.0
skygarden	Scene_Main01	560	624.5549	207.2985	1024.864	0.5	-0.5	0.5	0.5	26.0107	0.2989	6.39	1.0	1.0	1.0
skygarden	Scene_Main01	561	607.4869	207.2985	1017.8359	0.5	-0.5	0.5	0.5	11.9545	0.2989	6.39	1.0	1.0	1.0
skygarden	Scene_Main01	562	607.8179	204.2839	1017.9559	0.5	-0.5	0.5	0.5	6.6006	0.4061	0.8844	1.0	1.0	1.0
skygarden	Scene_Main01	563	582.6553	203.9499	1025.457	0.0	-0.008	0.0	0.9999	16.9645	0.2989	25.6031	1.0	1.0	1.0
skygarden	Scene_Main01	564	594.9202	205.69	999.7808	0.0	-0.008	0.0	0.9999	2.3502	0.2989	13.8707	1.0	1.0	1.0
skygarden	Scene_Main01	565	594.687	204.2109	1020.0859	0.0	0.0	0.0	1.0	5.9064	0.2989	6.9573	1.0	1.0	1.0
skygarden	Scene_Main01	566	598.043	204.151	1020.0859	0.0	0.0	-0.0586	0.9982	0.8268	0.2989	3.8143	1.0	1.0	1.0
skygarden	Scene_Main01	567	595.1215	204.069	1021.276	0.0	0.0	0.0	1.0	7.8437	0.2989	23.849	1.0	1.0	1.0
skygarden	Scene_Main01	568	592.58	205.44	999.7399	-0.0009	-0.008	0.1201	0.9927	2.3502	0.2989	13.8707	1.0	1.0	1.0
skygarden	Scene_Main01	569	607.1555	194.6289	991.9329	0.0	-0.008	0.0	0.9999	4.6141	1.3632	3.0571	1.0	1.0	1.0
skygarden	Scene_Main01	570	609.7512	194.6289	991.9788	0.0	-0.008	0.0	0.9999	0.7562	1.3632	3.0571	1.0	1.0	1.0
skygarden	Scene_Main01	571	615.4426	199.533	993.3817	0.0	0.7013	0.0	0.7128	0.4362	11.1712	10.6706	1.0	1.0	1.0
skygarden	Scene_Main01	572	608.2619	199.533	1004.7299	0.0	0.7071	0.0	0.7071	0.4362	11.1712	12.4455	1.0	1.0	1.0
skygarden	Scene_Main01	573	613.1298	199.533	1035.43	0.0	0.7071	0.0	0.7071	0.4362	11.1712	29.6883	1.0	1.0	1.0
skygarden	Scene_Main01	574	628.166	199.533	1035.102	0.0	0.7901	0.0	0.6128	0.4362	11.1712	4.8371	1.0	1.0	1.0
skygarden	Scene_Main01	575	628.369	199.533	1035.343	0.0	0.9056	0.0	0.424	0.4362	11.1712	4.8371	1.0	1.0	1.0
skygarden	Scene_Main01	576	630.1177	199.533	1032.4949	0.0	0.9986	0.0	0.0527	0.4362	11.1712	1.6867	1.0	1.0	1.0
skygarden	Scene_Main01	577	629.8239	199.533	1033.785	0.0	0.9749	0.0	0.2223	0.4362	11.1712	1.6867	1.0	1.0	1.0
skygarden	Scene_Main01	578	630.2399	199.533	1019.6599	0.0	1.0	0.0	0.0	0.4362	11.1712	29.6883	1.0	1.0	1.0
skygarden	Scene_Main01	579	613.1298	198.8143	1035.16	0.0	0.7071	0.0	0.7071	0.4362	7.1941	20.6049	1.0	1.0	1.0
skygarden	Scene_Main01	580	614.9224	199.533	1007.013	0.0	0.0229	0.0	0.9997	0.4362	11.1712	3.7526	1.0	1.0	1.0
skygarden	Scene_Main01	581	614.75	199.533	1004.926	0.0	0.2396	0.0	0.9708	0.4362	11.1712	0.7214	1.0	1.0	1.0
skygarden	Scene_Main01	582	614.5745	199.533	1004.7689	0.0	0.4827	0.0	0.8757	0.4362	11.1712	0.3918	1.0	1.0	1.0
skygarden	Scene_Main01	583	619.5958	199.533	1007.7329	0.0	0.7081	0.0	0.706	0.4362	11.1712	8.1555	1.0	1.0	1.0
skygarden	Scene_Main01	584	622.7689	199.533	1000.578	0.0	0.9999	0.0	-0.0118	0.4362	11.1712	14.644	1.0	1.0	1.0
skygarden	Scene_Main01	585	614.9713	199.533	982.6702	0.0	0.2511	0.0	0.9679	0.4362	11.1712	22.6771	1.0	1.0	1.0
skygarden	Scene_Main01	586	611.8082	194.6999	987.3132	0.0	0.7013	0.0	0.7128	1.2549	1.5057	3.214	1.0	1.0	1.0
skygarden	Scene_Main01	587	598.5703	194.4783	978.5161	0.0	0.7067	0.0	0.7074	1.0146	1.0624	1.5226	1.0	1.0	1.0
skygarden	Scene_Main01	588	597.32	194.4783	978.3469	0.0	0.5894	0.0	0.8078	1.0146	1.0624	1.5226	1.0	1.0	1.0
skygarden	Scene_Main01	589	596.39	194.4783	977.864	0.0	0.415	0.0	0.9098	1.0146	1.0624	0.9416	1.0	1.0	1.0
skygarden	Scene_Main01	590	595.7899	194.4783	977.2609	0.0	0.3348	0.0	0.9422	1.0146	1.0624	0.9416	1.0	1.0	1.0
skygarden	Scene_Main01	591	595.406	194.4783	976.58	0.0	0.2007	0.0	0.9796	1.0146	1.0624	0.9416	1.0	1.0	1.0
skygarden	Scene_Main01	592	595.276	194.4783	975.939	0.0	0.075	0.0	0.9971	1.0146	1.0624	0.9416	1.0	1.0	1.0
skygarden	Scene_Main01	593	595.2683	194.4783	973.5537	0.0	-0.008	0.0	0.9999	1.0146	1.0624	4.4378	1.0	1.0	1.0
skygarden	Scene_Main01	594	613.3366	194.6999	987.5488	0.0	0.277	0.0	0.9608	1.2549	1.5057	1.3148	1.0	1.0	1.0
skygarden	Scene_Main01	595	607.754	194.5354	982.1364	0.0	0.3084	0.0	0.9512	2.2249	1.1764	11.9122	1.0	1.0	1.0
skygarden	Scene_Main01	596	610.8035	195.4786	991.8784	0.0	0.3894	0.0	0.921	0.2314	3.0626	4.3972	1.0	1.0	1.0
skygarden	Scene_Main01	597	610.0961	193.8999	982.4036	0.0	-0.008	0.0	0.9999	29.4736	0.2989	22.0687	1.0	1.0	1.0
skygarden	Scene_Main01	598	596.2039	193.8999	976.9752	0.0	-0.008	0.0	0.9999	7.1964	0.2989	11.4102	1.0	1.0	1.0
skygarden	Scene_Main01	599	593.0255	193.8999	974.7186	0.0	-0.008	0.0	0.9999	7.1964	0.2989	7.007	1.0	1.0	1.0
skygarden	Scene_Main01	600	591.7249	193.4519	981.8635	0.0	-0.008	0.0	0.9999	2.775	0.2989	7.8626	1.0	1.0	1.0
skygarden	Scene_Main01	601	594.1519	193.757	983.8489	-0.0003	-0.008	0.0488	0.9987	2.775	0.2989	3.1075	1.0	1.0	1.0
skygarden	Scene_Main01	602	589.82	193.4049	979.7175	-0.0005	-0.008	0.0695	0.9975	1.1582	0.2989	3.1075	1.0	1.0	1.0
skygarden	Scene_Main01	603	584.533	193.2709	978.455	0.0	-0.008	0.0	0.9999	15.9406	0.2989	15.6426	1.0	1.0	1.0
skygarden	Scene_Main01	604	579.9368	194.3417	985.3062	0.0	0.0	0.0	1.0	4.856	2.1442	0.6924	1.0	1.0	1.0
skygarden	Scene_Main01	605	582.2899	194.0796	984.1038	0.0	-0.7071	0.0	0.7071	3.0971	1.6199	0.6924	1.0	1.0	1.0
skygarden	Scene_Main01	606	589.6193	194.3094	987.9517	0.0	-0.7071	0.0	0.7071	5.207	1.8364	1.6055	1.0	1.0	1.0
skygarden	Scene_Main01	607	594.3712	194.3094	989.791	0.0	0.0	0.0	1.0	7.8487	1.8364	1.6055	1.0	1.0	1.0
skygarden	Scene_Main01	608	589.6193	193.5919	981.9304	0.0	-0.7071	0.0	0.7071	1.9901	1.8364	1.6055	1.0	1.0	1.0
skygarden	Scene_Main01	609	589.6193	193.9302	984.1785	-0.1013	-0.6998	0.1013	0.6998	2.9547	1.8364	1.6055	1.0	1.0	1.0
skygarden	Scene_Main01	610	589.3709	195.6528	974.2161	0.0	-0.7071	0.0	0.7071	8.0646	4.7664	1.4214	1.0	1.0	1.0
skygarden	Scene_Main01	611	592.5839	194.2212	980.2689	0.0	-0.7071	0.0	0.7071	2.8458	1.9032	0.1121	1.0	1.0	1.0
skygarden	Scene_Main01	612	594.353	194.2212	982.642	0.0	-1.0	0.0	0.0	2.2356	1.9032	0.1121	1.0	1.0	1.0
skygarden	Scene_Main01	613	593.7905	194.3009	985.0609	0.0	-1.0	0.0	0.0	3.3604	1.9032	0.1121	1.0	1.0	1.0
skygarden	Scene_Main01	614	591.0529	194.2212	977.7109	0.0	-1.0	0.0	0.0	2.2356	1.9032	0.1121	1.0	1.0	1.0
skygarden	Scene_Main01	615	592.8792	194.2212	982.1881	0.0	-0.5	0.0	0.866	1.2108	1.9032	0.1121	1.0	1.0	1.0
skygarden	Scene_Main01	616	591.1119	194.2212	984.33	0.0	-0.3826	0.0	0.9238	1.4411	1.9032	0.1121	1.0	1.0	1.0
skygarden	Scene_Main01	617	591.9041	194.2212	984.9348	0.0	-0.2227	0.0	0.9748	0.69	1.9032	0.1121	1.0	1.0	1.0
skygarden	Scene_Main01	618	592.2738	194.2212	978.2937	0.0	-0.5	0.0	0.866	1.2108	1.9032	0.1121	1.0	1.0	1.0
skygarden	Scene_Main01	619	591.874	194.2212	977.94	0.0	-0.2588	0.0	0.9659	0.819	1.9032	0.1121	1.0	1.0	1.0
skygarden	Scene_Main01	620	579.9368	194.3417	969.682	0.0	0.0	0.0	1.0	4.856	2.1442	0.6924	1.0	1.0	1.0
skygarden	Scene_Main01	621	577.8779	194.3311	977.0839	0.0	-0.7071	0.0	0.7071	15.5426	2.1442	0.6924	1.0	1.0	1.0
skygarden	Scene_Main01	622	600.0203	193.9219	967.0106	0.0	-0.008	0.0	0.9999	41.9416	0.2989	5.1151	1.0	1.0	1.0
skygarden	Scene_Main01	623	593.0651	196.32	965.0549	0.7071	0.0	0.0	0.7071	9.5373	0.2989	5.1151	1.0	1.0	1.0
skygarden	Scene_Main01	624	601.4478	196.32	965.0549	0.7071	0.0	0.0	0.7071	7.2283	0.2989	5.1151	1.0	1.0	1.0
skygarden	Scene_Main01	625	605.7009	196.32	964.848	0.6963	0.1231	-0.1231	0.6963	1.3117	0.2989	5.1151	1.0	1.0	1.0
skygarden	Scene_Main01	626	606.5872	196.32	964.1605	0.6256	0.3294	-0.3294	0.6256	1.1667	0.2989	5.1151	1.0	1.0	1.0
skygarden	Scene_Main01	627	606.8845	196.32	963.4749	0.5414	0.4547	-0.4547	0.5414	0.4806	0.2989	5.1151	1.0	1.0	1.0
skygarden	Scene_Main01	628	588.4459	196.32	964.0698	0.5	-0.4999	0.4999	0.5	1.7542	0.2989	5.1151	1.0	1.0	1.0
skygarden	Scene_Main01	629	588.4459	196.32	971.166	0.5	-0.4999	0.4999	0.5	1.5717	0.2989	5.1151	1.0	1.0	1.0
skygarden	Scene_Main01	630	585.293	193.6262	970.2208	0.1209	0.6966	0.1209	0.6966	2.0244	0.2989	6.3959	1.0	1.0	1.0
skygarden	Scene_Main01	631	595.9094	196.32	970.2139	0.7071	0.0	0.0	0.7071	15.2253	0.2989	5.1151	1.0	1.0	1.0
skygarden	Scene_Main01	632	609.4855	196.32	970.2139	0.7071	0.0	0.0	0.7071	11.9275	0.2989	5.1151	1.0	1.0	1.0
skygarden	Scene_Main01	633	615.9359	196.32	966.7869	0.5	0.4999	-0.4999	0.5	6.2815	0.2989	5.1151	1.0	1.0	1.0
skygarden	Scene_Main01	641	492.9912	200.7859	1020.6439	0.0	-0.219	0.0	0.9757	11.1786	0.3258	11.6479	1.0	1.0	1.0
skygarden	Scene_Main01	642	488.539	200.7848	1022.9849	0.0	-0.2006	0.0	0.9796	6.0506	0.3258	22.5855	1.0	1.0	1.0
skygarden	Scene_Main01	643	467.4024	189.8699	1026.8909	0.683	-0.183	0.183	0.683	23.7621	0.3258	5.7048	1.0	1.0	1.0
skygarden	Scene_Main01	644	471.5079	191.19	1019.78	0.0	-0.2588	0.0	0.9659	23.7621	0.3258	22.1263	1.0	1.0	1.0
skygarden	Scene_Main01	645	471.5	195.94	1038.6199	-0.3019	-0.3193	0.6376	0.6326	6.8451	0.0278	16.5726	1.0	1.0	1.0
skygarden	Scene_Main01	646	461.16	195.6399	1032.53	0.0073	-0.0716	0.6828	0.7269	6.8451	0.0278	16.5726	1.0	1.0	1.0
skygarden	Scene_Main01	647	492.72	196.4129	1014.6049	0.3883	0.3664	0.5759	0.619	6.5082	0.0278	16.5726	1.0	1.0	1.0
skygarden	Scene_Main01	648	484.9424	196.6697	1007.653	0.0242	0.027	0.682	0.7303	6.9658	0.0278	9.3735	1.0	1.0	1.0
skygarden	Scene_Main01	649	492.953	195.8869	1025.9539	0.6212	0.5565	0.3725	0.4067	6.8451	0.0278	16.5726	1.0	1.0	1.0
skygarden	Scene_Main01	650	465.1134	200.7597	1020.114	0.0468	0.0798	0.0151	0.9955	11.3212	0.3258	8.5364	1.0	1.0	1.0
skygarden	Scene_Main01	651	457.7029	200.2584	1023.651	0.0473	0.0466	0.0135	0.9976	13.2784	0.3258	11.4618	1.0	1.0	1.0
skygarden	Scene_Main01	652	473.634	201.315	1038.3179	0.0013	-0.4967	-0.0404	0.8669	18.6439	0.3257	12.7839	1.0	1.0	1.0
skygarden	Scene_Main01	653	479.896	200.615	1044.576	0.0013	-0.4967	-0.0404	0.8669	18.6439	0.3257	8.2888	1.0	1.0	1.0
skygarden	Scene_Main01	654	471.1405	197.4019	1001.163	0.2875	0.3578	0.5982	0.6567	9.8767	0.3258	17.5652	1.0	1.0	1.0
skygarden	Scene_Main01	655	472.3794	203.24	1016.1749	0.0	-0.1915	0.0	0.9814	7.0801	0.3258	25.2219	1.0	1.0	1.0
skygarden	Scene_Main01	656	491.0162	200.5854	1027.436	0.0013	-0.4967	-0.0404	0.8669	5.8452	0.3257	21.7558	1.0	1.0	1.0
skygarden	Scene_Main01	657	471.9599	199.0099	1039.3	0.0577	-0.4983	-0.008	0.865	4.7873	0.3258	18.8155	1.0	1.0	1.0
skygarden	Scene_Main01	658	482.3829	201.86	1003.664	0.0	-0.995	0.0	-0.099	11.731	0.3258	18.0366	1.0	1.0	1.0
skygarden	Scene_Main01	659	523.2698	189.9178	1007.653	-0.4989	-0.4989	-0.501	-0.501	2.9377	0.2362	13.5904	1.0	1.0	1.0
skygarden	Scene_Main01	660	513.3162	193.8087	1025.0469	-0.4989	-0.4989	-0.501	-0.501	1.2651	0.2362	6.9588	1.0	1.0	1.0
skygarden	Scene_Main01	661	490.7213	193.7442	1034.3609	-0.4392	-0.4392	-0.5541	-0.5541	1.1362	0.2362	8.7485	1.0	1.0	1.0
skygarden	Scene_Main01	662	502.0989	193.6972	1030.1219	-0.6254	-0.6254	-0.3298	-0.3298	1.2651	0.2362	18.8324	1.0	1.0	1.0
skygarden	Scene_Main01	663	513.3569	194.8845	1026.932	-0.4989	-0.4989	-0.501	-0.501	1.9503	0.2362	6.8594	1.0	1.0	1.0
skygarden	Scene_Main01	664	535.5496	192.7467	1007.187	-0.4989	-0.4989	-0.501	-0.501	3.1295	0.2362	4.2572	1.0	1.0	1.0
skygarden	Scene_Main01	665	537.5859	192.537	1007.8599	0.0015	0.0015	-0.7071	-0.7071	2.7098	0.2362	1.5323	1.0	1.0	1.0
skygarden	Scene_Main01	666	531.827	191.7617	1007.1699	-0.3735	-0.5987	-0.6004	-0.3761	3.0969	0.2362	4.9627	1.0	1.0	1.0
skygarden	Scene_Main01	667	501.7409	196.6914	1030.821	0.6763	0.2061	-0.2061	0.6763	19.3656	0.375	6.5136	1.0	1.0	1.0
skygarden	Scene_Main01	668	495.406	196.6914	1034.9019	0.6763	0.2061	-0.2061	0.6763	0.1249	0.6343	6.5136	1.0	1.0	1.0
skygarden	Scene_Main01	669	513.3189	196.6914	1025.571	0.7071	0.0023	-0.0023	0.7071	6.74	0.375	6.5136	1.0	1.0	1.0
skygarden	Scene_Main01	670	523.3367	196.3511	1008.017	0.7071	0.0023	-0.0023	0.7071	13.2545	0.375	12.9959	1.0	1.0	1.0
skygarden	Scene_Main01	671	529.82	196.3511	1008.6729	0.5016	-0.4983	0.4983	0.5016	1.7774	0.375	12.9959	1.0	1.0	1.0
skygarden	Scene_Main01	672	516.8049	193.4129	1009.2479	0.4983	0.5016	-0.5016	0.4983	2.3831	0.375	7.1193	1.0	1.0	1.0
skygarden	Scene_Main01	673	524.6707	193.11	994.8131	0.7071	0.0023	-0.0023	0.7071	17.5011	0.375	6.5136	1.0	1.0	1.0
skygarden	Scene_Main01	674	508.4706	193.11	990.2316	0.7071	0.0023	-0.0023	0.7071	7.6414	0.375	6.5136	1.0	1.0	1.0
skygarden	Scene_Main01	675	488.1597	193.11	995.0413	0.6725	0.2182	-0.2182	0.6725	17.7775	0.375	6.5136	1.0	1.0	1.0
skygarden	Scene_Main01	676	482.38	195.13	1003.6199	0.4708	0.5275	-0.5275	0.4708	11.5889	0.375	6.5136	1.0	1.0	1.0
skygarden	Scene_Main01	677	487.42	190.6277	1001.63	0.2128	0.6743	-0.6743	0.2128	11.5889	0.375	2.2582	1.0	1.0	1.0
skygarden	Scene_Main01	678	486.5486	191.552	1002.8809	0.0	0.9536	0.0	0.301	11.5889	0.375	2.9946	1.0	1.0	1.0
skygarden	Scene_Main01	679	482.9942	195.649	1011.872	0.707	0.0084	-0.0084	0.707	4.4241	0.375	6.5136	1.0	1.0	1.0
skygarden	Scene_Main01	680	483.402	195.6499	1028.93	0.707	-0.0106	0.0106	0.707	4.4241	0.375	6.5136	1.0	1.0	1.0
skygarden	Scene_Main01	681	463.57	195.6499	1023.26	0.3442	-0.6176	0.6176	0.3442	4.4241	0.375	6.5136	1.0	1.0	1.0
skygarden	Scene_Main01	682	473.7439	195.6499	1022.729	0.6818	-0.1872	0.1872	0.6818	8.1846	0.375	6.5136	1.0	1.0	1.0
skygarden	Scene_Main01	683	465.0069	195.3148	1037.463	0.6837	-0.1802	0.1802	0.6837	8.1846	0.375	5.8434	1.0	1.0	1.0
skygarden	Scene_Main01	684	465.281	196.5399	1003.1909	0.6833	0.1817	-0.1817	0.6833	8.1846	0.375	5.8434	1.0	1.0	1.0
skygarden	Scene_Main01	685	477.7399	195.6499	1020.4	0.4999	-0.5	0.5	0.4999	8.1846	0.375	6.5136	1.0	1.0	1.0
skygarden	Scene_Main01	686	473.661	195.6499	1018.096	0.1829	-0.683	0.683	0.1829	8.1846	0.375	6.5136	1.0	1.0	1.0
skygarden	Scene_Main01	687	477.488	195.6499	1016.179	-0.183	-0.6829	0.6829	-0.183	0.8334	0.375	6.5136	1.0	1.0	1.0
skygarden	Scene_Main01	688	470.2139	195.6499	1020.34	-0.5	-0.4999	0.4999	-0.5	0.8334	0.375	6.5136	1.0	1.0	1.0
skygarden	Scene_Main01	689	477.54	195.6499	1024.6099	0.1829	-0.683	0.683	0.1829	0.8334	0.375	6.5136	1.0	1.0	1.0
skygarden	Scene_Main01	690	478.3937	195.6499	1031.749	0.6111	0.3556	-0.3556	0.6111	4.5449	0.375	6.5136	1.0	1.0	1.0
skygarden	Scene_Main01	691	463.633	195.6499	1017.513	0.6136	-0.3514	0.3514	0.6136	4.5449	0.375	6.5136	1.0	1.0	1.0
skygarden	Scene_Main01	692	480.2839	195.6499	1029.3179	0.6823	0.1853	-0.1853	0.6823	2.1492	0.375	6.5136	1.0	1.0	1.0
skygarden	Scene_Main01	693	464.793	195.6499	1020.366	0.5017	-0.4982	0.4982	0.5017	2.1492	0.375	6.5136	1.0	1.0	1.0
skygarden	Scene_Main01	694	478.269	195.649	1009.0289	0.6091	-0.359	0.359	0.6091	4.4325	0.375	6.5136	1.0	1.0	1.0
skygarden	Scene_Main01	695	480.095	195.649	1011.453	0.6813	-0.1891	0.1891	0.6813	1.7868	0.375	6.5136	1.0	1.0	1.0
skygarden	Scene_Main01	696	513.2531	193.11	992.1195	0.6541	-0.2683	0.2683	0.6541	7.6901	0.375	6.5136	1.0	1.0	1.0
skygarden	Scene_Main01	697	496.5035	193.11	990.314	0.7071	0.0023	-0.0023	0.7071	4.1417	0.375	6.5136	1.0	1.0	1.0
skygarden	Scene_Main01	698	516.762	196.6914	1021.005	0.4987	0.5012	-0.5012	0.4987	10.1292	0.375	6.5136	1.0	1.0	1.0
skygarden	Scene_Main01	699	516.8029	194.557	1013.0689	0.4038	0.394	-0.5804	0.5871	8.1494	0.375	7.9081	1.0	1.0	1.0
skygarden	Scene_Main01	700	489.38	196.4579	1034.3389	0.7028	-0.0771	0.0771	0.7028	10.8368	0.375	6.9806	1.0	1.0	1.0
skygarden	Scene_Main01	706	501.7453	185.3834	957.4176	0.0	0.7071	0.0	0.7071	7.2824	1.0	5.5838	1.0	1.0	1.0
skygarden	Scene_Main01	708	501.6336	185.8824	962.947	0.0	0.0	0.0	1.0	0.6064	0.6064	0.4582	8.9316	0.1501	1.0
skygarden	Scene_Main01	709	501.6336	189.0854	972.653	0.0	0.0	0.0	1.0	0.6064	1.1542	0.6064	8.9316	0.1501	1.0
skygarden	Scene_Main01	710	501.63	188.6217	982.3842	0.0	-1.0	0.0	0.0	6.8589	1.0	14.9983	1.0	1.0	1.0
skygarden	Scene_Main01	712	514.1818	185.3834	957.4174	0.0	-0.7071	0.0	-0.7071	6.8588	1.0	14.9983	1.0	1.0	1.0
skygarden	Scene_Main01	713	528.5753	185.0977	957.4069	0.0	-1.0	0.0	0.0	9.0727	1.6246	9.8602	1.0	0.9592	1.0
skygarden	Scene_Main01	715	528.5322	186.8361	933.0772	0.0	0.0	0.0	1.0	3.9079	1.4394	3.9079	1.7498	1.8633	1.3623
skygarden	Scene_Main01	717	535.4719	188.7295	927.0499	0.0	-0.3826	0.0	0.9238	0.6732	1.2539	0.6711	8.9316	0.1501	1.0
skygarden	Scene_Main01	718	528.5046	188.1555	935.4619	0.0	0.0	0.0	1.0	0.6064	0.6064	0.6711	8.9316	0.1501	1.0
skygarden	Scene_Main01	719	528.5046	185.8863	942.7169	0.0	0.0	0.0	1.0	0.6064	0.6064	0.6711	8.9316	0.1501	1.0
skygarden	Scene_Main01	720	496.1789	185.8695	957.2918	0.0	-0.7071	0.0	0.7071	0.6375	0.8216	0.6956	8.9316	0.1501	1.0
skygarden	Scene_Main01	721	484.9639	186.5247	957.4215	0.0	-0.7071	0.0	0.7071	0.6761	0.8537	0.5035	8.9316	0.1501	1.0
skygarden	Scene_Main01	722	487.7243	185.2223	957.4194	0.0	-0.7071	0.0	-0.7071	1.0	1.0	1.0	6.7228	2.6	7.495
skygarden	Scene_Main01	723	492.6666	185.1632	957.418	0.0	0.7071	0.0	-0.7071	1.0	1.0	1.0	6.7423	2.7099	2.6867
skygarden	Scene_Main01	724	497.6046	184.5234	957.0178	0.0	-0.7071	0.0	0.7071	0.9999	1.0	0.9729	6.7423	2.7099	2.6867
skygarden	Scene_Main01	725	505.6971	184.5234	957.4266	0.0	-0.707	0.0	-0.7071	1.0	1.0	0.8987	6.7423	2.7099	2.6867
skygarden	Scene_Main01	726	501.63	188.6217	982.3842	0.0	-1.0	0.0	0.0	6.8589	1.0	14.9983	1.0	1.0	1.0
skygarden	Scene_Main01	727	501.6278	187.7617	973.7744	0.0	0.0	0.0	1.0	1.0	1.0	1.0	6.7423	2.7099	2.6867
skygarden	Scene_Main01	728	505.6971	184.5234	957.4266	0.0	-0.707	0.0	-0.7071	1.0	1.0	0.8987	6.7423	2.7099	2.6867
skygarden	Scene_Main01	729	522.7916	184.5234	957.4152	0.0	0.7071	0.0	-0.7071	1.0	1.0	1.0	6.7423	2.7099	2.6867
skygarden	Scene_Main01	730	528.5093	184.5825	949.1295	0.0	0.0	0.0	1.0	1.0	1.0	1.0	6.7228	2.6	7.495
skygarden	Scene_Main01	731	528.5068	184.5234	944.1823	0.0	0.0	0.0	1.0	1.0	1.0	1.0	6.7423	2.7099	2.6867
skygarden	Scene_Main01	732	532.3784	186.8701	930.1453	0.0	-0.3826	0.0	0.9238	1.0	1.0	1.0	6.7228	2.6	7.495
skygarden_02	Scene_SG02_Main	1	0.0	0.0	0.0	0.0	0.0	0.0	1.0	10.0	1661.93	10.0	1.0	1.0	1.0
skygarden_02	Scene_SG02_Main	2	135.1	173.0	-672.5	0.0	0.0	0.0	1.0	317.8992	1.0	286.2562	1.0	1.0	1.0
skygarden_4_2mainstorylevel01	Scene_Main	1	128.3088	4.4249	95.7235	0.0	0.0	0.0	1.0	0.1716	0.5434	0.2348	55.2354	16.368	62.5615
skygarden_4_2mainstorylevel01	Scene_Main	2	140.2908	4.4259	76.2184	0.0	-0.1813	0.0	0.9834	0.2592	2.1731	0.6588	55.2354	16.368	62.5615
skygarden_4_2mainstorylevel01	Scene_Main	3	119.9074	4.4265	14.8759	0.0	-0.8667	0.0	0.4987	0.6876	3.0808	0.9806	55.2354	16.368	62.5615
skygarden_4_2mainstorylevel01	Scene_Main	4	99.8478	4.4249	109.8955	0.0	0.0	0.0	1.0	0.1843	0.5434	0.0509	55.2354	16.368	62.5615
skygarden_4_2mainstorylevel01	Scene_Main	5	101.9077	4.4249	113.1455	0.0	0.0	0.0	1.0	0.1843	0.5434	0.0509	55.2354	16.368	62.5615
skygarden_4_2mainstorylevel01	Scene_Main	6	64.3048	4.4249	91.6684	0.0	-0.5511	0.0	0.8344	0.1412	0.2396	0.0707	55.2354	16.368	62.5615
skygarden_4_2mainstorylevel01	Scene_Main	7	72.2394	4.1274	71.9968	0.0	-0.9423	0.0	0.3346	0.0531	0.0748	0.0317	55.2354	16.368	62.5615
skygarden_4_2mainstorylevel01	Scene_Main	8	75.4387	4.4249	27.3224	0.0	-0.9733	0.0	0.2293	0.0733	0.2396	0.0391	55.2354	16.368	62.5615
skygarden_4_2mainstorylevel01	Scene_Main	9	112.2561	3.6318	39.3403	0.0392	-0.9187	-0.0167	0.3924	0.0788	0.0511	0.0128	55.2354	16.368	62.5615
skygarden_4_2mainstorylevel01	Scene_Main	10	115.2946	3.7057	40.1365	0.0901	-0.7906	-0.0478	0.6037	0.0788	0.0511	0.0108	55.2354	16.368	62.5615
skygarden_4_2mainstorylevel01	Scene_Main	11	77.8946	4.4249	24.4852	0.0	-0.9193	0.0	0.3935	0.0733	0.2396	0.0391	55.2354	16.368	62.5615
skygarden_4_2mainstorylevel01	Scene_Main	12	75.6605	4.4249	23.828	0.0	-0.9193	0.0	0.3935	0.096	0.2396	0.0532	55.2354	16.368	62.5615
skygarden_4_2mainstorylevel01	Scene_Main	13	101.7671	5.3653	108.261	0.0	-0.107	0.0	0.9942	0.1184	0.3606	0.0291	55.2354	16.368	62.5615
skygarden_4_2mainstorylevel01	Scene_Main	14	94.5729	5.4618	109.8955	0.0	0.0	0.0	1.0	0.0347	0.2595	0.0509	55.2354	16.368	62.5615
skygarden_4_2mainstorylevel01	Scene_Main	15	104.7645	4.4251	30.3682	0.0	-0.9661	0.0	-0.258	0.5001	0.829	0.0697	55.2354	16.368	62.5615
skygarden_4_2mainstorylevel01	Scene_Main	16	106.5345	4.4251	27.2982	0.0	-0.9661	0.0	-0.258	0.5001	0.829	0.0697	55.2354	16.368	62.5615
skygarden_4_2mainstorylevel01	Scene_Main	17	95.0499	3.8313	28.8214	0.0	-0.9999	0.0	0.0106	0.0795	0.2075	0.0442	55.2354	16.368	62.5615
skygarden_4_2mainstorylevel01	Scene_Main	18	95.2093	5.1783	22.3341	0.0	-0.9661	0.0	-0.258	0.1078	0.2075	0.0611	55.2354	16.368	62.5615
skygarden_4_2mainstorylevel01	Scene_Main	19	102.4	13.4709	20.77	0.0	0.2519	0.0	0.9677	10.9761	23.3184	10.9761	1.0	1.0	1.0
skygarden_4_2mainstorylevel01	Scene_Main	20	106.97	13.4709	27.0599	0.0	0.2869	0.0	0.9579	10.9761	23.3184	10.9761	1.0	1.0	1.0
skygarden_4_2mainstorylevel01	Scene_Main	21	113.15	13.4709	33.3499	0.0	0.4383	0.0	0.8988	10.9761	23.3184	10.9761	1.0	1.0	1.0
skygarden_4_2mainstorylevel01	Scene_Main	22	121.86	13.4709	40.1599	0.0	0.4376	0.0	0.8991	10.9761	23.3184	10.9761	1.0	1.0	1.0
skygarden_4_2mainstorylevel01	Scene_Main	23	125.6699	13.4709	41.74	0.0	0.873	0.0	0.4875	10.9761	23.3184	10.9761	1.0	1.0	1.0
skygarden_4_2mainstorylevel01	Scene_Main	24	137.6699	13.4709	48.15	0.0	0.9611	0.0	0.276	16.1478	23.3184	4.8393	1.0	1.0	1.0
skygarden_4_2mainstorylevel01	Scene_Main	25	138.3796	13.4709	33.0241	0.0	0.8855	0.0	0.4646	10.9761	23.3184	23.1588	1.0	1.0	1.0
skygarden_4_2mainstorylevel01	Scene_Main	26	151.6499	13.4709	52.24	0.0	0.8748	0.0	0.4844	10.9761	23.3184	23.1588	1.0	1.0	1.0
skygarden_4_2mainstorylevel01	Scene_Main	27	139.8099	13.4709	66.3899	0.0	0.9845	0.0	0.1752	10.9761	23.3184	23.1588	1.0	1.0	1.0
skygarden_4_2mainstorylevel01	Scene_Main	28	132.33	13.4709	85.91	0.0	0.9845	0.0	0.1752	10.9761	23.3184	23.1588	1.0	1.0	1.0
skygarden_4_2mainstorylevel01	Scene_Main	29	122.9599	13.4709	108.11	0.0	0.9845	0.0	0.1752	5.8393	23.3184	23.1588	1.0	1.0	1.0
skygarden_4_2mainstorylevel01	Scene_Main	30	125.66	13.4709	105.83	0.0	0.9873	0.0	-0.1582	5.8393	23.3184	23.1588	1.0	1.0	1.0
skygarden_4_2mainstorylevel01	Scene_Main	31	127.2994	13.4709	87.0374	0.0	0.963	0.0	0.2692	5.8393	23.3184	23.3983	1.0	1.0	1.0
skygarden_4_2mainstorylevel01	Scene_Main	32	133.3099	13.4709	75.73	0.0	0.7867	0.0	0.6172	5.8393	23.3184	5.452	1.0	1.0	1.0
skygarden_4_2mainstorylevel01	Scene_Main	33	115.4199	13.4709	109.97	0.0	0.8425	0.0	0.5386	10.9761	23.3184	23.1588	1.0	1.0	1.0
skygarden_4_2mainstorylevel01	Scene_Main	34	95.2399	13.4709	117.4199	0.0	0.7649	0.0	0.644	10.9761	23.3184	23.1588	1.0	1.0	1.0
skygarden_4_2mainstorylevel01	Scene_Main	35	86.7799	13.4709	118.7699	0.0	0.5722	0.0	0.82	10.9761	23.3184	23.1588	1.0	1.0	1.0
skygarden_4_2mainstorylevel01	Scene_Main	36	73.2799	13.4709	109.8099	0.0	0.4603	0.0	0.8877	10.9761	23.3184	23.1588	1.0	1.0	1.0
skygarden_4_2mainstorylevel01	Scene_Main	37	59.8199	13.4709	94.5299	0.0	0.2148	0.0	0.9766	10.9761	23.3184	23.1588	1.0	1.0	1.0
skygarden_4_2mainstorylevel01	Scene_Main	38	57.93	13.4709	77.58	0.0	-0.0452	0.0	0.9989	10.9761	23.3184	23.1588	1.0	1.0	1.0
skygarden_4_2mainstorylevel01	Scene_Main	39	63.2895	13.4709	58.0191	0.0	-0.2217	0.0	0.9751	10.9761	23.3184	23.1588	1.0	1.0	1.0
skygarden_4_2mainstorylevel01	Scene_Main	40	68.9019	11.3099	63.1327	0.0	-0.2217	0.0	0.9751	7.5089	14.7652	11.7388	1.0	1.0	1.0
skygarden_4_2mainstorylevel01	Scene_Main	41	96.3043	14.8397	25.0524	0.0	0.0865	0.0	0.9962	9.9441	21.8245	10.0683	1.0	1.0	1.0
skygarden_4_2mainstorylevel01	Scene_Main	42	91.5699	14.8397	16.3899	0.0	0.3414	0.0	0.9399	9.9441	21.8245	10.0683	1.0	1.0	1.0
skygarden_4_2mainstorylevel01	Scene_Main	43	69.48	13.4709	40.2599	0.0	-0.0925	0.0	0.9957	10.9761	23.3184	17.6632	1.0	1.0	1.0
skygarden_4_2mainstorylevel01	Scene_Main	44	68.3951	13.4709	26.0809	0.0	0.1682	0.0	0.9857	10.9761	23.3184	17.6632	1.0	1.0	1.0
skygarden_4_2mainstorylevel01	Scene_Main	45	75.4926	13.4709	27.3729	0.0	-0.3218	0.0	0.9467	4.1072	23.3184	15.06	1.0	1.0	1.0
skygarden_4_2mainstorylevel01	Scene_Main	46	81.58	13.4709	17.1	0.0	-0.5635	0.0	0.826	10.9761	23.3184	9.8258	1.0	1.0	1.0
skygarden_4_2mainstorylevel01	Scene_Main	47	87.4	13.4709	20.52	0.0	-0.7423	0.0	0.6699	5.4013	23.3184	19.8088	1.0	1.0	1.0
skygarden_4_2mainstorylevel01	Scene_Main	48	68.83	13.4709	14.43	0.0	-0.1654	0.0	0.9862	10.9761	23.3184	17.6632	1.0	1.0	1.0
skygarden_4_2mainstorylevel01	Scene_Main	49	79.08	13.4709	10.1	0.0	-0.764	0.0	0.6451	10.9761	23.3184	17.6632	1.0	1.0	1.0
skygarden_4_2mainstorylevel01	Scene_Main	50	119.9899	3.63	46.1199	0.0	0.5707	0.0	0.8211	5.3371	2.7918	5.3371	1.0	1.0	1.0
skygarden_heavyartilleryfire	Scene_Main	1	330.0	-4.5	330.0	0.0	0.0	0.0	1.0	1.0	1.0	1.0	1.0	1.0	1.0
skygarden_jumpplayer	Scene_Main	1	292.2999	25.3199	293.7999	0.0	0.0	0.0	1.0	300.0	1.0	300.0	1.0	1.0	1.0
skygarden_lookdev	Scene_Main	122	0.0	-35.4337	0.0	0.0	0.0	0.0	1.0	3146.582	70.9735	3146.582	1.0	1.0	1.0
skygarden_lookdev	Scene_Main	123	-228.5	-12.4422	-25.37	0.0	0.0	0.0	1.0	50.0	25.0	50.0	1.0	1.0	1.0
skygarden_lookdev	Scene_Main	124	159.0435	-12.4422	-35.9972	0.0	0.0	0.0	1.0	106.105	25.0	94.0516	1.0	1.0	1.0
skygarden_lookdev	Scene_Main	125	-228.5	2.1396	-49.2999	0.0	0.0	0.0	1.0	50.0	32.7391	1.1484	1.0	1.0	1.0
skygarden_lookdev	Scene_Main	126	-131.9799	2.1396	-49.2999	0.0	0.0	0.0	1.0	50.0	32.7391	1.1484	1.0	1.0	1.0
skygarden_lookdev	Scene_Main	127	159.1305	21.0907	-82.61	0.0	0.0	0.0	1.0	106.2799	70.6412	1.1484	1.0	1.0	1.0
skygarden_lookdev	Scene_Main	128	-204.22	2.2019	-25.67	0.0	-0.7071	0.0	0.7071	50.0	32.862	1.1484	1.0	1.0	1.0
skygarden_lookdev	Scene_Main	129	-107.6999	2.2019	-25.67	0.0	-0.7071	0.0	0.7071	50.0	32.862	1.1484	1.0	1.0	1.0
skygarden_lookdev	Scene_Main	130	212.4199	20.9272	-35.9071	0.0	-0.7071	0.0	0.7071	93.2494	70.3117	1.1484	1.0	1.0	1.0
skygarden_lookdev	Scene_Main	131	-131.44	-12.4422	-25.37	0.0	0.0	0.0	1.0	50.0	25.0	50.0	1.0	1.0	1.0
skygarden_lookdev	Scene_Main	132	-229.11	-12.4422	-108.0161	0.0	0.0	0.0	1.0	50.0	25.0	58.3499	1.0	1.0	1.0
skygarden_lookdev	Scene_Main	133	-132.24	-12.4422	-108.0161	0.0	0.0	0.0	1.0	50.0	25.0	58.3499	1.0	1.0	1.0
skygarden_lookdev	Scene_Main	134	-229.11	20.8262	-106.8443	0.0	0.0	0.0	1.0	50.0	1.3205	59.215	1.0	1.0	1.0
skygarden_lookdev	Scene_Main	135	-132.2599	20.8262	-107.6734	0.0	0.0	0.0	1.0	50.0	1.3205	59.215	1.0	1.0	1.0
skygarden_lookdev	Scene_Main	136	-229.36	3.8663	-135.1199	0.7071	0.0	0.0	0.7071	50.0	25.0	50.0	1.0	1.0	1.0
skygarden_lookdev	Scene_Main	137	-132.5099	3.8663	-135.82	0.7071	0.0	0.0	0.7071	50.0	25.0	50.0	1.0	1.0	1.0
skygarden_lookdev	Scene_Main	138	-206.1755	3.8663	-108.0767	0.4999	-0.5	0.4999	0.5	58.5099	3.7758	50.0	1.0	1.0	1.0
skygarden_lookdev	Scene_Main	139	-110.0036	3.8663	-108.8958	0.4999	-0.5	0.4999	0.5	58.5099	5.4828	50.0	1.0	1.0	1.0
skygarden_lxystorylevel01	Scene_Main	1	29.09	56.58	42.18	0.0	0.0	0.0	1.0	200.0	0.0199	200.0	1.0	1.0	1.0
skygarden_lxystorylevel01	Scene_Main	2	29.09	212.21	42.18	0.0	0.0	0.0	1.0	1405.9549	5.5836	2389.0229	1.0	1.0	1.0
skygarden_lxystorylevel01	Scene_Main	3	29.1499	56.27	20.5475	0.0	0.0	0.0	1.0	51.4992	0.5899	78.8493	1.0	1.0	1.0
skygarden_lxystorylevel01	Scene_Main	4	31.9309	59.1576	9.585	0.0	-0.0611	0.0	0.9981	2.4513	6.0906	1.0015	1.0	1.0	1.0
skygarden_lxystorylevel01	Scene_Main	5	38.4652	59.1576	11.1169	0.0	-0.219	0.0	0.9757	2.4513	6.0906	1.0015	1.0	1.0	1.0
skygarden_lxystorylevel01	Scene_Main	6	44.38	59.1576	14.71	0.0	-0.367	0.0	0.9302	2.4513	6.0906	1.0015	1.0	1.0	1.0
skygarden_lxystorylevel01	Scene_Main	7	49.0323	59.1576	19.7433	0.0	-0.4804	0.0	0.877	2.4513	6.0906	1.0015	1.0	1.0	1.0
skygarden_lxystorylevel01	Scene_Main	8	52.0348	59.1576	25.7947	0.0	-0.5765	0.0	0.817	2.4513	6.0906	1.0015	1.0	1.0	1.0
skygarden_lxystorylevel01	Scene_Main	9	53.567	59.1576	32.3919	0.0	-0.6893	0.0	0.7244	2.4513	6.0906	1.0015	1.0	1.0	1.0
skygarden_lxystorylevel01	Scene_Main	10	53.1687	59.1576	39.1944	0.0	-0.7821	0.0	0.6231	2.4513	6.0906	1.0015	1.0	1.0	1.0
skygarden_lxystorylevel01	Scene_Main	11	50.9939	59.1576	45.6554	0.0	-0.858	0.0	0.5135	2.4513	6.0906	1.0015	1.0	1.0	1.0
skygarden_lxystorylevel01	Scene_Main	12	36.1264	59.1576	58.4916	0.0	-0.9902	0.0	0.1393	2.4513	6.0906	1.0015	1.0	1.0	1.0
skygarden_lxystorylevel01	Scene_Main	13	16.94	59.1576	56.75	0.0	-0.9707	0.0	-0.2402	2.4513	6.0906	1.0015	1.0	1.0	1.0
skygarden_lxystorylevel01	Scene_Main	14	3.8279	59.1576	40.0302	0.0	-0.7758	0.0	-0.6309	2.4513	6.0906	1.0015	1.0	1.0	1.0
skygarden_lxystorylevel01	Scene_Main	15	4.7074	59.1576	25.7814	0.0	-0.5638	0.0	-0.8258	2.4513	6.0906	1.0015	1.0	1.0	1.0
skygarden_lxystorylevel01	Scene_Main	16	47.1401	59.1576	51.314	0.0	-0.9263	0.0	0.3765	2.4513	6.0906	1.0015	1.0	1.0	1.0
skygarden_lxystorylevel01	Scene_Main	17	29.3832	59.1576	59.6753	0.0	-0.9999	0.0	-0.0134	2.4513	6.0906	1.0015	1.0	1.0	1.0
skygarden_lxystorylevel01	Scene_Main	18	11.255	59.1576	52.935	0.0	-0.9226	0.0	-0.3856	2.4513	6.0906	1.0015	1.0	1.0	1.0
skygarden_lxystorylevel01	Scene_Main	19	3.1708	59.1576	33.3138	0.0	-0.6987	0.0	-0.7153	2.4513	6.0906	1.0015	1.0	1.0	1.0
skygarden_lxystorylevel01	Scene_Main	20	7.8604	59.1576	19.7043	0.0	-0.4311	0.0	-0.9023	2.4513	6.0906	1.0015	1.0	1.0	1.0
skygarden_lxystorylevel01	Scene_Main	21	42.318	59.1576	55.311	0.0	-0.9636	0.0	0.2671	2.4513	6.0906	1.0015	1.0	1.0	1.0
skygarden_lxystorylevel01	Scene_Main	22	23.1558	59.1576	59.0062	0.0	-0.9916	0.0	-0.1287	2.4513	6.0906	1.0015	1.0	1.0	1.0
skygarden_lxystorylevel01	Scene_Main	23	7.2251	59.1576	48.1404	0.0	-0.8719	0.0	-0.4895	2.4513	6.0906	1.0015	1.0	1.0	1.0
skygarden_lxystorylevel01	Scene_Main	24	3.6951	59.1576	27.0791	0.0	-0.5947	0.0	-0.8038	2.4513	6.0906	1.0015	1.0	1.0	1.0
skygarden_lxystorylevel01	Scene_Main	25	12.1725	59.1576	15.1619	0.0	-0.3241	0.0	-0.946	2.4513	6.0906	1.0015	1.0	1.0	1.0
skygarden_lxystorylevel01	Scene_Main	26	19.6299	59.1576	10.85	0.0	-0.1511	0.0	-0.9885	2.4513	6.0906	1.0015	1.0	1.0	1.0
skygarden_lxystorylevel01	Scene_Main	27	34.25	59.1576	9.8789	0.0	-0.0707	0.0	0.9974	2.4513	6.0906	1.0015	1.0	1.0	1.0
skygarden_lxystorylevel01	Scene_Main	28	32.02	59.1576	-0.1599	0.0	0.009	0.0	0.9999	2.4513	6.0906	19.0397	1.0	1.0	1.0
skygarden_lxystorylevel01	Scene_Main	29	25.69	59.1576	-0.05	0.0	0.009	0.0	0.9999	2.4513	6.0906	19.0397	1.0	1.0	1.0
skygarden_lxystorylevel01	Scene_Main	30	40.5748	59.1576	12.1238	0.0	-0.2284	0.0	0.9735	2.4513	6.0906	1.0015	1.0	1.0	1.0
skygarden_lxystorylevel01	Scene_Main	31	46.0817	59.1576	16.3125	0.0	-0.376	0.0	0.9266	2.4513	6.0906	1.0015	1.0	1.0	1.0
skygarden_lxystorylevel01	Scene_Main	32	50.2834	59.1576	21.7179	0.0	-0.4888	0.0	0.8723	2.4513	6.0906	1.0015	1.0	1.0	1.0
skygarden_lxystorylevel01	Scene_Main	33	52.81	59.1576	28.0	0.0	-0.5844	0.0	0.8114	2.4513	6.0906	1.0015	1.0	1.0	1.0
skygarden_lxystorylevel01	Scene_Main	34	53.6744	59.1576	34.7271	0.0	-0.6962	0.0	0.7177	2.4513	6.0906	1.0015	1.0	1.0	1.0
skygarden_lxystorylevel01	Scene_Main	35	52.638	59.1576	41.471	0.0	-0.7881	0.0	0.6155	2.4513	6.0906	1.0015	1.0	1.0	1.0
skygarden_lxystorylevel01	Scene_Main	36	49.8819	59.1576	47.7115	0.0	-0.8629	0.0	0.5052	2.4513	6.0906	1.0015	1.0	1.0	1.0
skygarden_lxystorylevel01	Scene_Main	37	33.8772	59.1576	59.1283	0.0	-0.9915	0.0	0.1297	2.4513	6.0906	1.0015	1.0	1.0	1.0
skygarden_lxystorylevel01	Scene_Main	38	14.8763	59.1576	55.652	0.0	-0.9683	0.0	-0.2496	2.4513	6.0906	1.0015	1.0	1.0	1.0
skygarden_lxystorylevel01	Scene_Main	39	3.3599	59.1576	37.74	0.0	-0.7696	0.0	-0.6384	2.4513	6.0906	1.0015	1.0	1.0	1.0
skygarden_lxystorylevel01	Scene_Main	40	5.5669	59.1576	23.6076	0.0	-0.5558	0.0	-0.8313	2.4513	6.0906	1.0015	1.0	1.0	1.0
skygarden_lxystorylevel01	Scene_Main	41	45.4594	59.1576	52.9386	0.0	-0.9299	0.0	0.3675	2.4513	6.0906	1.0015	1.0	1.0	1.0
skygarden_lxystorylevel01	Scene_Main	42	27.0468	59.1576	59.6035	0.0	-0.9997	0.0	-0.0231	2.4513	6.0906	1.0015	1.0	1.0	1.0
skygarden_lxystorylevel01	Scene_Main	43	9.6189	59.1576	51.2655	0.0	-0.9188	0.0	-0.3945	2.4513	6.0906	1.0015	1.0	1.0	1.0
skygarden_lxystorylevel01	Scene_Main	44	3.2345	59.1576	30.9771	0.0	-0.6917	0.0	-0.7221	2.4513	6.0906	1.0015	1.0	1.0	1.0
skygarden_lxystorylevel01	Scene_Main	45	9.3358	59.1576	17.8913	0.0	-0.4223	0.0	-0.9064	2.4513	6.0906	1.0015	1.0	1.0	1.0
skygarden_lxystorylevel01	Scene_Main	46	40.3095	59.1576	56.5069	0.0	-0.9661	0.0	0.2578	2.4513	6.0906	1.0015	1.0	1.0	1.0
skygarden_lxystorylevel01	Scene_Main	47	20.898	59.1576	58.4007	0.0	-0.9903	0.0	-0.1383	2.4513	6.0906	1.0015	1.0	1.0	1.0
skygarden_lxystorylevel01	Scene_Main	48	6.0154	59.1576	46.1402	0.0	-0.8672	0.0	-0.4979	2.4513	6.0906	1.0015	1.0	1.0	1.0
skygarden_lxystorylevel01	Scene_Main	49	4.3871	59.1576	24.8464	0.0	-0.5869	0.0	-0.8096	2.4513	6.0906	1.0015	1.0	1.0	1.0
skygarden_lxystorylevel01	Scene_Main	50	14.0243	59.1576	13.7354	0.0	-0.3149	0.0	-0.9491	2.4513	6.0906	1.0015	1.0	1.0	1.0
skygarden_lxystorylevel01	Scene_Main	51	21.8633	59.1576	10.1599	0.0	-0.1415	0.0	-0.9899	2.4513	6.0906	1.0015	1.0	1.0	1.0
skygarden_lxystorylevel01	Scene_Main	52	36.4329	59.1576	10.3649	0.0	-0.1428	0.0	0.9897	2.4513	6.0906	1.0015	1.0	1.0	1.0
skygarden_lxystorylevel01	Scene_Main	53	42.495	59.1576	13.2703	0.0	-0.2983	0.0	0.9544	2.4513	6.0906	1.0015	1.0	1.0	1.0
skygarden_lxystorylevel01	Scene_Main	54	47.5606	59.1576	17.9902	0.0	-0.4421	0.0	0.8969	2.4513	6.0906	1.0015	1.0	1.0	1.0
skygarden_lxystorylevel01	Scene_Main	55	51.2999	59.1576	23.7099	0.0	-0.5508	0.0	0.8346	2.4513	6.0906	1.0015	1.0	1.0	1.0
skygarden_lxystorylevel01	Scene_Main	56	53.3525	59.1576	30.1696	0.0	-0.6417	0.0	0.7669	2.4513	6.0906	1.0015	1.0	1.0	1.0
skygarden_lxystorylevel01	Scene_Main	57	53.5694	59.1576	36.961	0.0	-0.7464	0.0	0.6654	2.4513	6.0906	1.0015	1.0	1.0	1.0
skygarden_lxystorylevel01	Scene_Main	58	51.9302	59.1576	43.5925	0.0	-0.8306	0.0	0.5568	2.4513	6.0906	1.0015	1.0	1.0	1.0
skygarden_lxystorylevel01	Scene_Main	59	38.2579	59.1576	57.7241	0.0	-0.9818	0.0	0.1898	2.4513	6.0906	1.0015	1.0	1.0	1.0
skygarden_lxystorylevel01	Scene_Main	60	19.0093	59.1576	57.672	0.0	-0.9817	0.0	-0.1902	2.4513	6.0906	1.0015	1.0	1.0	1.0
skygarden_lxystorylevel01	Scene_Main	61	4.3948	59.1576	42.2194	0.0	-0.8175	0.0	-0.5758	2.4513	6.0906	1.0015	1.0	1.0	1.0
skygarden_lxystorylevel01	Scene_Main	62	4.0234	59.1576	27.9411	0.0	-0.6053	0.0	-0.7959	2.4513	6.0906	1.0015	1.0	1.0	1.0
skygarden_lxystorylevel01	Scene_Main	63	48.6399	59.1576	49.5714	0.0	-0.8973	0.0	0.4414	2.4513	6.0906	1.0015	1.0	1.0	1.0
skygarden_lxystorylevel01	Scene_Main	64	31.6781	59.1576	59.5351	0.0	-0.9983	0.0	0.0575	2.4513	6.0906	1.0015	1.0	1.0	1.0
skygarden_lxystorylevel01	Scene_Main	65	13.0079	59.1576	54.4228	0.0	-0.9477	0.0	-0.3191	2.4513	6.0906	1.0015	1.0	1.0	1.0
skygarden_lxystorylevel01	Scene_Main	66	3.3189	59.1576	35.6082	0.0	-0.7477	0.0	-0.6639	2.4513	6.0906	1.0015	1.0	1.0	1.0
skygarden_lxystorylevel01	Scene_Main	67	6.5787	59.1576	21.6131	0.0	-0.4941	0.0	-0.8693	2.4513	6.0906	1.0015	1.0	1.0	1.0
skygarden_lxystorylevel01	Scene_Main	68	43.714	59.1576	54.337	0.0	-0.9541	0.0	0.2992	2.4513	6.0906	1.0015	1.0	1.0	1.0
skygarden_lxystorylevel01	Scene_Main	69	24.8274	59.1576	59.3276	0.0	-0.9954	0.0	-0.0955	2.4513	6.0906	1.0015	1.0	1.0	1.0
skygarden_lxystorylevel01	Scene_Main	70	8.2086	59.1576	49.5297	0.0	-0.8878	0.0	-0.46	2.4513	6.0906	1.0015	1.0	1.0	1.0
skygarden_lxystorylevel01	Scene_Main	71	3.3096	59.1576	28.7371	0.0	-0.6213	0.0	-0.7835	2.4513	6.0906	1.0015	1.0	1.0	1.0
skygarden_lxystorylevel01	Scene_Main	72	10.9024	59.1576	16.2951	0.0	-0.3555	0.0	-0.9346	2.4513	6.0906	1.0015	1.0	1.0	1.0
skygarden_lxystorylevel01	Scene_Main	73	18.044	59.1576	11.4683	0.0	-0.1841	0.0	-0.9829	2.4513	6.0906	1.0015	1.0	1.0	1.0
skygarden_lxystorylevel01	Scene_Main	74	38.29	59.1576	57.4679	0.0	-0.9823	0.0	0.1871	2.4513	6.0906	1.0015	1.0	1.0	1.0
skygarden_lxystorylevel01	Scene_Main	75	18.801	59.1576	57.6233	0.0	-0.9777	0.0	-0.2097	2.4513	6.0906	1.0015	1.0	1.0	1.0
skygarden_lxystorylevel01	Scene_Main	76	5.0405	59.1576	44.1274	0.0	-0.8288	0.0	-0.5594	2.4513	6.0906	1.0015	1.0	1.0	1.0
skygarden_lxystorylevel01	Scene_Main	77	5.2447	59.1576	22.7808	0.0	-0.5267	0.0	-0.85	2.4513	6.0906	1.0015	1.0	1.0	1.0
skygarden_lxystorylevel01	Scene_Main	78	15.9151	59.1576	12.5408	0.0	-0.2453	0.0	-0.9694	2.4513	6.0906	1.0015	1.0	1.0	1.0
skygarden_lxystorylevel01	Scene_Main	79	24.0522	59.1576	9.7009	0.0	-0.0694	0.0	-0.9975	2.4513	6.0906	1.0015	1.0	1.0	1.0
skygarden_lxystorylevel01	Scene_Main	80	25.8799	59.1576	9.4499	0.0	-0.0588	0.0	-0.9982	2.4513	6.0906	1.0015	1.0	1.0	1.0
skygarden_lxystorylevel01	Scene_Main	81	25.951	59.1576	-9.751	0.0	0.1167	0.0	-0.9931	2.4513	6.0906	1.0015	1.0	1.0	1.0
skygarden_lxystorylevel01	Scene_Main	82	37.7347	59.1576	-15.6719	0.0	0.6406	0.0	0.7678	2.4513	6.0906	1.0015	1.0	1.0	1.0
skygarden_lxystorylevel01	Scene_Main	83	23.922	59.1576	-10.4689	0.0	0.2003	0.0	-0.9797	2.4513	6.0906	1.0015	1.0	1.0	1.0
skygarden_lxystorylevel01	Scene_Main	84	37.1272	59.1576	-13.6072	0.0	0.5733	0.0	0.8192	2.4513	6.0906	1.0015	1.0	1.0	1.0
skygarden_lxystorylevel01	Scene_Main	85	22.62	59.1576	-11.3489	0.0	0.2982	0.0	-0.9544	2.4513	6.0906	1.0015	1.0	1.0	1.0
skygarden_lxystorylevel01	Scene_Main	86	36.2739	59.1576	-12.2969	0.0	0.4244	0.0	0.9054	2.4513	6.0906	1.0015	1.0	1.0	1.0
skygarden_lxystorylevel01	Scene_Main	87	21.3929	59.1576	-12.694	0.0	0.4322	0.0	-0.9017	2.4513	6.0906	1.0015	1.0	1.0	1.0
skygarden_lxystorylevel01	Scene_Main	88	34.93	59.1576	-11.1	0.0	0.2992	0.0	0.9541	2.4513	6.0906	1.0015	1.0	1.0	1.0
skygarden_lxystorylevel01	Scene_Main	89	20.402	59.1576	-14.592	0.0	0.5702	0.0	-0.8214	2.4513	6.0906	1.0015	1.0	1.0	1.0
skygarden_lxystorylevel01	Scene_Main	90	33.103	59.1576	-10.092	0.0	0.167	0.0	0.9859	2.4513	6.0906	1.0015	1.0	1.0	1.0
skygarden_lxystorylevel01	Scene_Main	91	20.29	59.1576	-15.7829	0.0	0.6684	0.0	-0.7437	2.4513	6.0906	1.0015	1.0	1.0	1.0
skygarden_lxystorylevel01	Scene_Main	92	32.0167	59.1576	-9.6939	0.0	0.0802	0.0	0.9967	2.4513	6.0906	1.0015	1.0	1.0	1.0
skygarden_lxystorylevel01	Scene_Main	93	30.6499	59.1576	-15.88	0.0	0.9999	0.0	0.0025	20.1554	6.0906	1.0015	1.0	1.0	1.0
skygarden_lxystorylevel02	Scene_Main	1	71.94	145.05	100.6399	0.0	-0.0543	0.0	0.9985	1.6776	8.9644	6.519	1.0	1.0	1.0
skygarden_lxystorylevel02	Scene_Main	2	71.9189	145.05	107.7699	0.0	0.045	0.0	0.9989	1.6776	8.9644	8.9942	1.0	1.0	1.0
skygarden_lxystorylevel02	Scene_Main	3	72.944	145.05	113.97	0.0	0.1612	0.0	0.9869	1.6776	8.9644	8.9942	1.0	1.0	1.0
skygarden_lxystorylevel02	Scene_Main	4	75.246	145.05	119.54	0.0	0.2994	0.0	0.9541	1.6776	8.9644	11.4402	1.0	1.0	1.0
skygarden_lxystorylevel02	Scene_Main	5	80.388	145.05	126.05	0.0	0.3863	0.0	0.9223	1.6776	8.9644	5.5355	1.0	1.0	1.0
skygarden_lxystorylevel02	Scene_Main	6	83.1729	145.05	128.49	0.0	0.5004	0.0	0.8657	1.6776	8.9644	2.4607	1.0	1.0	1.0
skygarden_lxystorylevel02	Scene_Main	7	84.7659	145.05	129.86	0.0	0.3294	0.0	0.9441	1.6776	8.9644	2.4607	1.0	1.0	1.0
skygarden_lxystorylevel02	Scene_Main	8	85.996	145.05	131.7799	0.0	0.2321	0.0	0.9726	1.6776	8.9644	2.4607	1.0	1.0	1.0
skygarden_lxystorylevel02	Scene_Main	9	87.9219	145.05	133.6199	0.0	0.5572	0.0	0.8303	1.6776	8.9644	4.5256	1.0	1.0	1.0
skygarden_lxystorylevel02	Scene_Main	10	93.3359	145.05	134.85	0.0	0.663	0.0	0.7485	1.6776	8.9644	7.1247	1.0	1.0	1.0
skygarden_lxystorylevel02	Scene_Main	11	100.18	145.05	134.6699	0.0	0.767	0.0	0.6415	1.6776	8.9644	7.1247	1.0	1.0	1.0
skygarden_lxystorylevel02	Scene_Main	12	106.41	145.05	132.2599	0.0	0.8752	0.0	0.4836	1.6776	8.9644	7.1247	1.0	1.0	1.0
skygarden_lxystorylevel02	Scene_Main	13	116.6299	145.05	124.15	0.0	0.9089	0.0	0.4169	1.6776	8.9644	19.2802	1.0	1.0	1.0
skygarden_lxystorylevel02	Scene_Main	14	125.5599	145.05	115.7799	0.0	0.9463	0.0	0.3231	1.6776	8.9644	5.3368	1.0	1.0	1.0
skygarden_lxystorylevel02	Scene_Main	15	129.0599	145.0599	110.2399	-0.0001	0.9694	0.001	0.2453	1.6776	8.9644	9.6453	1.0	1.0	1.0
skygarden_lxystorylevel02	Scene_Main	16	126.1399	145.05	100.2699	0.0	0.8572	0.0	-0.5149	1.6776	8.9644	5.7663	1.0	1.0	1.0
skygarden_lxystorylevel02	Scene_Main	17	121.8199	145.05	96.9869	0.0	0.9284	0.0	-0.3714	1.6776	8.9644	5.7663	1.0	1.0	1.0
skygarden_lxystorylevel02	Scene_Main	18	129.1699	145.05	103.1299	0.0	0.9709	0.0	-0.2393	1.6776	8.9644	5.5901	1.0	1.0	1.0
skygarden_lxystorylevel02	Scene_Main	19	129.91	145.05	107.2799	0.0	0.9985	0.0	0.0533	1.6776	8.9644	6.8101	1.0	1.0	1.0
skygarden_lxystorylevel02	Scene_Main	20	120.3499	145.05	94.0419	0.0	0.9955	0.0	0.0938	1.6777	8.9644	3.243	1.0	1.0	1.0
skygarden_lxystorylevel02	Scene_Main	21	116.4199	145.05	89.3389	0.0	0.8771	0.0	-0.4802	1.6776	8.9644	10.405	1.0	1.0	1.0
skygarden_lxystorylevel02	Scene_Main	22	108.5899	145.1199	86.0839	0.0	0.8664	0.0	-0.4992	1.6776	8.9644	5.2227	1.0	1.0	1.0
skygarden_lxystorylevel02	Scene_Main	23	103.4499	145.1199	83.9629	0.0	0.7996	0.0	-0.6005	1.6776	8.9644	6.3916	1.0	1.0	1.0
skygarden_lxystorylevel02	Scene_Main	24	112.1699	145.1199	87.271	0.0	0.7051	0.0	-0.709	1.6776	8.9644	3.4933	1.0	1.0	1.0
skygarden_lxystorylevel02	Scene_Main	25	76.3909	145.05	87.5299	0.0	0.5799	0.0	-0.8146	1.6776	8.9644	9.1426	1.0	1.0	1.0
skygarden_lxystorylevel02	Scene_Main	26	84.038	145.05	84.482	0.0	0.5358	0.0	-0.8443	1.6776	8.9644	7.8915	1.0	1.0	1.0
skygarden_lxystorylevel02	Scene_Main	27	90.7119	145.07	82.5179	-0.002	0.6685	-0.0017	-0.7436	1.6776	8.9644	6.734	1.0	1.0	1.0
skygarden_lxystorylevel02	Scene_Main	28	97.188	145.1	82.6259	-0.0022	0.7547	-0.0015	-0.656	1.6776	8.9644	6.734	1.0	1.0	1.0
skygarden_lxystorylevel02	Scene_Main	29	72.7279	145.05	96.359	0.0	0.1149	0.0	-0.9933	1.6776	8.9644	6.1277	1.0	1.0	1.0
skygarden_lxystorylevel02	Scene_Main	30	74.801	145.05	91.469	0.0	0.323	0.0	-0.9463	1.6776	8.9644	11.0615	1.0	1.0	1.0
skygarden_lxystorylevel03	Scene_Main	1	29.0791	56.4799	34.3768	0.0	0.7944	0.0	0.6072	68.8296	0.1469	70.5676	1.0	1.0	1.0
skygarden_lxystorylevel03	Scene_Main	2	54.9609	60.5499	34.1489	0.0	0.0	0.0	1.0	4.3037	20.664	7.6092	1.0	1.0	1.0
skygarden_lxystorylevel03	Scene_Main	3	47.229	60.5499	15.4809	0.0	0.3826	0.0	0.9238	4.3037	20.664	7.6092	1.0	1.0	1.0
skygarden_lxystorylevel03	Scene_Main	4	41.761	60.5499	11.286	0.0	0.4999	0.0	0.866	4.3037	20.664	7.6092	1.0	1.0	1.0
skygarden_lxystorylevel03	Scene_Main	5	15.359	60.5499	11.2849	0.0	0.866	0.0	0.5	4.3037	20.664	7.6092	1.0	1.0	1.0
skygarden_lxystorylevel03	Scene_Main	6	21.7259	60.5499	8.6479	0.0	0.7933	0.0	0.6087	4.3037	20.664	7.6092	1.0	1.0	1.0
skygarden_lxystorylevel03	Scene_Main	7	35.394	60.5499	8.6479	0.0	0.6087	0.0	0.7933	4.3037	20.664	7.6092	1.0	1.0	1.0
skygarden_lxystorylevel03	Scene_Main	8	28.5599	60.5499	7.748	0.0	0.7071	0.0	0.7071	4.3037	20.664	7.6092	1.0	1.0	1.0
skygarden_lxystorylevel03	Scene_Main	9	2.1589	60.5499	34.1489	0.0	0.0	0.0	1.0	4.3037	20.664	7.6092	1.0	1.0	1.0
skygarden_lxystorylevel03	Scene_Main	10	9.8914	60.5499	15.4809	0.0	0.9238	0.0	0.3826	4.3037	20.664	7.6092	1.0	1.0	1.0
skygarden_lxystorylevel03	Scene_Main	11	5.6961	60.5499	20.9489	0.0	0.9659	0.0	0.2588	4.3037	20.664	7.6092	1.0	1.0	1.0
skygarden_lxystorylevel03	Scene_Main	12	5.696	60.5499	47.3499	0.0	0.9659	0.0	-0.2588	4.3037	20.664	7.6092	1.0	1.0	1.0
skygarden_lxystorylevel03	Scene_Main	13	21.7099	60.5499	59.7599	0.0	0.7948	0.0	-0.6068	4.3037	20.664	7.6092	1.0	1.0	1.0
skygarden_lxystorylevel03	Scene_Main	14	19.6609	61.6283	54.0593	0.0	0.78	0.0	-0.6257	2.0151	11.4441	2.2084	1.0	1.0	1.0
skygarden_lxystorylevel03	Scene_Main	15	3.0585	60.5499	40.9809	0.0	0.9914	0.0	-0.1305	4.3037	20.664	7.6092	1.0	1.0	1.0
skygarden_lxystorylevel03	Scene_Main	16	15.354	60.5499	57.09	0.0	0.8672	0.0	-0.4979	4.3037	20.664	7.6092	1.0	1.0	1.0
skygarden_lxystorylevel03	Scene_Main	17	3.0585	60.5499	27.3159	0.0	0.9914	0.0	0.1305	4.3037	20.664	7.6092	1.0	1.0	1.0
skygarden_lxystorylevel03	Scene_Main	18	28.5599	60.5499	60.5499	0.0	0.7071	0.0	0.7071	4.3037	20.664	7.6092	1.0	1.0	1.0
skygarden_lxystorylevel03	Scene_Main	19	9.8914	60.5499	52.818	0.0	0.3826	0.0	0.9238	4.3037	20.664	7.6092	1.0	1.0	1.0
skygarden_lxystorylevel03	Scene_Main	20	41.761	60.5499	57.0139	0.0	0.866	0.0	0.5	4.3037	20.664	7.6092	1.0	1.0	1.0
skygarden_lxystorylevel03	Scene_Main	21	35.394	60.5499	59.651	0.0	0.7933	0.0	0.6087	4.3037	20.664	7.6092	1.0	1.0	1.0
skygarden_lxystorylevel03	Scene_Main	22	47.229	60.5499	52.818	0.0	0.9238	0.0	0.3826	4.3037	20.664	7.6092	1.0	1.0	1.0
skygarden_lxystorylevel03	Scene_Main	23	51.423	60.5499	47.3499	0.0	0.9659	0.0	0.2588	4.3037	20.664	7.6092	1.0	1.0	1.0
skygarden_lxystorylevel03	Scene_Main	24	51.4239	60.5499	20.9489	0.0	0.9659	0.0	-0.2588	4.3037	20.664	7.6092	1.0	1.0	1.0
skygarden_lxystorylevel03	Scene_Main	25	54.061	60.5499	27.3169	0.0	0.9914	0.0	-0.1305	4.3037	20.664	7.6092	1.0	1.0	1.0
skygarden_lxystorylevel03	Scene_Main	26	54.061	60.5499	40.983	0.0	0.9914	0.0	0.1305	4.3037	20.664	7.6092	1.0	1.0	1.0
skygarden_lxystorylevel04	Scene_Main	1	54.941	60.5499	34.33	0.0	0.0	0.0	1.0	4.3006	20.6488	7.6036	1.0	1.0	1.0
skygarden_lxystorylevel04	Scene_Main	2	47.215	60.5499	15.675	0.0	0.3826	0.0	0.9238	4.3006	20.6488	7.6036	1.0	1.0	1.0
skygarden_lxystorylevel04	Scene_Main	3	41.75	60.5499	11.484	0.0	0.4999	0.0	0.866	4.3006	20.6488	7.6036	1.0	1.0	1.0
skygarden_lxystorylevel04	Scene_Main	4	15.3699	60.5499	11.4829	0.0	0.866	0.0	0.5	4.3006	20.6488	7.6036	1.0	1.0	1.0
skygarden_lxystorylevel04	Scene_Main	5	21.731	60.5499	8.8479	0.0	0.7933	0.0	0.6087	4.3006	20.6488	7.6036	1.0	1.0	1.0
skygarden_lxystorylevel04	Scene_Main	6	35.3889	60.5499	8.8479	0.0	0.6087	0.0	0.7933	4.3006	20.6488	7.6036	1.0	1.0	1.0
skygarden_lxystorylevel04	Scene_Main	7	28.5599	60.5499	7.9479	0.0	0.7071	0.0	0.7071	4.3006	20.6488	7.6036	1.0	1.0	1.0
skygarden_lxystorylevel04	Scene_Main	8	2.1786	60.5499	34.33	0.0	0.0	0.0	1.0	4.3006	20.6488	7.6036	1.0	1.0	1.0
skygarden_lxystorylevel04	Scene_Main	9	9.906	60.5499	15.675	0.0	0.9238	0.0	0.3826	4.3006	20.6488	7.6036	1.0	1.0	1.0
skygarden_lxystorylevel04	Scene_Main	10	5.7132	60.5499	21.1399	0.0	0.9659	0.0	0.2588	4.3006	20.6488	7.6036	1.0	1.0	1.0
skygarden_lxystorylevel04	Scene_Main	11	5.713	60.5499	47.52	0.0	0.9659	0.0	-0.2588	4.3006	20.6488	7.6036	1.0	1.0	1.0
skygarden_lxystorylevel04	Scene_Main	12	3.0775	60.5499	41.158	0.0	0.9914	0.0	-0.1305	4.3006	20.6488	7.6036	1.0	1.0	1.0
skygarden_lxystorylevel04	Scene_Main	13	3.0775	60.5499	27.5009	0.0	0.9914	0.0	0.1305	4.3006	20.6488	7.6036	1.0	1.0	1.0
skygarden_lxystorylevel04	Scene_Main	14	5.19	60.5499	28.94	0.0	0.9899	0.0	0.1415	4.3006	20.6488	27.4134	1.0	1.0	1.0
skygarden_lxystorylevel04	Scene_Main	15	5.28	60.5499	32.6699	0.0	0.9989	0.0	0.0453	4.3006	20.6488	27.4134	1.0	1.0	1.0
skygarden_lxystorylevel04	Scene_Main	16	4.86	60.5499	42.9099	0.0	0.9979	0.0	-0.0642	4.3006	20.6488	27.4134	1.0	1.0	1.0
skygarden_lxystorylevel04	Scene_Main	17	50.5	60.5499	20.27	0.0	0.9568	0.0	-0.2905	4.3006	20.6488	27.4134	1.0	1.0	1.0
skygarden_lxystorylevel04	Scene_Main	18	30.27	60.5499	58.7799	0.0	0.7313	0.0	0.6819	4.3006	20.6488	31.5885	1.0	1.0	1.0
skygarden_lxystorylevel04	Scene_Main	19	28.5599	60.5499	60.7109	0.0	0.7071	0.0	0.7071	4.3006	20.6488	7.6036	1.0	1.0	1.0
skygarden_lxystorylevel04	Scene_Main	20	9.906	60.5499	52.985	0.0	0.3826	0.0	0.9238	4.3006	20.6488	7.6036	1.0	1.0	1.0
skygarden_lxystorylevel04	Scene_Main	21	15.3699	60.5499	57.1759	0.0	0.4999	0.0	0.866	4.3006	20.6488	7.6036	1.0	1.0	1.0
skygarden_lxystorylevel04	Scene_Main	22	41.75	60.5499	57.1769	0.0	0.866	0.0	0.5	4.3006	20.6488	7.6036	1.0	1.0	1.0
skygarden_lxystorylevel04	Scene_Main	23	35.3889	60.5499	59.812	0.0	0.7933	0.0	0.6087	4.3006	20.6488	7.6036	1.0	1.0	1.0
skygarden_lxystorylevel04	Scene_Main	24	21.731	60.5499	59.812	0.0	0.6087	0.0	0.7933	4.3006	20.6488	7.6036	1.0	1.0	1.0
skygarden_lxystorylevel04	Scene_Main	25	47.215	60.5499	52.985	0.0	0.9238	0.0	0.3826	4.3006	20.6488	7.6036	1.0	1.0	1.0
skygarden_lxystorylevel04	Scene_Main	26	51.4059	60.5499	47.52	0.0	0.9659	0.0	0.2588	4.3006	20.6488	7.6036	1.0	1.0	1.0
skygarden_lxystorylevel04	Scene_Main	27	51.407	60.5499	21.1399	0.0	0.9659	0.0	-0.2588	4.3006	20.6488	7.6036	1.0	1.0	1.0
skygarden_lxystorylevel04	Scene_Main	28	54.0419	60.5499	27.502	0.0	0.9914	0.0	-0.1305	4.3006	20.6488	7.6036	1.0	1.0	1.0
skygarden_lxystorylevel04	Scene_Main	29	54.0419	60.5499	41.159	0.0	0.9914	0.0	0.1305	4.3006	20.6488	7.6036	1.0	1.0	1.0
skygarden_lxystorylevel04	Scene_Main	30	29.09	56.47	39.38	0.0	0.0	0.0	1.0	200.0	0.2	200.0	1.0	1.0	1.0
skygarden_plaza	Scene_Main	1	632.63	199.8973	1285.4599	0.1381	0.1381	0.6934	0.6934	14.3653	1.7494	10.1557	1.0	1.0	1.0
skygarden_plaza	Scene_Main	2	626.371	197.4248	1273.1989	0.1381	0.1381	0.6934	0.6934	9.4223	1.7494	18.4499	1.0	1.0	1.0
skygarden_plaza	Scene_Main	3	642.64	199.8973	1292.9699	0.3707	0.3707	0.6021	0.6021	14.3653	1.7494	19.3166	1.0	1.0	1.0
skygarden_plaza	Scene_Main	4	653.88	199.8941	1294.9	0.5868	0.5868	0.3945	0.3945	14.3653	1.7494	11.1267	1.0	1.0	1.0
skygarden_plaza	Scene_Main	5	656.6389	201.63	1287.489	0.6926	0.6926	-0.1423	-0.1423	17.8365	2.7408	13.5006	1.0	1.0	1.0
skygarden_plaza	Scene_Main	6	650.6389	192.6473	1279.6519	0.1074	0.1074	-0.6989	-0.6988	2.3696	2.7636	6.4724	1.0	1.0	1.0
skygarden_plaza	Scene_Main	7	670.53	197.057	1276.9899	0.4044	0.4044	0.58	0.58	6.4335	13.3055	5.0416	1.0	1.0	1.0
skygarden_plaza	Scene_Main	8	662.5347	192.0464	1172.0069	0.6863	0.6863	-0.17	-0.17	2.3685	2.5199	2.6395	1.0	1.0	1.0
skygarden_plaza	Scene_Main	9	668.3699	192.0464	1168.68	0.6863	0.6863	-0.17	-0.17	2.3685	2.5199	2.6395	1.0	1.0	1.0
skygarden_plaza	Scene_Main	10	658.4799	189.4279	1164.6899	0.6423	0.7044	-0.2956	-0.0611	2.3685	2.3656	15.9113	1.0	1.0	1.0
skygarden_plaza	Scene_Main	11	664.1699	189.4279	1161.4399	0.6423	0.7044	-0.2956	-0.0611	2.3685	2.3656	15.9113	1.0	1.0	1.0
skygarden_plaza	Scene_Main	12	635.851	194.8899	1242.4959	0.6418	0.6418	0.2966	0.2966	10.472	1.3743	13.826	1.0	1.0	1.0
skygarden_plaza	Scene_Main	13	621.26	195.4299	1259.4399	0.6075	0.6075	0.3618	0.3618	10.472	2.1776	12.2535	1.0	1.0	1.0
skygarden_plaza	Scene_Main	14	627.5609	195.4299	1257.6619	0.42	0.42	0.5687	0.5687	10.4721	2.1776	4.1652	1.0	1.0	1.0
skygarden_plaza	Scene_Main	15	627.27	195.4299	1262.0799	0.593	0.593	0.3851	0.3851	10.472	2.802	6.7378	1.0	1.0	1.0
skygarden_plaza	Scene_Main	16	502.7399	196.83	1213.9899	0.0696	0.0696	0.7036	0.7036	19.7052	18.76	3.498	1.0	1.0	1.0
skygarden_plaza	Scene_Main	17	495.94	196.83	1199.78	-0.6456	-0.6456	0.2883	0.2883	19.7052	18.76	3.498	1.0	1.0	1.0
skygarden_plaza	Scene_Main	18	491.26	196.83	1211.3199	-0.3612	-0.3612	0.6078	0.6078	19.7052	18.76	3.498	1.0	1.0	1.0
skygarden_plaza	Scene_Main	19	578.661	188.578	1125.369	0.2358	0.2358	0.6666	0.6666	0.5239	0.9483	4.6839	1.0	1.0	1.0
skygarden_plaza	Scene_Main	20	667.2039	193.5749	1162.4919	0.6147	0.6147	0.3493	0.3493	13.7418	11.8302	2.2143	1.0	1.0	1.0
skygarden_plaza	Scene_Main	21	681.2678	196.32	1199.123	0.0	-0.4264	0.0	0.9044	17.0418	8.1866	1.3196	1.0	1.0	1.0
skygarden_plaza	Scene_Main	22	676.575	196.32	1191.7989	0.0	-0.2163	0.0	0.9763	1.2544	8.1866	3.166	1.0	1.0	1.0
skygarden_plaza	Scene_Main	23	685.5704	196.32	1195.6899	0.0	0.5058	0.0	0.8626	1.2544	8.1866	18.4826	1.0	1.0	1.0
skygarden_plaza	Scene_Main	24	694.8632	196.32	1203.052	0.0	0.8307	0.0	0.5566	7.0268	8.1866	0.8797	1.0	1.0	1.0
skygarden_plaza	Scene_Main	25	695.1964	196.32	1207.086	0.0	0.9451	0.0	0.3265	3.5821	8.1866	4.2862	1.0	1.0	1.0
skygarden_plaza	Scene_Main	26	692.0233	196.32	1207.9329	0.0	0.9712	0.0	-0.2381	1.2939	8.1866	0.5136	1.0	1.0	1.0
skygarden_plaza	Scene_Main	27	688.9401	196.32	1206.999	0.0	0.9789	0.0	0.2043	5.9684	8.1866	0.5136	1.0	1.0	1.0
skygarden_plaza	Scene_Main	28	608.713	191.94	1074.661	0.3455	0.3455	-0.6169	-0.6169	10.472	19.6467	2.1328	1.0	1.0	1.0
skygarden_plaza	Scene_Main	29	609.8162	191.94	1084.555	0.4683	0.4683	-0.5297	-0.5297	10.472	3.3376	4.9009	1.0	1.0	1.0
skygarden_plaza	Scene_Main	30	609.2335	191.94	1082.5219	0.6465	0.6465	-0.2864	-0.2864	10.472	3.7624	2.1328	1.0	1.0	1.0
skygarden_plaza	Scene_Main	31	601.5599	191.94	1066.9	0.3455	0.3455	-0.6169	-0.6169	10.472	3.1328	3.3288	1.0	1.0	1.0
skygarden_plaza	Scene_Main	32	603.7844	191.94	1071.6009	0.3455	0.3455	-0.6169	-0.6169	10.472	3.5244	3.3288	1.0	1.0	1.0
skygarden_plaza	Scene_Main	33	609.2999	191.94	1080.5999	0.3455	0.3455	-0.6169	-0.6169	10.472	1.6275	3.3288	1.0	1.0	1.0
skygarden_plaza	Scene_Main	34	607.609	189.8679	1076.2249	0.3455	0.3455	-0.6169	-0.6169	6.3287	8.7733	3.3288	1.0	1.0	1.0
skygarden_plaza	Scene_Main	35	591.2056	191.9006	1077.0589	0.6837	0.6837	-0.1801	-0.1801	10.4001	1.3941	10.7333	1.0	1.0	1.0
skygarden_plaza	Scene_Main	36	592.32	191.9006	1075.03	0.5629	0.5629	-0.4278	-0.4278	10.4	1.3941	5.4057	1.0	1.0	1.0
skygarden_plaza	Scene_Main	37	599.4694	191.9006	1072.9899	0.3581	0.3581	-0.6096	-0.6096	10.4	1.3941	11.6121	1.0	1.0	1.0
skygarden_plaza	Scene_Main	38	594.1119	191.94	1069.838	0.3455	0.3455	-0.6169	-0.6169	10.4721	3.1328	15.3795	1.0	1.0	1.0
skygarden_plaza	Scene_Main	39	588.26	191.94	1085.63	0.355	0.355	-0.6114	-0.6114	10.4721	3.1328	12.5478	1.0	1.0	1.0
skygarden_plaza	Scene_Main	40	641.5629	194.8899	1238.6419	0.6418	0.6418	0.2966	0.2966	10.4721	2.3637	3.4788	1.0	1.0	1.0
skygarden_plaza	Scene_Main	41	639.3297	194.8899	1239.8549	0.4832	0.4832	0.5161	0.5161	10.4721	1.3743	3.4788	1.0	1.0	1.0
skygarden_plaza	Scene_Main	42	633.51	194.8899	1244.8399	0.7067	0.7067	0.0232	0.0232	10.4721	1.3743	3.4788	1.0	1.0	1.0
skygarden_plaza	Scene_Main	43	632.33	194.8899	1247.2099	0.6418	0.6418	0.2966	0.2966	10.4721	1.3743	3.4788	1.0	1.0	1.0
skygarden_plaza	Scene_Main	44	630.918	194.8899	1248.0119	0.6993	0.6993	0.1044	0.1044	10.4721	4.0969	3.4788	1.0	1.0	1.0
skygarden_plaza	Scene_Main	45	626.103	194.8899	1242.02	0.6061	0.6061	0.3641	0.3641	10.4721	14.9011	3.4788	1.0	1.0	1.0
skygarden_plaza	Scene_Main	46	629.726	195.4299	1259.8919	0.1293	0.1293	0.6951	0.6951	10.4721	2.1776	4.8523	1.0	1.0	1.0
skygarden_plaza	Scene_Main	47	611.78	195.4299	1261.43	0.4215	0.4215	0.5677	0.5677	10.472	2.1776	12.2535	1.0	1.0	1.0
skygarden_plaza	Scene_Main	48	603.8679	195.4299	1254.269	0.1708	0.1708	0.6861	0.6861	10.4721	2.1776	13.224	1.0	1.0	1.0
skygarden_plaza	Scene_Main	49	618.9899	195.4299	1236.63	0.4204	0.4204	0.5685	0.5685	10.4721	2.1776	13.224	1.0	1.0	1.0
skygarden_plaza	Scene_Main	50	609.02	195.4299	1237.8299	0.606	0.606	0.3643	0.3643	10.4721	2.1776	13.224	1.0	1.0	1.0
skygarden_plaza	Scene_Main	51	603.7379	195.4299	1245.16	0.4204	0.4204	0.5685	0.5685	10.4721	5.4425	13.1035	1.0	1.0	1.0
skygarden_plaza	Scene_Main	52	603.223	195.4299	1245.003	0.4204	0.4204	0.5685	0.5685	10.4721	14.4717	1.9487	1.0	1.0	1.0
skygarden_plaza	Scene_Main	53	620.3317	195.4299	1246.3669	0.606	0.606	0.3643	0.3643	10.4721	5.4425	1.3312	1.0	1.0	1.0
skygarden_plaza	Scene_Main	54	616.8499	195.4299	1243.4699	0.6993	0.6993	0.1047	0.1047	10.4721	5.4425	1.3312	1.0	1.0	1.0
skygarden_plaza	Scene_Main	55	613.5194	195.4299	1254.394	0.1046	0.1046	-0.6993	-0.6993	10.4721	5.4425	1.3312	1.0	1.0	1.0
skygarden_plaza	Scene_Main	56	618.03	195.4299	1253.9799	-0.1708	-0.1708	-0.6861	-0.6861	10.4721	5.4425	1.3312	1.0	1.0	1.0
skygarden_plaza	Scene_Main	57	609.5501	195.4299	1250.7209	0.3595	0.3595	-0.6088	-0.6088	10.4721	7.2884	1.3312	1.0	1.0	1.0
skygarden_plaza	Scene_Main	58	611.5438	195.4299	1244.375	-0.1719	-0.1719	-0.6858	-0.6858	10.4721	7.2884	1.3312	1.0	1.0	1.0
skygarden_plaza	Scene_Main	59	620.8779	195.4299	1248.8389	0.6994	0.6994	0.104	0.104	10.4721	2.3002	1.4939	1.0	1.0	1.0
skygarden_plaza	Scene_Main	60	619.8699	195.4299	1252.26	0.6994	0.6994	0.104	0.104	10.4721	2.3002	1.5453	1.0	1.0	1.0
skygarden_plaza	Scene_Main	61	618.9199	195.4299	1250.04	0.4177	0.4177	0.5704	0.5704	10.4721	2.3002	1.5453	1.0	1.0	1.0
skygarden_plaza	Scene_Main	62	613.017	195.4299	1256.333	-0.4204	-0.4204	-0.5685	-0.5685	10.4721	3.783	1.8791	1.0	1.0	1.0
skygarden_plaza	Scene_Main	63	617.5399	195.4299	1241.56	-0.4204	-0.4204	-0.5685	-0.5685	10.4721	3.783	1.8791	1.0	1.0	1.0
skygarden_plaza	Scene_Main	64	676.812	194.1741	1194.291	0.0	-0.5043	0.0	0.8634	3.7536	3.2501	1.3196	1.0	1.0	1.0
skygarden_plaza	Scene_Main	65	679.057	194.1741	1196.854	0.0	-0.3185	0.0	0.9479	3.7536	3.2501	1.3196	1.0	1.0	1.0
skygarden_plaza	Scene_Main	66	627.075	198.139	1281.566	0.5833	0.5833	0.3996	0.3996	13.0287	2.1013	9.1475	1.0	1.0	1.0
skygarden_plaza	Scene_Main	67	633.973	191.94	1184.2189	0.6824	0.6824	-0.185	-0.185	10.472	5.1404	12.751	1.0	1.0	1.0
skygarden_plaza	Scene_Main	68	629.054	191.94	1179.18	0.5744	0.5744	-0.4123	-0.4123	10.472	5.1404	6.4849	1.0	1.0	1.0
skygarden_plaza	Scene_Main	69	624.4702	191.94	1178.076	0.5744	0.5744	-0.4123	-0.4123	10.472	5.1404	8.5738	1.0	1.0	1.0
skygarden_plaza	Scene_Main	70	619.7141	203.4799	1192.682	0.1936	0.1936	-0.68	-0.68	10.472	2.8678	17.9082	1.0	1.0	1.0
skygarden_plaza	Scene_Main	71	613.984	203.4799	1198.3349	0.6147	0.6147	-0.3493	-0.3493	10.472	2.8678	6.6726	1.0	1.0	1.0
skygarden_plaza	Scene_Main	72	621.9899	203.4799	1184.9	0.618	0.618	-0.3436	-0.3436	10.472	2.8678	6.6726	1.0	1.0	1.0
skygarden_plaza	Scene_Main	73	587.45	192.8919	1112.55	0.4469	0.4469	0.5479	0.5479	9.2957	12.902	7.3282	1.0	1.0	1.0
skygarden_plaza	Scene_Main	74	591.265	191.94	1112.6679	0.5502	0.5502	-0.4441	-0.4441	10.472	10.989	2.1328	1.0	1.0	1.0
skygarden_plaza	Scene_Main	75	585.6049	191.94	1095.55	0.3568	0.3568	-0.6104	-0.6104	10.472	28.6576	2.1328	1.0	1.0	1.0
skygarden_plaza_show	Scene_Main	1	632.63	201.634	1285.4599	0.1381	0.1381	0.6934	0.6934	17.8365	1.7494	10.1557	1.0	1.0	1.0
skygarden_plaza_show	Scene_Main	2	642.64	201.634	1292.9699	0.3707	0.3707	0.6021	0.6021	17.8365	1.7494	19.3166	1.0	1.0	1.0
skygarden_plaza_show	Scene_Main	3	653.88	201.63	1294.9	0.5868	0.5868	0.3945	0.3945	17.8365	1.7494	11.1267	1.0	1.0	1.0
skygarden_plaza_show	Scene_Main	4	656.6389	201.63	1287.489	0.6926	0.6926	-0.1423	-0.1423	17.8365	2.7408	13.5006	1.0	1.0	1.0
skygarden_plaza_show	Scene_Main	5	649.775	193.9864	1282.691	0.3869	0.3869	-0.5918	-0.5918	2.4873	2.4848	5.7661	1.0	1.0	1.0
skygarden_plaza_show	Scene_Main	6	647.388	193.96	1285.5209	0.1205	0.1204	-0.6969	-0.6965	2.5346	2.9335	4.5822	1.0	1.0	1.0
skygarden_plaza_show	Scene_Main	7	650.6389	192.7299	1279.6519	0.1074	0.1074	-0.6989	-0.6988	2.5346	2.7636	6.4724	1.0	1.0	1.0
skygarden_plaza_show	Scene_Main	8	660.2709	201.63	1291.655	0.6939	0.6939	-0.1359	-0.1359	17.8365	2.7167	16.4744	1.0	1.0	1.0
skygarden_plaza_show	Scene_Main	9	664.559	201.63	1284.64	0.4904	0.4904	-0.5093	-0.5093	17.8365	2.7167	12.1842	1.0	1.0	1.0
skygarden_plaza_show	Scene_Main	10	653.283	193.55	1279.2349	0.6939	0.6939	-0.1359	-0.1359	1.676	2.9746	13.6614	1.0	1.0	1.0
skygarden_plaza_show	Scene_Main	11	651.856	193.2409	1269.873	0.6991	0.6991	0.106	0.106	2.2946	3.0846	9.4759	1.0	1.0	1.0
skygarden_plaza_show	Scene_Main	12	655.3699	193.2799	1271.4809	0.6991	0.6991	0.106	0.106	2.2946	4.5724	9.4759	1.0	1.0	1.0
skygarden_plaza_show	Scene_Main	13	655.695	193.2799	1279.7089	0.7038	0.7038	-0.0673	-0.0673	2.2946	4.5724	11.4899	1.0	1.0	1.0
skygarden_plaza_show	Scene_Main	14	659.4099	193.2799	1271.566	0.6377	0.6377	0.3054	0.3054	2.2946	0.8262	9.4759	1.0	1.0	1.0
skygarden_plaza_show	Scene_Main	15	658.2	193.2799	1267.93	0.4424	0.4424	0.5515	0.5515	2.2946	1.4327	9.4759	1.0	1.0	1.0
skygarden_plaza_show	Scene_Main	16	658.4509	193.2799	1270.453	0.1977	0.1977	0.6789	0.6789	2.2946	6.4652	2.8012	1.0	1.0	1.0
skygarden_plaza_show	Scene_Main	17	653.1099	193.4689	1265.3499	0.6991	0.6991	0.106	0.106	2.6723	4.5724	1.1694	1.0	1.0	1.0
skygarden_plaza_show	Scene_Main	18	656.4373	193.47	1254.2399	0.7	0.7	0.0996	0.0996	2.6723	4.7861	1.1694	1.0	1.0	1.0
skygarden_plaza_show	Scene_Main	19	667.2369	193.1	1275.6669	0.2173	0.2173	0.6728	0.6728	1.8199	10.9669	5.0416	1.0	1.0	1.0
skygarden_plaza_show	Scene_Main	20	666.703	193.11	1281.504	0.5448	0.5448	0.4506	0.4506	1.7914	10.9669	8.7333	1.0	1.0	1.0
skygarden_plaza_show	Scene_Main	21	670.53	197.057	1278.41	0.4044	0.4044	0.58	0.58	6.4335	13.3055	5.0416	1.0	1.0	1.0
skygarden_plaza_show	Scene_Main	22	675.354	197.057	1263.4489	0.425	0.425	0.5651	0.5651	6.4335	20.9066	5.0416	1.0	1.0	1.0
skygarden_plaza_show	Scene_Main	23	673.3389	196.9179	1256.1379	0.6997	0.6997	0.1019	0.1019	6.6135	16.36	5.0416	1.0	1.0	1.0
skygarden_plaza_show	Scene_Main	24	664.5689	196.9179	1247.4219	0.7051	0.7051	-0.0521	-0.0521	6.6135	2.1694	17.4659	1.0	1.0	1.0
skygarden_plaza_show	Scene_Main	25	663.596	193.24	1243.884	0.6993	0.6993	0.1041	0.1041	2.2946	10.5477	23.8426	1.0	1.0	1.0
skygarden_plaza_show	Scene_Main	26	668.4019	196.6329	1232.432	0.6328	0.6328	0.3154	0.3154	9.0812	10.5477	8.4061	1.0	1.0	1.0
skygarden_plaza_show	Scene_Main	27	669.0869	197.94	1212.9799	0.707	0.707	0.0076	0.0076	11.695	1.5732	29.8041	1.0	1.0	1.0
skygarden_plaza_show	Scene_Main	28	664.145	196.9179	1235.9599	0.7007	0.7007	0.0945	0.0945	6.6135	2.1694	6.7202	1.0	1.0	1.0
skygarden_plaza_show	Scene_Main	29	656.528	192.0899	1221.4329	0.6978	0.6978	0.1137	0.1137	1.7623	2.5199	21.6528	1.0	1.0	1.0
skygarden_plaza_show	Scene_Main	30	659.5889	195.1549	1204.2979	0.7069	0.7069	-0.0136	-0.0136	6.1259	2.5199	14.7985	1.0	1.0	1.0
skygarden_plaza_show	Scene_Main	31	659.64	195.1549	1174.8	0.675	0.675	0.2105	0.2105	6.1259	2.5199	5.4183	1.0	1.0	1.0
skygarden_plaza_show	Scene_Main	32	662.5349	192.695	1172.0909	0.6073	0.6073	0.362	0.362	1.2065	2.6919	2.5872	1.0	1.0	1.0
skygarden_plaza_show	Scene_Main	33	659.2246	195.1549	1170.457	0.6867	0.6867	-0.1684	-0.1684	6.1259	2.5199	7.8066	1.0	1.0	1.0
skygarden_plaza_show	Scene_Main	34	658.4409	189.9989	1164.52	0.494	0.7081	0.2914	0.4117	1.2065	15.9819	2.3817	1.0	1.0	1.0
skygarden_plaza_show	Scene_Main	35	669.08	192.6959	1168.55	0.6073	0.6073	0.362	0.362	1.2065	2.6919	4.1288	1.0	1.0	1.0
skygarden_plaza_show	Scene_Main	36	664.0999	190.0	1161.4599	0.494	0.7081	0.2914	0.4117	1.2065	15.9819	2.3817	1.0	1.0	1.0
skygarden_plaza_show	Scene_Main	37	654.58	190.809	1175.3199	0.707	0.707	-0.0119	-0.0119	8.2202	2.5199	27.812	1.0	1.0	1.0
skygarden_plaza_show	Scene_Main	38	655.0	190.873	1161.7299	0.6111	0.6111	0.3556	0.3556	8.3578	2.5199	3.002	1.0	1.0	1.0
skygarden_plaza_show	Scene_Main	39	654.7579	191.9389	1197.3559	0.707	0.707	-0.0119	-0.0119	10.472	2.5199	20.8363	1.0	1.0	1.0
skygarden_plaza_show	Scene_Main	40	652.408	189.356	1214.2349	0.6928	0.6928	0.1413	0.1413	5.3056	6.7108	22.0625	1.0	1.0	1.0
skygarden_plaza_show	Scene_Main	41	649.96	189.3309	1226.8499	0.6597	0.6597	-0.2542	-0.2542	5.254	2.5199	12.2728	1.0	1.0	1.0
skygarden_plaza_show	Scene_Main	42	652.4899	189.852	1231.1469	0.6605	0.6605	-0.2524	-0.2524	6.2948	2.5568	3.4439	1.0	1.0	1.0
skygarden_plaza_show	Scene_Main	43	642.58	191.94	1196.26	0.707	0.707	-0.0119	-0.0119	10.472	2.5199	17.8218	1.0	1.0	1.0
skygarden_plaza_show	Scene_Main	44	640.143	191.94	1195.776	0.707	0.707	-0.0119	-0.0119	10.472	5.1404	19.259	1.0	1.0	1.0
skygarden_plaza_show	Scene_Main	45	629.776	193.6199	1224.317	0.2461	0.2461	0.6628	0.6628	11.6849	2.9473	14.7958	1.0	1.0	1.0
skygarden_plaza_show	Scene_Main	46	628.1799	193.6199	1212.63	0.6927	0.6927	0.1419	0.1419	11.6849	2.5199	14.6632	1.0	1.0	1.0
skygarden_plaza_show	Scene_Main	47	637.754	194.83	1233.4129	0.6418	0.6418	0.2966	0.2966	10.472	11.7538	2.6818	1.0	1.0	1.0
skygarden_plaza_show	Scene_Main	48	642.5679	194.9199	1236.556	0.6418	0.6418	0.2966	0.2966	10.4721	6.5071	1.08	1.0	1.0	1.0
skygarden_plaza_show	Scene_Main	49	635.851	194.8899	1242.4959	0.6418	0.6418	0.2966	0.2966	10.472	1.3743	13.826	1.0	1.0	1.0
skygarden_plaza_show	Scene_Main	50	621.26	195.4299	1259.4399	0.6075	0.6075	0.3618	0.3618	10.472	2.1776	12.2535	1.0	1.0	1.0
skygarden_plaza_show	Scene_Main	51	627.5609	195.4299	1257.6619	0.42	0.42	0.5687	0.5687	10.4721	2.1776	4.1652	1.0	1.0	1.0
skygarden_plaza_show	Scene_Main	52	627.27	195.4299	1262.0799	0.593	0.593	0.3851	0.3851	10.472	2.802	6.7378	1.0	1.0	1.0
skygarden_plaza_show	Scene_Main	53	633.8521	192.1999	1279.0429	0.5868	0.5868	0.3945	0.3944	4.0118	2.0096	9.164	1.0	1.0	1.0
skygarden_plaza_show	Scene_Main	54	633.973	191.94	1184.2189	0.6824	0.6824	-0.185	-0.185	10.472	5.1404	12.751	1.0	1.0	1.0
skygarden_plaza_show	Scene_Main	55	626.9299	191.94	1178.89	0.5781	0.5781	-0.4071	-0.4071	10.472	5.1404	10.6729	1.0	1.0	1.0
skygarden_plaza_show	Scene_Main	56	618.5109	188.522	1178.66	0.4046	0.4046	-0.5798	-0.5798	3.6353	5.1404	8.0453	1.0	1.0	1.0
skygarden_plaza_show	Scene_Main	57	620.76	191.94	1180.5899	0.5796	0.5796	-0.405	-0.405	10.472	5.1404	8.0062	1.0	1.0	1.0
skygarden_plaza_show	Scene_Main	58	607.684	188.2129	1185.609	0.1819	0.1819	-0.6833	-0.6833	4.0417	3.7934	4.933	1.0	1.0	1.0
skygarden_plaza_show	Scene_Main	59	609.5709	188.2129	1183.8199	0.1754	0.1754	-0.6849	-0.6849	4.0417	2.1104	3.1049	1.0	1.0	1.0
skygarden_plaza_show	Scene_Main	60	609.585	188.2341	1181.6629	0.4045	0.4045	-0.5799	-0.5799	4.084	4.6825	2.1362	1.0	1.0	1.0
skygarden_plaza_show	Scene_Main	61	608.3499	188.2341	1182.5999	0.5992	0.5992	-0.3753	-0.3753	4.084	4.6825	2.1362	1.0	1.0	1.0
skygarden_plaza_show	Scene_Main	62	605.226	188.2341	1189.477	0.6276	0.6276	-0.3256	-0.3256	4.084	4.6825	3.8745	1.0	1.0	1.0
skygarden_plaza_show	Scene_Main	63	603.181	188.2341	1190.701	0.653	0.653	-0.2711	-0.2711	4.084	4.6825	1.855	1.0	1.0	1.0
skygarden_plaza_show	Scene_Main	64	602.077	188.2341	1193.1839	0.6805	0.6805	-0.192	-0.192	4.084	1.0056	4.4583	1.0	1.0	1.0
skygarden_plaza_show	Scene_Main	65	603.9141	188.2341	1192.2299	0.6702	0.6702	0.2253	0.2253	4.084	2.5112	4.4583	1.0	1.0	1.0
skygarden_plaza_show	Scene_Main	66	590.9249	188.2299	1200.4019	0.6805	0.6805	-0.192	-0.192	4.084	1.0885	4.4583	1.0	1.0	1.0
skygarden_plaza_show	Scene_Main	67	590.28	188.2299	1200.8399	0.701	0.701	-0.0926	-0.0926	4.084	1.6347	3.545	1.0	1.0	1.0
skygarden_plaza_show	Scene_Main	68	587.203	188.2299	1201.4079	0.7041	0.7041	-0.0645	-0.0645	4.084	5.6281	3.7601	1.0	1.0	1.0
skygarden_plaza_show	Scene_Main	69	581.827	188.2299	1202.133	0.7065	0.7065	-0.0289	-0.0289	4.084	5.767	3.7922	1.0	1.0	1.0
skygarden_plaza_show	Scene_Main	70	578.44	188.2299	1202.39	0.707	0.707	-0.01	-0.01	4.084	1.8123	3.7534	1.0	1.0	1.0
skygarden_plaza_show	Scene_Main	71	577.715	188.2299	1202.2459	0.6609	0.6609	-0.2513	-0.2513	4.084	1.8938	3.7534	1.0	1.0	1.0
skygarden_plaza_show	Scene_Main	72	577.08	188.2299	1202.328	0.6563	0.6563	-0.2629	-0.2629	4.084	1.8938	4.4768	1.0	1.0	1.0
skygarden_plaza_show	Scene_Main	73	571.4719	188.2299	1208.145	0.6563	0.6563	-0.2629	-0.2629	4.084	5.7021	4.4768	1.0	1.0	1.0
skygarden_plaza_show	Scene_Main	74	572.0319	193.4369	1213.2569	0.7056	0.7056	0.0455	0.0455	9.8986	3.6452	10.6487	1.0	1.0	1.0
skygarden_plaza_show	Scene_Main	75	574.63	193.4369	1212.5699	0.533	0.533	-0.4646	-0.4646	9.8986	1.8938	3.4117	1.0	1.0	1.0
skygarden_plaza_show	Scene_Main	76	567.65	191.1049	1208.92	0.7071	0.7071	0.0014	0.0014	9.8346	7.5513	4.4768	1.0	1.0	1.0
skygarden_plaza_show	Scene_Main	77	561.8889	191.1519	1212.191	0.6498	0.6498	-0.2787	-0.2787	9.9271	10.9899	4.4768	1.0	1.0	1.0
skygarden_plaza_show	Scene_Main	78	551.681	191.113	1212.7199	0.6908	0.6908	0.1506	0.1506	9.8504	12.0305	4.4768	1.0	1.0	1.0
skygarden_plaza_show	Scene_Main	79	546.53	191.1699	1207.4599	0.5014	0.5014	0.4985	0.4985	9.963	12.0305	4.4768	1.0	1.0	1.0
skygarden_plaza_show	Scene_Main	80	545.695	191.1699	1202.081	0.6773	0.6773	0.2028	0.2028	9.963	4.3311	4.4768	1.0	1.0	1.0
skygarden_plaza_show	Scene_Main	81	543.9522	191.1699	1201.91	0.593	0.593	0.3851	0.385	9.963	4.3311	4.4768	1.0	1.0	1.0
skygarden_plaza_show	Scene_Main	82	537.51	191.1699	1202.29	0.6103	0.6103	0.357	0.3569	9.963	4.3311	14.6654	1.0	1.0	1.0
skygarden_plaza_show	Scene_Main	83	525.104	195.3899	1205.275	0.6103	0.6103	0.357	0.3569	14.3707	5.7435	14.6654	1.0	1.0	1.0
skygarden_plaza_show	Scene_Main	84	528.1019	195.3899	1201.613	0.4292	0.4292	0.5619	0.5618	14.3707	5.7435	2.551	1.0	1.0	1.0
skygarden_plaza_show	Scene_Main	85	519.161	195.3899	1204.7299	0.1791	0.1791	0.684	0.684	14.3707	20.8569	2.551	1.0	1.0	1.0
skygarden_plaza_show	Scene_Main	86	502.7099	196.83	1213.31	0.0701	0.0701	0.7036	0.7036	14.3707	20.8569	2.551	1.0	1.0	1.0
skygarden_plaza_show	Scene_Main	87	492.95	196.83	1212.81	-0.3497	-0.3497	0.6145	0.6145	14.3707	13.1482	2.551	1.0	1.0	1.0
skygarden_plaza_show	Scene_Main	88	497.2659	196.83	1199.098	-0.6462	-0.6462	0.287	0.287	14.3707	21.2113	2.551	1.0	1.0	1.0
skygarden_plaza_show	Scene_Main	89	511.5599	195.3899	1191.2199	0.1791	0.1791	0.684	0.684	14.3707	20.8569	2.551	1.0	1.0	1.0
skygarden_plaza_show	Scene_Main	90	519.9329	195.3899	1185.5679	-0.0867	-0.0867	0.7017	0.7017	14.3707	3.4073	2.551	1.0	1.0	1.0
skygarden_plaza_show	Scene_Main	91	519.3049	195.3899	1182.665	-0.3606	-0.3606	0.6081	0.6081	14.3707	6.1367	2.551	1.0	1.0	1.0
skygarden_plaza_show	Scene_Main	92	522.27	191.1699	1177.0799	0.6103	0.6103	0.357	0.3569	9.963	4.3311	14.6654	1.0	1.0	1.0
skygarden_plaza_show	Scene_Main	93	527.335	191.1699	1170.651	0.6103	0.6103	0.357	0.3569	9.9631	4.3311	3.4097	1.0	1.0	1.0
skygarden_plaza_show	Scene_Main	94	527.9827	191.1699	1169.706	0.5228	0.5228	0.476	0.476	9.963	4.3311	3.4097	1.0	1.0	1.0
skygarden_plaza_show	Scene_Main	95	524.9362	191.1699	1165.78	0.3465	0.3465	0.6163	0.6163	9.9631	1.9699	9.4311	1.0	1.0	1.0
skygarden_plaza_show	Scene_Main	96	522.843	191.1699	1157.6169	0.7058	0.7058	0.0418	0.0418	9.9631	1.9699	12.2067	1.0	1.0	1.0
skygarden_plaza_show	Scene_Main	97	527.07	191.1699	1152.0	0.4494	0.4494	-0.5458	-0.5458	9.9631	1.9699	12.2067	1.0	1.0	1.0
skygarden_plaza_show	Scene_Main	98	534.2343	191.1699	1148.1219	0.6828	0.6828	0.1835	0.1835	9.9631	1.9699	7.3305	1.0	1.0	1.0
skygarden_plaza_show	Scene_Main	99	536.1619	188.309	1144.5329	0.7029	0.7029	-0.0764	-0.0764	4.2409	4.6901	4.3882	1.0	1.0	1.0
skygarden_plaza_show	Scene_Main	100	534.9899	188.309	1143.02	0.6934	0.6934	0.1385	0.1385	4.2409	4.6901	4.3882	1.0	1.0	1.0
skygarden_plaza_show	Scene_Main	101	532.14	192.7989	1141.8299	0.6934	0.6934	0.1385	0.1385	12.2587	8.354	4.3882	1.0	1.0	1.0
skygarden_plaza_show	Scene_Main	102	529.52	192.7989	1138.28	0.6879	0.6879	0.1635	0.1635	12.2587	8.354	4.3882	1.0	1.0	1.0
skygarden_plaza_show	Scene_Main	103	539.27	192.8	1123.67	0.6661	0.6661	0.2372	0.2372	12.2587	8.354	4.3882	1.0	1.0	1.0
skygarden_plaza_show	Scene_Main	104	592.564	193.44	1212.8929	0.4401	0.4401	-0.5533	-0.5533	9.8986	11.284	2.4596	1.0	1.0	1.0
skygarden_plaza_show	Scene_Main	105	591.1799	193.44	1215.0699	0.4401	0.4401	-0.5533	-0.5533	9.8986	11.284	2.4596	1.0	1.0	1.0
skygarden_plaza_show	Scene_Main	106	598.76	193.44	1214.7099	0.6944	0.6944	-0.133	-0.133	9.8986	11.284	2.4596	1.0	1.0	1.0
skygarden_plaza_show	Scene_Main	107	612.5599	193.44	1205.6899	0.6633	0.6633	-0.2448	-0.2448	9.8986	11.284	2.4596	1.0	1.0	1.0
skygarden_plaza_show	Scene_Main	108	603.32	193.44	1207.65	0.6784	0.6784	-0.1993	-0.1993	9.8986	9.9034	2.4596	1.0	1.0	1.0
skygarden_plaza_show	Scene_Main	109	607.885	193.44	1205.3769	0.7039	0.7039	0.0665	0.0665	9.8986	2.6162	2.4596	1.0	1.0	1.0
skygarden_plaza_show	Scene_Main	110	599.4149	193.44	1210.8339	0.5499	0.5499	-0.4445	-0.4445	9.8986	2.6367	2.4596	1.0	1.0	1.0
skygarden_plaza_show	Scene_Main	111	612.2899	193.44	1199.3759	0.6498	0.6498	-0.2786	-0.2786	9.8986	2.12	8.9773	1.0	1.0	1.0
skygarden_plaza_show	Scene_Main	112	614.46	193.44	1199.0699	0.636	0.636	-0.3089	-0.3089	9.8986	2.12	8.9773	1.0	1.0	1.0
skygarden_plaza_show	Scene_Main	113	622.33	191.94	1183.38	0.5796	0.5796	-0.405	-0.405	10.472	5.1404	8.0062	1.0	1.0	1.0
skygarden_plaza_show	Scene_Main	114	542.294	192.8	1123.7829	0.6512	0.6512	0.2754	0.2754	12.2587	11.6745	2.073	1.0	1.0	1.0
skygarden_plaza_show	Scene_Main	115	542.88	192.8	1119.14	0.2076	0.2076	0.6759	0.6759	12.2587	11.6745	2.073	1.0	1.0	1.0
skygarden_plaza_show	Scene_Main	116	558.03	192.8	1111.18	0.1026	0.1026	0.6996	0.6996	12.2587	11.6745	2.073	1.0	1.0	1.0
skygarden_plaza_show	Scene_Main	117	552.6199	193.44	1117.78	0.1593	0.1593	0.6889	0.6889	9.8986	9.9034	2.4596	1.0	1.0	1.0
skygarden_plaza_show	Scene_Main	118	547.773	193.44	1119.4899	-0.1075	-0.1075	0.6988	0.6988	9.8986	2.7185	2.4596	1.0	1.0	1.0
skygarden_plaza_show	Scene_Main	119	556.9299	193.44	1114.8929	0.4116	0.4116	0.5749	0.5749	9.8986	3.0163	2.4596	1.0	1.0	1.0
skygarden_plaza_show	Scene_Main	120	563.71	192.8	1112.9699	0.54	0.54	0.4564	0.4564	12.2587	11.6745	2.073	1.0	1.0	1.0
skygarden_plaza_show	Scene_Main	121	565.9769	192.8	1112.4969	0.5261	0.5261	0.4723	0.4723	12.2587	5.4033	3.3008	1.0	1.0	1.0
skygarden_plaza_show	Scene_Main	122	582.1799	192.8	1113.3499	0.4507	0.4507	0.5448	0.5448	12.2587	5.4033	3.3008	1.0	1.0	1.0
skygarden_plaza_show	Scene_Main	123	585.0469	192.7859	1113.078	0.4365	0.4365	0.5562	0.5562	12.2296	15.31	3.3008	1.0	1.0	1.0
skygarden_plaza_show	Scene_Main	124	587.15	189.2299	1112.6199	0.4437	0.4437	0.5505	0.5505	1.9719	13.1546	7.3282	1.0	1.0	1.0
skygarden_plaza_show	Scene_Main	125	584.9031	189.2299	1119.958	0.2441	0.2441	0.6636	0.6636	1.9719	6.0854	4.2095	1.0	1.0	1.0
skygarden_plaza_show	Scene_Main	126	582.549	189.302	1122.02	0.2441	0.2441	0.6636	0.6636	1.9719	0.9483	4.7544	1.0	1.0	1.0
skygarden_plaza_show	Scene_Main	127	578.661	189.302	1125.369	0.2358	0.2358	0.6666	0.6666	1.9719	0.9483	4.6839	1.0	1.0	1.0
skygarden_plaza_show	Scene_Main	128	577.8629	189.302	1125.5419	0.1778	0.1778	0.6843	0.6843	1.9719	1.4777	3.8067	1.0	1.0	1.0
skygarden_plaza_show	Scene_Main	129	576.5939	189.3	1126.353	-0.0363	-0.0363	0.7061	0.7061	1.9719	3.3198	2.0262	1.0	1.0	1.0
skygarden_plaza_show	Scene_Main	130	571.26	189.3	1126.2089	-0.0039	-0.0039	0.707	0.707	1.9719	8.605	2.0262	1.0	1.0	1.0
skygarden_plaza_show	Scene_Main	131	567.674	189.3	1126.4339	0.031	0.031	0.7064	0.7064	1.9719	5.2965	2.0262	1.0	1.0	1.0
skygarden_plaza_show	Scene_Main	132	564.5809	189.3	1125.812	0.1625	0.1625	0.6881	0.6881	1.9719	0.6956	3.8209	1.0	1.0	1.0
skygarden_plaza_show	Scene_Main	133	567.9429	189.3	1124.883	0.0209	0.0209	0.7067	0.7067	1.9719	7.6948	2.3328	1.0	1.0	1.0
skygarden_plaza_show	Scene_Main	134	574.288	189.3	1124.786	-0.0144	-0.0144	0.7069	0.7069	1.9719	5.7555	2.3328	1.0	1.0	1.0
skygarden_plaza_show	Scene_Main	135	564.2999	189.3	1126.2299	0.1631	0.1631	0.688	0.688	1.9719	0.9483	4.6839	1.0	1.0	1.0
skygarden_plaza_show	Scene_Main	136	552.7399	189.3	1132.04	0.1631	0.1631	0.688	0.688	1.9719	0.9483	4.6839	1.0	1.0	1.0
skygarden_plaza_show	Scene_Main	137	551.78	189.2409	1132.233	0.1631	0.1631	0.688	0.688	1.9719	0.9483	3.8578	1.0	1.0	1.0
skygarden_plaza_show	Scene_Main	138	549.6979	189.2409	1135.7509	0.2836	0.2836	0.6477	0.6477	1.9719	6.9471	2.0122	1.0	1.0	1.0
skygarden_plaza_show	Scene_Main	139	547.3397	189.2409	1138.769	0.3123	0.3123	0.6343	0.6343	1.9719	6.9471	2.0122	1.0	1.0	1.0
skygarden_plaza_show	Scene_Main	140	545.3029	189.2409	1141.629	0.3326	0.3326	0.6239	0.6239	1.9719	3.9718	2.0122	1.0	1.0	1.0
skygarden_plaza_show	Scene_Main	141	543.9199	189.2409	1143.3599	0.1623	0.1623	0.6882	0.6882	1.9719	1.6535	2.0122	1.0	1.0	1.0
skygarden_plaza_show	Scene_Main	142	544.8179	189.2409	1139.942	0.3326	0.3326	0.6239	0.6239	1.9719	4.6897	2.9059	1.0	1.0	1.0
skygarden_plaza_show	Scene_Main	143	543.6008	189.2409	1141.925	0.1512	0.1512	0.6907	0.6907	1.9719	1.6477	2.6185	1.0	1.0	1.0
skygarden_plaza_show	Scene_Main	144	547.4517	189.2409	1136.4289	0.3008	0.3008	0.6399	0.6399	1.9719	4.6897	2.9059	1.0	1.0	1.0
skygarden_plaza_show	Scene_Main	145	550.4567	189.2409	1133.1639	0.2674	0.2674	0.6545	0.6545	1.9719	4.6897	2.9059	1.0	1.0	1.0
skygarden_plaza_show	Scene_Main	146	542.95	189.3	1142.8399	0.0854	0.0854	0.7019	0.7019	1.9719	0.9483	4.6839	1.0	1.0	1.0
skygarden_plaza_show	Scene_Main	147	591.265	191.94	1112.6679	0.5502	0.5502	-0.4441	-0.4441	10.472	10.989	2.1328	1.0	1.0	1.0
skygarden_plaza_show	Scene_Main	148	585.6049	191.94	1095.55	0.3568	0.3568	-0.6104	-0.6104	10.472	28.6576	2.1328	1.0	1.0	1.0
skygarden_plaza_show	Scene_Main	149	586.2239	189.3	1149.7609	0.1811	0.1811	0.6834	0.6834	1.9719	13.5896	4.3078	1.0	1.0	1.0
skygarden_plaza_show	Scene_Main	150	592.135	189.3	1145.8819	-0.0198	-0.0198	0.7068	0.7068	1.9719	2.3625	2.546	1.0	1.0	1.0
skygarden_plaza_show	Scene_Main	151	592.674	189.3	1146.6729	-0.1662	-0.1662	0.6872	0.6872	1.9719	2.3625	2.3037	1.0	1.0	1.0
skygarden_plaza_show	Scene_Main	152	592.8229	189.3	1146.0209	-0.3532	-0.3532	0.6125	0.6125	1.9719	1.7205	2.3037	1.0	1.0	1.0
skygarden_plaza_show	Scene_Main	153	593.341	189.3	1162.25	0.1811	0.1811	0.6834	0.6834	1.9719	13.5896	4.3078	1.0	1.0	1.0
skygarden_plaza_show	Scene_Main	154	599.252	189.3	1158.3709	-0.0198	-0.0198	0.7068	0.7068	1.9719	2.3625	2.546	1.0	1.0	1.0
skygarden_plaza_show	Scene_Main	155	599.791	189.3	1159.1619	-0.1662	-0.1662	0.6872	0.6872	1.9719	2.3625	2.3037	1.0	1.0	1.0
skygarden_plaza_show	Scene_Main	156	599.94	189.3	1158.51	-0.3532	-0.3532	0.6125	0.6125	1.9719	1.7205	2.3037	1.0	1.0	1.0
skygarden_plaza_show	Scene_Main	157	589.5319	187.2469	1162.9849	0.1811	0.1811	0.6834	0.6834	6.0773	7.5223	4.3078	1.0	1.0	1.0
skygarden_plaza_show	Scene_Main	158	583.6099	187.2469	1152.5999	0.1811	0.1811	0.6834	0.6834	6.0773	7.5223	4.3078	1.0	1.0	1.0
skygarden_plaza_show	Scene_Main	159	578.4299	189.3	1150.55	-0.1741	-0.1741	0.6853	0.6853	1.9719	4.552	2.9571	1.0	1.0	1.0
skygarden_plaza_show	Scene_Main	160	574.4918	189.3	1148.697	-0.1348	-0.1348	0.6941	0.6941	1.9719	4.552	2.9571	1.0	1.0	1.0
skygarden_plaza_show	Scene_Main	161	570.7319	189.3	1147.7459	-0.0349	-0.0349	0.7062	0.7062	1.9719	4.1924	2.9571	1.0	1.0	1.0
skygarden_plaza_show	Scene_Main	162	568.6339	189.3	1147.831	-0.3505	-0.3505	0.614	0.614	1.9719	2.8748	2.0645	1.0	1.0	1.0
skygarden_plaza_show	Scene_Main	163	568.09	189.3	1148.1889	-0.4899	-0.4899	0.5098	0.5098	1.9719	2.2264	2.0645	1.0	1.0	1.0
skygarden_plaza_show	Scene_Main	164	588.7503	189.3	1168.4219	-0.0061	-0.0061	0.707	0.707	1.9719	2.5744	4.3078	1.0	1.0	1.0
skygarden_plaza_show	Scene_Main	165	588.239	189.3	1172.4439	-0.0642	-0.0642	0.7041	0.7041	1.9719	2.798	4.3078	1.0	1.0	1.0
skygarden_plaza_show	Scene_Main	166	587.0446	189.3	1176.3859	-0.1354	-0.1354	0.694	0.694	1.9719	2.802	4.8537	1.0	1.0	1.0
skygarden_plaza_show	Scene_Main	167	585.929	189.3	1178.4909	-0.3744	-0.3744	0.5998	0.5998	1.9719	2.5543	2.0951	1.0	1.0	1.0
skygarden_plaza_show	Scene_Main	168	585.2839	189.3	1178.604	-0.2205	-0.2205	0.6718	0.6718	1.9719	2.1989	2.0951	1.0	1.0	1.0
skygarden_plaza_show	Scene_Main	169	586.7449	187.2469	1167.785	0.0391	0.0391	0.706	0.706	6.0773	1.1881	9.1022	1.0	1.0	1.0
skygarden_plaza_show	Scene_Main	170	586.1021	187.2469	1172.895	-0.0368	-0.0368	0.7061	0.7061	6.0773	1.1881	9.1022	1.0	1.0	1.0
skygarden_plaza_show	Scene_Main	171	584.2429	187.2469	1178.035	-0.1835	-0.1835	0.6828	0.6828	6.0773	1.1881	6.16	1.0	1.0	1.0
skygarden_plaza_show	Scene_Main	172	580.9417	189.1434	1182.0679	-0.2829	-0.2829	0.648	0.648	2.6284	1.1881	5.4983	1.0	1.0	1.0
skygarden_plaza_show	Scene_Main	173	576.7401	189.3827	1185.1159	-0.3532	-0.3532	0.6125	0.6125	2.4121	1.1881	5.4983	1.0	1.0	1.0
skygarden_plaza_show	Scene_Main	174	571.8745	189.3827	1186.972	-0.4456	-0.4456	0.549	0.549	2.4121	1.1881	5.4983	1.0	1.0	1.0
skygarden_plaza_show	Scene_Main	175	566.6115	189.3827	1187.4429	-0.507	-0.507	0.4928	0.4928	2.4121	1.1881	5.4983	1.0	1.0	1.0
skygarden_plaza_show	Scene_Main	176	561.4276	187.8	1186.5689	-0.5702	-0.5702	0.418	0.418	5.5773	1.1881	5.4983	1.0	1.0	1.0
skygarden_plaza_show	Scene_Main	177	579.5529	187.2469	1153.359	0.3173	0.3173	0.6319	0.6319	6.0773	1.6418	4.3078	1.0	1.0	1.0
skygarden_plaza_show	Scene_Main	178	575.7791	187.2469	1151.055	0.3732	0.3732	0.6005	0.6005	6.0773	1.6418	4.3078	1.0	1.0	1.0
skygarden_plaza_show	Scene_Main	179	571.6107	187.2469	1149.54	0.4366	0.4366	0.5562	0.5562	6.0773	1.6418	4.3078	1.0	1.0	1.0
skygarden_plaza_show	Scene_Main	180	567.5399	184.944	1149.03	0.4943	0.4943	0.5055	0.5055	10.684	1.6418	4.3078	1.0	1.0	1.0
skygarden_plaza_show	Scene_Main	181	563.614	184.944	1149.609	0.5478	0.5478	0.447	0.447	10.684	1.6418	5.1494	1.0	1.0	1.0
skygarden_plaza_show	Scene_Main	182	558.9669	184.944	1151.1779	0.6002	0.6002	0.3737	0.3737	10.684	1.6418	5.7353	1.0	1.0	1.0
skygarden_plaza_show	Scene_Main	183	554.3837	184.2689	1154.431	0.6501	0.6501	0.278	0.278	9.3339	1.6418	5.6853	1.0	1.0	1.0
skygarden_plaza_show	Scene_Main	184	550.5164	184.2689	1159.187	0.6812	0.6812	0.1895	0.1895	9.3339	1.6418	6.4233	1.0	1.0	1.0
skygarden_plaza_show	Scene_Main	185	548.2141	184.2689	1165.118	0.7038	0.7038	0.0674	0.0674	9.3339	1.6418	6.0437	1.0	1.0	1.0
skygarden_plaza_show	Scene_Main	186	548.1373	184.2689	1170.685	0.7034	0.7034	-0.0716	-0.0716	9.3339	1.6418	4.7794	1.0	1.0	1.0
skygarden_plaza_show	Scene_Main	187	542.21	184.2689	1176.8879	0.6851	0.6851	-0.1748	-0.1748	9.3339	17.5281	1.0171	1.0	1.0	1.0
skygarden_plaza_show	Scene_Main	188	547.14	184.2689	1185.9	0.6834	0.6834	-0.1813	-0.1813	9.3339	17.5281	1.0171	1.0	1.0	1.0
skygarden_plaza_show	Scene_Main	189	555.765	184.2689	1183.5959	0.668	0.668	0.2318	0.2318	9.3339	3.9472	1.0171	1.0	1.0	1.0
skygarden_plaza_show	Scene_Main	190	558.9075	184.2689	1185.4799	0.6881	0.6881	0.1625	0.1625	9.3339	3.9472	1.0171	1.0	1.0	1.0
skygarden_plaza_show	Scene_Main	191	562.796	184.2689	1186.884	0.6986	0.6986	0.1089	0.1089	9.3339	6.1341	1.0171	1.0	1.0	1.0
skygarden_plaza_show	Scene_Main	192	567.1199	184.2689	1187.51	0.7064	0.7064	0.0313	0.0313	9.3339	6.1341	1.0171	1.0	1.0	1.0
skygarden_plaza_show	Scene_Main	193	570.82	184.2689	1187.0999	0.7047	0.7047	-0.0573	-0.0573	9.3339	6.1341	1.0171	1.0	1.0	1.0
skygarden_plaza_show	Scene_Main	194	575.0599	184.2689	1185.8399	0.6948	0.6948	-0.1311	-0.1311	9.3339	6.1341	1.0171	1.0	1.0	1.0
skygarden_plaza_show	Scene_Main	195	547.054	189.46	1185.6929	0.6834	0.6834	-0.1813	-0.1813	1.673	15.3393	0.3146	1.0	1.0	1.0
skygarden_plaza_show	Scene_Main	196	542.19	189.46	1177.17	0.6834	0.6834	-0.1813	-0.1813	1.673	15.3393	0.3146	1.0	1.0	1.0
skygarden_plaza_show	Scene_Main	197	535.2299	189.46	1181.76	0.578	0.578	-0.4072	-0.4072	1.673	1.866	0.3146	1.0	1.0	1.0
skygarden_plaza_show	Scene_Main	198	539.593	189.3699	1189.3409	0.7052	0.7052	0.0509	0.0509	1.673	1.866	0.3146	1.0	1.0	1.0
skygarden_plaza_show	Scene_Main	199	549.2493	189.46	1174.6979	0.4134	0.4134	-0.5736	-0.5736	1.673	3.0317	0.3146	1.0	1.0	1.0
skygarden_plaza_show	Scene_Main	200	550.4581	189.46	1177.468	0.3608	0.3608	-0.608	-0.608	1.673	3.0317	0.3146	1.0	1.0	1.0
skygarden_plaza_show	Scene_Main	201	552.0684	189.46	1180.0269	0.3226	0.3226	-0.6291	-0.6291	1.673	3.0317	0.3146	1.0	1.0	1.0
skygarden_plaza_show	Scene_Main	202	552.7399	189.46	1180.9599	0.2946	0.2946	-0.6428	-0.6427	1.673	3.0317	0.3146	1.0	1.0	1.0
skygarden_plaza_show	Scene_Main	203	548.9921	189.7389	1165.525	0.5346	0.5346	-0.4628	-0.4628	1.673	3.0317	0.3146	1.0	1.0	1.0
skygarden_plaza_show	Scene_Main	204	549.7144	189.7389	1162.593	0.5769	0.5769	-0.4088	-0.4088	1.673	3.0317	0.3146	1.0	1.0	1.0
skygarden_plaza_show	Scene_Main	205	550.9127	189.7389	1159.8649	0.6065	0.6065	-0.3635	-0.3635	1.673	3.0317	0.3146	1.0	1.0	1.0
skygarden_plaza_show	Scene_Main	206	552.514	189.7389	1157.3129	0.6302	0.6302	-0.3206	-0.3206	1.673	3.0317	0.3146	1.0	1.0	1.0
skygarden_plaza_show	Scene_Main	207	554.4262	189.7389	1155.05	0.651	0.651	-0.2758	-0.2758	1.673	3.0317	0.3146	1.0	1.0	1.0
skygarden_plaza_show	Scene_Main	208	556.7277	189.7389	1153.0989	0.6752	0.6752	-0.2099	-0.2099	1.673	3.0317	0.3146	1.0	1.0	1.0
skygarden_plaza_show	Scene_Main	209	560.455	190.7615	1156.3869	0.3523	0.3524	-0.613	-0.613	2.7639	11.3673	0.3146	1.0	1.0	1.0
skygarden_plaza_show	Scene_Main	210	610.1599	191.401	1144.43	-0.3532	-0.3532	0.6125	0.6125	6.1747	15.8534	1.586	1.0	1.0	1.0
skygarden_plaza_show	Scene_Main	211	612.525	191.401	1155.712	-0.3552	-0.3552	0.6113	0.6113	6.1747	3.9007	1.586	1.0	1.0	1.0
skygarden_plaza_show	Scene_Main	212	612.0061	191.3999	1153.4169	-0.5704	-0.5704	0.4178	0.4178	6.1747	2.5371	1.586	1.0	1.0	1.0
skygarden_plaza_show	Scene_Main	213	601.59	191.401	1136.53	-0.3552	-0.3552	0.6113	0.6113	6.1747	3.9007	1.586	1.0	1.0	1.0
skygarden_plaza_show	Scene_Main	214	603.4	191.3999	1138.2199	-0.0943	-0.0943	0.7007	0.7007	6.1747	2.7787	1.586	1.0	1.0	1.0
skygarden_plaza_show	Scene_Main	215	616.5079	191.3999	1158.082	-0.1027	-0.1027	0.6996	0.6996	6.1747	7.2563	1.586	1.0	1.0	1.0
skygarden_plaza_show	Scene_Main	216	622.5031	191.3999	1157.4219	0.176	0.176	0.6848	0.6848	6.1747	7.2563	1.586	1.0	1.0	1.0
skygarden_plaza_show	Scene_Main	217	626.6799	190.8329	1155.9899	0.0325	0.0325	0.7063	0.7063	7.3094	3.4643	1.586	1.0	1.0	1.0
skygarden_plaza_show	Scene_Main	218	631.08	189.578	1154.06	0.1864	0.1864	0.682	0.682	4.8	7.0372	1.586	1.0	1.0	1.0
skygarden_plaza_show	Scene_Main	219	635.14	189.58	1145.6199	0.4461	0.4461	0.5486	0.5486	4.8	14.7455	1.586	1.0	1.0	1.0
skygarden_plaza_show	Scene_Main	220	636.429	187.973	1143.1679	0.4468	0.4468	0.548	0.548	1.5856	7.891	1.8954	1.0	1.0	1.0
skygarden_plaza_show	Scene_Main	221	634.58	187.973	1146.8199	0.6098	0.6098	0.3579	0.3579	1.5856	2.6832	3.0623	1.0	1.0	1.0
skygarden_plaza_show	Scene_Main	222	632.189	187.973	1132.056	0.1853	0.1853	0.6823	0.6823	1.5856	2.3322	18.8318	1.0	1.0	1.0
skygarden_plaza_show	Scene_Main	223	624.1199	187.973	1124.13	-0.1179	-0.1179	0.6972	0.6972	1.5856	8.3986	5.1447	1.0	1.0	1.0
skygarden_plaza_show	Scene_Main	224	619.418	187.973	1122.8409	-0.3687	-0.3687	0.6033	0.6033	1.5856	3.1192	5.1447	1.0	1.0	1.0
skygarden_plaza_show	Scene_Main	225	631.9879	189.58	1131.6199	0.186	0.186	0.6821	0.6821	4.8	1.951	17.1232	1.0	1.0	1.0
skygarden_plaza_show	Scene_Main	226	621.52	189.58	1122.8	-0.1218	-0.1218	0.6965	0.6965	4.8	13.6904	2.4731	1.0	1.0	1.0
skygarden_plaza_show	Scene_Main	227	613.1099	189.58	1122.03	0.1815	0.1815	0.6833	0.6833	4.8	7.6372	2.4731	1.0	1.0	1.0
skygarden_plaza_show	Scene_Main	228	607.7869	190.251	1126.487	0.3067	0.3067	0.637	0.637	6.1422	7.6372	2.4731	1.0	1.0	1.0
skygarden_plaza_show	Scene_Main	229	605.0349	190.744	1128.0489	0.1818	0.1818	0.6833	0.6833	7.128	5.4601	2.4731	1.0	1.0	1.0
skygarden_plaza_show	Scene_Main	230	602.244	190.744	1132.1579	0.4261	0.4261	0.5642	0.5642	7.128	7.2355	2.4731	1.0	1.0	1.0
skygarden_plaza_show	Scene_Main	231	634.6229	191.94	1092.02	0.0597	0.0597	-0.7045	-0.7045	10.472	11.4697	2.1328	1.0	1.0	1.0
skygarden_plaza_show	Scene_Main	232	640.161	191.94	1093.732	0.3518	0.3518	-0.6133	-0.6133	10.472	5.1736	2.1328	1.0	1.0	1.0
skygarden_plaza_show	Scene_Main	233	641.218	191.94	1097.487	0.5536	0.5536	-0.4398	-0.4398	10.472	4.8381	2.1328	1.0	1.0	1.0
skygarden_plaza_show	Scene_Main	234	642.385	191.94	1102.3139	0.3564	0.3564	-0.6106	-0.6106	10.472	7.5813	2.1328	1.0	1.0	1.0
skygarden_plaza_show	Scene_Main	235	647.39	191.94	1106.1199	0.0897	0.0897	-0.7013	-0.7013	10.472	7.8719	2.1328	1.0	1.0	1.0
skygarden_plaza_show	Scene_Main	236	649.25	191.94	1108.63	0.3564	0.3564	-0.6106	-0.6106	10.472	7.5813	2.1328	1.0	1.0	1.0
skygarden_plaza_show	Scene_Main	237	654.2189	191.94	1119.9139	0.3564	0.3564	-0.6106	-0.6106	10.472	19.7402	1.7674	1.0	1.0	1.0
skygarden_plaza_show	Scene_Main	238	661.02	191.94	1129.4699	0.3564	0.3564	-0.6106	-0.6106	10.472	7.5813	2.1328	1.0	1.0	1.0
skygarden_plaza_show	Scene_Main	239	662.9199	191.94	1138.6199	0.3564	0.3564	-0.6106	-0.6106	10.472	7.5813	2.1328	1.0	1.0	1.0
skygarden_plaza_show	Scene_Main	240	662.012	191.94	1132.3929	0.5524	0.5524	-0.4414	-0.4414	10.472	7.5813	2.1328	1.0	1.0	1.0
skygarden_plaza_show	Scene_Main	241	666.52	191.94	1142.28	0.5724	0.5724	-0.4151	-0.4151	10.472	2.0997	4.9856	1.0	1.0	1.0
skygarden_plaza_show	Scene_Main	242	669.1829	191.94	1145.2089	0.6839	0.6839	-0.1794	-0.1794	10.472	2.0997	4.9856	1.0	1.0	1.0
skygarden_plaza_show	Scene_Main	243	667.129	191.94	1152.2159	0.6944	0.6944	0.1331	0.1331	10.4721	2.0997	12.4283	1.0	1.0	1.0
skygarden_plaza_show	Scene_Main	244	669.4959	193.5749	1167.7979	0.6147	0.6147	0.3493	0.3493	13.7418	23.2829	2.2143	1.0	1.0	1.0
skygarden_plaza_show	Scene_Main	245	673.34	196.0169	1179.01	0.3406	0.3406	0.6196	0.6196	8.858	5.4172	2.2143	1.0	1.0	1.0
skygarden_plaza_show	Scene_Main	246	670.7789	196.0169	1183.936	0.3406	0.3406	0.6196	0.6196	8.858	5.9062	2.2143	1.0	1.0	1.0
skygarden_plaza_show	Scene_Main	247	670.3526	196.4546	1184.608	0.3684	0.3103	0.6702	0.5645	8.858	5.9062	2.2143	1.0	1.0	1.0
skygarden_plaza_show	Scene_Main	248	678.346	196.751	1180.842	-0.0452	-0.0452	0.7056	0.7056	8.858	10.9868	6.2851	1.0	1.0	1.0
skygarden_plaza_show	Scene_Main	249	685.7609	196.3426	1179.592	0.2439	0.2439	0.6636	0.6636	8.0418	6.7069	1.5902	1.0	1.0	1.0
skygarden_plaza_show	Scene_Main	250	688.9749	196.3426	1181.015	0.5512	0.5512	0.4428	0.4428	8.0418	5.8361	0.6279	1.0	1.0	1.0
skygarden_plaza_show	Scene_Main	251	691.9174	196.3426	1181.655	0.246	0.246	0.6629	0.6629	8.0418	5.8361	0.6279	1.0	1.0	1.0
skygarden_plaza_show	Scene_Main	252	699.965	196.3426	1187.4399	-0.2282	-0.2282	0.6692	0.6692	8.0418	22.4955	0.6279	1.0	1.0	1.0
skygarden_plaza_show	Scene_Main	253	707.57	196.3426	1195.05	0.4352	0.4352	0.5572	0.5572	8.0418	9.6191	0.6279	1.0	1.0	1.0
skygarden_plaza_show	Scene_Main	254	707.2999	196.343	1200.978	0.6181	0.6181	0.3432	0.3432	8.0418	3.0021	0.6279	1.0	1.0	1.0
skygarden_plaza_show	Scene_Main	255	706.0009	196.3399	1207.5939	0.4318	0.4318	0.5599	0.5599	8.0418	13.8557	0.6279	1.0	1.0	1.0
skygarden_plaza_show	Scene_Main	256	695.294	196.3399	1218.8489	0.1513	0.1513	0.6907	0.6907	8.0418	19.3421	0.6279	1.0	1.0	1.0
skygarden_plaza_show	Scene_Main	257	688.4199	196.32	1221.3599	0.1513	0.1513	0.6907	0.6907	8.0418	6.6272	0.6279	1.0	1.0	1.0
skygarden_plaza_show	Scene_Main	258	685.6229	196.32	1221.7159	0.1578	0.1578	0.6892	0.6892	8.0418	8.1866	1.3196	1.0	1.0	1.0
skygarden_plaza_show	Scene_Main	259	677.2791	196.32	1217.8649	0.0	-0.4004	0.0	0.9163	16.2587	8.1866	1.3196	1.0	1.0	1.0
skygarden_plaza_show	Scene_Main	260	670.3699	196.32	1205.7399	0.0	-0.6684	0.0	0.7437	13.4317	8.1866	0.7784	1.0	1.0	1.0
skygarden_plaza_show	Scene_Main	261	681.2678	196.32	1199.123	0.0	-0.4264	0.0	0.9044	17.0418	8.1866	1.3196	1.0	1.0	1.0
skygarden_plaza_show	Scene_Main	262	676.575	196.32	1191.7989	0.0	-0.2163	0.0	0.9763	1.2544	8.1866	3.166	1.0	1.0	1.0
skygarden_plaza_show	Scene_Main	263	685.5704	196.32	1195.6899	0.0	0.5058	0.0	0.8626	1.2544	8.1866	18.4826	1.0	1.0	1.0
skygarden_plaza_show	Scene_Main	264	694.8632	196.32	1203.052	0.0	0.8307	0.0	0.5566	7.0268	8.1866	0.8797	1.0	1.0	1.0
skygarden_plaza_show	Scene_Main	265	695.1964	196.32	1207.086	0.0	0.9451	0.0	0.3265	3.5821	8.1866	4.2862	1.0	1.0	1.0
skygarden_plaza_show	Scene_Main	266	692.0233	196.32	1207.9329	0.0	0.9712	0.0	-0.2381	1.2939	8.1866	0.5136	1.0	1.0	1.0
skygarden_plaza_show	Scene_Main	267	688.9401	196.32	1206.999	0.0	0.9789	0.0	0.2043	5.9684	8.1866	0.5136	1.0	1.0	1.0
skygarden_plaza_show	Scene_Main	268	702.1939	196.32	1212.0179	0.0	0.9686	0.0	0.2486	5.3412	8.1866	1.1508	1.0	1.0	1.0
skygarden_plaza_show	Scene_Main	269	701.3377	196.32	1213.3239	0.0	0.8571	0.0	0.5151	5.3412	8.1866	1.1508	1.0	1.0	1.0
skygarden_plaza_show	Scene_Main	270	627.94	191.94	1089.3499	0.3323	0.3323	-0.6241	-0.6241	10.472	5.9761	2.1328	1.0	1.0	1.0
skygarden_plaza_show	Scene_Main	271	621.981	191.94	1088.2989	-0.1664	-0.1664	-0.6872	-0.6872	10.472	6.7606	2.1328	1.0	1.0	1.0
skygarden_plaza_show	Scene_Main	272	617.101	191.94	1088.983	0.0792	0.0792	-0.7026	-0.7026	10.472	5.827	2.1328	1.0	1.0	1.0
skygarden_plaza_show	Scene_Main	273	613.786	191.94	1086.77	0.3455	0.3455	-0.6169	-0.6169	10.472	4.8831	2.1328	1.0	1.0	1.0
skygarden_plaza_show	Scene_Main	274	612.33	191.94	1085.7149	0.3455	0.3455	-0.6169	-0.6169	10.472	3.2762	2.1328	1.0	1.0	1.0
skygarden_plaza_show	Scene_Main	275	608.713	191.94	1074.661	0.3455	0.3455	-0.6169	-0.6169	10.472	19.6467	2.1328	1.0	1.0	1.0
skygarden_plaza_show	Scene_Main	276	601.5599	191.94	1066.9	0.3455	0.3455	-0.6169	-0.6169	10.472	3.1328	3.3288	1.0	1.0	1.0
skygarden_plaza_show	Scene_Main	277	604.28	191.94	1072.41	0.3455	0.3455	-0.6169	-0.6169	10.472	1.6275	3.3288	1.0	1.0	1.0
skygarden_plaza_show	Scene_Main	278	609.2999	191.94	1080.5999	0.3455	0.3455	-0.6169	-0.6169	10.472	1.6275	3.3288	1.0	1.0	1.0
skygarden_plaza_show	Scene_Main	279	607.609	189.8679	1076.2249	0.3455	0.3455	-0.6169	-0.6169	6.3287	8.7733	3.3288	1.0	1.0	1.0
skygarden_plaza_show	Scene_Main	280	608.838	187.7859	1087.129	0.3455	0.3455	-0.6169	-0.6169	2.1646	1.3941	6.875	1.0	1.0	1.0
skygarden_plaza_show	Scene_Main	281	605.2877	187.783	1088.613	0.5411	0.5411	-0.4551	-0.4551	2.1646	1.3941	2.3079	1.0	1.0	1.0
skygarden_plaza_show	Scene_Main	282	597.7399	187.7799	1087.3	0.5411	0.5411	-0.4551	-0.4551	2.1587	1.3941	2.3079	1.0	1.0	1.0
skygarden_plaza_show	Scene_Main	283	592.8229	187.7799	1079.915	0.6837	0.6837	-0.1801	-0.1801	2.1587	1.3941	17.2978	1.0	1.0	1.0
skygarden_plaza_show	Scene_Main	284	594.1119	191.94	1069.838	0.3455	0.3455	-0.6169	-0.6169	10.4721	3.1328	15.3795	1.0	1.0	1.0
skygarden_plaza_show	Scene_Main	285	587.9199	191.94	1085.04	0.355	0.355	-0.6114	-0.6114	10.4721	3.1328	12.5478	1.0	1.0	1.0
skygarden_plaza_show	Scene_Main	286	591.603	191.0559	1077.7609	0.6837	0.6837	-0.1801	-0.1801	6.6102	1.3941	12.347	1.0	1.0	1.0
skygarden_plaza_show	Scene_Main	287	573.676	188.156	1161.2209	0.3094	0.3094	0.6357	0.6357	7.8903	2.7888	4.3078	1.0	1.0	1.0
skygarden_plaza_show	Scene_Main	288	575.939	188.156	1163.9809	0.1782	0.1782	0.6842	0.6842	7.8903	2.8946	4.3078	1.0	1.0	1.0
skygarden_plaza_show	Scene_Main	289	576.9559	188.156	1167.358	0.0325	0.0325	0.7063	0.7063	7.8903	2.9075	4.3078	1.0	1.0	1.0
skygarden_plaza_show	Scene_Main	290	576.6539	188.156	1171.04	-0.1079	-0.1079	0.6988	0.6988	7.8903	2.7382	4.3078	1.0	1.0	1.0
skygarden_plaza_show	Scene_Main	291	574.94	188.156	1174.473	-0.2201	-0.2201	0.6719	0.6719	7.8903	2.6992	4.3078	1.0	1.0	1.0
skygarden_plaza_show	Scene_Main	292	573.0709	188.156	1176.348	-0.3536	-0.3536	0.6123	0.6123	7.8903	2.8127	2.2673	1.0	1.0	1.0
skygarden_plaza_show	Scene_Main	293	564.9609	186.9131	1177.738	-0.5514	-0.5514	0.4426	0.4426	10.4598	2.7198	2.2673	1.0	1.0	1.0
skygarden_plaza_show	Scene_Main	294	563.15	186.9131	1177.015	-0.616	-0.616	0.3471	0.3471	10.4598	2.7198	3.0455	1.0	1.0	1.0
skygarden_plaza_show	Scene_Main	295	561.0623	186.966	1175.3959	-0.6505	-0.6505	0.2771	0.2771	10.3541	2.7198	3.0455	1.0	1.0	1.0
skygarden_plaza_show	Scene_Main	296	559.5217	186.966	1173.338	-0.6869	-0.6869	0.1676	0.1676	10.3541	2.7198	3.0455	1.0	1.0	1.0
skygarden_plaza_show	Scene_Main	297	558.45	186.966	1170.81	-0.6998	-0.6998	0.1013	0.1013	10.3541	2.7198	3.0455	1.0	1.0	1.0
skygarden_plaza_show	Scene_Main	298	558.1704	186.966	1168.4219	-0.7069	-0.7069	-0.0123	-0.0123	10.3541	2.7198	3.0455	1.0	1.0	1.0
skygarden_plaza_show	Scene_Main	299	558.33	186.966	1166.3499	-0.7004	-0.7004	-0.0964	-0.0964	10.3541	2.7198	3.0455	1.0	1.0	1.0
skygarden_plaza_show	Scene_Main	300	570.3729	188.156	1159.4499	0.4176	0.4176	0.5706	0.5706	7.8903	2.7464	4.3078	1.0	1.0	1.0
skygarden_plaza_show	Scene_Main	301	566.728	186.483	1158.979	0.514	0.514	0.4855	0.4855	11.2365	2.7005	4.3078	1.0	1.0	1.0
skygarden_plaza_show	Scene_Main	302	563.9539	186.483	1159.6579	0.6121	0.6121	0.3539	0.3539	11.2365	2.7114	2.9463	1.0	1.0	1.0
skygarden_plaza_show	Scene_Main	303	561.4014	184.72	1160.718	0.6332	0.6332	0.3147	0.3147	6.8824	1.6418	2.9463	1.0	1.0	1.0
skygarden_plaza_show	Scene_Main	304	559.5462	184.72	1162.598	0.6712	0.6712	0.2222	0.2222	6.8824	1.6418	2.9463	1.0	1.0	1.0
skygarden_plaza_show	Scene_Main	305	558.1541	184.72	1165.0379	0.6911	0.6911	0.1495	0.1495	6.8824	1.6418	2.9463	1.0	1.0	1.0
skygarden_plaza_show	Scene_Main	306	560.0449	193.3399	1172.703	-0.6812	-0.6812	0.1894	0.1894	10.3541	3.1979	1.6857	1.0	1.0	1.0
skygarden_plaza_show	Scene_Main	307	574.94	193.3399	1172.8199	-0.686	-0.686	-0.1714	-0.1714	10.3541	3.1979	1.6857	1.0	1.0	1.0
skygarden_plaza_show	Scene_Main	308	567.6199	193.3399	1159.89	-0.4995	-0.4995	-0.5004	-0.5004	10.3541	3.1979	1.6857	1.0	1.0	1.0
skygarden_plaza_show	Scene_Main	309	565.398	194.1529	1164.66	-0.6079	-0.6079	-0.3611	-0.3611	8.7277	1.0563	3.1	1.0	1.0	1.0
skygarden_plaza_show	Scene_Main	310	563.89	194.548	1170.67	-0.6852	-0.6852	0.1745	0.1745	7.9372	1.0563	3.1	1.0	1.0	1.0
skygarden_plaza_show	Scene_Main	311	564.5435	194.4279	1165.29	-0.6879	-0.6879	0.1633	0.1633	8.1772	1.0563	1.3041	1.0	1.0	1.0
skygarden_plaza_show	Scene_Main	312	564.9168	194.4279	1166.426	-0.705	-0.705	0.0544	0.0544	8.1772	1.0563	1.3041	1.0	1.0	1.0
skygarden_plaza_show	Scene_Main	313	564.8419	194.4279	1167.3029	-0.7026	-0.7026	-0.0789	-0.0789	8.1772	1.0563	1.3041	1.0	1.0	1.0
skygarden_plaza_show	Scene_Main	314	564.3109	194.4279	1168.63	-0.6801	-0.6801	-0.1933	-0.1933	8.1772	1.0563	1.398	1.0	1.0	1.0
skygarden_plaza_show	Scene_Main	315	563.8082	194.4279	1169.2819	-0.6642	-0.6642	-0.2423	-0.2423	8.1772	1.0563	1.3041	1.0	1.0	1.0
skygarden_plaza_show	Scene_Main	316	569.7896	194.548	1172.336	-0.3726	-0.3726	0.6009	0.6009	7.9372	1.0563	3.1	1.0	1.0	1.0
skygarden_plaza_show	Scene_Main	317	564.4384	194.4279	1171.477	-0.3824	-0.3824	0.5947	0.5947	8.1772	1.0563	1.3041	1.0	1.0	1.0
skygarden_plaza_show	Scene_Main	318	565.5878	194.4279	1171.1479	-0.4701	-0.4701	0.5281	0.5281	8.1772	1.0563	1.3041	1.0	1.0	1.0
skygarden_plaza_show	Scene_Main	319	566.4616	194.4279	1171.2559	-0.561	-0.561	0.4303	0.4303	8.1772	1.0563	1.3041	1.0	1.0	1.0
skygarden_plaza_show	Scene_Main	320	567.7672	194.4279	1171.838	-0.6241	-0.6241	0.3323	0.3323	8.1772	1.0563	1.398	1.0	1.0	1.0
skygarden_plaza_show	Scene_Main	321	568.3997	194.4279	1172.3649	-0.6466	-0.6466	0.286	0.286	8.1772	1.0563	1.3041	1.0	1.0	1.0
skygarden_plaza_show	Scene_Main	322	571.3699	194.548	1166.2199	0.1789	0.1789	0.684	0.684	7.9372	1.0563	2.645	1.0	1.0	1.0
skygarden_plaza_show	Scene_Main	323	570.6845	194.4279	1171.619	0.1677	0.1677	0.6869	0.6869	8.1772	1.0563	1.3041	1.0	1.0	1.0
skygarden_plaza_show	Scene_Main	324	570.2963	194.4279	1170.488	0.059	0.0589	0.7046	0.7046	8.1772	1.0563	1.3041	1.0	1.0	1.0
skygarden_plaza_show	Scene_Main	325	570.3599	194.4279	1169.6099	-0.0744	-0.0744	0.7031	0.7031	8.1772	1.0563	1.3041	1.0	1.0	1.0
skygarden_plaza_show	Scene_Main	326	570.8743	194.4279	1168.276	-0.1889	-0.1889	0.6813	0.6813	8.1772	1.0563	1.398	1.0	1.0	1.0
skygarden_plaza_show	Scene_Main	327	571.3682	194.4279	1167.618	-0.238	-0.238	0.6658	0.6658	8.1772	1.0563	1.3041	1.0	1.0	1.0
skygarden_plaza_show	Scene_Main	328	570.5302	194.4299	1165.551	0.5857	0.5857	0.3961	0.3961	8.1772	1.0563	1.3041	1.0	1.0	1.0
skygarden_plaza_show	Scene_Main	329	569.3666	194.4299	1165.827	0.517	0.517	0.4822	0.4822	8.1772	1.0563	1.3041	1.0	1.0	1.0
skygarden_plaza_show	Scene_Main	330	568.499	194.4299	1165.6779	0.4172	0.4172	0.5708	0.5708	8.1772	1.0563	1.3041	1.0	1.0	1.0
skygarden_plaza_show	Scene_Main	331	567.2214	194.4299	1165.036	0.3178	0.3178	0.6316	0.6316	8.1772	1.0563	1.398	1.0	1.0	1.0
skygarden_plaza_show	Scene_Main	332	566.614	194.4299	1164.4799	0.271	0.271	0.6531	0.6531	8.1772	1.0563	1.3041	1.0	1.0	1.0
skygarden_plaza_show	Scene_Main	333	643.1129	188.2299	1125.9439	0.1775	0.1775	0.6844	0.6844	1.0069	14.5568	8.8679	1.0	1.0	1.0
skygarden_plaza_show	Scene_Main	334	522.5344	187.57	1193.9169	0.1791	0.1791	0.684	0.684	4.8197	2.9721	2.2964	1.0	1.0	1.0
skygarden_plaza_show	Scene_Main	335	609.4816	193.44	1206.2399	0.6555	0.6555	0.2649	0.2649	9.8986	2.6162	2.4596	1.0	1.0	1.0
skygarden_plaza_show	Scene_Main	336	599.6311	193.44	1212.4639	0.6049	0.6049	0.3661	0.3661	9.8986	2.6162	2.4596	1.0	1.0	1.0
skygarden_plaza_show	Scene_Main	337	556.8546	193.44	1112.921	0.5901	0.5901	0.3895	0.3895	9.8986	3.0163	2.4596	1.0	1.0	1.0
skygarden_plaza_show	Scene_Main	338	546.3789	193.44	1118.3439	0.6154	0.6154	0.3481	0.3481	9.8986	3.0163	2.4596	1.0	1.0	1.0
skygarden_plaza_show	Scene_Main	339	641.5629	194.8899	1238.6419	0.6418	0.6418	0.2966	0.2966	10.4721	2.3637	3.4788	1.0	1.0	1.0
skygarden_plaza_show	Scene_Main	340	639.3297	194.8899	1239.8549	0.4832	0.4832	0.5161	0.5161	10.4721	1.3743	3.4788	1.0	1.0	1.0
skygarden_plaza_show	Scene_Main	341	633.51	194.8899	1244.8399	0.7067	0.7067	0.0232	0.0232	10.4721	1.3743	3.4788	1.0	1.0	1.0
skygarden_plaza_show	Scene_Main	342	632.33	194.8899	1247.2099	0.6418	0.6418	0.2966	0.2966	10.4721	1.3743	3.4788	1.0	1.0	1.0
skygarden_plaza_show	Scene_Main	343	630.918	194.8899	1248.0119	0.6993	0.6993	0.1044	0.1044	10.4721	4.0969	3.4788	1.0	1.0	1.0
skygarden_plaza_show	Scene_Main	344	626.103	194.8899	1242.02	0.6061	0.6061	0.3641	0.3641	10.4721	14.9011	3.4788	1.0	1.0	1.0
skygarden_plaza_show	Scene_Main	345	629.726	195.4299	1259.8919	0.1293	0.1293	0.6951	0.6951	10.4721	2.1776	4.8523	1.0	1.0	1.0
skygarden_plaza_show	Scene_Main	346	611.78	195.4299	1261.43	0.4215	0.4215	0.5677	0.5677	10.472	2.1776	12.2535	1.0	1.0	1.0
skygarden_plaza_show	Scene_Main	347	603.8679	195.4299	1254.269	0.1708	0.1708	0.6861	0.6861	10.4721	2.1776	13.224	1.0	1.0	1.0
skygarden_plaza_show	Scene_Main	348	618.9899	195.4299	1236.63	0.4204	0.4204	0.5685	0.5685	10.4721	2.1776	13.224	1.0	1.0	1.0
skygarden_plaza_show	Scene_Main	349	609.02	195.4299	1237.8299	0.606	0.606	0.3643	0.3643	10.4721	2.1776	13.224	1.0	1.0	1.0
skygarden_plaza_show	Scene_Main	350	603.7379	195.4299	1245.16	0.4204	0.4204	0.5685	0.5685	10.4721	5.4425	13.1035	1.0	1.0	1.0
skygarden_plaza_show	Scene_Main	351	603.223	195.4299	1245.003	0.4204	0.4204	0.5685	0.5685	10.4721	14.4717	1.9487	1.0	1.0	1.0
skygarden_plaza_show	Scene_Main	352	620.3317	195.4299	1246.3669	0.606	0.606	0.3643	0.3643	10.4721	5.4425	1.3312	1.0	1.0	1.0
skygarden_plaza_show	Scene_Main	353	616.8499	195.4299	1243.4699	0.6993	0.6993	0.1047	0.1047	10.4721	5.4425	1.3312	1.0	1.0	1.0
skygarden_plaza_show	Scene_Main	354	613.5194	195.4299	1254.394	0.1046	0.1046	-0.6993	-0.6993	10.4721	5.4425	1.3312	1.0	1.0	1.0
skygarden_plaza_show	Scene_Main	355	618.03	195.4299	1253.9799	-0.1708	-0.1708	-0.6861	-0.6861	10.4721	5.4425	1.3312	1.0	1.0	1.0
skygarden_plaza_show	Scene_Main	356	609.5501	195.4299	1250.7209	0.3595	0.3595	-0.6088	-0.6088	10.4721	7.2884	1.3312	1.0	1.0	1.0
skygarden_plaza_show	Scene_Main	357	611.5438	195.4299	1244.375	-0.1719	-0.1719	-0.6858	-0.6858	10.4721	7.2884	1.3312	1.0	1.0	1.0
skygarden_plaza_show	Scene_Main	358	620.8779	195.4299	1248.8389	0.6994	0.6994	0.104	0.104	10.4721	2.3002	1.4939	1.0	1.0	1.0
skygarden_plaza_show	Scene_Main	359	619.8699	195.4299	1252.26	0.6994	0.6994	0.104	0.104	10.4721	2.3002	1.5453	1.0	1.0	1.0
skygarden_plaza_show	Scene_Main	360	618.9199	195.4299	1250.04	0.4177	0.4177	0.5704	0.5704	10.4721	2.3002	1.5453	1.0	1.0	1.0
skygarden_plaza_show	Scene_Main	361	622.669	192.5379	1249.963	0.8169	0.5576	0.1215	0.0829	2.0498	3.0815	0.5329	1.0	1.0	1.0
skygarden_plaza_show	Scene_Main	362	621.9899	192.5379	1252.2099	0.8169	0.5576	0.1215	0.0829	2.0498	3.0815	0.5751	1.0	1.0	1.0
skygarden_plaza_show	Scene_Main	363	637.0999	192.1999	1278.67	0.3688	0.3688	0.6032	0.6032	4.0118	1.9648	2.0424	1.0	1.0	1.0
skygarden_plaza_show	Scene_Main	364	632.973	192.1999	1280.659	0.5802	0.5802	0.4041	0.4041	4.0118	1.9648	9.0556	1.0	1.0	1.0
skygarden_plaza_show	Scene_Main	365	657.14	193.0879	1166.2399	0.6867	0.6867	-0.1684	-0.1684	8.1015	2.5199	8.2677	1.0	1.0	1.0
skygarden_plaza_show	Scene_Main	366	517.1052	188.5442	1196.9689	0.1634	0.1935	0.6242	0.739	4.8197	11.3647	2.2964	1.0	1.0	1.0
skygarden_plaza_show	Scene_Main	367	510.945	189.46	1200.4139	0.1791	0.1791	0.684	0.684	4.8197	3.7691	2.2964	1.0	1.0	1.0
skygarden_plaza_show	Scene_Main	368	507.7399	189.22	1202.2049	0.1897	0.1678	0.7244	0.641	4.8197	4.2367	2.2964	1.0	1.0	1.0
skygarden_plaza_show	Scene_Main	369	659.0809	194.9649	1188.0009	0.707	0.707	-0.0122	-0.0122	6.4741	1.9679	22.8416	1.0	1.0	1.0
skygarden_plaza_show	Scene_Main	370	660.749	196.5863	1187.9429	0.8596	0.5105	-0.0148	-0.0088	6.4741	1.9679	22.8417	1.0	1.0	1.0
skygarden_plaza_show	Scene_Main	371	650.8569	189.2839	1229.3449	0.5979	0.6972	-0.3775	-0.1174	6.2948	2.5568	4.1986	1.0	1.0	1.0
skygarden_plaza_show	Scene_Main	372	657.9429	195.074	1214.4639	0.6978	0.6978	0.1137	0.1137	5.8312	4.2449	7.5376	1.0	1.0	1.0
skygarden_plaza_show	Scene_Main	373	654.4539	195.074	1214.9329	0.6296	0.6296	0.3218	0.3218	5.8312	4.2449	2.3725	1.0	1.0	1.0
skygarden_plaza_show	Scene_Main	374	653.25	191.0	1219.8199	0.6977	0.6977	0.1148	0.1148	5.3056	6.7108	8.1699	1.0	1.0	1.0
skygarden_plaza_show	Scene_Main	375	652.9459	190.61	1226.4449	0.6977	0.6977	0.1148	0.1148	5.3056	4.1376	6.1293	1.0	1.0	1.0
skygarden_plaza_show	Scene_Main	376	650.4	189.9299	1223.67	0.6442	0.6442	0.2914	0.2914	5.3056	7.355	6.1293	1.0	1.0	1.0
skygarden_plaza_show	Scene_Main	377	654.1599	191.05	1211.7199	0.6977	0.6977	0.1148	0.1148	3.8039	6.7108	8.1699	1.0	1.0	1.0
skygarden_plaza_show	Scene_Main	378	651.913	190.61	1223.8089	0.5838	0.5838	0.3989	0.3989	5.3056	4.1376	3.8809	1.0	1.0	1.0
skygarden_plaza_show	Scene_Main	379	644.3779	192.36	1257.2939	0.4279	0.4279	0.5629	0.5629	1.3935	17.405	2.4236	1.0	1.0	1.0
skygarden_plaza_show	Scene_Main	380	640.1428	192.36	1262.2139	0.586	0.586	0.3956	0.3956	1.3935	9.3204	2.8468	1.0	1.0	1.0
skygarden_plaza_show	Scene_Main	381	642.7009	192.36	1252.723	0.2494	0.2494	0.6616	0.6616	1.3935	9.8736	2.6017	1.0	1.0	1.0
skygarden_plaza_show	Scene_Main	382	639.7586	192.36	1257.4169	-0.1056	-0.1056	0.6991	0.6991	1.3935	4.4971	3.5547	1.0	1.0	1.0
skygarden_plaza_show	Scene_Main	383	642.281	192.36	1257.8439	-0.568	-0.568	0.421	0.421	1.3935	10.7604	2.7797	1.0	1.0	1.0
skygarden_plaza_show	Scene_Main	384	605.3599	191.3999	1138.0	0.1789	0.1789	0.684	0.684	6.1747	2.7787	1.586	1.0	1.0	1.0
skygarden_plaza_show	Scene_Main	385	613.08	191.3999	1151.9899	-0.6845	-0.6845	0.1773	0.1773	6.1747	2.5371	1.586	1.0	1.0	1.0
skygarden_plaza_show	Scene_Main	386	636.6699	193.6199	1205.2889	0.5138	0.5138	0.4857	0.4857	11.6849	2.9518	13.1126	1.0	1.0	1.0
skygarden_plaza_show	Scene_Main	387	613.017	195.4299	1256.333	-0.4204	-0.4204	-0.5685	-0.5685	10.4721	3.783	1.8791	1.0	1.0	1.0
skygarden_plaza_show	Scene_Main	388	617.5399	195.4299	1241.56	-0.4204	-0.4204	-0.5685	-0.5685	10.4721	3.783	1.8791	1.0	1.0	1.0
skygarden_plaza_show	Scene_Main	389	653.2727	193.985	1282.041	0.5435	0.5435	-0.4523	-0.4523	2.4837	2.7418	3.9661	1.0	1.0	1.0
skygarden_plaza_show	Scene_Main	390	670.8449	197.617	1258.5889	0.7494	0.4956	0.3203	-0.2998	7.5554	1.8467	5.0416	1.0	1.0	1.0
skygarden_plaza_show	Scene_Main	391	648.1306	188.4031	1134.967	0.1775	0.1775	0.6844	0.6844	1.3534	6.5334	0.2344	1.0	1.0	1.0
skygarden_plaza_show	Scene_Main	392	650.5678	188.3999	1132.89	0.6095	0.6095	0.3584	0.3584	1.3534	1.5212	0.2344	1.0	1.0	1.0
skygarden_plaza_show	Scene_Main	393	645.077	188.3999	1135.9429	0.6095	0.6095	0.3584	0.3584	1.3534	1.5212	0.2344	1.0	1.0	1.0
skygarden_plaza_show	Scene_Main	394	633.4199	188.3999	1131.2399	0.6095	0.6095	0.3584	0.3584	1.3534	17.5001	0.2344	1.0	1.0	1.0
skygarden_plaza_show	Scene_Main	395	638.7973	188.3999	1139.322	0.7009	0.7009	0.093	0.093	1.3534	2.2855	0.2344	1.0	1.0	1.0
skygarden_plaza_show	Scene_Main	396	640.45	188.3999	1139.3	0.6828	0.6828	-0.1837	-0.1837	1.3534	1.4841	0.2344	1.0	1.0	1.0
skygarden_plaza_show	Scene_Main	397	640.7672	188.3999	1138.4	0.3561	0.3561	-0.6108	-0.6108	1.3534	1.4559	0.2344	1.0	1.0	1.0
skygarden_plaza_show	Scene_Main	398	654.856	188.3999	1130.463	0.6095	0.6095	0.3584	0.3584	1.3534	1.4517	0.2344	1.0	1.0	1.0
skygarden_plaza_show	Scene_Main	399	655.7205	188.3999	1130.677	0.1775	0.1775	0.6844	0.6844	1.3534	1.5442	0.2344	1.0	1.0	1.0
skygarden_plaza_show	Scene_Main	400	656.8585	188.3999	1128.5629	0.4259	0.4259	0.5644	0.5644	1.3534	3.7656	0.2344	1.0	1.0	1.0
skygarden_plaza_show	Scene_Main	401	645.351	188.3999	1113.531	0.6095	0.6095	0.3584	0.3584	1.3534	1.4517	0.2344	1.0	1.0	1.0
skygarden_plaza_show	Scene_Main	402	645.63	188.3999	1112.6999	0.1775	0.1775	0.6844	0.6844	1.3534	1.5442	0.2344	1.0	1.0	1.0
skygarden_plaza_show	Scene_Main	403	648.02	188.3999	1112.8459	-0.0979	-0.0979	0.7002	0.7002	1.3534	3.7656	0.2344	1.0	1.0	1.0
skygarden_plaza_show	Scene_Main	404	638.0258	188.4031	1117.014	0.6844	0.6844	-0.1775	-0.1775	1.3534	6.4421	0.2344	1.0	1.0	1.0
skygarden_plaza_show	Scene_Main	405	635.6279	188.3999	1119.0689	0.3584	0.3584	-0.6095	-0.6095	1.3534	1.5212	0.2344	1.0	1.0	1.0
skygarden_plaza_show	Scene_Main	406	641.044	188.3999	1116.057	0.3584	0.3584	-0.6095	-0.6095	1.3534	1.5212	0.2344	1.0	1.0	1.0
skygarden_plaza_show	Scene_Main	407	629.4069	188.3999	1122.6419	0.4298	0.4298	0.5614	0.5614	1.3534	2.2855	0.2344	1.0	1.0	1.0
skygarden_plaza_show	Scene_Main	408	630.3319	188.3999	1121.218	0.6828	0.6828	-0.1837	-0.1837	1.3534	1.4841	0.2344	1.0	1.0	1.0
skygarden_plaza_show	Scene_Main	409	631.2239	188.3999	1121.524	0.3561	0.3561	-0.6108	-0.6108	1.3534	1.4559	0.2344	1.0	1.0	1.0
skygarden_plaza_show	Scene_Main	410	676.812	194.1741	1194.291	0.0	-0.5043	0.0	0.8634	3.7536	3.2501	1.3196	1.0	1.0	1.0
skygarden_plaza_show	Scene_Main	411	679.057	194.1741	1196.854	0.0	-0.3185	0.0	0.9479	3.7536	3.2501	1.3196	1.0	1.0	1.0
skygarden_plaza_show	Scene_Main	412	622.296	191.94	1176.055	0.5781	0.5781	-0.4071	-0.4071	10.4721	1.544	3.6972	1.0	1.0	1.0
skygarden_plaza_show	Scene_Main	413	627.075	198.139	1281.566	0.5833	0.5833	0.3996	0.3996	13.0287	2.1013	9.1475	1.0	1.0	1.0
skygarden_plaza_show	Scene_Main	414	670.5789	196.968	1186.1479	0.4915	0.137	0.6418	0.5723	8.8954	5.9062	0.9211	1.0	1.0	1.0
skygarden_scene00001exb	Scene_Scene00001Exb	15	-8.8495	7.4643	-60.8297	0.0	0.7071	0.0	0.7071	7.7319	18.1756	10.9322	1.0	1.0	1.0
skygarden_scene00001exb	Scene_Scene00001Exb	16	8.9941	9.1055	-75.3292	0.0	0.7071	0.0	0.7071	9.126	7.6974	14.8808	1.0	1.0	1.0
skygarden_scene00001exb	Scene_Scene00001Exb	17	14.715	1.8777	-71.2049	0.0	0.7071	0.0	0.7071	7.4336	11.0802	11.6969	1.0	1.0	1.0
skygarden_scene00001exb	Scene_Scene00001Exb	18	92.188	3.3018	-59.5691	0.0	-1.0	0.0	0.0	6.8565	8.7758	14.1858	1.0	1.0	1.0
skygarden_scene00001exb	Scene_Scene00001Exb	19	105.8707	7.4643	-54.6534	0.0	-1.0	0.0	0.0	7.7319	18.1756	10.9322	1.0	1.0	1.0
skygarden_scene00001exb	Scene_Scene00001Exb	20	46.358	2.0229	-63.4749	0.0	0.7071	0.0	0.7071	6.706	5.6563	10.9349	1.0	1.0	1.0
skygarden_scene00001exb	Scene_Scene00001Exb	21	33.2449	0.8169	-52.8209	0.0	0.7071	0.0	0.7071	5.6321	13.2395	7.9632	1.0	1.0	1.0
skygarden_scene00001exb	Scene_Scene00001Exb	22	44.3293	2.5481	-36.0254	0.0	-0.9998	0.0	-0.0161	0.7965	0.7965	0.7965	1.0	1.0	1.0
skygarden_scene00001exb	Scene_Scene00001Exb	23	79.3792	3.5172	-33.7511	0.0	-0.7956	0.0	0.6057	2.0319	2.0319	2.0319	1.0	1.0	1.0
skygarden_scene00001exb	Scene_Scene00001Exb	24	39.8709	-1.1886	85.8904	0.0	-0.7071	0.0	-0.7071	5.0384	6.8901	8.6813	1.0	1.0	1.0
skygarden_scene00001exb	Scene_Scene00001Exb	25	45.2378	1.8001	91.2145	0.0	-0.7071	0.0	-0.7071	5.6816	10.9345	8.0333	1.0	1.0	1.0
skygarden_scene00001exb	Scene_Scene00001Exb	26	26.0794	6.1224	79.5728	0.0	0.7071	0.0	-0.7071	2.723	2.4033	2.6582	1.0	1.0	1.0
skygarden_scene00001exb	Scene_Scene00001Exb	27	-14.6594	3.7191	64.9472	0.0	1.0	0.0	0.0	8.4845	9.8535	13.8348	1.0	1.0	1.0
skygarden_scene00001exb	Scene_Scene00001Exb	28	106.544	0.6944	60.2965	0.0	1.0	0.0	0.0	8.4845	8.8179	13.8348	1.0	1.0	1.0
skygarden_scene00001exb	Scene_Scene00001Exb	29	-9.4674	14.9559	64.8405	0.0	1.0	0.0	0.0	4.9522	4.7016	4.8743	1.0	1.0	1.0
skygarden_scene00001exb	Scene_Scene00001Exb	30	79.054	12.7659	82.6725	0.0	0.7071	0.0	0.7071	10.8331	8.6993	5.202	1.0	1.0	1.0
skygarden_scene00001exb	Scene_Scene00001Exb	31	-2.5096	3.5071	81.5375	0.0	1.0	0.0	0.0	9.8313	16.7506	10.0751	1.0	1.0	1.0
skygarden_scene00001exb	Scene_Scene00001Exb	32	66.566	2.9958	85.2703	0.0	0.7071	0.0	0.7071	6.6785	9.1331	9.5449	1.0	1.0	1.0
skygarden_scene00001exb	Scene_Scene00001Exb	33	76.7022	4.5052	78.8332	0.0	0.7071	0.0	0.7071	6.6785	8.548	11.4611	1.0	1.0	1.0
skygarden_scene00001exb	Scene_Scene00001Exb	34	74.0029	6.956	85.5326	0.0	0.7071	0.0	0.7071	6.5551	8.548	5.3999	1.0	1.0	1.0
skygarden_scene00001exb	Scene_Scene00001Exb	35	79.054	12.7659	82.6725	0.0	0.7071	0.0	0.7071	10.6447	8.548	5.1115	1.0	1.0	1.0
skygarden_scene00001exb	Scene_Scene00001Exb	36	77.6812	16.7416	88.2218	0.0	0.7071	0.0	0.7071	5.2801	11.2975	4.5099	1.0	1.0	1.0
skygarden_scene00001exb	Scene_Scene00001Exb	37	72.6249	8.6677	92.5159	0.0	0.7071	0.0	0.7071	7.5311	17.7037	8.8324	1.0	1.0	1.0
skygarden_scene00001exb	Scene_Scene00001Exb	38	72.2735	21.2175	94.3025	0.0	0.7071	0.0	0.7071	3.455	7.8213	3.6681	1.0	1.0	1.0
skygarden_scene00001exb	Scene_Scene00001Exb	39	71.2327	2.5344	98.6089	0.0	0.7071	0.0	0.7071	5.5614	12.528	4.2734	1.0	1.0	1.0
skygarden_scene00001exb	Scene_Scene00001Exb	40	66.0734	-3.529	94.1844	0.0	0.7071	0.0	0.7071	6.8959	6.4618	6.2292	1.0	1.0	1.0
skygarden_scene00001exb	Scene_Scene00001Exb	41	60.819	-0.178	89.2215	0.0	0.7071	0.0	0.7071	9.0363	7.3791	7.2809	1.0	1.0	1.0
skygarden_scene00001exb	Scene_Scene00001Exb	42	61.7784	7.0234	90.4955	0.0	0.7071	0.0	0.7071	6.6482	7.3791	5.2536	1.0	1.0	1.0
skygarden_scene00001exb	Scene_Scene00001Exb	43	58.9001	10.9952	93.4625	0.0	0.7071	0.0	0.7071	2.8529	4.004	2.31	1.0	1.0	1.0
skygarden_scene00001exb	Scene_Scene00001Exb	44	74.513	25.6292	89.8615	0.0	0.7071	0.0	0.7071	4.5451	4.004	3.6503	1.0	1.0	1.0
skygarden_scene00001exb	Scene_Scene00001Exb	45	87.4261	10.3089	78.0164	0.0	0.7071	0.0	0.7071	8.889	7.4975	12.0226	1.0	1.0	1.0
skygarden_scene00001exb	Scene_Scene00001Exb	46	84.5737	6.5283	69.4145	0.0	0.7071	0.0	0.7071	3.1872	7.7165	2.6218	1.0	1.0	1.0
skygarden_scene00001exb	Scene_Scene00001Exb	47	80.8715	-1.2693	72.6938	0.0	0.7071	0.0	0.7071	3.0549	4.99	5.7394	1.0	1.0	1.0
skygarden_scene00001exb	Scene_Scene00001Exb	48	89.202	2.8802	72.604	0.0	0.7071	0.0	0.7071	4.4183	11.3014	7.1875	1.0	1.0	1.0
skygarden_scene00001exb	Scene_Scene00001Exb	49	95.1447	-0.6184	72.7103	0.0	0.7071	0.0	0.7071	6.6664	6.243	5.1772	1.0	1.0	1.0
skygarden_scene00001exb	Scene_Scene00001Exb	50	97.2132	3.1438	78.0631	0.0	0.7071	0.0	0.7071	4.546	14.0251	5.5617	1.0	1.0	1.0
skygarden_scene00001exb	Scene_Scene00001Exb	51	95.0027	7.2073	75.7008	0.0	0.7071	0.0	0.7071	5.8512	9.8285	3.2639	1.0	1.0	1.0
skygarden_scene00001exb	Scene_Scene00001Exb	52	93.113	8.5382	73.3361	0.0	0.7071	0.0	0.7071	3.5703	12.0364	2.8947	1.0	1.0	1.0
skygarden_scene00001exb	Scene_Scene00001Exb	53	92.1714	3.081	82.1407	0.0	0.7071	0.0	0.7071	7.2406	10.7925	9.4502	1.0	1.0	1.0
skygarden_scene00001exb	Scene_Scene00001Exb	54	96.5241	-3.9892	83.4345	0.0	0.7071	0.0	0.7071	6.4891	3.5965	4.1256	1.0	1.0	1.0
skygarden_scene00001exb	Scene_Scene00001Exb	55	90.8342	-0.1986	88.0498	0.0	0.7071	0.0	0.7071	4.7431	7.3584	7.4691	1.0	1.0	1.0
skygarden_scene00001exb	Scene_Scene00001Exb	56	80.0528	-1.0005	89.8353	0.0	0.7071	0.0	0.7071	5.0716	5.8562	6.6357	1.0	1.0	1.0
skygarden_scene00001exb	Scene_Scene00001Exb	57	62.7992	0.6902	76.7369	0.0	0.7071	0.0	0.7071	4.6686	9.3143	3.3155	1.0	1.0	1.0
skygarden_scene00001exb	Scene_Scene00001Exb	58	64.6326	-2.5995	73.5962	0.0	0.7071	0.0	0.7071	2.3267	2.4326	1.6717	1.0	1.0	1.0
skygarden_scene00001exb	Scene_Scene00001Exb	59	89.3986	19.9818	79.5016	0.0	0.7071	0.0	0.7071	5.5305	4.6314	4.5152	1.0	1.0	1.0
skygarden_scene00001exb	Scene_Scene00001Exb	60	91.4936	17.6266	75.3335	0.0	0.7071	0.0	0.7071	2.6992	2.3052	2.214	1.0	1.0	1.0
skygarden_scene00001exb	Scene_Scene00001Exb	61	80.585	32.4804	84.403	0.0	0.7071	0.0	0.7071	3.3015	2.9868	2.7027	1.0	1.0	1.0
skygarden_scene00001exb	Scene_Scene00001Exb	62	-16.1539	1.7924	-68.0753	0.0	0.7071	0.0	0.7071	6.6785	9.1331	11.5073	1.0	1.0	1.0
skygarden_scene00001exb	Scene_Scene00001Exb	63	-3.934	3.3018	-74.5124	0.0	0.7071	0.0	0.7071	6.6785	8.548	13.8175	1.0	1.0	1.0
skygarden_scene00001exb	Scene_Scene00001Exb	64	-7.1883	5.7527	-67.813	0.0	0.7071	0.0	0.7071	6.5551	8.548	6.5101	1.0	1.0	1.0
skygarden_scene00001exb	Scene_Scene00001Exb	65	-0.2635	11.2788	-70.6731	0.0	0.7071	0.0	0.7071	10.6447	7.9804	7.8331	1.0	1.0	1.0
skygarden_scene00001exb	Scene_Scene00001Exb	66	-2.7539	15.5383	-65.1238	0.0	0.7071	0.0	0.7071	5.2801	11.2975	5.4371	1.0	1.0	1.0
skygarden_scene00001exb	Scene_Scene00001Exb	67	-8.8495	7.4643	-60.8297	0.0	0.7071	0.0	0.7071	7.5311	17.7037	10.6484	1.0	1.0	1.0
skygarden_scene00001exb	Scene_Scene00001Exb	68	-9.2733	20.0142	-59.0431	0.0	0.7071	0.0	0.7071	3.455	7.8213	4.4222	1.0	1.0	1.0
skygarden_scene00001exb	Scene_Scene00001Exb	69	-10.5279	1.331	-54.7367	0.0	0.7071	0.0	0.7071	5.5614	12.528	5.152	1.0	1.0	1.0
skygarden_scene00001exb	Scene_Scene00001Exb	70	-23.082	-1.3814	-64.1241	0.0	0.7071	0.0	0.7071	9.0363	7.3791	8.7779	1.0	1.0	1.0
skygarden_scene00001exb	Scene_Scene00001Exb	71	-21.926	5.82	-62.8501	0.0	0.7071	0.0	0.7071	6.6482	7.3791	6.3338	1.0	1.0	1.0
skygarden_scene00001exb	Scene_Scene00001Exb	72	-25.3959	9.7918	-59.8831	0.0	0.7071	0.0	0.7071	2.8529	4.004	2.785	1.0	1.0	1.0
skygarden_scene00001exb	Scene_Scene00001Exb	73	-6.5732	24.4258	-63.4841	0.0	0.7071	0.0	0.7071	4.5451	4.004	4.4008	1.0	1.0	1.0
skygarden_scene00001exb	Scene_Scene00001Exb	74	8.9941	9.1055	-75.3292	0.0	0.7071	0.0	0.7071	8.889	7.4975	14.4945	1.0	1.0	1.0
skygarden_scene00001exb	Scene_Scene00001Exb	75	5.5555	5.3249	-83.9311	0.0	0.7071	0.0	0.7071	3.1872	7.7165	3.1609	1.0	1.0	1.0
skygarden_scene00001exb	Scene_Scene00001Exb	76	1.0923	-2.4727	-80.6518	0.0	0.7071	0.0	0.7071	3.0549	4.99	6.9194	1.0	1.0	1.0
skygarden_scene00001exb	Scene_Scene00001Exb	77	11.135	1.6769	-80.7416	0.0	0.7071	0.0	0.7071	4.4183	11.3014	8.6653	1.0	1.0	1.0
skygarden_scene00001exb	Scene_Scene00001Exb	78	18.2999	-1.8217	-80.6353	0.0	0.7071	0.0	0.7071	6.6664	6.243	6.2417	1.0	1.0	1.0
skygarden_scene00001exb	Scene_Scene00001Exb	79	21.8232	1.9404	-75.2824	0.0	0.7071	0.0	0.7071	4.546	14.0251	6.7052	1.0	1.0	1.0
skygarden_scene00001exb	Scene_Scene00001Exb	80	18.128	6.0039	-77.6448	0.0	0.7071	0.0	0.7071	5.8512	9.8285	3.935	1.0	1.0	1.0
skygarden_scene00001exb	Scene_Scene00001Exb	81	11.4678	10.6982	-80.0095	0.0	0.7071	0.0	0.7071	3.5703	7.4674	3.4898	1.0	1.0	1.0
skygarden_scene00001exb	Scene_Scene00001Exb	82	14.715	1.8777	-71.2049	0.0	0.7071	0.0	0.7071	7.2406	10.7925	11.3932	1.0	1.0	1.0
skygarden_scene00001exb	Scene_Scene00001Exb	83	19.9619	-5.1926	-69.9111	0.0	0.7071	0.0	0.7071	6.4891	3.5965	4.9739	1.0	1.0	1.0
skygarden_scene00001exb	Scene_Scene00001Exb	84	13.1029	-1.402	-65.2958	0.0	0.7071	0.0	0.7071	4.7431	7.3584	9.0047	1.0	1.0	1.0
skygarden_scene00001exb	Scene_Scene00001Exb	85	11.3719	18.7785	-73.844	0.0	0.7071	0.0	0.7071	5.5305	4.6314	5.4435	1.0	1.0	1.0
skygarden_scene00001exb	Scene_Scene00001Exb	86	13.8979	16.4232	-78.0121	0.0	0.7071	0.0	0.7071	2.6992	2.3052	2.6692	1.0	1.0	1.0
skygarden_scene00001exb	Scene_Scene00001Exb	87	0.7468	31.1657	-68.9426	0.0	0.7071	0.0	0.7071	3.3015	2.9868	3.2584	1.0	1.0	1.0
skygarden_scene00001exb	Scene_Scene00001Exb	88	98.625	1.7924	-47.3491	0.0	-1.0	0.0	0.0	6.6785	9.1331	11.5073	1.0	1.0	1.0
skygarden_scene00001exb	Scene_Scene00001Exb	89	92.188	3.3018	-59.5691	0.0	-1.0	0.0	0.0	6.6785	8.548	13.8175	1.0	1.0	1.0
skygarden_scene00001exb	Scene_Scene00001Exb	90	98.8874	5.7527	-56.3148	0.0	-1.0	0.0	0.0	6.5551	8.548	6.5101	1.0	1.0	1.0
skygarden_scene00001exb	Scene_Scene00001Exb	91	96.0274	8.3295	-62.4042	0.0	-1.0	0.0	0.0	10.6447	8.548	6.1624	1.0	1.0	1.0
skygarden_scene00001exb	Scene_Scene00001Exb	92	101.5766	15.5383	-60.7492	0.0	-1.0	0.0	0.0	5.2801	11.2975	5.4371	1.0	1.0	1.0
skygarden_scene00001exb	Scene_Scene00001Exb	93	105.8707	7.4643	-54.6534	0.0	-1.0	0.0	0.0	7.5311	17.7037	10.6484	1.0	1.0	1.0
skygarden_scene00001exb	Scene_Scene00001Exb	94	107.6573	22.1313	-56.0083	0.0	-1.0	0.0	0.0	3.455	4.9163	4.4222	1.0	1.0	1.0
skygarden_scene00001exb	Scene_Scene00001Exb	95	94.5606	26.4368	-51.9659	0.0	-1.0	0.0	0.0	1.5006	2.1352	1.9206	1.0	1.0	1.0
skygarden_scene00001exb	Scene_Scene00001Exb	96	107.5391	-4.7324	-46.755	0.0	-1.0	0.0	0.0	6.8959	6.4618	7.51	1.0	1.0	1.0
skygarden_scene00001exb	Scene_Scene00001Exb	97	102.5762	-1.3814	-40.4211	0.0	-1.0	0.0	0.0	9.0363	7.3791	8.7779	1.0	1.0	1.0
skygarden_scene00001exb	Scene_Scene00001Exb	98	103.8501	5.82	-41.577	0.0	-1.0	0.0	0.0	6.6482	7.3791	6.3338	1.0	1.0	1.0
skygarden_scene00001exb	Scene_Scene00001Exb	99	106.8171	9.7918	-38.107	0.0	-1.0	0.0	0.0	2.8529	4.004	2.785	1.0	1.0	1.0
skygarden_scene00001exb	Scene_Scene00001Exb	100	80.2417	4.9963	-69.0588	0.0	-1.0	0.0	0.0	3.1872	7.0591	3.1609	1.0	1.0	1.0
skygarden_scene00001exb	Scene_Scene00001Exb	101	86.0487	-2.4727	-64.5955	0.0	-1.0	0.0	0.0	3.0549	4.99	6.9194	1.0	1.0	1.0
skygarden_scene00001exb	Scene_Scene00001Exb	102	103.1902	-2.2039	-63.6083	0.0	-1.0	0.0	0.0	5.0716	5.8562	8.0	1.0	1.0	1.0
skygarden_scene00001exb	Scene_Scene00001Exb	103	90.0916	-0.5131	-42.8082	0.0	-1.0	0.0	0.0	4.6686	9.3143	3.9972	1.0	1.0	1.0
skygarden_scene00001exb	Scene_Scene00001Exb	104	86.9508	-3.8029	-45.0182	0.0	-1.0	0.0	0.0	2.3267	2.4326	2.0154	1.0	1.0	1.0
skygarden_scene00001exb	Scene_Scene00001Exb	105	100.6268	17.5195	-69.6634	0.0	-1.0	0.0	0.0	2.893	3.3034	2.8552	1.0	1.0	1.0
skygarden_scene00001exb	Scene_Scene00001Exb	106	27.878	-3.3509	-58.145	0.0	0.7071	0.0	0.7071	4.9076	6.7112	8.4559	1.0	1.0	1.0
skygarden_scene00001exb	Scene_Scene00001Exb	107	39.8709	-1.1886	85.8904	0.0	-0.7071	0.0	-0.7071	4.9076	6.7112	8.4559	1.0	1.0	1.0
skygarden_scene00001exb	Scene_Scene00001Exb	108	48.8509	1.3372	81.1605	0.0	-0.7071	0.0	-0.7071	4.9076	3.4478	10.1535	1.0	1.0	1.0
skygarden_scene00001exb	Scene_Scene00001Exb	109	34.4659	-0.4408	-57.9519	0.0	0.7071	0.0	0.7071	4.8169	6.2813	4.7838	1.0	1.0	1.0
skygarden_scene00001exb	Scene_Scene00001Exb	110	46.4589	1.7214	86.0835	0.0	-0.7071	0.0	-0.7071	4.8169	6.2813	4.7838	1.0	1.0	1.0
skygarden_scene00001exb	Scene_Scene00001Exb	111	38.941	3.828	-60.054	0.0	0.7071	0.0	0.7071	7.822	6.2813	4.5283	1.0	1.0	1.0
skygarden_scene00001exb	Scene_Scene00001Exb	112	50.9339	6.5374	85.2518	0.0	-0.7071	0.0	-0.7071	5.2814	7.3755	4.5283	1.0	1.0	1.0
skygarden_scene00001exb	Scene_Scene00001Exb	113	33.2449	0.8169	-52.8209	0.0	0.7071	0.0	0.7071	5.5341	13.0092	7.8247	1.0	1.0	1.0
skygarden_scene00001exb	Scene_Scene00001Exb	114	45.2378	1.8001	91.2145	0.0	-0.7071	0.0	-0.7071	5.5341	10.6506	7.8247	1.0	1.0	1.0
skygarden_scene00001exb	Scene_Scene00001Exb	115	32.012	-1.6796	-48.3429	0.0	0.7071	0.0	0.7071	4.0866	9.206	3.7858	1.0	1.0	1.0
skygarden_scene00001exb	Scene_Scene00001Exb	116	44.0048	0.4827	95.6925	0.0	-0.7071	0.0	-0.7071	4.0866	9.206	3.7858	1.0	1.0	1.0
skygarden_scene00001exb	Scene_Scene00001Exb	117	23.6369	-0.3912	-54.305	0.0	0.7071	0.0	0.7071	4.8853	5.4224	4.6542	1.0	1.0	1.0
skygarden_scene00001exb	Scene_Scene00001Exb	118	35.6298	1.771	89.7304	0.0	-0.7071	0.0	-0.7071	4.8853	5.4224	4.6542	1.0	1.0	1.0
skygarden_scene00001exb	Scene_Scene00001Exb	119	21.0869	2.5273	-52.125	0.0	0.7071	0.0	0.7071	2.0964	2.9422	2.0465	1.0	1.0	1.0
skygarden_scene00001exb	Scene_Scene00001Exb	120	33.0798	7.9026	91.9104	0.0	-0.7071	0.0	-0.7071	2.0964	2.9422	2.0465	1.0	1.0	1.0
skygarden_scene00001exb	Scene_Scene00001Exb	121	46.358	2.0229	-63.4749	0.0	0.7071	0.0	0.7071	6.5319	5.5094	10.651	1.0	1.0	1.0
skygarden_scene00001exb	Scene_Scene00001Exb	122	42.24	11.7975	-67.7127	0.0	0.7071	0.0	0.7071	2.1764	5.2694	2.1585	1.0	1.0	1.0
skygarden_scene00001exb	Scene_Scene00001Exb	123	55.0279	-3.2422	-63.441	0.0	0.7071	0.0	0.7071	3.3405	10.306	4.9272	1.0	1.0	1.0
skygarden_scene00001exb	Scene_Scene00001Exb	124	53.0699	-0.2562	-65.177	0.0	0.7071	0.0	0.7071	4.2996	7.2222	2.8915	1.0	1.0	1.0
skygarden_scene00001exb	Scene_Scene00001Exb	125	51.3959	0.7218	-66.915	0.0	0.7071	0.0	0.7071	2.6236	8.8447	2.5644	1.0	1.0	1.0
skygarden_scene00001exb	Scene_Scene00001Exb	126	50.562	-0.2326	-60.4449	0.0	0.7071	0.0	0.7071	5.3206	1.8192	8.372	1.0	1.0	1.0
skygarden_scene00001exb	Scene_Scene00001Exb	127	46.4422	9.8662	-59.3714	0.0	0.7071	0.0	0.7071	3.8125	3.6196	3.7526	1.0	1.0	1.0
skygarden_scene00001exb	Scene_Scene00001Exb	128	48.834	7.7841	-61.6837	0.0	0.7071	0.0	0.7071	1.9835	1.9686	1.9614	1.0	1.0	1.0
skygarden_scene00001exb	Scene_Scene00001Exb	129	18.2759	-1.491	87.1899	0.0	0.7071	0.0	-0.7071	6.2091	14.4421	6.1609	1.0	1.0	1.0
skygarden_scene00001exb	Scene_Scene00001Exb	130	8.8705	18.313	71.2886	0.0	1.0	0.0	0.0	2.6418	6.1448	2.6213	1.0	1.0	1.0
skygarden_scene00001exb	Scene_Scene00001Exb	131	-13.9004	8.083	75.1085	0.0	1.0	0.0	0.0	6.2091	16.9435	9.1311	1.0	1.0	1.0
skygarden_scene00001exb	Scene_Scene00001Exb	132	-8.35	6.542	80.4807	0.0	1.0	0.0	0.0	7.452	14.428	5.0762	1.0	1.0	1.0
skygarden_scene00001exb	Scene_Scene00001Exb	133	-8.3028	7.0524	74.8163	0.0	1.0	0.0	0.0	5.8391	7.4186	6.6998	1.0	1.0	1.0
skygarden_scene00001exb	Scene_Scene00001Exb	134	-2.5096	3.5071	81.5375	0.0	1.0	0.0	0.0	9.6603	16.4593	9.8999	1.0	1.0	1.0
skygarden_scene00001exb	Scene_Scene00001Exb	135	4.4856	0.3485	83.0975	0.0	1.0	0.0	0.0	5.1704	11.6474	4.7898	1.0	1.0	1.0
skygarden_scene00001exb	Scene_Scene00001Exb	136	22.1094	1.2793	82.3308	0.0	0.7071	0.0	-0.7071	6.1809	5.0759	5.8886	1.0	1.0	1.0
skygarden_scene00001exb	Scene_Scene00001Exb	137	10.5079	21.5388	72.9197	0.0	1.0	0.0	0.0	2.6298	2.1597	2.5054	1.0	1.0	1.0
skygarden_scene00001exb	Scene_Scene00001Exb	138	26.0794	6.1224	79.5728	0.0	0.7071	0.0	-0.7071	2.6523	2.3409	2.5892	1.0	1.0	1.0
skygarden_scene00001exb	Scene_Scene00001Exb	139	8.5274	24.7747	64.8145	0.0	1.0	0.0	0.0	1.318	1.1632	1.2866	1.0	1.0	1.0
skygarden_scene00001exb	Scene_Scene00001Exb	140	-14.6594	3.7191	64.9472	0.0	1.0	0.0	0.0	8.2642	9.5977	13.4756	1.0	1.0	1.0
skygarden_scene00001exb	Scene_Scene00001Exb	141	106.544	0.6944	60.2965	0.0	1.0	0.0	0.0	8.2642	8.589	13.4756	1.0	1.0	1.0
skygarden_scene00001exb	Scene_Scene00001Exb	142	-20.0204	17.3999	70.1571	0.0	1.0	0.0	0.0	2.7536	6.6668	2.7309	1.0	1.0	1.0
skygarden_scene00001exb	Scene_Scene00001Exb	143	-14.6164	-1.6284	53.9786	0.0	1.0	0.0	0.0	4.2264	13.0392	6.2339	1.0	1.0	1.0
skygarden_scene00001exb	Scene_Scene00001Exb	144	-16.8124	2.1493	56.4556	0.0	1.0	0.0	0.0	5.4399	9.1376	3.6584	1.0	1.0	1.0
skygarden_scene00001exb	Scene_Scene00001Exb	145	104.391	-0.3709	51.8049	0.0	1.0	0.0	0.0	5.4399	9.1376	3.6584	1.0	1.0	1.0
skygarden_scene00001exb	Scene_Scene00001Exb	146	-19.0114	3.3868	58.5733	0.0	1.0	0.0	0.0	3.3194	11.1904	3.2445	1.0	1.0	1.0
skygarden_scene00001exb	Scene_Scene00001Exb	147	101.5352	0.8664	53.9226	0.0	1.0	0.0	0.0	3.3194	11.1904	3.2445	1.0	1.0	1.0
skygarden_scene00001exb	Scene_Scene00001Exb	148	-10.8254	2.1792	59.6285	0.0	1.0	0.0	0.0	6.7316	2.3017	10.5923	1.0	1.0	1.0
skygarden_scene00001exb	Scene_Scene00001Exb	149	110.378	-0.341	54.9778	0.0	1.0	0.0	0.0	6.7316	2.3017	10.5923	1.0	1.0	1.0
skygarden_scene00001exb	Scene_Scene00001Exb	150	-9.4674	14.9559	64.8405	0.0	1.0	0.0	0.0	4.8236	4.5795	4.7478	1.0	1.0	1.0
skygarden_scene00001exb	Scene_Scene00001Exb	151	111.736	12.4356	60.1899	0.0	1.0	0.0	0.0	4.8236	4.5795	4.7478	1.0	1.0	1.0
skygarden_scene00001exb	Scene_Scene00001Exb	152	-12.3924	12.3218	61.8145	0.0	1.0	0.0	0.0	2.5095	2.4907	2.4815	1.0	1.0	1.0
skygarden_scene00001exb	Scene_Scene00001Exb	153	108.811	9.8015	53.1646	0.0	1.0	0.0	0.0	2.5095	2.4907	2.4815	1.0	1.0	1.0
skygarden_scene00001exb	Scene_Scene00001Exb	154	98.9767	-0.3593	54.706	0.0	1.0	0.0	0.0	9.8662	0.9599	16.8926	1.0	1.0	1.0
skygarden_scene00001exb	Scene_Scene00001Exb	155	90.2841	-0.2013	36.767	0.0	1.0	0.0	0.0	9.8662	0.8984	20.2839	1.0	1.0	1.0
skygarden_scene00001exb	Scene_Scene00001Exb	156	99.3667	0.0556	41.544	0.0	1.0	0.0	0.0	9.6839	0.8984	9.5568	1.0	1.0	1.0
skygarden_scene00001exb	Scene_Scene00001Exb	157	95.1367	0.6656	32.605	0.0	1.0	0.0	0.0	15.7254	0.8984	9.0464	1.0	1.0	1.0
skygarden_scene00001exb	Scene_Scene00001Exb	158	109.6867	0.2356	43.983	0.0	1.0	0.0	0.0	11.1258	1.8607	15.6317	1.0	1.0	1.0
skygarden_scene00001exb	Scene_Scene00001Exb	159	118.6867	-0.4093	46.447	0.0	1.0	0.0	0.0	8.2158	1.3167	7.5631	1.0	1.0	1.0
skygarden_scene00001exb	Scene_Scene00001Exb	160	112.1467	-1.0463	55.578	0.0	1.0	0.0	0.0	10.1874	0.6791	11.0245	1.0	1.0	1.0
skygarden_scene00001exb	Scene_Scene00001Exb	161	104.8168	-0.6933	64.877	0.0	1.0	0.0	0.0	13.3494	0.7755	12.8859	1.0	1.0	1.0
skygarden_scene00001exb	Scene_Scene00001Exb	162	106.6968	0.0626	63.179	0.0	1.0	0.0	0.0	9.8215	0.7755	9.2979	1.0	1.0	1.0
skygarden_scene00001exb	Scene_Scene00001Exb	163	111.0767	0.4796	68.273	0.0	1.0	0.0	0.0	4.2146	0.4208	4.0884	1.0	1.0	1.0
skygarden_scene00001exb	Scene_Scene00001Exb	164	105.7567	2.0186	40.641	0.0	1.0	0.0	0.0	6.7145	0.4208	6.4603	1.0	1.0	1.0
skygarden_scene00001exb	Scene_Scene00001Exb	165	88.2313	0.1544	17.4472	0.0	1.0	0.0	0.0	13.1318	0.788	21.2777	1.0	1.0	1.0
skygarden_scene00001exb	Scene_Scene00001Exb	166	76.9479	-0.3048	19.6476	0.0	1.0	0.0	0.0	5.484	0.811	5.5617	1.0	1.0	1.0
skygarden_scene00001exb	Scene_Scene00001Exb	167	0.0187	0.0115	-8.4618	0.0	0.0	0.0	-1.0	5.5184	0.811	5.5557	1.0	1.0	1.0
skygarden_scene00001exb	Scene_Scene00001Exb	168	80.3997	-0.8083	29.388	0.0	1.0	0.0	0.0	4.513	0.5244	10.1576	1.0	1.0	1.0
skygarden_scene00001exb	Scene_Scene00001Exb	169	81.165	-0.3544	14.0752	0.0	1.0	0.0	0.0	6.5272	1.1878	13.05	1.0	1.0	1.0
skygarden_scene00001exb	Scene_Scene00001Exb	170	-4.6294	-0.3713	-0.3228	0.0	0.0	0.0	-1.0	7.3457	1.1878	11.6991	1.0	1.0	1.0
skygarden_scene00001exb	Scene_Scene00001Exb	171	80.4247	-0.7393	4.1273	0.0	1.0	0.0	0.0	9.8482	0.6561	9.1627	1.0	1.0	1.0
skygarden_scene00001exb	Scene_Scene00001Exb	172	88.3367	-0.3443	0.4669	0.0	1.0	0.0	0.0	6.7158	1.474	9.8432	1.0	1.0	1.0
skygarden_scene00001exb	Scene_Scene00001Exb	173	84.8417	0.0826	4.3788	0.0	1.0	0.0	0.0	8.644	0.3095	5.7765	1.0	1.0	1.0
skygarden_scene00001exb	Scene_Scene00001Exb	174	81.3487	0.1388	7.7236	0.0	1.0	0.0	0.0	5.2745	1.265	5.123	1.0	1.0	1.0
skygarden_scene00001exb	Scene_Scene00001Exb	175	-5.4783	0.1351	6.9223	0.0	0.0	0.0	-1.0	5.2745	1.0903	4.7511	1.0	1.0	1.0
skygarden_scene00001exb	Scene_Scene00001Exb	176	94.3567	-0.3523	9.39	0.0	1.0	0.0	0.0	10.6965	1.1343	16.725	1.0	1.0	1.0
skygarden_scene00001exb	Scene_Scene00001Exb	177	96.2667	-1.0953	1.6869	0.0	1.0	0.0	0.0	9.5864	0.378	7.3016	1.0	1.0	1.0
skygarden_scene00001exb	Scene_Scene00001Exb	178	103.0867	-0.6943	11.756	0.0	1.0	0.0	0.0	7.007	0.7734	13.2188	1.0	1.0	1.0
skygarden_scene00001exb	Scene_Scene00001Exb	179	105.7267	-0.4911	31.0403	0.0	1.0	0.0	0.0	7.4924	0.6155	12.1502	1.0	1.0	1.0
skygarden_scene00001exb	Scene_Scene00001Exb	180	86.3727	-0.6013	61.372	0.0	1.0	0.0	0.0	6.8969	0.9789	5.8678	1.0	1.0	1.0
skygarden_scene00001exb	Scene_Scene00001Exb	181	81.7327	-0.9483	58.127	0.0	1.0	0.0	0.0	3.4372	0.2556	2.9586	1.0	1.0	1.0
skygarden_scene00001exb	Scene_Scene00001Exb	182	84.2997	0.7376	10.589	0.0	1.0	0.0	0.0	3.9876	0.5644	3.9183	1.0	1.0	1.0
skygarden_scene00001exb	Scene_Scene00001Exb	183	97.0948	1.0758	29.0948	0.0	1.0	0.0	0.0	4.8773	0.8564	4.7833	1.0	1.0	1.0
skygarden_scene00001exb	Scene_Scene00001Exb	184	120.1785	-0.6283	-22.0089	0.0	0.7071	0.0	-0.7071	12.5791	1.2238	13.5938	1.0	1.0	1.0
skygarden_scene00001exb	Scene_Scene00001Exb	185	104.2716	-0.4268	-10.1738	0.0	0.7071	0.0	-0.7071	13.1565	1.1454	19.2774	1.0	1.0	1.0
skygarden_scene00001exb	Scene_Scene00001Exb	186	101.5658	0.6784	-17.1129	0.0	0.7071	0.0	-0.7071	20.0494	1.1454	8.9251	1.0	1.0	1.0
skygarden_scene00001exb	Scene_Scene00001Exb	187	104.3485	1.2139	-27.5679	0.0	0.7071	0.0	-0.7071	9.9453	1.5139	6.423	1.0	1.0	1.0
skygarden_scene00001exb	Scene_Scene00001Exb	188	111.5485	0.1302	-35.6639	0.0	0.7071	0.0	-0.7071	14.185	2.3723	12.5792	1.0	1.0	1.0
skygarden_scene00001exb	Scene_Scene00001Exb	189	113.5285	-0.692	-47.1379	0.0	0.7071	0.0	-0.7071	10.4749	1.6788	6.0861	1.0	1.0	1.0
skygarden_scene00001exb	Scene_Scene00001Exb	190	120.8884	-1.5042	-38.7999	0.0	0.7071	0.0	-0.7071	12.9886	0.8659	8.8717	1.0	1.0	1.0
skygarden_scene00001exb	Scene_Scene00001Exb	191	82.2399	-0.6283	-58.993	0.0	0.0	0.0	-1.0	12.5791	1.2238	13.5938	1.0	1.0	1.0
skygarden_scene00001exb	Scene_Scene00001Exb	192	68.6925	0.1302	-51.5573	0.0	0.0	0.0	-1.0	14.185	1.9469	12.5791	1.0	1.0	1.0
skygarden_scene00001exb	Scene_Scene00001Exb	193	65.3265	1.8131	-52.0574	0.0	0.0	0.0	-1.0	6.5076	1.048	5.2241	1.0	1.0	1.0
skygarden_scene00001exb	Scene_Scene00001Exb	194	57.2185	-0.692	-53.5374	0.0	0.0	0.0	-1.0	10.4749	1.6788	6.0861	1.0	1.0	1.0
skygarden_scene00001exb	Scene_Scene00001Exb	195	65.5565	-1.5042	-60.8973	0.0	0.0	0.0	-1.0	12.9886	0.8659	8.8717	1.0	1.0	1.0
skygarden_scene00001exb	Scene_Scene00001Exb	196	74.9025	-1.0542	-68.3673	0.0	0.0	0.0	-1.0	17.02	0.9888	10.3695	1.0	1.0	1.0
skygarden_scene00001exb	Scene_Scene00001Exb	197	72.5045	0.1796	-66.9973	0.0	0.0	0.0	-1.0	12.5221	0.9888	7.4822	1.0	1.0	1.0
skygarden_scene00001exb	Scene_Scene00001Exb	198	65.049	0.4413	-75.8256	0.0	0.0	0.0	-1.0	5.3735	0.5365	3.29	1.0	1.0	1.0
skygarden_scene00001exb	Scene_Scene00001Exb	199	94.5325	-0.1553	7.8509	0.0	0.7071	0.0	-0.7071	6.0032	1.034	3.7341	1.0	1.0	1.0
skygarden_scene00001exb	Scene_Scene00001Exb	200	99.7985	-1.2007	1.6752	0.0	0.7071	0.0	-0.7071	5.754	0.6686	8.1741	1.0	1.0	1.0
skygarden_scene00001exb	Scene_Scene00001Exb	201	87.9405	-0.6436	1.8447	0.0	0.7071	0.0	-0.7071	8.322	1.5144	10.2365	1.0	1.0	1.0
skygarden_scene00001exb	Scene_Scene00001Exb	202	79.4765	-1.1128	1.6432	0.0	0.7071	0.0	-0.7071	12.5562	0.8365	7.3734	1.0	1.0	1.0
skygarden_scene00001exb	Scene_Scene00001Exb	203	76.4074	-0.7175	-8.4741	0.0	0.7071	0.0	-0.7071	9.3021	1.8794	8.169	1.0	1.0	1.0
skygarden_scene00001exb	Scene_Scene00001Exb	204	-1.2029	-0.2547	23.4221	0.0	-0.7071	0.0	-0.7071	9.28	1.1705	7.9211	1.0	1.0	1.0
skygarden_scene00001exb	Scene_Scene00001Exb	205	79.0442	-0.1279	-3.8612	0.0	0.7071	0.0	-0.7071	11.2755	1.317	5.9189	1.0	1.0	1.0
skygarden_scene00001exb	Scene_Scene00001Exb	206	-4.8091	-0.0648	18.7537	0.0	-0.7071	0.0	-0.7071	11.1542	1.317	3.934	1.0	1.0	1.0
skygarden_scene00001exb	Scene_Scene00001Exb	207	84.1782	-0.6194	-16.1189	0.0	0.7071	0.0	-0.7071	13.6377	1.4462	12.5276	1.0	1.0	1.0
skygarden_scene00001exb	Scene_Scene00001Exb	208	-7.6988	-0.6194	30.7826	0.0	-0.7071	0.0	-0.7071	13.3009	1.4462	13.4738	1.0	1.0	1.0
skygarden_scene00001exb	Scene_Scene00001Exb	209	77.5125	-1.5666	-18.5539	0.0	0.7071	0.0	-0.7071	12.2224	0.4819	5.8758	1.0	1.0	1.0
skygarden_scene00001exb	Scene_Scene00001Exb	210	85.6155	-1.0554	-27.2489	0.0	0.7071	0.0	-0.7071	8.9337	0.986	10.6375	1.0	1.0	1.0
skygarden_scene00001exb	Scene_Scene00001Exb	211	100.3056	-1.165	-30.6159	0.0	0.7071	0.0	-0.7071	9.5525	0.7847	10.7764	1.0	1.0	1.0
skygarden_scene00001exb	Scene_Scene00001Exb	212	129.731	-0.9368	-5.9401	0.0	0.7071	0.0	-0.7071	8.7934	1.2481	4.7219	1.0	1.0	1.0
skygarden_scene00001exb	Scene_Scene00001Exb	213	127.121	-1.3792	-0.0242	0.0	0.7071	0.0	-0.7071	4.3823	0.3259	2.3808	1.0	1.0	1.0
skygarden_scene00001exb	Scene_Scene00001Exb	214	87.6605	0.1423	-11.1469	0.0	0.7071	0.0	-0.7071	10.4168	0.6206	6.4306	1.0	1.0	1.0
skygarden_scene00001exb	Scene_Scene00001Exb	215	84.6765	0.4997	-3.2972	0.0	0.7071	0.0	-0.7071	5.0841	0.3089	3.1531	1.0	1.0	1.0
skygarden_scene00001exb	Scene_Scene00001Exb	216	-18.225	-0.6062	-49.873	0.0	-0.7071	0.0	-0.7071	12.3567	1.2022	21.7301	1.0	1.0	1.0
skygarden_scene00001exb	Scene_Scene00001Exb	217	4.8434	-0.4084	-61.783	0.0	-0.7071	0.0	-0.7071	12.3567	1.1252	26.0927	1.0	1.0	1.0
skygarden_scene00001exb	Scene_Scene00001Exb	218	-1.2951	-0.0865	-49.3849	0.0	-0.7071	0.0	-0.7071	12.1283	1.1252	12.2935	1.0	1.0	1.0
skygarden_scene00001exb	Scene_Scene00001Exb	219	10.2139	0.6774	-54.6829	0.0	-0.7071	0.0	-0.7071	19.6949	1.1252	11.6371	1.0	1.0	1.0
skygarden_scene00001exb	Scene_Scene00001Exb	220	7.0809	1.2035	-44.4129	0.0	-0.7071	0.0	-0.7071	9.7694	1.4871	10.2674	1.0	1.0	1.0
skygarden_scene00001exb	Scene_Scene00001Exb	221	-4.4288	0.1388	-36.4599	0.0	-0.7071	0.0	-0.7071	13.9342	2.3304	20.1082	1.0	1.0	1.0
skygarden_scene00001exb	Scene_Scene00001Exb	222	-5.2274	1.792	-33.1529	0.0	-0.7071	0.0	-0.7071	6.3925	1.0295	8.3509	1.0	1.0	1.0
skygarden_scene00001exb	Scene_Scene00001Exb	223	-7.5939	-0.4293	-25.1889	0.0	-0.7071	0.0	-0.7071	10.2897	1.6491	9.7289	1.0	1.0	1.0
skygarden_scene00001exb	Scene_Scene00001Exb	224	-19.3589	-1.4667	-29.9416	0.0	-0.7071	0.0	-0.7071	19.6335	0.8506	14.1817	1.0	1.0	1.0
skygarden_scene00001exb	Scene_Scene00001Exb	225	-35.68	0.4444	-34.719	0.0	-0.7071	0.0	-0.7071	5.2784	0.527	5.2592	1.0	1.0	1.0
skygarden_scene00001exb	Scene_Scene00001Exb	226	-0.1282	2.3719	-41.3819	0.0	-0.7071	0.0	-0.7071	8.4094	0.527	8.3104	1.0	1.0	1.0
skygarden_scene00001exb	Scene_Scene00001Exb	227	25.2098	0.9845	-72.7356	0.0	-0.7071	0.0	-0.7071	5.8971	2.3846	5.969	1.0	1.0	1.0
skygarden_scene00001exb	Scene_Scene00001Exb	228	14.3549	-1.1685	-73.1389	0.0	-0.7071	0.0	-0.7071	5.6523	0.6568	13.0665	1.0	1.0	1.0
skygarden_scene00001exb	Scene_Scene00001Exb	229	38.2999	-1.0822	-70.3322	0.0	-0.7071	0.0	-0.7071	12.3342	0.8217	11.7867	1.0	1.0	1.0
skygarden_scene00001exb	Scene_Scene00001Exb	230	51.548	-0.5874	-63.198	0.0	-0.7071	0.0	-0.7071	8.411	1.8461	12.6621	1.0	1.0	1.0
skygarden_scene00001exb	Scene_Scene00001Exb	231	46.5159	-0.0527	-67.5749	0.0	-0.7071	0.0	-0.7071	10.826	1.2937	7.4308	1.0	1.0	1.0
skygarden_scene00001exb	Scene_Scene00001Exb	232	39.5966	-0.5975	-56.9306	0.0	-0.7071	0.0	-0.7071	15.9393	1.4206	22.457	1.0	1.0	1.0
skygarden_scene00001exb	Scene_Scene00001Exb	233	49.9799	-1.5281	-53.2669	0.0	-0.7071	0.0	-0.7071	12.0063	0.4734	9.3926	1.0	1.0	1.0
skygarden_scene00001exb	Scene_Scene00001Exb	234	37.027	-1.0257	-44.726	0.0	-0.7071	0.0	-0.7071	8.7757	0.9686	17.0043	1.0	1.0	1.0
skygarden_scene00001exb	Scene_Scene00001Exb	235	12.484	-1.1335	-41.4179	0.0	-0.7071	0.0	-0.7071	9.3836	0.7708	15.107	1.0	1.0	1.0
skygarden_scene00001exb	Scene_Scene00001Exb	236	-26.7919	-0.9093	-65.6579	0.0	-0.7071	0.0	-0.7071	8.6379	1.226	7.5482	1.0	1.0	1.0
skygarden_scene00001exb	Scene_Scene00001Exb	237	13.699	2.933	-51.476	0.0	-0.7071	0.0	-0.7071	6.1085	0.3931	6.1531	1.0	1.0	1.0
skygarden_scene00001exb	Scene_Scene00001Exb	238	-20.1776	-0.3355	23.4789	0.0	-1.0	0.0	0.0	13.2736	0.9365	26.8739	1.0	1.0	1.0
skygarden_scene00001exb	Scene_Scene00001Exb	239	-31.2792	-0.1814	10.4807	0.0	-1.0	0.0	0.0	9.6262	0.8765	20.327	1.0	1.0	1.0
skygarden_scene00001exb	Scene_Scene00001Exb	240	-24.8969	0.6017	6.4807	0.0	-1.0	0.0	0.0	17.046	1.2463	8.6975	1.0	1.0	1.0
skygarden_scene00001exb	Scene_Scene00001Exb	241	-11.5518	0.1705	15.3011	0.0	-1.0	0.0	0.0	10.8552	1.6667	15.6649	1.0	1.0	1.0
skygarden_scene00001exb	Scene_Scene00001Exb	242	-7.1616	0.7533	16.0846	0.0	-1.0	0.0	0.0	4.98	1.6774	6.5056	1.0	1.0	1.0
skygarden_scene00001exb	Scene_Scene00001Exb	243	-4.0166	-0.268	19.6846	0.0	-1.0	0.0	0.0	6.0321	0.9667	5.5556	1.0	1.0	1.0
skygarden_scene00001exb	Scene_Scene00001Exb	244	-9.1516	-1.006	29.3347	0.0	-1.0	0.0	0.0	9.9396	0.6626	11.0479	1.0	1.0	1.0
skygarden_scene00001exb	Scene_Scene00001Exb	245	-16.304	-0.6614	38.6377	0.0	-1.0	0.0	0.0	13.0247	0.7567	12.9132	1.0	1.0	1.0
skygarden_scene00001exb	Scene_Scene00001Exb	246	-14.4693	0.0761	36.9327	0.0	-1.0	0.0	0.0	9.5826	0.7567	9.3177	1.0	1.0	1.0
skygarden_scene00001exb	Scene_Scene00001Exb	247	-10.1956	0.4829	42.0497	0.0	-1.0	0.0	0.0	4.1121	0.4106	4.097	1.0	1.0	1.0
skygarden_scene00001exb	Scene_Scene00001Exb	248	-32.4502	0.4126	-8.286	0.0	-1.0	0.0	0.0	12.8124	0.7688	21.8453	1.0	1.0	1.0
skygarden_scene00001exb	Scene_Scene00001Exb	249	-44.3936	0.0263	-1.0977	0.0	-1.0	0.0	0.0	4.594	0.7913	4.65	1.0	1.0	1.0
skygarden_scene00001exb	Scene_Scene00001Exb	250	-39.6686	-0.7736	5.46	0.0	-1.0	0.0	0.0	4.4033	0.5117	10.1792	1.0	1.0	1.0
skygarden_scene00001exb	Scene_Scene00001Exb	251	-40.2552	-0.3472	-11.6957	0.0	-1.0	0.0	0.0	6.3685	1.1589	12.7475	1.0	1.0	1.0
skygarden_scene00001exb	Scene_Scene00001Exb	252	-40.6724	-0.7063	-22.4962	0.0	-1.0	0.0	0.0	10.2909	0.6402	9.1822	1.0	1.0	1.0
skygarden_scene00001exb	Scene_Scene00001Exb	253	-32.3812	-0.321	-24.9529	0.0	-1.0	0.0	0.0	6.5524	1.4382	11.7649	1.0	1.0	1.0
skygarden_scene00001exb	Scene_Scene00001Exb	254	-44.2537	0.2322	-18.5522	0.0	-1.0	0.0	0.0	5.1462	1.2343	5.1339	1.0	1.0	1.0
skygarden_scene00001exb	Scene_Scene00001Exb	255	-26.5082	-0.3287	-15.7184	0.0	-1.0	0.0	0.0	10.4363	1.1067	14.2764	1.0	1.0	1.0
skygarden_scene00001exb	Scene_Scene00001Exb	256	-17.3481	-0.6624	-13.3404	0.0	-1.0	0.0	0.0	8.1225	0.7545	15.7492	1.0	1.0	1.0
skygarden_scene00001exb	Scene_Scene00001Exb	257	-15.4142	-0.7463	0.7142	0.0	-1.0	0.0	0.0	7.3101	0.6005	19.3973	1.0	1.0	1.0
skygarden_scene00001exb	Scene_Scene00001Exb	258	-34.2982	-0.5716	35.1257	0.0	-1.0	0.0	0.0	6.7292	0.9551	5.8802	1.0	1.0	1.0
skygarden_scene00001exb	Scene_Scene00001Exb	259	-38.8262	-0.9103	31.8757	0.0	-1.0	0.0	0.0	3.3536	0.2494	2.9649	1.0	1.0	1.0
skygarden_scene00001exb	Scene_Scene00001Exb	260	-23.7964	1.3957	2.7771	0.0	-1.0	0.0	0.0	4.7587	1.0319	6.4027	1.0	1.0	1.0
skygarden_scene00001exb	Scene_Scene00001Exb	261	-2.8256	-0.2957	60.4022	0.0	0.0	0.0	1.0	12.4005	0.9365	25.4011	1.0	1.0	1.0
skygarden_scene00001exb	Scene_Scene00001Exb	262	-3.3152	0.4447	80.1922	0.0	0.0	0.0	1.0	12.1714	0.8765	14.3704	1.0	1.0	1.0
skygarden_scene00001exb	Scene_Scene00001Exb	263	2.0009	0.6644	90.7141	0.0	0.0	0.0	1.0	19.7647	0.8765	13.603	1.0	1.0	1.0
skygarden_scene00001exb	Scene_Scene00001Exb	264	-8.305	1.0743	89.9822	0.0	0.0	0.0	1.0	9.8041	1.1585	12.0019	1.0	1.0	1.0
skygarden_scene00001exb	Scene_Scene00001Exb	265	-10.9123	0.9229	71.1079	0.0	0.0	0.0	1.0	5.7347	1.8154	12.6622	1.0	1.0	1.0
skygarden_scene00001exb	Scene_Scene00001Exb	266	-19.605	1.5327	75.5942	0.0	0.0	0.0	1.0	6.4152	0.802	9.7617	1.0	1.0	1.0
skygarden_scene00001exb	Scene_Scene00001Exb	267	-27.597	-0.3843	72.8292	0.0	0.0	0.0	1.0	10.3262	1.2847	11.3725	1.0	1.0	1.0
skygarden_scene00001exb	Scene_Scene00001Exb	268	-19.378	-1.006	59.0772	0.0	0.0	0.0	1.0	12.8042	0.6626	16.5774	1.0	1.0	1.0
skygarden_scene00001exb	Scene_Scene00001Exb	269	-10.165	-0.6614	45.1182	0.0	0.0	0.0	1.0	16.7784	0.7567	19.3763	1.0	1.0	1.0
skygarden_scene00001exb	Scene_Scene00001Exb	270	-12.528	0.0761	47.6762	0.0	0.0	0.0	1.0	12.3443	0.7567	13.9812	1.0	1.0	1.0
skygarden_scene00001exb	Scene_Scene00001Exb	271	-18.033	0.4829	39.9982	0.0	0.0	0.0	1.0	5.2972	0.4106	6.1476	1.0	1.0	1.0
skygarden_scene00001exb	Scene_Scene00001Exb	272	-11.347	1.9845	81.5552	0.0	0.0	0.0	1.0	8.4392	0.4106	9.7143	1.0	1.0	1.0
skygarden_scene00001exb	Scene_Scene00001Exb	273	-11.311	-0.7463	96.2982	0.0	0.0	0.0	1.0	9.4169	0.6005	17.6591	1.0	1.0	1.0
skygarden_scene00001exb	Scene_Scene00001Exb	274	13.015	-0.5716	50.3882	0.0	0.0	0.0	1.0	8.6686	0.9551	8.8233	1.0	1.0	1.0
skygarden_scene00001exb	Scene_Scene00001Exb	275	18.8479	-0.9103	55.2642	0.0	0.0	0.0	1.0	4.3201	0.2494	4.4488	1.0	1.0	1.0
skygarden_scene00001exb	Scene_Scene00001Exb	276	21.5894	-0.307	97.2273	0.0	-0.7071	0.0	0.707	4.9448	0.7018	3.5387	1.0	1.0	1.0
skygarden_scene00001exb	Scene_Scene00001Exb	277	19.6324	-0.5558	100.5543	0.0	-0.7071	0.0	0.707	2.4643	0.1833	1.7842	1.0	1.0	1.0
skygarden_scene00001exb	Scene_Scene00001Exb	278	36.8004	-0.1335	74.1004	0.0	0.707	0.0	0.7071	9.1123	0.6882	15.2862	1.0	1.0	1.0
skygarden_scene00001exb	Scene_Scene00001Exb	279	48.7104	0.1639	74.4604	0.0	0.707	0.0	0.7071	8.9439	0.6441	8.648	1.0	1.0	1.0
skygarden_scene00001exb	Scene_Scene00001Exb	280	56.8054	0.6012	70.5533	0.0	0.707	0.0	0.7071	14.5237	0.6441	8.1862	1.0	1.0	1.0
skygarden_scene00001exb	Scene_Scene00001Exb	281	46.5064	0.293	83.9913	0.0	0.707	0.0	0.7071	10.2756	1.334	14.1452	1.0	1.0	1.0
skygarden_scene00001exb	Scene_Scene00001Exb	282	45.9434	1.2394	86.4303	0.0	0.707	0.0	0.7071	4.7141	0.5893	5.8745	1.0	1.0	1.0
skygarden_scene00001exb	Scene_Scene00001Exb	283	44.2794	-0.1694	92.3033	0.0	0.707	0.0	0.7071	7.588	0.944	6.8439	1.0	1.0	1.0
skygarden_scene00001exb	Scene_Scene00001Exb	284	36.0034	-0.6262	86.2633	0.0	0.707	0.0	0.7071	9.4089	0.4869	9.9762	1.0	1.0	1.0
skygarden_scene00001exb	Scene_Scene00001Exb	285	27.6024	-0.373	79.4933	0.0	0.707	0.0	0.7071	12.3292	0.556	11.6605	1.0	1.0	1.0
skygarden_scene00001exb	Scene_Scene00001Exb	286	24.5214	0.4679	85.2753	0.0	0.707	0.0	0.7071	3.8925	0.3017	3.6996	1.0	1.0	1.0
skygarden_scene00001exb	Scene_Scene00001Exb	287	58.4024	-0.4354	80.3354	0.0	0.707	0.0	0.7071	6.9198	0.4413	10.6271	1.0	1.0	1.0
skygarden_scene00001exb	Scene_Scene00001Exb	288	2.4577	2.308	-30.8299	0.0	0.0	0.0	1.0	0.7836	0.7836	0.7836	1.0	1.0	1.0
skygarden_scene00001exb	Scene_Scene00001Exb	289	68.7874	1.2822	52.8657	0.0	-0.671	0.0	-0.7414	0.6635	0.6635	0.6635	1.0	1.0	1.0
skygarden_scene00001exb	Scene_Scene00001Exb	290	58.0849	0.4869	-34.4277	0.0	-0.7956	0.0	0.6057	1.0701	1.0701	1.0701	1.0	1.0	1.0
skygarden_scene00001exb	Scene_Scene00001Exb	291	80.6149	3.4263	-38.2277	0.0	-0.7956	0.0	0.6057	1.0701	1.0701	1.0701	1.0	1.0	1.0
skygarden_scene00001exb	Scene_Scene00001Exb	292	79.3792	3.5172	-33.7511	0.0	-0.7956	0.0	0.6057	1.9966	1.9966	1.9966	1.0	1.0	1.0
skygarden_scene00001exb	Scene_Scene00001Exb	293	44.3293	2.5481	-36.0254	0.0	-0.9998	0.0	-0.0161	0.7826	0.7826	0.7826	1.0	1.0	1.0
skygarden_scene00001exb	Scene_Scene00001Exb	294	45.5239	-0.499	22.031	0.0	0.0	0.0	1.0	111.727	1.0	106.3971	1.0	1.0	1.0
skygarden_scene00001exb	Scene_Scene00001Exb	295	40.2532	-0.6399	21.9191	0.0	0.0	0.0	1.0	150.0	1.2999	151.6273	1.0	1.0	1.0
skygarden_scene00001exb	Scene_Scene00001Exb	296	16.0074	1.4789	49.936	0.0	0.5721	0.0	0.8201	0.05	4.0046	0.05	1.0	1.0	1.0
skygarden_scene00001exb	Scene_Scene00001Exb	297	16.256	2.1279	49.2603	0.0	0.5721	0.0	0.8201	0.05	4.8605	0.05	1.0	1.0	1.0
skygarden_scene00001exb	Scene_Scene00001Exb	298	5.3612	2.128	-22.8065	0.0	0.5721	0.0	0.8201	0.05	5.3562	0.05	1.0	1.0	1.0
skygarden_scene00001exb	Scene_Scene00001Exb	299	6.4536	1.907	-22.4045	0.0	0.5721	0.0	0.8201	0.05	3.389	0.05	1.0	1.0	1.0
skygarden_scene00001exb	Scene_Scene00001Exb	300	22.6152	2.3689	-25.3271	0.0	0.5721	0.0	0.8201	0.05	6.1987	0.05	1.0	1.0	1.0
skygarden_scene00001exb	Scene_Scene00001Exb	301	26.3357	4.0799	-21.8568	0.0	0.5721	0.0	0.8201	0.05	7.5596	0.05	1.0	1.0	1.0
skygarden_scene00001exb	Scene_Scene00001Exb	302	27.4074	4.0799	-21.4624	0.0	0.5721	0.0	0.8201	0.05	8.7785	0.05	1.0	1.0	1.0
skygarden_scene00001exb	Scene_Scene00001Exb	303	45.1953	2.128	-20.1529	0.0	0.0	0.0	1.0	0.05	5.0746	0.05	1.0	1.0	1.0
skygarden_scene00001exb	Scene_Scene00001Exb	304	45.9153	1.7839	-20.1553	0.0	0.0	0.0	1.0	0.05	4.6541	0.05	1.0	1.0	1.0
skygarden_scene00001exb	Scene_Scene00001Exb	305	67.7973	2.128	-39.814	0.0	0.0	0.0	1.0	0.05	4.8815	0.05	1.0	0.9999	1.0
skygarden_scene00001exb	Scene_Scene00001Exb	306	67.7973	1.5128	-38.6496	0.0	0.0	0.0	1.0	0.05	3.389	0.05	1.0	1.0	1.0
skygarden_scene00001exb	Scene_Scene00001Exb	307	76.1213	2.3689	-24.492	0.0	0.0	0.0	1.0	0.05	5.8019	0.05	1.0	0.9999	1.0
skygarden_scene00001exb	Scene_Scene00001Exb	308	74.1493	3.1735	-19.7994	0.0	0.0	0.0	1.0	0.05	8.2203	0.05	1.0	0.9999	1.0
skygarden_scene00001exb	Scene_Scene00001Exb	309	74.1493	4.0799	-18.6599	0.0	0.0	0.0	1.0	0.05	8.7785	0.05	1.0	1.0	1.0
skygarden_scene00001exb	Scene_Scene00001Exb	310	-2.3452	2.128	43.8905	0.0	0.0	0.0	1.0	0.05	5.0746	0.05	1.0	1.0	1.0
skygarden_scene00001exb	Scene_Scene00001Exb	311	-1.6252	1.7839	43.8882	0.0	0.0	0.0	1.0	0.05	4.6541	0.05	1.0	1.0	1.0
skygarden_scene00001exb	Scene_Scene00001Exb	312	20.2567	2.128	-20.5118	0.0	0.0	0.0	1.0	0.05	4.8815	0.05	1.0	0.9999	1.0
skygarden_scene00001exb	Scene_Scene00001Exb	313	20.2567	1.5128	-19.3475	0.0	0.0	0.0	1.0	0.05	3.389	0.05	1.0	1.0	1.0
skygarden_scene00001exb	Scene_Scene00001Exb	314	26.6087	3.1735	44.2441	0.0	0.0	0.0	1.0	0.05	8.2203	0.05	1.0	0.9999	1.0
skygarden_scene00001exb	Scene_Scene00001Exb	315	26.6087	4.08	45.3835	0.0	0.0	0.0	1.0	0.05	8.7785	0.05	1.0	1.0	1.0
skygarden_scene00001exb	Scene_Scene00001Exb	316	61.9024	1.7788	-15.1289	0.0	-0.2783	0.0	0.9604	0.05	4.6541	0.05	1.0	1.0	1.0
skygarden_scene00001exb	Scene_Scene00001Exb	317	90.9047	3.5699	-20.0435	0.0	-0.2783	0.0	0.9604	0.05	9.4713	0.05	1.0	1.0	1.0
skygarden_scene00001exb	Scene_Scene00001Exb	318	90.2822	1.5077	-19.0595	0.0	-0.2783	0.0	0.9604	0.05	3.389	0.05	1.0	1.0	1.0
skygarden_scene00001exb	Scene_Scene00001Exb	319	89.7476	2.3639	-2.6448	0.0	-0.2783	0.0	0.9604	0.05	5.8019	0.05	1.0	1.0	1.0
skygarden_scene00001exb	Scene_Scene00001Exb	320	61.2927	2.1229	-15.5119	0.0	-0.2783	0.0	0.9604	0.05	5.0746	0.05	1.0	1.0	1.0
skygarden_scene00001exb	Scene_Scene00001Exb	321	-24.6491	1.7788	58.3186	0.0	-0.0785	0.0	0.9969	0.0499	4.6541	0.0499	0.9999	1.0	0.9999
skygarden_scene00001exb	Scene_Scene00001Exb	322	0.0431	2.1229	42.3319	0.0	-0.0785	0.0	0.9969	0.0499	4.8815	0.0499	0.9999	0.9999	0.9999
skygarden_scene00001exb	Scene_Scene00001Exb	323	-0.1393	1.5077	43.4818	0.0	-0.0785	0.0	0.9969	0.0499	3.389	0.0499	0.9999	1.0	0.9999
skygarden_scene00001exb	Scene_Scene00001Exb	324	5.8632	2.3639	58.769	0.0	-0.0785	0.0	0.9969	0.0499	5.8019	0.0499	0.9999	1.0	0.9999
skygarden_scene00001exb	Scene_Scene00001Exb	325	3.1802	3.1684	63.0946	0.0	-0.0785	0.0	0.9969	0.0499	8.2203	0.0499	0.9999	1.0	0.9999
skygarden_scene00001exb	Scene_Scene00001Exb	326	3.0016	4.0749	64.22	0.0	-0.0785	0.0	0.9969	0.0499	8.7785	0.0499	0.9999	1.0	0.9999
skygarden_scene00001exb	Scene_Scene00001Exb	327	-25.3606	2.1229	58.208	0.0	-0.0785	0.0	0.9969	0.0499	5.0746	0.0499	0.9999	1.0	0.9999
skygarden_scene00001exb	Scene_Scene00001Exb	328	4.15	2.3399	-30.8299	0.0	0.0	0.0	1.0	2.6608	2.6608	2.6608	1.0	1.0	1.0
skygarden_scene00001exb	Scene_Scene00001Exb	329	67.732	1.6021	50.956	0.0	-0.671	0.0	-0.7414	1.9272	1.9272	1.9272	1.0	1.0	1.0
skygarden_scene00001exb	Scene_Scene00001Exb	330	4.8364	0.7168	-30.8299	0.0	0.0	0.0	1.0	1.2859	1.2859	1.2859	1.0	1.0	1.0
skygarden_scene00001exb	Scene_Scene00001Exb	331	2.4577	2.308	-30.8299	0.0	0.0	0.0	1.0	0.7836	0.7836	0.7836	1.0	1.0	1.0
skygarden_scene00001exb	Scene_Scene00001Exb	332	2.4577	2.308	-30.8299	0.0	0.0	0.0	1.0	0.7836	0.7836	0.7836	1.0	1.0	1.0
skygarden_scene00001exb	Scene_Scene00001Exb	333	5.8582	2.3745	-30.8299	0.0	0.0	0.0	1.0	1.462	1.462	1.462	1.0	1.0	1.0
skygarden_scene00001exb	Scene_Scene00001Exb	334	68.7874	1.2822	52.8657	0.0	-0.671	0.0	-0.7414	0.6635	0.6635	0.6635	1.0	1.0	1.0
skygarden_scene00001exb	Scene_Scene00001Exb	335	68.7874	1.2822	52.8657	0.0	-0.671	0.0	-0.7414	0.6635	0.6635	0.6635	1.0	1.0	1.0
skygarden_scene00001exb	Scene_Scene00001Exb	336	71.5868	2.6092	49.6858	0.0	-0.671	0.0	-0.7414	1.2379	1.2379	1.2379	1.0	1.0	1.0
skygarden_scene00001exb	Scene_Scene00001Exb	337	33.4259	2.9321	-33.9399	0.0	0.0	0.0	1.0	5.1514	5.1514	1.0317	1.0	1.0	1.0
skygarden_scene00001exb	Scene_Scene00001Exb	338	20.204	3.91	-31.4829	0.0	-0.7956	0.0	0.6057	6.137	2.606	3.5561	0.9999	1.0	0.9999
skygarden_scene00001exb	Scene_Scene00001Exb	339	34.755	-0.2102	-33.9399	0.0	0.0	0.0	1.0	2.4897	2.4897	2.4897	1.0	1.0	1.0
skygarden_scene00001exb	Scene_Scene00001Exb	340	25.2639	0.1665	-29.958	0.0	-0.7956	0.0	0.6057	2.966	2.966	2.966	0.9999	0.9999	0.9999
skygarden_scene00001exb	Scene_Scene00001Exb	341	24.9699	3.8364	-39.268	0.0	-0.7956	0.0	0.6057	3.1115	3.1115	3.1115	0.9999	1.0	0.9999
skygarden_scene00001exb	Scene_Scene00001Exb	342	14.1	3.9899	-27.686	0.0	-0.7956	0.0	0.6057	3.372	3.372	3.372	0.9999	1.0	0.9999
skygarden_scene00001exb	Scene_Scene00001Exb	343	30.1499	2.8703	-33.9399	0.0	0.0	0.0	1.0	1.5171	1.5171	1.5171	1.0	1.0	1.0
skygarden_scene00001exb	Scene_Scene00001Exb	344	36.734	2.999	-33.9399	0.0	0.0	0.0	1.0	2.8304	2.8304	2.8304	1.0	1.0	1.0
skygarden_scene00001exb	Scene_Scene00001Exb	345	60.9198	0.3633	-31.3004	0.0	-0.7956	0.0	0.6057	1.7562	1.7562	1.7562	0.9999	0.9999	0.9999
skygarden_scene00001exb	Scene_Scene00001Exb	346	58.0849	0.4869	-34.4277	0.0	-0.7956	0.0	0.6057	1.0701	1.0701	1.0701	1.0	1.0	1.0
skygarden_scene00001exb	Scene_Scene00001Exb	347	58.0849	0.4869	-34.4277	0.0	-0.7956	0.0	0.6057	1.0701	1.0701	1.0701	0.9999	1.0	0.9999
skygarden_scene00001exb	Scene_Scene00001Exb	348	53.8517	2.6272	-29.9493	0.0	-0.7956	0.0	0.6057	1.9966	1.9966	1.9966	0.9999	1.0	0.9999
skygarden_scene00001exb	Scene_Scene00001Exb	349	57.47	2.5799	-32.2	0.0	-0.7956	0.0	0.6057	3.6338	3.6338	3.6338	0.9999	1.0	0.9999
skygarden_scene00001exb	Scene_Scene00001Exb	350	60.458	0.4104	-32.179	0.0	-0.671	0.0	-0.7414	1.9741	1.9741	1.9741	1.0	1.0	1.0
skygarden_scene00001exb	Scene_Scene00001Exb	351	69.6849	0.5492	-29.2539	0.0	-0.671	0.0	-0.7414	1.2029	1.2029	1.2029	1.0	0.9999	1.0
skygarden_scene00001exb	Scene_Scene00001Exb	352	74.761	2.9551	-35.019	0.0	-0.671	0.0	-0.7414	0.4769	1.4713	2.833	1.0	0.9999	1.0
skygarden_scene00001exb	Scene_Scene00001Exb	353	69.944	2.9021	-31.839	0.0	-0.671	0.0	-0.7414	0.991	4.0846	4.0847	1.0	1.0	1.0
skygarden_scene00001exb	Scene_Scene00001Exb	354	79.7505	1.2533	-35.0962	0.0	-0.7956	0.0	0.6057	1.7562	1.7562	1.7562	0.9999	0.9999	0.9999
skygarden_scene00001exb	Scene_Scene00001Exb	355	80.6149	3.4263	-38.2277	0.0	-0.7956	0.0	0.6057	1.0701	1.0701	1.0701	1.0	1.0	1.0
skygarden_scene00001exb	Scene_Scene00001Exb	356	80.6149	3.4263	-38.2277	0.0	-0.7956	0.0	0.6057	1.0701	1.0701	1.0701	0.9999	1.0	0.9999
skygarden_scene00001exb	Scene_Scene00001Exb	357	79.3792	3.5172	-33.7511	0.0	-0.7956	0.0	0.6057	1.9966	1.9966	1.9966	1.0	1.0	1.0
skygarden_scene00001exb	Scene_Scene00001Exb	358	79.3792	3.5172	-33.7511	0.0	-0.7956	0.0	0.6057	1.9966	1.9966	1.9966	0.9999	1.0	0.9999
skygarden_scene00001exb	Scene_Scene00001Exb	359	80.0	3.47	-36.0	0.0	-0.7956	0.0	0.6057	3.6338	3.6338	3.6338	0.9999	1.0	0.9999
skygarden_scene00001exb	Scene_Scene00001Exb	360	41.9546	0.9588	-36.1021	0.0	-0.9998	0.0	-0.0161	1.2844	1.2844	1.2844	0.9999	0.9999	0.9999
skygarden_scene00001exb	Scene_Scene00001Exb	361	44.3293	2.5481	-36.0254	0.0	-0.9998	0.0	-0.0161	0.7826	0.7826	0.7826	1.0	1.0	1.0
skygarden_scene00001exb	Scene_Scene00001Exb	362	44.3293	2.5481	-36.0254	0.0	-0.9998	0.0	-0.0161	0.7826	0.7826	0.7826	0.9999	1.0	0.9999
skygarden_scene00001exb	Scene_Scene00001Exb	363	40.9346	2.6145	-36.1351	0.0	-0.9998	0.0	-0.0161	1.4602	1.4602	1.4602	1.0	1.0	1.0
skygarden_scene00001exb	Scene_Scene00001Exb	364	42.6399	2.5799	-38.1399	0.0	-0.9998	0.0	-0.0161	2.6576	2.6576	2.6576	0.9999	0.9999	0.9999
skygarden_scene00001exb	Scene_Scene00001Exb	365	47.428	0.7544	-41.123	0.0	-0.9998	0.0	-0.0161	3.632	3.632	3.632	1.0	0.9999	1.0
skygarden_scene00001exb	Scene_Scene00001Exb	366	54.1419	5.2484	-40.9059	0.0	-0.9998	0.0	-0.0161	2.2131	2.2131	2.2131	0.9999	1.0	0.9999
skygarden_scene00001exb	Scene_Scene00001Exb	367	44.5429	5.4362	-41.2159	0.0	-0.9998	0.0	-0.0161	4.1291	4.1291	4.1291	0.9999	0.9999	0.9999
skygarden_scene00001exb	Scene_Scene00001Exb	368	49.365	5.3386	-41.06	0.0	-0.9998	0.0	-0.0161	2.1632	2.9326	7.5149	0.9999	1.0	1.0
skygarden_scene00001exb	Scene_Scene00001Exb	369	34.79	1.19	49.5999	0.0	0.0	0.0	1.0	2.576	2.576	2.576	1.0	1.0	1.0
skygarden_scene00001exb	Scene_Scene00001Exb	370	27.0799	4.3773	49.5999	0.0	0.0	0.0	1.0	3.0659	3.0659	3.0659	1.0	0.9999	0.9999
skygarden_scene00001exb	Scene_Scene00001Exb	371	37.4599	4.5106	49.5999	0.0	0.0	0.0	1.0	2.9286	2.9286	2.9286	1.0	1.0	1.0
skygarden_scene00001exb	Scene_Scene00001Exb	372	33.414	4.4413	49.5999	0.0	0.0	0.0	1.0	5.3301	5.3301	1.7359	1.0	1.0	0.9999
skygarden_scene00001exb	Scene_Scene00001Exb	373	62.8149	0.1113	52.7039	0.0	-0.7956	0.0	0.6057	3.1083	3.1084	3.1083	0.9999	0.9999	0.9999
skygarden_scene00001exb	Scene_Scene00001Exb	374	57.797	0.33	47.1689	0.0	-0.7956	0.0	0.6057	1.8941	1.8941	1.8941	0.9999	1.0	0.9999
skygarden_scene00001exb	Scene_Scene00001Exb	375	50.305	4.1181	55.095	0.0	-0.7956	0.0	0.6057	3.5338	3.5338	3.5338	0.9999	1.0	1.0
skygarden_scene00001exb	Scene_Scene00001Exb	376	56.7089	4.0345	51.1119	0.0	-0.7956	0.0	0.6057	0.8551	6.4316	6.4315	1.0	0.9999	0.9999
skygarden_scene00001exb	Scene_Scene00001Exb	377	79.549	1.2699	48.935	0.0	-0.7956	0.0	0.6057	3.1741	3.1741	3.1741	0.9999	1.0	0.9999
skygarden_scene00001exb	Scene_Scene00001Exb	378	81.111	5.1973	43.275	0.0	-0.7956	0.0	0.6057	1.9341	1.9341	1.9341	0.9999	1.0	0.9999
skygarden_scene00001exb	Scene_Scene00001Exb	379	78.8779	5.3615	51.366	0.0	-0.7956	0.0	0.6057	3.6085	3.6085	3.6085	0.9999	1.0	0.9999
skygarden_scene00001exb	Scene_Scene00001Exb	380	80.0	5.2761	47.3019	0.0	-0.7956	0.0	0.6057	1.2026	6.5675	6.5675	0.9999	1.0	0.9999
skygarden_scene00001exb	Scene_Scene00001Exb	381	48.1573	2.4301	42.4495	0.0	-0.9998	0.0	-0.0161	1.7667	1.7667	1.7667	0.9999	1.0	0.9999
skygarden_scene00001exb	Scene_Scene00001Exb	382	51.4237	4.6161	42.555	0.0	-0.9998	0.0	-0.0161	1.0765	1.0765	1.0765	0.9999	1.0	0.9999
skygarden_scene00001exb	Scene_Scene00001Exb	383	46.7543	4.7075	42.4042	0.0	-0.9998	0.0	-0.0161	2.0085	2.0085	2.0085	0.9999	1.0	0.9999
skygarden_scene00001exb	Scene_Scene00001Exb	384	49.0999	4.6599	42.4799	0.0	-0.9998	0.0	-0.0161	3.6555	3.6555	3.6555	0.9999	1.0	0.9999
skygarden_scene00001exb	Scene_Scene00001Exb	385	8.8275	0.68	49.02	0.0	0.0	0.0	1.0	1.9469	1.9469	1.9469	1.0	1.0	1.0
skygarden_scene00001exb	Scene_Scene00001Exb	386	5.226	3.0889	49.02	0.0	0.0	0.0	1.0	1.1863	1.1863	1.1863	1.0	1.0	1.0
skygarden_scene00001exb	Scene_Scene00001Exb	387	12.5699	3.1896	50.3699	0.0	0.0	0.0	1.0	5.8678	2.2133	0.6662	1.0	1.0	0.9999
skygarden_scene00001exb	Scene_Scene00001Exb	388	7.7881	3.1373	49.02	0.0	0.0	0.0	1.0	4.0283	4.0283	2.2757	1.0	1.0	1.0
skygarden_scene00001exb	Scene_Scene00001Exb	389	22.9365	1.2533	52.3426	0.0	-0.7956	0.0	0.6057	2.921	2.921	1.0725	0.9999	1.0	0.9999
skygarden_scene00001exb	Scene_Scene00001Exb	390	20.5566	3.4263	46.8301	0.0	-0.7956	0.0	0.6057	1.0701	1.0701	1.0701	0.9999	1.0	0.9999
skygarden_scene00001exb	Scene_Scene00001Exb	391	16.3262	3.5172	53.6881	0.0	-0.7956	0.0	0.6057	1.9966	9.4445	0.7401	0.9999	0.9999	0.9999
skygarden_scene00001exb	Scene_Scene00001Exb	392	19.94	3.47	51.4399	0.0	-0.7956	0.0	0.6057	3.6338	3.6338	3.6338	0.9999	1.0	0.9999
skygarden_scene00001exb	Scene_Scene00001Exb	393	68.93	2.5799	51.4399	0.0	-0.671	0.0	-0.7414	2.2529	2.2529	2.2529	1.0	0.9999	1.0
skygarden_scene00001exb	Scene_Scene00001Exb	394	41.9546	0.9588	47.4378	0.0	-0.9998	0.0	-0.0161	1.2844	1.2844	1.2844	0.9999	0.9999	0.9999
skygarden_scene00001exb	Scene_Scene00001Exb	395	44.3293	2.5481	47.5145	0.0	-0.9998	0.0	-0.0161	0.7826	0.7826	0.7826	0.9999	1.0	0.9999
skygarden_scene00001exb	Scene_Scene00001Exb	396	40.9346	2.6145	47.4048	0.0	-0.9998	0.0	-0.0161	1.4602	1.4602	1.4602	1.0	1.0	1.0
skygarden_scene00001exb	Scene_Scene00001Exb	397	42.6399	2.5799	47.4599	0.0	-0.9998	0.0	-0.0161	2.6576	2.6576	2.6576	0.9999	0.9999	0.9999
skygarden_scene00001exb	Scene_Scene00001Exb	398	59.8451	4.4428	70.4801	0.0	-0.671	0.0	-0.7414	1.9272	1.9272	1.9272	1.0	1.0	1.0
skygarden_scene00001exb	Scene_Scene00001Exb	399	63.7	5.4499	69.2099	0.0	-0.671	0.0	-0.7414	1.2379	1.2379	1.2379	1.0	1.0	1.0
skygarden_scene00001exb	Scene_Scene00001Exb	400	61.043	5.4207	70.9641	0.0	-0.671	0.0	-0.7414	2.2529	2.2529	2.2529	1.0	0.9999	1.0
skygarden_scene00001exb	Scene_Scene00001Exb	401	64.2348	2.8163	-39.7854	0.0	-0.9999	-0.0005	0.0007	3.2904	3.2904	3.2904	1.0	1.0	1.0
skygarden_scene00001exb	Scene_Scene00001Exb	402	61.47	3.8275	-43.4912	0.0	-0.9999	-0.0005	0.0007	2.6373	9.5022	2.6373	1.0	1.0	1.0
skygarden_scene00001exb	Scene_Scene00001Exb	403	68.3899	3.7955	-41.0251	0.0	-0.9999	-0.0005	0.0007	2.2529	2.2529	2.2529	1.0	0.9999	1.0
skygarden_scene00001exb	Scene_Scene00001Exb	404	87.58	3.5172	-37.02	0.0	-0.7956	0.0	0.6057	1.9966	7.9127	0.2645	0.9999	1.0	0.9999
skygarden_scene00001exb	Scene_Scene00001Exb	405	76.61	3.5172	67.3199	0.0	-0.7956	0.0	0.6057	1.9966	15.9058	0.2645	0.9999	1.0	0.9999
skygarden_scene00001exb	Scene_Scene00001Exb	406	64.65	3.5172	67.3199	0.0	-0.7956	0.0	0.6057	1.9966	15.9058	0.2645	0.9999	1.0	0.9999
skygarden_scene00001exb	Scene_Scene00001Exb	407	36.4	3.5172	67.3199	0.0	-0.7956	0.0	0.6057	1.9966	15.9058	0.2645	0.9999	1.0	0.9999
skygarden_scene00001exb	Scene_Scene00001Exb	408	10.47	3.5172	67.3199	0.0	-0.7956	0.0	0.6057	1.9966	15.9058	0.2645	0.9999	1.0	0.9999
skygarden_scene00001exb	Scene_Scene00001Exb	409	-5.5999	3.5172	67.3199	0.0	-0.7956	0.0	0.6057	1.9966	15.9058	0.2645	0.9999	1.0	0.9999
skygarden_scene00001exb	Scene_Scene00001Exb	410	-5.5999	3.5172	-38.77	0.0	-0.7956	0.0	0.6057	1.9966	15.9058	0.2645	0.9999	1.0	0.9999
skygarden_scene00001exb	Scene_Scene00001Exb	411	10.9799	3.5172	-38.77	0.0	-0.7956	0.0	0.6057	1.9966	15.9058	0.2645	0.9999	1.0	0.9999
skygarden_scene00001exb	Scene_Scene00001Exb	412	53.2	3.5172	-38.77	0.0	-0.7956	0.0	0.6057	1.9966	15.9058	0.2645	0.9999	1.0	0.9999
skygarden_scene00001exb	Scene_Scene00001Exb	413	26.01	3.5172	-38.77	0.0	-0.7956	0.0	0.6057	1.9966	15.9058	0.2645	0.9999	1.0	0.9999
skygarden_scene00001exb	Scene_Scene00001Exb	414	26.4699	3.5172	53.6881	0.0	-0.7956	0.0	0.6057	1.9966	11.3406	0.7401	0.9999	0.9999	0.9999
skygarden_scene001	Scene_Main	1	69.6999	23.8999	76.8929	0.0	0.0	0.0	1.0	128.9459	0.8003	128.2633	1.0	1.0	1.0
skygarden_scene001	Scene_Main	2	10.1999	24.6	28.6	0.0	0.1672	0.0	0.9859	21.4162	0.8003	32.1029	1.0	1.0	1.0
skygarden_scene001	Scene_Main	3	18.5	24.6	27.2	0.0	0.0314	0.0	0.9995	21.4162	0.8003	32.1029	1.0	1.0	1.0
skygarden_scene001	Scene_Main	4	31.8383	24.6	24.87	0.0	0.0314	0.0	0.9995	36.9966	0.8003	32.1029	1.0	1.0	1.0
skygarden_scene001	Scene_Main	5	-8.0699	24.6	50.9799	0.0	0.5191	0.0	0.8546	35.2705	0.8003	32.1029	1.0	1.0	1.0
skygarden_scene001	Scene_Main	6	2.5	24.6	33.5999	0.0	0.4106	0.0	0.9118	14.7244	0.8003	32.1029	1.0	1.0	1.0
skygarden_scene001	Scene_Main	7	38.6199	19.2299	74.1999	0.0	0.0	0.0	1.0	0.4503	18.8446	64.7493	1.0	1.0	1.0
skygarden_scene001	Scene_Main	8	65.0999	8.84	129.3999	0.0	-0.7071	0.0	0.7071	53.6725	0.85	65.3401	1.0	1.0	1.0
skygarden_scene001	Scene_Main	9	33.0899	7.48	124.1299	0.0	-0.7071	0.0	0.7071	33.7757	3.8388	0.5643	1.0	1.0	1.0
skygarden_scene001	Scene_Main	10	32.8199	3.7899	123.8899	0.0	-0.7071	0.0	0.7071	9.2523	4.9262	0.5643	1.0	1.0	1.0
skygarden_scene001	Scene_Main	11	32.8206	0.8399	121.6255	0.0	-0.7071	0.0	0.7071	37.3148	4.2523	0.5643	1.0	1.0	1.0
skygarden_scene001	Scene_Main	12	113.4499	12.9799	74.1999	0.0	0.0	0.0	1.0	1.2973	16.0785	53.2128	1.0	1.0	1.0
skygarden_scene001	Scene_Main	13	44.4399	12.93	76.33	0.0	0.0	0.0	1.0	1.2973	16.0785	47.0197	1.0	1.0	1.0
skygarden_scene001	Scene_Main	14	32.8199	3.7899	140.75	0.0	-0.7071	0.0	0.7071	1.6136	4.9262	0.5643	1.0	1.0	1.0
skygarden_scene001	Scene_Main	15	32.8199	3.7899	106.4199	0.0	-0.7071	0.0	0.7071	3.0969	11.3712	0.5643	1.0	1.0	1.0
skygarden_scene001	Scene_Main	16	24.03	8.7899	48.43	0.0	0.0	0.0	1.0	0.4503	18.8446	5.8828	1.0	1.0	1.0
skygarden_scene001	Scene_Main	17	44.3653	8.1899	80.72	0.0	0.0	0.0	1.0	1.0942	20.3047	50.6422	1.0	1.0	1.0
skygarden_scene001	Scene_Main	18	45.4798	0.9024	88.2951	0.0	0.7071	0.0	0.7071	1.2611	1.0003	1.5312	1.0	1.0	1.0
skygarden_scene001	Scene_Main	19	60.047	1.2596	108.0522	0.0	0.7071	0.0	0.7071	1.9965	1.439	7.5761	1.0	1.0	1.0
skygarden_scene001	Scene_Main	20	46.0318	1.2596	107.6594	0.0	0.7071	0.0	0.7071	1.2107	1.439	1.1451	1.0	1.0	1.0
skygarden_scene001	Scene_Main	21	37.8055	1.2596	114.1151	0.0	0.7071	0.0	0.7071	6.299	1.439	1.8771	1.0	1.0	1.0
skygarden_scene001	Scene_Main	22	34.29	1.2596	108.9599	0.0	0.7071	0.0	0.7071	0.9693	1.439	1.8771	1.0	1.0	1.0
skygarden_scene001	Scene_Main	23	34.4399	1.2596	119.0699	0.0	0.7071	0.0	0.7071	0.9693	1.439	1.8771	1.0	1.0	1.0
skygarden_scene001	Scene_Main	24	40.7118	0.9804	121.0599	0.0	0.7071	0.0	0.7071	0.9693	0.8806	6.3409	1.0	1.0	1.0
skygarden_scene001	Scene_Main	25	46.521	0.9804	121.12	0.0	0.7071	0.0	0.7071	0.9693	0.8806	2.7916	1.0	1.0	1.0
skygarden_scene001	Scene_Main	26	55.74	0.9804	121.12	0.0	0.7071	0.0	0.7071	0.9693	0.8806	2.7916	1.0	1.0	1.0
skygarden_scene001	Scene_Main	27	61.8301	4.0535	121.6647	0.0	0.7071	0.0	0.7071	2.0588	7.0268	3.9624	1.0	1.0	1.0
skygarden_scene001	Scene_Main	28	57.5732	1.9368	121.9509	0.0	0.7071	0.0	0.7071	0.3469	1.2375	6.1142	1.0	1.0	1.0
skygarden_scene001	Scene_Main	29	41.467	1.9368	121.9509	0.0	0.7071	0.0	0.7071	0.3469	1.2375	14.9401	1.0	1.0	1.0
skygarden_scene001	Scene_Main	30	43.6207	1.7223	132.5153	0.0	0.7071	0.0	0.7071	3.3173	0.8084	4.862	1.0	1.0	1.0
skygarden_scene001	Scene_Main	31	38.08	1.855	140.6519	0.0	0.7071	0.0	0.7071	1.6012	1.0739	4.9976	1.0	1.0	1.0
skygarden_scene001	Scene_Main	32	38.7216	1.7929	138.0487	0.0	0.7071	0.0	0.7071	0.8165	1.8439	0.816	1.0	1.0	1.0
skygarden_scene001	Scene_Main	33	38.7216	1.8459	128.494	0.0	0.7071	0.0	0.7071	0.8165	1.8439	0.816	1.0	1.0	1.0
skygarden_scene001	Scene_Main	34	60.229	4.9144	131.9347	0.0	0.9999	0.0	0.0004	0.3469	7.1926	19.62	1.0	1.0	1.0
skygarden_scene001	Scene_Main	35	45.4798	0.9024	71.0289	0.0	0.7071	0.0	0.7071	1.3189	1.0003	1.5312	1.0	1.0	1.0
skygarden_scene001	Scene_Main	36	46.1831	4.5371	65.0199	0.0	0.7071	0.0	0.7071	1.3189	8.2698	3.0265	1.0	1.0	1.0
skygarden_scene001	Scene_Main	37	46.18	4.5371	94.4	0.0	0.7071	0.0	0.7071	1.3189	8.2698	3.0265	1.0	1.0	1.0
skygarden_scene001	Scene_Main	38	26.6942	4.5371	49.5924	0.0	0.7071	0.0	0.7071	3.9839	8.2698	6.4582	1.0	1.0	1.0
skygarden_scene001	Scene_Main	39	32.1582	1.4391	39.0597	0.0	0.625	0.0	0.7805	3.2373	0.9303	0.9174	1.0	1.0	1.0
skygarden_scene001	Scene_Main	40	97.0463	1.4391	38.2274	0.0	-0.6468	0.0	0.7626	3.2373	0.9303	0.9174	1.0	1.0	1.0
skygarden_scene001	Scene_Main	41	28.5597	1.4391	37.7565	0.0	0.625	0.0	0.7805	9.9013	0.6288	1.7922	1.0	1.0	1.0
skygarden_scene001	Scene_Main	42	100.5999	1.4391	38.15	0.0	-0.6333	0.0	0.7738	9.9013	0.6288	1.7922	1.0	1.0	1.0
skygarden_scene001	Scene_Main	43	30.652	1.4391	33.6553	0.0	0.625	0.0	0.7805	1.9251	0.6288	1.7922	1.0	1.0	1.0
skygarden_scene001	Scene_Main	44	100.3595	1.4391	42.7476	0.0	-0.6333	0.0	0.7738	1.9251	0.6288	1.7922	1.0	1.0	1.0
skygarden_scene001	Scene_Main	45	28.6229	1.4391	42.7099	0.0	0.625	0.0	0.7805	1.9251	0.6288	1.7922	1.0	1.0	1.0
skygarden_scene001	Scene_Main	46	98.5246	1.4391	33.6517	0.0	-0.6333	0.0	0.7738	1.9251	0.6288	1.7922	1.0	1.0	1.0
skygarden_scene001	Scene_Main	47	28.4909	2.1579	43.296	0.0	0.625	0.0	0.7805	0.5016	1.1911	1.7922	1.0	1.0	1.0
skygarden_scene001	Scene_Main	48	98.4065	2.1579	33.0628	0.0	-0.6333	0.0	0.7738	0.5016	1.1911	1.7922	1.0	1.0	1.0
skygarden_scene001	Scene_Main	49	27.1859	2.1579	42.4934	0.0	0.3375	0.0	0.9413	0.5016	1.1911	1.7922	1.0	1.0	1.0
skygarden_scene001	Scene_Main	50	99.9253	2.1579	33.2641	0.0	-0.8504	0.0	0.5261	0.5016	1.1911	1.7923	1.0	1.0	1.0
skygarden_scene001	Scene_Main	51	27.4953	2.1579	37.9429	0.0	-0.1	0.0	0.9949	0.5016	1.1911	8.5492	1.0	1.0	1.0
skygarden_scene001	Scene_Main	52	101.4962	2.1579	37.5461	0.0	-0.994	0.0	0.1092	0.5016	1.1911	8.5492	1.0	1.0	1.0
skygarden_scene001	Scene_Main	53	29.333	2.1579	33.3479	0.0	-0.5283	0.0	0.849	0.5016	1.1911	2.863	1.0	1.0	1.0
skygarden_scene001	Scene_Main	54	101.6894	2.1579	42.4911	0.0	-0.9404	0.0	-0.34	0.5016	1.1911	2.863	1.0	1.0	1.0
skygarden_scene001	Scene_Main	55	30.333	2.1579	33.0009	0.0	-0.7904	0.0	0.6125	0.5016	1.1911	2.863	1.0	1.0	1.0
skygarden_scene001	Scene_Main	56	100.9175	2.1579	43.2154	0.0	-0.7637	0.0	-0.6455	0.5016	1.1911	2.863	1.0	1.0	1.0
skygarden_scene001	Scene_Main	57	32.0778	1.4391	37.1206	0.0	0.8869	0.0	0.4617	1.7656	0.9303	0.9174	1.0	1.0	1.0
skygarden_scene001	Scene_Main	58	97.8479	1.4391	39.995	0.0	-0.2838	0.0	0.9588	1.7656	0.9303	0.9174	1.0	1.0	1.0
skygarden_scene001	Scene_Main	59	31.2571	1.4391	40.7532	0.0	0.9697	0.0	-0.2439	1.7656	0.9303	0.9174	1.0	1.0	1.0
skygarden_scene001	Scene_Main	60	97.2467	1.4391	36.3197	0.0	0.4246	0.0	0.9053	1.7656	0.9303	0.9174	1.0	1.0	1.0
skygarden_scene001	Scene_Main	61	26.6028	5.6753	45.6991	0.152	0.6971	-0.1551	0.6831	3.583	10.783	6.4582	1.0	1.0	1.0
skygarden_scene001	Scene_Main	62	25.29	6.4481	39.34	0.1958	0.6275	-0.1785	0.732	10.2539	10.783	6.4582	1.0	1.0	1.0
skygarden_scene001	Scene_Main	63	28.4899	6.4481	30.44	0.2145	0.5418	-0.1555	0.7975	10.2539	10.783	6.4582	1.0	1.0	1.0
skygarden_scene001	Scene_Main	64	33.4576	6.4481	21.5859	0.2314	0.4441	-0.1291	0.8558	10.2539	10.783	6.4582	1.0	1.0	1.0
skygarden_scene001	Scene_Main	65	40.5545	6.2886	14.3703	0.2494	0.2977	-0.0894	0.9171	10.2539	10.783	6.4582	1.0	1.0	1.0
skygarden_scene001	Scene_Main	66	49.3885	6.1292	9.2737	0.2575	0.1983	-0.0623	0.9436	10.2539	10.783	6.4582	1.0	1.0	1.0
skygarden_scene001	Scene_Main	67	59.1949	6.3477	6.6838	0.2636	0.0688	-0.0269	0.9617	10.2539	11.6628	6.4582	1.0	1.0	1.0
skygarden_scene001	Scene_Main	68	69.3399	6.82	7.05	0.2649	-0.0568	0.0075	0.9625	10.2539	11.6628	6.4582	1.0	1.0	1.0
skygarden_scene001	Scene_Main	69	79.18	6.82	9.3	0.2625	-0.1605	0.0361	0.9507	10.2539	11.6628	6.4582	1.0	1.0	1.0
skygarden_scene001	Scene_Main	70	87.8667	6.82	13.9379	0.2563	-0.2723	0.067	0.9249	10.2539	11.6628	6.4582	1.0	1.0	1.0
skygarden_scene001	Scene_Main	71	94.7203	6.82	20.3787	0.2417	-0.4216	0.1085	0.8671	10.2539	11.6628	6.4582	1.0	1.0	1.0
skygarden_scene001	Scene_Main	72	100.3948	6.82	28.9439	0.231	-0.4977	0.1298	0.8258	10.2539	11.6628	6.4582	1.0	1.0	1.0
skygarden_scene001	Scene_Main	73	103.8898	6.7857	40.6512	0.2081	-0.6194	0.164	0.7389	14.6507	11.6628	6.4582	1.0	1.0	1.0
skygarden_scene001	Scene_Main	74	101.51	7.4299	44.58	-0.1769	0.6846	0.1769	0.6846	1.5462	11.6628	6.4582	1.0	1.0	1.0
skygarden_scene001	Scene_Main	75	97.76	7.4299	29.26	-0.1291	0.8293	0.2143	0.4995	1.5462	11.6628	6.4582	1.0	1.0	1.0
skygarden_scene001	Scene_Main	76	86.7099	7.4299	15.7799	-0.0797	0.9177	0.2372	0.3083	1.5462	11.6628	6.4582	1.0	1.0	1.0
skygarden_scene001	Scene_Main	77	64.6399	7.4299	8.9399	-0.0002	0.9681	0.2502	0.001	1.5462	11.6628	6.4582	1.0	1.0	1.0
skygarden_scene001	Scene_Main	78	42.8499	7.34	16.12	0.0802	0.917	0.237	-0.3103	1.5462	11.6628	6.4582	1.0	1.0	1.0
skygarden_scene001	Scene_Main	79	31.85	7.34	29.4599	0.1296	0.828	0.214	-0.5017	1.5462	11.6628	6.4582	1.0	1.0	1.0
skygarden_scene001	Scene_Main	80	34.79	3.41	122.98	0.0	0.0	0.0	1.0	1.0	6.0	36.0	1.0	1.0	1.0
skygarden_scene001	Scene_Main	81	35.58	2.2799	135.0599	0.0	0.0	0.0	1.0	1.0	2.0	3.0	1.0	1.0	1.0
skygarden_scene001	Scene_Main	82	50.2799	3.5599	141.46	0.0	0.0	0.0	1.0	32.0	6.0	1.0	1.0	1.0	1.0
skygarden_scene001	Scene_Main	83	57.74	4.1199	140.72	0.0	0.0	0.0	1.0	2.5	6.0	1.0	1.0	1.0	1.0
skygarden_scene001	Scene_Main	84	65.01	3.41	129.8399	0.0	0.0	0.0	1.0	1.0	6.0	26.0	1.0	1.0	1.0
skygarden_scene001	Scene_Main	85	64.3899	3.41	128.8099	0.0	0.0	0.0	1.0	1.0	6.0	3.0	1.0	1.0	1.0
skygarden_scene001	Scene_Main	86	64.4	3.41	121.0199	0.0	0.0	0.0	1.0	2.0	6.0	2.0	1.0	1.0	1.0
skygarden_scene001	Scene_Main	87	64.98	3.41	140.63	0.0	0.0	0.0	1.0	2.0	6.0	2.0	1.0	1.0	1.0
skygarden_scene001	Scene_Main	88	65.5999	3.41	107.8499	0.0	0.0	0.0	1.0	2.0	6.0	8.0	1.0	1.0	1.0
skygarden_scene001	Scene_Main	89	53.06	1.3999	106.25	-0.3593	0.0	0.0	0.9331	24.0	5.0	1.0	1.0	1.0	1.0
skygarden_scene001	Scene_Main	90	38.58	3.41	106.6399	0.0	0.0	0.0	1.0	7.0	6.0	3.0	1.0	1.0	1.0
skygarden_scene001	Scene_Main	91	53.5099	3.41	104.9499	0.0	0.0	0.0	1.0	24.0	6.0	1.0	1.0	1.0	1.0
skygarden_scene001	Scene_Main	92	70.37	3.41	110.6999	0.0	0.0	0.0	1.0	10.0	6.0	1.0	1.0	1.0	1.0
skygarden_scene001	Scene_Main	93	72.36	3.41	117.0	0.0	0.0	0.0	1.0	14.0	6.0	1.0	1.0	1.0	1.0
skygarden_scene001	Scene_Main	94	80.0699	3.41	115.3099	0.0	0.3361	0.0	0.9418	6.0	6.0	1.0	1.0	1.0	1.0
skygarden_scene001	Scene_Main	95	81.6399	3.41	113.36	0.0	0.5055	0.0	0.8627	4.0	6.0	1.0	1.0	1.0	1.0
skygarden_scene001	Scene_Main	96	82.51	3.41	105.16	0.0	0.0	0.0	1.0	1.0	6.0	16.0	1.0	1.0	1.0
skygarden_scene001	Scene_Main	97	76.36	3.41	103.61	0.0	0.0	0.0	1.0	1.0	6.0	13.0	1.0	1.0	1.0
skygarden_scene001	Scene_Main	98	75.65	3.41	109.91	0.0	-0.5452	0.0	0.8382	2.0	6.0	2.0	1.0	1.0	1.0
skygarden_scene001	Scene_Main	99	87.3799	4.0692	96.8	0.0	0.0	0.0	1.0	11.0	6.0	2.0	1.0	1.2197	1.0
skygarden_scene001	Scene_Main	100	71.8499	3.8901	96.83	0.0	0.0	0.0	1.0	11.0	6.0	2.0	1.0	1.16	1.0
skygarden_scene001	Scene_Main	101	65.47	4.9388	95.2931	0.3413	0.0	0.0	0.9399	3.2	10.0	6.0	1.0	1.5994	1.0
skygarden_scene001	Scene_Main	102	48.68	5.2636	95.5648	0.3413	0.0	0.0	0.9399	3.2	10.0	6.0	1.0	1.6841	1.0
skygarden_scene001	Scene_Main	103	57.1599	4.2819	94.3	0.0	0.0	0.0	1.0	14.0	6.0	2.0	1.0	1.2273	1.0
skygarden_scene001	Scene_Main	104	57.1599	4.2363	64.72	0.0	0.0	0.0	1.0	14.0	6.0	2.0	1.0	1.2121	1.0
skygarden_scene001	Scene_Main	105	48.68	5.6244	63.5757	0.342	0.0	0.0	-0.9396	3.2	10.0	6.0	1.0	1.7791	1.0
skygarden_scene001	Scene_Main	106	65.5299	5.3628	63.7952	0.342	0.0	0.0	-0.9396	3.2	10.0	6.0	1.0	1.7108	1.0
skygarden_scene001	Scene_Main	107	93.26	4.8718	95.2371	0.3413	0.0	0.0	0.9399	3.2	10.0	6.0	1.0	1.5819	1.0
skygarden_scene001	Scene_Main	108	93.25	4.5411	64.4847	0.342	0.0	0.0	-0.9396	3.2	10.0	6.0	1.0	1.4963	1.0
skygarden_scene001	Scene_Main	109	87.3899	4.1174	62.5659	0.0	0.0	0.0	1.0	11.0	6.0	2.0	1.0	1.2358	1.034
skygarden_scene001	Scene_Main	110	71.76	3.8886	62.2897	0.0	0.0	0.0	1.0	11.0	6.0	2.0	1.0	1.1595	1.2702
skygarden_scene001	Scene_Main	111	95.16	5.8364	79.8399	0.0	0.0	0.0	1.0	1.0	6.0	25.0	1.0	1.8288	1.0
skygarden_scene001	Scene_Main	112	82.83	3.41	61.0	0.0	-0.2677	0.0	0.9634	1.0	6.0	2.0	1.0	1.0	1.0
skygarden_scene001	Scene_Main	113	84.01	3.41	59.6599	0.0	-0.4384	0.0	0.8987	1.0	6.0	2.0	1.0	1.0	1.0
skygarden_scene001	Scene_Main	114	87.8199	3.41	57.45	0.0	-0.515	0.0	0.8571	1.0	6.0	7.0	1.0	1.0	1.0
skygarden_scene001	Scene_Main	115	91.722	3.41	54.971	0.0	-0.3647	0.0	0.9311	0.9999	6.0	2.0	1.0	1.0	1.0
skygarden_scene001	Scene_Main	116	92.762	3.41	53.048	0.0	-0.1219	0.0	0.9925	0.9999	6.0	2.0	1.0	1.0	1.0
skygarden_scene001	Scene_Main	117	93.1299	3.41	50.5	0.0	-0.038	0.0	0.9992	1.0	6.0	3.0	1.0	1.0	1.0
skygarden_scene001	Scene_Main	118	77.05	3.41	60.462	0.0	-0.1367	0.0	0.9906	1.0	6.0	2.0	1.0	1.0	1.0
skygarden_scene001	Scene_Main	119	78.1399	3.41	58.09	0.0	-0.2639	0.0	0.9645	1.0	6.0	3.0	1.0	1.0	1.0
skygarden_scene001	Scene_Main	120	80.19	3.41	55.7299	0.0	-0.4331	0.0	0.9013	1.0	6.0	3.0	1.0	1.0	1.0
skygarden_scene001	Scene_Main	121	84.0	3.41	53.5999	0.0	-0.5409	0.0	0.841	1.0	6.0	5.5	1.0	1.0	1.0
skygarden_scene001	Scene_Main	122	86.9	3.41	51.81	0.0	-0.3101	0.0	0.9506	1.0	6.0	2.0	1.0	1.0	1.0
skygarden_scene001	Scene_Main	123	87.68	3.41	49.97	0.0	-0.1086	0.0	0.994	1.0	6.0	2.5	1.0	1.0	1.0
skygarden_scene001	Scene_Main	124	83.8099	3.41	48.8199	0.0	0.0	0.0	1.0	9.0	6.0	2.0	1.0	1.0	1.0
skygarden_scene001	Scene_Main	125	52.0699	3.41	50.6199	0.0	0.0	0.0	1.0	56.0	6.0	2.0	1.0	1.0	1.0
skygarden_scene001	Scene_Main	126	56.0299	3.41	49.7	0.0	0.0	0.0	1.0	3.0	6.0	2.0	1.0	1.0	1.0
skygarden_scene001	Scene_Main	127	72.8399	3.41	49.7	0.0	0.0	0.0	1.0	3.0	6.0	2.0	1.0	1.0	1.0
skygarden_scene001	Scene_Main	128	98.3399	3.41	48.77	0.0	0.0	0.0	1.0	11.0	6.0	2.0	1.0	1.0	1.0
skygarden_scene001	Scene_Main	129	55.83	0.99	45.8899	0.0	0.0	0.0	1.0	3.0	2.0	2.0	1.0	1.0	1.0
skygarden_scene001	Scene_Main	130	73.72	0.99	45.9599	0.0	0.0	0.0	1.0	3.0	2.0	2.0	1.0	1.0	1.0
skygarden_scene001	Scene_Main	131	51.83	3.41	49.7	0.0	0.0	0.0	1.0	1.3999	6.0	2.0	1.0	1.0	1.0
skygarden_scene001	Scene_Main	134	64.0912	-0.2099	29.0783	0.0	-0.9999	0.0	-0.0019	83.85	1.9595	46.3429	1.0	1.0	1.0
skygarden_scene001	Scene_Main	135	65.4369	0.7699	9.0076	0.0	-0.9999	0.0	-0.0019	10.8957	0.6228	15.2442	1.0	1.0	1.0
skygarden_scene001	Scene_Main	136	73.5994	0.7699	10.037	0.0	-0.9965	0.0	-0.0835	10.8957	0.6228	15.303	1.0	1.0	1.0
skygarden_scene001	Scene_Main	137	80.3746	0.7699	12.41	0.0	-0.9826	0.0	-0.1853	10.8957	0.6228	15.2538	1.0	1.0	1.0
skygarden_scene001	Scene_Main	138	86.0459	0.7699	15.8259	0.0	-0.9639	0.0	-0.266	10.8957	0.6228	15.1267	1.0	1.0	1.0
skygarden_scene001	Scene_Main	139	91.6047	0.7699	20.6755	0.0	-0.9246	0.0	-0.3808	10.8958	0.6228	15.1841	1.0	1.0	1.0
skygarden_scene001	Scene_Main	140	96.655	0.7699	27.3369	0.0	-0.8838	0.0	-0.4677	10.8957	0.6228	15.2374	1.0	1.0	1.0
skygarden_scene001	Scene_Main	141	100.0801	0.7699	34.6328	0.0	-0.8313	0.0	-0.5558	10.8957	0.6228	15.2962	1.0	1.0	1.0
skygarden_scene001	Scene_Main	142	101.5	0.7699	41.1699	0.0	-0.7679	0.0	-0.6405	10.8957	0.6228	15.3003	1.0	1.0	1.0
skygarden_scene001	Scene_Main	143	101.6838	0.7699	48.7218	0.0	-0.6987	0.0	-0.7153	10.8957	0.6228	15.452	1.0	1.0	1.0
skygarden_scene001	Scene_Main	144	86.8326	0.5099	55.6394	0.0	-0.6987	0.0	-0.7153	12.76	0.6228	19.8604	1.0	1.0	1.0
skygarden_scene001	Scene_Main	145	79.9039	0.5509	62.3849	0.0	-0.7118	0.0	-0.7023	1.7098	0.6228	5.8385	1.0	1.0	1.0
skygarden_scene001	Scene_Main	146	70.5485	0.4609	79.4046	0.0	-0.7073	0.0	-0.7068	35.4315	0.6228	55.1627	1.0	1.0	1.0
skygarden_scene001	Scene_Main	147	74.9385	0.4609	107.6652	0.0	-0.7073	0.0	-0.7068	22.0426	0.6228	19.4124	1.0	1.0	1.0
skygarden_scene001	Scene_Main	148	47.6318	0.33	113.6386	0.0	-0.7073	0.0	-0.7068	17.385	0.6228	35.9523	1.0	1.0	1.0
skygarden_scene001	Scene_Main	149	47.0775	1.07	133.7863	0.0	-0.7073	0.0	-0.7068	24.0942	0.6228	27.4297	1.0	1.0	1.0
skygarden_scene001	Scene_Main	150	51.5881	0.7054	120.8411	0.1155	-0.6978	0.1154	-0.6973	2.3655	0.6228	5.3911	1.0	1.0	1.0
skygarden_scene001	Scene_Main	151	54.9677	0.7699	10.4238	0.0	-0.9921	0.0	0.1252	12.4724	0.6228	15.4233	1.0	1.0	1.0
skygarden_scene001	Scene_Main	152	44.3839	0.7699	15.1711	0.0	-0.9641	0.0	0.2653	12.4724	0.6228	15.3481	1.0	1.0	1.0
skygarden_scene001	Scene_Main	153	36.3275	0.7699	22.224	0.0	-0.9163	0.0	0.4003	12.4724	0.6228	15.206	1.0	1.0	1.0
skygarden_scene001	Scene_Main	154	31.5135	0.7699	29.402	0.0	-0.8729	0.0	0.4878	12.4724	0.6228	15.2429	1.0	1.0	1.0
skygarden_scene001	Scene_Main	155	28.4051	0.7699	37.9832	0.0	-0.7986	0.0	0.6018	13.328	0.6228	15.3686	1.0	1.0	1.0
skygarden_scene001	Scene_Main	156	27.6835	0.7699	46.8787	0.0	-0.7132	0.0	0.7009	12.4724	0.6228	15.2429	1.0	1.0	1.0
skygarden_scene002	Scene_Main	1	38.7999	8.9666	63.9	0.0	0.0	0.0	1.0	105.2429	16.9891	0.2702	1.0	1.0	1.0
skygarden_scene002	Scene_Main	2	38.7999	8.9666	-0.2099	0.0	0.0	0.0	1.0	105.2429	16.9891	0.2702	1.0	1.0	1.0
skygarden_scene002	Scene_Main	3	88.79	8.9666	33.2999	0.0	-0.7071	0.0	0.7071	105.2429	16.9891	0.2702	1.0	1.0	1.0
skygarden_scene002	Scene_Main	4	-8.76	8.9666	33.2999	0.0	-0.7071	0.0	0.7071	105.2429	16.9891	0.2702	1.0	1.0	1.0
skygarden_scene002	Scene_Main	5	-3.39	16.5	33.2999	-0.5	-0.5	-0.5	0.5	71.6789	36.9752	0.2702	1.0	1.0	1.0
skygarden_scene002	Scene_Main	6	84.9599	16.5	33.2999	-0.5	-0.5	-0.5	0.5	71.6789	36.9752	0.2702	1.0	1.0	1.0
skygarden_scene002	Scene_Main	7	41.5	16.5	-3.2	-0.7071	0.0	0.0	0.7071	71.6789	36.9751	0.2702	1.0	1.0	1.0
skygarden_scene002	Scene_Main	8	40.5699	16.5	65.61	-0.7071	0.0	0.0	0.7071	71.6789	36.9751	0.2702	1.0	1.0	1.0
skygarden_scene002	Scene_Main	9	20.4599	0.14	23.3999	0.0	0.0	0.0	1.0	2.7861	0.3952	2.7861	1.0	1.0	1.0
skygarden_scene002	Scene_Main	10	20.4599	0.14	41.13	0.0	0.0	0.0	1.0	2.7861	0.3952	2.7861	1.0	1.0	1.0
skygarden_scene002	Scene_Main	11	31.6044	0.14	23.3999	0.0	0.0	0.0	1.0	2.7861	0.3952	2.7861	1.0	1.0	1.0
skygarden_scene002	Scene_Main	12	31.6044	0.14	41.13	0.0	0.0	0.0	1.0	2.7861	0.3952	2.7861	1.0	1.0	1.0
skygarden_scene002	Scene_Main	13	48.3211	0.1399	23.3999	0.0	0.0	0.0	1.0	2.7861	0.3952	2.7861	1.0	1.0	1.0
skygarden_scene002	Scene_Main	14	48.3211	0.1399	41.13	0.0	0.0	0.0	1.0	2.7861	0.3952	2.7861	1.0	1.0	1.0
skygarden_scene002	Scene_Main	15	60.4099	0.1399	28.9722	0.0	-0.7071	0.0	0.7071	2.7861	0.3952	2.7861	1.0	1.0	1.0
skygarden_scene002	Scene_Main	16	20.7199	0.1399	28.9722	0.0	-0.7071	0.0	0.7071	2.7861	0.3952	2.7861	1.0	1.0	1.0
skygarden_scene002	Scene_Main	17	26.0322	0.14	23.3999	0.0	0.0	0.0	1.0	2.7861	0.3952	2.7861	1.0	1.0	1.0
skygarden_scene002	Scene_Main	18	26.0322	0.14	41.13	0.0	0.0	0.0	1.0	2.7861	0.3952	2.7861	1.0	1.0	1.0
skygarden_scene002	Scene_Main	19	42.7489	0.1399	23.3999	0.0	0.0	0.0	1.0	2.7861	0.3952	2.7861	1.0	1.0	1.0
skygarden_scene002	Scene_Main	20	42.7489	0.1399	41.13	0.0	0.0	0.0	1.0	2.7861	0.3952	2.7861	1.0	1.0	1.0
skygarden_scene002	Scene_Main	21	37.1767	0.14	23.3999	0.0	0.0	0.0	1.0	2.7861	0.3952	2.7861	1.0	1.0	1.0
skygarden_scene002	Scene_Main	22	37.1767	0.14	41.13	0.0	0.0	0.0	1.0	2.7861	0.3952	2.7861	1.0	1.0	1.0
skygarden_scene002	Scene_Main	23	53.8934	0.1399	23.3999	0.0	0.0	0.0	1.0	2.7861	0.3952	2.7861	1.0	1.0	1.0
skygarden_scene002	Scene_Main	24	53.8934	0.1399	41.13	0.0	0.0	0.0	1.0	2.7861	0.3952	2.7861	1.0	1.0	1.0
skygarden_scene002	Scene_Main	25	60.4099	0.1399	34.5444	0.0	-0.7071	0.0	0.7071	2.7861	0.3952	2.7861	1.0	1.0	1.0
skygarden_scene002	Scene_Main	26	20.7199	0.1399	34.5444	0.0	-0.7071	0.0	0.7071	2.7861	0.3952	2.7861	1.0	1.0	1.0
skygarden_scene002	Scene_Main	27	23.2461	0.14	23.3999	0.0	0.0	0.0	1.0	2.7861	0.3952	2.7861	1.0	1.0	1.0
skygarden_scene002	Scene_Main	28	23.2461	0.14	41.13	0.0	0.0	0.0	1.0	2.7861	0.3952	2.7861	1.0	1.0	1.0
skygarden_scene002	Scene_Main	29	34.3905	0.14	23.3999	0.0	0.0	0.0	1.0	2.7861	0.3952	2.7861	1.0	1.0	1.0
skygarden_scene002	Scene_Main	30	34.3905	0.14	41.13	0.0	0.0	0.0	1.0	2.7861	0.3952	2.7861	1.0	1.0	1.0
skygarden_scene002	Scene_Main	31	51.1072	0.1399	23.3999	0.0	0.0	0.0	1.0	2.7861	0.3952	2.7861	1.0	1.0	1.0
skygarden_scene002	Scene_Main	32	51.1072	0.1399	41.13	0.0	0.0	0.0	1.0	2.7861	0.3952	2.7861	1.0	1.0	1.0
skygarden_scene002	Scene_Main	33	60.4099	0.1399	31.7583	0.0	-0.7071	0.0	0.7071	2.7861	0.3952	2.7861	1.0	1.0	1.0
skygarden_scene002	Scene_Main	34	20.7199	0.1399	31.7583	0.0	-0.7071	0.0	0.7071	2.7861	0.3952	2.7861	1.0	1.0	1.0
skygarden_scene002	Scene_Main	35	28.8183	0.14	23.3999	0.0	0.0	0.0	1.0	2.7861	0.3952	2.7861	1.0	1.0	1.0
skygarden_scene002	Scene_Main	36	28.8183	0.14	41.13	0.0	0.0	0.0	1.0	2.7861	0.3952	2.7861	1.0	1.0	1.0
skygarden_scene002	Scene_Main	37	45.535	0.1399	23.3999	0.0	0.0	0.0	1.0	2.7861	0.3952	2.7861	1.0	1.0	1.0
skygarden_scene002	Scene_Main	38	45.535	0.1399	41.13	0.0	0.0	0.0	1.0	2.7861	0.3952	2.7861	1.0	1.0	1.0
skygarden_scene002	Scene_Main	39	60.4099	0.1399	26.1861	0.0	-0.7071	0.0	0.7071	2.7861	0.3952	2.7861	1.0	1.0	1.0
skygarden_scene002	Scene_Main	40	20.7199	0.1399	26.1861	0.0	-0.7071	0.0	0.7071	2.7861	0.3952	2.7861	1.0	1.0	1.0
skygarden_scene002	Scene_Main	41	39.9628	0.14	23.3999	0.0	0.0	0.0	1.0	2.7861	0.3952	2.7861	1.0	1.0	1.0
skygarden_scene002	Scene_Main	42	39.9628	0.14	41.13	0.0	0.0	0.0	1.0	2.7861	0.3952	2.7861	1.0	1.0	1.0
skygarden_scene002	Scene_Main	43	56.6795	0.1399	23.3999	0.0	0.0	0.0	1.0	2.7861	0.3952	2.7861	1.0	1.0	1.0
skygarden_scene002	Scene_Main	44	56.6795	0.1399	41.13	0.0	0.0	0.0	1.0	2.7861	0.3952	2.7861	1.0	1.0	1.0
skygarden_scene002	Scene_Main	45	60.4099	0.1399	37.3305	0.0	-0.7071	0.0	0.7071	2.7861	0.3952	2.7861	1.0	1.0	1.0
skygarden_scene002	Scene_Main	46	20.72	0.1399	37.3305	0.0	-0.7071	0.0	0.7071	2.7861	0.3952	2.7861	1.0	1.0	1.0
skygarden_scene002	Scene_Main	47	59.4656	0.1399	23.3999	0.0	0.0	0.0	1.0	2.7861	0.3952	2.7861	1.0	1.0	1.0
skygarden_scene002	Scene_Main	48	59.4656	0.1399	41.13	0.0	0.0	0.0	1.0	2.7861	0.3952	2.7861	1.0	1.0	1.0
skygarden_scene002	Scene_Main	49	60.41	0.1399	40.1167	0.0	-0.7071	0.0	0.7071	2.7861	0.3952	2.7861	1.0	1.0	1.0
skygarden_scene002	Scene_Main	50	60.41	0.1399	42.9028	0.0	-0.7071	0.0	0.7071	2.7861	0.3952	2.7861	1.0	1.0	1.0
skygarden_scene002	Scene_Main	51	20.72	0.1399	40.1167	0.0	-0.7071	0.0	0.7071	2.7861	0.3952	2.7861	1.0	1.0	1.0
skygarden_scene002	Scene_Main	52	20.72	0.1399	42.9028	0.0	-0.7071	0.0	0.7071	2.7861	0.3952	2.7861	1.0	1.0	1.0
skygarden_scene002	Scene_Main	53	62.2517	0.1399	23.3999	0.0	0.0	0.0	1.0	2.7861	0.3952	2.7861	1.0	1.0	1.0
skygarden_scene002	Scene_Main	54	62.2517	0.1399	41.13	0.0	0.0	0.0	1.0	2.7861	0.3952	2.7861	1.0	1.0	1.0
skygarden_scene002	Scene_Main	55	64.9779	1.1679	31.6889	0.0	0.7071	0.0	0.7071	0.5491	2.2144	0.5684	1.0	1.0	1.0
skygarden_scene002	Scene_Main	56	43.7345	1.0871	27.4901	0.0	0.7071	0.0	0.7071	1.0093	2.0525	1.9594	1.0	1.0	1.0
skygarden_scene002	Scene_Main	57	65.189	1.1679	46.1119	0.0	0.7071	0.0	0.7071	0.5491	2.2144	0.5684	1.0	1.0	1.0
skygarden_scene002	Scene_Main	58	52.4599	1.1679	46.603	0.0	0.7071	0.0	0.7071	0.5491	2.2144	0.5684	1.0	1.0	1.0
skygarden_scene002	Scene_Main	59	28.5119	1.1679	46.603	0.0	0.7071	0.0	0.7071	0.5491	2.2144	0.5684	1.0	1.0	1.0
skygarden_scene002	Scene_Main	60	15.63	1.1679	45.7799	0.0	0.7071	0.0	0.7071	0.5491	2.2144	0.5684	1.0	1.0	1.0
skygarden_scene002	Scene_Main	61	15.847	1.1679	33.011	0.0	0.7071	0.0	0.7071	0.5491	2.2144	0.5684	1.0	1.0	1.0
skygarden_scene002	Scene_Main	62	15.7066	1.1455	18.2074	0.0	0.7071	0.0	0.7071	0.5491	2.2144	0.5684	1.0	1.0	1.0
skygarden_scene002	Scene_Main	63	30.4964	1.1666	17.4465	0.0	0.7071	0.0	0.7071	0.5491	2.2144	0.5684	1.0	1.0	1.0
skygarden_scene002	Scene_Main	64	50.9844	1.1446	17.3884	0.0	0.7071	0.0	0.7071	0.5491	2.2144	0.5684	1.0	1.0	1.0
skygarden_scene002	Scene_Main	65	64.4841	5.3077	18.4267	0.0	0.0002	0.0	1.0	0.6807	10.156	0.8335	1.0	1.0	1.0
skygarden_scene002	Scene_Main	66	64.4841	5.3077	26.5599	0.0	0.0002	0.0	1.0	0.6807	10.156	0.8335	1.0	1.0	1.0
skygarden_scene002	Scene_Main	67	64.4841	5.3077	37.54	0.0	0.0002	0.0	1.0	0.6807	10.156	0.8335	1.0	1.0	1.0
skygarden_scene002	Scene_Main	68	64.4841	5.3077	45.7	0.0	0.0002	0.0	1.0	0.6807	10.156	0.8335	1.0	1.0	1.0
skygarden_scene002	Scene_Main	69	52.54	5.3077	45.6763	0.0	0.0002	0.0	1.0	0.6807	10.156	0.7863	1.0	1.0	1.0
skygarden_scene002	Scene_Main	70	28.4899	5.3077	45.6763	0.0	0.0002	0.0	1.0	0.6807	10.156	0.7863	1.0	1.0	1.0
skygarden_scene002	Scene_Main	71	16.4599	5.3077	45.6763	0.0	0.0002	0.0	1.0	0.6807	10.156	0.7863	1.0	1.0	1.0
skygarden_scene002	Scene_Main	72	16.4599	5.3077	37.4749	0.0	0.0002	0.0	1.0	0.6807	10.156	0.7863	1.0	1.0	1.0
skygarden_scene002	Scene_Main	73	16.4599	5.3077	26.4839	0.0	0.0002	0.0	1.0	0.6807	10.156	0.7863	1.0	1.0	1.0
skygarden_scene002	Scene_Main	74	16.4799	5.3077	18.37	0.0	0.0002	0.0	1.0	0.6807	10.156	0.7863	1.0	1.0	1.0
skygarden_scene002	Scene_Main	75	28.4799	5.3077	18.37	0.0	0.0002	0.0	1.0	0.6807	10.156	0.7863	1.0	1.0	1.0
skygarden_scene002	Scene_Main	76	52.49	5.3077	18.37	0.0	0.0002	0.0	1.0	0.7295	10.156	0.7863	1.0	1.0	1.0
skygarden_scene002	Scene_Main	77	52.4469	5.3077	5.0679	0.0	0.0002	0.0	1.0	0.7295	10.156	0.7863	1.0	1.0	1.0
skygarden_scene002	Scene_Main	78	68.6214	3.3294	9.0389	0.0	-0.2795	0.0	0.9601	12.6735	5.0688	0.6155	1.0	1.0	1.0
skygarden_scene002	Scene_Main	79	72.2799	3.3294	13.5399	0.0	-0.3564	0.0	0.9343	12.6735	5.0688	0.6155	1.0	1.0	1.0
skygarden_scene002	Scene_Main	80	13.8	3.3294	10.52	0.0	0.4136	0.0	0.9104	12.6735	5.0688	0.6155	1.0	1.0	1.0
skygarden_scene002	Scene_Main	81	7.5999	3.3294	13.9499	0.0	0.4857	0.0	0.874	12.6735	5.0688	0.6155	1.0	1.0	1.0
skygarden_scene002	Scene_Main	82	8.85	3.3294	50.79	0.0	-0.3592	0.0	0.9332	12.6735	5.0688	0.6155	1.0	1.0	1.0
skygarden_scene002	Scene_Main	83	11.9799	3.3294	55.38	0.0	-0.2727	0.0	0.962	12.6735	5.0688	0.6155	1.0	1.0	1.0
skygarden_scene002	Scene_Main	84	73.16	3.3294	50.7299	0.0	0.4874	0.0	0.8731	12.6735	5.0688	0.6155	1.0	1.0	1.0
skygarden_scene002	Scene_Main	85	69.7099	3.3294	54.0999	0.0	0.4068	0.0	0.9135	12.6735	5.0688	0.6155	1.0	1.0	1.0
skygarden_scene002	Scene_Main	86	28.51	5.3077	5.0679	0.0	0.0002	0.0	1.0	0.7295	10.156	0.7863	1.0	1.0	1.0
skygarden_scene002	Scene_Main	87	16.52	5.3077	5.0679	0.0	0.0002	0.0	1.0	0.7295	10.156	0.7863	1.0	1.0	1.0
skygarden_scene002	Scene_Main	88	16.52	5.3077	2.23	0.0	0.0002	0.0	1.0	1.5702	10.156	1.7238	1.0	1.0	1.0
skygarden_scene002	Scene_Main	89	28.5552	5.3077	2.23	0.0	0.0002	0.0	1.0	1.6597	10.156	1.7238	1.0	1.0	1.0
skygarden_scene002	Scene_Main	90	52.58	5.3077	2.23	0.0	0.0002	0.0	1.0	1.6597	10.156	1.7238	1.0	1.0	1.0
skygarden_scene002	Scene_Main	91	64.5999	5.3077	2.23	0.0	0.0002	0.0	1.0	1.6597	10.156	1.7238	1.0	1.0	1.0
skygarden_scene002	Scene_Main	92	79.7699	5.3077	18.34	0.0	-0.7069	0.0	0.7072	1.6597	10.156	1.7238	1.0	1.0	1.0
skygarden_scene002	Scene_Main	93	79.7699	5.3077	26.6299	0.0	-0.7069	0.0	0.7072	1.6597	10.156	1.7238	1.0	1.0	1.0
skygarden_scene002	Scene_Main	94	79.7699	5.3077	37.61	0.0	-0.7069	0.0	0.7072	1.6597	10.156	1.7238	1.0	1.0	1.0
skygarden_scene002	Scene_Main	95	79.7699	5.3077	45.79	0.0	-0.7069	0.0	0.7072	1.6597	10.156	1.7238	1.0	1.0	1.0
skygarden_scene002	Scene_Main	96	64.37	5.3077	61.6899	0.0	-0.7069	0.0	0.7072	1.6597	10.156	1.7238	1.0	1.0	1.0
skygarden_scene002	Scene_Main	97	52.4199	5.3077	61.6899	0.0	-0.7069	0.0	0.7072	1.6597	10.156	1.7238	1.0	1.0	1.0
skygarden_scene002	Scene_Main	98	28.4099	5.3077	61.6899	0.0	-0.7069	0.0	0.7072	1.6597	10.156	1.7238	1.0	1.0	1.0
skygarden_scene002	Scene_Main	99	16.36	5.3077	61.6899	0.0	-0.7069	0.0	0.7072	1.6597	10.156	1.7238	1.0	1.0	1.0
skygarden_scene002	Scene_Main	100	1.58	5.3077	45.56	0.0	-1.0	0.0	0.0002	1.6597	10.156	1.7238	1.0	1.0	1.0
skygarden_scene002	Scene_Main	101	1.58	5.3077	37.3899	0.0	-1.0	0.0	0.0002	1.6597	10.156	1.7238	1.0	1.0	1.0
skygarden_scene002	Scene_Main	102	1.58	5.3077	26.42	0.0	-1.0	0.0	0.0002	1.6597	10.156	1.7238	1.0	1.0	1.0
skygarden_scene002	Scene_Main	103	1.58	5.3077	18.19	0.0	-1.0	0.0	0.0002	1.6597	10.156	1.7238	1.0	1.0	1.0
skygarden_scene002	Scene_Main	104	64.51	5.3077	5.0679	0.0	0.0002	0.0	1.0	0.7295	10.156	0.7863	1.0	1.0	1.0
skygarden_scene002	Scene_Main	105	76.5299	5.3077	5.0679	0.0	0.0002	0.0	1.0	0.7295	10.156	0.7863	1.0	1.0	1.0
skygarden_scene002	Scene_Main	106	76.5299	5.3077	18.34	0.0	0.0002	0.0	1.0	0.7295	10.156	0.7863	1.0	1.0	1.0
skygarden_scene002	Scene_Main	107	76.5299	5.3077	26.52	0.0	0.0002	0.0	1.0	0.7295	10.156	0.7863	1.0	1.0	1.0
skygarden_scene002	Scene_Main	108	76.5299	5.3077	37.5	0.0	0.0002	0.0	1.0	0.7295	10.156	0.7863	1.0	1.0	1.0
skygarden_scene002	Scene_Main	109	76.5299	5.3077	45.68	0.0	0.0002	0.0	1.0	0.7295	10.156	0.7863	1.0	1.0	1.0
skygarden_scene002	Scene_Main	110	76.5299	5.3077	58.83	0.0	0.0002	0.0	1.0	0.7295	10.156	0.7863	1.0	1.0	1.0
skygarden_scene002	Scene_Main	111	64.5	5.3077	58.83	0.0	0.0002	0.0	1.0	0.7295	10.156	0.7863	1.0	1.0	1.0
skygarden_scene002	Scene_Main	112	52.5499	5.3077	58.83	0.0	0.0002	0.0	1.0	0.7295	10.156	0.7863	1.0	1.0	1.0
skygarden_scene002	Scene_Main	113	28.54	5.3077	58.83	0.0	0.0002	0.0	1.0	0.7295	10.156	0.7863	1.0	1.0	1.0
skygarden_scene002	Scene_Main	114	16.4899	5.3077	58.83	0.0	0.0002	0.0	1.0	0.7295	10.156	0.7863	1.0	1.0	1.0
skygarden_scene002	Scene_Main	115	4.4399	5.3077	45.6899	0.0	-0.7069	0.0	0.7072	0.7295	10.156	0.7863	1.0	1.0	1.0
skygarden_scene002	Scene_Main	116	4.4399	5.3077	37.5199	0.0	-0.7069	0.0	0.7072	0.7295	10.156	0.7863	1.0	1.0	1.0
skygarden_scene002	Scene_Main	117	4.4399	5.3077	26.5	0.0	-0.7069	0.0	0.7072	0.7295	10.156	0.7863	1.0	1.0	1.0
skygarden_scene002	Scene_Main	118	4.4399	5.3077	18.2959	0.0	-0.7069	0.0	0.7072	0.7295	10.156	0.7863	1.0	1.0	1.0
skygarden_scene002	Scene_Main	119	4.4399	5.3077	5.13	0.0	-0.7069	0.0	0.7072	0.7295	10.156	0.7863	1.0	1.0	1.0
skygarden_scene002	Scene_Main	120	4.4699	5.3077	58.83	0.0	0.0002	0.0	1.0	0.7295	10.156	0.7863	1.0	1.0	1.0
skygarden_scene002	Scene_Main	121	41.4068	4.7994	1.0499	0.0	0.0002	0.0	1.0	85.7744	11.1728	1.0	1.0	1.0	1.0
skygarden_scene002	Scene_Main	122	41.4068	9.25	1.97	0.0	0.0002	0.0	1.0	85.7744	1.2267	1.3884	1.0	1.0	1.0
skygarden_scene002	Scene_Main	123	41.4068	4.7994	62.81	0.0	0.0002	0.0	1.0	85.7744	11.1728	1.0	1.0	1.0	1.0
skygarden_scene002	Scene_Main	124	-0.07	4.7994	31.999	0.0	-0.7069	0.0	0.7072	71.8794	11.1728	1.0	1.0	1.0	1.0
skygarden_scene002	Scene_Main	125	81.05	4.7994	28.7731	0.0	0.7072	0.0	0.7069	65.2609	11.1728	1.0	1.0	1.0	1.0
skygarden_scene002	Scene_Main	126	40.4399	0.0099	54.9109	0.0	0.0	0.0	1.0	70.0	2.0	17.78	1.0	1.0	1.0
skygarden_scene002	Scene_Main	127	7.5	0.0099	38.7999	0.0	-0.7071	0.0	0.7071	70.0	2.0	17.78	1.0	1.0	1.0
skygarden_scene002	Scene_Main	128	46.34	0.0099	9.7799	0.0	-1.0	0.0	0.0	70.0	2.0	17.78	1.0	1.0	1.0
skygarden_scene002	Scene_Main	129	40.9813	-0.3	32.493	0.0	-1.0	0.0	0.0	51.1	2.0	28.7848	1.0	1.0	1.0
skygarden_scene002	Scene_Main	130	40.56	0.2599	32.02	0.0	-1.0	0.0	0.0	38.0015	1.4873	16.3446	1.0	1.0	1.0
skygarden_scene002	Scene_Main	131	73.41	0.0099	36.09	0.0	-0.7071	0.0	0.7071	70.0	2.0	17.78	1.0	1.0	1.0
skygarden_scene002	Scene_Main	132	41.3579	5.4888	3.3983	0.0	0.0	0.0	1.0	0.8173	0.8173	0.8173	114.7071	13.4858	5.9956
skygarden_scene002	Scene_Main	133	78.1352	5.4888	32.0364	0.0	0.0	0.0	1.0	0.8173	0.8173	0.8173	4.7379	13.4858	76.8434
skygarden_scene002	Scene_Main	134	2.4207	5.4888	32.0364	0.0	0.0	0.0	1.0	0.8173	0.8173	0.8173	5.396	13.4858	76.8434
skygarden_scene002	Scene_Main	135	41.3579	5.4888	60.9783	0.0	0.0	0.0	1.0	0.8173	0.8173	0.8173	114.7071	13.4858	5.9956
skygarden_scene002	Scene_Main	136	41.3579	5.4888	1.2383	0.0	0.0	0.0	1.0	0.8173	0.8173	0.8173	114.7071	13.4858	5.9956
skygarden_scene002	Scene_Main	137	80.0452	5.4888	32.0364	0.0	0.0	0.0	1.0	0.8173	0.8173	0.8173	4.7379	13.4858	76.8434
skygarden_scene002	Scene_Main	138	0.6607	5.4888	32.0364	0.0	0.0	0.0	1.0	0.8173	0.8173	0.8173	5.396	13.4858	76.8434
skygarden_scene002	Scene_Main	139	41.3579	5.4888	62.6583	0.0	0.0	0.0	1.0	0.8173	0.8173	0.8173	114.7071	13.4858	5.9956
skygarden_scene003	Scene_Main	1	45.6657	31.7408	82.05	0.0	0.0	0.0	1.0	15.8247	6.3713	0.223	1.0	1.0	1.0
skygarden_scene003	Scene_Main	2	37.5999	31.7408	84.4699	0.0	0.7071	0.0	0.7071	5.8541	6.3713	0.9024	1.0	1.0	1.0
skygarden_scene003	Scene_Main	3	76.9907	31.3533	100.4872	0.0	0.9306	0.0	-0.3659	8.7278	7.1461	0.9024	1.0	1.0	1.0
skygarden_scene003	Scene_Main	4	66.7649	29.3561	103.357	0.0	0.711	0.0	-0.7031	0.8397	3.4587	0.4339	1.0	1.0	1.0
skygarden_scene003	Scene_Main	5	71.7169	28.145	94.8499	0.0	0.8734	0.0	-0.4868	8.5056	6.8925	0.4451	1.0	1.0	1.0
skygarden_scene003	Scene_Main	6	71.1868	28.145	88.3613	0.0	0.4268	0.0	-0.9043	8.3509	6.8925	0.4451	1.0	1.0	1.0
skygarden_scene003	Scene_Main	7	60.9239	28.145	85.5802	0.0	-0.0026	0.0	-0.9999	16.0831	6.8925	0.4451	1.0	1.0	1.0
skygarden_scene003	Scene_Main	8	50.8953	28.145	88.5949	0.0	-0.4299	0.0	-0.9028	7.5843	6.8925	0.4451	1.0	1.0	1.0
skygarden_scene003	Scene_Main	9	50.7522	28.145	94.9494	0.0	-0.8716	0.0	-0.4901	8.5824	6.8925	0.4451	1.0	1.0	1.0
skygarden_scene003	Scene_Main	10	54.2615	28.145	100.8461	0.0	-0.8653	0.0	-0.5011	5.1597	6.8925	0.4451	1.0	1.0	1.0
skygarden_scene003	Scene_Main	11	55.5299	28.145	103.4	0.0	-0.6917	0.0	-0.7221	1.0902	6.8925	0.4451	1.0	1.0	1.0
skygarden_scene003	Scene_Main	12	68.4234	28.7182	100.0522	0.1502	0.8511	-0.1097	-0.4908	5.9005	6.2739	0.4339	1.0	1.0	1.0
skygarden_scene003	Scene_Main	13	67.2405	30.11	102.0167	-0.0098	0.8642	-0.0169	-0.5027	2.3896	4.3916	0.4339	1.0	1.0	1.0
skygarden_scene003	Scene_Main	14	32.1599	31.7408	84.8601	0.0	0.7071	0.0	0.7071	6.3347	6.3713	0.9024	1.0	1.0	1.0
skygarden_scene003	Scene_Main	15	29.9029	31.7408	82.1729	0.0	0.0045	0.0	0.9999	3.6241	6.3713	0.9024	1.0	1.0	1.0
skygarden_scene003	Scene_Main	16	80.9735	31.3962	104.2988	0.0	0.9296	0.0	-0.3683	8.9662	7.06	1.1149	1.0	1.0	1.0
skygarden_scene003	Scene_Main	17	39.8622	31.7408	92.4087	0.0	0.8366	0.0	0.5476	11.4003	6.3713	0.9024	1.0	1.0	1.0
skygarden_scene003	Scene_Main	18	82.4906	31.7408	92.2157	0.0	0.8362	0.0	-0.5482	11.9186	6.3713	0.9024	1.0	1.0	1.0
skygarden_scene003	Scene_Main	19	35.1212	31.7408	94.6042	0.0	0.8366	0.0	0.5476	15.7144	6.3713	0.9024	1.0	1.0	1.0
skygarden_scene003	Scene_Main	20	87.3719	31.7408	93.8716	0.0	0.8359	0.0	-0.5488	16.2357	6.3713	0.9024	1.0	1.0	1.0
skygarden_scene003	Scene_Main	21	45.2387	30.7	100.4552	0.0	0.9307	0.0	0.3656	8.7572	8.4528	0.9024	1.0	1.0	1.0
skygarden_scene003	Scene_Main	22	84.7537	31.7408	84.2628	0.0	0.7095	0.0	-0.7046	5.4718	6.3713	1.1909	1.0	1.0	1.0
skygarden_scene003	Scene_Main	23	41.0758	30.7	103.934	0.0	0.9318	0.0	0.3629	9.6351	8.4528	0.9024	1.0	1.0	1.0
skygarden_scene003	Scene_Main	24	92.3628	31.7408	85.2582	0.0	0.7082	0.0	-0.7059	7.537	6.3713	5.4476	1.0	1.0	1.0
skygarden_scene003	Scene_Main	25	92.6313	29.5711	79.7274	0.0	0.7082	0.0	-0.7059	4.3201	2.0318	4.138	1.0	1.0	1.0
skygarden_scene003	Scene_Main	26	29.5699	29.5711	79.8374	0.0	0.7082	0.0	-0.7059	4.3201	2.0318	4.138	1.0	1.0	1.0
skygarden_scene003	Scene_Main	27	94.9003	33.1069	73.5997	0.0	0.7082	0.0	-0.7059	16.5807	10.1295	1.2102	1.0	1.0	1.0
skygarden_scene003	Scene_Main	28	95.1379	35.9425	61.2344	0.0	0.7082	0.0	-0.7059	8.827	4.458	1.6017	1.0	1.0	1.0
skygarden_scene003	Scene_Main	29	101.5896	32.9832	66.3099	0.0	0.0	0.0	1.0	11.8467	6.6418	1.6017	1.0	1.0	1.0
skygarden_scene003	Scene_Main	30	106.4899	30.2726	63.5099	0.0	0.7071	0.0	0.7071	4.62	1.2201	1.6017	1.0	1.0	1.0
skygarden_scene003	Scene_Main	31	107.4499	30.8817	51.8213	0.0	0.7071	0.0	0.7071	17.5152	2.438	1.6017	1.0	1.0	1.0
skygarden_scene003	Scene_Main	32	104.7736	33.9788	63.5099	-0.185	0.6824	0.185	0.6824	4.62	6.3597	1.6017	1.0	1.0	1.0
skygarden_scene003	Scene_Main	33	106.1122	35.3488	51.8213	-0.185	0.6824	0.185	0.6824	17.5153	8.2111	1.6017	1.0	1.0	1.0
skygarden_scene003	Scene_Main	34	98.038	30.1916	65.1557	0.0	0.0	0.0	1.0	0.3887	1.1945	0.5168	1.0	1.0	1.0
skygarden_scene003	Scene_Main	35	95.144	35.5845	56.7998	0.3533	0.6138	-0.3521	-0.6118	4.3243	4.458	1.6017	1.0	1.0	1.0
skygarden_scene003	Scene_Main	36	95.1252	34.0634	65.6735	-0.3166	0.6335	0.3156	-0.6314	6.4905	4.458	1.6017	1.0	1.0	1.0
skygarden_scene003	Scene_Main	37	95.1507	30.3108	57.8068	-0.3231	0.6302	0.322	-0.6281	5.0875	2.467	1.6017	1.0	1.0	1.0
skygarden_scene003	Scene_Main	38	93.8399	30.2199	57.3568	0.0	0.0	0.0	1.0	1.7993	1.3815	0.4922	1.0	1.0	1.0
skygarden_scene003	Scene_Main	39	87.6182	33.7207	47.2869	0.0	0.0	0.0	1.0	1.7993	1.3815	0.4922	1.0	1.0	1.0
skygarden_scene003	Scene_Main	40	83.0584	33.7207	41.2069	0.0	0.323	0.0	0.9463	1.7993	1.3815	0.4922	1.0	1.0	1.0
skygarden_scene003	Scene_Main	41	78.2104	33.7207	35.0979	0.0	0.5054	0.0	0.8628	1.7993	1.3815	0.4922	1.0	1.0	1.0
skygarden_scene003	Scene_Main	42	70.329	33.7207	35.3549	0.0	0.7017	0.0	0.7123	1.7993	1.3815	0.4922	1.0	1.0	1.0
skygarden_scene003	Scene_Main	43	51.9594	33.7207	35.3549	0.0	0.7017	0.0	0.7123	1.7993	1.3815	0.4922	1.0	1.0	1.0
skygarden_scene003	Scene_Main	44	44.1399	33.7207	35.0649	0.0	0.8389	0.0	0.5441	1.7993	1.3815	0.4922	1.0	1.0	1.0
skygarden_scene003	Scene_Main	45	39.2083	33.7207	41.1922	0.0	0.94	0.0	0.341	1.7993	1.3815	0.4922	1.0	1.0	1.0
skygarden_scene003	Scene_Main	46	34.684	33.7207	47.2696	0.0	0.9993	0.0	0.0371	1.7993	1.3815	0.4922	1.0	1.0	1.0
skygarden_scene003	Scene_Main	47	28.6904	29.9918	57.3431	0.0	0.9996	0.0	0.0247	1.7993	1.3815	0.4922	1.0	1.0	1.0
skygarden_scene003	Scene_Main	48	40.0	29.9918	57.29	0.0	-0.0185	0.0	0.9998	1.7993	1.3815	0.4922	1.0	1.0	1.0
skygarden_scene003	Scene_Main	49	43.012	33.6839	47.318	0.0	-0.0185	0.0	0.9998	1.7993	1.3815	0.4922	1.0	1.0	1.0
skygarden_scene003	Scene_Main	50	82.3084	30.2199	57.28	0.0	1.0	0.0	0.0	1.7993	1.3815	0.4922	1.0	1.0	1.0
skygarden_scene003	Scene_Main	51	79.0699	33.6329	47.2989	0.0	1.0	0.0	0.0	1.7993	1.3815	0.4922	1.0	1.0	1.0
skygarden_scene003	Scene_Main	52	78.012	34.08	46.451	0.0	1.0	0.0	0.0	1.7993	1.3815	1.4799	1.0	1.0	1.0
skygarden_scene003	Scene_Main	53	77.91	37.3545	46.54	0.0	1.0	0.0	0.0	1.3699	5.3209	1.1267	1.0	1.0	1.0
skygarden_scene003	Scene_Main	54	76.678	33.729	45.2016	0.0	1.0	0.0	0.0	1.3699	0.3256	2.6194	1.0	1.0	1.0
skygarden_scene003	Scene_Main	55	69.158	33.729	45.2	0.0	1.0	0.0	0.0	1.387	0.3256	2.6194	1.0	1.0	1.0
skygarden_scene003	Scene_Main	56	54.4481	33.729	45.2025	0.0	1.0	0.0	0.0	1.387	0.3256	2.6194	1.0	1.0	1.0
skygarden_scene003	Scene_Main	57	61.8133	34.3218	46.68	0.0	1.0	0.0	0.0	13.5915	1.5113	0.7902	1.0	1.0	1.0
skygarden_scene003	Scene_Main	58	49.9599	36.6162	44.6199	0.0	1.0	0.0	0.0	8.1541	6.1001	0.7902	1.0	1.0	1.0
skygarden_scene003	Scene_Main	59	72.5767	36.6162	44.6199	0.0	1.0	0.0	0.0	7.1674	6.1001	0.7902	1.0	1.0	1.0
skygarden_scene003	Scene_Main	60	45.438	33.729	45.2025	0.0	1.0	0.0	0.0	1.387	0.3256	2.6194	1.0	1.0	1.0
skygarden_scene003	Scene_Main	61	44.102	34.2845	46.5209	0.0	1.0	0.0	0.0	1.387	1.0915	1.6211	1.0	1.0	1.0
skygarden_scene003	Scene_Main	62	51.137	34.2845	35.7363	0.0	1.0	0.0	0.0	1.387	1.0915	1.5978	1.0	1.0	1.0
skygarden_scene003	Scene_Main	63	71.2149	34.2845	35.756	0.0	1.0	0.0	0.0	1.387	1.0915	1.5978	1.0	1.0	1.0
skygarden_scene003	Scene_Main	64	41.9799	34.4889	52.24	0.0	0.9838	0.0	0.1791	0.7555	10.2449	10.3002	1.0	1.0	1.0
skygarden_scene003	Scene_Main	65	44.34	37.3602	46.7099	0.0	1.0	0.0	0.0	1.387	5.112	1.6211	1.0	1.0	1.0
skygarden_scene003	Scene_Main	66	76.6598	34.3451	44.9356	0.0	0.9926	0.121	0.0	0.9129	2.0544	1.4405	1.0	1.0	1.0
skygarden_scene003	Scene_Main	67	69.1399	34.3451	44.9338	0.0	0.9926	0.121	0.0	0.9243	2.0544	1.4405	1.0	1.0	1.0
skygarden_scene003	Scene_Main	68	54.43	34.3451	44.9365	0.0	0.9926	0.121	0.0	0.9243	2.0544	1.4405	1.0	1.0	1.0
skygarden_scene003	Scene_Main	69	45.4199	34.3451	44.9365	0.0	0.9926	0.121	0.0	0.9243	2.0544	1.4405	1.0	1.0	1.0
skygarden_scene003	Scene_Main	70	76.6598	36.2868	45.2935	0.0	0.9767	-0.2143	0.0	1.2924	7.4823	2.8674	1.0	1.0	1.0
skygarden_scene003	Scene_Main	71	69.1399	36.4049	45.2374	0.0	0.9767	-0.2143	0.0	1.3085	7.222	2.8674	1.0	1.0	1.0
skygarden_scene003	Scene_Main	72	54.43	36.4049	45.24	0.0	0.9767	-0.2143	0.0	1.3085	7.222	2.8674	1.0	1.0	1.0
skygarden_scene003	Scene_Main	73	61.9873	37.3843	46.124	0.0	0.9767	-0.2143	0.0	13.6233	8.2619	0.537	1.0	1.0	1.0
skygarden_scene003	Scene_Main	74	45.4199	36.4049	45.24	0.0	0.9767	-0.2143	0.0	1.3085	7.222	2.8674	1.0	1.0	1.0
skygarden_scene003	Scene_Main	75	90.8899	34.8185	52.1899	0.0	-0.4793	0.0	0.8776	12.0865	9.5988	0.4922	1.0	1.0	1.0
skygarden_scene003	Scene_Main	76	82.625	37.0388	40.4926	0.0	-0.4449	0.0	0.8955	17.0601	7.4309	0.4922	1.0	1.0	1.0
skygarden_scene003	Scene_Main	77	60.175	37.0388	34.81	0.0	0.0	0.0	1.0	36.5872	7.4309	0.4922	1.0	1.0	1.0
skygarden_scene003	Scene_Main	78	39.1707	37.0388	41.0894	0.0	0.4484	0.0	0.8937	15.616	7.4309	0.4922	1.0	1.0	1.0
skygarden_scene003	Scene_Main	79	28.6499	32.7543	89.8535	0.0	0.7071	0.0	0.707	65.4029	15.9994	0.4922	1.0	1.0	1.0
skygarden_scene003	Scene_Main	80	31.28	35.0984	52.3899	0.0	0.481	0.0	0.8767	12.168	11.311	0.4922	1.0	1.0	1.0
skygarden_scene003	Scene_Main	81	80.4899	34.8185	52.2799	0.0	-0.5689	0.0	0.8223	10.4004	9.5988	0.4922	1.0	1.0	1.0
skygarden_scene003	Scene_Main	82	94.0783	35.8964	57.3568	0.0	0.0	0.0	1.0	0.9662	7.873	0.4922	1.0	1.0	1.0
skygarden_scene003	Scene_Main	83	87.8566	39.3972	47.2869	0.0	0.0	0.0	1.0	0.9662	7.873	0.4922	1.0	1.0	1.0
skygarden_scene003	Scene_Main	84	83.2471	39.3972	41.0611	0.0	0.323	0.0	0.9463	0.9662	7.873	0.4922	1.0	1.0	1.0
skygarden_scene003	Scene_Main	85	78.327	39.3972	34.89	0.0	0.5054	0.0	0.8628	0.9662	7.873	0.4922	1.0	1.0	1.0
skygarden_scene003	Scene_Main	86	70.3326	39.3972	35.1166	0.0	0.7017	0.0	0.7123	0.9662	7.873	0.4922	1.0	1.0	1.0
skygarden_scene003	Scene_Main	87	51.963	39.3972	35.1166	0.0	0.7017	0.0	0.7123	0.9662	7.873	0.4922	1.0	1.0	1.0
skygarden_scene003	Scene_Main	88	44.0428	39.3972	34.8472	0.0	0.8389	0.0	0.5441	0.9662	7.873	0.4922	1.0	1.0	1.0
skygarden_scene003	Scene_Main	89	39.0254	39.3972	41.0393	0.0	0.94	0.0	0.341	0.9662	7.873	0.4922	1.0	1.0	1.0
skygarden_scene003	Scene_Main	90	34.4463	39.3972	47.2519	0.0	0.9993	0.0	0.0371	0.9662	7.873	0.4922	1.0	1.0	1.0
skygarden_scene003	Scene_Main	91	28.4523	35.6682	57.3313	0.0	0.9996	0.0	0.0247	0.9662	7.873	0.4922	1.0	1.0	1.0
skygarden_scene003	Scene_Main	92	40.2382	35.6682	57.2988	0.0	-0.0185	0.0	0.9998	0.9662	7.873	0.4922	1.0	1.0	1.0
skygarden_scene003	Scene_Main	93	43.2502	39.3604	47.3268	0.0	-0.0185	0.0	0.9998	0.9662	7.873	0.4922	1.0	1.0	1.0
skygarden_scene003	Scene_Main	94	82.0699	35.8964	57.2799	0.0	1.0	0.0	0.0	0.9662	7.873	0.4922	1.0	1.0	1.0
skygarden_scene003	Scene_Main	95	78.8315	39.3093	47.2989	0.0	1.0	0.0	0.0	0.9662	7.873	0.4922	1.0	1.0	1.0
skygarden_scene003	Scene_Main	96	94.1047	31.4262	57.3568	0.0	0.0	-0.2657	0.964	1.472	2.0787	0.4922	1.0	1.0	1.0
skygarden_scene003	Scene_Main	97	87.883	34.9269	47.2869	0.0	0.0	-0.2657	0.964	1.472	2.0787	0.4922	1.0	1.0	1.0
skygarden_scene003	Scene_Main	98	83.2679	34.9269	41.0449	-0.0858	0.3114	-0.2514	0.9123	1.472	2.0787	0.4922	1.0	1.0	1.0
skygarden_scene003	Scene_Main	99	78.3399	34.9269	34.867	-0.1343	0.4872	-0.2293	0.8318	1.472	2.0787	0.4922	1.0	1.0	1.0
skygarden_scene003	Scene_Main	100	70.3329	34.9269	35.0901	-0.1865	0.6765	-0.1893	0.6867	1.472	2.0787	0.4922	1.0	1.0	1.0
skygarden_scene003	Scene_Main	101	51.9634	34.9269	35.0901	-0.1865	0.6765	-0.1893	0.6867	1.472	2.0787	0.4922	1.0	1.0	1.0
skygarden_scene003	Scene_Main	102	44.032	34.9269	34.8231	-0.2229	0.8088	-0.1446	0.5245	1.472	2.0787	0.4922	1.0	1.0	1.0
skygarden_scene003	Scene_Main	103	39.0051	34.9269	41.0224	-0.2498	0.9062	-0.0906	0.3287	1.472	2.0787	0.4922	1.0	1.0	1.0
skygarden_scene003	Scene_Main	104	34.4199	34.9269	47.25	-0.2655	0.9633	-0.0098	0.0357	1.472	2.0787	0.4922	1.0	1.0	1.0
skygarden_scene003	Scene_Main	105	28.426	31.1979	57.33	-0.2656	0.9637	-0.0065	0.0238	1.472	2.0787	0.4922	1.0	1.0	1.0
skygarden_scene003	Scene_Main	106	40.2646	31.1979	57.2998	0.0049	-0.0178	-0.2657	0.9638	1.472	2.0787	0.4922	1.0	1.0	1.0
skygarden_scene003	Scene_Main	107	43.2766	34.8902	47.3278	0.0049	-0.0178	-0.2657	0.9638	1.472	2.0787	0.4922	1.0	1.0	1.0
skygarden_scene003	Scene_Main	108	82.0436	31.4262	57.28	-0.2657	0.964	0.0	0.0	1.472	2.0787	0.4922	1.0	1.0	1.0
skygarden_scene003	Scene_Main	109	78.8051	34.8391	47.2989	-0.2657	0.964	0.0	0.0	1.472	2.0787	0.4922	1.0	1.0	1.0
skygarden_scene003	Scene_Main	110	91.6664	31.4871	77.1258	0.0	0.0016	0.0	-0.9999	5.8688	6.8898	1.5541	1.0	1.0	1.0
skygarden_scene003	Scene_Main	111	91.6999	31.4871	65.8688	0.0	0.0016	0.0	-0.9999	5.8688	6.8898	1.4829	1.0	1.0	1.0
skygarden_scene003	Scene_Main	112	30.6399	31.4871	65.8321	0.0	-0.9999	0.0	-0.0016	5.8688	6.8898	1.4829	1.0	1.0	1.0
skygarden_scene003	Scene_Main	113	30.6399	31.4871	77.0879	0.0	-0.9999	0.0	-0.0016	5.8688	6.8898	1.4829	1.0	1.0	1.0
skygarden_scene003	Scene_Main	114	107.1591	31.4871	60.6921	0.0	0.0016	0.0	-0.9999	5.8688	6.8898	1.4829	1.0	1.0	1.0
skygarden_scene003	Scene_Main	115	107.19	31.4871	52.1399	0.0	0.0016	0.0	-0.9999	5.8688	6.8898	1.4829	1.0	1.0	1.0
skygarden_scene003	Scene_Main	116	107.19	31.4871	43.6399	0.0	0.0016	0.0	-0.9999	5.8688	6.8898	1.4829	1.0	1.0	1.0
skygarden_scene003	Scene_Main	117	91.2772	29.8799	77.1244	0.0	0.0016	0.0	-0.9999	6.647	0.5844	1.9176	1.0	1.0	1.0
skygarden_scene003	Scene_Main	118	72.594	27.5251	115.3567	0.0	0.0016	0.0	-0.9999	3.9955	0.5844	1.9176	1.0	1.0	1.0
skygarden_scene003	Scene_Main	119	49.7037	27.5251	115.3347	0.0	-0.9999	0.0	-0.0016	3.9616	0.5844	1.9176	1.0	1.0	1.0
skygarden_scene003	Scene_Main	120	72.0807	28.3773	115.3259	-0.0003	0.0016	0.2084	-0.978	1.7328	2.3445	0.7538	1.0	1.0	1.0
skygarden_scene003	Scene_Main	121	50.2	28.3773	115.3399	0.2084	-0.978	0.0003	-0.0016	1.7328	2.3445	0.7538	1.0	1.0	1.0
skygarden_scene003	Scene_Main	122	91.3108	29.8799	65.8467	0.0	0.0016	0.0	-0.9999	6.647	0.5844	1.9176	1.0	1.0	1.0
skygarden_scene003	Scene_Main	123	76.6011	29.3111	59.1912	0.0	0.0016	0.0	-0.9999	11.6562	0.8066	5.3584	1.0	1.0	1.0
skygarden_scene003	Scene_Main	124	80.1782	33.5041	58.9215	0.0	0.0016	0.0	-0.9999	4.1241	7.8349	4.7952	1.0	1.0	1.0
skygarden_scene003	Scene_Main	125	42.22	33.5041	58.7999	0.0	0.0016	0.0	-0.9999	4.1241	7.8349	4.7952	1.0	1.0	1.0
skygarden_scene003	Scene_Main	126	73.8352	35.2662	59.8213	-0.9149	0.0006	-0.0015	-0.4036	5.8426	6.6225	16.9629	1.0	1.0	1.0
skygarden_scene003	Scene_Main	127	48.5071	35.2662	59.7398	-0.9149	0.0006	-0.0015	-0.4036	5.8882	6.6225	16.9629	1.0	1.0	1.0
skygarden_scene003	Scene_Main	128	61.354	34.6791	57.2655	-0.9149	0.0006	-0.0015	-0.4036	36.1129	0.6569	16.9629	1.0	1.0	1.0
skygarden_scene003	Scene_Main	129	61.2018	29.3111	56.6334	0.0	0.0016	0.0	-0.9999	15.5528	0.8066	5.3584	1.0	1.0	1.0
skygarden_scene003	Scene_Main	130	51.6125	29.3111	57.7187	0.0	-0.4338	0.0	-0.9009	6.2905	0.8066	5.3584	1.0	1.0	1.0
skygarden_scene003	Scene_Main	131	71.47	29.3111	57.8199	0.0	-0.327	0.0	-0.945	6.2905	0.8066	5.3584	1.0	1.0	1.0
skygarden_scene003	Scene_Main	132	45.874	29.3111	59.166	0.0	0.0016	0.0	-0.9999	11.8854	0.8066	5.3584	1.0	1.0	1.0
skygarden_scene003	Scene_Main	133	31.0289	29.8799	65.8542	0.0	-0.9999	0.0	-0.0016	6.647	0.5844	1.9176	1.0	1.0	1.0
skygarden_scene003	Scene_Main	134	31.0289	29.8799	77.11	0.0	-0.9999	0.0	-0.0016	6.647	0.5844	1.9176	1.0	1.0	1.0
skygarden_scene003	Scene_Main	135	30.84	30.1697	71.8394	0.0	-0.9999	0.0	-0.0016	1.5314	1.0794	7.6266	1.0	1.0	1.0
skygarden_scene003	Scene_Main	136	106.7699	29.8799	60.6699	0.0	0.0016	0.0	-0.9999	6.647	0.5844	1.9176	1.0	1.0	1.0
skygarden_scene003	Scene_Main	137	106.8009	29.8799	52.1179	0.0	0.0016	0.0	-0.9999	6.647	0.5844	1.9176	1.0	1.0	1.0
skygarden_scene003	Scene_Main	138	106.8009	29.8799	43.6179	0.0	0.0016	0.0	-0.9999	6.647	0.5844	1.9176	1.0	1.0	1.0
skygarden_scene003	Scene_Main	139	100.3659	32.9822	43.026	0.0	0.0016	0.0	-0.9999	9.862	6.789	0.5951	1.0	1.0	1.0
skygarden_scene003	Scene_Main	140	100.4735	33.8983	43.5052	0.0	0.0016	0.0	-0.9999	10.532	8.6215	0.5951	1.0	1.0	1.0
skygarden_scene003	Scene_Main	141	95.6988	32.0985	50.0634	0.0	0.0016	0.0	-0.9999	1.3509	4.6268	14.6509	1.0	1.0	1.0
skygarden_scene003	Scene_Main	142	96.0201	32.0985	50.0209	0.0	0.0016	0.0	-0.9999	1.3509	4.6268	6.9297	1.0	1.0	1.0
skygarden_scene003	Scene_Main	143	96.392	32.0985	46.3297	0.0	-0.2509	0.0	-0.968	0.3621	4.6268	0.7454	1.0	1.0	1.0
skygarden_scene003	Scene_Main	144	96.3472	32.0985	53.7294	0.0	-0.9693	0.0	-0.2458	0.3621	4.6268	0.7454	1.0	1.0	1.0
skygarden_scene003	Scene_Main	145	89.4888	30.0119	78.7232	0.0	0.0016	0.0	-0.9999	0.947	1.552	0.5655	1.0	1.0	1.0
skygarden_scene003	Scene_Main	146	32.854	30.0119	78.7099	0.0	0.0016	0.0	-0.9999	0.947	1.552	0.5655	1.0	1.0	1.0
skygarden_scene003	Scene_Main	147	31.9659	29.9969	64.3219	0.0	0.0016	0.0	-0.9999	0.947	1.552	0.5655	1.0	1.0	1.0
skygarden_scene003	Scene_Main	148	30.186	30.0179	63.712	0.0	0.0016	0.0	-0.9999	0.7488	0.704	0.6335	1.0	1.0	1.0
skygarden_scene003	Scene_Main	149	30.2029	30.0179	58.568	0.0	0.0016	0.0	-0.9999	0.7488	0.704	0.6335	1.0	1.0	1.0
skygarden_scene003	Scene_Main	150	29.9153	30.8302	61.1902	0.0	-0.0007	0.0	-0.9999	0.8706	2.2113	2.6712	1.0	1.0	1.0
skygarden_scene003	Scene_Main	151	88.6607	30.0067	74.86	0.0	-0.1222	0.0	-0.9925	1.1615	1.5416	0.917	1.0	1.0	1.0
skygarden_scene003	Scene_Main	152	34.0592	30.002	74.8867	0.0	-0.1222	0.0	-0.9925	1.1615	1.5416	0.917	1.0	1.0	1.0
skygarden_scene003	Scene_Main	153	42.0162	29.2546	80.8539	0.0	0.0	0.0	1.0	2.7147	0.6016	0.917	1.0	1.0	1.0
skygarden_scene003	Scene_Main	154	46.3569	29.2546	80.8539	0.0	0.0	0.0	1.0	2.7147	0.6016	0.917	1.0	1.0	1.0
skygarden_scene003	Scene_Main	155	75.93	29.2546	80.8539	0.0	0.0	0.0	1.0	2.7147	0.6016	0.917	1.0	1.0	1.0
skygarden_scene003	Scene_Main	156	80.2519	29.2546	80.8539	0.0	0.0	0.0	1.0	2.7147	0.6016	0.917	1.0	1.0	1.0
skygarden_scene003	Scene_Main	157	51.25	26.1847	94.0289	0.0	-0.1254	0.0	-0.9921	0.9684	1.0877	0.917	1.0	1.0	1.0
skygarden_scene003	Scene_Main	158	51.907	26.7756	95.6837	0.0	-0.2753	0.0	-0.9613	0.9684	2.2805	1.2759	1.0	1.0	1.0
skygarden_scene003	Scene_Main	159	52.7369	26.7756	97.0139	0.0	-0.2753	0.0	-0.9613	0.9684	2.2805	1.2759	1.0	1.0	1.0
skygarden_scene003	Scene_Main	160	49.5666	26.1809	91.3397	0.0	-0.4593	0.0	-0.8882	0.9684	1.0877	0.917	1.0	1.0	1.0
skygarden_scene003	Scene_Main	161	71.0654	26.0568	90.2639	0.0	-0.1835	0.0	-0.983	0.9684	1.0877	0.8369	1.0	1.0	1.0
skygarden_scene003	Scene_Main	162	71.3758	26.0536	93.332	0.0	0.1032	0.0	-0.9946	0.9684	1.0877	0.8415	1.0	1.0	1.0
skygarden_scene003	Scene_Main	163	70.745	26.0568	94.6082	0.0	0.3463	0.0	-0.9381	0.9684	1.0877	0.8557	1.0	1.0	1.0
skygarden_scene003	Scene_Main	164	68.9337	26.0568	97.3907	0.0	0.0805	0.0	-0.9967	0.9684	1.0877	0.8557	1.0	1.0	1.0
skygarden_scene003	Scene_Main	165	50.9726	27.11	89.6031	0.0	-0.4021	0.0	-0.9155	1.029	2.9459	0.2832	1.0	1.0	1.0
skygarden_scene003	Scene_Main	166	51.2272	25.9676	89.8369	0.3225	-0.3763	-0.1416	-0.8568	1.029	0.9893	0.2832	1.0	1.0	1.0
skygarden_scene003	Scene_Main	167	50.522	25.795	92.6762	0.0	-0.2686	0.0	-0.9632	1.4758	0.6323	1.3239	1.0	1.0	1.0
skygarden_scene003	Scene_Main	168	69.7639	25.795	95.9059	0.0	-0.4556	0.0	-0.8901	1.3048	0.6323	1.3239	1.0	1.0	1.0
skygarden_scene003	Scene_Main	169	72.193	25.795	91.6859	0.0	-0.4035	0.0	-0.9149	1.3048	0.6323	1.3239	1.0	1.0	1.0
skygarden_scene003	Scene_Main	170	105.4095	29.9699	58.8207	0.0	-0.1222	0.0	-0.9925	1.1615	1.5416	0.917	1.0	1.0	1.0
skygarden_scene003	Scene_Main	171	104.052	30.0112	62.6397	0.0	-0.0191	0.0	-0.9998	0.674	0.665	0.6728	1.0	1.0	1.0
skygarden_scene003	Scene_Main	172	105.8108	30.207	64.7695	0.0	-0.0191	0.0	-0.9998	0.674	1.0567	0.888	1.0	1.0	1.0
skygarden_scene003	Scene_Main	173	90.1924	30.03	74.4664	0.0	-0.024	0.0	-0.9997	0.7595	0.6885	0.7652	1.0	1.0	1.0
skygarden_scene003	Scene_Main	174	92.523	30.03	64.2939	0.0	-0.024	0.0	-0.9997	0.7595	0.6885	0.7652	1.0	1.0	1.0
skygarden_scene003	Scene_Main	175	92.647	30.03	59.087	0.0	0.0045	0.0	-0.9999	0.7595	0.6885	0.7652	1.0	1.0	1.0
skygarden_scene003	Scene_Main	176	88.4972	30.0069	68.0703	0.0	-0.0028	0.0	-0.9999	1.1615	1.5416	0.917	1.0	1.0	1.0
skygarden_scene003	Scene_Main	177	33.8901	30.002	68.073	0.0	-0.0028	0.0	-0.9999	1.1615	1.5416	0.917	1.0	1.0	1.0
skygarden_scene003	Scene_Main	178	32.1657	30.0557	67.9757	0.0	-0.0028	0.0	-0.9999	0.7118	0.8838	0.7597	1.0	1.0	1.0
skygarden_scene003	Scene_Main	179	105.2706	30.0049	53.7472	0.0	-0.0028	0.0	-0.9999	1.1615	1.5416	0.917	1.0	1.0	1.0
skygarden_scene003	Scene_Main	180	105.428	30.0049	50.0419	0.0	-0.0028	0.0	-0.9999	0.6945	1.4053	0.8359	1.0	1.0	1.0
skygarden_scene003	Scene_Main	181	105.4604	30.8257	46.7145	0.0	-0.0028	0.0	-0.9999	0.6945	2.3229	2.803	1.0	1.0	1.0
skygarden_scene003	Scene_Main	182	88.6433	30.069	71.3696	0.0	-0.0028	0.0	-0.9999	1.1615	0.4579	4.1882	1.0	1.0	1.0
skygarden_scene003	Scene_Main	183	33.8699	30.069	71.2959	0.0	-0.0028	0.0	-0.9999	1.1615	0.4579	4.1882	1.0	1.0	1.0
skygarden_scene003	Scene_Main	184	105.263	30.1229	56.4179	0.0	-0.0028	0.0	-0.9999	1.1615	0.4579	2.9725	1.0	1.0	1.0
skygarden_scene003	Scene_Main	185	91.3617	30.1369	71.1176	0.0	-0.0028	0.0	-0.9999	1.1615	1.2145	7.8278	1.0	1.0	1.0
skygarden_scene003	Scene_Main	186	89.1464	34.6847	77.1176	0.0003	0.0016	-0.2252	-0.9742	3.6934	5.7389	1.5541	1.0	1.0	1.0
skygarden_scene003	Scene_Main	187	72.1071	31.1058	115.3509	0.0002	0.0016	-0.1396	-0.9901	2.3156	8.1791	1.5541	1.0	1.0	1.0
skygarden_scene003	Scene_Main	188	50.1735	31.1058	115.3404	-0.1396	-0.9901	-0.0002	-0.0016	2.3156	8.1791	1.5541	1.0	1.0	1.0
skygarden_scene003	Scene_Main	189	89.1799	34.6847	65.861	0.0003	0.0016	-0.2252	-0.9742	3.6934	5.7389	1.4829	1.0	1.0	1.0
skygarden_scene003	Scene_Main	190	33.1599	34.6847	65.8399	-0.2252	-0.9742	-0.0003	-0.0016	3.6934	5.7389	1.4829	1.0	1.0	1.0
skygarden_scene003	Scene_Main	191	33.1599	34.6847	77.0957	-0.2252	-0.9742	-0.0003	-0.0016	3.6934	5.7389	1.4829	1.0	1.0	1.0
skygarden_scene003	Scene_Main	192	104.6389	34.6847	60.6842	0.0003	0.0016	-0.2252	-0.9742	3.6934	5.7389	1.4829	1.0	1.0	1.0
skygarden_scene003	Scene_Main	193	104.6698	34.6847	52.132	0.0003	0.0016	-0.2252	-0.9742	3.6934	5.7389	1.4829	1.0	1.0	1.0
skygarden_scene003	Scene_Main	194	104.6698	34.6847	43.632	0.0003	0.0016	-0.2252	-0.9742	3.6934	5.7389	1.4829	1.0	1.0	1.0
skygarden_scene003	Scene_Main	195	43.687	30.7	109.8871	0.0	0.705	0.0	0.7091	6.232	8.4528	0.9024	1.0	1.0	1.0
skygarden_scene003	Scene_Main	196	44.0419	31.2101	111.9914	0.0	0.3799	0.0	0.925	10.458	7.4326	1.2281	1.0	1.0	1.0
skygarden_scene003	Scene_Main	197	48.129	28.4172	113.2857	0.0	0.707	0.0	0.7071	7.6922	1.8465	0.2626	1.0	1.0	1.0
skygarden_scene003	Scene_Main	198	71.1425	28.4172	120.6109	0.0	0.9102	0.0	-0.414	9.419	1.8465	0.2626	1.0	1.0	1.0
skygarden_scene003	Scene_Main	199	47.923	28.4172	109.2911	0.0	0.9251	0.0	0.3796	0.6892	1.8465	0.2626	1.0	1.0	1.0
skygarden_scene003	Scene_Main	200	74.461	28.4172	109.211	0.0	0.9279	0.0	-0.3727	1.1248	1.8465	0.2626	1.0	1.0	1.0
skygarden_scene003	Scene_Main	201	51.22	28.4172	120.5599	0.0	0.9114	0.0	0.4114	9.3998	1.8465	0.2626	1.0	1.0	1.0
skygarden_scene003	Scene_Main	202	74.1596	28.4172	113.3067	0.0	0.705	0.0	-0.7091	7.6777	1.8465	0.2626	1.0	1.0	1.0
skygarden_scene003	Scene_Main	203	53.3027	27.797	121.5072	0.0	0.9114	0.0	0.4114	2.7013	0.8488	0.916	1.0	1.0	1.0
skygarden_scene003	Scene_Main	204	49.11	27.797	112.9059	0.0	0.7064	0.0	0.7077	2.7013	0.8488	0.916	1.0	1.0	1.0
skygarden_scene003	Scene_Main	205	73.2799	27.797	113.05	0.0	0.7064	0.0	0.7077	2.7013	0.8488	0.916	1.0	1.0	1.0
skygarden_scene003	Scene_Main	206	68.869	27.797	121.7399	0.0	0.4253	0.0	0.905	2.7013	0.8488	0.916	1.0	1.0	1.0
skygarden_scene003	Scene_Main	207	40.8899	31.2101	116.0299	0.0	0.7093	0.0	0.7048	3.0295	7.4326	1.2281	1.0	1.0	1.0
skygarden_scene003	Scene_Main	208	45.6865	31.2101	122.2108	0.0	0.9214	0.0	0.3885	13.2127	7.4326	1.2281	1.0	1.0	1.0
skygarden_scene003	Scene_Main	209	50.1315	31.2101	129.6564	0.0	0.7072	0.0	0.7069	6.2747	7.4326	1.2281	1.0	1.0	1.0
skygarden_scene003	Scene_Main	210	72.16	31.2101	129.6499	0.0	0.7072	0.0	0.7069	6.2747	7.4326	1.2281	1.0	1.0	1.0
skygarden_scene003	Scene_Main	211	76.7764	31.2101	121.958	0.0	0.3929	0.0	0.9195	13.8478	7.4326	1.2281	1.0	1.0	1.0
skygarden_scene003	Scene_Main	212	81.4914	31.2101	115.6617	0.0	0.7051	0.0	0.709	3.3474	7.4326	1.2281	1.0	1.0	1.0
skygarden_scene003	Scene_Main	213	78.2399	31.2101	111.9899	0.0	0.9213	0.0	0.3887	10.3364	7.4326	1.0213	1.0	1.0	1.0
skygarden_scene003	Scene_Main	214	78.7399	31.2101	109.58	0.0	0.7081	0.0	0.706	4.4032	7.4326	1.0213	1.0	1.0	1.0
skygarden_scene003	Scene_Main	215	71.2501	31.2101	104.8379	0.0	0.9213	0.0	0.3887	4.3009	7.4326	0.9887	1.0	1.0	1.0
skygarden_scene003	Scene_Main	216	68.841	31.2101	103.7612	0.0	0.9999	0.0	0.0065	2.5107	7.4326	0.9887	1.0	1.0	1.0
skygarden_scene003	Scene_Main	217	66.3793	29.9102	104.3495	0.0	0.9999	0.0	0.0065	1.9453	4.9836	1.3956	1.0	1.0	1.0
skygarden_scene003	Scene_Main	218	63.1263	26.2709	95.2839	0.0	0.9999	0.0	0.0006	2.4942	1.3218	0.9714	1.0	1.0	1.0
skygarden_scene003	Scene_Main	219	59.205	26.2709	95.2789	0.0	0.9999	0.0	0.0006	2.4942	1.3218	0.9714	1.0	1.0	1.0
skygarden_scene003	Scene_Main	220	61.1202	27.6175	89.5098	0.0	0.9999	0.0	0.0006	5.4474	4.0149	0.9714	1.0	1.0	1.0
skygarden_scene003	Scene_Main	221	61.1199	26.3304	88.8499	0.0	0.9999	0.0	0.0006	7.8732	1.4405	0.9714	1.0	1.0	1.0
skygarden_scene003	Scene_Main	222	56.5014	26.2709	93.3761	0.0	0.9113	0.0	0.4116	5.5067	1.3218	0.9714	1.0	1.0	1.0
skygarden_scene003	Scene_Main	223	56.0239	26.6093	91.5708	0.0	0.9999	0.0	0.0012	1.1915	1.9984	0.9714	1.0	1.0	1.0
skygarden_scene003	Scene_Main	224	53.9317	27.5589	88.5509	0.0	0.9268	0.0	0.3755	3.3807	3.8976	1.6946	1.0	1.0	1.0
skygarden_scene003	Scene_Main	225	68.8789	27.5589	88.4739	0.0	0.3898	0.0	0.9208	3.3807	3.8976	1.6946	1.0	1.0	1.0
skygarden_scene003	Scene_Main	226	53.1474	31.6312	87.7678	-0.2032	0.9007	-0.0844	0.3744	1.8502	6.5391	1.7587	1.0	1.0	1.0
skygarden_scene003	Scene_Main	227	69.662	31.6312	87.6897	-0.0839	0.3721	-0.2034	0.9016	1.8502	6.5391	1.7587	1.0	1.0	1.0
skygarden_scene003	Scene_Main	228	55.6934	28.5025	91.5699	0.0	0.9999	0.0	0.0012	1.3791	2.0145	0.9714	1.0	1.0	1.0
skygarden_scene003	Scene_Main	229	66.6429	28.5025	91.5979	0.0	0.9999	0.0	0.0012	1.3791	2.0145	0.9714	1.0	1.0	1.0
skygarden_scene003	Scene_Main	230	66.3594	26.559	91.5973	0.0	0.9999	0.0	0.0012	1.0521	2.0145	0.9714	1.0	1.0	1.0
skygarden_scene003	Scene_Main	231	56.5489	26.2709	89.953	0.0	0.9181	0.0	-0.3963	5.5067	1.3218	0.9714	1.0	1.0	1.0
skygarden_scene003	Scene_Main	232	65.848	26.2709	93.4007	0.0	0.9132	0.0	-0.4074	5.4992	1.3218	0.9714	1.0	1.0	1.0
skygarden_scene003	Scene_Main	233	66.3079	29.4412	93.3888	0.0	0.9132	0.0	-0.4074	6.3191	0.306	1.7459	1.0	1.0	1.0
skygarden_scene003	Scene_Main	234	61.1836	29.4412	95.4878	0.0	0.0	0.0	1.0	7.3612	0.306	1.7459	1.0	1.0	1.0
skygarden_scene003	Scene_Main	235	56.104	29.4412	93.3688	0.0	-0.4171	0.0	0.9088	6.2908	0.306	1.7459	1.0	1.0	1.0
skygarden_scene003	Scene_Main	236	55.8078	29.4412	90.434	0.0	-0.9166	0.0	0.3995	5.0522	0.306	2.0994	1.0	1.0	1.0
skygarden_scene003	Scene_Main	237	66.429	29.4412	90.359	0.0	-0.9139	0.0	-0.4058	5.0522	0.306	2.0994	1.0	1.0	1.0
skygarden_scene003	Scene_Main	238	61.1823	29.4412	88.9397	0.0	-1.0	0.0	0.0	9.097	0.306	2.0994	1.0	1.0	1.0
skygarden_scene003	Scene_Main	239	66.1708	26.2709	90.3375	0.0	0.9144	0.0	0.4046	4.5082	1.3218	0.9714	1.0	1.0	1.0
skygarden_scene003	Scene_Main	240	55.3681	29.9102	104.3515	0.0	0.0065	0.0	-0.9999	3.2491	4.9836	1.3956	1.0	1.0	1.0
skygarden_scene003	Scene_Main	241	56.04	32.5999	104.36	-0.0027	0.0059	0.4233	-0.9059	3.2491	4.9836	1.3956	1.0	1.0	1.0
skygarden_scene003	Scene_Main	242	65.9899	32.7599	104.4899	-0.0059	0.0027	0.9089	-0.4168	3.2491	4.9836	1.3956	1.0	1.0	1.0
skygarden_scene003	Scene_Main	243	61.3246	33.72	104.36	0.0	0.0	-0.7071	0.7071	3.2491	13.7385	1.3956	1.0	1.0	1.0
skygarden_scene003	Scene_Main	244	66.133	29.9102	105.202	0.0	0.9999	0.0	0.0065	0.6306	4.9836	0.5125	1.0	1.0	1.0
skygarden_scene003	Scene_Main	245	56.1399	29.9102	105.25	0.0	0.9999	0.0	0.0065	0.6306	4.9836	0.5125	1.0	1.0	1.0
skygarden_scene003	Scene_Main	246	56.6729	28.225	106.5867	0.0	0.9999	0.0	0.0065	0.3572	1.3306	0.6551	1.0	1.0	1.0
skygarden_scene003	Scene_Main	247	65.4737	28.4676	104.3965	0.2237	0.9746	0.0014	0.0063	0.9208	2.0205	0.9407	1.0	1.0	1.0
skygarden_scene003	Scene_Main	248	56.9256	28.4676	104.3128	0.0014	0.0063	-0.2237	-0.9746	0.9208	2.0205	0.9407	1.0	1.0	1.0
skygarden_scene003	Scene_Main	249	53.4807	31.2101	103.7612	0.0	0.9999	0.0	0.0065	2.5107	7.4326	0.9887	1.0	1.0	1.0
skygarden_scene003	Scene_Main	250	69.772	27.9666	106.5068	0.0	0.9999	0.0	0.0065	3.6459	0.9455	0.8307	1.0	1.0	1.0
skygarden_scene003	Scene_Main	251	52.5433	27.9666	106.5503	0.0	0.9999	0.0	-0.0038	3.6459	0.9455	0.8307	1.0	1.0	1.0
skygarden_scene003	Scene_Main	252	51.4024	27.9666	105.7117	0.0	0.9236	0.0	-0.3831	2.7541	0.9455	0.8307	1.0	1.0	1.0
skygarden_scene003	Scene_Main	253	69.2179	27.9666	105.323	0.0	0.9999	0.0	0.0065	2.5069	0.9455	3.1835	1.0	1.0	1.0
skygarden_scene003	Scene_Main	254	52.9459	27.9666	105.3783	0.0	0.9999	0.0	-0.0038	2.5069	0.9455	3.1835	1.0	1.0	1.0
skygarden_scene003	Scene_Main	255	69.9634	28.586	106.1346	0.0	0.9999	0.0	0.0065	2.632	0.9455	0.9254	1.0	1.0	1.0
skygarden_scene003	Scene_Main	256	52.443	28.586	106.0859	0.0	0.9999	0.0	-0.0011	2.632	0.9455	0.9254	1.0	1.0	1.0
skygarden_scene003	Scene_Main	257	67.1642	30.3922	106.5167	0.0	0.9831	0.1825	0.0	1.9634	5.1549	3.0007	1.0	1.0	1.0
skygarden_scene003	Scene_Main	258	55.151	30.3922	106.5167	0.0	0.9831	0.1825	0.0	1.9634	5.1549	3.0007	1.0	1.0	1.0
skygarden_scene003	Scene_Main	259	67.1642	30.2989	106.758	0.0	0.9831	0.1825	0.0	1.2354	5.1549	3.0007	1.0	1.0	1.0
skygarden_scene003	Scene_Main	260	55.151	30.2989	106.758	0.0	0.9831	0.1825	0.0	1.2354	5.1549	3.0007	1.0	1.0	1.0
skygarden_scene003	Scene_Main	261	67.1642	28.0732	107.5619	0.0	0.9782	-0.2076	0.0	1.2354	1.4732	1.1234	1.0	1.0	1.0
skygarden_scene003	Scene_Main	262	55.151	28.0732	107.5619	0.0	0.9782	-0.2076	0.0	1.2354	1.4732	1.1234	1.0	1.0	1.0
skygarden_scene003	Scene_Main	263	70.9002	27.9666	105.4829	0.0	0.9298	0.0	0.3678	3.0275	0.9455	1.175	1.0	1.0	1.0
skygarden_scene003	Scene_Main	264	72.11	31.2101	102.8199	0.0	0.9999	0.0	-0.0022	4.3009	7.4326	0.9887	1.0	1.0	1.0
skygarden_scene003	Scene_Main	265	61.0223	31.2101	130.5532	0.0	1.0	0.0	0.0	22.1592	7.4326	1.2281	1.0	1.0	1.0
skygarden_scene003	Scene_Main	266	51.3279	31.2101	104.6352	0.0	0.3799	0.0	0.925	4.9351	7.4326	1.0135	1.0	1.0	1.0
skygarden_scene003	Scene_Main	267	50.4371	30.7	103.1361	0.0	0.9971	0.0	0.0748	3.4356	8.4528	0.9024	1.0	1.0	1.0
skygarden_scene003	Scene_Main	268	76.4499	31.7408	82.05	0.0	0.0	0.0	1.0	15.8247	6.3713	0.223	1.0	1.0	1.0
skygarden_scene003	Scene_Main	269	61.11	31.7408	79.5199	0.0	0.0	0.0	1.0	11.0468	6.3713	0.223	1.0	1.0	1.0
skygarden_scene003	Scene_Main	270	67.6315	31.7408	80.7751	0.0	-0.4392	0.0	0.8983	3.4311	6.3713	0.223	1.0	1.0	1.0
skygarden_scene003	Scene_Main	271	54.6699	31.7408	80.8199	0.0	-0.8953	0.0	0.4453	3.4311	6.3713	0.223	1.0	1.0	1.0
skygarden_scene004	Scene_Main	1	67.9011	22.1	62.7555	0.0	0.0	0.0	1.0	100.0	1.0	100.0	1.0	1.0	1.0
skygarden_scene004	Scene_Main	2	70.37	10.0059	47.0481	0.0	0.0	0.0	1.0	36.0759	1.0	46.8445	1.0	1.0	1.0
skygarden_scene004	Scene_Main	3	70.37	7.6599	77.25	0.0	0.0	0.0	1.0	61.3218	1.0	46.8445	1.0	1.0	1.0
skygarden_scene004	Scene_Main	4	69.83	9.1599	68.54	0.0	0.0	0.0	1.0	5.8505	2.7055	14.5292	1.0	1.0	1.0
skygarden_scene004	Scene_Main	5	64.8199	8.9813	73.1173	0.2048	0.0	0.0	0.9787	4.0958	0.717	6.1939	1.0	1.0	1.0
skygarden_scene004	Scene_Main	6	74.955	8.9813	73.1173	0.2048	0.0	0.0	0.9787	4.0958	0.717	6.1939	1.0	1.0	1.0
skygarden_scene004	Scene_Main	7	82.3371	9.1599	72.1625	0.0	0.0	0.0	1.0	10.6046	2.7055	7.2835	1.0	1.0	1.0
skygarden_scene004	Scene_Main	8	92.1299	13.748	72.8799	0.0	0.0	0.0	1.0	10.6046	11.6019	7.2835	1.0	1.0	1.0
skygarden_scene004	Scene_Main	9	48.08	13.748	72.8799	0.0	0.0	0.0	1.0	10.6046	11.6019	7.2835	1.0	1.0	1.0
skygarden_scene004	Scene_Main	10	92.0599	13.748	91.4199	0.0	0.0	0.0	1.0	10.7446	11.6019	11.1826	1.0	1.0	1.0
skygarden_scene004	Scene_Main	11	69.8697	13.748	91.4199	0.0	0.0	0.0	1.0	14.6449	11.6019	11.1826	1.0	1.0	1.0
skygarden_scene004	Scene_Main	12	45.9297	13.748	91.4199	0.0	0.0	0.0	1.0	14.6449	11.6019	11.1826	1.0	1.0	1.0
skygarden_scene004	Scene_Main	13	81.9599	13.748	101.66	0.0	0.0	0.0	1.0	10.7446	11.6019	11.1826	1.0	1.0	1.0
skygarden_scene004	Scene_Main	14	58.02	13.748	101.66	0.0	0.0	0.0	1.0	10.7446	11.6019	11.1826	1.0	1.0	1.0
skygarden_scene004	Scene_Main	15	57.49	9.1599	72.1625	0.0	0.0	0.0	1.0	10.6046	2.7055	7.2835	1.0	1.0	1.0
skygarden_scene004	Scene_Main	16	62.534	10.8436	72.636	0.0	0.0	0.0	1.0	0.405	1.5822	6.3368	1.0	1.0	1.0
skygarden_scene004	Scene_Main	17	67.15	10.8436	72.636	0.0	0.0	0.0	1.0	0.405	1.5822	6.3368	1.0	1.0	1.0
skygarden_scene004	Scene_Main	18	69.8769	8.119	81.3926	0.0	0.0	0.0	1.0	4.1031	1.5822	9.1493	1.0	1.0	1.0
skygarden_scene004	Scene_Main	19	69.8769	8.373	80.9759	0.0	0.0	0.0	1.0	2.154	1.5822	2.3395	1.0	1.0	1.0
skygarden_scene004	Scene_Main	20	69.8769	14.1499	80.9759	0.0	0.0	0.0	1.0	4.7057	4.6079	4.684	1.0	1.0	1.0
skygarden_scene004	Scene_Main	21	77.2949	10.8436	72.636	0.0	0.0	0.0	1.0	0.405	1.5822	6.3368	1.0	1.0	1.0
skygarden_scene004	Scene_Main	22	72.632	10.8436	72.636	0.0	0.0	0.0	1.0	0.405	1.5822	6.3368	1.0	1.0	1.0
skygarden_scene004	Scene_Main	23	57.5154	10.8436	74.0459	0.0	0.7071	0.0	0.7071	1.1636	1.5822	7.696	1.0	1.0	1.0
skygarden_scene004	Scene_Main	24	46.1431	8.2049	76.872	0.0	0.7071	0.0	0.7071	1.1636	1.5822	3.8923	1.0	1.0	1.0
skygarden_scene004	Scene_Main	25	46.143	8.2049	85.2539	0.0	0.7071	0.0	0.7071	1.1636	1.5822	3.8923	1.0	1.0	1.0
skygarden_scene004	Scene_Main	26	93.915	8.2049	85.25	0.0	0.7071	0.0	0.7071	1.1636	1.5822	3.8923	1.0	1.0	1.0
skygarden_scene004	Scene_Main	27	96.3079	8.2049	84.8813	0.0	1.0	0.0	0.0	1.1636	1.5822	2.2871	1.0	1.0	1.0
skygarden_scene004	Scene_Main	28	96.3079	8.2049	77.205	0.0	1.0	0.0	0.0	1.1636	1.5822	2.2871	1.0	1.0	1.0
skygarden_scene004	Scene_Main	29	93.9199	8.2049	76.86	0.0	0.7071	0.0	0.7071	1.1636	1.5822	3.8923	1.0	1.0	1.0
skygarden_scene004	Scene_Main	30	43.7799	8.2049	77.722	0.0	1.0	0.0	0.0	1.1636	1.5822	1.2521	1.0	1.0	1.0
skygarden_scene004	Scene_Main	31	43.7799	8.2049	84.397	0.0	1.0	0.0	0.0	1.1636	1.5822	1.2521	1.0	1.0	1.0
skygarden_scene004	Scene_Main	32	81.7204	10.8436	74.051	0.0	0.7071	0.0	0.7071	1.1636	1.5822	6.9506	1.0	1.0	1.0
skygarden_scene004	Scene_Main	33	60.866	10.8436	29.534	0.0	0.7071	0.0	0.7071	1.1636	1.5822	7.696	1.0	1.0	1.0
skygarden_scene004	Scene_Main	34	79.236	10.8436	29.53	0.0	0.7071	0.0	0.7071	1.1636	1.5822	7.696	1.0	1.0	1.0
skygarden_scene004	Scene_Main	35	59.3969	10.8436	32.5448	0.0	1.0	0.0	0.0	1.1636	1.5822	6.3862	1.0	1.0	1.0
skygarden_scene004	Scene_Main	36	80.6679	10.8436	32.54	0.0	1.0	0.0	0.0	1.1636	1.5822	6.3862	1.0	1.0	1.0
skygarden_scene004	Scene_Main	37	54.208	10.8436	71.5875	0.0	1.0	0.0	0.0	1.1636	1.5822	5.7209	1.0	1.0	1.0
skygarden_scene004	Scene_Main	38	85.3099	10.8436	71.7759	0.0	1.0	0.0	0.0	1.1636	1.5822	5.6806	1.0	1.0	1.0
skygarden_scene004	Scene_Main	39	52.9	15.1448	72.0439	0.0	0.0	0.0	1.0	0.405	10.1844	7.6826	1.0	1.0	1.0
skygarden_scene004	Scene_Main	40	87.0439	15.1448	72.0439	0.0	0.0	0.0	1.0	0.405	10.1844	7.6826	1.0	1.0	1.0
skygarden_scene004	Scene_Main	41	52.9	15.1448	63.0775	0.0	0.0	0.0	1.0	0.405	10.1844	10.2356	1.0	1.0	1.0
skygarden_scene004	Scene_Main	42	87.0439	15.1448	63.0775	0.0	0.0	0.0	1.0	0.405	10.1844	10.2356	1.0	1.0	1.0
skygarden_scene004	Scene_Main	43	97.2799	12.76	81.4499	0.0	0.0	0.0	1.0	0.405	10.1844	10.2356	1.0	1.0	1.0
skygarden_scene004	Scene_Main	44	43.52	12.76	81.4499	0.0	0.0	0.0	1.0	0.405	10.1844	10.2356	1.0	1.0	1.0
skygarden_scene004	Scene_Main	45	86.608	15.1448	68.162	0.0	0.0	0.0	1.0	0.405	10.1844	0.5277	1.0	1.0	1.0
skygarden_scene004	Scene_Main	46	53.29	15.1448	68.162	0.0	0.0	0.0	1.0	0.405	10.1844	0.5277	1.0	1.0	1.0
skygarden_scene004	Scene_Main	47	57.93	15.1448	68.162	0.0	0.0	0.0	1.0	0.9971	10.1844	1.1101	1.0	1.0	1.0
skygarden_scene004	Scene_Main	48	81.87	15.1448	68.162	0.0	0.0	0.0	1.0	0.9971	10.1844	1.1101	1.0	1.0	1.0
skygarden_scene004	Scene_Main	49	86.608	15.1448	58.094	0.0	0.0	0.0	1.0	0.405	10.1844	0.5277	1.0	1.0	1.0
skygarden_scene004	Scene_Main	50	53.29	15.1448	58.094	0.0	0.0	0.0	1.0	0.405	10.1844	0.5277	1.0	1.0	1.0
skygarden_scene004	Scene_Main	51	57.93	15.1448	58.094	0.0	0.0	0.0	1.0	0.9971	10.1844	1.1101	1.0	1.0	1.0
skygarden_scene004	Scene_Main	52	81.87	15.1448	58.094	0.0	0.0	0.0	1.0	0.9971	10.1844	1.1101	1.0	1.0	1.0
skygarden_scene004	Scene_Main	53	86.608	15.1448	48.096	0.0	0.0	0.0	1.0	0.405	10.1844	0.5277	1.0	1.0	1.0
skygarden_scene004	Scene_Main	54	53.29	15.1448	48.096	0.0	0.0	0.0	1.0	0.405	10.1844	0.5277	1.0	1.0	1.0
skygarden_scene004	Scene_Main	55	57.93	15.1448	48.096	0.0	0.0	0.0	1.0	0.9971	10.1844	1.1101	1.0	1.0	1.0
skygarden_scene004	Scene_Main	56	57.93	15.1448	38.033	0.0	0.0	0.0	1.0	0.9971	10.1844	1.1101	1.0	1.0	1.0
skygarden_scene004	Scene_Main	57	81.9899	15.1448	38.04	0.0	0.0	0.0	1.0	0.9971	10.1844	1.1101	1.0	1.0	1.0
skygarden_scene004	Scene_Main	58	81.87	15.1448	48.096	0.0	0.0	0.0	1.0	0.9971	10.1844	1.1101	1.0	1.0	1.0
skygarden_scene004	Scene_Main	59	52.9	15.1448	53.1969	0.0	0.0	0.0	1.0	0.405	10.1844	10.2356	1.0	1.0	1.0
skygarden_scene004	Scene_Main	60	87.0439	15.1448	53.1969	0.0	0.0	0.0	1.0	0.405	10.1844	10.2356	1.0	1.0	1.0
skygarden_scene004	Scene_Main	61	52.9	15.1448	43.25	0.0	0.0	0.0	1.0	0.405	10.1844	10.2356	1.0	1.0	1.0
skygarden_scene004	Scene_Main	62	87.0439	15.1448	43.25	0.0	0.0	0.0	1.0	0.405	10.1844	10.2356	1.0	1.0	1.0
skygarden_scene004	Scene_Main	63	57.921	15.1448	33.0299	0.0	0.0	0.0	1.0	0.405	10.1844	10.2356	1.0	1.0	1.0
skygarden_scene004	Scene_Main	64	81.6999	15.1448	33.0299	0.0	0.0	0.0	1.0	0.405	10.1844	10.2356	1.0	1.0	1.0
skygarden_scene004	Scene_Main	65	52.9	15.1448	37.99	0.0	-0.7071	0.0	0.7071	0.405	10.1844	10.2356	1.0	1.0	1.0
skygarden_scene004	Scene_Main	66	86.65	15.1448	37.99	0.0	-0.7071	0.0	0.7071	0.405	10.1844	10.2356	1.0	1.0	1.0
skygarden_scene004	Scene_Main	67	70.6386	15.1448	28.26	0.0	-0.7071	0.0	0.7071	0.405	10.1844	26.2819	1.0	1.0	1.0
skygarden_scene004	Scene_Main	68	57.5489	11.0321	75.6019	0.0	-0.7071	0.0	0.7071	0.405	1.2049	9.6053	1.0	1.0	1.0
skygarden_scene004	Scene_Main	69	69.972	11.0321	75.5999	0.0	-0.7071	0.0	0.7071	0.405	1.2049	5.3617	1.0	1.0	1.0
skygarden_scene004	Scene_Main	70	82.1939	11.0321	75.5999	0.0	-0.7071	0.0	0.7071	0.405	1.2049	9.5154	1.0	1.0	1.0
skygarden_scene004	Scene_Main	71	81.9769	8.7469	86.2129	0.0	-0.7071	0.0	0.7071	0.2959	1.2049	9.5154	1.0	1.0	1.0
skygarden_scene004	Scene_Main	72	57.83	8.7469	86.2099	0.0	-0.7071	0.0	0.7071	0.2959	1.2049	9.5154	1.0	1.0	1.0
skygarden_scene004	Scene_Main	73	97.5717	10.8063	80.4097	0.0	-1.0	0.0	0.0	0.0712	13.5606	34.268	3.4715	0.3896	0.0497
skygarden_scene004	Scene_Main	74	97.572	10.8057	82.0797	0.0	-1.0	0.0	0.0	0.0712	13.5606	34.268	3.4715	0.3896	0.0497
skygarden_scene004	Scene_Main	75	97.5719	10.8063	82.0797	0.0	0.0	0.0	1.0	0.0712	13.5606	34.268	3.4715	0.3896	0.0497
skygarden_scene004	Scene_Main	76	97.5717	10.8057	80.4097	0.0	0.0	0.0	1.0	0.0712	13.5606	34.268	3.4715	0.3896	0.0497
skygarden_scene004	Scene_Main	77	42.3319	10.803	82.5149	0.0	-1.0	0.0	0.0	0.0712	13.5606	34.268	3.4715	0.3896	0.0497
skygarden_scene004	Scene_Main	78	42.3319	10.803	80.8489	0.0	-1.0	0.0	0.0	0.0712	13.5606	34.268	3.4715	0.3896	0.0497
skygarden_scene004	Scene_Main	79	42.332	10.803	79.872	0.0	0.0	0.0	1.0	0.0712	13.5606	34.268	3.4715	0.3896	0.0497
skygarden_scene004	Scene_Main	80	42.332	10.803	81.538	0.0	0.0	0.0	1.0	0.0712	13.5606	34.268	3.4715	0.3896	0.0497
skygarden_scene005	Scene_Main	1	66.5599	21.7	91.647	0.0	0.0	0.7071	0.7071	21.0327	1.0	19.1431	1.0	1.0	1.0
skygarden_scene005	Scene_Main	2	29.0699	24.34	67.22	0.0	0.0	0.7071	0.7071	6.6459	1.0	19.1431	1.0	1.0	1.0
skygarden_scene005	Scene_Main	3	56.2907	38.145	41.0624	0.0	-0.7071	0.0	0.7071	76.6051	1.0	62.0163	1.0	1.0	1.0
skygarden_scene005	Scene_Main	4	81.736	38.0999	115.3951	0.0	-0.7071	0.0	0.7071	84.3959	1.0	104.5006	1.0	1.0	1.0
skygarden_scene005	Scene_Main	5	64.9199	14.6	93.257	0.0	0.0	0.7071	0.7071	0.6818	8.7057	22.3622	1.0	1.0	1.0
skygarden_scene005	Scene_Main	6	45.5579	14.6	53.8219	-0.0111	-0.0111	0.707	0.707	0.0369	6.7653	7.5196	1.0	1.0	1.0
skygarden_scene005	Scene_Main	7	48.215	40.38	83.021	0.0	0.0	0.7071	0.7071	0.0369	29.7971	4.6623	1.0	1.0	1.0
skygarden_scene005	Scene_Main	8	55.84	27.54	101.0899	0.0	0.0	0.7071	0.7071	0.0369	0.89	13.5344	1.0	1.0	1.0
skygarden_scene005	Scene_Main	9	49.4799	28.52	100.146	0.0139	0.0139	0.7069	0.7069	0.0369	0.8872	13.5344	1.0	1.0	1.0
skygarden_scene005	Scene_Main	10	36.5489	40.38	89.6559	0.0	0.0	0.7071	0.7071	0.0369	6.4645	9.7945	1.0	1.0	1.0
skygarden_scene005	Scene_Main	11	43.1479	31.44	92.666	0.1143	0.1143	0.6978	0.6978	0.0369	0.8436	13.5344	1.0	1.0	1.0
skygarden_scene005	Scene_Main	12	46.7099	27.54	101.0899	0.0469	0.0469	0.7055	0.7055	0.0369	0.89	13.5344	1.0	1.0	1.0
skygarden_scene005	Scene_Main	13	39.8069	32.5099	92.3	0.0469	0.0469	0.7055	0.7055	0.0369	4.0167	9.875	1.0	1.0	1.0
skygarden_scene005	Scene_Main	14	26.1499	25.2099	61.29	0.0	0.0	0.7071	0.7071	0.0369	4.0167	3.8645	1.0	1.0	1.0
skygarden_scene005	Scene_Main	15	23.364	25.2099	61.0499	0.0	0.0	0.7071	0.7071	0.0369	4.0167	2.531	1.0	1.0	1.0
skygarden_scene005	Scene_Main	16	22.055	24.6599	62.04	0.0	0.0	0.7071	0.7071	0.0369	4.0167	3.0719	1.0	1.0	1.0
skygarden_scene005	Scene_Main	17	23.1305	24.6599	63.3279	0.0	0.0	0.7071	0.7071	0.0369	5.818	0.9471	1.0	1.0	1.0
skygarden_scene005	Scene_Main	18	47.29	24.6599	46.2999	0.0	0.0	0.7071	0.7071	0.0369	5.818	0.9471	1.0	1.0	1.0
skygarden_scene005	Scene_Main	19	49.4799	24.6599	47.504	0.0	0.0	0.7071	0.7071	0.0369	3.2243	3.3541	1.0	1.0	1.0
skygarden_scene005	Scene_Main	20	48.8419	24.6599	48.9099	0.0	0.0	0.7071	0.7071	0.0369	2.4796	3.3747	1.0	1.0	1.0
skygarden_scene005	Scene_Main	21	37.7019	19.128	73.5599	0.0	0.0	0.7071	0.7071	0.0369	5.9429	2.0149	1.0	1.0	1.0
skygarden_scene005	Scene_Main	22	38.0592	19.7315	76.5161	-0.143	0.143	0.6924	0.6924	0.0369	5.0704	1.5026	1.0	1.0	1.0
skygarden_scene005	Scene_Main	23	41.3709	18.7999	75.469	0.0	0.0	0.7071	0.7071	0.0369	6.1769	3.4837	1.0	1.0	1.0
skygarden_scene005	Scene_Main	24	39.9949	30.67	90.5189	0.0469	0.0469	0.7055	0.7055	0.0369	4.0167	1.4179	1.0	1.0	1.0
skygarden_scene005	Scene_Main	25	35.0194	19.8449	74.537	0.0	0.0	0.7071	0.7071	0.0369	0.5778	2.0149	1.0	1.0	1.0
skygarden_scene005	Scene_Main	26	55.0159	30.93	95.485	0.0	0.0	0.7071	0.7071	0.0369	23.5833	5.7952	1.0	1.0	1.0
skygarden_scene005	Scene_Main	27	51.5079	29.6	90.0899	0.0	0.0	0.7071	0.7071	0.0369	17.6797	5.7952	1.0	1.0	1.0
skygarden_scene005	Scene_Main	28	54.622	30.93	95.3199	0.0	0.0	0.7071	0.7071	0.0369	9.079	5.7952	1.0	1.0	1.0
skygarden_scene005	Scene_Main	29	59.865	30.93	95.3899	0.0	0.0	0.7071	0.7071	0.0369	3.0889	5.7952	1.0	1.0	1.0
skygarden_scene005	Scene_Main	30	51.316	30.2099	95.2649	0.0	0.0	0.7071	0.7071	0.0369	5.419	3.6957	1.0	1.0	1.0
skygarden_scene005	Scene_Main	31	83.5225	21.346	72.7554	0.0	0.0	0.7071	0.7071	0.0369	0.8999	4.6708	1.0	1.0	1.0
skygarden_scene005	Scene_Main	32	73.5699	7.8099	55.5299	0.0	0.7071	0.0	-0.7071	10.0	0.1112	22.6636	1.0	1.0	1.0
skygarden_scene005	Scene_Main	33	59.5	7.8099	55.5299	0.0	0.7071	0.0	-0.7071	10.0	0.1112	6.0	1.0	1.0	1.0
skygarden_scene005	Scene_Main	34	53.6899	7.8099	55.1329	0.0	0.7071	0.0	-0.7071	7.58	0.1112	6.975	1.0	1.0	1.0
skygarden_scene005	Scene_Main	35	53.2299	6.55	62.4099	-0.1224	0.6964	0.1224	-0.6964	7.58	0.1112	6.0	1.0	1.0	1.0
skygarden_scene005	Scene_Main	36	53.2299	5.6999	64.75	-0.1224	0.6964	0.1224	-0.6964	7.58	0.1112	6.0	1.0	1.0	1.0
skygarden_scene005	Scene_Main	37	53.2299	4.8099	72.3799	0.0	0.7071	0.0	-0.7071	12.0	0.1112	6.0	1.0	1.0	1.0
skygarden_scene005	Scene_Main	38	48.6699	4.7719	62.65	0.0	0.7071	0.0	-0.7071	30.0	0.1112	10.0	1.0	1.0	1.0
skygarden_scene005	Scene_Main	39	40.61	4.7719	62.65	0.0	0.7071	0.0	-0.7071	30.0	0.1112	10.0	1.0	1.0	1.0
skygarden_scene005	Scene_Main	40	32.4099	4.7719	62.65	0.0	0.7071	0.0	-0.7071	30.0	0.1112	10.0	1.0	1.0	1.0
skygarden_scene005	Scene_Main	41	28.6599	4.8099	62.65	0.0	0.7071	0.0	-0.7071	30.0	0.1112	2.0	1.0	1.0	1.0
skygarden_scene005	Scene_Main	42	36.11	4.8499	75.36	0.0	1.0	0.0	0.0	15.0	0.1112	4.48	1.0	1.0	1.0
skygarden_scene005	Scene_Main	43	31.12	5.9699	83.22	0.069	0.7037	-0.069	-0.7037	14.6	0.1112	6.0	1.0	1.0	1.0
skygarden_scene005	Scene_Main	44	31.12	7.3499	93.87	0.0	0.7071	0.0	-0.7071	7.0	0.1112	6.0	1.0	1.0	1.0
skygarden_scene005	Scene_Main	45	38.4099	7.3499	95.7699	0.0	1.0	0.0	0.0	8.76	0.1112	10.17	1.0	1.0	1.0
skygarden_scene005	Scene_Main	46	46.3499	7.3699	96.0899	0.0	1.0	0.0	0.0	8.76	0.1112	10.96	1.0	1.0	1.0
skygarden_scene005	Scene_Main	47	57.3899	7.3699	93.3499	0.0	1.0	0.0	0.0	31.7	0.1112	30.67	1.0	1.0	1.0
skygarden_scene005	Scene_Main	48	67.6999	9.0399	92.9199	-0.1106	0.6983	0.1106	-0.6983	11.92	0.1112	6.0	1.0	1.0	1.0
skygarden_scene005	Scene_Main	49	67.51	10.76	83.5329	0.0	0.7071	0.0	-0.7071	7.58	0.1112	6.0	1.0	1.0	1.0
skygarden_scene005	Scene_Main	50	82.15	10.76	83.5329	0.0	0.7071	0.0	-0.7071	7.58	0.1112	6.0	1.0	1.0	1.0
skygarden_scene005	Scene_Main	51	74.97	10.76	83.5329	0.0	0.7071	0.0	-0.7071	7.58	0.1112	11.6599	1.0	1.0	1.0
skygarden_scene005	Scene_Main	52	81.08	10.76	90.0199	0.0	0.7071	0.0	-0.7071	8.02	0.1112	7.0	1.0	1.0	1.0
skygarden_scene005	Scene_Main	53	81.08	10.76	95.7399	0.0	0.7071	0.0	-0.7071	8.02	0.1112	7.0	1.0	1.0	1.0
skygarden_scene005	Scene_Main	54	81.08	10.76	100.29	0.0	0.7071	0.0	-0.7071	8.02	0.1112	7.0	1.0	1.0	1.0
skygarden_scene005	Scene_Main	55	81.08	9.2899	107.86	-0.1318	0.6946	0.1318	-0.6946	8.02	0.1112	7.0	1.0	1.0	1.0
skygarden_scene005	Scene_Main	56	81.08	8.01	113.499	0.0	1.0	0.0	0.0	8.02	0.1112	7.0	1.0	1.0	1.0
skygarden_scene005	Scene_Main	57	74.5599	8.01	113.499	0.0	1.0	0.0	0.0	8.02	0.1112	7.0	1.0	1.0	1.0
skygarden_scene005	Scene_Main	58	67.6999	8.01	113.499	0.0	1.0	0.0	0.0	8.02	0.1112	7.0	1.0	1.0	1.0
skygarden_scene005	Scene_Main	59	60.5299	8.01	113.499	0.0	1.0	0.0	0.0	8.02	0.1112	7.0	1.0	1.0	1.0
skygarden_scene005	Scene_Main	60	57.97	8.01	113.499	0.0	1.0	0.0	0.0	8.02	0.1112	7.0	1.0	1.0	1.0
skygarden_scene005	Scene_Main	61	69.8499	6.9949	121.0569	0.0	0.9924	0.1229	0.0	8.02	0.1112	8.6	1.0	1.0	1.0
skygarden_scene005	Scene_Main	62	69.8499	7.2199	123.8199	0.0	1.0	0.0	0.0	8.02	0.1112	8.6	1.0	1.0	1.0
skygarden_scene005	Scene_Main	63	69.8499	7.2199	130.9799	0.0	1.0	0.0	0.0	8.02	0.1112	8.6	1.0	1.0	1.0
skygarden_scene005	Scene_Main	64	69.8499	7.2199	140.1399	0.0	1.0	0.0	0.0	11.97	0.1112	11.8699	1.0	1.0	1.0
skygarden_scene005	Scene_Main	65	34.1399	14.0	55.24	0.0	0.7071	0.0	-0.7071	21.0	0.1112	17.5	1.0	1.0	1.0
skygarden_scene005	Scene_Main	66	38.4099	14.0299	66.87	0.0	0.7071	0.0	-0.7071	9.09	0.1112	9.06	1.0	1.0	1.0
skygarden_scene005	Scene_Main	67	38.4099	14.0299	74.3209	0.0	0.7071	0.0	-0.7071	7.03	0.1112	9.06	1.0	1.0	1.0
skygarden_scene005	Scene_Main	68	48.791	16.5179	74.3209	-0.1497	0.691	-0.1497	-0.691	7.3	0.1112	16.1	1.0	1.0	1.0
skygarden_scene005	Scene_Main	69	64.01	19.7399	74.3209	0.0	0.7071	0.0	-0.7071	7.3	0.1112	16.1	1.0	1.0	1.0
skygarden_scene005	Scene_Main	70	71.4899	19.7399	69.08	0.0	0.7071	0.0	-0.7071	7.3	0.1112	23.5	1.0	1.0	1.0
skygarden_scene005	Scene_Main	71	71.4899	19.7399	76.1999	0.0	0.7071	0.0	-0.7071	7.3	0.1112	23.5	1.0	1.0	1.0
skygarden_scene005	Scene_Main	72	73.76	19.76	78.47	0.0	0.7071	0.0	-0.7071	4.2	0.1112	5.0	1.0	1.0	1.0
skygarden_scene005	Scene_Main	73	73.5	19.8199	91.37	0.0	0.7071	0.0	-0.7071	23.0	0.1112	7.1	1.0	1.0	1.0
skygarden_scene005	Scene_Main	74	66.3099	19.8199	107.62	0.0	1.0	0.0	0.0	23.0	0.1112	9.8199	1.0	1.0	1.0
skygarden_scene005	Scene_Main	75	52.3199	19.8199	107.62	0.0	1.0	0.0	0.0	23.0	0.1112	9.8199	1.0	1.0	1.0
skygarden_scene005	Scene_Main	76	66.83	19.4599	139.2799	0.0	1.0	0.0	0.0	16.0	0.1112	21.0	1.0	1.0	1.0
skygarden_scene005	Scene_Main	77	39.59	19.9099	105.5199	0.0	1.0	0.0	0.0	5.0	0.1112	9.8199	1.0	1.0	1.0
skygarden_scene005	Scene_Main	78	39.59	19.3439	112.6029	0.0	0.9925	0.1218	0.0	5.0	0.1112	5.0	1.0	1.0	1.0
skygarden_scene005	Scene_Main	79	39.59	18.9599	119.11	0.0	1.0	0.0	0.0	5.0	0.1112	9.8199	1.0	1.0	1.0
skygarden_scene005	Scene_Main	80	39.59	18.9599	124.4499	0.0	1.0	0.0	0.0	5.0	0.1112	11.292	1.0	1.0	1.0
skygarden_scene005	Scene_Main	81	39.0699	18.9699	131.4799	0.0	1.0	0.0	0.0	4.0	0.1112	4.0	1.0	1.0	1.0
skygarden_scene005	Scene_Main	82	41.844	18.5869	131.4799	0.2549	0.9669	0.0	0.0	2.0	0.1112	4.0	1.0	1.0	1.0
skygarden_scene005	Scene_Main	83	40.6699	18.37	137.66	0.0	1.0	0.0	0.0	15.68	0.1112	19.5194	1.0	1.0	1.0
skygarden_scene005	Scene_Main	84	40.6699	19.4599	144.63	0.0	1.0	0.0	0.0	13.34	0.1112	4.0	1.0	1.0	1.0
skygarden_scene005	Scene_Main	85	37.25	18.648	141.1459	-0.1802	-0.6837	0.1802	0.6837	3.72	0.1112	4.0	1.0	1.0	1.0
skygarden_scene005	Scene_Main	86	55.5699	19.4599	139.2799	0.0	1.0	0.0	0.0	18.0	0.1112	21.0	1.0	1.0	1.0
skygarden_scene005	Scene_Main	87	84.774	10.0109	55.3919	0.0	0.0	0.0	1.0	0.5	4.5	8.5	1.0	1.0	1.0
skygarden_scene005	Scene_Main	88	83.817	10.0109	59.31	0.0	0.0	0.0	1.0	1.0	4.5	1.25	1.0	1.0	1.0
skygarden_scene005	Scene_Main	89	83.817	10.0109	51.749	0.0	0.0	0.0	1.0	1.0	4.5	1.25	1.0	1.0	1.0
skygarden_scene005	Scene_Main	90	77.04	10.0109	59.31	0.0	0.0	0.0	1.0	1.25	4.5	1.25	1.0	1.0	1.0
skygarden_scene005	Scene_Main	91	77.04	10.0109	51.749	0.0	0.0	0.0	1.0	1.25	4.5	1.25	1.0	1.0	1.0
skygarden_scene005	Scene_Main	92	70.55	10.0109	59.31	0.0	0.0	0.0	1.0	1.2999	4.5	1.25	1.0	1.0	1.0
skygarden_scene005	Scene_Main	93	70.55	10.0109	51.749	0.0	0.0	0.0	1.0	1.2999	4.5	1.25	1.0	1.0	1.0
skygarden_scene005	Scene_Main	94	63.5449	10.0109	59.31	0.0	0.0	0.0	1.0	1.2999	4.5	1.25	1.0	1.0	1.0
skygarden_scene005	Scene_Main	95	63.5449	10.0109	51.749	0.0	0.0	0.0	1.0	1.2999	4.5	1.25	1.0	1.0	1.0
skygarden_scene005	Scene_Main	96	57.0499	10.0109	59.31	0.0	0.0	0.0	1.0	1.2999	4.5	1.25	1.0	1.0	1.0
skygarden_scene005	Scene_Main	97	57.0499	10.0109	51.749	0.0	0.0	0.0	1.0	1.2999	4.5	1.25	1.0	1.0	1.0
skygarden_scene005	Scene_Main	98	69.36	10.0109	59.7	0.0	0.0	0.0	1.0	23.9133	4.5	0.5	1.0	1.0	1.0
skygarden_scene005	Scene_Main	99	69.36	10.0109	51.45	0.0	0.0	0.0	1.0	23.9133	4.5	0.5	1.0	1.0	1.0
skygarden_scene005	Scene_Main	100	82.3199	10.0109	51.45	0.0	0.0	0.0	1.0	5.0	4.5	0.5	1.0	1.0	1.0
skygarden_scene005	Scene_Main	101	83.3359	10.0109	59.7	0.0	0.0	0.0	1.0	5.0	4.5	0.5	1.0	1.0	1.0
skygarden_scene005	Scene_Main	102	42.0849	11.43	99.569	0.0	0.0	0.0	1.0	0.5	9.0	1.5	1.0	1.0	1.0
skygarden_scene005	Scene_Main	103	43.5499	11.43	98.5999	0.0	0.7071	0.0	0.7071	0.5	9.0	3.25	1.0	1.0	1.0
skygarden_scene005	Scene_Main	104	45.164	11.43	99.569	0.0	0.0	0.0	1.0	0.5	9.0	2.17	1.0	1.0	1.0
skygarden_scene005	Scene_Main	105	43.5499	11.43	92.44	0.0	0.7071	0.0	0.7071	0.5	9.0	3.25	1.0	1.0	1.0
skygarden_scene005	Scene_Main	106	42.0849	11.43	91.6299	0.0	0.0	0.0	1.0	0.5	9.0	1.5	1.0	1.0	1.0
skygarden_scene005	Scene_Main	107	45.164	11.43	91.47	0.0	0.0	0.0	1.0	0.5	9.0	2.17	1.0	1.0	1.0
skygarden_scene005	Scene_Main	108	44.9199	11.43	84.72	0.0	0.0	0.0	1.0	0.5	9.0	12.0	1.0	1.0	1.0
skygarden_scene005	Scene_Main	109	51.0999	11.43	79.3499	0.0	0.7071	0.0	0.7071	0.5	9.0	12.0	1.0	1.0	1.0
skygarden_scene005	Scene_Main	110	62.7299	11.43	79.3499	0.0	0.7071	0.0	0.7071	0.5	9.0	12.0	1.0	1.0	1.0
skygarden_scene005	Scene_Main	111	69.6399	11.43	79.3499	0.0	0.7071	0.0	0.7071	0.5	9.0	3.0	1.0	1.0	1.0
skygarden_scene005	Scene_Main	112	44.9199	11.43	104.8399	0.0	0.0	0.0	1.0	0.5	9.0	10.0	1.0	1.0	1.0
skygarden_scene005	Scene_Main	113	51.0999	11.43	109.0	0.0	0.7071	0.0	0.7071	0.5	9.0	12.0	1.0	1.0	1.0
skygarden_scene005	Scene_Main	114	62.86	11.43	109.0	0.0	0.7071	0.0	0.7071	0.5	9.0	12.0	1.0	1.0	1.0
skygarden_scene005	Scene_Main	115	69.83	11.43	109.0	0.0	0.7071	0.0	0.7071	0.5	9.0	2.0	1.0	1.0	1.0
skygarden_scene005	Scene_Main	116	70.7799	11.43	104.8399	0.0	0.0	0.0	1.0	0.5	9.0	10.0	1.0	1.0	1.0
skygarden_scene005	Scene_Main	117	70.7799	11.43	95.5	0.0	0.0	0.0	1.0	0.5	9.0	10.0	1.0	1.0	1.0
skygarden_scene005	Scene_Main	118	70.7799	11.43	89.3399	0.0	0.0	0.0	1.0	0.5	9.0	4.0	1.0	1.0	1.0
skygarden_scene005	Scene_Main	119	45.0239	11.43	85.276	0.0	0.0	0.0	1.0	0.5	9.0	1.0	1.0	1.0	1.0
skygarden_scene005	Scene_Main	120	54.7379	11.43	79.511	0.0	0.7071	0.0	0.7071	0.5	9.0	1.0	1.0	1.0	1.0
skygarden_scene005	Scene_Main	121	60.053	11.43	79.511	0.0	0.7071	0.0	0.7071	0.5	9.0	1.0	1.0	1.0	1.0
skygarden_scene005	Scene_Main	122	59.894	11.43	108.785	0.0	0.7071	0.0	0.7071	0.5	9.0	1.0	1.0	1.0	1.0
skygarden_scene005	Scene_Main	123	54.594	11.43	108.785	0.0	0.7071	0.0	0.7071	0.5	9.0	1.0	1.0	1.0	1.0
skygarden_scene005	Scene_Main	124	49.2379	11.43	108.785	0.0	0.7071	0.0	0.7071	0.5	9.0	1.0	1.0	1.0	1.0
skygarden_scene005	Scene_Main	125	45.0239	11.43	104.7519	0.0	0.0	0.0	1.0	0.5	9.0	1.0	1.0	1.0	1.0
skygarden_scene005	Scene_Main	126	45.346	11.43	108.332	0.0	0.0	0.0	1.0	0.5	9.0	1.0	1.0	1.0	1.0
skygarden_scene005	Scene_Main	127	65.3109	11.43	108.785	0.0	0.7071	0.0	0.7071	0.5	9.0	1.0	1.0	1.0	1.0
skygarden_scene005	Scene_Main	128	69.44	11.43	107.5899	0.0	0.7071	0.0	0.7071	2.5199	9.0	2.45	1.0	1.0	1.0
skygarden_scene005	Scene_Main	129	70.565	11.43	103.7679	0.0	0.0	0.0	1.0	0.5	9.0	1.0	1.0	1.0	1.0
skygarden_scene005	Scene_Main	130	70.565	11.43	98.44	0.0	0.0	0.0	1.0	0.5	9.0	1.0	1.0	1.0	1.0
skygarden_scene005	Scene_Main	131	70.565	11.43	88.11	0.0	0.0	0.0	1.0	0.5	9.0	1.74	1.0	1.0	1.0
skygarden_scene005	Scene_Main	132	71.25	11.43	87.7699	0.0	0.7071	0.0	0.7071	1.0	9.0	1.5	1.0	1.0	1.0
skygarden_scene005	Scene_Main	133	71.4199	11.43	80.2399	0.0	0.7071	0.0	0.7071	1.5	9.0	2.0	1.0	1.0	1.0
skygarden_scene005	Scene_Main	134	77.48	11.43	80.2399	0.0	0.7071	0.0	0.7071	1.5	9.0	2.0	1.0	1.0	1.0
skygarden_scene005	Scene_Main	135	84.0739	11.43	80.569	0.0	0.7071	0.0	0.7071	1.5	9.0	2.0	1.0	1.0	1.0
skygarden_scene005	Scene_Main	136	76.8399	11.43	88.08	0.0	0.7071	0.0	0.7071	1.6	9.0	2.0	1.0	1.0	1.0
skygarden_scene005	Scene_Main	137	74.134	11.43	88.11	0.0	0.7071	0.0	0.7071	0.5	9.0	4.48	1.0	1.0	1.0
skygarden_scene005	Scene_Main	138	74.134	11.43	80.12	0.0	0.7071	0.0	0.7071	0.5	9.0	4.48	1.0	1.0	1.0
skygarden_scene005	Scene_Main	139	80.44	11.43	80.12	0.0	0.7071	0.0	0.7071	0.5	9.0	4.48	1.0	1.0	1.0
skygarden_scene005	Scene_Main	140	83.4499	11.43	80.0	0.0	0.7071	0.0	0.7071	1.5	9.0	2.0	1.0	1.0	1.0
skygarden_scene005	Scene_Main	141	64.5699	8.7799	92.2099	0.1508	0.0	0.0	0.9885	0.5	3.0	12.5	1.0	1.0	1.0
skygarden_scene005	Scene_Main	142	64.5699	8.7799	84.8499	0.0	0.0	0.0	1.0	0.5	3.0	10.3699	1.0	1.0	1.0
skygarden_scene005	Scene_Main	143	77.0	11.43	95.97	0.0	0.7071	0.0	0.7071	15.0	9.0	0.5	1.0	1.0	1.0
skygarden_scene005	Scene_Main	144	77.1399	11.43	106.12	0.0	0.7071	0.0	0.7071	7.5	9.0	0.5	1.0	1.0	1.0
skygarden_scene005	Scene_Main	145	72.4199	11.43	110.3499	0.0	0.0	0.0	1.0	7.5	9.0	0.5	1.0	1.0	1.0
skygarden_scene005	Scene_Main	146	65.47	11.43	110.3499	0.0	0.0	0.0	1.0	7.5	9.0	0.5	1.0	1.0	1.0
skygarden_scene005	Scene_Main	147	58.47	11.43	110.3499	0.0	0.0	0.0	1.0	7.5	9.0	0.5	1.0	1.0	1.0
skygarden_scene005	Scene_Main	148	51.2	11.43	110.3499	0.0	0.0	0.0	1.0	7.5	9.0	0.5	1.0	1.0	1.0
skygarden_scene005	Scene_Main	149	77.415	11.43	93.05	0.0	0.7071	0.0	0.7071	1.0	9.0	0.5	1.0	1.0	1.0
skygarden_scene005	Scene_Main	150	77.415	11.43	98.37	0.0	0.7071	0.0	0.7071	1.0	9.0	0.5	1.0	1.0	1.0
skygarden_scene005	Scene_Main	151	77.5	11.43	106.37	0.0	0.7071	0.0	0.7071	1.0	9.0	0.5	1.0	1.0	1.0
skygarden_scene005	Scene_Main	152	77.7099	11.43	102.3	0.0	0.7071	0.0	0.7071	2.0	9.0	0.5	1.0	1.0	1.0
skygarden_scene005	Scene_Main	153	77.7099	11.43	110.0699	0.0	0.7071	0.0	0.7071	1.5	9.0	0.5	1.0	1.0	1.0
skygarden_scene005	Scene_Main	154	76.9499	11.43	110.8	0.0	0.0	0.0	1.0	2.0999	9.0	0.5	1.0	1.0	1.0
skygarden_scene005	Scene_Main	155	70.6399	11.43	110.66	0.0	0.0	0.0	1.0	1.0	9.0	0.5	1.0	1.0	1.0
skygarden_scene005	Scene_Main	156	65.2519	11.43	110.66	0.0	0.0	0.0	1.0	1.0	9.0	0.5	1.0	1.0	1.0
skygarden_scene005	Scene_Main	157	59.9169	11.43	110.66	0.0	0.0	0.0	1.0	1.0	9.0	0.5	1.0	1.0	1.0
skygarden_scene005	Scene_Main	158	38.8499	16.1399	49.9099	-0.0785	0.7027	-0.0785	0.7027	1.97	4.0	0.3	1.0	1.0	1.0
skygarden_scene005	Scene_Main	159	37.4399	16.1399	49.7799	0.0	0.0	0.0	1.0	2.63	4.0	0.3	1.0	1.0	1.0
skygarden_scene005	Scene_Main	160	37.4599	16.1399	48.65	0.0	0.0	0.0	1.0	6.6999	4.0	1.35	1.0	1.0	1.0
skygarden_scene005	Scene_Main	161	34.8559	16.1399	70.9219	0.0	0.0	0.0	1.0	1.2	4.0	2.0	1.0	1.0	1.0
skygarden_scene005	Scene_Main	162	41.977	16.1399	70.9219	0.0	0.0	0.0	1.0	2.0499	4.0	2.0	1.0	1.0	1.0
skygarden_scene005	Scene_Main	163	36.025	16.1399	70.8619	0.0	0.0	0.0	1.0	2.0499	4.0	0.6999	1.0	1.0	1.0
skygarden_scene005	Scene_Main	164	40.5009	16.1399	70.8619	0.0	0.0	0.0	1.0	2.0499	4.0	0.8	1.0	1.0	1.0
skygarden_scene005	Scene_Main	165	39.8969	16.1399	70.8619	0.0	0.0	0.0	1.0	0.5	4.0	1.12	1.0	1.0	1.0
skygarden_scene005	Scene_Main	166	36.56	16.1399	70.8619	0.0	0.0	0.0	1.0	0.5	4.0	1.12	1.0	1.0	1.0
skygarden_scene005	Scene_Main	167	41.977	16.1399	77.3399	0.0	0.0	0.0	1.0	2.0499	4.0	0.75	1.0	1.0	1.0
skygarden_scene005	Scene_Main	168	34.3699	16.1399	77.3399	0.0	0.0	0.0	1.0	2.0499	4.0	0.75	1.0	1.0	1.0
skygarden_scene005	Scene_Main	169	34.7159	16.1399	74.22	0.0	0.7071	0.0	0.7071	5.62	4.0	0.25	1.0	1.0	1.0
skygarden_scene005	Scene_Main	170	38.29	16.1399	77.454	0.0	0.0	0.0	1.0	6.01	4.0	0.25	1.0	1.0	1.0
skygarden_scene005	Scene_Main	171	49.79	18.03	77.11	0.0	0.0	0.0	1.0	13.46	7.65	0.25	1.0	1.0	1.0
skygarden_scene005	Scene_Main	172	49.79	20.6359	77.11	0.0	0.0	0.0	1.0	5.0	7.65	0.25	1.0	1.0	1.0
skygarden_scene005	Scene_Main	173	54.603	22.9799	77.11	0.0	0.0	0.0	1.0	5.0	7.65	0.25	1.0	1.0	1.0
skygarden_scene005	Scene_Main	174	55.9799	22.9799	77.11	0.0	0.0	0.0	1.0	5.0	7.65	0.25	1.0	1.0	1.0
skygarden_scene005	Scene_Main	175	49.79	18.03	71.62	0.0	0.0	0.0	1.0	13.46	7.65	0.25	1.0	1.0	1.0
skygarden_scene005	Scene_Main	176	49.79	20.6359	71.62	0.0	0.0	0.0	1.0	5.0	7.65	0.25	1.0	1.0	1.0
skygarden_scene005	Scene_Main	177	54.603	22.9799	71.62	0.0	0.0	0.0	1.0	5.0	7.65	0.25	1.0	1.0	1.0
skygarden_scene005	Scene_Main	178	55.9799	22.9799	71.62	0.0	0.0	0.0	1.0	5.0	7.65	0.25	1.0	1.0	1.0
skygarden_scene005	Scene_Main	179	59.0999	22.9799	71.942	0.0	0.0	0.0	1.0	2.0299	7.65	1.0	1.0	1.0	1.0
skygarden_scene005	Scene_Main	180	59.0999	22.9799	77.0999	0.0	0.0	0.0	1.0	2.0299	7.65	1.0	1.0	1.0	1.0
skygarden_scene005	Scene_Main	181	59.907	22.9799	69.05	0.0	0.0	0.0	1.0	0.2	7.65	5.0	1.0	1.0	1.0
skygarden_scene005	Scene_Main	182	60.215	22.9799	66.36	0.0	0.0	0.0	1.0	0.2	7.65	1.0	1.0	1.0	1.0
skygarden_scene005	Scene_Main	183	60.083	22.9799	65.815	0.0	-0.7071	0.0	0.7071	0.2	7.65	1.0	1.0	1.0	1.0
skygarden_scene005	Scene_Main	184	65.4499	22.9799	66.26	0.0	-0.7071	0.0	0.7071	0.2	7.65	10.0	1.0	1.0	1.0
skygarden_scene005	Scene_Main	185	74.2799	22.9799	66.3199	0.0	-0.7071	0.0	0.7071	0.2	7.65	10.0	1.0	1.0	1.0
skygarden_scene005	Scene_Main	186	80.1699	22.9799	66.36	0.0	-0.7071	0.0	0.7071	0.2	7.65	5.0	1.0	1.0	1.0
skygarden_scene005	Scene_Main	187	59.907	22.9799	78.4899	0.0	0.0	0.0	1.0	0.2	7.65	2.0	1.0	1.0	1.0
skygarden_scene005	Scene_Main	188	60.2849	22.9799	79.1979	0.0	0.0	0.0	1.0	0.5	7.65	1.44	1.0	1.0	1.0
skygarden_scene005	Scene_Main	189	65.4499	22.9799	79.0999	0.0	0.7071	0.0	0.7071	0.2	7.65	10.0	1.0	1.0	1.0
skygarden_scene005	Scene_Main	190	79.383	22.9799	79.0999	0.0	0.7071	0.0	0.7071	0.2	7.65	6.0	1.0	1.0	1.0
skygarden_scene005	Scene_Main	191	65.4499	20.3099	66.37	0.0	-0.7071	0.0	0.7071	1.7999	1.2	10.6695	1.0	1.0	1.0
skygarden_scene005	Scene_Main	192	73.25	20.3099	66.5599	0.0	-0.7071	0.0	0.7071	1.7999	1.2	5.2	1.0	1.0	1.0
skygarden_scene005	Scene_Main	193	78.5999	21.4699	66.5599	0.0	-0.7071	0.0	0.7071	1.7999	3.39	4.0	1.0	1.0	1.0
skygarden_scene005	Scene_Main	194	82.749	22.9799	72.2399	0.0	0.0	0.0	1.0	0.2	7.65	15.0	1.0	1.0	1.0
skygarden_scene005	Scene_Main	195	70.05	22.36	66.5599	0.0	-0.7071	0.0	0.7071	1.7999	4.0	1.0	1.0	1.0	1.0
skygarden_scene005	Scene_Main	196	70.4	21.4899	79.1999	0.0	-0.7071	0.0	0.7071	1.7999	4.0	1.0	1.0	1.0	1.0
skygarden_scene005	Scene_Main	197	76.6999	21.4899	79.9599	0.0	-0.7071	0.0	0.7071	1.7999	4.0	1.0	1.0	1.0	1.0
skygarden_scene005	Scene_Main	198	82.26	22.9799	78.55	0.0	0.7071	0.0	0.7071	0.2	7.65	1.0	1.0	1.0	1.0
skygarden_scene005	Scene_Main	199	70.4	21.4899	80.452	0.0	-0.7071	0.0	0.7071	1.7999	4.0	1.0	1.0	1.0	1.0
skygarden_scene005	Scene_Main	200	76.994	21.4899	80.396	0.0	-0.7071	0.0	0.7071	1.7999	4.0	1.0	1.0	1.0	1.0
skygarden_scene005	Scene_Main	201	75.5459	21.4899	80.162	0.0	-0.7071	0.0	0.7071	1.2999	4.0	1.5	1.0	1.0	1.0
skygarden_scene005	Scene_Main	202	71.5699	21.4899	80.162	0.0	-0.7071	0.0	0.7071	1.2999	4.0	1.5	1.0	1.0	1.0
skygarden_scene005	Scene_Main	203	76.0279	21.4899	101.8759	0.0	-0.7071	0.0	0.7071	1.0	4.0	1.5	1.0	1.0	1.0
skygarden_scene005	Scene_Main	204	71.0899	21.4899	101.8759	0.0	-0.7071	0.0	0.7071	1.0	4.0	1.7999	1.0	1.0	1.0
skygarden_scene005	Scene_Main	205	72.189	21.4899	101.815	0.0	-0.7071	0.0	0.7071	1.0	4.0	0.6	1.0	1.0	1.0
skygarden_scene005	Scene_Main	206	74.996	21.4899	101.815	0.0	-0.7071	0.0	0.7071	1.0	4.0	0.5	1.0	1.0	1.0
skygarden_scene005	Scene_Main	207	77.648	21.4899	102.401	0.0	-0.7071	0.0	0.7071	1.0	4.0	1.7999	1.0	1.0	1.0
skygarden_scene005	Scene_Main	208	69.54	21.4899	102.401	0.0	-0.7071	0.0	0.7071	1.0	4.0	1.7999	1.0	1.0	1.0
skygarden_scene005	Scene_Main	209	78.65	21.4899	106.62	0.0	0.0	0.0	1.0	0.2	4.0	11.0	1.0	1.0	1.0
skygarden_scene005	Scene_Main	210	67.8649	21.4899	102.1699	0.0	-0.7071	0.0	0.7071	0.2	4.0	1.7999	1.0	1.0	1.0
skygarden_scene005	Scene_Main	211	64.0	20.059	102.358	0.0	-0.7071	0.0	0.7071	0.52	0.5	10.0	1.0	1.0	1.0
skygarden_scene005	Scene_Main	212	54.34	20.059	102.358	0.0	-0.7071	0.0	0.7071	0.52	0.5	10.0	1.0	1.0	1.0
skygarden_scene005	Scene_Main	213	47.3199	20.059	102.358	0.0	-0.7071	0.0	0.7071	0.52	0.5	5.0	1.0	1.0	1.0
skygarden_scene005	Scene_Main	214	44.0499	20.059	102.358	0.0	-0.7071	0.0	0.7071	0.52	0.5	3.0	1.0	1.0	1.0
skygarden_scene005	Scene_Main	215	42.4879	20.059	102.358	0.0	-0.7071	0.0	0.7071	0.52	0.5	3.0	1.0	1.0	1.0
skygarden_scene005	Scene_Main	216	54.1139	20.059	102.6569	0.0	-0.7071	0.0	0.7071	0.52	0.5	1.7	1.0	1.0	1.0
skygarden_scene005	Scene_Main	217	45.7949	20.059	102.6569	0.0	-0.7071	0.0	0.7071	0.52	0.5	1.7	1.0	1.0	1.0
skygarden_scene005	Scene_Main	218	42.2599	20.059	102.6569	0.0	-0.7071	0.0	0.7071	0.52	0.5	1.7	1.0	1.0	1.0
skygarden_scene005	Scene_Main	219	64.0	20.059	112.01	0.0	-0.7071	0.0	0.7071	0.52	0.5	10.0	1.0	1.0	1.0
skygarden_scene005	Scene_Main	220	54.34	20.059	112.01	0.0	-0.7071	0.0	0.7071	0.52	0.5	10.0	1.0	1.0	1.0
skygarden_scene005	Scene_Main	221	47.3199	20.059	112.01	0.0	-0.7071	0.0	0.7071	0.52	0.5	5.0	1.0	1.0	1.0
skygarden_scene005	Scene_Main	222	44.0499	20.059	112.01	0.0	-0.7071	0.0	0.7071	0.52	0.5	3.0	1.0	1.0	1.0
skygarden_scene005	Scene_Main	223	42.4879	20.059	112.01	0.0	-0.7071	0.0	0.7071	0.52	0.5	3.0	1.0	1.0	1.0
skygarden_scene005	Scene_Main	224	72.9599	20.059	112.01	0.0	-0.7071	0.0	0.7071	0.52	0.5	12.0	1.0	1.0	1.0
skygarden_scene005	Scene_Main	225	54.1139	20.059	111.73	0.0	-0.7071	0.0	0.7071	0.52	0.5	1.7	1.0	1.0	1.0
skygarden_scene005	Scene_Main	226	45.7949	20.059	111.73	0.0	-0.7071	0.0	0.7071	0.52	0.5	1.7	1.0	1.0	1.0
skygarden_scene005	Scene_Main	227	69.51	20.059	111.73	0.0	-0.7071	0.0	0.7071	0.52	0.5	1.83	1.0	1.0	1.0
skygarden_scene005	Scene_Main	228	77.69	20.059	111.73	0.0	-0.7071	0.0	0.7071	0.52	0.5	1.83	1.0	1.0	1.0
skygarden_scene005	Scene_Main	229	66.29	21.4899	102.1699	0.0	-0.7071	0.0	0.7071	0.2	4.0	1.7999	1.0	1.0	1.0
skygarden_scene005	Scene_Main	230	58.3199	21.4899	102.1699	0.0	-0.7071	0.0	0.7071	0.2	4.0	15.0	1.0	1.0	1.0
skygarden_scene005	Scene_Main	231	48.59	21.4899	102.1699	0.0	-0.7071	0.0	0.7071	0.2	4.0	5.0	1.0	1.0	1.0
skygarden_scene005	Scene_Main	232	43.7599	21.4899	102.1699	0.0	-0.7071	0.0	0.7071	0.2	4.0	5.0	1.0	1.0	1.0
skygarden_scene005	Scene_Main	233	54.13	21.4899	102.401	0.0	-0.7071	0.0	0.7071	1.0	4.0	1.7999	1.0	1.0	1.0
skygarden_scene005	Scene_Main	234	45.8699	21.4899	102.401	0.0	-0.7071	0.0	0.7071	1.0	4.0	1.7999	1.0	1.0	1.0
skygarden_scene005	Scene_Main	235	42.18	21.4899	102.401	0.0	-0.7071	0.0	0.7071	1.0	4.0	1.7999	1.0	1.0	1.0
skygarden_scene005	Scene_Main	236	58.3199	20.833	112.0849	0.0	-0.7071	0.0	0.7071	0.2	2.0	15.0	1.0	1.0	1.0
skygarden_scene005	Scene_Main	237	72.2399	20.833	112.0849	0.0	-0.7071	0.0	0.7071	0.2	2.0	13.0	1.0	1.0	1.0
skygarden_scene005	Scene_Main	238	48.7099	20.833	112.0849	0.0	-0.7071	0.0	0.7071	0.2	2.0	5.0	1.0	1.0	1.0
skygarden_scene005	Scene_Main	239	44.4329	20.833	112.0849	0.0	-0.7071	0.0	0.7071	0.2	2.0	6.0	1.0	1.0	1.0
skygarden_scene005	Scene_Main	240	58.3199	22.61	110.8499	-0.345	-0.6172	0.345	0.6172	0.2	3.0	15.0	1.0	1.0	1.0
skygarden_scene005	Scene_Main	241	72.2399	22.61	110.8499	-0.345	-0.6172	0.345	0.6172	0.2	3.0	13.0	1.0	1.0	1.0
skygarden_scene005	Scene_Main	242	48.7099	22.61	110.8499	-0.345	-0.6172	0.345	0.6172	0.2	3.0	5.0	1.0	1.0	1.0
skygarden_scene005	Scene_Main	243	44.4329	22.61	110.8499	-0.345	-0.6172	0.345	0.6172	0.2	3.0	6.0	1.0	1.0	1.0
skygarden_scene005	Scene_Main	244	41.45	21.4899	111.105	0.0	0.0	0.0	1.0	0.2	4.0	2.0	1.0	1.0	1.0
skygarden_scene005	Scene_Main	245	41.45	21.4899	109.499	0.0	0.0	0.0	1.0	0.2	4.0	2.0	1.0	1.0	1.0
skygarden_scene005	Scene_Main	246	41.45	21.4899	107.7369	0.0	0.0	0.0	1.0	0.2	4.0	2.0	1.0	1.0	1.0
skygarden_scene005	Scene_Main	247	41.45	21.4899	106.7839	0.0	0.0	0.0	1.0	0.2	4.0	2.0	1.0	1.0	1.0
skygarden_scene005	Scene_Main	248	41.575	21.4899	106.6699	0.0	0.0	0.0	1.0	0.2	1.0	0.5	1.0	1.0	1.0
skygarden_scene005	Scene_Main	249	41.2639	21.4899	106.052	0.0	0.0	0.0	1.0	0.4	4.0	1.0	1.0	1.0	1.0
skygarden_scene005	Scene_Main	250	41.2949	21.4899	102.8939	0.0	0.0	0.0	1.0	0.5	4.0	1.0	1.0	1.0	1.0
skygarden_scene005	Scene_Main	251	41.284	21.4899	107.458	0.0	0.0	0.0	1.0	0.2	4.0	2.0	1.0	1.0	1.0
skygarden_scene005	Scene_Main	252	41.284	21.4899	109.12	0.0	0.0	0.0	1.0	0.2	4.0	2.0	1.0	1.0	1.0
skygarden_scene005	Scene_Main	253	41.284	21.4899	110.94	0.0	0.0	0.0	1.0	0.2	4.0	2.0	1.0	1.0	1.0
skygarden_scene005	Scene_Main	254	41.284	21.4899	112.15	0.0	0.0	0.0	1.0	0.2	4.0	2.0	1.0	1.0	1.0
skygarden_scene005	Scene_Main	255	42.2319	20.134	111.73	0.0	-0.7071	0.0	0.7071	0.52	0.5	1.7	1.0	1.0	1.0
skygarden_scene005	Scene_Main	256	46.937	19.18	138.24	0.0	0.0	0.0	1.0	0.52	1.5	8.4799	1.0	1.0	1.0
skygarden_scene005	Scene_Main	257	46.937	19.18	133.2299	0.0	0.0	0.0	1.0	0.52	1.5	2.0	1.0	1.0	1.0
skygarden_scene005	Scene_Main	258	46.937	19.18	131.94	0.0	0.0	0.0	1.0	0.52	1.5	2.0	1.0	1.0	1.0
skygarden_scene005	Scene_Main	259	47.7999	19.18	130.0599	0.0	-0.3885	0.0	0.9214	0.52	1.5	2.98	1.0	1.0	1.0
skygarden_scene005	Scene_Main	260	46.7599	19.18	137.1799	0.0	0.0	0.0	1.0	0.52	1.5	1.4299	1.0	1.0	1.0
skygarden_scene005	Scene_Main	261	43.4099	19.18	142.6499	0.0	0.7071	0.0	0.7071	0.52	1.5	7.5	1.0	1.0	1.0
skygarden_scene005	Scene_Main	262	39.6819	19.18	133.567	0.0	0.7071	0.0	0.7071	0.1	1.5	3.0	1.0	1.0	1.0
skygarden_scene005	Scene_Main	263	39.5999	19.18	133.8999	0.0	0.3584	0.0	0.9335	0.1	1.5	1.0	1.0	1.0	1.0
skygarden_scene005	Scene_Main	264	39.9	19.18	134.74	0.0	0.0023	0.0	0.9999	0.1	1.5	1.0	1.0	1.0	1.0
skygarden_scene005	Scene_Main	265	39.9599	19.18	134.8699	0.0	0.0023	0.0	0.9999	0.5	1.5	0.5	1.0	1.0	1.0
skygarden_scene005	Scene_Main	266	39.712	19.18	135.561	0.0	-0.2517	0.0	0.9677	0.1	1.5	1.0	1.0	1.0	1.0
skygarden_scene005	Scene_Main	267	39.242	19.18	136.061	0.0	0.0101	0.0	0.9999	0.1	1.5	1.0	1.0	1.0	1.0
skygarden_scene005	Scene_Main	268	39.3059	19.18	136.0769	0.0	-0.518	0.0	0.8553	0.1	1.5	0.4699	1.0	1.0	1.0
skygarden_scene005	Scene_Main	269	38.0079	19.18	136.087	0.0	0.0101	0.0	0.9999	0.1	1.5	1.0	1.0	1.0	1.0
skygarden_scene005	Scene_Main	270	38.595	19.18	136.5449	0.0	0.7071	0.0	0.7071	0.1	1.5	1.21	1.0	1.0	1.0
skygarden_scene005	Scene_Main	271	37.6599	19.18	135.669	0.0	0.3478	0.0	0.9375	0.0999	1.5	0.9999	1.0	1.0	1.0
skygarden_scene005	Scene_Main	272	36.965	19.18	135.2879	0.0	-0.7055	0.0	0.7086	0.1	1.5	1.0	1.0	1.0	1.0
skygarden_scene005	Scene_Main	273	36.715	19.18	135.561	0.0	-0.2517	0.0	0.9677	0.1	1.5	1.0	1.0	1.0	1.0
skygarden_scene005	Scene_Main	274	36.2449	19.18	136.061	0.0	0.0101	0.0	0.9999	0.1	1.5	1.0	1.0	1.0	1.0
skygarden_scene005	Scene_Main	275	36.3089	19.18	136.0769	0.0	-0.518	0.0	0.8553	0.1	1.5	0.4699	1.0	1.0	1.0
skygarden_scene005	Scene_Main	276	35.011	19.18	136.087	0.0	0.0101	0.0	0.9999	0.1	1.5	1.0	1.0	1.0	1.0
skygarden_scene005	Scene_Main	277	35.5979	19.18	136.5449	0.0	0.7071	0.0	0.7071	0.1	1.5	1.21	1.0	1.0	1.0
skygarden_scene005	Scene_Main	278	34.6629	19.18	135.669	0.0	0.3478	0.0	0.9375	0.0999	1.5	0.9999	1.0	1.0	1.0
skygarden_scene005	Scene_Main	279	32.8699	19.18	141.2799	0.0	0.5048	0.0	0.8631	0.1	1.5	1.0	1.0	1.0	1.0
skygarden_scene005	Scene_Main	280	33.3684	19.18	141.7516	0.0	0.713	0.0	0.701	0.1	1.5	1.0	1.0	1.0	1.0
skygarden_scene005	Scene_Main	281	33.3846	19.18	141.6878	0.0	0.2368	0.0	0.9715	0.0999	1.5	0.4699	1.0	1.0	1.0
skygarden_scene005	Scene_Main	282	33.3903	19.18	142.9857	0.0	0.713	0.0	0.701	0.1	1.5	1.0	1.0	1.0	1.0
skygarden_scene005	Scene_Main	283	33.8502	19.18	142.4002	0.0	0.9999	0.0	0.0016	0.1	1.5	1.21	1.0	1.0	1.0
skygarden_scene005	Scene_Main	284	32.971	19.18	143.3323	0.0	0.9082	0.0	0.4184	0.1	1.5	1.0	1.0	1.0	1.0
skygarden_scene005	Scene_Main	285	44.34	19.18	141.0169	0.0	0.7071	0.0	0.7071	0.52	1.5	3.5	1.0	1.0	1.0
skygarden_scene005	Scene_Main	286	45.0419	19.18	141.0169	0.0	0.7071	0.0	0.7071	0.52	1.5	3.5	1.0	1.0	1.0
skygarden_scene005	Scene_Main	287	42.86	19.18	142.0099	0.0	0.0	0.0	1.0	0.52	1.5	1.5	1.0	1.0	1.0
skygarden_scene005	Scene_Main	288	44.0519	18.6	140.33	0.0	0.0	0.0	1.0	1.4199	1.5	1.5	1.0	1.0	1.0
skygarden_scene005	Scene_Main	289	67.192	8.97	120.522	0.0	0.0	0.0	1.0	1.0	4.0	1.2999	1.0	1.0	1.0
skygarden_scene005	Scene_Main	290	73.7229	8.97	120.522	0.0	0.0	0.0	1.0	1.0	4.0	1.2999	1.0	1.0	1.0
skygarden_scene005	Scene_Main	291	73.5029	8.97	126.98	0.0	0.0	0.0	1.0	1.0	4.0	1.2999	1.0	1.0	1.0
skygarden_scene005	Scene_Main	292	74.052	8.97	133.8419	0.0	0.0	0.0	1.0	1.2999	4.0	0.9499	1.0	1.0	1.0
skygarden_scene005	Scene_Main	293	67.3489	8.97	126.98	0.0	0.0	0.0	1.0	1.0	4.0	1.2999	1.0	1.0	1.0
skygarden_scene005	Scene_Main	294	66.8799	8.97	133.8419	0.0	0.0	0.0	1.0	1.2999	4.0	0.9499	1.0	1.0	1.0
skygarden_scene005	Scene_Main	295	73.8209	8.97	123.8499	0.0	0.0	0.0	1.0	0.5	4.0	6.0	1.0	1.0	1.0
skygarden_scene005	Scene_Main	296	73.8209	8.97	130.4799	0.0	0.0	0.0	1.0	0.5	4.0	6.0	1.0	1.0	1.0
skygarden_scene005	Scene_Main	297	66.98	8.97	123.8499	0.0	0.0	0.0	1.0	0.5	4.0	6.0	1.0	1.0	1.0
skygarden_scene005	Scene_Main	298	66.98	8.97	130.4799	0.0	0.0	0.0	1.0	0.5	4.0	6.0	1.0	1.0	1.0
skygarden_scene005	Scene_Main	299	64.2699	8.97	136.88	0.0	0.0	0.0	1.0	0.5	4.0	6.0	1.0	1.0	1.0
skygarden_scene005	Scene_Main	300	64.2699	8.97	142.6499	0.0	0.0	0.0	1.0	0.5	4.0	6.0	1.0	1.0	1.0
skygarden_scene005	Scene_Main	301	67.3499	8.97	145.36	0.0	0.7071	0.0	0.7071	0.5	4.0	6.0	1.0	1.0	1.0
skygarden_scene005	Scene_Main	302	71.73	8.97	145.36	0.0	0.7071	0.0	0.7071	0.5	4.0	6.0	1.0	1.0	1.0
skygarden_scene005	Scene_Main	303	65.3899	8.97	133.6499	0.0	0.7071	0.0	0.7071	0.5	4.0	2.0	1.0	1.0	1.0
skygarden_scene005	Scene_Main	304	64.5	8.97	133.91	0.0	0.7071	0.0	0.7071	0.5	4.0	0.5	1.0	1.0	1.0
skygarden_scene005	Scene_Main	305	64.5	8.97	145.1399	0.0	0.7071	0.0	0.7071	0.5	4.0	0.5	1.0	1.0	1.0
skygarden_scene005	Scene_Main	306	74.5199	8.97	145.1399	0.0	0.7071	0.0	0.7071	0.5	4.0	0.5	1.0	1.0	1.0
skygarden_scene005	Scene_Main	307	74.6299	8.97	144.3999	0.0	0.7071	0.0	0.7071	1.0	4.0	0.2	1.0	1.0	1.0
skygarden_scene005	Scene_Main	308	74.902	8.97	143.5189	0.0	0.7071	0.0	0.7071	1.0	4.0	0.75	1.0	1.0	1.0
skygarden_scene005	Scene_Main	309	74.902	8.97	134.7089	0.0	0.7071	0.0	0.7071	1.0	4.0	0.75	1.0	1.0	1.0
skygarden_scene005	Scene_Main	310	71.0899	21.51	145.1399	0.0	0.7071	0.0	0.7071	0.5	4.0	6.81	1.0	1.0	1.0
skygarden_scene005	Scene_Main	311	74.5579	21.51	144.3999	0.0	0.7071	0.0	0.7071	1.0	4.0	0.2	1.0	1.0	1.0
skygarden_scene005	Scene_Main	312	74.902	21.51	143.5189	0.0	0.7071	0.0	0.7071	1.0	4.0	0.75	1.0	1.0	1.0
skygarden_scene005	Scene_Main	313	74.902	21.51	134.7599	0.0	0.7071	0.0	0.7071	1.0	4.0	0.75	1.0	1.0	1.0
skygarden_scene005	Scene_Main	314	71.0899	21.51	133.0299	0.0	0.7071	0.0	0.7071	0.5	4.0	6.81	1.0	1.0	1.0
skygarden_scene005	Scene_Main	315	74.5579	21.51	133.7599	0.0	0.7071	0.0	0.7071	1.0	4.0	0.2	1.0	1.0	1.0
skygarden_scene005	Scene_Main	316	67.87	21.51	148.69	0.0	0.0	0.0	1.0	0.5	4.0	6.8099	1.0	1.0	1.0
skygarden_scene005	Scene_Main	317	67.87	21.51	129.6399	0.0	0.0	0.0	1.0	0.5	4.0	6.8099	1.0	1.0	1.0
skygarden_scene005	Scene_Main	318	67.5299	21.51	127.04	0.0	0.0	0.0	1.0	0.5	4.0	0.5	1.0	1.0	1.0
skygarden_scene005	Scene_Main	319	65.0699	21.51	150.7799	0.0	0.7071	0.0	0.7071	0.5	4.0	6.81	1.0	1.0	1.0
skygarden_scene005	Scene_Main	320	65.0699	21.51	127.16	0.0	0.7071	0.0	0.7071	0.5	4.0	6.81	1.0	1.0	1.0
skygarden_scene005	Scene_Main	321	62.3484	19.76	107.3199	0.5	0.5	0.4999	0.5	0.2212	10.2328	43.6577	1.0	1.0	1.0
skygarden_scene005	Scene_Main	322	62.485	21.26	102.37	0.0	0.7071	0.0	0.7071	0.2212	10.2328	43.3843	1.0	1.0	1.0
skygarden_scene005	Scene_Main	323	62.485	22.4599	111.7399	-0.2988	0.6408	-0.2988	0.6408	0.2212	10.2328	43.3843	1.0	1.0	1.0
skygarden_scene005	Scene_Main	324	82.608	24.711	79.0299	0.0	0.7071	0.0	0.7071	1.0968	10.2328	1.3608	1.0	1.0	1.0
skygarden_scene005	Scene_Main	325	76.8799	24.711	79.8099	0.0	0.7071	0.0	0.7071	1.0968	10.2328	1.3608	1.0	1.0	1.0
skygarden_scene005	Scene_Main	326	82.6279	24.711	65.942	0.0	0.7071	0.0	0.7071	1.0968	10.2328	1.3608	1.0	1.0	1.0
skygarden_scene005	Scene_Main	327	70.036	24.711	66.5899	0.0	0.7071	0.0	0.7071	1.0968	10.2328	1.3608	1.0	1.0	1.0
skygarden_scene005	Scene_Main	328	70.036	24.711	79.0599	0.0	0.7071	0.0	0.7071	1.0968	10.2328	1.3608	1.0	1.0	1.0
skygarden_scene005	Scene_Main	329	46.0541	17.9584	77.6399	0.0	0.7071	0.0	0.7071	0.2212	14.1959	25.6128	1.0	1.0	1.0
skygarden_scene005	Scene_Main	330	34.6399	17.9584	71.36	0.0	1.0	0.0	0.0	0.2212	14.1959	25.6128	1.0	1.0	1.0
skygarden_scene005	Scene_Main	331	46.0541	17.9584	71.36	0.0	0.7071	0.0	0.7071	0.2212	14.1959	25.6128	1.0	1.0	1.0
skygarden_scene005	Scene_Main	332	71.0923	25.1569	65.5719	0.0	0.7071	0.0	0.7071	0.2212	11.6306	26.1694	1.0	1.0	1.0
skygarden_scene005	Scene_Main	333	42.06	18.9109	69.108	0.0	1.0	0.0	0.0	1.8238	10.2328	5.4861	1.0	1.0	1.0
skygarden_scene005	Scene_Main	334	34.5589	19.1299	69.2829	0.0	1.0	0.0	0.0	1.8238	10.2328	5.4861	1.0	1.0	1.0
skygarden_scene005	Scene_Main	335	34.971	19.1299	79.5869	0.0	1.0	0.0	0.0	1.8238	10.2328	5.4861	1.0	1.0	1.0
skygarden_scene005	Scene_Main	336	41.997	19.1299	79.5869	0.0	1.0	0.0	0.0	1.8238	10.2328	5.4861	1.0	1.0	1.0
skygarden_scene005	Scene_Main	337	59.1399	24.7199	79.383	0.0	1.0	0.0	0.0	1.8238	10.2328	5.4861	1.0	1.0	1.0
skygarden_scene005	Scene_Main	338	59.1399	24.7199	67.2099	0.0	1.0	0.0	0.0	1.8238	10.2328	10.2466	1.0	1.0	1.0
skygarden_scene005	Scene_Main	339	82.9169	25.1569	73.037	0.0	1.0	0.0	0.0	0.2212	10.2328	26.1694	1.0	1.0	1.0
skygarden_scene005	Scene_Main	340	34.1139	14.0299	74.37	-0.5	0.5	-0.4999	0.5	0.9988	6.4054	1.539	1.0	1.0	1.0
skygarden_scene005	Scene_Main	341	48.3092	16.239	74.662	-0.594	0.3835	-0.3835	0.594	0.2212	7.9247	16.9376	1.0	1.0	1.0
skygarden_scene005	Scene_Main	342	38.7174	13.9099	74.662	-0.5	0.5	-0.4999	0.5	0.2212	7.9247	11.7737	1.0	1.0	1.0
skygarden_scene005	Scene_Main	343	78.5599	21.4848	65.9729	-0.5	0.5	-0.4999	0.5	3.3853	2.6195	3.7638	1.0	1.0	1.0
skygarden_scene005	Scene_Main	344	72.999	20.297	67.9899	-0.5404	0.5404	-0.456	0.456	2.0263	0.9392	0.7877	1.0	1.0	1.0
skygarden_scene005	Scene_Main	345	81.2443	20.2999	74.0563	-0.4886	0.4886	-0.511	0.511	2.0263	0.9392	0.9406	1.0	1.0	1.0
skygarden_scene005	Scene_Main	346	77.9872	19.9831	78.7788	-0.4886	0.4886	-0.511	0.511	1.3925	0.6542	0.7972	1.0	1.0	1.0
skygarden_scene005	Scene_Main	347	60.122	19.096	71.007	-0.4886	0.4886	-0.511	0.511	3.1649	0.8943	0.8488	1.0	1.0	1.0
skygarden_scene005	Scene_Main	348	60.108	20.8693	79.0609	-0.4886	0.4886	-0.511	0.511	3.1649	0.9392	0.8488	1.0	1.0	1.0
skygarden_scene005	Scene_Main	349	70.0739	20.2999	78.372	-0.4886	0.4886	-0.511	0.511	2.0263	0.9392	0.8488	1.0	1.0	1.0
skygarden_scene005	Scene_Main	350	82.5189	20.2999	76.374	-0.4886	0.4886	-0.511	0.511	2.0263	0.9392	0.7877	1.0	1.0	1.0
skygarden_scene005	Scene_Main	351	82.313	20.2999	68.8399	-0.4886	0.4886	-0.511	0.511	2.0263	0.9392	0.7877	1.0	1.0	1.0
skygarden_scene005	Scene_Main	352	81.097	20.2999	70.69	-0.558	0.558	-0.4343	0.4343	2.0263	0.9392	0.7877	1.0	1.0	1.0
skygarden_scene005	Scene_Main	353	70.193	20.297	67.7342	-0.5	0.5	-0.4999	0.5	2.0263	0.9392	0.7877	1.0	1.0	1.0
skygarden_scene005	Scene_Main	354	67.4919	20.297	67.7342	-0.5	0.5	-0.4999	0.5	2.0263	0.9392	0.7877	1.0	1.0	1.0
skygarden_scene005	Scene_Main	355	66.2939	20.2999	72.097	-0.4866	0.4866	-0.513	0.513	2.0263	0.8078	0.7877	1.0	1.0	1.0
skygarden_scene005	Scene_Main	356	62.9369	20.297	67.6139	-0.5	0.5	-0.4999	0.5	2.0263	0.8078	0.7877	1.0	1.0	1.0
skygarden_scene005	Scene_Main	357	64.7684	22.478	65.8578	-0.5	0.5	-0.4999	0.5	3.237	0.8078	9.2575	1.0	1.0	1.0
skygarden_scene005	Scene_Main	358	73.7179	22.4025	65.8578	-0.5	0.5	-0.4999	0.5	3.0808	0.8078	6.1304	1.0	1.0	1.0
skygarden_scene005	Scene_Main	359	73.7179	20.35	66.1139	-0.5	0.5	-0.4999	0.5	1.1156	2.6195	6.1304	1.0	1.0	1.0
skygarden_scene005	Scene_Main	360	64.6466	20.35	65.97	-0.5	0.5	-0.4999	0.5	1.1156	2.6195	9.9746	1.0	1.0	1.0
skygarden_scene005	Scene_Main	361	66.166	20.3384	70.4639	-0.5	0.5	-0.4999	0.5	1.0866	2.0209	4.5312	1.0	1.0	1.0
skygarden_scene005	Scene_Main	362	71.1361	19.69	73.3399	-0.5	0.5	-0.4999	0.5	0.2212	15.7882	30.4848	1.0	1.0	1.0
skygarden_scene005	Scene_Main	363	57.0419	9.59	51.0909	-1.0	0.0	0.0	0.0	1.2175	7.0338	2.4992	1.0	1.0	1.0
skygarden_scene005	Scene_Main	364	63.611	9.59	51.09	-1.0	0.0	0.0	0.0	1.2175	7.0338	2.4992	1.0	1.0	1.0
skygarden_scene005	Scene_Main	365	70.5179	9.59	51.09	-1.0	0.0	0.0	0.0	1.2175	7.0338	2.4992	1.0	1.0	1.0
skygarden_scene005	Scene_Main	366	77.008	9.59	51.088	-1.0	0.0	0.0	0.0	1.1845	7.0338	2.4992	1.0	1.0	1.0
skygarden_scene005	Scene_Main	367	83.857	9.59	51.088	-1.0	0.0	0.0	0.0	1.1064	7.0338	2.4992	1.0	1.0	1.0
skygarden_scene005	Scene_Main	368	57.0419	9.59	59.9799	-1.0	0.0	0.0	0.0	1.2175	7.0338	2.4992	1.0	1.0	1.0
skygarden_scene005	Scene_Main	369	80.4	7.6199	50.874	-1.0	0.0	0.0	0.0	6.544	1.5609	1.6092	1.0	1.0	1.0
skygarden_scene005	Scene_Main	370	80.4	7.6199	60.2599	-1.0	0.0	0.0	0.0	6.544	1.5609	1.6092	1.0	1.0	1.0
skygarden_scene005	Scene_Main	371	73.73	7.6199	50.874	-1.0	0.0	0.0	0.0	6.544	1.5609	1.6092	1.0	1.0	1.0
skygarden_scene005	Scene_Main	372	73.73	7.6199	60.2599	-1.0	0.0	0.0	0.0	6.544	1.5609	1.6092	1.0	1.0	1.0
skygarden_scene005	Scene_Main	373	67.19	7.6199	50.874	-1.0	0.0	0.0	0.0	6.544	1.5609	1.6092	1.0	1.0	1.0
skygarden_scene005	Scene_Main	374	67.19	7.6199	60.2599	-1.0	0.0	0.0	0.0	6.544	1.5609	1.6092	1.0	1.0	1.0
skygarden_scene005	Scene_Main	375	60.58	7.6199	50.874	-1.0	0.0	0.0	0.0	6.544	1.5609	1.6092	1.0	1.0	1.0
skygarden_scene005	Scene_Main	376	60.58	7.6199	60.2599	-1.0	0.0	0.0	0.0	6.544	1.5609	1.6092	1.0	1.0	1.0
skygarden_scene005	Scene_Main	377	63.611	9.59	59.979	-1.0	0.0	0.0	0.0	1.2175	7.0338	2.4992	1.0	1.0	1.0
skygarden_scene005	Scene_Main	378	70.5179	9.59	59.979	-1.0	0.0	0.0	0.0	1.2175	7.0338	2.4992	1.0	1.0	1.0
skygarden_scene005	Scene_Main	379	77.008	9.59	59.977	-1.0	0.0	0.0	0.0	1.1845	7.0338	2.4992	1.0	1.0	1.0
skygarden_scene005	Scene_Main	380	83.857	9.59	59.977	-1.0	0.0	0.0	0.0	1.1064	7.0338	2.4992	1.0	1.0	1.0
skygarden_scene005	Scene_Main	381	84.72	9.59	55.36	-1.0	0.0	0.0	0.0	0.2212	7.0338	10.6408	1.0	1.0	1.0
skygarden_scene005	Scene_Main	382	57.04	9.59	55.36	-1.0	0.0	0.0	0.0	0.2212	7.0338	10.6408	1.0	1.0	1.0
skygarden_scene005	Scene_Main	383	70.04	8.75	51.0499	-0.7071	0.0	-0.7071	0.0	0.2212	15.7687	39.3208	1.0	1.0	1.0
skygarden_scene005	Scene_Main	384	70.04	8.75	60.04	-0.7071	0.0	-0.7071	0.0	0.2212	15.7687	39.3208	1.0	1.0	1.0
skygarden_scene005	Scene_Main	385	70.04	12.89	55.0499	-0.4999	0.4999	-0.5	0.5	0.2212	15.7687	39.3208	1.0	1.0	1.0
skygarden_scene005	Scene_Main	386	70.04	7.75	55.0499	-0.4999	0.4999	-0.5	0.5	0.2212	15.7687	39.3208	1.0	1.0	1.0
skygarden_scene005	Scene_Main	387	70.0385	19.69	72.6999	-0.4999	0.4999	-0.5	0.5	0.2212	15.7687	28.2721	1.0	1.0	1.0
skygarden_scene005	Scene_Main	388	71.0923	25.1569	79.69	0.0	0.7071	0.0	0.7071	0.2212	11.5303	26.1694	1.0	1.0	1.0
skygarden_scene005	Scene_Main	389	74.8199	10.8199	138.5709	0.0	1.0	0.0	0.0	0.2212	10.2328	14.6452	1.0	1.0	1.0
skygarden_scene005	Scene_Main	390	67.2929	7.392	126.2529	-0.4242	0.9055	0.0	0.0	0.2212	1.0373	14.6452	1.0	1.0	1.0
skygarden_scene005	Scene_Main	391	73.6819	7.392	126.2529	0.4244	0.9054	0.0	0.0	0.2212	0.6885	14.6452	1.0	1.0	1.0
skygarden_scene005	Scene_Main	392	74.05	10.8199	126.2529	0.0	1.0	0.0	0.0	0.2212	10.2328	14.6452	1.0	1.0	1.0
skygarden_scene005	Scene_Main	393	66.884	10.8199	126.2529	0.0	1.0	0.0	0.0	0.2212	10.2328	14.6452	1.0	1.0	1.0
skygarden_scene005	Scene_Main	394	64.48	10.8199	140.58	0.0	1.0	0.0	0.0	0.2212	10.2328	14.6452	1.0	1.0	1.0
skygarden_scene005	Scene_Main	395	74.675	10.8199	126.9349	0.0	0.7071	0.0	0.7071	0.9566	10.2328	3.2637	1.0	1.0	1.0
skygarden_scene005	Scene_Main	396	75.068	10.8199	133.7989	0.0	0.7071	0.0	0.7071	0.9566	10.2328	3.2637	1.0	1.0	1.0
skygarden_scene005	Scene_Main	397	65.8072	10.8199	133.7989	0.0	0.7071	0.0	0.7071	0.9566	10.2328	3.2637	1.0	1.0	1.0
skygarden_scene005	Scene_Main	398	66.7379	10.8199	126.8619	0.0	0.7071	0.0	0.7071	0.9566	10.2328	2.1524	1.0	1.0	1.0
skygarden_scene005	Scene_Main	399	67.5599	10.8199	120.9899	0.0	0.7071	0.0	0.7071	0.2212	10.2328	14.6452	1.0	1.0	1.0
skygarden_scene005	Scene_Main	400	70.47	7.17	122.62	-0.5	0.5	-0.4999	0.5	0.2212	23.2752	8.6431	1.0	1.0	1.0
skygarden_scene005	Scene_Main	401	68.47	7.1399	137.13	-0.5	0.5	-0.4999	0.5	0.2212	46.5244	14.6452	1.0	1.0	1.0
skygarden_scene005	Scene_Main	402	67.5599	10.8199	145.11	0.0	0.7071	0.0	0.7071	0.2212	10.2328	14.6452	1.0	1.0	1.0
skygarden_scene005	Scene_Main	403	62.485	21.26	112.08	0.0	0.7071	0.0	0.7071	0.2212	10.2328	43.3843	1.0	1.0	1.0
skygarden_scene005	Scene_Main	404	41.465	21.26	107.18	0.0	0.0	0.0	1.0	0.2212	10.2328	10.9646	1.0	1.0	1.0
skygarden_scene005	Scene_Main	405	78.6949	21.26	107.18	0.0	0.0	0.0	1.0	0.2212	10.2328	10.9646	1.0	1.0	1.0
skygarden_scene005	Scene_Main	406	73.4571	21.8668	80.2669	-0.7071	0.0	0.0	0.7071	2.64	0.33	4.4	1.0	1.0	1.0
skygarden_scene005	Scene_Main	407	59.123	23.2346	74.4777	-0.5	0.5	0.5	0.5	5.0096	0.6084	7.0581	1.0	1.0	1.0
skygarden_scene005	Scene_Main	408	38.1721	16.1168	70.869	-0.7071	0.0	0.0	0.7071	2.64	0.33	4.4	1.0	1.0	1.0
skygarden_scene005	Scene_Main	409	69.8385	7.254	120.7135	0.0	0.0	0.0	1.0	2.0032	0.4006	2.671	1.0	1.0	1.0
skygarden_scene005	Scene_Main	410	68.5698	7.254	120.9805	0.0	-0.4135	0.0	0.9105	2.0032	0.4006	2.671	1.0	1.0	1.0
skygarden_scene005	Scene_Main	411	68.7414	7.254	120.4998	0.0	0.0	0.0	1.0	4.3403	0.4006	4.0065	1.0	1.0	1.0
skygarden_scene005	Scene_Main	412	67.882	7.254	122.4629	0.0	0.3665	0.0	0.9304	4.3403	0.4006	1.3355	1.0	1.0	1.0
skygarden_scene007	Scene_Main	1	-3.839	16.9064	39.88	0.0	0.0	0.0	1.0	13.2877	7.3305	0.3685	1.0	1.0	1.0
skygarden_scene007	Scene_Main	2	-9.97	16.9064	34.34	0.0	0.7071	0.0	0.7071	10.9535	7.3305	0.3685	1.0	1.0	1.0
skygarden_scene007	Scene_Main	3	6.6709	12.3453	38.79	0.0	0.0	-0.1569	0.9876	3.6531	1.2865	0.9974	1.0	1.0	1.0
skygarden_scene007	Scene_Main	4	6.6709	12.3453	30.1739	0.0	0.0	-0.1569	0.9876	3.6531	1.2865	0.9974	1.0	1.0	1.0
skygarden_scene007	Scene_Main	5	9.7788	12.142	38.7929	0.0	0.0	-0.1034	0.9946	0.8101	0.3374	0.9916	1.0	1.0	1.0
skygarden_scene007	Scene_Main	6	9.7788	12.142	30.1767	0.0	0.0	-0.1034	0.9946	0.8101	0.3374	0.9916	1.0	1.0	1.0
skygarden_scene007	Scene_Main	7	9.0121	12.2217	38.7929	0.0	0.0	0.0	1.0	0.8101	0.3374	0.9916	1.0	1.0	1.0
skygarden_scene007	Scene_Main	8	9.0121	12.2217	30.1767	0.0	0.0	0.0	1.0	0.8101	0.3374	0.9916	1.0	1.0	1.0
skygarden_scene007	Scene_Main	9	2.7936	12.88	38.9911	0.0	0.0	0.0	1.0	4.6805	1.2865	1.4052	1.0	1.0	1.0
skygarden_scene007	Scene_Main	10	2.7936	12.88	29.9699	0.0	0.0	0.0	1.0	4.6805	1.2865	1.4052	1.0	1.0	1.0
skygarden_scene007	Scene_Main	11	7.6329	15.7299	25.579	0.0	0.5933	0.0	0.8049	3.638	7.3305	0.3685	1.0	1.0	1.0
skygarden_scene007	Scene_Main	12	4.9299	15.7299	40.2616	0.0	0.0091	0.0	0.9999	4.323	7.3305	1.8779	1.0	1.0	1.0
skygarden_scene007	Scene_Main	13	5.0746	15.7299	28.9087	0.0	0.0091	0.0	0.9999	4.2308	7.3305	1.8779	1.0	1.0	1.0
skygarden_scene007	Scene_Main	14	13.1071	15.7299	19.0032	0.0	-0.3874	0.0	-0.9219	14.3153	7.3305	0.3685	1.0	1.0	1.0
skygarden_scene007	Scene_Main	15	28.8471	15.7299	10.9878	0.0	-0.0051	0.0	-0.9999	14.3153	7.3305	0.3685	1.0	1.0	1.0
skygarden_scene007	Scene_Main	16	45.1441	15.7299	16.1246	0.0	0.3687	0.0	-0.9295	14.3153	7.3305	0.3685	1.0	1.0	1.0
skygarden_scene007	Scene_Main	17	54.0449	15.7299	33.2631	0.0	0.7055	0.0	-0.7086	13.9632	7.3305	0.3685	1.0	1.0	1.0
skygarden_scene007	Scene_Main	18	37.2018	11.21	38.7755	0.2719	0.6527	0.6527	-0.2719	77.074	70.8676	1.9843	1.0	1.0	1.0
skygarden_scene007	Scene_Main	19	48.351	15.7299	49.8297	0.0	0.923	0.0	-0.3846	14.3153	7.3305	0.3685	1.0	1.0	1.0
skygarden_scene007	Scene_Main	20	31.1198	15.7299	57.9199	0.0	0.9999	0.0	0.0035	14.0913	7.3305	0.3685	1.0	1.0	1.0
skygarden_scene007	Scene_Main	21	19.2554	15.7299	12.8579	0.0	-0.3586	0.0	-0.9334	3.2514	7.3305	0.3685	1.0	1.0	1.0
skygarden_scene007	Scene_Main	22	37.54	15.7299	10.9899	0.0	0.0259	0.0	-0.9996	3.2514	7.3305	0.3685	1.0	1.0	1.0
skygarden_scene007	Scene_Main	23	51.4099	15.7299	22.1499	0.0	0.3974	0.0	-0.9176	3.2514	7.3305	0.3685	1.0	1.0	1.0
skygarden_scene007	Scene_Main	24	53.99	15.7299	41.7799	0.0	0.7272	0.0	-0.6863	3.2514	7.3305	0.3685	1.0	1.0	1.0
skygarden_scene007	Scene_Main	25	42.166	15.7299	55.9379	0.0	0.9345	0.0	-0.3558	3.2514	7.3305	0.3685	1.0	1.0	1.0
skygarden_scene007	Scene_Main	26	23.179	15.7299	57.719	0.0	0.9978	0.0	0.0657	3.2514	7.3305	0.3685	1.0	1.0	1.0
skygarden_scene007	Scene_Main	27	21.8999	15.7299	11.14	0.0	-0.2011	0.0	-0.9795	3.2514	7.3305	0.3685	1.0	1.0	1.0
skygarden_scene007	Scene_Main	28	40.6247	15.7299	11.6452	0.0	0.189	0.0	-0.9819	3.2514	7.3305	0.3685	1.0	1.0	1.0
skygarden_scene007	Scene_Main	29	53.18	15.7299	24.76	0.0	0.5421	0.0	-0.8403	3.2514	7.3305	0.3685	1.0	1.0	1.0
skygarden_scene007	Scene_Main	30	53.1754	15.7299	44.846	0.0	0.862	0.0	-0.5068	3.2514	7.3305	0.3685	1.0	1.0	1.0
skygarden_scene007	Scene_Main	31	39.422	15.7299	57.5299	0.0	0.9903	0.0	-0.1383	3.2514	7.3305	0.3685	1.0	1.0	1.0
skygarden_scene007	Scene_Main	32	21.0344	15.7299	57.2338	0.0	0.9664	0.0	0.2567	3.2514	7.3305	0.3685	1.0	1.0	1.0
skygarden_scene007	Scene_Main	33	18.4521	15.7299	55.2817	0.0	0.9247	0.0	0.3806	4.8076	7.3305	0.3685	1.0	1.0	1.0
skygarden_scene007	Scene_Main	34	12.7748	15.7299	49.6538	0.0	0.9247	0.0	0.3806	11.1806	7.3305	0.3685	1.0	1.0	1.0
skygarden_scene007	Scene_Main	35	8.362	15.7299	44.99	0.0	0.8755	0.0	0.483	1.8512	7.3305	0.3685	1.0	1.0	1.0
skygarden_scene007	Scene_Main	36	7.577	15.7299	43.3199	0.0	0.8251	0.0	0.5649	1.8512	7.3305	0.3685	1.0	1.0	1.0
skygarden_scene007	Scene_Main	37	7.223	15.7299	41.062	0.0	0.7151	0.0	0.6989	3.638	7.3305	0.3685	1.0	1.0	1.0
skygarden_scene007	Scene_Main	38	7.2501	15.7299	27.8682	0.0	0.7151	0.0	0.6989	3.638	7.3305	0.3685	1.0	1.0	1.0
skygarden_scene007	Scene_Main	39	8.97	15.7299	23.4099	0.0	0.3932	0.0	0.9194	7.558	7.3305	0.3685	1.0	1.0	1.0
skygarden_scene007	Scene_Main	40	5.5339	16.3199	25.9762	0.0	0.4181	0.0	0.9083	7.558	7.3305	0.3685	1.0	1.0	1.0
skygarden_scene007	Scene_Main	41	7.6319	12.111	34.5	-0.6984	0.1102	-0.1102	0.6984	6.1885	7.993	0.3685	1.0	1.0	1.0
skygarden_scene007	Scene_Main	42	17.9834	12.0399	34.4595	-0.7071	0.0	0.0	0.7071	34.6434	9.5657	0.3685	1.0	1.0	1.0
skygarden_scene007	Scene_Main	43	-2.8647	13.0299	34.8442	-0.7071	0.0	0.0	0.7071	15.2365	13.7264	0.3685	1.0	1.0	1.0
skygarden_scene007	Scene_Main	44	-3.4879	18.9799	38.74	-0.5447	0.0	0.0	0.8386	15.5072	7.3305	0.3685	1.0	1.0	1.0
skygarden_scene007	Scene_Main	45	-3.4879	19.5699	34.2999	-0.7071	0.0	0.0	0.7071	15.5072	7.3305	0.3685	1.0	1.0	1.0
skygarden_scene007	Scene_Main	46	-3.4879	18.3799	29.3299	0.5598	0.0	0.0	0.8285	15.5072	7.3305	0.3685	1.0	1.0	1.0
skygarden_scene007	Scene_Main	47	-3.6849	16.9064	29.0729	0.0	0.0	0.0	1.0	13.595	7.3305	0.3685	1.0	1.0	1.0
skygarden_slnstorylevel01	Scene_Main	1	5.8561	13.7967	38.6232	0.0	-0.5149	0.0	0.8572	0.944	1.6769	1.0313	1.0	1.0	1.0
skygarden_slnstorylevel01	Scene_Main	2	11.8554	13.7967	38.837	0.0	-0.9762	0.0	0.2166	0.944	1.6769	1.0313	1.0	1.0	1.0
skygarden_slnstorylevel01	Scene_Main	3	29.9479	10.5157	17.8903	0.2791	-0.6496	0.2791	0.6496	0.4788	1.4935	0.4643	1.0	1.0	1.0
skygarden_slnstorylevel01	Scene_Main	4	30.0419	10.5157	20.8523	0.2791	-0.6496	0.2791	0.6496	0.4788	1.4935	0.4643	1.0	1.0	1.0
skygarden_slnstorylevel01	Scene_Main	5	12.168	14.0179	21.8299	0.0	0.0	0.0	1.0	0.5691	8.0482	0.6683	1.0	1.0	1.0
skygarden_slnstorylevel01	Scene_Main	6	8.658	14.0179	21.8299	0.0	-1.0	0.0	0.0	0.5691	8.0482	0.6683	1.0	1.0	1.0
skygarden_slnstorylevel01	Scene_Main	7	8.56	14.0179	17.843	0.0	-1.0	0.0	0.0	0.5691	8.0482	0.6683	1.0	1.0	1.0
skygarden_slnstorylevel01	Scene_Main	8	12.6099	14.0179	17.843	0.0	0.0	0.0	1.0	0.5691	8.0482	0.6683	1.0	1.0	1.0
skygarden_slnstorylevel01	Scene_Main	9	9.196	13.4682	37.268	0.0	0.0	0.0	1.0	1.2485	0.9788	1.2344	1.0	1.0	1.0
skygarden_slnstorylevel01	Scene_Main	10	7.7412	13.4103	36.3851	0.0	0.9238	0.0	0.3826	1.4235	0.891	1.7905	1.0	1.0	1.0
skygarden_slnstorylevel01	Scene_Main	11	6.0187	13.8077	35.5777	0.0	0.0	0.0	1.0	1.3841	1.7116	1.3695	1.0	1.0	1.0
skygarden_slnstorylevel01	Scene_Main	12	6.103	13.7967	32.5188	0.0	-0.3684	0.0	0.9296	0.944	1.6769	1.0313	1.0	1.0	1.0
skygarden_slnstorylevel01	Scene_Main	13	8.8853	10.8137	18.4957	0.0	-0.902	0.0	0.4317	0.944	1.6769	1.0313	1.0	1.0	1.0
skygarden_slnstorylevel01	Scene_Main	14	19.2653	9.1988	18.0195	0.0	-0.9999	0.0	0.0042	0.944	1.6769	1.0313	1.0	1.0	1.0
skygarden_slnstorylevel01	Scene_Main	15	19.5147	9.1918	21.5197	0.0	-0.3951	0.0	0.9186	0.944	1.6769	1.0313	1.0	1.0	1.0
skygarden_slnstorylevel01	Scene_Main	16	5.618	18.26	34.983	0.0	0.7071	0.0	0.7071	2.0717	6.2378	0.9016	1.0	1.0	1.0
skygarden_slnstorylevel01	Scene_Main	17	5.618	19.488	37.234	0.0	0.7071	0.0	0.7071	2.0717	6.2378	0.9016	1.0	1.0	1.0
skygarden_slnstorylevel01	Scene_Main	18	27.8701	7.2445	18.0493	0.0	-0.9999	0.0	0.0042	0.6608	1.1738	0.7219	1.0	1.0	1.0
skygarden_slnstorylevel01	Scene_Main	19	27.8824	7.2445	21.5295	0.0	-0.2483	0.0	-0.9686	0.6608	1.1738	0.7219	1.0	1.0	1.0
skygarden_slnstorylevel01	Scene_Main	20	41.351	7.6867	13.5839	0.0	-0.4984	0.0	0.8669	0.171	0.0895	0.171	1.0	1.0	1.0
skygarden_slnstorylevel01	Scene_Main	21	36.943	7.6867	13.6199	0.0	-0.4984	0.0	0.8669	0.171	0.0895	0.171	1.0	1.0	1.0
skygarden_slnstorylevel01	Scene_Main	22	39.929	7.6867	14.9499	0.0	-0.9532	0.0	0.3022	0.171	0.0895	0.171	1.0	1.0	1.0
skygarden_slnstorylevel01	Scene_Main	23	40.0376	7.0409	15.5709	0.0	0.8798	0.0	0.4752	1.2329	0.877	1.1394	1.0	1.0	1.0
skygarden_slnstorylevel01	Scene_Main	24	35.1427	7.3515	14.1799	0.0	-0.0098	0.0	0.9999	0.847	1.2997	0.7155	1.0	1.0	1.0
skygarden_slnstorylevel01	Scene_Main	25	40.6689	7.9375	14.1999	0.0	0.0	0.0	1.0	0.0908	0.6208	0.0908	1.0	1.0	1.0
skygarden_slnstorylevel01	Scene_Main	26	40.6689	7.9375	14.0552	0.0	0.0	0.0	1.0	0.0908	0.3104	0.0908	1.0	1.0	1.0
skygarden_slnstorylevel01	Scene_Main	27	40.6689	7.9375	14.3433	0.0	0.0	0.0	1.0	0.0908	0.3104	0.0908	1.0	1.0	1.0
skygarden_slnstorylevel01	Scene_Main	28	40.5249	7.9375	14.1993	0.0	0.7071	0.0	0.7071	0.0908	0.3104	0.0908	1.0	1.0	1.0
skygarden_slnstorylevel01	Scene_Main	29	40.813	7.9375	14.1993	0.0	0.7071	0.0	0.7071	0.0908	0.3104	0.0908	1.0	1.0	1.0
skygarden_slnstorylevel01	Scene_Main	30	38.8899	7.189	14.1999	0.0	-0.7071	0.0	0.7071	2.3514	0.933	6.4925	1.0	1.0	1.0
skygarden_slnstorylevel01	Scene_Main	31	37.15	7.9375	14.3479	0.0	0.0	0.0	1.0	0.0908	0.6208	0.0908	1.0	1.0	1.0
skygarden_slnstorylevel01	Scene_Main	32	37.15	7.9375	14.2032	0.0	0.0	0.0	1.0	0.0908	0.3104	0.0908	1.0	1.0	1.0
skygarden_slnstorylevel01	Scene_Main	33	37.15	7.9375	14.4913	0.0	0.0	0.0	1.0	0.0908	0.3104	0.0908	1.0	1.0	1.0
skygarden_slnstorylevel01	Scene_Main	34	37.0059	7.9375	14.3473	0.0	0.7071	0.0	0.7071	0.0908	0.3104	0.0908	1.0	1.0	1.0
skygarden_slnstorylevel01	Scene_Main	35	37.294	7.9375	14.3473	0.0	0.7071	0.0	0.7071	0.0908	0.3104	0.0908	1.0	1.0	1.0
skygarden_slnstorylevel01	Scene_Main	36	36.3131	7.3515	15.6656	0.0	0.4648	0.0	0.8854	0.847	1.2997	0.7155	1.0	1.0	1.0
skygarden_slnstorylevel01	Scene_Main	37	41.6513	7.3644	15.4559	0.0	0.8414	0.0	0.5403	0.847	1.2997	0.7155	1.0	1.0	1.0
skygarden_slnstorylevel01	Scene_Main	38	37.3426	7.0618	16.4405	0.2927	0.3483	0.5795	0.676	0.847	1.2997	0.7155	1.0	1.0	1.0
skygarden_slnstorylevel01	Scene_Main	39	38.942	7.9375	14.1999	0.0	0.0	0.0	1.0	0.0908	0.6208	0.0908	1.0	1.0	1.0
skygarden_slnstorylevel01	Scene_Main	40	38.942	7.9375	14.0552	0.0	0.0	0.0	1.0	0.0908	0.3104	0.0908	1.0	1.0	1.0
skygarden_slnstorylevel01	Scene_Main	41	38.942	7.9375	14.3433	0.0	0.0	0.0	1.0	0.0908	0.3104	0.0908	1.0	1.0	1.0
skygarden_slnstorylevel01	Scene_Main	42	38.7979	7.9375	14.1993	0.0	0.7071	0.0	0.7071	0.0908	0.3104	0.0908	1.0	1.0	1.0
skygarden_slnstorylevel01	Scene_Main	43	39.086	7.9375	14.1993	0.0	0.7071	0.0	0.7071	0.0908	0.3104	0.0908	1.0	1.0	1.0
skygarden_slnstorylevel01	Scene_Main	44	42.7401	7.3515	14.0025	0.0	-0.9975	0.0	0.0697	0.847	1.2997	0.7155	1.0	1.0	1.0
skygarden_slnstorylevel01	Scene_Main	45	42.1044	7.3654	12.2509	0.0	-0.941	0.0	0.3381	0.847	1.2997	0.7155	1.0	1.0	1.0
skygarden_slnstorylevel01	Scene_Main	46	40.5198	7.3515	11.9199	0.0	-0.7996	0.0	0.6004	0.847	1.2997	0.7155	1.0	1.0	1.0
skygarden_slnstorylevel01	Scene_Main	47	38.9529	7.3515	12.5687	0.0	-0.7071	0.0	0.7071	0.847	1.2997	0.7155	1.0	1.0	1.0
skygarden_slnstorylevel01	Scene_Main	48	37.0774	7.3515	12.0432	0.0	-0.5023	0.0	0.8646	0.847	1.2997	0.7155	1.0	1.0	1.0
skygarden_slnstorylevel01	Scene_Main	49	35.1708	7.0107	11.9731	0.6219	-0.2853	0.3164	0.6569	0.847	1.2997	0.7155	1.0	1.0	1.0
skygarden_slnstorylevel01	Scene_Main	50	35.2261	7.4581	9.3366	0.0	-0.9999	0.0	0.0042	0.826	1.4672	0.9024	1.0	1.0	1.0
skygarden_slnstorylevel01	Scene_Main	51	42.314	7.4581	9.3484	0.0	-0.6214	0.0	-0.7834	0.826	1.4672	0.9024	1.0	1.0	1.0
skygarden_slnstorylevel01	Scene_Main	52	54.055	7.4581	17.6084	0.0	-0.6214	0.0	-0.7834	0.826	1.4672	0.9024	1.0	1.0	1.0
skygarden_slnstorylevel01	Scene_Main	53	54.0282	7.4581	21.0797	0.0	-0.926	0.0	0.3775	0.826	1.4672	0.9024	1.0	1.0	1.0
skygarden_slnstorylevel01	Scene_Main	54	50.8018	7.2612	15.0128	0.0	0.0	0.0	1.0	3.1193	1.2457	1.1233	1.0	1.0	1.0
skygarden_slnstorylevel01	Scene_Main	55	53.4721	7.825	14.7886	0.0	-0.9994	0.0	0.032	1.295	2.2327	0.7754	1.0	1.0	1.0
skygarden_slnstorylevel01	Scene_Main	56	44.2831	7.0394	30.4197	0.0	0.0	0.0	1.0	0.5052	0.7683	0.5327	1.0	1.0	1.0
skygarden_slnstorylevel01	Scene_Main	57	40.8101	7.0394	31.2217	0.0	0.0	0.0	1.0	0.5052	0.7683	0.5327	1.0	1.0	1.0
skygarden_slnstorylevel01	Scene_Main	58	44.4396	7.0394	29.8593	0.0	0.4739	0.0	0.8805	0.5052	0.7683	0.5327	1.0	1.0	1.0
skygarden_slnstorylevel01	Scene_Main	59	35.3405	10.5157	31.3419	0.0	0.9187	-0.3948	0.0	0.4788	1.4935	0.4643	1.0	1.0	1.0
skygarden_slnstorylevel01	Scene_Main	60	44.1367	11.2193	30.0693	0.0	-0.7071	0.0	0.7071	0.48	3.9314	0.48	1.0	1.0	1.0
skygarden_slnstorylevel01	Scene_Main	61	44.1367	9.5068	31.0001	0.4999	-0.5	-0.4999	0.5	0.48	1.4346	0.48	1.0	1.0	1.0
skygarden_slnstorylevel01	Scene_Main	62	48.3903	7.1524	15.0991	0.0	-0.7118	0.0	0.7023	1.3736	1.0186	1.2834	1.0	1.0	1.0
skygarden_slnstorylevel01	Scene_Main	63	44.6047	10.8414	29.8198	0.0	-0.7071	0.0	0.7071	0.5799	4.7493	0.5799	1.0	1.0	1.0
skygarden_slnstorylevel01	Scene_Main	64	44.6048	8.7727	30.9442	0.4999	-0.5	-0.4999	0.5	0.5799	1.733	0.5799	1.0	1.0	1.0
skygarden_slnstorylevel01	Scene_Main	65	52.0844	7.3198	24.0597	0.0	-0.7071	0.0	0.7071	1.0981	1.238	6.4309	1.0	1.0	1.0
skygarden_slnstorylevel01	Scene_Main	66	48.6717	7.3198	24.2837	-0.013	-0.4833	-0.0113	0.8752	1.2289	1.238	1.127	1.0	1.0	1.0
skygarden_slnstorylevel01	Scene_Main	67	48.0047	7.3198	24.8847	-0.0151	-0.2914	-0.0083	0.9564	1.2289	1.238	1.127	1.0	1.0	1.0
skygarden_slnstorylevel01	Scene_Main	68	47.7187	7.3198	25.8742	-0.0168	-0.009	-0.0037	0.9998	1.2289	1.238	1.627	1.0	1.0	1.0
skygarden_slnstorylevel01	Scene_Main	69	48.7229	7.9507	24.297	0.0	-0.4984	0.0	0.8669	0.171	0.0895	0.171	1.0	1.0	1.0
skygarden_slnstorylevel01	Scene_Main	70	31.5921	8.2479	17.243	0.0	-0.7071	0.0	-0.7071	2.2349	3.0591	0.7833	1.0	1.0	1.0
skygarden_slnstorylevel01	Scene_Main	71	34.74	10.1143	30.92	0.0	0.7071	0.0	0.7071	0.6152	5.7743	0.6272	1.0	1.0	1.0
skygarden_slnstorylevel01	Scene_Main	72	42.4963	10.5776	8.8899	0.3948	0.0	0.0	0.9187	0.4788	1.4935	0.4643	1.0	1.0	1.0
skygarden_slnstorylevel01	Scene_Main	73	49.2347	7.0214	16.2441	0.0	0.6867	0.0	0.7269	0.5052	0.7683	0.5327	1.0	1.0	1.0
skygarden_slnstorylevel01	Scene_Main	74	45.5236	10.5776	27.797	0.0	0.9187	-0.3948	0.0	0.4788	1.4935	0.4643	1.0	1.0	1.0
skygarden_slnstorylevel01	Scene_Main	75	35.0113	10.5776	8.8899	0.3948	0.0	0.0	0.9187	0.4788	1.4935	0.4643	1.0	1.0	1.0
skygarden_slnstorylevel01	Scene_Main	76	46.9014	10.5776	15.043	0.3948	0.0	0.0	0.9187	0.4788	1.4935	0.4643	1.0	1.0	1.0
skygarden_slnstorylevel01	Scene_Main	77	39.4895	7.3515	9.0418	0.0	-0.7627	0.0	0.6467	0.847	1.2997	0.7155	1.0	1.0	1.0
skygarden_slnstorylevel01	Scene_Main	78	40.8416	7.0409	8.9409	0.0	0.8798	0.0	0.4752	1.2329	0.877	1.1394	1.0	1.0	1.0
skygarden_slnstorylevel01	Scene_Main	79	52.612	7.0214	16.2428	0.0	0.0066	0.0	0.9999	0.5052	0.7683	0.5327	1.0	1.0	1.0
skygarden_slnstorylevel01	Scene_Main	80	54.144	10.5776	16.1494	0.2791	-0.6496	0.2791	0.6496	0.4788	1.4935	0.4643	1.0	1.0	1.0
skygarden_slnstorylevel01	Scene_Main	81	53.1633	7.0214	15.7061	0.0	-0.7377	0.0	0.675	0.5052	0.7683	0.5327	1.0	1.0	1.0
skygarden_slnstorylevel01	Scene_Main	82	54.144	10.5776	22.5454	0.2791	-0.6496	0.2791	0.6496	0.4788	1.4935	0.4643	1.0	1.0	1.0
skygarden_slnstorylevel01	Scene_Main	83	31.818	10.5157	14.9505	0.2791	0.6496	-0.2791	0.6496	0.4788	1.4935	0.4643	1.0	1.0	1.0
skygarden_slnstorylevel01	Scene_Main	84	31.849	10.5157	23.5135	0.2791	0.6496	-0.2791	0.6496	0.4788	1.4935	0.4643	1.0	1.0	1.0
skygarden_slnstorylevel01	Scene_Main	85	31.5921	8.2669	21.51	0.0	-0.7071	0.0	-0.7071	2.2349	3.0591	0.7833	1.0	1.0	1.0
skygarden_slnstorylevel01	Scene_Main	86	48.7286	7.254	23.0985	0.0	0.1008	0.0	0.9949	0.482	1.0675	0.4481	1.0	1.0	1.0
skygarden_slnstorylevel01	Scene_Main	87	50.8935	7.254	23.0433	0.0	0.0	0.0	1.0	0.482	1.0675	0.4481	1.0	1.0	1.0
skygarden_slnstorylevel01	Scene_Main	88	47.7151	7.254	23.5801	0.0	0.353	0.0	0.9355	0.482	1.0675	0.4481	1.0	1.0	1.0
skygarden_slnstorylevel01	Scene_Main	89	46.7238	7.254	25.3127	0.0	0.6287	0.0	0.7776	0.482	1.0675	0.4481	1.0	1.0	1.0
skygarden_slnstorylevel01	Scene_Main	90	52.9495	7.254	23.0813	0.0	0.0	0.0	1.0	0.482	1.0675	0.4481	1.0	1.0	1.0
skygarden_slnstorylevel01	Scene_Main	91	55.935	10.5776	20.7686	-0.2791	-0.6496	0.2791	-0.6496	0.4788	1.4935	0.4643	1.0	1.0	1.0
skygarden_slnstorylevel01	Scene_Main	92	55.9349	10.5776	17.9025	-0.2791	-0.6496	0.2791	-0.6496	0.4788	1.4935	0.4643	1.0	1.0	1.0
skygarden_slnstorylevel01	Scene_Main	93	37.094	15.4899	33.3278	0.0	-1.0	0.0	0.0	1.8624	3.0591	0.7114	1.0	1.0	1.0
skygarden_slnstorylevel01	Scene_Main	94	38.8699	15.4899	33.3278	0.0	-1.0	0.0	0.0	1.8624	3.0591	0.7114	1.0	1.0	1.0
skygarden_slnstorylevel01	Scene_Main	95	31.818	17.9216	14.9505	0.2791	0.6496	-0.2791	0.6496	0.4788	1.4935	0.4643	1.0	1.0	1.0
skygarden_slnstorylevel01	Scene_Main	96	34.74	17.0795	30.92	0.0	0.7071	0.0	0.7071	0.6152	6.4056	0.6272	1.0	1.0	1.0
skygarden_slnstorylevel01	Scene_Main	97	37.3449	14.5033	30.8393	0.0	0.0	0.0	1.0	4.6302	1.1611	0.1864	1.0	1.0	1.0
skygarden_slnstorylevel01	Scene_Main	98	31.818	17.9216	23.5375	0.2791	0.6496	-0.2791	0.6496	0.4788	1.4935	0.4643	1.0	1.0	1.0
skygarden_slnstorylevel01	Scene_Main	99	52.3071	14.6822	27.7322	0.0	-0.094	0.0	-0.9955	0.826	1.4672	0.9024	1.0	1.0	1.0
skygarden_slnstorylevel01	Scene_Main	100	37.3425	14.3709	9.834	0.0	0.8594	0.0	-0.5111	0.7486	0.707	0.7103	1.0	1.0	1.0
skygarden_slnstorylevel01	Scene_Main	101	54.212	14.5739	24.547	0.0	-0.7071	0.0	0.7071	2.3938	1.1721	1.1194	1.0	1.0	1.0
skygarden_slnstorylevel01	Scene_Main	102	53.4959	14.3575	24.6499	0.0	-0.0437	0.0	0.999	0.6707	0.7283	0.6707	1.0	1.0	1.0
skygarden_slnstorylevel01	Scene_Main	103	45.5172	14.6822	27.5503	0.0	0.5223	0.0	-0.8527	0.826	1.4672	0.9024	1.0	1.0	1.0
skygarden_slnstorylevel01	Scene_Main	104	33.9272	14.4243	16.2486	0.0	0.7071	0.0	0.7071	1.4235	0.891	1.7905	1.0	1.0	1.0
skygarden_slnstorylevel01	Scene_Main	105	42.8801	14.6822	8.9702	0.0	-0.094	0.0	-0.9955	0.826	1.4672	0.9024	1.0	1.0	1.0
skygarden_slnstorylevel01	Scene_Main	106	42.9717	16.2193	8.8497	0.0	0.4881	0.0	0.8727	0.9918	3.751	1.0935	1.0	1.0	1.0
skygarden_slnstorylevel01	Scene_Main	107	32.1466	14.411	18.1301	0.0	1.0	0.0	0.0	1.4227	0.9623	2.5556	1.0	1.0	1.0
skygarden_slnstorylevel01	Scene_Main	108	41.4075	14.3709	9.3043	0.0	0.8594	0.0	-0.5111	0.7486	0.707	0.7103	1.0	1.0	1.0
skygarden_slnstorylevel01	Scene_Main	109	41.2232	14.3709	8.6816	0.0	0.9987	0.0	-0.049	0.7486	0.707	0.7103	1.0	1.0	1.0
skygarden_slnstorylevel01	Scene_Main	110	34.9998	14.7281	8.9679	0.0	0.5389	0.0	-0.8423	0.826	1.4672	0.9024	1.0	1.0	1.0
skygarden_slnstorylevel01	Scene_Main	111	35.0898	16.2653	9.0273	0.0	-0.1528	0.0	0.9882	0.9918	3.751	1.0935	1.0	1.0	1.0
skygarden_slnstorylevel01	Scene_Main	112	34.013	14.3627	19.3693	0.0	0.7071	0.0	0.7071	2.8432	0.8274	1.2949	1.0	1.0	1.0
skygarden_slnstorylevel01	Scene_Main	113	46.9043	17.0827	15.027	0.3948	0.0	0.0	0.9187	0.4788	1.4935	0.4643	1.0	1.0	1.0
skygarden_slnstorylevel01	Scene_Main	114	32.1479	14.427	20.6201	0.0	1.0	0.0	0.0	1.4227	0.9623	2.5556	1.0	1.0	1.0
skygarden_slnstorylevel01	Scene_Main	115	54.15	17.0827	16.1604	0.2791	-0.6496	0.2791	0.6496	0.4788	1.4935	0.4643	1.0	1.0	1.0
skygarden_slnstorylevel01	Scene_Main	116	32.1543	14.7281	14.0301	0.0	-0.0231	0.0	-0.9997	0.826	1.4672	0.9024	1.0	1.0	1.0
skygarden_slnstorylevel01	Scene_Main	117	31.833	19.2831	21.773	0.0	0.7071	0.0	-0.7071	2.0949	5.991	0.877	1.0	1.0	1.0
skygarden_slnstorylevel01	Scene_Main	118	31.789	19.2139	16.8699	0.0	-0.7071	0.0	-0.7071	2.0717	6.2378	0.9016	1.0	1.0	1.0
skygarden_slnstorylevel01	Scene_Main	119	54.15	17.0827	22.5454	0.2791	-0.6496	0.2791	0.6496	0.4788	1.4935	0.4643	1.0	1.0	1.0
skygarden_slnstorylevel01	Scene_Main	120	45.5365	17.0827	27.8029	0.0	-0.9187	0.3948	0.0	0.4788	1.4935	0.4643	1.0	1.0	1.0
skygarden_slnstorylevel01	Scene_Main	121	44.4913	14.3703	12.4168	0.0	0.2588	0.0	0.9659	1.4235	0.891	1.7905	1.0	1.0	1.0
skygarden_slnstorylevel01	Scene_Main	122	42.9559	14.4153	13.3763	0.0	0.2588	0.0	0.9659	1.2485	0.9788	1.2344	1.0	1.0	1.0
skygarden_slnstorylevel01	Scene_Main	123	52.1873	14.4397	15.5438	0.0	0.1067	0.0	0.9942	1.2991	1.0564	1.3698	1.0	1.0	1.0
skygarden_slnstorylevel01	Scene_Main	124	46.6281	14.2075	15.5794	-0.4262	0.681	0.5889	-0.0875	0.7486	0.707	0.7103	1.0	1.0	1.0
skygarden_slnstorylevel01	Scene_Main	125	50.7787	14.3064	15.3951	0.0	0.6867	0.0	0.7269	0.5052	0.7683	0.5327	1.0	1.0	1.0
skygarden_slnstorylevel01	Scene_Main	126	53.1456	14.3064	16.1928	0.0	-0.0895	0.0	0.9959	0.5052	0.7683	0.5327	1.0	1.0	1.0
skygarden_slnstorylevel01	Scene_Main	127	48.2234	14.4464	27.7006	0.0	0.1067	0.0	0.9942	1.3736	1.0186	1.2834	1.0	1.0	1.0
skygarden_slnstorylevel01	Scene_Main	128	45.4958	14.7281	13.8796	0.0	-0.8242	0.0	0.5662	0.826	1.4672	0.9024	1.0	1.0	1.0
skygarden_slnstorylevel01	Scene_Main	129	46.8497	14.3064	27.7941	0.0	0.6867	0.0	0.7269	0.5052	0.7683	0.5327	1.0	1.0	1.0
skygarden_slnstorylevel01	Scene_Main	130	49.4302	14.3064	27.5826	0.0	-0.0895	0.0	0.9959	0.5052	0.7683	0.5327	1.0	1.0	1.0
skygarden_slnstorylevel01	Scene_Main	131	48.6092	14.1028	15.2712	0.0	0.0	0.0	1.0	1.4642	0.2193	1.3967	1.0	1.0	1.0
skygarden_slnstorylevel01	Scene_Main	132	48.6772	15.2913	15.2133	0.0	0.0	0.0	1.0	0.9564	2.2564	0.8823	1.0	1.0	1.0
skygarden_slnstorylevel01	Scene_Main	133	48.4739	14.3064	26.481	0.0	-0.8737	0.0	0.4864	0.5052	0.7683	0.5327	1.0	1.0	1.0
skygarden_slnstorylevel01	Scene_Main	134	42.1362	14.3703	11.8989	0.0	0.866	0.0	0.5	1.4235	0.891	1.7905	1.0	1.0	1.0
skygarden_slnstorylevel01	Scene_Main	135	43.1325	17.0827	33.5009	0.0	-0.9187	0.3948	0.0	0.4788	1.4935	0.4643	1.0	1.0	1.0
skygarden_slnstorylevel01	Scene_Main	136	39.9995	17.0827	33.5009	0.0	-0.9187	0.3948	0.0	0.4788	1.4935	0.4643	1.0	1.0	1.0
skygarden_slnstorylevel01	Scene_Main	137	32.041	17.0795	30.92	0.0	0.7071	0.0	0.7071	0.6152	6.4056	0.6272	1.0	1.0	1.0
skygarden_slnstorylevel01	Scene_Main	138	54.7799	10.3929	51.81	0.0	-0.7071	0.0	0.7071	0.5232	6.3723	0.6143	1.0	1.0	1.0
skygarden_slnstorylevel01	Scene_Main	139	44.8979	10.3929	60.0419	0.0	0.7071	0.0	-0.7071	0.6277	6.3723	0.6143	1.0	1.0	1.0
skygarden_slnstorylevel01	Scene_Main	140	54.7799	10.3929	57.0979	0.0	0.7071	0.0	0.7071	0.415	6.3723	0.6143	1.0	1.0	1.0
skygarden_slnstorylevel01	Scene_Main	141	44.8499	10.3929	35.1589	0.0	0.7071	0.0	0.7071	0.6819	6.3723	0.6143	1.0	1.0	1.0
skygarden_slnstorylevel01	Scene_Main	142	34.6399	10.3929	35.3079	0.0	-0.7071	0.0	-0.7071	0.38	6.3723	0.6143	1.0	1.0	1.0
skygarden_slnstorylevel01	Scene_Main	143	38.0099	10.3929	35.161	0.0	0.7071	0.0	0.7071	0.6838	6.3723	0.6143	1.0	1.0	1.0
skygarden_slnstorylevel01	Scene_Main	144	54.7799	10.3929	60.215	0.0	0.7071	0.0	-0.7071	0.4443	6.3723	0.6143	1.0	1.0	1.0
skygarden_slnstorylevel01	Scene_Main	145	54.7799	10.3929	37.873	0.0	0.7071	0.0	-0.7071	0.4242	6.3723	0.6143	1.0	1.0	1.0
skygarden_slnstorylevel01	Scene_Main	146	38.11	10.3929	60.0467	0.0	0.7071	0.0	-0.7071	0.6225	6.3723	0.6143	1.0	1.0	1.0
skygarden_slnstorylevel01	Scene_Main	147	34.6399	10.3929	59.4817	0.0	0.7071	0.0	-0.7071	0.5706	6.3723	0.667	1.0	1.0	1.0
skygarden_slnstorylevel01	Scene_Main	148	34.6399	10.3929	38.08	0.0	0.7071	0.0	-0.7071	0.3735	6.3723	0.6143	1.0	1.0	1.0
skygarden_slnstorylevel01	Scene_Main	149	54.7799	10.3929	34.9	0.0	-0.7071	0.0	-0.7071	0.4307	6.3723	0.6143	1.0	1.0	1.0
skygarden_slnstorylevel01	Scene_Main	150	54.7799	10.3929	43.68	0.0	-0.7071	0.0	-0.7071	0.5232	6.3723	0.6143	1.0	1.0	1.0
skygarden_slnstorylevel01	Scene_Main	151	44.8979	17.0708	60.0419	0.0	0.7071	0.0	-0.7071	0.6277	6.208	0.6143	1.0	1.0	1.0
skygarden_slnstorylevel01	Scene_Main	152	50.1082	14.7032	32.0016	0.0	0.8804	0.0	-0.474	0.826	1.4672	0.9024	1.0	1.0	1.0
skygarden_slnstorylevel01	Scene_Main	153	51.9138	14.5033	38.2492	0.0	0.0	0.0	1.0	4.8873	1.1611	0.1864	1.0	1.0	1.0
skygarden_slnstorylevel01	Scene_Main	154	51.8638	14.5033	56.9793	0.0	0.0	0.0	1.0	4.8873	1.1611	0.1864	1.0	1.0	1.0
skygarden_slnstorylevel01	Scene_Main	155	54.4593	14.5033	54.7421	0.0	0.7071	0.0	0.7071	4.8873	1.1611	0.1864	1.0	1.0	1.0
skygarden_slnstorylevel01	Scene_Main	156	54.4593	14.5033	50.0441	0.0	0.7071	0.0	0.7071	4.8873	1.1611	0.1864	1.0	1.0	1.0
skygarden_slnstorylevel01	Scene_Main	157	54.4593	14.5033	45.2031	0.0	0.7071	0.0	0.7071	4.8873	1.1611	0.1864	1.0	1.0	1.0
skygarden_slnstorylevel01	Scene_Main	158	54.4593	14.5033	40.5051	0.0	0.7071	0.0	0.7071	4.8873	1.1611	0.1864	1.0	1.0	1.0
skygarden_slnstorylevel01	Scene_Main	159	38.0099	17.0308	34.95	0.0	0.7071	0.0	0.7071	0.5039	6.208	0.5917	1.0	1.0	1.0
skygarden_slnstorylevel01	Scene_Main	160	44.9099	17.0308	34.95	0.0	0.7071	0.0	0.7071	0.5039	6.208	0.5917	1.0	1.0	1.0
skygarden_slnstorylevel01	Scene_Main	161	41.4492	14.0967	38.6202	0.0	0.0	0.0	1.0	1.4642	0.2193	1.3967	1.0	1.0	1.0
skygarden_slnstorylevel01	Scene_Main	162	41.5172	15.2854	38.5624	0.0	0.0	0.0	1.0	0.9564	2.2564	0.8823	1.0	1.0	1.0
skygarden_slnstorylevel01	Scene_Main	163	41.5906	14.0967	56.5527	0.0	-1.0	0.0	0.0	1.4642	0.2193	1.3967	1.0	1.0	1.0
skygarden_slnstorylevel01	Scene_Main	164	41.5227	15.2854	56.6105	0.0	-1.0	0.0	0.0	0.9564	2.2564	0.8823	1.0	1.0	1.0
skygarden_slnstorylevel01	Scene_Main	165	43.7069	15.8108	60.3989	0.0	0.0	1.0	0.0	2.0949	5.991	0.877	1.0	1.0	1.0
skygarden_slnstorylevel01	Scene_Main	166	38.11	17.0708	60.0467	0.0	0.7071	0.0	-0.7071	0.6225	6.208	0.6143	1.0	1.0	1.0
skygarden_slnstorylevel01	Scene_Main	167	24.655	13.0157	40.2165	0.2791	0.6496	-0.2791	0.6496	0.4788	1.4935	0.4643	1.0	1.0	1.0
skygarden_slnstorylevel01	Scene_Main	168	25.5824	9.4834	49.4746	-0.6998	0.3251	0.224	0.5951	0.5081	1.3524	0.1888	1.0	1.0	1.0
skygarden_slnstorylevel01	Scene_Main	169	27.9625	9.6375	46.5632	-0.1325	0.4718	0.7362	0.4666	0.2765	0.7371	0.1786	1.0	1.0	1.0
skygarden_slnstorylevel01	Scene_Main	170	28.2148	9.6738	46.4195	0.6424	0.6877	-0.0427	0.3353	0.2865	0.782	0.2676	1.0	1.0	1.0
skygarden_slnstorylevel01	Scene_Main	171	26.5834	9.5871	49.6382	0.0569	-0.7527	-0.6546	0.0395	0.6922	1.2025	0.2458	1.0	1.0	1.0
skygarden_slnstorylevel01	Scene_Main	172	27.091	9.8042	47.0502	-0.606	-0.1745	-0.355	0.69	0.3095	0.5537	0.1493	1.0	1.0	1.0
skygarden_slnstorylevel01	Scene_Main	173	25.8591	9.5356	45.7517	0.5567	-0.2717	0.4406	0.6495	0.7757	2.5659	0.2792	1.0	1.0	1.0
skygarden_slnstorylevel01	Scene_Main	174	49.9593	7.6173	35.5396	0.0	0.1305	0.0	0.9914	0.5052	0.7683	0.5327	1.0	1.0	1.0
skygarden_slnstorylevel01	Scene_Main	175	36.8454	7.5844	36.364	0.0	0.3258	0.0	-0.9454	0.5052	0.7683	0.5327	1.0	1.0	1.0
skygarden_slnstorylevel01	Scene_Main	176	50.2507	7.5844	60.3264	0.0	0.651	0.0	-0.759	0.5052	0.7683	0.5327	1.0	1.0	1.0
skygarden_slnstorylevel01	Scene_Main	177	35.1781	7.7566	36.0653	0.0	0.7543	0.0	-0.6564	1.2991	1.0564	1.3698	1.0	1.0	1.0
skygarden_slnstorylevel01	Scene_Main	178	48.8805	7.7566	35.9023	0.0	-0.3819	0.0	0.9241	1.2991	1.0564	1.3698	1.0	1.0	1.0
skygarden_slnstorylevel01	Scene_Main	179	54.4719	7.5627	34.2323	0.0	0.9961	0.0	0.0875	0.548	0.7233	0.5778	1.0	1.0	1.0
skygarden_slnstorylevel01	Scene_Main	180	56.5177	7.5844	56.8547	0.0	0.9323	0.0	-0.3616	0.5052	0.7683	0.5327	1.0	1.0	1.0
skygarden_slnstorylevel01	Scene_Main	181	36.5925	7.7566	35.3715	0.0	0.4993	0.0	-0.8664	1.2991	1.0564	1.3698	1.0	1.0	1.0
skygarden_slnstorylevel01	Scene_Main	182	37.5582	7.5844	35.5858	0.0	0.0	0.0	-1.0	0.5052	0.7683	0.5327	1.0	1.0	1.0
skygarden_slnstorylevel01	Scene_Main	183	57.5384	7.7566	56.7703	0.0	0.9839	0.0	-0.1781	1.2991	1.0564	1.3698	1.0	1.0	1.0
skygarden_slnstorylevel01	Scene_Main	184	33.0728	7.6173	35.1641	0.0	1.0	0.0	0.0	0.5052	0.7683	0.5327	1.0	1.0	1.0
skygarden_slnstorylevel01	Scene_Main	185	40.4575	7.6338	36.5713	0.0	0.8594	0.0	-0.5111	0.7486	0.707	0.7103	1.0	1.0	1.0
skygarden_slnstorylevel01	Scene_Main	186	57.1667	7.5844	57.6869	0.0	0.7636	0.0	-0.6456	0.5052	0.7683	0.5327	1.0	1.0	1.0
skygarden_slnstorylevel01	Scene_Main	187	40.0425	7.6338	36.1153	0.0	0.8594	0.0	-0.5111	0.7486	0.707	0.7103	1.0	1.0	1.0
skygarden_slnstorylevel01	Scene_Main	188	36.1609	7.5879	36.3899	0.0	0.0	0.0	-1.0	0.7486	0.707	0.7103	1.0	1.0	1.0
skygarden_slnstorylevel01	Scene_Main	189	57.3837	7.5844	52.2864	0.0	0.651	0.0	-0.759	0.5052	0.7683	0.5327	1.0	1.0	1.0
skygarden_slnstorylevel01	Scene_Main	190	52.5934	7.7987	60.015	0.0	0.9953	0.0	-0.0967	3.1193	1.2457	1.1233	1.0	1.0	1.0
skygarden_slnstorylevel01	Scene_Main	191	25.4682	9.7572	48.3497	-0.649	0.4445	0.266	0.5569	0.3095	0.5537	0.1493	1.0	1.0	1.0
skygarden_slnstorylevel01	Scene_Main	192	24.655	12.7596	41.4126	0.2791	0.6496	-0.2791	0.6496	0.4788	1.4935	0.4643	1.0	1.0	1.0
skygarden_slnstorylevel01	Scene_Main	193	24.655	12.1396	42.5215	0.2791	0.6496	-0.2791	0.6496	0.4788	1.4935	0.4643	1.0	1.0	1.0
skygarden_slnstorylevel01	Scene_Main	194	54.4345	14.7032	32.0211	0.0	0.9353	0.0	-0.3538	0.826	1.4672	0.9024	1.0	1.0	1.0
skygarden_slnstorylevel01	Scene_Main	195	29.4467	12.8182	35.5847	0.0	0.8238	0.0	0.5667	0.826	1.4672	0.9024	1.0	1.0	1.0
skygarden_slnstorylevel01	Scene_Main	196	25.3766	12.8182	38.1224	0.0	0.3706	0.0	0.9287	0.826	1.4672	0.9024	1.0	1.0	1.0
skygarden_slnstorylevel01	Scene_Main	197	25.4624	12.8182	57.2277	0.0	0.5694	0.0	0.822	0.826	1.4672	0.9024	1.0	1.0	1.0
skygarden_slnstorylevel01	Scene_Main	198	24.655	12.1396	52.8055	0.2791	0.6496	-0.2791	0.6496	0.4788	1.4935	0.4643	1.0	1.0	1.0
skygarden_slnstorylevel01	Scene_Main	199	24.655	13.0157	55.1566	0.2791	0.6496	-0.2791	0.6496	0.4788	1.4935	0.4643	1.0	1.0	1.0
skygarden_slnstorylevel01	Scene_Main	200	24.655	12.6986	53.9056	0.2791	0.6496	-0.2791	0.6496	0.4788	1.4935	0.4643	1.0	1.0	1.0
skygarden_slnstorylevel01	Scene_Main	201	24.655	10.9576	49.3846	0.2791	0.6496	-0.2791	0.6496	0.4788	1.4935	0.4643	1.0	1.0	1.0
skygarden_slnstorylevel01	Scene_Main	202	24.655	10.9576	46.0316	0.2791	0.6496	-0.2791	0.6496	0.4788	1.4935	0.4643	1.0	1.0	1.0
skygarden_slnstorylevel01	Scene_Main	203	24.655	10.9576	44.1375	0.2791	0.6496	-0.2791	0.6496	0.4788	1.4935	0.4643	1.0	1.0	1.0
skygarden_slnstorylevel01	Scene_Main	204	24.655	10.9576	51.2775	0.2791	0.6496	-0.2791	0.6496	0.4788	1.4935	0.4643	1.0	1.0	1.0
skygarden_slnstorylevel01	Scene_Main	205	29.1226	12.8182	59.841	0.0	0.0331	0.0	0.9994	0.826	1.4672	0.9024	1.0	1.0	1.0
skygarden_slnstorylevel01	Scene_Main	206	31.5319	10.2572	45.7741	0.0	0.926	0.0	0.3774	0.826	1.4672	0.9024	1.0	1.0	1.0
skygarden_slnstorylevel01	Scene_Main	207	31.702	10.2572	49.9297	0.0	0.525	0.0	0.851	0.826	1.4672	0.9024	1.0	1.0	1.0
skygarden_slnstorylevel01	Scene_Main	208	57.3142	7.7987	54.2419	0.0	0.7071	0.0	-0.7071	3.1193	1.2457	1.1233	1.0	1.0	1.0
skygarden_slnstorylevel01	Scene_Main	209	34.1568	7.9381	44.1714	0.0	0.0796	0.0	0.9968	0.826	1.4672	0.9024	1.0	1.0	1.0
skygarden_slnstorylevel01	Scene_Main	210	34.1813	8.9944	44.1529	0.0	-0.0947	0.0	-0.9954	0.7016	2.6534	0.7735	1.0	1.0	1.0
skygarden_slnstorylevel01	Scene_Main	211	34.1358	7.9381	51.5396	0.0	-0.8429	0.0	0.5379	0.826	1.4672	0.9024	1.0	1.0	1.0
skygarden_slnstorylevel01	Scene_Main	212	34.1739	8.9944	51.5697	0.0	0.5538	0.0	-0.8326	0.7016	2.6534	0.7735	1.0	1.0	1.0
skygarden_slnstorylevel01	Scene_Main	213	32.1153	16.4291	35.0168	0.0	1.0	0.0	0.0	1.6905	4.8344	0.7077	1.0	1.0	1.0
skygarden_slnstorylevel01	Scene_Main	214	43.707	10.9932	35.069	0.0	-1.0	0.0	0.0	2.0949	5.991	0.877	1.0	1.0	1.0
skygarden_slnstorylevel01	Scene_Main	215	32.6733	15.9411	34.8778	0.0	1.0	0.0	0.0	1.6905	4.8344	0.7077	1.0	1.0	1.0
skygarden_slnstorylevel01	Scene_Main	216	33.7257	16.6193	60.0858	0.0	1.0	0.0	0.0	1.6717	5.0335	0.7275	1.0	1.0	1.0
skygarden_slnstorylevel01	Scene_Main	217	32.2097	15.6793	60.0858	0.0	1.0	0.0	0.0	1.6717	5.0335	0.7275	1.0	1.0	1.0
skygarden_slnstorylevel01	Scene_Main	218	43.7099	15.906	35.048	0.0	0.0	1.0	0.0	2.0717	6.2378	0.9016	1.0	1.0	1.0
skygarden_slnstorylevel01	Scene_Main	219	32.8537	17.0023	60.0189	0.0	1.0	0.0	0.0	1.6717	5.0335	0.7275	1.0	1.0	1.0
skygarden_slnstorylevel01	Scene_Main	220	39.303	15.8108	35.069	-1.0	0.0	0.0	0.0	2.0949	5.991	0.877	1.0	1.0	1.0
skygarden_slnstorylevel01	Scene_Main	221	39.2999	10.898	35.048	0.0	0.0	0.0	1.0	2.0717	6.2378	0.9016	1.0	1.0	1.0
skygarden_slnstorylevel01	Scene_Main	222	43.7099	10.898	60.42	0.0	1.0	0.0	0.0	2.0717	6.2378	0.9016	1.0	1.0	1.0
skygarden_slnstorylevel01	Scene_Main	223	39.303	10.9932	60.3989	0.0	0.0	0.0	1.0	2.0949	5.991	0.877	1.0	1.0	1.0
skygarden_slnstorylevel01	Scene_Main	224	39.2999	15.906	60.4199	1.0	0.0	0.0	0.0	2.0717	6.2378	0.9016	1.0	1.0	1.0
skygarden_slnstorylevel01	Scene_Main	225	32.3311	7.9381	60.1131	0.0	-0.8133	0.0	-0.5817	0.826	1.4672	0.9024	1.0	1.0	1.0
skygarden_slnstorylevel01	Scene_Main	226	55.1171	7.9381	59.4649	0.0	-0.9647	0.0	0.2633	0.826	1.4672	0.9024	1.0	1.0	1.0
skygarden_slnstorylevel01	Scene_Main	227	25.7872	9.819	46.3949	0.0	0.7071	0.0	0.7071	0.1247	0.6062	1.7122	1.0	1.0	1.0
skygarden_slnstorylevel01	Scene_Main	228	25.7872	9.819	48.9239	0.0	0.7071	0.0	0.7071	0.1247	0.6062	1.7122	1.0	1.0	1.0
skygarden_slnstorylevel01	Scene_Main	229	26.9021	9.819	46.4749	0.0024	0.5983	-0.0016	0.8012	0.1247	0.6062	0.5959	1.0	1.0	1.0
skygarden_slnstorylevel01	Scene_Main	230	26.9021	9.819	48.8699	0.0022	-0.619	0.0019	0.7853	0.1247	0.6062	0.5959	1.0	1.0	1.0
skygarden_slnstorylevel01	Scene_Main	231	27.4251	9.819	48.5861	0.0026	-0.3843	0.0012	0.9231	0.1234	0.6062	0.7138	1.0	1.0	1.0
skygarden_slnstorylevel01	Scene_Main	232	27.4061	9.819	46.7379	0.001	-0.9145	0.0027	0.4044	0.1247	0.6062	0.5959	1.0	1.0	1.0
skygarden_slnstorylevel01	Scene_Main	233	27.7471	9.819	47.2609	0.0003	-0.983	0.0029	0.1833	0.1247	0.6062	0.7512	1.0	1.0	1.0
skygarden_slnstorylevel01	Scene_Main	234	27.7559	9.819	47.9956	-0.0015	-0.9905	-0.0006	-0.1368	0.1614	0.6062	0.8396	1.0	1.0	1.0
skygarden_slnstorylevel01	Scene_Main	235	26.3262	12.0469	47.78	0.0	0.6677	0.0	0.7443	1.4072	4.7883	1.1356	1.0	1.0	1.0
skygarden_slnstorylevel01	Scene_Main	236	55.8731	7.9381	36.1749	0.0	-0.9647	0.0	0.2633	0.826	1.4672	0.9024	1.0	1.0	1.0
skygarden_slnstorylevel01	Scene_Main	237	55.9259	8.3389	36.2695	0.0	0.3055	0.0	-0.9521	0.8474	1.8478	0.8019	1.0	1.0	1.0
skygarden_slnstorylevel01	Scene_Main	238	32.0939	7.9381	35.2272	0.0	0.6539	0.0	0.7565	0.826	1.4672	0.9024	1.0	1.0	1.0
skygarden_slnstorylevel01	Scene_Main	239	57.4891	14.7041	62.1509	0.0	-0.9647	0.0	0.2633	0.826	1.4672	0.9024	1.0	1.0	1.0
skygarden_slnstorylevel01	Scene_Main	240	50.1717	14.7041	62.1679	0.0	-0.3108	0.0	-0.9504	0.826	1.4672	0.9024	1.0	1.0	1.0
skygarden_slnstorylevel01	Scene_Main	241	59.6417	14.7041	70.3079	0.0	-0.3108	0.0	-0.9504	0.826	1.4672	0.9024	1.0	1.0	1.0
skygarden_slnstorylevel01	Scene_Main	242	65.7308	14.7041	70.3008	0.0	0.7994	0.0	-0.6007	0.826	1.4672	0.9024	1.0	1.0	1.0
skygarden_slnstorylevel01	Scene_Main	243	65.742	14.7041	52.7061	0.0	0.9978	0.0	0.0653	0.826	1.4672	0.9024	1.0	1.0	1.0
skygarden_slnstorylevel01	Scene_Main	244	57.7731	14.7041	50.4538	0.0	-0.0609	0.0	0.9981	0.826	1.4672	0.9024	1.0	1.0	1.0
skygarden_slnstorylevel01	Scene_Main	245	57.7731	14.7041	38.5438	0.0	-0.0609	0.0	0.9981	0.826	1.4672	0.9024	1.0	1.0	1.0
skygarden_slnstorylevel01	Scene_Main	246	47.3657	14.7041	60.5404	0.0	-0.9998	0.0	-0.0192	0.826	1.4672	0.9024	1.0	1.0	1.0
skygarden_slnstorylevel01	Scene_Main	247	45.6506	14.7032	35.0358	0.0	0.9922	0.0	0.1243	0.826	1.4672	0.9024	1.0	1.0	1.0
skygarden_slnstorylevel01	Scene_Main	248	37.1809	14.7032	34.9772	0.0	0.6531	0.0	0.7571	0.826	1.4672	0.9024	1.0	1.0	1.0
skygarden_slnstorylevel01	Scene_Main	249	53.4407	7.5844	58.4165	0.0	0.651	0.0	-0.759	0.5052	0.7683	0.5327	1.0	1.0	1.0
skygarden_slnstorylevel01	Scene_Main	250	65.4144	14.9734	61.6821	0.0	-0.3826	0.0	0.9238	1.7302	2.1395	1.7119	1.0	1.0	1.0
skygarden_slnstorylevel01	Scene_Main	251	63.6339	14.3487	55.9107	0.0	-0.7071	0.0	0.7071	2.8432	0.8274	1.2949	1.0	1.0	1.0
skygarden_slnstorylevel01	Scene_Main	252	65.5043	14.4123	54.7001	0.0	0.0	0.0	1.0	1.4235	0.891	1.7905	1.0	1.0	1.0
skygarden_slnstorylevel01	Scene_Main	253	65.5049	14.399	56.9798	0.0	0.0	0.0	1.0	1.4227	0.9623	2.5556	1.0	1.0	1.0
skygarden_slnstorylevel01	Scene_Main	254	55.3075	17.7047	62.5369	0.0	-0.9187	0.3948	0.0	0.4788	1.4935	0.4643	1.0	1.0	1.0
skygarden_slnstorylevel01	Scene_Main	255	52.1375	17.7047	62.5369	0.0	-0.9187	0.3948	0.0	0.4788	1.4935	0.4643	1.0	1.0	1.0
skygarden_slnstorylevel01	Scene_Main	256	57.9939	17.7047	46.2403	0.2791	-0.6496	0.2791	0.6496	0.4788	1.4935	0.4643	1.0	1.0	1.0
skygarden_slnstorylevel01	Scene_Main	257	57.997	17.7047	49.2084	0.2791	-0.6496	0.2791	0.6496	0.4788	1.4935	0.4643	1.0	1.0	1.0
skygarden_slnstorylevel01	Scene_Main	258	50.6734	17.7047	31.7369	0.3948	0.0	0.0	0.9187	0.4788	1.4935	0.4643	1.0	1.0	1.0
skygarden_slnstorylevel01	Scene_Main	259	53.7634	17.7047	31.737	0.3948	0.0	0.0	0.9187	0.4788	1.4935	0.4643	1.0	1.0	1.0
skygarden_slnstorylevel01	Scene_Main	260	57.8309	15.5449	64.9699	0.0	0.7071	0.0	-0.7071	1.8624	3.0591	0.7114	1.0	1.0	1.0
skygarden_slnstorylevel01	Scene_Main	261	57.8309	18.5697	64.9699	0.0	0.7071	0.0	-0.7071	1.8624	2.9708	0.7114	1.0	1.0	1.0
skygarden_slnstorylevel01	Scene_Main	262	57.8309	18.5697	69.8869	0.0	0.7071	0.0	-0.7071	1.8624	2.9708	0.7114	1.0	1.0	1.0
skygarden_slnstorylevel01	Scene_Main	263	57.8019	15.5449	69.8889	0.0	0.7071	0.0	-0.7071	1.8624	3.0591	0.7114	1.0	1.0	1.0
skygarden_slnstorylevel01	Scene_Main	264	49.5861	15.5409	69.6951	0.0	-0.7071	0.0	-0.7071	1.7205	3.0591	0.5995	1.0	1.0	1.0
skygarden_slnstorylevel01	Scene_Main	265	49.559	15.5369	64.9901	0.0	-0.7071	0.0	-0.7071	1.7205	3.0591	0.7114	1.0	1.0	1.0
skygarden_slnstorylevel01	Scene_Main	266	50.6553	15.5369	63.89	0.0	0.0	0.0	-1.0	1.8363	3.0591	0.6654	1.0	1.0	1.0
skygarden_slnstorylevel01	Scene_Main	267	49.3709	16.9155	65.91	0.0	-1.0	0.0	0.0	0.5039	6.1372	0.5917	1.0	1.0	1.0
skygarden_slnstorylevel01	Scene_Main	268	50.1501	14.1738	67.2596	0.0	-0.7071	0.0	-0.7071	1.4642	0.2193	1.3967	1.0	1.0	1.0
skygarden_slnstorylevel01	Scene_Main	269	50.0923	15.3624	67.1917	0.0	-0.7071	0.0	-0.7071	0.9564	2.2564	0.8823	1.0	1.0	1.0
skygarden_slnstorylevel01	Scene_Main	270	57.9164	16.9155	66.2099	0.0	0.0	0.0	-1.0	0.5039	6.1372	0.5917	1.0	1.0	1.0
skygarden_slnstorylevel01	Scene_Main	271	49.3709	16.9155	68.736	0.0	-1.0	0.0	0.0	0.5039	6.1372	0.5917	1.0	1.0	1.0
skygarden_slnstorylevel01	Scene_Main	272	57.887	16.9155	68.72	0.0	0.0	0.0	-1.0	0.5039	6.1372	0.5917	1.0	1.0	1.0
skygarden_slnstorylevel01	Scene_Main	273	57.4758	14.4483	67.2542	0.0	0.0	0.0	1.0	1.4235	0.891	1.7905	1.0	1.0	1.0
skygarden_slnstorylevel01	Scene_Main	274	56.2529	14.5859	64.219	0.0	0.0	0.0	1.0	2.3938	1.1721	1.1194	1.0	1.0	1.0
skygarden_slnstorylevel01	Scene_Main	275	56.2869	14.3586	64.8249	0.0	0.7089	0.0	-0.7052	0.6707	0.7283	0.6707	1.0	1.0	1.0
skygarden_slnstorylevel01	Scene_Main	276	57.3364	17.8477	66.2104	0.2791	-0.6496	0.2791	0.6496	0.4788	1.4935	0.4643	1.0	1.0	1.0
skygarden_slnstorylevel01	Scene_Main	277	49.957	17.8477	68.7216	0.2791	0.6496	-0.2791	0.6496	0.4788	1.4935	0.4643	1.0	1.0	1.0
skygarden_slnstorylevel01	Scene_Main	278	49.957	17.8477	65.9125	0.2791	0.6496	-0.2791	0.6496	0.4788	1.4935	0.4643	1.0	1.0	1.0
skygarden_slnstorylevel01	Scene_Main	279	57.3019	17.8477	68.7294	0.2791	-0.6496	0.2791	0.6496	0.4788	1.4935	0.4643	1.0	1.0	1.0
skygarden_slnstorylevel01	Scene_Main	280	42.1193	6.9038	72.5401	0.0	0.0	0.0	-1.0	1.4642	0.2193	1.3967	1.0	1.0	1.0
skygarden_slnstorylevel01	Scene_Main	281	42.1873	8.0923	72.4823	0.0	0.0	0.0	-1.0	0.9564	2.2564	0.8823	1.0	1.0	1.0
skygarden_slnstorylevel01	Scene_Main	282	45.8667	7.2105	72.4962	0.0	-0.5073	0.0	0.8617	1.3497	1.0266	1.4231	1.0	1.0	1.0
skygarden_slnstorylevel01	Scene_Main	283	46.5048	7.2105	73.8908	0.0	-0.876	0.0	0.4822	1.3497	1.0266	1.4231	1.0	1.0	1.0
skygarden_slnstorylevel01	Scene_Main	284	46.4453	7.1021	75.0977	0.0	-0.9631	0.0	0.269	0.7486	0.707	0.7103	1.0	1.0	1.0
skygarden_slnstorylevel01	Scene_Main	285	44.8206	7.0745	73.0084	0.0	-0.5073	0.0	0.8617	0.5449	0.725	0.5745	1.0	1.0	1.0
skygarden_slnstorylevel01	Scene_Main	286	44.3486	7.8083	72.041	0.0	0.0084	0.0	-0.9999	1.295	2.2327	0.7754	1.0	1.0	1.0
skygarden_slnstorylevel01	Scene_Main	287	40.2676	7.1712	72.842	0.0	0.6889	0.0	0.7248	1.4235	0.891	1.7905	1.0	1.0	1.0
skygarden_slnstorylevel01	Scene_Main	288	39.4318	7.1712	75.6446	0.0	-0.8819	0.0	0.4713	1.4235	0.891	1.7905	1.0	1.0	1.0
skygarden_slnstorylevel01	Scene_Main	289	45.3115	10.1097	80.359	0.0	0.9187	-0.3948	0.0	0.4788	1.4935	0.4643	1.0	1.0	1.0
skygarden_slnstorylevel01	Scene_Main	290	41.9735	10.1097	80.359	0.0	0.9187	-0.3948	0.0	0.4788	1.4935	0.4643	1.0	1.0	1.0
skygarden_slnstorylevel01	Scene_Main	291	37.407	9.3699	77.984	0.0	1.0	0.0	0.0	0.5039	5.2734	0.4142	1.0	1.0	1.0
skygarden_slnstorylevel01	Scene_Main	292	50.2522	16.09	73.9927	0.0	-0.1593	0.0	-0.9872	1.5177	4.1735	2.1197	1.0	1.0	1.0
skygarden_slnstorylevel01	Scene_Main	293	46.2692	7.6663	77.101	0.0	0.0	0.0	1.0	0.226	1.2253	0.4462	1.0	1.0	1.0
skygarden_slnstorylevel01	Scene_Main	294	46.2692	8.3433	75.8046	0.2419	0.0021	0.0004	0.9702	0.226	0.9371	2.909	1.0	1.0	1.0
skygarden_slnstorylevel01	Scene_Main	295	46.0806	9.0833	74.4889	0.0	0.0	0.0	1.0	0.6033	1.2253	0.4572	1.0	1.0	1.0
skygarden_slnstorylevel01	Scene_Main	296	44.7199	9.995	74.336	0.1976	0.6802	-0.1964	0.6779	0.146	0.9877	3.0458	1.0	1.0	1.0
skygarden_slnstorylevel01	Scene_Main	297	42.3036	10.8547	74.351	0.0	0.0	0.0	1.0	2.7583	1.1861	0.1815	1.0	1.0	1.0
skygarden_slnstorylevel01	Scene_Main	298	40.8032	11.8993	76.1302	0.0007	0.9627	-0.2702	-0.0016	0.146	0.9877	3.8932	1.0	1.0	1.0
skygarden_slnstorylevel01	Scene_Main	299	40.8022	10.8547	74.5353	0.0	0.0	0.0	1.0	0.2364	1.1861	0.6017	1.0	1.0	1.0
skygarden_slnstorylevel01	Scene_Main	300	40.9977	12.9993	77.8376	0.0	0.0	0.0	1.0	0.6274	1.1861	0.5464	1.0	1.0	1.0
skygarden_slnstorylevel01	Scene_Main	301	42.2942	13.9003	78.0092	-0.1869	0.6754	-0.1881	-0.688	0.146	0.9877	2.8436	1.0	1.0	1.0
skygarden_slnstorylevel01	Scene_Main	302	45.6534	14.7313	78.013	0.0	0.0	0.0	1.0	4.7563	1.1861	0.1955	1.0	1.0	1.0
skygarden_slnstorylevel01	Scene_Main	303	47.9232	14.7313	74.914	0.0	-0.7071	0.0	0.7071	5.9971	1.1861	0.1955	1.0	1.0	1.0
skygarden_slnstorylevel01	Scene_Main	304	37.6708	12.1136	76.3229	0.0	0.0	0.0	1.0	0.6164	3.8878	8.2358	1.0	1.0	1.0
skygarden_slnstorylevel01	Scene_Main	305	50.6135	15.5098	71.9382	0.0	0.0	0.0	-1.0	1.8624	3.105	0.7114	1.0	1.0	1.0
skygarden_slnstorylevel01	Scene_Main	306	50.6135	18.5155	71.9382	0.0	0.0	0.0	-1.0	1.8624	2.9708	0.7114	1.0	1.0	1.0
skygarden_slnstorylevel01	Scene_Main	307	55.9809	15.5098	71.9382	0.0	0.0	0.0	-1.0	1.8624	3.105	0.7114	1.0	1.0	1.0
skygarden_slnstorylevel01	Scene_Main	308	55.9809	18.5155	71.9382	0.0	0.0	0.0	-1.0	1.8624	2.9708	0.7114	1.0	1.0	1.0
skygarden_slnstorylevel01	Scene_Main	309	48.3829	10.1097	76.9623	-0.2791	0.6496	-0.2791	-0.6496	0.4788	1.4935	0.4643	1.0	1.0	1.0
skygarden_slnstorylevel01	Scene_Main	310	39.1157	19.9287	73.2233	0.0	1.0	0.0	0.0	1.2362	10.1244	1.2362	1.0	1.0	1.0
skygarden_slnstorylevel01	Scene_Main	311	36.7187	15.5187	73.2233	-0.7071	0.7071	0.0	0.0	1.2362	3.6944	1.2362	1.0	1.0	1.0
skygarden_slnstorylevel01	Scene_Main	312	47.6189	7.523	74.0149	0.0	0.0	0.0	1.0	0.6808	1.5532	0.4522	1.0	1.0	1.0
skygarden_slnstorylevel01	Scene_Main	313	46.6311	8.1333	74.0149	0.0	0.0	0.0	1.0	0.6808	0.2557	0.2031	1.0	1.0	1.0
skygarden_slnstorylevel01	Scene_Main	314	47.199	7.9778	74.0149	0.0	0.0	-0.3646	0.9311	0.647	0.4847	0.2031	1.0	1.0	1.0
skygarden_slnstorylevel01	Scene_Main	315	43.38	8.3779	72.15	0.0	0.7071	0.0	0.7071	0.3527	3.2875	0.4142	1.0	1.0	1.0
skygarden_slnstorylevel01	Scene_Main	316	37.407	8.3997	74.0899	0.0	1.0	0.0	0.0	0.3527	3.3311	0.4142	1.0	1.0	1.0
skygarden_slnstorylevel01	Scene_Main	317	48.0349	9.1482	72.1667	0.0	0.9999	0.0	-0.0124	0.826	1.4672	0.9024	1.0	1.0	1.0
skygarden_slnstorylevel01	Scene_Main	318	38.3518	12.8982	79.9494	0.0	-0.0809	0.0	-0.9967	0.826	1.4672	0.9024	1.0	1.0	1.0
skygarden_slnstorylevel01	Scene_Main	319	39.1594	12.1172	71.7066	0.0	0.0	0.0	1.0	1.7718	3.6761	0.4318	1.0	1.0	1.0
skygarden_slnstorylevel01	Scene_Main	320	40.7817	12.1172	71.7066	0.0	0.0	0.0	1.0	1.7718	3.6761	0.4318	1.0	1.0	1.0
skygarden_slnstorylevel01	Scene_Main	321	42.3833	12.1172	71.7066	0.0	0.0	0.0	1.0	1.7718	3.6761	0.4318	1.0	1.0	1.0
skygarden_slnstorylevel01	Scene_Main	322	43.9849	12.1172	71.7066	0.0	0.0	0.0	1.0	1.7718	3.6761	0.4318	1.0	1.0	1.0
skygarden_slnstorylevel01	Scene_Main	323	45.6072	12.1172	71.7066	0.0	0.0	0.0	1.0	1.7718	3.6761	0.4318	1.0	1.0	1.0
skygarden_slnstorylevel01	Scene_Main	324	47.2055	12.1172	71.7066	0.0	0.0	0.0	1.0	1.7718	3.6761	0.4318	1.0	1.0	1.0
skygarden_slnstorylevel01	Scene_Main	325	39.2649	15.4511	71.7066	0.0	0.0	0.0	1.0	1.751	3.0257	0.4318	1.0	1.0	1.0
skygarden_slnstorylevel01	Scene_Main	326	39.2649	18.4992	71.7066	0.0	0.0	0.0	1.0	1.751	3.0257	0.4318	1.0	1.0	1.0
skygarden_slnstorylevel01	Scene_Main	327	40.868	15.4511	71.7066	0.0	0.0	0.0	1.0	1.751	3.0257	0.4318	1.0	1.0	1.0
skygarden_slnstorylevel01	Scene_Main	328	42.4509	15.4511	71.7066	0.0	0.0	0.0	1.0	1.751	3.0257	0.4318	1.0	1.0	1.0
skygarden_slnstorylevel01	Scene_Main	329	40.8578	18.4992	71.7066	0.0	0.0	0.0	1.0	1.751	3.0257	0.4318	1.0	1.0	1.0
skygarden_slnstorylevel01	Scene_Main	330	42.4509	18.4992	71.7066	0.0	0.0	0.0	1.0	1.751	3.0257	0.4318	1.0	1.0	1.0
skygarden_slnstorylevel01	Scene_Main	331	44.0338	15.4511	71.7066	0.0	0.0	0.0	1.0	1.751	3.0257	0.4318	1.0	1.0	1.0
skygarden_slnstorylevel01	Scene_Main	332	44.0338	18.4992	71.7066	0.0	0.0	0.0	1.0	1.751	3.0257	0.4318	1.0	1.0	1.0
skygarden_slnstorylevel01	Scene_Main	333	45.6369	15.4511	71.7066	0.0	0.0	0.0	1.0	1.751	3.0257	0.4318	1.0	1.0	1.0
skygarden_slnstorylevel01	Scene_Main	334	47.2603	15.4511	71.7066	0.0	0.0	0.0	1.0	1.751	3.0257	0.4318	1.0	1.0	1.0
skygarden_slnstorylevel01	Scene_Main	335	45.6267	18.4992	71.7066	0.0	0.0	0.0	1.0	1.751	3.0257	0.4318	1.0	1.0	1.0
skygarden_slnstorylevel01	Scene_Main	336	47.2603	18.4992	71.7066	0.0	0.0	0.0	1.0	1.751	3.0257	0.4318	1.0	1.0	1.0
skygarden_slnstorylevel01	Scene_Main	337	55.2022	15.5087	80.8449	0.0	1.0	0.0	0.0	1.7878	3.0591	0.5945	1.0	1.0	1.0
skygarden_slnstorylevel01	Scene_Main	338	50.3182	15.5087	80.844	0.0	1.0	0.0	0.0	1.7878	3.0591	0.5945	1.0	1.0	1.0
skygarden_slnstorylevel01	Scene_Main	339	55.2022	18.59	80.8449	0.0	1.0	0.0	0.0	1.7878	3.0591	0.5945	1.0	1.0	1.0
skygarden_slnstorylevel01	Scene_Main	340	53.576	15.5087	80.844	0.0	1.0	0.0	0.0	1.7878	3.0591	0.5945	1.0	1.0	1.0
skygarden_slnstorylevel01	Scene_Main	341	51.9472	15.5087	80.844	0.0	1.0	0.0	0.0	1.7878	3.0591	0.5945	1.0	1.0	1.0
skygarden_slnstorylevel01	Scene_Main	342	53.576	18.59	80.844	0.0	1.0	0.0	0.0	1.7878	3.0591	0.5945	1.0	1.0	1.0
skygarden_slnstorylevel01	Scene_Main	343	51.9472	18.59	80.844	0.0	1.0	0.0	0.0	1.7878	3.0591	0.5945	1.0	1.0	1.0
skygarden_slnstorylevel01	Scene_Main	344	48.6893	15.5087	80.844	0.0	1.0	0.0	0.0	1.7878	3.0591	0.5945	1.0	1.0	1.0
skygarden_slnstorylevel01	Scene_Main	345	50.3182	18.59	80.844	0.0	1.0	0.0	0.0	1.7878	3.0591	0.5945	1.0	1.0	1.0
skygarden_slnstorylevel01	Scene_Main	346	48.6893	18.59	80.844	0.0	1.0	0.0	0.0	1.7878	3.0591	0.5945	1.0	1.0	1.0
skygarden_slnstorylevel01	Scene_Main	347	47.0603	15.5087	80.844	0.0	1.0	0.0	0.0	1.7878	3.0591	0.5945	1.0	1.0	1.0
skygarden_slnstorylevel01	Scene_Main	348	47.0603	18.59	80.844	0.0	1.0	0.0	0.0	1.7878	3.0591	0.5945	1.0	1.0	1.0
skygarden_slnstorylevel01	Scene_Main	349	45.4314	15.5087	80.844	0.0	1.0	0.0	0.0	1.7878	3.0591	0.5945	1.0	1.0	1.0
skygarden_slnstorylevel01	Scene_Main	350	45.4314	18.59	80.844	0.0	1.0	0.0	0.0	1.7878	3.0591	0.5945	1.0	1.0	1.0
skygarden_slnstorylevel01	Scene_Main	351	43.8025	15.5087	80.844	0.0	1.0	0.0	0.0	1.7878	3.0591	0.5945	1.0	1.0	1.0
skygarden_slnstorylevel01	Scene_Main	352	40.5407	15.5087	80.844	0.0	1.0	0.0	0.0	1.7878	3.0591	0.5945	1.0	1.0	1.0
skygarden_slnstorylevel01	Scene_Main	353	43.8025	18.59	80.844	0.0	1.0	0.0	0.0	1.7878	3.0591	0.5945	1.0	1.0	1.0
skygarden_slnstorylevel01	Scene_Main	354	40.5407	18.59	80.844	0.0	1.0	0.0	0.0	1.7878	3.0591	0.5945	1.0	1.0	1.0
skygarden_slnstorylevel01	Scene_Main	355	42.1803	15.5087	80.844	0.0	1.0	0.0	0.0	1.7878	3.0591	0.5945	1.0	1.0	1.0
skygarden_slnstorylevel01	Scene_Main	356	42.1803	18.59	80.844	0.0	1.0	0.0	0.0	1.7878	3.0591	0.5945	1.0	1.0	1.0
skygarden_slnstorylevel01	Scene_Main	357	39.0191	15.5087	80.844	0.0	1.0	0.0	0.0	1.5667	3.0591	0.5945	1.0	1.0	1.0
skygarden_slnstorylevel01	Scene_Main	358	39.0191	18.59	80.844	0.0	1.0	0.0	0.0	1.5667	3.0591	0.5945	1.0	1.0	1.0
skygarden_slnstorylevel01	Scene_Main	359	56.8316	15.5087	80.8449	0.0	1.0	0.0	0.0	1.7878	3.0591	0.5945	1.0	1.0	1.0
skygarden_slnstorylevel01	Scene_Main	360	56.8316	18.59	80.8449	0.0	1.0	0.0	0.0	1.7878	3.0591	0.5945	1.0	1.0	1.0
skygarden_slnstorylevel01	Scene_Main	361	37.4164	8.2639	77.0199	0.0	0.7071	0.0	0.7071	1.8624	3.0591	0.6134	1.0	1.0	1.0
skygarden_slnstorylevel01	Scene_Main	362	57.4807	14.7242	72.7771	0.0	0.1804	0.0	-0.9835	0.826	1.4672	0.9024	1.0	1.0	1.0
skygarden_slnstorylevel01	Scene_Main	363	57.4949	14.7242	79.7774	0.0	-0.6478	0.0	-0.7617	0.826	1.4672	0.9024	1.0	1.0	1.0
skygarden_slnstorylevel01	Scene_Main	364	38.5969	10.8982	72.4967	0.0	0.9999	0.0	-0.0124	0.826	1.4672	0.9024	1.0	1.0	1.0
skygarden_slnstorylevel01	Scene_Main	365	48.0387	7.4581	79.7051	0.0	0.2137	0.0	-0.9768	0.826	1.4672	0.9024	1.0	1.0	1.0
skygarden_slnstorylevel01	Scene_Main	366	40.3748	7.2343	74.5411	0.0	-0.5073	0.0	0.8617	1.2485	0.9788	1.2344	1.0	1.0	1.0
skygarden_slnstorylevel01	Scene_Main	367	53.906	14.6084	79.3883	0.0	0.2122	0.0	0.9772	0.847	1.2997	0.7155	1.0	1.0	1.0
skygarden_slnstorylevel01	Scene_Main	368	55.976	14.6084	79.3211	0.0	0.984	0.0	0.1778	0.847	1.2997	0.7155	1.0	1.0	1.0
skygarden_slnstorylevel01	Scene_Main	369	55.2151	14.2849	77.8718	0.0	0.9993	0.0	0.0372	1.2329	0.877	1.1394	1.0	1.0	1.0
skygarden_slnstorylevel01	Scene_Main	370	54.929	14.4503	78.8539	0.0	0.0	0.0	1.0	1.2485	0.9788	1.2344	1.0	1.0	1.0
skygarden_slnstorylevel01	Scene_Main	371	37.4164	8.2639	73.0299	0.0	0.7071	0.0	0.7071	1.8624	3.0591	0.6134	1.0	1.0	1.0
skygarden_slnstorylevel01	Scene_Main	372	37.4164	8.2639	75.22	0.0	0.7071	0.0	0.7071	1.8624	3.0591	0.6134	1.0	1.0	1.0
skygarden_slnstorylevel01	Scene_Main	373	39.1157	19.9287	79.4633	0.0	1.0	0.0	0.0	1.2362	10.1244	1.2362	1.0	1.0	1.0
skygarden_slnstorylevel01	Scene_Main	374	36.7187	15.5187	79.4633	-0.7071	0.7071	0.0	0.0	1.2362	3.6944	1.2362	1.0	1.0	1.0
skygarden_slnstorylevel01	Scene_Main	375	38.9593	7.0869	87.1741	0.0	0.3349	0.0	0.9422	0.7486	0.707	0.7103	1.0	1.0	1.0
skygarden_slnstorylevel01	Scene_Main	376	40.0635	7.0869	86.3422	0.0	0.3349	0.0	0.9422	0.7486	0.707	0.7103	1.0	1.0	1.0
skygarden_slnstorylevel01	Scene_Main	377	38.735	7.0869	84.1445	0.0	-0.0835	0.0	0.9965	0.7486	0.707	0.7103	1.0	1.0	1.0
skygarden_slnstorylevel01	Scene_Main	378	39.1745	7.1231	85.5942	0.0	0.3349	0.0	0.9422	0.7486	0.707	0.7103	1.0	1.0	1.0
skygarden_slnstorylevel01	Scene_Main	379	39.6392	8.75	82.9217	0.0	-0.0164	0.0	-0.9998	1.5177	4.1735	2.1197	1.0	1.0	1.0
skygarden_slnstorylevel01	Scene_Main	380	53.511	7.5659	79.518	0.0	0.0	0.0	1.0	0.2624	0.1375	0.2624	1.0	1.0	1.0
skygarden_slnstorylevel01	Scene_Main	381	53.8907	7.1126	79.522	0.0	0.0	0.0	1.0	2.8432	0.8274	1.2949	1.0	1.0	1.0
skygarden_slnstorylevel01	Scene_Main	382	57.4879	10.1093	87.4264	0.2791	-0.6496	0.2791	0.6496	0.4788	1.4935	0.4643	1.0	1.0	1.0
skygarden_slnstorylevel01	Scene_Main	383	57.4879	10.1093	81.0283	0.2791	-0.6496	0.2791	0.6496	0.4788	1.4935	0.4643	1.0	1.0	1.0
skygarden_slnstorylevel01	Scene_Main	384	56.7226	6.8757	95.8306	0.0	-0.9025	0.0	0.4304	1.4642	0.2193	1.3967	1.0	1.0	1.0
skygarden_slnstorylevel01	Scene_Main	385	56.7247	8.0643	95.9198	0.0	-0.9025	0.0	0.4304	0.9564	2.2564	0.8823	1.0	1.0	1.0
skygarden_slnstorylevel01	Scene_Main	386	49.8197	7.4581	77.4841	0.0	0.2137	0.0	-0.9768	0.826	1.4672	0.9024	1.0	1.0	1.0
skygarden_slnstorylevel01	Scene_Main	387	57.5895	7.4581	77.4594	0.0	-0.8579	0.0	-0.5136	0.826	1.4672	0.9024	1.0	1.0	1.0
skygarden_slnstorylevel01	Scene_Main	388	43.5981	6.7769	80.9957	0.0	0.0	0.0	1.0	0.8273	0.1538	2.5431	1.0	1.0	1.0
skygarden_slnstorylevel01	Scene_Main	389	41.5443	6.7769	80.1404	0.0	0.707	0.0	0.7071	0.8701	0.1538	3.4141	1.0	1.0	1.0
skygarden_slnstorylevel01	Scene_Main	390	39.7124	7.3212	89.1415	0.0	0.0	0.0	1.0	3.815	1.2212	1.115	1.0	1.0	1.0
skygarden_slnstorylevel01	Scene_Main	391	45.429	7.3563	84.6122	0.0	0.0	0.0	1.0	1.0	1.2102	6.2504	1.0	1.0	1.0
skygarden_slnstorylevel01	Scene_Main	392	44.9329	7.3563	88.393	0.0	-0.3124	0.0	0.9499	1.0	1.2102	2.1196	1.0	1.0	1.0
skygarden_slnstorylevel01	Scene_Main	393	43.7117	7.3563	89.0569	0.0	0.7071	0.0	0.7071	1.0	1.2102	1.9032	1.0	1.0	1.0
skygarden_slnstorylevel01	Scene_Main	394	42.442	9.8014	82.0169	0.0	0.7071	0.0	0.7071	0.5039	6.1372	0.5917	1.0	1.0	1.0
skygarden_slnstorylevel01	Scene_Main	395	44.83	9.8014	82.0169	0.0	0.7071	0.0	0.7071	0.5039	6.1372	0.5917	1.0	1.0	1.0
skygarden_slnstorylevel01	Scene_Main	396	44.8384	10.1097	82.358	0.3948	0.0	0.0	0.9187	0.4788	1.4935	0.4643	1.0	1.0	1.0
skygarden_slnstorylevel01	Scene_Main	397	42.4413	10.1097	82.358	0.3948	0.0	0.0	0.9187	0.4788	1.4935	0.4643	1.0	1.0	1.0
skygarden_slnstorylevel01	Scene_Main	398	57.7395	7.4581	93.5494	0.0	-0.8579	0.0	-0.5136	0.826	1.4672	0.9024	1.0	1.0	1.0
skygarden_slnstorylevel01	Scene_Main	399	38.2567	7.4581	95.9063	0.0	-0.9594	0.0	0.2818	0.826	1.4672	0.9024	1.0	1.0	1.0
skygarden_slnstorylevel01	Scene_Main	400	51.207	7.4201	96.2642	0.0	-0.918	0.0	0.3965	0.826	1.4672	0.9024	1.0	1.0	1.0
skygarden_slnstorylevel01	Scene_Main	401	51.1816	9.2529	96.2578	0.0	-0.918	0.0	0.3965	1.0431	3.945	1.15	1.0	1.0	1.0
skygarden_slnstorylevel01	Scene_Main	402	42.0547	7.4201	96.2833	0.0	0.0	0.0	1.0	0.826	1.4672	0.9024	1.0	1.0	1.0
skygarden_slnstorylevel01	Scene_Main	403	42.0675	9.2529	96.3062	0.0	0.0	0.0	1.0	1.0431	3.945	1.15	1.0	1.0	1.0
skygarden_slnstorylevel01	Scene_Main	404	53.6968	7.1389	77.3079	0.0	0.7071	0.0	0.7071	1.4227	0.9623	2.5556	1.0	1.0	1.0
skygarden_slnstorylevel01	Scene_Main	405	51.5471	7.1433	77.2786	0.0	0.7071	0.0	0.7071	1.4235	0.891	1.7905	1.0	1.0	1.0
skygarden_slnstorylevel01	Scene_Main	406	55.8202	7.1433	77.2786	0.0	0.7071	0.0	0.7071	1.4235	0.891	1.7905	1.0	1.0	1.0
skygarden_slnstorylevel01	Scene_Main	407	39.2159	7.2224	86.374	0.0	0.0	0.0	1.0	1.2485	0.9788	1.2344	1.0	1.0	1.0
skygarden_slnstorylevel01	Scene_Main	408	39.131	12.1331	88.3929	0.0	-0.7071	0.0	0.7071	2.0949	5.991	0.877	1.0	1.0	1.0
skygarden_slnstorylevel01	Scene_Main	409	39.131	13.4731	86.1629	0.0	-0.7071	0.0	0.7071	2.0949	5.991	0.877	1.0	1.0	1.0
skygarden_slnstorylevel01	Scene_Main	410	46.26	11.864	82.28	0.0	0.0	0.0	-1.0	2.0717	6.2378	0.9016	1.0	1.0	1.0
skygarden_slnstorylevel01	Scene_Main	411	43.72	13.394	82.28	0.0	0.0	0.0	-1.0	2.0717	6.2378	0.9016	1.0	1.0	1.0
skygarden_slnstorylevel01	Scene_Main	412	39.1042	11.2206	96.209	0.0	0.7071	0.0	-0.7071	0.9087	7.4418	0.9087	1.0	1.0	1.0
skygarden_slnstorylevel01	Scene_Main	413	39.1041	7.9791	97.9709	-0.5	0.5	0.4999	-0.4999	0.9087	2.7155	0.9087	1.0	1.0	1.0
skygarden_slnstorylevel01	Scene_Main	414	52.8527	9.8772	97.1568	0.0	0.7071	0.0	-0.7071	0.7347	6.0173	0.7347	1.0	1.0	1.0
skygarden_slnstorylevel01	Scene_Main	415	52.8527	7.2562	98.5815	-0.5	0.5	0.4999	-0.4999	0.7347	2.1957	0.7347	1.0	1.0	1.0
skygarden_slnstorylevel01	Scene_Main	416	39.9346	11.2371	96.4589	0.0	0.7071	0.0	-0.7071	0.6898	5.6495	0.6898	1.0	1.0	1.0
skygarden_slnstorylevel01	Scene_Main	417	39.9346	8.7763	97.7964	-0.5	0.5	0.4999	-0.4999	0.6898	2.0615	0.6898	1.0	1.0	1.0
skygarden_slnstorylevel01	Scene_Main	418	39.1525	7.551	90.1966	0.0	-0.9999	0.0	0.0006	0.482	1.0675	0.4481	1.0	1.0	1.0
skygarden_slnstorylevel01	Scene_Main	419	46.3606	7.551	88.461	0.0	-0.8521	0.0	0.5233	0.482	1.0675	0.4481	1.0	1.0	1.0
skygarden_slnstorylevel01	Scene_Main	420	43.6433	7.551	90.0921	0.0	-0.9991	0.0	-0.0413	0.482	1.0675	0.4481	1.0	1.0	1.0
skygarden_slnstorylevel01	Scene_Main	421	40.2867	7.551	90.1616	0.0	-0.9999	0.0	0.0073	0.482	1.0675	0.4481	1.0	1.0	1.0
skygarden_slnstorylevel01	Scene_Main	422	46.5102	7.551	86.7963	0.0	-0.73	0.0	0.6833	0.482	1.0675	0.4481	1.0	1.0	1.0
skygarden_slnstorylevel01	Scene_Main	423	46.5075	7.551	85.5554	0.0	-0.7071	0.0	0.7071	0.482	1.0675	0.4481	1.0	1.0	1.0
skygarden_slnstorylevel01	Scene_Main	424	45.1106	7.551	89.7556	0.0	-0.9838	0.0	0.179	0.482	1.0675	0.4481	1.0	1.0	1.0
skygarden_slnstorylevel01	Scene_Main	425	46.5075	7.551	84.2864	0.0	-0.7071	0.0	0.7071	0.482	1.0675	0.4481	1.0	1.0	1.0
skygarden_slnstorylevel01	Scene_Main	426	92.4835	11.8299	76.3493	0.0	-0.866	0.0	0.5	2.1304	0.5324	0.4646	1.0	1.0	1.0
skygarden_slnstorylevel01	Scene_Main	427	87.5781	11.8299	84.8453	0.0	-0.866	0.0	0.4999	1.6651	0.5324	0.4646	1.0	1.0	1.0
skygarden_slnstorylevel01	Scene_Main	428	83.0448	11.8299	81.6806	0.0	0.4999	0.0	0.866	0.7151	0.5324	0.4646	1.0	1.0	1.0
skygarden_slnstorylevel01	Scene_Main	429	92.984	11.8299	75.047	0.0	-0.7071	0.0	0.7071	0.9646	0.5324	0.4991	1.0	1.0	1.0
skygarden_slnstorylevel01	Scene_Main	430	86.3548	11.8299	86.0246	0.0	-0.9659	0.0	0.2588	2.0961	0.5324	0.3858	1.0	1.0	1.0
skygarden_slnstorylevel01	Scene_Main	431	84.2652	11.8299	86.536	0.0	-1.0	0.0	0.0	2.5143	0.5324	0.3858	1.0	1.0	1.0
skygarden_slnstorylevel01	Scene_Main	432	90.05	9.1104	80.55	0.0	-0.2588	0.0	0.9659	0.5039	5.054	0.5917	1.0	1.0	1.0
skygarden_slnstorylevel01	Scene_Main	433	85.08	9.1104	77.8	0.0	-0.9749	0.0	-0.2223	0.5039	5.054	0.5917	1.0	1.0	1.0
skygarden_slnstorylevel01	Scene_Main	434	62.713	9.1104	86.632	0.0	-0.7096	0.0	0.7045	0.5039	5.054	0.5917	1.0	1.0	1.0
skygarden_slnstorylevel01	Scene_Main	435	62.7529	9.1104	81.732	0.0	0.7045	0.0	0.7096	0.5039	5.054	0.5917	1.0	1.0	1.0
skygarden_slnstorylevel01	Scene_Main	436	76.01	9.1104	86.6699	0.0	-0.7096	0.0	0.7045	0.5039	5.054	0.5917	1.0	1.0	1.0
skygarden_slnstorylevel01	Scene_Main	437	76.01	9.1104	81.8099	0.0	-0.7045	0.0	-0.7096	0.5039	5.054	0.5917	1.0	1.0	1.0
skygarden_slnstorylevel01	Scene_Main	438	63.2947	9.8169	87.314	0.0	-0.0188	0.0	0.9998	7.465	4.9056	0.9513	1.0	1.0	1.0
skygarden_slnstorylevel01	Scene_Main	439	93.1358	7.3031	59.2401	0.0	-0.8135	0.0	0.5815	0.826	1.4672	0.9024	1.0	1.0	1.0
skygarden_slnstorylevel01	Scene_Main	440	86.8777	7.3031	59.2518	0.0	0.1191	0.0	0.9928	0.826	1.4672	0.9024	1.0	1.0	1.0
skygarden_slnstorylevel01	Scene_Main	441	87.0829	7.2975	72.8263	0.0	0.1191	0.0	0.9928	0.826	1.4672	0.9024	1.0	1.0	1.0
skygarden_slnstorylevel01	Scene_Main	442	93.1358	7.3801	72.6671	0.0	-0.8135	0.0	0.5815	0.826	1.4672	0.9024	1.0	1.0	1.0
skygarden_slnstorylevel01	Scene_Main	443	83.8474	7.3801	80.2718	0.0	0.3546	0.0	0.9349	0.826	1.4672	0.9024	1.0	1.0	1.0
skygarden_slnstorylevel01	Scene_Main	444	87.0203	7.3038	85.4448	0.0	-0.9363	0.0	0.3511	0.826	1.4672	0.9024	1.0	1.0	1.0
skygarden_slnstorylevel01	Scene_Main	445	82.3498	7.3038	86.3968	0.0	-0.9864	0.0	-0.164	0.826	1.4672	0.9024	1.0	1.0	1.0
skygarden_slnstorylevel01	Scene_Main	446	59.7406	7.3038	86.4203	0.0	-0.2518	0.0	-0.9677	0.826	1.4672	0.9024	1.0	1.0	1.0
skygarden_slnstorylevel01	Scene_Main	447	59.7327	7.2996	81.896	0.0	-0.964	0.0	-0.2657	0.826	1.4672	0.9024	1.0	1.0	1.0
skygarden_slnstorylevel01	Scene_Main	448	74.6716	7.3038	81.7759	0.0	-0.9734	0.0	-0.2287	0.826	1.4672	0.9024	1.0	1.0	1.0
skygarden_slnstorylevel01	Scene_Main	449	93.3039	6.7058	66.0934	0.0	-0.7136	0.0	0.7004	1.4642	0.2193	1.3967	1.0	1.0	1.0
skygarden_slnstorylevel01	Scene_Main	450	93.3604	7.8944	66.1625	0.0	-0.7136	0.0	0.7004	0.9564	2.2564	0.8823	1.0	1.0	1.0
skygarden_slnstorylevel01	Scene_Main	451	59.2949	10.1093	85.6845	-0.2791	-0.6496	0.2791	-0.6496	0.4788	1.4935	0.4643	1.0	1.0	1.0
skygarden_slnstorylevel01	Scene_Main	452	59.2949	10.1093	82.7515	-0.2791	-0.6496	0.2791	-0.6496	0.4788	1.4935	0.4643	1.0	1.0	1.0
skygarden_slnstorylevel01	Scene_Main	453	73.0239	9.4793	86.804	0.0	-1.0	0.0	0.0	9.018	4.0637	0.7455	1.0	1.0	1.0
skygarden_slnstorylevel01	Scene_Main	454	93.6114	9.7739	66.6335	0.0	-0.7071	0.0	0.7071	15.6461	4.6562	0.6436	1.0	1.0	1.0
skygarden_slnstorylevel01	Scene_Main	455	71.0567	6.7038	86.0628	0.0	-1.0	0.0	0.0	1.4642	0.2193	1.3967	1.0	1.0	1.0
skygarden_slnstorylevel01	Scene_Main	456	70.9887	7.8923	86.1206	0.0	-1.0	0.0	0.0	0.9564	2.2564	0.8823	1.0	1.0	1.0
skygarden_slnstorylevel01	Scene_Main	457	84.3661	7.0353	57.1475	0.0	-0.9978	0.0	-0.0656	0.481	0.64	0.5072	1.0	1.0	1.0
skygarden_slnstorylevel01	Scene_Main	458	79.36	9.9183	51.38	0.0	0.0	0.0	1.0	0.953	6.4212	0.953	1.0	1.0	1.0
skygarden_slnstorylevel01	Scene_Main	459	83.0699	9.9183	54.9099	0.0	0.0	0.0	1.0	0.953	6.4212	0.953	1.0	1.0	1.0
skygarden_slnstorylevel01	Scene_Main	460	96.0199	9.9183	54.9099	0.0	0.0	0.0	1.0	0.953	6.4212	0.953	1.0	1.0	1.0
skygarden_slnstorylevel01	Scene_Main	461	96.0199	9.9183	40.65	0.0	0.0	0.0	1.0	0.953	6.4212	0.953	1.0	1.0	1.0
skygarden_slnstorylevel01	Scene_Main	462	83.0699	9.9183	40.65	0.0	0.0	0.0	1.0	0.953	6.4212	0.953	1.0	1.0	1.0
skygarden_slnstorylevel01	Scene_Main	463	79.36	9.724	44.02	0.0	0.0	0.0	1.0	0.7727	6.0353	0.7727	1.0	1.0	1.0
skygarden_slnstorylevel01	Scene_Main	464	75.3899	10.1706	44.02	0.0	0.0	0.0	1.0	0.953	5.8537	0.953	1.0	1.0	1.0
skygarden_slnstorylevel01	Scene_Main	465	75.3899	10.1706	51.38	0.0	0.0	0.0	1.0	0.953	5.8537	0.953	1.0	1.0	1.0
skygarden_slnstorylevel01	Scene_Main	466	90.0812	6.8067	38.3432	0.0	0.0	0.0	1.0	1.4642	0.2193	1.3967	1.0	1.0	1.0
skygarden_slnstorylevel01	Scene_Main	467	90.1492	7.9953	38.2854	0.0	0.0	0.0	1.0	0.9564	2.2564	0.8823	1.0	1.0	1.0
skygarden_slnstorylevel01	Scene_Main	468	90.2026	6.8067	57.0957	0.0	1.0	0.0	0.0	1.4642	0.2193	1.3967	1.0	1.0	1.0
skygarden_slnstorylevel01	Scene_Main	469	90.1346	7.9953	57.1535	0.0	1.0	0.0	0.0	0.9564	2.2564	0.8823	1.0	1.0	1.0
skygarden_slnstorylevel01	Scene_Main	470	95.7303	7.0353	56.5269	0.0	-0.6628	0.0	0.7487	0.481	0.64	0.5072	1.0	1.0	1.0
skygarden_slnstorylevel01	Scene_Main	471	99.0981	7.2418	53.9548	0.0	-0.7071	0.0	0.7071	3.1193	1.2457	1.1233	1.0	1.0	1.0
skygarden_slnstorylevel01	Scene_Main	472	98.8233	6.9954	56.0849	0.0	-0.6628	0.0	0.7487	0.481	0.64	0.5072	1.0	1.0	1.0
skygarden_slnstorylevel01	Scene_Main	473	98.6219	6.9954	51.7793	0.0	-0.6176	0.0	0.7864	0.481	0.64	0.5072	1.0	1.0	1.0
skygarden_slnstorylevel01	Scene_Main	474	87.1386	10.1097	57.534	0.0	0.9187	-0.3948	0.0	0.4788	1.4935	0.4643	1.0	1.0	1.0
skygarden_slnstorylevel01	Scene_Main	475	93.0475	10.1097	57.534	0.0	0.9187	-0.3948	0.0	0.4788	1.4935	0.4643	1.0	1.0	1.0
skygarden_slnstorylevel01	Scene_Main	476	93.0524	10.1097	37.888	0.3948	0.0	0.0	0.9187	0.4788	1.4935	0.4643	1.0	1.0	1.0
skygarden_slnstorylevel01	Scene_Main	477	87.1434	10.1097	37.888	0.3948	0.0	0.0	0.9187	0.4788	1.4935	0.4643	1.0	1.0	1.0
skygarden_slnstorylevel01	Scene_Main	478	95.7417	7.2132	57.2653	0.0	0.0	0.0	1.0	1.4982	0.9788	1.4813	1.0	1.0	1.0
skygarden_slnstorylevel01	Scene_Main	479	96.6199	7.0353	57.0841	0.0	-0.8748	0.0	0.4843	0.481	0.64	0.5072	1.0	1.0	1.0
skygarden_slnstorylevel01	Scene_Main	480	97.9913	7.0739	52.1769	0.0	-0.6628	0.0	0.7487	0.7486	0.707	0.7103	1.0	1.0	1.0
skygarden_slnstorylevel01	Scene_Main	481	81.8553	7.2358	56.8698	0.0	-0.9987	0.0	-0.0509	3.1193	1.2457	1.1233	1.0	1.0	1.0
skygarden_slnstorylevel01	Scene_Main	482	84.2238	7.0879	56.4157	0.0	-0.9922	0.0	-0.1241	0.7486	0.707	0.7103	1.0	1.0	1.0
skygarden_slnstorylevel01	Scene_Main	483	81.077	6.9954	38.7855	0.0	-0.9493	0.0	-0.3141	0.481	0.64	0.5072	1.0	1.0	1.0
skygarden_slnstorylevel01	Scene_Main	484	80.3193	7.1732	38.7982	0.0	-0.919	0.0	0.394	1.4982	0.9788	1.4813	1.0	1.0	1.0
skygarden_slnstorylevel01	Scene_Main	485	79.5161	7.4061	55.1067	0.0	0.6111	0.0	0.7914	0.826	1.4672	0.9024	1.0	1.0	1.0
skygarden_slnstorylevel01	Scene_Main	486	79.4114	8.3836	55.0129	0.0	-0.8788	0.0	-0.4771	1.5246	3.3243	1.4427	1.0	1.0	1.0
skygarden_slnstorylevel01	Scene_Main	487	99.5736	7.4061	57.3837	0.0	0.4617	0.0	0.887	0.826	1.4672	0.9024	1.0	1.0	1.0
skygarden_slnstorylevel01	Scene_Main	488	99.5081	8.3836	57.2593	0.0	-0.7807	0.0	-0.6248	1.5246	3.3243	1.4427	1.0	1.0	1.0
skygarden_slnstorylevel01	Scene_Main	489	99.5643	7.4061	51.5064	0.0	0.9476	0.0	0.3193	0.826	1.4672	0.9024	1.0	1.0	1.0
skygarden_slnstorylevel01	Scene_Main	490	99.5528	7.4061	43.9822	0.0	-0.4229	0.0	0.9061	0.826	1.4672	0.9024	1.0	1.0	1.0
skygarden_slnstorylevel01	Scene_Main	491	99.5741	7.4061	38.5209	0.0	0.5483	0.0	0.8362	0.826	1.4672	0.9024	1.0	1.0	1.0
skygarden_slnstorylevel01	Scene_Main	492	99.5974	8.3836	38.4117	0.0	-0.9858	0.0	0.1675	1.5246	3.3243	1.4427	1.0	1.0	1.0
skygarden_slnstorylevel01	Scene_Main	493	85.9445	7.4061	38.6968	0.0	0.9996	0.0	-0.0249	0.826	1.4672	0.9024	1.0	1.0	1.0
skygarden_slnstorylevel01	Scene_Main	494	79.4965	7.3796	40.3022	0.0	0.9972	0.0	-0.0745	0.826	1.4672	0.9024	1.0	1.0	1.0
skygarden_slnstorylevel01	Scene_Main	495	79.4533	8.3836	40.4341	0.0	-0.8821	0.0	0.4709	1.5246	3.3243	1.4427	1.0	1.0	1.0
skygarden_slnstorylevel01	Scene_Main	496	94.1576	7.4061	38.7239	0.0	-0.2509	0.0	0.9679	0.826	1.4672	0.9024	1.0	1.0	1.0
skygarden_slnstorylevel01	Scene_Main	497	94.2356	7.4061	56.7065	0.0	-0.9998	0.0	-0.0149	0.826	1.4672	0.9024	1.0	1.0	1.0
skygarden_slnstorylevel01	Scene_Main	498	86.0408	7.4061	56.7291	0.0	0.2607	0.0	0.9654	0.826	1.4672	0.9024	1.0	1.0	1.0
skygarden_slnstorylevel01	Scene_Main	499	80.642	6.9954	39.4303	0.0	-0.7899	0.0	-0.6132	0.481	0.64	0.5072	1.0	1.0	1.0
skygarden_slnstorylevel01	Scene_Main	500	82.9233	7.0739	38.8699	0.0	-0.6628	0.0	0.7487	0.7486	0.707	0.7103	1.0	1.0	1.0
skygarden_slnstorylevel01	Scene_Main	501	80.9285	7.1138	55.4144	0.0	-0.826	0.0	0.5636	0.7486	0.707	0.7103	1.0	1.0	1.0
skygarden_slnstorylevel01	Scene_Main	502	99.5989	10.1097	44.7834	0.2791	-0.6496	0.2791	0.6496	0.4788	1.4935	0.4643	1.0	1.0	1.0
skygarden_slnstorylevel01	Scene_Main	503	99.5989	10.1097	50.6223	0.2791	-0.6496	0.2791	0.6496	0.4788	1.4935	0.4643	1.0	1.0	1.0
skygarden_slnstorylevel01	Scene_Main	504	66.073	17.7047	65.7074	0.2791	-0.6496	0.2791	0.6496	0.4788	1.4935	0.4643	1.0	1.0	1.0
skygarden_slnstorylevel01	Scene_Main	505	66.0729	17.7047	68.7834	0.2791	-0.6496	0.2791	0.6496	0.4788	1.4935	0.4643	1.0	1.0	1.0
skygarden_slnstorylevel01	Scene_Main	506	85.8306	11.8299	17.0739	0.0	0.0	0.0	1.0	3.6679	0.5324	0.3858	1.0	1.0	1.0
skygarden_slnstorylevel01	Scene_Main	507	88.1459	11.8299	18.2524	0.0	-0.5401	0.0	0.8415	2.9826	0.5324	0.4516	1.0	1.0	1.0
skygarden_slnstorylevel01	Scene_Main	508	62.7639	9.2409	16.854	0.0	-0.7071	0.0	-0.7071	0.5041	5.054	0.5917	1.0	1.0	1.0
skygarden_slnstorylevel01	Scene_Main	509	59.347	9.2409	16.856	0.0	-0.7071	0.0	-0.7071	0.5041	5.054	0.5917	1.0	1.0	1.0
skygarden_slnstorylevel01	Scene_Main	510	59.3499	9.2409	21.75	0.0	0.7071	0.0	-0.7071	0.5041	5.054	0.5917	1.0	1.0	1.0
skygarden_slnstorylevel01	Scene_Main	511	62.7669	9.2409	21.7479	0.0	0.7071	0.0	-0.7071	0.5041	5.054	0.5917	1.0	1.0	1.0
skygarden_slnstorylevel01	Scene_Main	512	76.1869	9.2409	16.856	0.0	-0.7071	0.0	-0.7071	0.5039	5.054	0.5917	1.0	1.0	1.0
skygarden_slnstorylevel01	Scene_Main	513	90.0199	9.2409	22.5499	0.0	-0.2258	0.0	-0.9741	0.5041	5.054	0.5917	1.0	1.0	1.0
skygarden_slnstorylevel01	Scene_Main	514	88.5899	9.2409	19.6299	0.0	-0.2258	0.0	-0.9741	0.5041	5.054	0.5917	1.0	1.0	1.0
skygarden_slnstorylevel01	Scene_Main	515	83.93	9.2409	21.9099	0.0	-0.9741	0.0	0.2258	0.5041	5.054	0.5917	1.0	1.0	1.0
skygarden_slnstorylevel01	Scene_Main	516	85.36	9.2409	24.8299	0.0	-0.9741	0.0	0.2258	0.5041	5.054	0.5917	1.0	1.0	1.0
skygarden_slnstorylevel01	Scene_Main	517	79.6039	9.2409	16.854	0.0	-0.7071	0.0	-0.7071	0.5041	5.054	0.5917	1.0	1.0	1.0
skygarden_slnstorylevel01	Scene_Main	518	76.19	9.2409	21.75	0.0	0.7071	0.0	-0.7071	0.5041	5.054	0.5917	1.0	1.0	1.0
skygarden_slnstorylevel01	Scene_Main	519	79.6069	9.2409	21.7479	0.0	0.7071	0.0	-0.7071	0.5041	5.054	0.5917	1.0	1.0	1.0
skygarden_slnstorylevel01	Scene_Main	520	93.0175	9.2409	33.8355	0.0	-0.0055	0.0	-0.9999	0.5041	5.054	0.5917	1.0	1.0	1.0
skygarden_slnstorylevel01	Scene_Main	521	92.9822	9.2409	30.5844	0.0	-0.0055	0.0	-0.9999	0.5041	5.054	0.5917	1.0	1.0	1.0
skygarden_slnstorylevel01	Scene_Main	522	87.0667	9.2409	30.6468	0.0	-0.9999	0.0	0.0055	0.5041	5.054	0.5917	1.0	1.0	1.0
skygarden_slnstorylevel01	Scene_Main	523	87.1019	9.2409	33.8979	0.0	-0.9999	0.0	0.0055	0.5041	5.054	0.5917	1.0	1.0	1.0
skygarden_slnstorylevel01	Scene_Main	524	69.9402	6.8851	17.1781	0.0	0.0	0.0	1.0	1.4642	0.2193	1.3967	1.0	1.0	1.0
skygarden_slnstorylevel01	Scene_Main	525	70.0083	8.0737	17.1203	0.0	0.0	0.0	1.0	0.9564	2.2564	0.8823	1.0	1.0	1.0
skygarden_slnstorylevel01	Scene_Main	526	64.5635	9.7776	16.7145	0.0	0.0	0.0	1.0	15.6461	4.6562	0.6436	1.0	1.0	1.0
skygarden_slnstorylevel01	Scene_Main	527	65.4951	7.3801	17.4001	0.0	-0.1658	0.0	0.9861	0.826	1.4672	0.9024	1.0	1.0	1.0
skygarden_slnstorylevel01	Scene_Main	528	74.5941	7.3801	17.4001	0.0	-0.1658	0.0	0.9861	0.826	1.4672	0.9024	1.0	1.0	1.0
skygarden_slnstorylevel01	Scene_Main	529	74.5814	7.4581	21.6236	0.0	-0.6538	0.0	0.7566	0.826	1.4672	0.9024	1.0	1.0	1.0
skygarden_slnstorylevel01	Scene_Main	530	93.5889	9.4315	33.2739	0.0	-0.7071	0.0	0.7071	8.3428	4.0637	0.7455	1.0	1.0	1.0
skygarden_slnstorylevel01	Scene_Main	531	56.4041	7.3801	17.4001	0.0	-0.1658	0.0	0.9861	0.826	1.4672	0.9024	1.0	1.0	1.0
skygarden_slnstorylevel01	Scene_Main	532	56.3914	7.3801	21.6236	0.0	-0.6538	0.0	0.7566	0.826	1.4672	0.9024	1.0	1.0	1.0
skygarden_slnstorylevel01	Scene_Main	533	65.4824	7.3801	21.6236	0.0	-0.6538	0.0	0.7566	0.826	1.4672	0.9024	1.0	1.0	1.0
skygarden_slnstorylevel01	Scene_Main	534	81.7908	7.3801	21.5821	0.0	-0.9843	0.0	0.1764	0.826	1.4672	0.9024	1.0	1.0	1.0
skygarden_slnstorylevel01	Scene_Main	535	87.3184	7.3801	17.5452	0.0	-0.6034	0.0	0.7973	0.826	1.4672	0.9024	1.0	1.0	1.0
skygarden_slnstorylevel01	Scene_Main	536	86.4577	7.3801	27.4959	0.0	-0.9957	0.0	-0.0922	0.826	1.4672	0.9024	1.0	1.0	1.0
skygarden_slnstorylevel01	Scene_Main	537	92.5077	7.3801	28.1559	0.0	-0.9957	0.0	-0.0922	0.826	1.4672	0.9024	1.0	1.0	1.0
skygarden_slnstorylevel01	Scene_Main	538	93.146	7.3801	35.4936	0.0	-0.3079	0.0	0.9513	0.826	1.4672	0.9024	1.0	1.0	1.0
skygarden_slnstorylevel01	Scene_Main	539	86.8777	7.3801	35.4918	0.0	0.1191	0.0	0.9928	0.826	1.4672	0.9024	1.0	1.0	1.0
skygarden_slnstorylevel01	Scene_Main	540	92.6031	11.8299	27.9862	0.0	-0.5401	0.0	0.8415	2.6475	0.5324	0.4516	1.0	1.0	1.0
skygarden_slnstorylevel01	Scene_Main	541	67.66	11.9082	28.357	0.0	0.7071	0.0	0.7071	1.6574	4.9902	0.7213	1.0	1.0	1.0
skygarden_slnstorylevel01	Scene_Main	542	67.66	10.9172	26.7838	0.0	0.7071	0.0	0.7071	1.6574	4.9902	0.7213	1.0	1.0	1.0
skygarden_slnstorylevel01	Scene_Main	543	67.66	12.8752	29.9099	0.0	0.7071	0.0	0.7071	1.6574	4.9902	0.7213	1.0	1.0	1.0
skygarden_slnstorylevel01	Scene_Main	544	72.4201	10.9725	26.7814	0.0	0.7071	0.0	0.7071	1.6759	4.7928	0.7016	1.0	1.0	1.0
skygarden_slnstorylevel01	Scene_Main	545	72.4201	11.8575	28.3775	0.0	0.7071	0.0	0.7071	1.6759	4.7928	0.7016	1.0	1.0	1.0
skygarden_slnstorylevel01	Scene_Main	546	72.4201	12.7955	29.9265	0.0	0.7071	0.0	0.7071	1.6759	4.7928	0.7016	1.0	1.0	1.0
skygarden_slnstorylevel01	Scene_Main	547	66.7725	11.7677	50.6049	0.0	0.9187	-0.3948	0.0	0.4788	1.4935	0.4643	1.0	1.0	1.0
skygarden_slnstorylevel01	Scene_Main	548	66.7754	11.7677	44.811	0.3948	0.0	0.0	0.9187	0.4788	1.4935	0.4643	1.0	1.0	1.0
skygarden_slnstorylevel01	Scene_Main	549	59.8375	7.9562	50.6667	0.0	-0.6498	0.0	0.76	0.826	1.4672	0.9024	1.0	1.0	1.0
skygarden_slnstorylevel01	Scene_Main	550	59.8375	8.0162	44.6437	0.0	-0.6498	0.0	0.76	0.826	1.4672	0.9024	1.0	1.0	1.0
skygarden_slnstorylevel01	Scene_Main	551	68.5525	10.7506	70.6169	0.0	-0.9187	0.3948	0.0	0.4788	1.4935	0.4643	1.0	1.0	1.0
skygarden_slnstorylevel01	Scene_Main	552	71.3955	10.7506	70.6137	0.0	-0.9187	0.3948	0.0	0.4788	1.4935	0.4643	1.0	1.0	1.0
skygarden_slnstorylevel01	Scene_Main	553	67.6265	7.6234	37.6714	0.0	0.7864	0.0	0.6176	0.5052	0.7683	0.5327	1.0	1.0	1.0
skygarden_slnstorylevel01	Scene_Main	554	72.2347	7.6234	38.6142	0.0	0.9362	0.0	-0.3514	0.5052	0.7683	0.5327	1.0	1.0	1.0
skygarden_slnstorylevel01	Scene_Main	555	72.2278	7.6234	39.2183	0.0	0.2885	0.0	-0.9574	0.5052	0.7683	0.5327	1.0	1.0	1.0
skygarden_slnstorylevel01	Scene_Main	556	67.8258	7.8008	35.562	0.0	0.7071	0.0	0.7071	3.1193	1.2457	1.1233	1.0	1.0	1.0
skygarden_slnstorylevel01	Scene_Main	557	72.2776	7.6234	37.1353	0.0	0.9288	0.0	0.3704	0.5052	0.7683	0.5327	1.0	1.0	1.0
skygarden_slnstorylevel01	Scene_Main	558	67.749	7.9562	33.1543	0.0	-0.6216	0.0	-0.7833	0.826	1.4672	0.9024	1.0	1.0	1.0
skygarden_slnstorylevel01	Scene_Main	559	67.7472	7.2344	31.0981	0.0	-0.6216	0.0	-0.7833	0.826	1.4672	0.9024	1.0	1.0	1.0
skygarden_slnstorylevel01	Scene_Main	560	72.0393	7.9562	33.1422	0.0	0.9991	0.0	0.04	0.826	1.4672	0.9024	1.0	1.0	1.0
skygarden_slnstorylevel01	Scene_Main	561	72.0438	7.2344	31.0845	0.0	0.9496	0.0	0.3133	0.826	1.4672	0.9024	1.0	1.0	1.0
skygarden_slnstorylevel01	Scene_Main	562	67.7245	7.9562	53.1495	0.0	-0.5541	0.0	0.8324	0.826	1.4672	0.9024	1.0	1.0	1.0
skygarden_slnstorylevel01	Scene_Main	563	72.276	12.2819	59.769	0.0	-0.7071	0.0	0.7071	3.2325	0.3549	0.3843	1.0	1.0	1.0
skygarden_slnstorylevel01	Scene_Main	564	67.8364	7.9562	58.5326	0.0	0.0635	0.0	0.9979	0.826	1.4672	0.9024	1.0	1.0	1.0
skygarden_slnstorylevel01	Scene_Main	565	67.664	12.2819	60.2501	0.0	-0.7071	0.0	-0.7071	3.8137	0.3549	0.3843	1.0	1.0	1.0
skygarden_slnstorylevel01	Scene_Main	566	72.0858	7.9562	58.5202	0.0	-0.8129	0.0	0.5823	0.826	1.4672	0.9024	1.0	1.0	1.0
skygarden_slnstorylevel01	Scene_Main	567	67.7356	7.9562	42.3558	0.0	-0.9814	0.0	-0.1915	0.826	1.4672	0.9024	1.0	1.0	1.0
skygarden_slnstorylevel01	Scene_Main	568	71.945	7.3681	69.9391	0.0	-0.9246	0.0	-0.3807	0.826	1.4672	0.9024	1.0	1.0	1.0
skygarden_slnstorylevel01	Scene_Main	569	67.8258	7.3681	69.9523	0.0	-0.8107	0.0	0.5853	0.826	1.4672	0.9024	1.0	1.0	1.0
skygarden_slnstorylevel01	Scene_Main	570	71.5804	7.6239	38.7345	0.0	0.7684	0.0	0.6398	0.7486	0.707	0.7103	1.0	1.0	1.0
skygarden_slnstorylevel01	Scene_Main	571	58.7906	7.7673	28.2875	0.0	-0.7071	0.0	0.7071	4.7676	1.1611	0.1864	1.0	1.0	1.0
skygarden_slnstorylevel01	Scene_Main	572	62.7925	7.8633	26.8286	0.0	-1.0	0.0	0.0	6.4175	1.1611	0.1864	1.0	1.0	1.0
skygarden_slnstorylevel01	Scene_Main	573	59.6306	7.8633	29.0716	0.0	-0.7071	0.0	0.7071	4.4723	1.1611	0.1864	1.0	1.0	1.0
skygarden_slnstorylevel01	Scene_Main	574	65.8156	7.8633	29.0696	0.0	-0.7071	0.0	0.7071	4.4723	1.1611	0.1864	1.0	1.0	1.0
skygarden_slnstorylevel01	Scene_Main	575	66.168	10.0199	36.0349	0.0	0.0	0.0	1.0	0.7808	5.627	0.5367	1.0	1.0	1.0
skygarden_slnstorylevel01	Scene_Main	576	65.1893	7.4502	36.0349	0.0	0.0	0.0	1.0	1.2435	0.3502	0.2913	1.0	1.0	1.0
skygarden_slnstorylevel01	Scene_Main	577	65.6191	7.799	36.0349	0.022	-0.0209	0.3873	0.9214	0.8356	0.3864	0.1672	1.0	1.0	1.0
skygarden_slnstorylevel01	Scene_Main	578	66.0712	11.1025	34.6795	0.0	0.7071	0.0	0.7071	1.6759	4.7928	0.7016	1.0	1.0	1.0
skygarden_slnstorylevel01	Scene_Main	579	66.063	10.0199	42.485	0.0	0.0	0.0	1.0	0.7808	5.627	0.5367	1.0	1.0	1.0
skygarden_slnstorylevel01	Scene_Main	580	65.0843	7.4502	42.485	0.0	0.0	0.0	1.0	1.2435	0.3502	0.2913	1.0	1.0	1.0
skygarden_slnstorylevel01	Scene_Main	581	65.5141	7.799	42.485	0.022	-0.0209	0.3873	0.9214	0.8356	0.3864	0.1672	1.0	1.0	1.0
skygarden_slnstorylevel01	Scene_Main	582	59.4809	10.0199	36.0349	0.0	-1.0	0.0	0.0	0.7808	5.627	0.5367	1.0	1.0	1.0
skygarden_slnstorylevel01	Scene_Main	583	60.4596	7.4502	36.0349	0.0	-1.0	0.0	0.0	1.2435	0.3502	0.2913	1.0	1.0	1.0
skygarden_slnstorylevel01	Scene_Main	584	60.0298	7.799	36.0349	-0.3873	-0.9214	0.022	-0.0209	0.8356	0.3864	0.1672	1.0	1.0	1.0
skygarden_slnstorylevel01	Scene_Main	585	59.4189	10.0199	42.485	0.0	-1.0	0.0	0.0	0.7808	5.627	0.5367	1.0	1.0	1.0
skygarden_slnstorylevel01	Scene_Main	586	60.3976	7.4502	42.485	0.0	-1.0	0.0	0.0	1.2435	0.3502	0.2913	1.0	1.0	1.0
skygarden_slnstorylevel01	Scene_Main	587	59.9678	7.799	42.485	-0.3873	-0.9214	0.022	-0.0209	0.8356	0.3864	0.1672	1.0	1.0	1.0
skygarden_slnstorylevel01	Scene_Main	588	59.3911	8.6496	37.425	0.0	0.7071	0.0	0.7071	2.248	2.7884	0.7114	1.0	1.0	1.0
skygarden_slnstorylevel01	Scene_Main	589	59.6892	7.9591	41.6292	0.0	0.3402	0.0	0.9403	0.826	1.4672	0.9024	1.0	1.0	1.0
skygarden_slnstorylevel01	Scene_Main	590	59.3911	11.4557	37.425	0.0	0.7071	0.0	0.7071	2.248	2.7884	0.7114	1.0	1.0	1.0
skygarden_slnstorylevel01	Scene_Main	591	59.3911	8.6496	39.568	0.0	0.7071	0.0	0.7071	2.248	2.7884	0.7114	1.0	1.0	1.0
skygarden_slnstorylevel01	Scene_Main	592	59.3911	11.4557	39.568	0.0	0.7071	0.0	0.7071	2.248	2.7884	0.7114	1.0	1.0	1.0
skygarden_slnstorylevel01	Scene_Main	593	62.8252	13.275	40.0425	0.0	0.7071	0.7071	0.0	4.6244	4.0743	0.5657	1.0	1.0	1.0
skygarden_slnstorylevel01	Scene_Main	594	65.3127	13.3247	39.2348	0.0	0.7071	0.7071	0.0	0.3935	5.6897	0.4664	1.0	1.0	1.0
skygarden_slnstorylevel01	Scene_Main	595	59.9396	14.006	40.1938	0.3623	0.6072	0.6072	0.3623	2.1032	1.8413	0.5183	1.0	1.0	1.0
skygarden_slnstorylevel01	Scene_Main	596	65.7504	7.9591	41.6231	0.0	-0.1551	0.0	0.9878	0.826	1.4672	0.9024	1.0	1.0	1.0
skygarden_slnstorylevel01	Scene_Main	597	62.8252	13.275	36.1025	0.0	0.7071	0.7071	0.0	4.6244	4.0743	0.5657	1.0	1.0	1.0
skygarden_slnstorylevel01	Scene_Main	598	65.3127	13.3247	35.2948	0.0	0.7071	0.7071	0.0	0.3935	5.6897	0.4664	1.0	1.0	1.0
skygarden_slnstorylevel01	Scene_Main	599	59.9396	14.006	36.2538	0.3623	0.6072	0.6072	0.3623	2.1032	1.8413	0.5183	1.0	1.0	1.0
skygarden_slnstorylevel01	Scene_Main	600	65.5699	7.9591	35.2522	0.0	-0.8503	0.0	0.5261	0.826	1.4672	0.9024	1.0	1.0	1.0
skygarden_slnstorylevel01	Scene_Main	601	59.6321	11.8776	26.4474	0.3598	0.3782	-0.1625	0.8372	0.4788	1.4935	0.4643	1.0	1.0	1.0
skygarden_slnstorylevel01	Scene_Main	602	65.0865	11.8776	26.582	0.348	-0.434	0.1865	0.8097	0.4788	1.4935	0.4643	1.0	1.0	1.0
skygarden_slnstorylevel01	Scene_Main	603	60.6553	10.6135	26.017	0.0	0.0	0.0	1.0	2.7224	2.9191	0.4053	1.0	1.0	1.0
skygarden_slnstorylevel01	Scene_Main	604	59.1909	10.0348	26.0527	0.0	0.0	0.0	1.0	0.2316	4.0766	0.3342	1.0	1.0	1.0
skygarden_slnstorylevel01	Scene_Main	605	62.3541	10.7221	26.5408	0.0	-0.5124	0.0	0.8587	1.4463	1.3193	0.32	1.0	1.0	1.0
skygarden_slnstorylevel01	Scene_Main	606	62.9779	9.2958	29.1168	0.0	0.0	0.0	1.0	2.1459	4.679	2.0306	1.0	1.0	1.0
skygarden_slnstorylevel01	Scene_Main	607	59.9284	7.9591	35.2434	0.0	-0.8591	0.0	-0.5117	0.826	1.4672	0.9024	1.0	1.0	1.0
skygarden_slnstorylevel01	Scene_Main	608	63.5407	11.1286	26.1649	0.0	0.0	0.0	1.0	2.7584	3.2953	0.4576	1.0	1.0	1.0
skygarden_slnstorylevel01	Scene_Main	609	62.0569	10.4752	26.2051	0.0	0.0	0.0	1.0	0.2347	4.6018	0.3772	1.0	1.0	1.0
skygarden_slnstorylevel01	Scene_Main	610	65.262	11.2511	26.7561	0.0	-0.5124	0.0	0.8587	1.6004	1.4892	0.334	1.0	1.0	1.0
skygarden_slnstorylevel01	Scene_Main	611	64.6989	7.6706	30.206	0.0	0.0	0.0	1.0	2.5522	1.1256	2.4207	1.0	1.0	1.0
skygarden_slnstorylevel01	Scene_Main	612	62.6401	7.8513	68.5892	0.0	0.0	0.0	1.0	5.587	1.1611	0.1864	1.0	1.0	1.0
skygarden_slnstorylevel01	Scene_Main	613	59.458	10.0199	56.365	0.0	-1.0	0.0	0.0	0.7808	5.627	0.5367	1.0	1.0	1.0
skygarden_slnstorylevel01	Scene_Main	614	60.4366	7.4502	56.365	0.0	-1.0	0.0	0.0	1.2435	0.3502	0.2913	1.0	1.0	1.0
skygarden_slnstorylevel01	Scene_Main	615	60.0068	7.799	56.365	-0.3873	-0.9214	0.022	-0.0209	0.8356	0.3864	0.1672	1.0	1.0	1.0
skygarden_slnstorylevel01	Scene_Main	616	66.1019	10.0199	56.247	0.0	0.0	0.0	1.0	0.7808	5.627	0.5367	1.0	1.0	1.0
skygarden_slnstorylevel01	Scene_Main	617	65.1233	7.4502	56.247	0.0	0.0	0.0	1.0	1.2435	0.3502	0.2913	1.0	1.0	1.0
skygarden_slnstorylevel01	Scene_Main	618	65.5531	7.799	56.247	0.022	-0.0209	0.3873	0.9214	0.8356	0.3864	0.1672	1.0	1.0	1.0
skygarden_slnstorylevel01	Scene_Main	619	59.3711	8.6496	55.2325	0.0	0.7071	0.0	0.7071	1.9684	2.7884	0.7114	1.0	1.0	1.0
skygarden_slnstorylevel01	Scene_Main	620	59.3711	11.4557	53.3555	0.0	0.7071	0.0	0.7071	1.9684	2.7884	0.7114	1.0	1.0	1.0
skygarden_slnstorylevel01	Scene_Main	621	59.3711	11.4557	55.2325	0.0	0.7071	0.0	0.7071	1.9684	2.7884	0.7114	1.0	1.0	1.0
skygarden_slnstorylevel01	Scene_Main	622	59.3711	8.6496	53.3555	0.0	0.7071	0.0	0.7071	1.9684	2.7884	0.7114	1.0	1.0	1.0
skygarden_slnstorylevel01	Scene_Main	623	59.6958	7.9731	57.1215	0.0	-0.3129	0.0	0.9497	0.826	1.4672	0.9024	1.0	1.0	1.0
skygarden_slnstorylevel01	Scene_Main	624	65.8349	7.8248	57.789	0.0	-0.7071	0.0	0.7071	2.3938	1.1721	1.1194	1.0	1.0	1.0
skygarden_slnstorylevel01	Scene_Main	625	65.1439	7.7023	60.4169	0.0	0.0	0.0	1.0	1.2485	0.9788	1.2344	1.0	1.0	1.0
skygarden_slnstorylevel01	Scene_Main	626	65.8383	7.8513	66.3668	0.0	0.7071	0.0	0.7071	4.5014	1.1611	0.1864	1.0	1.0	1.0
skygarden_slnstorylevel01	Scene_Main	627	59.5862	7.8513	66.3668	0.0	0.7071	0.0	0.7071	4.5014	1.1611	0.1864	1.0	1.0	1.0
skygarden_slnstorylevel01	Scene_Main	628	65.611	7.644	54.1157	0.0	0.0	0.0	1.0	1.4227	0.9623	2.5556	1.0	1.0	1.0
skygarden_slnstorylevel01	Scene_Main	629	65.0019	7.8964	57.9208	0.0	0.1305	0.0	0.9914	0.847	1.2997	0.7155	1.0	1.0	1.0
skygarden_slnstorylevel01	Scene_Main	630	61.4462	10.9856	69.923	0.0	1.0	0.0	0.0	2.7746	3.2953	0.4576	1.0	1.0	1.0
skygarden_slnstorylevel01	Scene_Main	631	62.9386	10.3322	69.8828	0.0	1.0	0.0	0.0	0.236	4.6018	0.3772	1.0	1.0	1.0
skygarden_slnstorylevel01	Scene_Main	632	59.7148	11.1081	69.3318	0.0	0.8587	0.0	0.5124	1.602	1.4892	0.3354	1.0	1.0	1.0
skygarden_slnstorylevel01	Scene_Main	633	63.089	9.3249	66.704	0.0	0.0	0.0	1.0	2.178	4.749	2.061	1.0	1.0	1.0
skygarden_slnstorylevel01	Scene_Main	634	64.7756	8.6802	65.4125	0.0	-0.8848	0.0	0.4658	1.9682	3.4555	1.8625	1.0	1.0	1.0
skygarden_slnstorylevel01	Scene_Main	635	63.0955	7.6477	65.2478	0.0	-0.14	0.0	-0.9901	2.2061	1.24	2.0925	1.0	1.0	1.0
skygarden_slnstorylevel01	Scene_Main	636	59.9495	8.34	60.9319	0.0	0.0	0.0	1.0	1.295	2.2327	0.7754	1.0	1.0	1.0
skygarden_slnstorylevel01	Scene_Main	637	59.9124	8.34	61.8322	0.0	1.0	0.0	0.0	1.295	2.2327	0.7754	1.0	1.0	1.0
skygarden_slnstorylevel01	Scene_Main	638	65.958	11.0472	57.5279	0.0	-0.7071	0.0	0.7071	1.6574	4.9902	0.7213	1.0	1.0	1.0
skygarden_slnstorylevel01	Scene_Main	639	63.2525	10.4705	70.0709	0.0	1.0	0.0	0.0	2.7384	2.9191	0.4053	1.0	1.0	1.0
skygarden_slnstorylevel01	Scene_Main	640	64.7255	9.8918	70.0352	0.0	1.0	0.0	0.0	0.233	4.0766	0.3342	1.0	1.0	1.0
skygarden_slnstorylevel01	Scene_Main	641	61.5438	10.5791	69.5472	0.0	0.8587	0.0	0.5124	1.4479	1.3193	0.3214	1.0	1.0	1.0
skygarden_slnstorylevel01	Scene_Main	642	62.6548	12.9687	57.8874	0.7071	0.0	0.0	-0.7071	4.17	4.0743	0.3023	1.0	1.0	1.0
skygarden_slnstorylevel01	Scene_Main	643	60.4117	12.9952	58.6951	0.7071	0.0	0.0	-0.7071	0.3548	5.6897	0.2492	1.0	1.0	1.0
skygarden_slnstorylevel01	Scene_Main	644	65.2568	13.3592	57.7361	0.6072	0.3623	-0.3623	-0.6072	1.298	1.8413	0.4244	1.0	1.0	1.0
skygarden_slnstorylevel01	Scene_Main	645	62.6548	12.9687	53.9474	0.7071	0.0	0.0	-0.7071	4.17	4.0743	0.3023	1.0	1.0	1.0
skygarden_slnstorylevel01	Scene_Main	646	60.4117	12.9952	54.7551	0.7071	0.0	0.0	-0.7071	0.3548	5.6897	0.2492	1.0	1.0	1.0
skygarden_slnstorylevel01	Scene_Main	647	65.2568	13.3592	53.7961	0.6072	0.3623	-0.3623	-0.6072	1.298	1.8413	0.4244	1.0	1.0	1.0
skygarden_slnstorylevel01	Scene_Main	648	65.1153	7.6633	62.0502	0.0	0.0	0.0	1.0	1.4235	0.891	1.7905	1.0	1.0	1.0
skygarden_slnstorylevel01	Scene_Main	649	74.173	7.3681	68.1168	0.0	-0.9781	0.0	-0.2077	0.826	1.4672	0.9024	1.0	1.0	1.0
skygarden_slnstorylevel01	Scene_Main	650	74.2671	7.3681	64.0711	0.0	0.1987	0.0	-0.98	0.826	1.4672	0.9024	1.0	1.0	1.0
skygarden_slnstorylevel01	Scene_Main	651	76.8445	7.5774	64.0649	0.0	-0.3576	0.0	0.9338	1.7302	2.1395	1.7119	1.0	1.0	1.0
skygarden_slnstorylevel01	Scene_Main	652	80.7409	7.1918	68.0064	0.0	-1.0	0.0	0.0	2.3938	1.1721	1.1194	1.0	1.0	1.0
skygarden_slnstorylevel01	Scene_Main	653	73.2155	10.9266	68.2009	0.0	-0.9187	0.3948	0.0	0.4788	1.4935	0.4643	1.0	1.0	1.0
skygarden_slnstorylevel01	Scene_Main	654	82.2979	9.363	68.6159	0.0	-0.7071	0.0	0.7071	0.3756	5.5198	0.441	1.0	1.0	1.0
skygarden_slnstorylevel01	Scene_Main	655	80.875	11.0472	68.484	0.0	-1.0	0.0	0.0	1.6574	4.9902	0.7213	1.0	1.0	1.0
skygarden_slnstorylevel01	Scene_Main	656	74.411	9.459	68.6159	0.0	-0.7071	0.0	0.7071	0.3756	5.5198	0.441	1.0	1.0	1.0
skygarden_slnstorylevel01	Scene_Main	657	82.202	9.363	63.5079	0.0	-0.7071	0.0	-0.7071	0.3756	5.5198	0.441	1.0	1.0	1.0
skygarden_slnstorylevel01	Scene_Main	658	73.2033	10.9266	64.0609	0.3948	0.0	0.0	0.9187	0.4788	1.4935	0.4643	1.0	1.0	1.0
skygarden_slnstorylevel01	Scene_Main	659	74.3149	9.459	63.5079	0.0	-0.7071	0.0	-0.7071	0.3756	5.5198	0.441	1.0	1.0	1.0
skygarden_slnstorylevel01	Scene_Main	660	78.3999	8.5699	68.582	0.0	-0.9995	0.0	0.0289	8.3437	1.0	0.4108	1.0	1.0	1.0
skygarden_slnstorylevel01	Scene_Main	661	67.414	10.9266	74.4085	0.2791	0.6496	-0.2791	0.6496	0.4788	1.4935	0.4643	1.0	1.0	1.0
skygarden_slnstorylevel01	Scene_Main	662	67.6722	7.4792	73.9302	0.0	-0.7071	0.0	-0.7071	1.0015	1.7268	0.5997	1.0	1.0	1.0
skygarden_slnstorylevel01	Scene_Main	663	67.831	7.3143	72.4348	0.0	-0.9781	0.0	-0.2077	0.826	1.4672	0.9024	1.0	1.0	1.0
skygarden_slnstorylevel01	Scene_Main	664	72.11	7.3681	72.4348	0.0	-0.9781	0.0	-0.2077	0.826	1.4672	0.9024	1.0	1.0	1.0
skygarden_slnstorylevel01	Scene_Main	665	72.1719	7.1689	75.7314	0.0	-0.7071	0.0	0.7071	2.3938	1.1721	1.1194	1.0	1.0	1.0
skygarden_slnstorylevel01	Scene_Main	666	71.6019	7.2484	75.7412	0.0	0.1463	0.0	0.9892	0.847	1.2997	0.7155	1.0	1.0	1.0
skygarden_slnstorylevel01	Scene_Main	667	72.525	10.9266	74.4214	0.2791	-0.6496	0.2791	0.6496	0.4788	1.4935	0.4643	1.0	1.0	1.0
skygarden_slnstorylevel01	Scene_Main	668	12.2435	15.9052	17.0631	0.0	0.0	0.0	1.0	3.3698	6.298	1.4247	1.0	1.0	1.0
skygarden_slnstorylevel01	Scene_Main	669	6.1245	15.9721	39.6868	0.0	-0.9233	0.0	-0.3838	3.2218	6.5461	0.7986	1.0	1.0	1.0
skygarden_slnstorylevel01	Scene_Main	670	4.5682	15.9052	33.4855	0.0	0.7071	0.0	0.7071	3.3299	6.298	1.4247	1.0	1.0	1.0
skygarden_slnstorylevel01	Scene_Main	671	13.239	14.4907	22.4179	0.0	0.0	0.0	1.0	2.0461	9.9833	2.0694	1.0	1.0	1.0
skygarden_slnstorylevel01	Scene_Main	672	15.6035	9.7373	17.0711	0.0	0.0	0.0	1.0	3.3698	6.298	1.4247	1.0	1.0	1.0
skygarden_slnstorylevel01	Scene_Main	673	13.2389	15.9052	31.1605	0.0	-0.7071	0.0	0.7071	3.3698	6.298	1.4247	1.0	1.0	1.0
skygarden_slnstorylevel01	Scene_Main	674	15.6035	9.7373	22.5401	0.0	0.0	0.0	1.0	3.3698	6.298	1.4247	1.0	1.0	1.0
skygarden_slnstorylevel01	Scene_Main	675	7.4299	15.9052	19.7662	0.0	-0.7071	0.0	0.7071	3.9299	6.298	1.4247	1.0	1.0	1.0
skygarden_slnstorylevel01	Scene_Main	676	7.7133	9.7373	23.4095	0.0	-0.7071	0.0	0.7071	3.3698	6.298	0.4749	1.0	1.0	1.0
skygarden_slnstorylevel01	Scene_Main	677	15.5795	15.9052	17.0631	0.0	0.0	0.0	1.0	3.3698	6.298	1.4247	1.0	1.0	1.0
skygarden_slnstorylevel01	Scene_Main	678	7.4404	15.9082	29.5913	0.0	-0.7071	0.0	0.7071	2.4901	6.3082	1.3466	1.0	1.0	1.0
skygarden_slnstorylevel01	Scene_Main	679	12.2645	9.7373	17.0711	0.0	0.0	0.0	1.0	3.3698	6.298	1.4247	1.0	1.0	1.0
skygarden_slnstorylevel01	Scene_Main	680	13.238	15.9082	37.3406	0.0	0.7071	0.0	0.7071	2.4901	6.3082	1.3466	1.0	1.0	1.0
skygarden_slnstorylevel01	Scene_Main	681	18.9255	15.9052	22.5329	0.0	0.0	0.0	1.0	3.3698	6.298	1.4247	1.0	1.0	1.0
skygarden_slnstorylevel01	Scene_Main	682	12.8973	9.7373	24.4905	0.0	-0.7071	0.0	0.7071	3.3698	6.298	0.1899	1.0	1.0	1.0
skygarden_slnstorylevel01	Scene_Main	683	18.9425	9.7373	22.5401	0.0	0.0	0.0	1.0	3.3698	6.298	1.4247	1.0	1.0	1.0
skygarden_slnstorylevel01	Scene_Main	684	7.7133	9.7373	19.7989	0.0	-0.7071	0.0	0.7071	3.9264	6.298	0.4749	1.0	1.0	1.0
skygarden_slnstorylevel01	Scene_Main	685	13.2389	15.9052	24.4825	0.0	-0.7071	0.0	0.7071	3.3698	6.298	1.4247	1.0	1.0	1.0
skygarden_slnstorylevel01	Scene_Main	686	8.9125	15.9052	17.0631	0.0	0.0	0.0	1.0	3.3698	6.298	1.4247	1.0	1.0	1.0
skygarden_slnstorylevel01	Scene_Main	687	4.9931	16.1943	38.6041	0.0	-0.7071	0.0	0.7071	0.6606	6.579	0.6681	1.0	1.0	1.0
skygarden_slnstorylevel01	Scene_Main	688	13.242	15.9052	34.5144	0.0	0.7071	0.0	0.7071	3.3698	6.298	1.4247	1.0	1.0	1.0
skygarden_slnstorylevel01	Scene_Main	689	13.2389	15.9052	27.8153	0.0	-0.7071	0.0	0.7071	3.3922	6.298	1.4247	1.0	1.0	1.0
skygarden_slnstorylevel01	Scene_Main	690	12.0993	15.9721	39.7284	0.0	-0.9238	0.0	0.3826	3.2217	6.5461	0.7986	1.0	1.0	1.0
skygarden_slnstorylevel01	Scene_Main	691	8.888	12.4903	36.1529	0.0	0.0	0.0	1.0	8.1978	1.0	9.4146	1.0	1.0	1.0
skygarden_slnstorylevel01	Scene_Main	692	7.8871	10.4216	19.8749	0.0	0.0	0.0	1.0	0.4381	0.9825	5.3707	1.0	1.0	1.0
skygarden_slnstorylevel01	Scene_Main	693	10.9054	10.4216	17.4169	0.0	0.7071	0.0	0.7071	0.4381	0.9825	6.4295	1.0	1.0	1.0
skygarden_slnstorylevel01	Scene_Main	694	7.8871	11.3402	25.788	0.0	0.0	0.0	1.0	0.4381	0.9825	1.8309	1.0	1.0	1.0
skygarden_slnstorylevel01	Scene_Main	695	12.86	11.3402	25.788	0.0	0.0	0.0	1.0	0.4381	0.9825	1.8309	1.0	1.0	1.0
skygarden_slnstorylevel01	Scene_Main	696	12.8599	10.9249	23.7584	-0.1677	0.0	0.0	0.9858	0.4381	0.9627	3.0403	1.0	1.0	1.0
skygarden_slnstorylevel01	Scene_Main	697	12.86	12.3823	28.9528	-0.2035	0.0	0.0	0.979	0.4381	0.9627	5.083	1.0	1.0	1.0
skygarden_slnstorylevel01	Scene_Main	698	7.898	12.288	28.7357	-0.2035	0.0	0.0	0.979	0.4381	0.9627	4.6095	1.0	1.0	1.0
skygarden_slnstorylevel01	Scene_Main	699	7.8704	10.9249	23.7584	-0.1677	0.0	0.0	0.9858	0.4381	0.9627	3.0403	1.0	1.0	1.0
skygarden_slnstorylevel01	Scene_Main	700	10.4489	10.9106	25.5519	0.0	0.0	0.0	1.0	4.8528	0.1572	1.9579	1.0	1.0	1.0
skygarden_slnstorylevel01	Scene_Main	701	11.1352	9.9226	19.7849	0.0	0.0	0.0	1.0	6.1742	0.1572	4.403	1.0	1.0	1.0
skygarden_slnstorylevel01	Scene_Main	702	10.5474	10.3596	23.0613	-0.171	0.0	0.0	0.9852	4.9992	0.1572	3.3105	1.0	1.0	1.0
skygarden_slnstorylevel01	Scene_Main	703	10.4854	11.919	28.5975	-0.2028	0.0	0.0	0.9792	4.8748	0.1572	5.1701	1.0	1.0	1.0
skygarden_slnstorylevel01	Scene_Main	704	10.4084	12.9366	31.4328	0.0	0.0	0.0	1.0	5.0295	0.1572	0.9895	1.0	1.0	1.0
skygarden_slnstorylevel01	Scene_Main	705	12.86	13.3196	34.8443	-0.0004	0.0	0.0	0.9999	0.4381	0.9627	7.42	1.0	1.0	1.0
skygarden_slnstorylevel01	Scene_Main	706	6.1033	15.9211	31.1462	0.0	0.0	0.0	1.0	1.6837	6.3392	1.3493	1.0	1.0	1.0
skygarden_slnstorylevel01	Scene_Main	707	15.5915	15.9052	22.5329	0.0	0.0	0.0	1.0	3.3698	6.298	1.4247	1.0	1.0	1.0
skygarden_slnstorylevel01	Scene_Main	708	4.5392	15.977	31.134	0.0	0.0	0.0	1.0	2.0461	6.2265	2.0694	1.0	1.0	1.0
skygarden_slnstorylevel01	Scene_Main	709	4.5683	15.9052	36.8004	0.0	0.7071	0.0	0.7071	3.3698	6.298	1.4247	1.0	1.0	1.0
skygarden_slnstorylevel01	Scene_Main	710	12.8161	15.9653	38.6398	0.0	-0.7071	0.0	-0.7071	0.6605	6.579	0.7879	1.0	1.0	1.0
skygarden_slnstorylevel01	Scene_Main	711	7.48	14.6886	17.2189	0.0	0.0	0.0	1.0	2.0461	10.1525	2.0694	1.0	1.0	1.0
skygarden_slnstorylevel01	Scene_Main	712	12.8973	9.7373	31.1685	0.0	-0.7071	0.0	0.7071	3.3698	6.298	0.1899	1.0	1.0	1.0
skygarden_slnstorylevel01	Scene_Main	713	18.9115	15.9052	17.0631	0.0	0.0	0.0	1.0	3.3698	6.298	1.4247	1.0	1.0	1.0
skygarden_slnstorylevel01	Scene_Main	714	7.4299	15.9052	26.6855	0.0	-0.7071	0.0	0.7071	3.3698	6.298	1.4247	1.0	1.0	1.0
skygarden_slnstorylevel01	Scene_Main	715	8.9255	9.7373	17.0711	0.0	0.0	0.0	1.0	3.3698	6.298	1.4247	1.0	1.0	1.0
skygarden_slnstorylevel01	Scene_Main	716	7.4299	15.9052	23.3705	0.0	-0.7071	0.0	0.7071	3.3698	6.298	1.4247	1.0	1.0	1.0
skygarden_slnstorylevel01	Scene_Main	717	7.6399	15.977	31.1469	0.0	0.0	0.0	1.0	2.0461	6.2265	2.0694	1.0	1.0	1.0
skygarden_slnstorylevel01	Scene_Main	718	7.7211	9.7403	29.5993	0.0	-0.7071	0.0	0.7071	2.4901	6.3082	0.4488	1.0	1.0	1.0
skygarden_slnstorylevel01	Scene_Main	719	7.6399	9.688	31.1469	0.0	0.0	0.0	1.0	2.0461	6.2265	2.0694	1.0	1.0	1.0
skygarden_slnstorylevel01	Scene_Main	720	12.8973	9.7373	27.8295	0.0	-0.7071	0.0	0.7071	3.3698	6.298	0.1899	1.0	1.0	1.0
skygarden_slnstorylevel01	Scene_Main	721	18.9393	9.7373	17.0711	0.0	0.0	0.0	1.0	3.3922	6.298	1.4247	1.0	1.0	1.0
skygarden_slnstorylevel01	Scene_Main	722	7.7133	9.7373	26.7485	0.0	-0.7071	0.0	0.7071	3.3698	6.298	0.4749	1.0	1.0	1.0
skygarden_slnstorylevel01	Scene_Main	723	9.0982	15.9821	40.577	0.0	-1.0	0.0	0.0	4.6684	6.5461	0.7986	1.0	1.0	1.0
skygarden_slnstorylevel01	Scene_Main	724	28.116	9.7532	22.5443	0.0	0.0	0.0	1.0	1.6949	6.3392	1.3493	1.0	1.0	1.0
skygarden_slnstorylevel01	Scene_Main	725	30.3787	15.9082	18.5286	0.0	0.7071	0.0	0.7071	2.5524	6.3082	0.5934	1.0	1.0	1.0
skygarden_slnstorylevel01	Scene_Main	726	30.7086	17.082	22.6721	0.0	0.7071	0.0	0.7071	1.6757	6.3144	1.3699	1.0	1.0	1.0
skygarden_slnstorylevel01	Scene_Main	727	29.0101	9.6843	22.0312	0.0	0.0	0.0	-1.0	0.6606	6.579	1.0193	1.0	1.0	1.0
skygarden_slnstorylevel01	Scene_Main	728	29.0311	15.8943	22.5007	0.0	0.0	0.0	-1.0	0.6606	6.579	0.6681	1.0	1.0	1.0
skygarden_slnstorylevel01	Scene_Main	729	30.3787	15.9082	21.07	0.0	0.7071	0.0	0.7071	2.525	6.3082	0.5934	1.0	1.0	1.0
skygarden_slnstorylevel01	Scene_Main	730	22.2555	15.9052	22.5329	0.0	0.0	0.0	1.0	3.3698	6.298	1.4247	1.0	1.0	1.0
skygarden_slnstorylevel01	Scene_Main	731	19.2497	1.3097	31.1392	0.0	-0.7071	0.0	0.7071	12.4744	39.8165	2.8495	1.0	1.0	1.0
skygarden_slnstorylevel01	Scene_Main	732	22.2475	15.9052	17.0631	0.0	0.0	0.0	1.0	3.3698	6.298	1.4247	1.0	1.0	1.0
skygarden_slnstorylevel01	Scene_Main	733	22.2843	9.7373	17.0711	0.0	0.0	0.0	1.0	3.3922	6.298	1.4247	1.0	1.0	1.0
skygarden_slnstorylevel01	Scene_Main	734	28.9573	9.7373	17.0711	0.0	0.0	0.0	1.0	3.3922	6.298	1.4247	1.0	1.0	1.0
skygarden_slnstorylevel01	Scene_Main	735	28.8107	15.9052	17.0631	0.0	0.0	0.0	1.0	3.0766	6.298	1.4247	1.0	1.0	1.0
skygarden_slnstorylevel01	Scene_Main	736	28.7928	15.9052	22.5321	0.0	0.0	0.0	1.0	3.0303	6.298	1.4247	1.0	1.0	1.0
skygarden_slnstorylevel01	Scene_Main	737	31.1441	8.8478	20.4431	0.0	0.7071	0.0	0.7071	0.2147	4.4979	0.1912	1.0	1.0	1.0
skygarden_slnstorylevel01	Scene_Main	738	31.1441	10.4764	19.3519	0.0	0.7071	0.0	0.7071	2.397	1.2407	0.1912	1.0	1.0	1.0
skygarden_slnstorylevel01	Scene_Main	739	31.1441	8.8438	18.2278	0.0	0.7071	0.0	0.7071	0.2198	4.506	0.1912	1.0	1.0	1.0
skygarden_slnstorylevel01	Scene_Main	740	25.6047	15.9052	22.5329	0.0	0.0	0.0	1.0	3.4116	6.298	1.4247	1.0	1.0	1.0
skygarden_slnstorylevel01	Scene_Main	741	30.7299	17.0366	18.093	0.0	0.7071	0.0	0.7071	2.5429	6.4013	1.3085	1.0	1.0	1.0
skygarden_slnstorylevel01	Scene_Main	742	30.7086	9.7527	22.6641	0.0	0.7071	0.0	0.7071	1.6757	6.3144	1.3699	1.0	1.0	1.0
skygarden_slnstorylevel01	Scene_Main	743	25.6203	9.7373	17.0711	0.0	0.0	0.0	1.0	3.3922	6.298	1.4247	1.0	1.0	1.0
skygarden_slnstorylevel01	Scene_Main	744	25.6205	9.7373	22.5401	0.0	0.0	0.0	1.0	3.3698	6.298	1.4247	1.0	1.0	1.0
skygarden_slnstorylevel01	Scene_Main	745	25.5097	7.2003	19.7688	0.0	0.0	-0.1768	0.9842	5.0835	0.726	4.4654	1.0	1.0	1.0
skygarden_slnstorylevel01	Scene_Main	746	29.3463	6.6194	20.7047	0.0	0.0	0.0	1.0	3.8164	0.1132	6.4593	1.0	1.0	1.0
skygarden_slnstorylevel01	Scene_Main	747	28.263	7.1304	17.4172	0.0	0.0	0.0	1.0	4.6928	1.1354	0.4381	1.0	1.0	1.0
skygarden_slnstorylevel01	Scene_Main	748	28.263	7.1304	22.114	0.0	0.0	0.0	1.0	4.6928	1.1354	0.4381	1.0	1.0	1.0
skygarden_slnstorylevel01	Scene_Main	749	24.2569	7.8969	22.114	0.0	0.0	-0.2274	0.9737	3.7396	1.1354	0.4381	1.0	1.0	1.0
skygarden_slnstorylevel01	Scene_Main	750	24.2569	7.8969	17.416	0.0	0.0	-0.2274	0.9737	3.7396	1.1354	0.4381	1.0	1.0	1.0
skygarden_slnstorylevel01	Scene_Main	751	23.0561	8.3636	19.7029	0.0	0.0	0.0	1.0	0.4045	0.1132	4.4556	1.0	1.0	1.0
skygarden_slnstorylevel01	Scene_Main	752	29.7217	6.7349	21.1507	0.0	0.0	0.0	1.0	0.8812	0.2636	3.0607	1.0	1.0	1.0
skygarden_slnstorylevel01	Scene_Main	753	30.6934	6.7349	19.2679	0.0	0.7071	0.0	0.7071	0.702	0.2636	2.7597	1.0	1.0	1.0
skygarden_slnstorylevel01	Scene_Main	754	30.7299	17.0366	20.589	0.0	0.7071	0.0	0.7071	2.5429	6.4013	1.3085	1.0	1.0	1.0
skygarden_slnstorylevel01	Scene_Main	755	30.7159	11.8271	19.3624	0.0	0.7071	0.0	0.7071	2.4617	2.0297	1.301	1.0	1.0	1.0
skygarden_slnstorylevel01	Scene_Main	756	30.7159	9.7066	17.5154	0.0	0.7071	0.0	0.7071	1.4905	6.2708	1.301	1.0	1.0	1.0
skygarden_slnstorylevel01	Scene_Main	757	30.7159	9.7066	21.166	0.0	0.7071	0.0	0.7071	1.4729	6.2708	1.301	1.0	1.0	1.0
skygarden_slnstorylevel01	Scene_Main	758	22.2815	9.7373	22.5401	0.0	0.0	0.0	1.0	3.3698	6.298	1.4247	1.0	1.0	1.0
skygarden_slnstorylevel01	Scene_Main	759	25.603	15.9052	17.0631	0.0	0.0	0.0	1.0	3.4109	6.298	1.4247	1.0	1.0	1.0
skygarden_slnstorylevel01	Scene_Main	760	20.7674	8.1324	19.6781	0.0	0.0	0.0	1.0	4.3312	0.5402	4.6811	1.0	1.0	1.0
skygarden_slnstorylevel01	Scene_Main	761	16.5244	8.7784	19.6781	0.0	0.0	-0.1746	0.9846	5.5967	1.0197	4.6811	1.0	1.0	1.0
skygarden_slnstorylevel01	Scene_Main	762	20.5394	8.6778	17.4165	0.0	0.0	0.0	1.0	4.7874	1.0797	0.5311	1.0	1.0	1.0
skygarden_slnstorylevel01	Scene_Main	763	20.5394	8.6459	22.1701	0.0	0.0	0.0	1.0	4.7874	1.1435	0.5311	1.0	1.0	1.0
skygarden_slnstorylevel01	Scene_Main	764	16.3689	9.5218	22.1701	0.0	0.0	-0.1888	0.982	5.2014	0.9515	0.5311	1.0	1.0	1.0
skygarden_slnstorylevel01	Scene_Main	765	13.7873	10.4399	22.1701	0.0	0.0	0.0	1.0	0.8929	0.9567	0.5311	1.0	1.0	1.0
skygarden_slnstorylevel01	Scene_Main	766	16.3689	9.5218	17.3681	0.0	0.0	-0.1888	0.982	5.2014	0.9515	0.5311	1.0	1.0	1.0
skygarden_slnstorylevel01	Scene_Main	767	13.7873	10.4399	17.3681	0.0	0.0	0.0	1.0	0.8929	0.9567	0.5311	1.0	1.0	1.0
skygarden_slnstorylevel01	Scene_Main	768	54.957	8.9127	20.4357	0.0	0.7071	0.0	0.7071	0.2101	4.5377	0.3461	1.0	1.0	1.0
skygarden_slnstorylevel01	Scene_Main	769	54.957	8.9127	18.239	0.0	0.7071	0.0	0.7071	0.2101	4.5377	0.3461	1.0	1.0	1.0
skygarden_slnstorylevel01	Scene_Main	770	54.957	10.154	19.3374	0.0	0.7071	0.0	0.7071	2.4071	1.9491	0.3461	1.0	1.0	1.0
skygarden_slnstorylevel01	Scene_Main	771	55.3232	9.7598	14.7013	0.0	0.7071	0.0	0.7071	1.6837	6.3392	1.3493	1.0	1.0	1.0
skygarden_slnstorylevel01	Scene_Main	772	46.867	9.8121	13.895	0.0	0.0	0.0	1.0	2.0461	6.2265	2.0694	1.0	1.0	1.0
skygarden_slnstorylevel01	Scene_Main	773	45.5159	9.8089	28.9349	0.0	0.0	0.0	1.0	2.0461	6.2265	2.0694	1.0	1.0	1.0
skygarden_slnstorylevel01	Scene_Main	774	52.8685	9.76	13.89	0.0	0.0	0.0	1.0	3.5679	6.3485	1.3693	1.0	1.0	1.0
skygarden_slnstorylevel01	Scene_Main	775	35.0	9.8129	7.7494	0.0	0.0	0.0	1.0	2.0461	6.2265	2.0694	1.0	1.0	1.0
skygarden_slnstorylevel01	Scene_Main	776	55.3199	9.8122	13.8947	0.0	0.0	0.0	1.0	2.0461	6.2265	2.0694	1.0	1.0	1.0
skygarden_slnstorylevel01	Scene_Main	777	38.7565	9.7358	7.7531	0.0	0.0	0.0	1.0	6.2137	6.3382	1.5661	1.0	1.0	1.0
skygarden_slnstorylevel01	Scene_Main	778	42.4589	9.8155	7.7494	0.0	0.0	0.0	1.0	2.0461	6.2265	2.0694	1.0	1.0	1.0
skygarden_slnstorylevel01	Scene_Main	779	45.5192	9.7564	30.4713	0.0	0.7071	0.0	0.7071	1.6837	6.3392	1.3493	1.0	1.0	1.0
skygarden_slnstorylevel01	Scene_Main	780	30.725	9.8089	32.0019	0.0	0.0	0.0	1.0	2.0461	6.2265	2.0694	1.0	1.0	1.0
skygarden_slnstorylevel01	Scene_Main	781	52.8173	9.7498	28.502	0.0	0.0	0.0	1.0	0.6839	6.777	0.7348	1.0	1.0	1.0
skygarden_slnstorylevel01	Scene_Main	782	29.1584	9.7451	24.1623	0.0	0.0	0.0	1.0	2.3392	6.3392	1.3493	1.0	1.0	1.0
skygarden_slnstorylevel01	Scene_Main	783	30.669	9.8029	14.97	0.0	0.0	0.0	1.0	2.0461	6.2265	2.0694	1.0	1.0	1.0
skygarden_slnstorylevel01	Scene_Main	784	55.29	9.8122	28.936	0.0	0.0	0.0	1.0	2.0461	6.2265	2.0694	1.0	1.0	1.0
skygarden_slnstorylevel01	Scene_Main	785	36.4818	9.7599	32.0119	0.0	1.0	0.0	0.0	3.3449	6.3485	1.3693	1.0	1.0	1.0
skygarden_slnstorylevel01	Scene_Main	786	45.5159	9.8089	32.0019	0.0	0.0	0.0	1.0	2.0461	6.2265	2.0694	1.0	1.0	1.0
skygarden_slnstorylevel01	Scene_Main	787	30.6949	9.9173	23.5039	0.0	0.0	0.0	1.0	2.0461	6.44	2.0694	1.0	1.0	1.0
skygarden_slnstorylevel01	Scene_Main	788	55.2933	9.7598	27.4053	0.0	0.7071	0.0	0.7071	1.6837	6.3392	1.3493	1.0	1.0	1.0
skygarden_slnstorylevel01	Scene_Main	789	34.7973	9.6085	31.5392	0.0	0.0	0.0	1.0	0.6839	6.5506	1.0031	1.0	1.0	1.0
skygarden_slnstorylevel01	Scene_Main	790	47.9198	9.7599	28.9449	0.0	1.0	0.0	0.0	3.3449	6.3485	1.3693	1.0	1.0	1.0
skygarden_slnstorylevel01	Scene_Main	791	39.8068	9.7599	32.0119	0.0	1.0	0.0	0.0	3.3449	6.3485	1.3693	1.0	1.0	1.0
skygarden_slnstorylevel01	Scene_Main	792	55.29	9.8122	16.1459	0.0	0.0	0.0	1.0	2.0461	6.2265	2.1797	1.0	1.0	1.0
skygarden_slnstorylevel01	Scene_Main	793	55.2939	11.8305	19.3102	0.0	-0.7071	0.0	0.7071	2.4927	2.0297	1.301	1.0	1.0	1.0
skygarden_slnstorylevel01	Scene_Main	794	55.2939	9.71	21.1804	0.0	-0.7071	0.0	0.7071	1.5093	6.2708	1.301	1.0	1.0	1.0
skygarden_slnstorylevel01	Scene_Main	795	55.2939	9.71	17.4839	0.0	-0.7071	0.0	0.7071	1.4915	6.2708	1.301	1.0	1.0	1.0
skygarden_slnstorylevel01	Scene_Main	796	30.7086	9.7527	16.009	0.0	0.7071	0.0	0.7071	1.6757	6.3144	1.3699	1.0	1.0	1.0
skygarden_slnstorylevel01	Scene_Main	797	49.3165	9.76	13.89	0.0	0.0	0.0	1.0	3.5679	6.3485	1.3693	1.0	1.0	1.0
skygarden_slnstorylevel01	Scene_Main	798	52.9198	9.7632	28.9458	0.0	1.0	0.0	0.0	3.3449	6.3485	1.3693	1.0	1.0	1.0
skygarden_slnstorylevel01	Scene_Main	799	32.6419	9.7292	11.2697	0.0	-0.866	0.0	0.5	6.8752	6.3382	1.5661	1.0	1.0	1.0
skygarden_slnstorylevel01	Scene_Main	800	43.1458	9.7599	32.0119	0.0	1.0	0.0	0.0	3.3449	6.3485	1.3693	1.0	1.0	1.0
skygarden_slnstorylevel01	Scene_Main	801	45.0198	9.7326	10.1295	0.0	-0.5	0.0	0.866	6.8806	6.3382	1.5661	1.0	1.0	1.0
skygarden_slnstorylevel01	Scene_Main	802	33.1288	9.7599	32.0119	0.0	1.0	0.0	0.0	3.3449	6.3485	1.3693	1.0	1.0	1.0
skygarden_slnstorylevel01	Scene_Main	803	51.2588	9.7599	28.9449	0.0	1.0	0.0	0.0	3.3449	6.3485	1.3693	1.0	1.0	1.0
skygarden_slnstorylevel01	Scene_Main	804	55.29	9.8122	22.53	0.0	0.0	0.0	1.0	2.0461	6.2265	2.1797	1.0	1.0	1.0
skygarden_slnstorylevel01	Scene_Main	805	54.1723	9.7599	27.8126	0.0	0.9256	0.0	-0.3784	3.0413	6.3485	1.3693	1.0	1.0	1.0
skygarden_slnstorylevel01	Scene_Main	806	55.2919	9.7632	24.8688	0.0	-0.7071	0.0	0.7071	3.6152	6.3485	1.3693	1.0	1.0	1.0
skygarden_slnstorylevel01	Scene_Main	807	43.389	13.4504	21.0628	0.0	0.0	0.0	1.0	24.0485	1.0	25.9352	1.0	1.0	1.0
skygarden_slnstorylevel01	Scene_Main	808	43.044	6.2104	19.9428	0.0	0.0	0.0	1.0	23.3584	1.0	23.695	1.0	1.0	1.0
skygarden_slnstorylevel01	Scene_Main	809	43.389	20.1604	21.0628	0.0	0.0	0.0	1.0	24.0485	1.0	25.9352	1.0	1.0	1.0
skygarden_slnstorylevel01	Scene_Main	810	30.721	2.4645	23.523	0.0	0.0	0.0	1.0	2.0461	6.2265	2.0694	1.0	1.0	1.0
skygarden_slnstorylevel01	Scene_Main	811	30.721	-3.8243	23.523	0.0	0.0	0.0	1.0	2.0461	6.2265	2.0694	1.0	1.0	1.0
skygarden_slnstorylevel01	Scene_Main	812	43.9426	16.9876	8.8683	0.0	-0.866	0.0	-0.4999	2.8509	6.2049	0.7986	1.0	1.0	1.0
skygarden_slnstorylevel01	Scene_Main	813	45.5159	17.1415	28.9349	0.0	0.0	0.0	1.0	2.0461	6.2265	2.0694	1.0	1.0	1.0
skygarden_slnstorylevel01	Scene_Main	814	49.3369	17.0925	13.8964	0.0	0.0	0.0	1.0	3.5151	6.3485	1.3693	1.0	1.0	1.0
skygarden_slnstorylevel01	Scene_Main	815	39.0323	17.0009	7.9484	0.0	0.0	0.0	1.0	8.9378	6.0506	0.3961	1.0	1.0	1.0
skygarden_slnstorylevel01	Scene_Main	816	33.5709	16.9009	9.18	0.0	0.4747	0.0	0.8801	3.3902	5.9366	0.3286	1.0	1.0	1.0
skygarden_slnstorylevel01	Scene_Main	817	44.268	16.899	9.148	0.0	0.8831	0.0	0.4691	3.3902	5.9393	0.284	1.0	1.0	1.0
skygarden_slnstorylevel01	Scene_Main	818	38.1851	17.1374	33.7617	0.0	0.0	0.0	1.0	0.6537	7.3146	0.8771	1.0	1.0	1.0
skygarden_slnstorylevel01	Scene_Main	819	55.3232	17.0891	14.9474	0.0	0.7071	0.0	0.7071	1.6837	6.3392	1.3493	1.0	1.0	1.0
skygarden_slnstorylevel01	Scene_Main	820	45.5091	17.0925	31.3178	0.0	0.7071	0.0	0.7071	3.3449	6.3485	1.3693	1.0	1.0	1.0
skygarden_slnstorylevel01	Scene_Main	821	30.6949	17.1415	23.5039	0.0	0.0	0.0	1.0	2.0461	6.2265	2.0694	1.0	1.0	1.0
skygarden_slnstorylevel01	Scene_Main	822	55.29	17.1415	16.1459	0.0	0.0	0.0	1.0	2.0461	6.2265	2.0694	1.0	1.0	1.0
skygarden_slnstorylevel01	Scene_Main	823	45.9605	17.0925	11.7024	0.0	-0.5	0.0	0.866	3.3449	6.3485	1.3693	1.0	1.0	1.0
skygarden_slnstorylevel01	Scene_Main	824	52.8173	16.975	28.502	0.0	0.0	0.0	1.0	0.6839	6.6443	0.7348	1.0	1.0	1.0
skygarden_slnstorylevel01	Scene_Main	825	54.953	16.2388	20.4437	0.0	0.7071	0.0	0.7071	0.2101	4.5377	0.3461	1.0	1.0	1.0
skygarden_slnstorylevel01	Scene_Main	826	54.953	16.2388	18.2469	0.0	0.7071	0.0	0.7071	0.2101	4.5377	0.3461	1.0	1.0	1.0
skygarden_slnstorylevel01	Scene_Main	827	54.953	17.4799	19.3455	0.0	0.7071	0.0	0.7071	2.4071	1.9491	0.3461	1.0	1.0	1.0
skygarden_slnstorylevel01	Scene_Main	828	30.669	17.1415	14.97	0.0	0.0	0.0	1.0	2.0461	6.2265	2.0694	1.0	1.0	1.0
skygarden_slnstorylevel01	Scene_Main	829	31.7968	17.0925	12.5487	0.0	-0.8586	0.0	0.5125	3.6716	6.3485	1.3693	1.0	1.0	1.0
skygarden_slnstorylevel01	Scene_Main	830	52.8459	17.0925	13.8964	0.0	0.0	0.0	1.0	3.5151	6.3485	1.3693	1.0	1.0	1.0
skygarden_slnstorylevel01	Scene_Main	831	51.2588	17.0891	28.9449	0.0	1.0	0.0	0.0	3.3449	6.3485	1.3693	1.0	1.0	1.0
skygarden_slnstorylevel01	Scene_Main	832	54.1703	17.0891	27.7766	0.0	0.9256	0.0	-0.3784	3.0413	6.3485	1.3693	1.0	1.0	1.0
skygarden_slnstorylevel01	Scene_Main	833	55.3199	17.1415	13.8947	0.0	0.0	0.0	1.0	2.0461	6.2265	2.0694	1.0	1.0	1.0
skygarden_slnstorylevel01	Scene_Main	834	33.2	17.1265	10.9163	0.0	-0.8633	0.0	0.5045	0.6839	6.5506	0.8997	1.0	1.0	1.0
skygarden_slnstorylevel01	Scene_Main	835	33.3846	17.0732	31.1119	0.0	1.0	0.0	0.0	2.4901	6.3082	1.3466	1.0	1.0	1.0
skygarden_slnstorylevel01	Scene_Main	836	55.2919	17.0891	24.9041	0.0	-0.7071	0.0	0.7071	3.3449	6.3485	1.3693	1.0	1.0	1.0
skygarden_slnstorylevel01	Scene_Main	837	47.9198	17.0891	28.9449	0.0	1.0	0.0	0.0	3.3449	6.3485	1.3693	1.0	1.0	1.0
skygarden_slnstorylevel01	Scene_Main	838	34.311	17.0732	32.2056	0.0	0.7071	0.0	0.7071	2.4901	6.3082	1.3466	1.0	1.0	1.0
skygarden_slnstorylevel01	Scene_Main	839	54.8922	15.4649	19.3274	0.0	0.7071	0.0	0.7071	2.2384	3.0725	0.3515	1.0	1.0	1.0
skygarden_slnstorylevel01	Scene_Main	840	33.853	16.9876	9.2596	0.0	-0.8564	0.0	0.5161	3.2217	6.2049	0.7986	1.0	1.0	1.0
skygarden_slnstorylevel01	Scene_Main	841	44.5513	17.1265	10.2785	0.0	-0.866	0.0	-0.4999	0.6839	6.5506	1.0987	1.0	1.0	1.0
skygarden_slnstorylevel01	Scene_Main	842	55.29	19.1566	19.3185	0.0	-0.7071	0.0	0.7071	2.4617	2.0297	1.301	1.0	1.0	1.0
skygarden_slnstorylevel01	Scene_Main	843	55.29	17.036	21.1655	0.0	-0.7071	0.0	0.7071	1.4905	6.2708	1.301	1.0	1.0	1.0
skygarden_slnstorylevel01	Scene_Main	844	55.29	17.036	17.5149	0.0	-0.7071	0.0	0.7071	1.4729	6.2708	1.301	1.0	1.0	1.0
skygarden_slnstorylevel01	Scene_Main	845	30.7026	17.082	16.0109	0.0	0.7071	0.0	0.7071	1.6757	6.3144	1.3699	1.0	1.0	1.0
skygarden_slnstorylevel01	Scene_Main	846	55.29	17.1415	22.5299	0.0	0.0	0.0	1.0	2.0461	6.2265	2.0694	1.0	1.0	1.0
skygarden_slnstorylevel01	Scene_Main	847	46.867	17.1415	13.895	0.0	0.0	0.0	1.0	2.0461	6.2265	2.0694	1.0	1.0	1.0
skygarden_slnstorylevel01	Scene_Main	848	25.2634	20.2857	28.4115	-0.7071	0.0	0.0	0.7071	12.3056	12.796	1.0084	1.0	1.0	1.0
skygarden_slnstorylevel01	Scene_Main	849	20.1305	0.9628	24.1499	0.0	0.0	0.0	1.0	4.0725	39.7944	4.0725	1.0	1.0	1.0
skygarden_slnstorylevel01	Scene_Main	850	26.5739	9.3787	38.4297	0.0	-1.0	0.0	0.0	6.7396	5.3761	2.8495	1.0	1.0	1.0
skygarden_slnstorylevel01	Scene_Main	851	29.113	9.3718	38.4337	0.0	0.0	0.0	1.0	4.0725	5.4111	4.0725	1.0	1.0	1.0
skygarden_slnstorylevel01	Scene_Main	852	20.1345	-0.2246	38.4337	0.0	0.0	0.0	1.0	4.0725	39.2052	4.0725	1.0	1.0	1.0
skygarden_slnstorylevel01	Scene_Main	853	45.5159	17.1415	33.624	0.0	0.0	0.0	1.0	2.0461	6.2265	2.0694	1.0	1.0	1.0
skygarden_slnstorylevel01	Scene_Main	854	36.3672	17.0799	34.1857	0.0	1.0	0.0	0.0	3.5445	6.2878	1.3213	1.0	1.0	1.0
skygarden_slnstorylevel01	Scene_Main	855	41.5457	19.1364	34.1401	0.0	-1.0	0.0	0.0	2.4788	2.2111	1.3956	1.0	1.0	1.0
skygarden_slnstorylevel01	Scene_Main	856	39.2368	17.038	34.1401	0.0	-1.0	0.0	0.0	2.1884	6.4082	1.3956	1.0	1.0	1.0
skygarden_slnstorylevel01	Scene_Main	857	43.7845	17.038	34.1401	0.0	-1.0	0.0	0.0	2.2636	6.4082	1.3956	1.0	1.0	1.0
skygarden_slnstorylevel01	Scene_Main	858	46.5726	17.0732	34.1618	0.0	-1.0	0.0	0.0	3.5046	6.298	1.4247	1.0	1.0	1.0
skygarden_slnstorylevel01	Scene_Main	859	48.901	17.1154	34.164	0.0	0.0	0.0	1.0	2.1041	6.339	2.0362	1.0	1.0	1.0
skygarden_slnstorylevel01	Scene_Main	860	48.9132	17.0931	32.5883	0.0	0.7071	0.0	0.7071	2.0519	6.3392	1.3493	1.0	1.0	1.0
skygarden_slnstorylevel01	Scene_Main	861	52.2519	19.2148	31.0739	0.0	-1.0	0.0	0.0	2.7887	2.0297	1.301	1.0	1.0	1.0
skygarden_slnstorylevel01	Scene_Main	862	50.1595	17.0943	31.0739	0.0	-1.0	0.0	0.0	1.6886	6.2708	1.301	1.0	1.0	1.0
skygarden_slnstorylevel01	Scene_Main	863	54.2951	17.0943	31.0739	0.0	-1.0	0.0	0.0	1.6686	6.2708	1.301	1.0	1.0	1.0
skygarden_slnstorylevel01	Scene_Main	864	48.901	17.1154	31.097	0.0	0.0	0.0	1.0	2.0362	6.339	2.0362	1.0	1.0	1.0
skygarden_slnstorylevel01	Scene_Main	865	55.5769	17.1154	31.068	0.0	0.0	0.0	1.0	2.0362	6.339	2.0362	1.0	1.0	1.0
skygarden_slnstorylevel01	Scene_Main	866	55.5892	17.0881	32.6058	0.0	0.7071	0.0	0.7071	2.0345	6.3392	1.3493	1.0	1.0	1.0
skygarden_slnstorylevel01	Scene_Main	867	40.4201	16.1128	34.1561	0.0	0.0	0.0	1.0	0.2048	4.5377	0.3461	1.0	1.0	1.0
skygarden_slnstorylevel01	Scene_Main	868	42.5614	16.1128	34.1561	0.0	0.0	0.0	1.0	0.2048	4.5377	0.3461	1.0	1.0	1.0
skygarden_slnstorylevel01	Scene_Main	869	41.4906	17.354	34.1561	0.0	0.0	0.0	1.0	2.3464	1.9491	0.3461	1.0	1.0	1.0
skygarden_slnstorylevel01	Scene_Main	870	51.0041	16.1728	31.028	0.0	0.0	0.0	1.0	0.2324	4.5377	0.3461	1.0	1.0	1.0
skygarden_slnstorylevel01	Scene_Main	871	53.4337	16.1728	31.028	0.0	0.0	0.0	1.0	0.2324	4.5377	0.3461	1.0	1.0	1.0
skygarden_slnstorylevel01	Scene_Main	872	52.2188	17.4139	31.028	0.0	0.0	0.0	1.0	2.6623	1.9491	0.3461	1.0	1.0	1.0
skygarden_slnstorylevel01	Scene_Main	873	52.2286	15.4008	30.9957	0.0	-1.0	0.0	0.0	2.4434	3.0725	0.3515	1.0	1.0	1.0
skygarden_slnstorylevel01	Scene_Main	874	44.6959	-12.2279	22.266	0.0	0.0	0.0	1.0	4.0725	12.6781	4.0725	1.0	1.0	1.0
skygarden_slnstorylevel01	Scene_Main	875	24.5875	0.2385	22.2637	0.0	0.0	0.0	-1.0	10.718	12.596	2.8495	1.0	1.0	1.0
skygarden_slnstorylevel01	Scene_Main	876	33.2478	0.2385	22.2628	0.0	-1.0	0.0	0.0	6.7396	12.596	2.8495	1.0	1.0	1.0
skygarden_slnstorylevel01	Scene_Main	877	44.6497	-12.2091	26.989	0.0	-0.7071	0.0	0.7071	6.7396	12.596	2.8495	1.0	1.0	1.0
skygarden_slnstorylevel01	Scene_Main	878	24.5875	-12.2091	22.2637	0.0	0.0	0.0	-1.0	10.718	12.596	2.8495	1.0	1.0	1.0
skygarden_slnstorylevel01	Scene_Main	879	44.6497	0.3685	26.989	0.0	-0.7071	0.0	0.7071	6.7396	12.596	2.8495	1.0	1.0	1.0
skygarden_slnstorylevel01	Scene_Main	880	33.2478	-12.2091	22.2628	0.0	-1.0	0.0	0.0	6.7396	12.596	2.8495	1.0	1.0	1.0
skygarden_slnstorylevel01	Scene_Main	881	39.9258	0.2385	22.2628	0.0	-1.0	0.0	0.0	6.7396	12.596	2.8495	1.0	1.0	1.0
skygarden_slnstorylevel01	Scene_Main	882	44.6959	0.3497	22.266	0.0	0.0	0.0	1.0	4.0725	12.6781	4.0725	1.0	1.0	1.0
skygarden_slnstorylevel01	Scene_Main	883	39.9258	-12.2091	22.2628	0.0	-1.0	0.0	0.0	6.7396	12.596	2.8495	1.0	1.0	1.0
skygarden_slnstorylevel01	Scene_Main	884	44.6497	0.3685	33.667	0.0	-0.7071	0.0	0.7071	6.7396	12.596	2.8495	1.0	1.0	1.0
skygarden_slnstorylevel01	Scene_Main	885	33.2518	0.3685	38.4297	0.0	-1.0	0.0	0.0	6.7396	12.596	2.8495	1.0	1.0	1.0
skygarden_slnstorylevel01	Scene_Main	886	39.9299	0.3685	38.4297	0.0	-1.0	0.0	0.0	6.7396	12.596	2.8495	1.0	1.0	1.0
skygarden_slnstorylevel01	Scene_Main	887	25.1411	0.3685	38.4369	0.0	0.0	0.0	-1.0	9.6127	12.596	2.8495	1.0	1.0	1.0
skygarden_slnstorylevel01	Scene_Main	888	21.7992	0.588	33.667	0.0	-0.7071	0.0	0.7071	6.7396	12.596	2.8495	1.0	1.0	1.0
skygarden_slnstorylevel01	Scene_Main	889	44.7	0.3497	38.4337	0.0	0.0	0.0	1.0	4.0725	12.6781	4.0725	1.0	1.0	1.0
skygarden_slnstorylevel01	Scene_Main	890	33.2518	-12.2091	38.4297	0.0	-1.0	0.0	0.0	6.7396	12.596	2.8495	1.0	1.0	1.0
skygarden_slnstorylevel01	Scene_Main	891	35.0936	-11.8322	30.1504	-0.5	0.5	0.5	0.5	20.8961	31.3904	1.4655	1.0	1.0	1.0
skygarden_slnstorylevel01	Scene_Main	892	39.9299	-12.2091	38.4297	0.0	-1.0	0.0	0.0	6.7396	12.596	2.8495	1.0	1.0	1.0
skygarden_slnstorylevel01	Scene_Main	893	25.1411	-12.2091	38.4369	0.0	0.0	0.0	-1.0	9.6127	12.596	2.8495	1.0	1.0	1.0
skygarden_slnstorylevel01	Scene_Main	894	44.6497	-12.2091	33.667	0.0	-0.7071	0.0	0.7071	6.7396	12.596	2.8495	1.0	1.0	1.0
skygarden_slnstorylevel01	Scene_Main	895	44.7	-12.2279	38.4337	0.0	0.0	0.0	1.0	4.0725	12.6781	4.0725	1.0	1.0	1.0
skygarden_slnstorylevel01	Scene_Main	896	23.92	13.3699	47.58	0.0	0.0	0.0	1.0	1.0	7.6663	21.1723	1.0	1.0	1.0
skygarden_slnstorylevel01	Scene_Main	897	26.42	18.77	47.58	0.0	0.0	-0.5414	0.8407	1.0	7.6663	25.3962	1.0	1.0	1.0
skygarden_slnstorylevel01	Scene_Main	898	29.92	19.79	47.58	0.0	0.0	0.0	1.0	0.6385	0.9473	26.8614	1.0	1.0	1.0
skygarden_slnstorylevel01	Scene_Main	899	28.62	16.0499	34.448	0.0	0.0	0.0	1.0	0.8451	7.592	0.757	1.0	1.0	1.0
skygarden_slnstorylevel01	Scene_Main	900	24.0849	14.81	37.776	0.0	0.0	0.0	1.0	0.8451	6.0764	0.757	1.0	1.0	1.0
skygarden_slnstorylevel01	Scene_Main	901	24.0849	14.81	57.6199	0.0	0.0	0.0	1.0	0.8451	6.0764	0.757	1.0	1.0	1.0
skygarden_slnstorylevel01	Scene_Main	902	28.62	15.72	60.97	0.0	0.0	0.0	1.0	0.8451	7.7086	0.757	1.0	1.0	1.0
skygarden_slnstorylevel01	Scene_Main	903	26.44	5.65	58.7299	0.0	-0.2741	0.0	0.9616	2.0476	28.3822	0.757	1.0	1.0	1.0
skygarden_slnstorylevel01	Scene_Main	904	27.75	5.65	59.8899	0.0	-0.4539	0.0	0.891	2.0476	28.3822	0.757	1.0	1.0	1.0
skygarden_slnstorylevel01	Scene_Main	905	28.4799	5.65	61.68	0.0	-0.6373	0.0	0.7705	2.0476	28.3822	0.757	1.0	1.0	1.0
skygarden_slnstorylevel01	Scene_Main	906	24.61	5.65	58.1199	0.0	-0.0507	0.0	0.9987	2.0476	28.3822	0.757	1.0	1.0	1.0
skygarden_slnstorylevel01	Scene_Main	907	25.3999	5.65	37.13	0.0	0.1316	0.0	0.9912	2.0476	28.3822	0.757	1.0	1.0	1.0
skygarden_slnstorylevel01	Scene_Main	908	27.03	5.65	36.25	0.0	0.3308	0.0	0.9436	2.0476	28.3822	0.757	1.0	1.0	1.0
skygarden_slnstorylevel01	Scene_Main	909	28.1599	5.65	34.7299	0.0	0.5518	0.0	0.8339	2.0476	28.3822	0.757	1.0	1.0	1.0
skygarden_slnstorylevel01	Scene_Main	910	31.4899	9.7899	50.875	0.0	0.0	0.0	1.0	0.1702	5.0676	0.2489	1.0	1.0	1.0
skygarden_slnstorylevel01	Scene_Main	911	28.7579	13.279	50.875	0.0	0.0	-0.7573	0.653	0.1702	4.2334	0.2489	1.0	1.0	1.0
skygarden_slnstorylevel01	Scene_Main	912	31.1889	12.6599	50.875	0.0	0.0	-0.9253	0.3791	0.1702	0.8547	0.2489	1.0	1.0	1.0
skygarden_slnstorylevel01	Scene_Main	913	31.4899	9.6899	44.539	0.0	0.0	0.0	1.0	0.1702	5.3031	0.2489	1.0	1.0	1.0
skygarden_slnstorylevel01	Scene_Main	914	28.7579	13.279	44.539	0.0	0.0	-0.7573	0.653	0.1702	4.2334	0.2489	1.0	1.0	1.0
skygarden_slnstorylevel01	Scene_Main	915	31.1879	12.6879	44.539	0.0	0.0	-0.921	0.3895	0.1702	0.8065	0.2489	1.0	1.0	1.0
skygarden_slnstorylevel01	Scene_Main	916	34.6199	7.98	47.7099	0.0	0.0	-0.2875	0.9577	4.2304	0.994	1.4797	1.0	1.0	1.0
skygarden_slnstorylevel01	Scene_Main	917	34.18	7.98	49.08	0.1319	-0.0419	-0.274	0.9517	4.2304	0.994	1.4797	1.0	1.0	1.0
skygarden_slnstorylevel01	Scene_Main	918	33.3699	7.9699	50.4599	0.1195	-0.0844	-0.2796	0.9488	4.2304	0.994	1.4797	1.0	1.0	1.0
skygarden_slnstorylevel01	Scene_Main	919	34.29	8.0	46.33	-0.137	0.0228	-0.2609	0.9552	4.2304	0.994	1.4797	1.0	1.0	1.0
skygarden_slnstorylevel01	Scene_Main	920	33.72	7.65	44.9799	-0.161	0.0279	-0.2726	0.9481	4.2304	0.994	1.4797	1.0	1.0	1.0
skygarden_slnstorylevel01	Scene_Main	921	27.78	9.307	47.5999	0.0	0.0	0.0	1.0	8.5986	0.4826	5.8662	1.0	1.0	1.0
skygarden_slnstorylevel01	Scene_Main	922	31.37	9.4499	47.5999	0.0	0.0	0.0	1.0	3.3755	0.1894	2.3029	1.0	1.0	1.0
skygarden_slnstorylevel01	Scene_Main	923	31.85	9.442	49.31	0.0	-0.3247	0.0	0.9458	1.4502	0.1894	2.3029	1.0	1.0	1.0
skygarden_slnstorylevel01	Scene_Main	924	31.86	9.4499	46.1399	0.0	0.3125	0.0	0.9499	1.4502	0.1894	2.3029	1.0	1.0	1.0
skygarden_slnstorylevel01	Scene_Main	925	25.9409	9.47	47.6459	0.0	0.0	0.0	1.0	3.2227	0.6355	2.6857	1.0	1.0	1.0
skygarden_slnstorylevel01	Scene_Main	926	27.78	11.7869	57.5999	0.0	0.0	0.0	1.0	6.9433	0.6355	6.1939	1.0	1.0	1.0
skygarden_slnstorylevel01	Scene_Main	927	27.78	10.59	52.6899	-0.2688	0.0	0.0	0.9631	6.9433	0.6355	4.8938	1.0	1.0	1.0
skygarden_slnstorylevel01	Scene_Main	928	32.5519	12.713	58.789	-0.0036	-0.005	0.2479	0.9687	3.9459	0.6355	3.7156	1.0	1.0	1.0
skygarden_slnstorylevel01	Scene_Main	929	27.78	10.52	42.8899	0.2688	0.0	0.0	0.9631	6.9433	0.6355	4.8938	1.0	1.0	1.0
skygarden_slnstorylevel01	Scene_Main	930	32.748	12.746	36.1189	-0.0036	-0.005	0.2479	0.9687	3.9459	0.6355	4.3596	1.0	1.0	1.0
skygarden_slnstorylevel01	Scene_Main	931	27.78	11.7869	37.38	0.0	0.0	0.0	1.0	6.9433	0.6355	7.1747	1.0	1.0	1.0
skygarden_slnstorylevel01	Scene_Main	932	46.2099	13.6599	36.11	0.0	0.0	0.0	1.0	24.4088	0.6355	3.9634	1.0	1.0	1.0
skygarden_slnstorylevel01	Scene_Main	933	52.29	13.6599	32.6899	0.0	0.0	0.0	1.0	6.9179	0.6355	3.3549	1.0	1.0	1.0
skygarden_slnstorylevel01	Scene_Main	934	46.2099	13.6599	58.97	0.0	0.0	0.0	1.0	24.4088	0.6355	3.9634	1.0	1.0	1.0
skygarden_slnstorylevel01	Scene_Main	935	56.29	13.6599	50.3699	0.0	0.0	0.0	1.0	4.541	0.6355	25.7944	1.0	1.0	1.0
skygarden_slnstorylevel01	Scene_Main	936	52.38	13.6599	62.31	0.0	0.0	0.0	1.0	6.9179	0.6355	2.8031	1.0	1.0	1.0
skygarden_slnstorylevel01	Scene_Main	937	62.6399	13.6599	61.59	0.0	0.0	0.0	1.0	8.3194	0.6355	19.8491	1.0	1.0	1.0
skygarden_slnstorylevel01	Scene_Main	938	41.49	13.6599	38.9799	0.0	0.0	0.0	1.0	6.2504	0.6355	2.1169	1.0	1.0	1.0
skygarden_slnstorylevel01	Scene_Main	939	41.5699	13.6599	56.15	0.0	0.0	0.0	1.0	6.1179	0.6355	2.3203	1.0	1.0	1.0
skygarden_slnstorylevel01	Scene_Main	940	44.3202	5.0399	47.6899	0.0	0.0	0.0	1.0	31.3667	4.4142	28.1222	1.0	1.0	1.0
skygarden_slnstorylevel01	Scene_Main	941	58.673	10.4045	51.7509	0.0	0.0	0.0	1.0	2.0362	6.339	2.1041	1.0	1.0	1.0
skygarden_slnstorylevel01	Scene_Main	942	31.3204	12.7572	55.7908	0.0	0.7071	0.0	0.7071	2.547	1.1468	0.1935	1.0	1.0	1.0
skygarden_slnstorylevel01	Scene_Main	943	31.3204	11.6427	52.7774	-0.1922	0.6804	-0.1922	0.6804	4.7346	0.9694	0.1935	1.0	1.0	1.0
skygarden_slnstorylevel01	Scene_Main	944	31.3204	10.3236	50.6988	0.0	0.7071	0.0	0.7071	0.6205	1.2081	0.1935	1.0	1.0	1.0
skygarden_slnstorylevel01	Scene_Main	945	34.109	10.5937	34.1629	0.0	0.0	0.0	1.0	2.0362	6.859	2.0362	1.0	1.0	1.0
skygarden_slnstorylevel01	Scene_Main	946	30.8199	9.6359	37.4799	0.0	-1.0	0.0	0.0	1.5189	4.6522	6.9541	1.0	1.0	1.0
skygarden_slnstorylevel01	Scene_Main	947	30.8199	8.3911	41.8008	0.0	-0.9622	-0.272	0.0	1.5189	5.1225	5.6849	1.0	1.0	1.0
skygarden_slnstorylevel01	Scene_Main	948	31.7035	10.3566	34.166	0.0	0.0	0.0	1.0	3.3698	6.298	1.4247	1.0	1.0	1.0
skygarden_slnstorylevel01	Scene_Main	949	58.673	10.4045	43.6669	0.0	0.0	0.0	1.0	2.0362	6.339	2.1041	1.0	1.0	1.0
skygarden_slnstorylevel01	Scene_Main	950	46.9696	14.5033	38.2492	0.0	0.0	0.0	1.0	4.9719	1.1611	0.1864	1.0	1.0	1.0
skygarden_slnstorylevel01	Scene_Main	951	36.1649	14.5033	38.2233	0.0	0.0	0.0	1.0	4.2728	1.1611	0.1864	1.0	1.0	1.0
skygarden_slnstorylevel01	Scene_Main	952	31.3029	13.015	38.1491	0.0	1.0	0.0	0.0	0.4805	1.2486	0.2875	1.0	1.0	1.0
skygarden_slnstorylevel01	Scene_Main	953	32.851	13.8339	38.143	-0.2437	0.9698	0.0	0.0	3.374	0.9793	0.286	1.0	1.0	1.0
skygarden_slnstorylevel01	Scene_Main	954	41.5208	14.4684	40.0297	0.0	0.0	0.0	1.0	0.9398	1.0352	0.2326	1.0	1.0	1.0
skygarden_slnstorylevel01	Scene_Main	955	42.4954	14.476	39.8418	0.0	0.2018	0.0	0.9794	1.0048	1.0505	0.2147	1.0	1.0	1.0
skygarden_slnstorylevel01	Scene_Main	956	43.4582	14.476	39.3023	0.0	0.3029	0.0	0.9529	1.2109	1.0505	0.2102	1.0	1.0	1.0
skygarden_slnstorylevel01	Scene_Main	957	44.2359	14.533	38.4875	0.0	0.5118	0.0	0.859	0.9858	1.1105	0.284	1.0	1.0	1.0
skygarden_slnstorylevel01	Scene_Main	958	39.4051	14.4784	39.3166	0.0037	-0.3389	-0.0117	0.9407	1.3569	1.0551	0.2028	1.0	1.0	1.0
skygarden_slnstorylevel01	Scene_Main	959	40.4928	14.4699	39.8999	-0.0004	-0.1142	-0.0021	0.9934	1.0877	1.0383	0.2654	1.0	1.0	1.0
skygarden_slnstorylevel01	Scene_Main	960	38.6137	14.5182	38.4828	0.0	-0.4774	0.0	0.8786	0.9556	1.1349	0.3101	1.0	1.0	1.0
skygarden_slnstorylevel01	Scene_Main	961	31.3163	12.7595	39.6392	0.0	0.7071	0.0	0.7071	2.914	1.1846	0.2085	1.0	1.0	1.0
skygarden_slnstorylevel01	Scene_Main	962	31.3163	11.6265	42.8741	0.1925	0.6803	0.1925	0.6803	4.4363	1.1846	0.2085	1.0	1.0	1.0
skygarden_slnstorylevel01	Scene_Main	963	31.3163	10.2345	44.8661	-0.0007	0.7071	-0.0007	0.7071	0.7752	1.2884	0.2085	1.0	1.0	1.0
skygarden_slnstorylevel01	Scene_Main	964	34.109	17.1154	61.2519	0.0	0.0	0.0	1.0	2.0362	6.339	2.0362	1.0	1.0	1.0
skygarden_slnstorylevel01	Scene_Main	965	31.7483	14.1396	61.3125	0.0	0.0	0.0	1.0	3.3528	1.4108	1.355	1.0	1.0	1.0
skygarden_slnstorylevel01	Scene_Main	966	34.109	10.5604	61.2519	0.0	0.0	0.0	1.0	2.0362	6.8846	2.0362	1.0	1.0	1.0
skygarden_slnstorylevel01	Scene_Main	967	43.1966	10.3572	61.2509	0.0	-1.0	0.0	0.0	3.4102	6.298	1.4247	1.0	1.0	1.0
skygarden_slnstorylevel01	Scene_Main	968	29.44	10.5552	61.2519	0.0	0.0	0.0	1.0	2.0362	6.8846	2.0362	1.0	1.0	1.0
skygarden_slnstorylevel01	Scene_Main	969	29.44	17.1154	61.2519	0.0	0.0	0.0	1.0	2.0362	6.339	2.0362	1.0	1.0	1.0
skygarden_slnstorylevel01	Scene_Main	970	30.8999	9.6359	57.851	0.0	0.0	0.0	1.0	1.5189	4.6522	6.9541	1.0	1.0	1.0
skygarden_slnstorylevel01	Scene_Main	971	30.8999	8.3911	53.5302	-0.272	0.0	0.0	0.9622	1.5189	5.1225	5.6849	1.0	1.0	1.0
skygarden_slnstorylevel01	Scene_Main	972	30.9486	8.7208	57.2468	0.0	0.7071	0.0	-0.7071	1.9372	3.0725	0.3515	1.0	1.0	1.0
skygarden_slnstorylevel01	Scene_Main	973	39.8155	10.3572	61.2541	0.0	0.0	0.0	1.0	3.3698	6.298	1.4247	1.0	1.0	1.0
skygarden_slnstorylevel01	Scene_Main	974	31.7244	10.3492	61.2498	0.0	-1.0	0.0	0.0	3.3698	6.298	1.4247	1.0	1.0	1.0
skygarden_slnstorylevel01	Scene_Main	975	36.4385	10.3572	61.2541	0.0	0.0	0.0	1.0	3.456	6.298	1.4247	1.0	1.0	1.0
skygarden_slnstorylevel01	Scene_Main	976	41.341	14.4684	55.2856	0.0	-1.0	0.0	0.0	0.9398	1.0352	0.2326	1.0	1.0	1.0
skygarden_slnstorylevel01	Scene_Main	977	40.3664	14.476	55.4735	0.0	-0.9794	0.0	0.2018	1.0048	1.0505	0.2147	1.0	1.0	1.0
skygarden_slnstorylevel01	Scene_Main	978	39.4036	14.476	56.013	0.0	-0.9529	0.0	0.3029	1.2109	1.0505	0.2102	1.0	1.0	1.0
skygarden_slnstorylevel01	Scene_Main	979	38.6259	14.533	56.8278	0.0	-0.859	0.0	0.5118	0.9858	1.1105	0.284	1.0	1.0	1.0
skygarden_slnstorylevel01	Scene_Main	980	43.4567	14.4784	55.9987	0.0117	-0.9407	0.0037	-0.3389	1.3569	1.0551	0.2028	1.0	1.0	1.0
skygarden_slnstorylevel01	Scene_Main	981	42.369	14.4699	55.4154	0.0021	-0.9934	-0.0004	-0.1142	1.0877	1.0383	0.2654	1.0	1.0	1.0
skygarden_slnstorylevel01	Scene_Main	982	44.2481	14.5182	56.8325	0.0	-0.8786	0.0	-0.4774	0.9556	1.1349	0.3101	1.0	1.0	1.0
skygarden_slnstorylevel01	Scene_Main	983	31.193	12.9989	57.0871	0.0	1.0	0.0	0.0	0.4805	1.2486	0.2875	1.0	1.0	1.0
skygarden_slnstorylevel01	Scene_Main	984	32.741	13.8179	57.081	-0.2437	0.9698	0.0	0.0	3.374	0.9793	0.286	1.0	1.0	1.0
skygarden_slnstorylevel01	Scene_Main	985	46.9848	14.5033	56.9793	0.0	0.0	0.0	1.0	4.8873	1.1611	0.1864	1.0	1.0	1.0
skygarden_slnstorylevel01	Scene_Main	986	36.1978	14.5033	57.1492	0.0	0.0	0.0	1.0	4.4356	1.1611	0.1864	1.0	1.0	1.0
skygarden_slnstorylevel01	Scene_Main	987	57.1133	10.3765	61.2467	0.0	-1.0	0.0	0.0	1.6837	6.3392	1.3493	1.0	1.0	1.0
skygarden_slnstorylevel01	Scene_Main	988	48.9	17.1154	61.2529	0.0	0.0	0.0	1.0	2.0362	6.339	2.0362	1.0	1.0	1.0
skygarden_slnstorylevel01	Scene_Main	989	58.6478	17.0696	41.4117	0.0	-0.7071	0.0	0.7071	3.4537	6.298	1.4247	1.0	1.0	1.0
skygarden_slnstorylevel01	Scene_Main	990	58.6436	10.378	33.0685	0.0	-0.7071	0.0	0.7071	1.6837	6.3392	1.3493	1.0	1.0	1.0
skygarden_slnstorylevel01	Scene_Main	991	53.9203	10.3765	61.2583	0.0	0.0	0.0	1.0	1.9629	6.3392	1.3493	1.0	1.0	1.0
skygarden_slnstorylevel01	Scene_Main	992	58.5021	10.4045	37.2539	0.0	-0.7071	0.0	0.7071	2.0362	6.339	1.7128	1.0	1.0	1.0
skygarden_slnstorylevel01	Scene_Main	993	50.3903	17.0881	63.1705	0.0	-1.0	0.0	0.0	1.7283	6.3392	1.3493	1.0	1.0	1.0
skygarden_slnstorylevel01	Scene_Main	994	55.583	10.4045	61.276	0.0	-0.7071	0.0	0.7071	2.0362	6.339	2.0362	1.0	1.0	1.0
skygarden_slnstorylevel01	Scene_Main	995	58.655	10.3606	65.3277	0.0	0.7081	0.0	0.706	3.3698	6.298	1.4247	1.0	1.0	1.0
skygarden_slnstorylevel01	Scene_Main	996	48.9143	17.0921	62.1973	0.0	-0.7071	0.0	-0.7071	1.6837	6.3392	1.3493	1.0	1.0	1.0
skygarden_slnstorylevel01	Scene_Main	997	48.9	10.4045	61.2529	0.0	0.0	0.0	1.0	2.0362	6.339	2.0362	1.0	1.0	1.0
skygarden_slnstorylevel01	Scene_Main	998	58.6436	10.378	35.8965	0.0	-0.7071	0.0	0.7071	1.6837	6.3392	1.3493	1.0	1.0	1.0
skygarden_slnstorylevel01	Scene_Main	999	46.5154	10.3572	61.2509	0.0	-1.0	0.0	0.0	3.3698	6.298	1.4247	1.0	1.0	1.0
skygarden_slnstorylevel01	Scene_Main	1000	58.6798	19.1324	47.7909	0.0	-0.7071	0.0	-0.7071	2.541	2.2111	1.3956	1.0	1.0	1.0
skygarden_slnstorylevel01	Scene_Main	1001	58.6798	17.034	45.424	0.0	-0.7071	0.0	-0.7071	2.2434	6.4082	1.3956	1.0	1.0	1.0
skygarden_slnstorylevel01	Scene_Main	1002	58.6798	17.034	50.0859	0.0	-0.7071	0.0	-0.7071	2.3205	6.4082	1.3956	1.0	1.0	1.0
skygarden_slnstorylevel01	Scene_Main	1003	46.5319	10.3572	34.1618	0.0	-1.0	0.0	0.0	3.4109	6.298	1.4247	1.0	1.0	1.0
skygarden_slnstorylevel01	Scene_Main	1004	58.6436	10.3745	56.632	0.0	-0.7071	0.0	0.7071	1.7052	6.3392	1.3493	1.0	1.0	1.0
skygarden_slnstorylevel01	Scene_Main	1005	34.109	17.1161	34.1629	0.0	0.0	0.0	1.0	2.1041	6.339	2.0362	1.0	1.0	1.0
skygarden_slnstorylevel01	Scene_Main	1006	58.7192	15.3479	47.7604	0.0	0.7071	0.0	0.7071	2.2382	3.0725	0.3515	1.0	1.0	1.0
skygarden_slnstorylevel01	Scene_Main	1007	58.6901	16.1577	48.8934	0.0	0.7071	0.0	0.7071	0.2154	4.4083	0.3461	1.0	1.0	1.0
skygarden_slnstorylevel01	Scene_Main	1008	58.6901	16.1577	46.6415	0.0	0.7071	0.0	0.7071	0.2154	4.4083	0.3461	1.0	1.0	1.0
skygarden_slnstorylevel01	Scene_Main	1009	58.6901	17.3635	47.7676	0.0	0.7071	0.0	0.7071	2.4675	1.8935	0.3461	1.0	1.0	1.0
skygarden_slnstorylevel01	Scene_Main	1010	58.6478	10.3586	54.1125	0.0	-0.7071	0.0	0.7071	3.3698	6.298	1.4247	1.0	1.0	1.0
skygarden_slnstorylevel01	Scene_Main	1011	51.2675	10.3572	34.166	0.0	0.0	0.0	1.0	3.3698	6.298	1.4247	1.0	1.0	1.0
skygarden_slnstorylevel01	Scene_Main	1012	57.2485	10.3586	35.5451	0.0	-0.3816	0.0	0.9243	2.772	6.298	1.4247	1.0	1.0	1.0
skygarden_slnstorylevel01	Scene_Main	1013	43.1764	10.3572	34.1618	0.0	-1.0	0.0	0.0	3.3698	6.298	1.4247	1.0	1.0	1.0
skygarden_slnstorylevel01	Scene_Main	1014	36.3713	17.0732	61.2541	0.0	0.0	0.0	1.0	3.5968	6.298	1.4247	1.0	1.0	1.0
skygarden_slnstorylevel01	Scene_Main	1015	30.949	8.7048	38.2878	0.0	-0.7071	0.0	0.7071	1.9372	3.0725	0.2943	1.0	1.0	1.0
skygarden_slnstorylevel01	Scene_Main	1016	48.9	10.4045	34.164	0.0	0.0	0.0	1.0	2.0362	6.339	2.0362	1.0	1.0	1.0
skygarden_slnstorylevel01	Scene_Main	1017	57.1195	17.0881	34.1702	0.0	0.0	0.0	1.0	1.6837	6.3392	1.3493	1.0	1.0	1.0
skygarden_slnstorylevel01	Scene_Main	1018	55.583	10.4045	34.158	0.0	-0.7071	0.0	0.7071	2.0362	6.339	2.0362	1.0	1.0	1.0
skygarden_slnstorylevel01	Scene_Main	1019	31.7483	14.1396	34.0455	0.0	0.0	0.0	1.0	3.3528	1.4108	1.355	1.0	1.0	1.0
skygarden_slnstorylevel01	Scene_Main	1020	48.8699	17.1154	63.185	0.0	0.0	0.0	1.0	2.0362	6.339	2.0362	1.0	1.0	1.0
skygarden_slnstorylevel01	Scene_Main	1021	29.336	17.1161	34.1629	0.0	0.0	0.0	1.0	2.0362	6.339	2.0362	1.0	1.0	1.0
skygarden_slnstorylevel01	Scene_Main	1022	51.2956	10.3572	61.2508	0.0	-1.0	0.0	0.0	3.4102	6.298	1.4247	1.0	1.0	1.0
skygarden_slnstorylevel01	Scene_Main	1023	46.6173	17.0732	61.2504	0.0	-1.0	0.0	0.0	3.5922	6.298	1.4247	1.0	1.0	1.0
skygarden_slnstorylevel01	Scene_Main	1024	31.7777	17.0732	34.1608	0.0	-1.0	0.0	0.0	3.5649	6.298	1.4247	1.0	1.0	1.0
skygarden_slnstorylevel01	Scene_Main	1025	59.4175	10.2043	63.699	0.0	0.0	0.0	1.0	0.6685	6.579	0.6681	1.0	1.0	1.0
skygarden_slnstorylevel01	Scene_Main	1026	52.6242	16.2176	63.182	0.0	0.0	0.0	1.0	0.2101	4.4083	0.3461	1.0	1.0	1.0
skygarden_slnstorylevel01	Scene_Main	1027	54.8209	16.2176	63.182	0.0	0.0	0.0	1.0	0.2101	4.4083	0.3461	1.0	1.0	1.0
skygarden_slnstorylevel01	Scene_Main	1028	53.7224	17.4235	63.182	0.0	0.0	0.0	1.0	2.4071	1.8935	0.3461	1.0	1.0	1.0
skygarden_slnstorylevel01	Scene_Main	1029	29.336	10.7641	34.1629	0.0	0.0	0.0	1.0	2.0362	6.4658	2.0362	1.0	1.0	1.0
skygarden_slnstorylevel01	Scene_Main	1030	57.1088	17.0881	63.1705	0.0	-1.0	0.0	0.0	1.7905	6.3392	1.3493	1.0	1.0	1.0
skygarden_slnstorylevel01	Scene_Main	1031	39.8007	10.3572	34.1651	0.0	0.0	0.0	1.0	3.4116	6.298	1.4247	1.0	1.0	1.0
skygarden_slnstorylevel01	Scene_Main	1032	58.6436	10.3779	38.7975	0.0	-0.7071	0.0	0.7071	1.6837	6.3392	1.3493	1.0	1.0	1.0
skygarden_slnstorylevel01	Scene_Main	1033	43.1734	17.0732	61.2504	0.0	-1.0	0.0	0.0	3.3698	6.298	1.4247	1.0	1.0	1.0
skygarden_slnstorylevel01	Scene_Main	1034	58.6479	10.362	41.2955	0.0	-0.7071	0.0	0.7071	3.4139	6.298	1.4247	1.0	1.0	1.0
skygarden_slnstorylevel01	Scene_Main	1035	58.6402	10.3765	62.8203	0.0	0.706	0.0	-0.7081	1.6837	6.3392	1.3493	1.0	1.0	1.0
skygarden_slnstorylevel01	Scene_Main	1036	36.4765	10.3572	34.1651	0.0	0.0	0.0	1.0	3.3698	6.298	1.4247	1.0	1.0	1.0
skygarden_slnstorylevel01	Scene_Main	1037	57.2011	17.0722	35.498	0.0	-0.3816	0.0	0.9243	3.0137	6.298	1.4247	1.0	1.0	1.0
skygarden_slnstorylevel01	Scene_Main	1038	53.9297	10.3731	34.1702	0.0	0.0	0.0	1.0	1.9906	6.3392	1.3493	1.0	1.0	1.0
skygarden_slnstorylevel01	Scene_Main	1039	58.6501	10.3584	60.592	0.0	0.7081	0.0	0.706	3.4126	6.298	1.4247	1.0	1.0	1.0
skygarden_slnstorylevel01	Scene_Main	1040	57.0933	10.3586	60.0113	0.0	0.346	0.0	0.9382	3.284	6.298	1.4247	1.0	1.0	1.0
skygarden_slnstorylevel01	Scene_Main	1041	31.8593	17.0732	61.2498	0.0	-1.0	0.0	0.0	3.6404	6.298	1.4247	1.0	1.0	1.0
skygarden_slnstorylevel01	Scene_Main	1042	58.6456	17.0885	35.7005	0.0	-0.7071	0.0	0.7071	1.6837	6.3392	1.3493	1.0	1.0	1.0
skygarden_slnstorylevel01	Scene_Main	1043	39.8155	17.0732	61.2541	0.0	0.0	0.0	1.0	3.3698	6.298	1.4247	1.0	1.0	1.0
skygarden_slnstorylevel01	Scene_Main	1044	58.6436	17.0855	38.7544	0.0	-0.7071	0.0	0.7071	1.9567	6.3392	1.3493	1.0	1.0	1.0
skygarden_slnstorylevel01	Scene_Main	1045	55.583	17.1154	34.158	0.0	-0.7071	0.0	0.7071	2.0362	6.339	2.0362	1.0	1.0	1.0
skygarden_slnstorylevel01	Scene_Main	1046	58.65	10.4045	58.1799	0.0	-0.7071	0.0	0.7071	2.0362	6.339	2.0362	1.0	1.0	1.0
skygarden_slnstorylevel01	Scene_Main	1047	53.7106	19.1588	63.1702	0.0	0.0	0.0	-1.0	2.4617	2.0297	1.301	1.0	1.0	1.0
skygarden_slnstorylevel01	Scene_Main	1048	55.5575	17.0383	63.1702	0.0	0.0	0.0	-1.0	1.4905	6.2708	1.301	1.0	1.0	1.0
skygarden_slnstorylevel01	Scene_Main	1049	51.907	17.0383	63.1702	0.0	0.0	0.0	-1.0	1.4729	6.2708	1.301	1.0	1.0	1.0
skygarden_slnstorylevel01	Scene_Main	1050	58.6439	17.1154	63.1859	0.0	0.0	0.0	1.0	2.0362	6.339	2.0362	1.0	1.0	1.0
skygarden_slnstorylevel01	Scene_Main	1051	64.3724	17.0696	71.2678	0.0	-1.0	0.0	0.0	3.3698	6.298	1.4247	1.0	1.0	1.0
skygarden_slnstorylevel01	Scene_Main	1052	60.9462	17.0696	71.2679	0.0	-1.0	0.0	0.0	3.5679	6.298	1.4247	1.0	1.0	1.0
skygarden_slnstorylevel01	Scene_Main	1053	66.7638	19.1329	67.2767	0.0	-0.7071	0.0	-0.7071	2.4788	2.2111	1.3956	1.0	1.0	1.0
skygarden_slnstorylevel01	Scene_Main	1054	66.7638	17.0344	64.9678	0.0	-0.7071	0.0	-0.7071	2.1884	6.4082	1.3956	1.0	1.0	1.0
skygarden_slnstorylevel01	Scene_Main	1055	66.7638	17.0344	69.5155	0.0	-0.7071	0.0	-0.7071	2.2636	6.4082	1.3956	1.0	1.0	1.0
skygarden_slnstorylevel01	Scene_Main	1056	66.7741	16.1847	68.3527	0.0	0.7071	0.0	0.7071	0.2101	4.653	0.3461	1.0	1.0	1.0
skygarden_slnstorylevel01	Scene_Main	1057	66.7741	16.1847	66.1559	0.0	0.7071	0.0	0.7071	0.2101	4.653	0.3461	1.0	1.0	1.0
skygarden_slnstorylevel01	Scene_Main	1058	66.7741	17.4575	67.2545	0.0	0.7071	0.0	0.7071	2.4071	1.9986	0.3461	1.0	1.0	1.0
skygarden_slnstorylevel01	Scene_Main	1059	66.8032	15.335	67.2473	0.0	0.7071	0.0	0.7071	2.1834	3.243	0.3515	1.0	1.0	1.0
skygarden_slnstorylevel01	Scene_Main	1060	66.596	17.1154	71.123	0.0	0.0	0.0	1.0	2.0362	6.339	2.0362	1.0	1.0	1.0
skygarden_slnstorylevel01	Scene_Main	1061	66.7385	17.0696	62.1769	0.0	-0.7071	0.0	0.7071	3.4552	6.298	1.4247	1.0	1.0	1.0
skygarden_slnstorylevel01	Scene_Main	1062	66.7799	17.1154	59.8349	0.0	0.0	0.0	1.0	2.0362	6.339	2.0362	1.0	1.0	1.0
skygarden_slnstorylevel01	Scene_Main	1063	66.7609	17.0696	57.4577	0.0	-0.7071	0.0	0.7071	3.4035	6.298	1.4247	1.0	1.0	1.0
skygarden_slnstorylevel01	Scene_Main	1064	66.7609	17.0696	53.9797	0.0	-0.7071	0.0	0.7071	3.622	6.298	1.4247	1.0	1.0	1.0
skygarden_slnstorylevel01	Scene_Main	1065	66.763	17.1154	51.7449	0.0	-0.7071	0.0	0.7071	2.0362	6.339	2.0362	1.0	1.0	1.0
skygarden_slnstorylevel01	Scene_Main	1066	64.3903	17.0696	51.753	0.0	0.0	0.0	1.0	3.4102	6.298	1.4247	1.0	1.0	1.0
skygarden_slnstorylevel01	Scene_Main	1067	60.953	17.0696	51.753	0.0	0.0	0.0	1.0	3.5391	6.298	1.4247	1.0	1.0	1.0
skygarden_slnstorylevel01	Scene_Main	1068	58.673	17.1154	51.7509	0.0	0.0	0.0	1.0	2.0362	6.339	2.0362	1.0	1.0	1.0
skygarden_slnstorylevel01	Scene_Main	1069	58.673	17.1154	43.6679	0.0	0.0	0.0	1.0	2.0362	6.339	2.0362	1.0	1.0	1.0
skygarden_slnstorylevel01	Scene_Main	1070	58.4599	17.1154	37.2549	0.0	-0.7071	0.0	0.7071	2.0362	6.339	2.0362	1.0	1.0	1.0
skygarden_slnstorylevel01	Scene_Main	1071	58.65	17.0594	34.158	0.0	-0.7071	0.0	0.7071	2.0362	6.339	2.0362	1.0	1.0	1.0
skygarden_slnstorylevel01	Scene_Main	1072	57.0844	17.0885	71.2616	0.0	-1.0	0.0	0.0	1.6837	6.3392	1.3493	1.0	1.0	1.0
skygarden_slnstorylevel01	Scene_Main	1073	48.866	13.4506	71.2629	0.0	0.0	0.0	1.0	2.0461	1.1079	2.0694	1.0	1.0	1.0
skygarden_slnstorylevel01	Scene_Main	1074	48.8757	17.0692	65.5534	0.0	-0.7071	0.0	-0.7071	3.3303	6.2317	1.317	1.0	1.0	1.0
skygarden_slnstorylevel01	Scene_Main	1075	54.4641	14.079	68.8588	0.0	0.0	0.0	1.0	2.3449	0.1758	0.8219	1.0	1.0	1.0
skygarden_slnstorylevel01	Scene_Main	1076	54.938	14.079	70.4161	0.0	0.0	0.0	1.0	3.2927	0.1758	0.8551	1.0	1.0	1.0
skygarden_slnstorylevel01	Scene_Main	1077	52.9476	14.079	70.5744	0.0	-0.7071	0.0	0.7071	4.2813	0.1758	0.8551	1.0	1.0	1.0
skygarden_slnstorylevel01	Scene_Main	1078	48.9129	17.1184	71.261	0.0	0.0	0.0	1.0	2.0362	6.339	2.0362	1.0	1.0	1.0
skygarden_slnstorylevel01	Scene_Main	1079	50.4323	17.0881	71.2617	0.0	-1.0	0.0	0.0	1.6837	6.3392	1.3493	1.0	1.0	1.0
skygarden_slnstorylevel01	Scene_Main	1080	48.8757	17.0692	68.8964	0.0	-0.7071	0.0	-0.7071	3.3082	6.2317	1.317	1.0	1.0	1.0
skygarden_slnstorylevel01	Scene_Main	1081	53.7346	19.1588	71.2609	0.0	0.0	0.0	-1.0	2.4617	2.0297	1.301	1.0	1.0	1.0
skygarden_slnstorylevel01	Scene_Main	1082	55.5815	17.0383	71.2609	0.0	0.0	0.0	-1.0	1.4905	6.2708	1.301	1.0	1.0	1.0
skygarden_slnstorylevel01	Scene_Main	1083	51.9309	17.0383	71.261	0.0	0.0	0.0	-1.0	1.4729	6.2708	1.301	1.0	1.0	1.0
skygarden_slnstorylevel01	Scene_Main	1084	58.6439	17.1154	71.2699	0.0	0.0	0.0	1.0	2.0362	6.339	2.0362	1.0	1.0	1.0
skygarden_slnstorylevel01	Scene_Main	1085	58.6521	17.0696	68.9084	0.0	-0.7071	0.0	-0.7071	3.3698	6.298	1.4247	1.0	1.0	1.0
skygarden_slnstorylevel01	Scene_Main	1086	58.6521	17.0696	65.4969	0.0	-0.7071	0.0	-0.7071	3.5393	6.298	1.4247	1.0	1.0	1.0
skygarden_slnstorylevel01	Scene_Main	1087	38.3395	9.7054	81.0203	0.0	0.0	0.0	1.0	1.6837	6.3392	1.3493	1.0	1.0	1.0
skygarden_slnstorylevel01	Scene_Main	1088	36.7924	13.394	73.5747	0.0	0.7071	0.0	0.7071	3.3529	1.1925	1.355	1.0	1.0	1.0
skygarden_slnstorylevel01	Scene_Main	1089	43.15	8.4553	71.2485	0.0	0.0	0.0	1.0	3.3655	3.6542	1.3398	1.0	1.0	1.0
skygarden_slnstorylevel01	Scene_Main	1090	43.6056	12.1173	81.0183	0.0	0.0	0.0	1.0	2.588	1.5	1.4177	1.0	1.0	1.0
skygarden_slnstorylevel01	Scene_Main	1091	46.4385	9.7128	81.0183	0.0	0.0	0.0	1.0	3.517	6.3104	1.4177	1.0	1.0	1.0
skygarden_slnstorylevel01	Scene_Main	1092	40.687	9.7128	81.0183	0.0	0.0	0.0	1.0	3.517	6.3104	1.4177	1.0	1.0	1.0
skygarden_slnstorylevel01	Scene_Main	1093	39.7223	13.394	81.1315	0.0	1.0	0.0	0.0	3.4404	1.1925	1.355	1.0	1.0	1.0
skygarden_slnstorylevel01	Scene_Main	1094	46.5753	13.394	80.9525	0.0	1.0	0.0	0.0	3.4404	1.1925	1.355	1.0	1.0	1.0
skygarden_slnstorylevel01	Scene_Main	1095	36.6913	9.7054	76.1383	0.0	-0.7071	0.0	-0.7071	1.6837	6.3392	1.3493	1.0	1.0	1.0
skygarden_slnstorylevel01	Scene_Main	1096	46.7309	13.394	70.5395	0.0	1.0	0.0	0.0	3.7519	1.1925	1.355	1.0	1.0	1.0
skygarden_slnstorylevel01	Scene_Main	1097	58.682	17.0696	73.6105	0.0	-0.7071	0.0	-0.7071	3.4802	6.298	1.4247	1.0	1.0	1.0
skygarden_slnstorylevel01	Scene_Main	1098	37.471	17.259	71.3899	0.0	0.0	0.0	1.0	2.0461	6.2265	2.0694	1.0	1.0	1.0
skygarden_slnstorylevel01	Scene_Main	1099	36.7924	13.394	76.9136	0.0	0.7071	0.0	0.7071	3.3529	1.1925	1.355	1.0	1.0	1.0
skygarden_slnstorylevel01	Scene_Main	1100	37.488	9.7445	71.3899	0.0	0.0	0.0	1.0	2.0362	6.339	2.0362	1.0	1.0	1.0
skygarden_slnstorylevel01	Scene_Main	1101	46.4805	17.0142	81.4811	0.0	0.0	0.0	1.0	3.3698	6.298	0.6889	1.0	1.0	1.0
skygarden_slnstorylevel01	Scene_Main	1102	36.6871	9.6895	78.7588	0.0	-0.7071	0.0	-0.7071	3.6191	6.298	1.4247	1.0	1.0	1.0
skygarden_slnstorylevel01	Scene_Main	1103	58.6821	17.0696	78.6534	0.0	-0.7071	0.0	-0.7071	3.3698	6.298	1.4247	1.0	1.0	1.0
skygarden_slnstorylevel01	Scene_Main	1104	56.2545	17.0138	81.4821	0.0	0.0	0.0	-1.0	3.3698	6.298	0.6889	1.0	1.0	1.0
skygarden_slnstorylevel01	Scene_Main	1105	53.7686	17.0297	81.4841	0.0	0.0	0.0	-1.0	1.6837	6.3392	0.6524	1.0	1.0	1.0
skygarden_slnstorylevel01	Scene_Main	1106	36.7924	13.394	80.2527	0.0	0.7071	0.0	0.7071	3.3529	1.1925	1.355	1.0	1.0	1.0
skygarden_slnstorylevel01	Scene_Main	1107	39.7005	8.4553	71.2485	0.0	0.0	0.0	1.0	3.5963	3.6542	1.3398	1.0	1.0	1.0
skygarden_slnstorylevel01	Scene_Main	1108	36.6871	9.6895	73.6524	0.0	-0.7071	0.0	-0.7071	3.3698	6.298	1.4247	1.0	1.0	1.0
skygarden_slnstorylevel01	Scene_Main	1109	39.8025	17.0142	81.4811	0.0	0.0	0.0	1.0	3.3698	6.298	0.6889	1.0	1.0	1.0
skygarden_slnstorylevel01	Scene_Main	1110	42.9939	13.394	70.5395	0.0	1.0	0.0	0.0	3.7519	1.1925	1.355	1.0	1.0	1.0
skygarden_slnstorylevel01	Scene_Main	1111	39.4319	9.6895	70.6181	0.0	0.0	0.0	-1.0	3.5393	6.298	1.4247	1.0	1.0	1.0
skygarden_slnstorylevel01	Scene_Main	1112	58.6862	17.0855	76.1434	0.0	-0.7071	0.0	-0.7071	1.6837	6.3392	1.3493	1.0	1.0	1.0
skygarden_slnstorylevel01	Scene_Main	1113	37.3961	17.0696	78.8164	0.0	-0.7071	0.0	-0.7071	3.45	6.298	1.4247	1.0	1.0	1.0
skygarden_slnstorylevel01	Scene_Main	1114	46.6043	17.0692	70.625	0.0	0.0	0.0	1.0	3.675	6.298	1.4247	1.0	1.0	1.0
skygarden_slnstorylevel01	Scene_Main	1115	37.3961	17.0696	73.7654	0.0	-0.7071	0.0	-0.7071	3.418	6.298	1.4247	1.0	1.0	1.0
skygarden_slnstorylevel01	Scene_Main	1116	42.9633	17.0692	70.625	0.0	0.0	0.0	1.0	3.675	6.298	1.4247	1.0	1.0	1.0
skygarden_slnstorylevel01	Scene_Main	1117	46.4449	9.6895	70.6181	0.0	0.0	0.0	-1.0	3.5393	6.298	1.4247	1.0	1.0	1.0
skygarden_slnstorylevel01	Scene_Main	1118	43.1483	13.394	81.1315	0.0	1.0	0.0	0.0	3.4404	1.1925	1.355	1.0	1.0	1.0
skygarden_slnstorylevel01	Scene_Main	1119	39.2569	13.394	70.5395	0.0	1.0	0.0	0.0	3.7519	1.1925	1.355	1.0	1.0	1.0
skygarden_slnstorylevel01	Scene_Main	1120	37.4003	17.0855	76.2704	0.0	-0.7071	0.0	-0.7071	1.6837	6.3392	1.3493	1.0	1.0	1.0
skygarden_slnstorylevel01	Scene_Main	1121	58.4682	17.141	80.9197	0.0	0.0	0.0	1.0	1.7271	6.2265	1.871	1.0	1.0	1.0
skygarden_slnstorylevel01	Scene_Main	1122	51.2545	17.0138	81.4821	0.0	0.0	0.0	-1.0	3.3698	6.298	0.6889	1.0	1.0	1.0
skygarden_slnstorylevel01	Scene_Main	1123	42.9379	9.6895	70.6181	0.0	0.0	0.0	-1.0	3.5393	6.298	1.4247	1.0	1.0	1.0
skygarden_slnstorylevel01	Scene_Main	1124	37.471	13.4958	71.3899	0.0	0.0	0.0	1.0	2.0461	1.1968	2.0694	1.0	1.0	1.0
skygarden_slnstorylevel01	Scene_Main	1125	39.3223	17.0692	70.625	0.0	0.0	0.0	1.0	3.675	6.298	1.4247	1.0	1.0	1.0
skygarden_slnstorylevel01	Scene_Main	1126	43.1415	17.0142	81.4811	0.0	0.0	0.0	1.0	3.3698	6.298	0.6889	1.0	1.0	1.0
skygarden_slnstorylevel01	Scene_Main	1127	48.9725	9.6997	78.6495	0.0	-0.7071	0.0	-0.7071	3.3485	6.2878	0.9886	1.0	1.0	1.0
skygarden_slnstorylevel01	Scene_Main	1128	48.9934	9.7088	76.1314	0.0	-0.7071	0.0	-0.7071	1.6837	6.3392	1.0096	1.0	1.0	1.0
skygarden_slnstorylevel01	Scene_Main	1129	48.9903	9.6929	73.6116	0.0	-0.7071	0.0	-0.7071	3.4564	6.298	1.066	1.0	1.0	1.0
skygarden_slnstorylevel01	Scene_Main	1130	48.7044	13.329	73.5747	0.0	0.7071	0.0	0.7071	3.3529	1.1925	1.355	1.0	1.0	1.0
skygarden_slnstorylevel01	Scene_Main	1131	48.7044	13.329	76.9136	0.0	0.7071	0.0	0.7071	3.3529	1.1925	1.355	1.0	1.0	1.0
skygarden_slnstorylevel01	Scene_Main	1132	48.7044	13.329	80.2527	0.0	0.7071	0.0	0.7071	3.3529	1.1925	1.355	1.0	1.0	1.0
skygarden_slnstorylevel01	Scene_Main	1133	48.866	9.8499	81.0079	0.0	0.0	0.0	1.0	2.0461	6.4015	2.0694	1.0	1.0	1.0
skygarden_slnstorylevel01	Scene_Main	1134	37.4	17.4689	81.1989	0.0	0.0	0.0	1.0	2.0461	6.2265	2.0694	1.0	1.0	1.0
skygarden_slnstorylevel01	Scene_Main	1135	48.866	17.141	81.6106	0.0	0.0	0.0	1.0	2.0461	6.2265	1.3953	1.0	1.0	1.0
skygarden_slnstorylevel01	Scene_Main	1136	46.4889	8.4553	71.2485	0.0	0.0	0.0	1.0	3.3655	3.6542	1.3398	1.0	1.0	1.0
skygarden_slnstorylevel01	Scene_Main	1137	48.866	9.769	71.263	0.0	0.0	0.0	1.0	2.0461	6.2265	2.0694	1.0	1.0	1.0
skygarden_slnstorylevel01	Scene_Main	1138	43.5539	6.6876	76.4286	0.0	0.0	0.0	1.0	11.4741	0.0816	9.4728	1.0	1.0	1.0
skygarden_slnstorylevel01	Scene_Main	1139	47.4471	7.4526	76.0389	0.2469	0.0	0.0	0.969	2.4613	0.2155	3.5066	1.0	1.0	1.0
skygarden_slnstorylevel01	Scene_Main	1140	47.4218	8.2994	73.0169	0.0	0.0	0.0	1.0	2.4665	0.2132	3.0633	1.0	1.0	1.0
skygarden_slnstorylevel01	Scene_Main	1141	44.7761	9.1896	72.9976	0.0	0.0	-0.2604	0.9654	3.5273	0.2413	2.7552	1.0	1.0	1.0
skygarden_slnstorylevel01	Scene_Main	1142	40.379	10.0803	73.0682	0.0	0.0	0.0	1.0	5.8585	0.2132	2.7132	1.0	1.0	1.0
skygarden_slnstorylevel01	Scene_Main	1143	39.1791	11.0846	76.1489	-0.251	0.0	0.0	0.9679	3.3411	0.2132	4.1772	1.0	1.0	1.0
skygarden_slnstorylevel01	Scene_Main	1144	39.105	12.0862	79.2778	0.0	0.0	0.0	1.0	3.473	0.2132	2.7107	1.0	1.0	1.0
skygarden_slnstorylevel01	Scene_Main	1145	45.8616	13.8979	79.2441	0.0	0.0	0.0	1.0	3.9918	0.2132	2.6694	1.0	1.0	1.0
skygarden_slnstorylevel01	Scene_Main	1146	53.0701	13.8979	71.6839	0.0	0.0	0.0	1.0	10.4265	0.2132	17.7908	1.0	1.0	1.0
skygarden_slnstorylevel01	Scene_Main	1147	42.3331	12.9777	79.2648	0.0	0.0	0.2594	0.9657	3.6977	0.2132	2.7107	1.0	1.0	1.0
skygarden_slnstorylevel01	Scene_Main	1148	37.4131	9.7677	95.0858	0.0	0.7071	0.0	0.7071	3.3449	6.3485	1.3693	1.0	1.0	1.0
skygarden_slnstorylevel01	Scene_Main	1149	37.3017	9.7356	81.1989	0.0	0.0	0.0	1.0	2.2836	6.339	2.0362	1.0	1.0	1.0
skygarden_slnstorylevel01	Scene_Main	1150	56.2441	9.7677	76.265	0.0	0.0	0.0	1.0	3.3449	6.3485	1.3693	1.0	1.0	1.0
skygarden_slnstorylevel01	Scene_Main	1151	48.866	13.4465	81.008	0.0	0.0	0.0	1.0	2.0461	1.0801	2.0694	1.0	1.0	1.0
skygarden_slnstorylevel01	Scene_Main	1152	48.083	9.9399	97.029	0.0	0.0	0.0	1.0	15.2075	6.4763	0.5733	1.0	1.0	1.0
skygarden_slnstorylevel01	Scene_Main	1153	58.631	9.8099	87.4149	0.0	0.0	0.0	1.0	2.0461	6.2265	2.0694	1.0	1.0	1.0
skygarden_slnstorylevel01	Scene_Main	1154	37.408	9.7356	97.4369	0.0	0.0	0.0	1.0	2.0362	6.339	2.0362	1.0	1.0	1.0
skygarden_slnstorylevel01	Scene_Main	1155	38.9999	9.7677	97.433	0.0	0.0	0.0	1.0	3.3572	6.3485	1.3693	1.0	1.0	1.0
skygarden_slnstorylevel01	Scene_Main	1156	37.4	13.6013	81.1989	0.0	0.0	0.0	1.0	2.0461	1.4046	2.0694	1.0	1.0	1.0
skygarden_slnstorylevel01	Scene_Main	1157	58.6371	8.9127	85.2847	0.0	0.7071	0.0	0.7071	0.2101	4.5377	0.3461	1.0	1.0	1.0
skygarden_slnstorylevel01	Scene_Main	1158	58.6371	8.9127	83.0879	0.0	0.7071	0.0	0.7071	0.2101	4.5377	0.3461	1.0	1.0	1.0
skygarden_slnstorylevel01	Scene_Main	1159	58.6371	10.154	84.1865	0.0	0.7071	0.0	0.7071	2.4071	1.9491	0.3461	1.0	1.0	1.0
skygarden_slnstorylevel01	Scene_Main	1160	37.4131	9.7677	91.7498	0.0	0.7071	0.0	0.7071	3.3449	6.3485	1.3693	1.0	1.0	1.0
skygarden_slnstorylevel01	Scene_Main	1161	53.7325	9.7572	76.2556	0.0	0.0	0.0	1.0	1.6963	6.3144	1.3699	1.0	1.0	1.0
skygarden_slnstorylevel01	Scene_Main	1162	58.6399	9.8166	76.2639	0.0	0.0	0.0	1.0	2.0461	6.2265	2.0694	1.0	1.0	1.0
skygarden_slnstorylevel01	Scene_Main	1163	58.639	9.7677	78.6468	0.0	-0.7071	0.0	-0.7071	3.3449	6.3485	1.3693	1.0	1.0	1.0
skygarden_slnstorylevel01	Scene_Main	1164	49.3373	9.7531	76.7378	0.0	0.0	0.0	1.0	0.8719	6.2541	0.9215	1.0	1.0	1.0
skygarden_slnstorylevel01	Scene_Main	1165	37.4131	9.7677	83.3908	0.0	0.7071	0.0	0.7071	3.3449	6.3485	1.3693	1.0	1.0	1.0
skygarden_slnstorylevel01	Scene_Main	1166	58.6458	9.7677	89.6701	0.0	-0.7071	0.0	0.7071	3.3449	6.3485	1.3693	1.0	1.0	1.0
skygarden_slnstorylevel01	Scene_Main	1167	58.644	11.835	84.1875	0.0	0.7071	0.0	-0.7071	2.4617	2.0297	1.301	1.0	1.0	1.0
skygarden_slnstorylevel01	Scene_Main	1168	58.644	9.7144	86.0345	0.0	0.7071	0.0	-0.7071	1.4905	6.2708	1.301	1.0	1.0	1.0
skygarden_slnstorylevel01	Scene_Main	1169	58.6439	9.7144	82.3839	0.0	0.7071	0.0	-0.7071	1.4729	6.2708	1.301	1.0	1.0	1.0
skygarden_slnstorylevel01	Scene_Main	1170	57.4794	9.7677	96.1736	0.0	-0.9145	0.0	0.4045	3.3449	6.3485	1.3693	1.0	1.0	1.0
skygarden_slnstorylevel01	Scene_Main	1171	58.6458	9.7686	93.1281	0.0	-0.7071	0.0	0.7071	3.3449	6.3485	1.3693	1.0	1.0	1.0
skygarden_slnstorylevel01	Scene_Main	1172	37.3971	9.7572	89.2374	0.0	0.7071	0.0	0.7071	1.6963	6.3144	1.3699	1.0	1.0	1.0
skygarden_slnstorylevel01	Scene_Main	1173	58.2	9.8419	91.4726	0.0	0.7071	0.0	0.7071	0.6839	6.5506	0.7348	1.0	1.0	1.0
skygarden_slnstorylevel01	Scene_Main	1174	58.6399	9.8166	81.0089	0.0	0.0	0.0	1.0	2.0461	6.2265	2.1491	1.0	1.0	1.0
skygarden_slnstorylevel01	Scene_Main	1175	51.2211	9.7677	76.2651	0.0	0.0	0.0	1.0	3.3449	6.3485	1.3693	1.0	1.0	1.0
skygarden_slnstorylevel01	Scene_Main	1176	47.5549	6.2436	85.2221	0.0	0.0	0.0	1.0	22.224	0.9336	26.1235	1.0	1.0	1.0
skygarden_slnstorylevel01	Scene_Main	1177	46.4524	6.96	96.4625	0.0	0.0	0.0	1.0	6.7175	0.1491	4.2415	1.0	1.0	1.0
skygarden_slnstorylevel01	Scene_Main	1178	50.3369	6.735	96.555	0.0	0.0	-0.1923	0.9813	1.2987	0.1278	4.129	1.0	1.0	1.0
skygarden_slnstorylevel01	Scene_Main	1179	46.4558	6.735	93.7611	-0.136	0.6939	-0.136	0.6939	1.2987	0.1278	6.5058	1.0	1.0	1.0
skygarden_slnstorylevel01	Scene_Main	1180	42.5879	6.735	96.7991	-0.1923	0.9813	0.0	0.0	1.2987	0.1278	4.7859	1.0	1.0	1.0
skygarden_slnstorylevel01	Scene_Main	1181	50.1549	6.6556	94.0671	-0.1739	-0.0351	-0.1766	0.9681	0.9938	0.1278	1.0073	1.0	1.0	1.0
skygarden_slnstorylevel01	Scene_Main	1182	42.8119	6.6556	93.9961	-0.2544	0.6929	-0.0061	0.6745	0.9938	0.1278	1.0073	1.0	1.0	1.0
skygarden_slnstorylevel01	Scene_Main	1183	55.9473	9.8419	97.0519	0.0	0.0	0.0	1.0	0.6839	6.5506	0.7348	1.0	1.0	1.0
skygarden_slnstorylevel01	Scene_Main	1184	37.4131	9.7677	86.7298	0.0	0.7071	0.0	0.7071	3.3449	6.3485	1.3693	1.0	1.0	1.0
skygarden_slnstorylevel01	Scene_Main	1185	58.6591	9.7644	73.8958	0.0	-0.7071	0.0	-0.7071	3.3449	6.3485	1.3693	1.0	1.0	1.0
skygarden_slnstorylevel01	Scene_Main	1186	58.6436	9.7539	71.3841	0.0	-0.7071	0.0	-0.7071	1.6757	6.3144	1.3699	1.0	1.0	1.0
skygarden_slnstorylevel01	Scene_Main	1187	66.0355	9.7456	87.4207	0.0	0.0	0.0	1.0	3.3082	6.2317	1.317	1.0	1.0	1.0
skygarden_slnstorylevel01	Scene_Main	1188	74.5586	9.7602	81.0203	0.0	0.0	0.0	1.0	1.6837	6.3392	1.3493	1.0	1.0	1.0
skygarden_slnstorylevel01	Scene_Main	1189	85.325	9.7608	87.4272	0.0	0.0	0.0	1.0	1.8781	6.3392	1.3493	1.0	1.0	1.0
skygarden_slnstorylevel01	Scene_Main	1190	82.456	9.7869	81.0139	0.0	0.0	0.0	1.0	2.0362	6.339	2.0362	1.0	1.0	1.0
skygarden_slnstorylevel01	Scene_Main	1191	60.1945	9.7574	87.4272	0.0	0.0	0.0	1.0	1.6837	6.3392	1.3493	1.0	1.0	1.0
skygarden_slnstorylevel01	Scene_Main	1192	76.0365	9.7415	87.4231	0.0	0.0	0.0	1.0	3.3698	6.298	1.4247	1.0	1.0	1.0
skygarden_slnstorylevel01	Scene_Main	1193	86.9599	9.7244	87.0	0.0	0.0	0.0	1.0	2.0362	6.339	2.0362	1.0	1.0	1.0
skygarden_slnstorylevel01	Scene_Main	1194	72.6943	9.7415	87.4231	0.0	0.0	0.0	1.0	3.4102	6.298	1.4247	1.0	1.0	1.0
skygarden_slnstorylevel01	Scene_Main	1195	90.0614	9.7371	82.1738	0.0	0.5048	0.0	0.8632	3.3698	6.298	1.4247	1.0	1.0	1.0
skygarden_slnstorylevel01	Scene_Main	1196	62.6785	9.7415	87.4231	0.0	0.0	0.0	1.0	3.3698	6.298	1.4247	1.0	1.0	1.0
skygarden_slnstorylevel01	Scene_Main	1197	77.9023	8.1648	81.1277	0.0	-1.0	0.0	0.0	2.1834	3.0725	0.3515	1.0	1.0	1.0
skygarden_slnstorylevel01	Scene_Main	1198	61.0285	9.7445	81.0231	0.0	0.0	0.0	1.0	3.3698	6.298	1.4247	1.0	1.0	1.0
skygarden_slnstorylevel01	Scene_Main	1199	82.7113	9.7449	87.4231	0.0	0.0	0.0	1.0	3.3922	6.298	1.4247	1.0	1.0	1.0
skygarden_slnstorylevel01	Scene_Main	1200	81.1166	9.7602	81.0203	0.0	0.0	0.0	1.0	1.6837	6.3392	1.3493	1.0	1.0	1.0
skygarden_slnstorylevel01	Scene_Main	1201	76.7902	8.9521	81.143	0.0	0.0	0.0	1.0	0.2101	4.5377	0.3461	1.0	1.0	1.0
skygarden_slnstorylevel01	Scene_Main	1202	78.9869	8.9521	81.143	0.0	0.0	0.0	1.0	0.2101	4.5377	0.3461	1.0	1.0	1.0
skygarden_slnstorylevel01	Scene_Main	1203	77.8884	10.1934	81.143	0.0	0.0	0.0	1.0	2.4071	1.9491	0.3461	1.0	1.0	1.0
skygarden_slnstorylevel01	Scene_Main	1204	69.3513	9.7415	87.4231	0.0	0.0	0.0	1.0	3.4102	6.298	1.4247	1.0	1.0	1.0
skygarden_slnstorylevel01	Scene_Main	1205	88.4264	9.7371	85.0798	0.0	0.5048	0.0	0.8632	3.3698	6.298	1.4247	1.0	1.0	1.0
skygarden_slnstorylevel01	Scene_Main	1206	64.4012	9.7445	81.0231	0.0	0.0	0.0	1.0	3.4546	6.298	1.4247	1.0	1.0	1.0
skygarden_slnstorylevel01	Scene_Main	1207	79.3925	9.7456	87.4207	0.0	0.0	0.0	1.0	3.3303	6.2317	1.317	1.0	1.0	1.0
skygarden_slnstorylevel01	Scene_Main	1208	77.9033	11.831	81.021	0.0	-1.0	0.0	0.0	2.4617	2.0297	1.301	1.0	1.0	1.0
skygarden_slnstorylevel01	Scene_Main	1209	76.0564	9.7104	81.021	0.0	-1.0	0.0	0.0	1.4905	6.2708	1.301	1.0	1.0	1.0
skygarden_slnstorylevel01	Scene_Main	1210	79.7069	9.7104	81.021	0.0	-1.0	0.0	0.0	1.4729	6.2708	1.301	1.0	1.0	1.0
skygarden_slnstorylevel01	Scene_Main	1211	94.1679	9.7312	74.1009	0.0	0.0	0.0	1.0	2.0362	6.339	2.0362	1.0	1.0	1.0
skygarden_slnstorylevel01	Scene_Main	1212	86.078	9.7866	74.1009	0.0	0.0	0.0	1.0	2.0362	6.339	2.0362	1.0	1.0	1.0
skygarden_slnstorylevel01	Scene_Main	1213	86.0801	9.7405	71.7394	0.0	0.7071	0.0	0.7071	3.3698	6.298	1.4247	1.0	1.0	1.0
skygarden_slnstorylevel01	Scene_Main	1214	94.159	9.7469	64.8746	0.0	0.7071	0.0	0.7071	2.4901	6.3082	1.3466	1.0	1.0	1.0
skygarden_slnstorylevel01	Scene_Main	1215	94.1631	9.7405	71.7394	0.0	0.7071	0.0	0.7071	3.3698	6.298	1.4247	1.0	1.0	1.0
skygarden_slnstorylevel01	Scene_Main	1216	94.159	9.7469	67.3706	0.0	0.7071	0.0	0.7071	2.4901	6.3082	1.3466	1.0	1.0	1.0
skygarden_slnstorylevel01	Scene_Main	1217	94.1549	9.7312	69.329	0.0	0.0086	0.0013	0.9999	2.0362	6.339	2.0362	1.0	1.0	1.0
skygarden_slnstorylevel01	Scene_Main	1218	94.1549	9.7312	62.9309	0.0	0.0	0.0	1.0	2.0362	6.339	2.0362	1.0	1.0	1.0
skygarden_slnstorylevel01	Scene_Main	1219	91.7042	9.7412	79.2486	0.0	0.5048	0.0	0.8632	3.3082	6.2317	1.317	1.0	1.0	1.0
skygarden_slnstorylevel01	Scene_Main	1220	93.3354	9.7405	76.3538	0.0	0.5048	0.0	0.8632	3.3698	6.298	1.4247	1.0	1.0	1.0
skygarden_slnstorylevel01	Scene_Main	1221	94.163	9.7405	60.5694	0.0	0.7071	0.0	0.7071	3.3698	6.298	1.4247	1.0	1.0	1.0
skygarden_slnstorylevel01	Scene_Main	1222	86.0801	9.7405	60.5694	0.0	0.7071	0.0	0.7071	3.3698	6.298	1.4247	1.0	1.0	1.0
skygarden_slnstorylevel01	Scene_Main	1223	83.6581	9.7409	78.8799	0.0	0.4987	0.0	0.8667	3.5026	6.298	1.4247	1.0	1.0	1.0
skygarden_slnstorylevel01	Scene_Main	1224	85.4005	9.7409	75.882	0.0	0.4987	0.0	0.8667	3.5026	6.298	1.4247	1.0	1.0	1.0
skygarden_slnstorylevel01	Scene_Main	1225	76.1905	6.5139	72.393	0.0	0.0	0.0	1.0	36.2778	0.1496	29.9728	1.0	1.0	1.0
skygarden_slnstorylevel01	Scene_Main	1226	100.1788	9.9876	50.6298	0.0	0.7071	0.0	0.7071	0.6606	6.579	0.6681	1.0	1.0	1.0
skygarden_slnstorylevel01	Scene_Main	1227	86.031	17.138	37.236	0.0	0.0	0.0	1.0	2.0461	6.2265	2.0694	1.0	1.0	1.0
skygarden_slnstorylevel01	Scene_Main	1228	90.1259	9.6926	58.204	0.0	0.0	0.0	-1.0	2.0446	6.2564	1.3594	1.0	1.0	1.0
skygarden_slnstorylevel01	Scene_Main	1229	92.9904	9.6926	58.2039	0.0	0.0	0.0	-1.0	0.9362	6.2564	1.3594	1.0	1.0	1.0
skygarden_slnstorylevel01	Scene_Main	1230	91.747	12.0514	58.204	0.0	0.0	0.0	-1.0	1.67	1.5399	1.3594	1.0	1.0	1.0
skygarden_slnstorylevel01	Scene_Main	1231	88.4071	12.0514	58.204	0.0	0.0	0.0	-1.0	1.6038	1.5399	1.3594	1.0	1.0	1.0
skygarden_slnstorylevel01	Scene_Main	1232	87.2009	9.6926	58.204	0.0	0.0	0.0	-1.0	0.9532	6.2564	1.3594	1.0	1.0	1.0
skygarden_slnstorylevel01	Scene_Main	1233	100.1788	17.1947	50.6298	0.0	0.7071	0.0	0.7071	0.6606	6.579	0.6681	1.0	1.0	1.0
skygarden_slnstorylevel01	Scene_Main	1234	83.7398	17.0696	37.244	0.0	0.0	0.0	-1.0	3.5858	6.298	1.4247	1.0	1.0	1.0
skygarden_slnstorylevel01	Scene_Main	1235	100.5998	17.0696	52.4675	0.0	-0.7071	0.0	0.7071	3.3698	6.298	1.4247	1.0	1.0	1.0
skygarden_slnstorylevel01	Scene_Main	1236	100.5839	17.0722	49.0385	0.0	-0.7071	0.0	0.7071	2.7446	6.3082	1.3466	1.0	1.0	1.0
skygarden_slnstorylevel01	Scene_Main	1237	77.914	9.8122	37.236	0.0	0.0	0.0	1.0	2.0461	6.2265	2.0694	1.0	1.0	1.0
skygarden_slnstorylevel01	Scene_Main	1238	94.164	9.8123	58.1799	0.0	0.0	0.0	1.0	2.128	6.2265	2.0694	1.0	1.0	1.0
skygarden_slnstorylevel01	Scene_Main	1239	80.3225	9.7405	58.188	0.0	0.0	0.0	-1.0	3.3698	6.298	1.4247	1.0	1.0	1.0
skygarden_slnstorylevel01	Scene_Main	1240	77.9473	9.7598	56.6583	0.0	0.7071	0.0	0.7071	1.6837	6.3392	1.3493	1.0	1.0	1.0
skygarden_slnstorylevel01	Scene_Main	1241	99.068	9.7564	37.2356	0.0	-1.0	0.0	0.0	1.748	6.3392	1.3493	1.0	1.0	1.0
skygarden_slnstorylevel01	Scene_Main	1242	100.6244	12.2296	49.2462	0.0	-0.7071	0.0	0.7071	3.1426	1.4108	1.355	1.0	1.0	1.0
skygarden_slnstorylevel01	Scene_Main	1243	100.5799	17.0696	42.9315	0.0	-0.7071	0.0	0.7071	3.3698	6.298	1.4247	1.0	1.0	1.0
skygarden_slnstorylevel01	Scene_Main	1244	94.1119	9.8123	37.236	0.0	0.0	0.0	1.0	2.1284	6.2265	2.0694	1.0	1.0	1.0
skygarden_slnstorylevel01	Scene_Main	1245	77.914	17.138	37.236	0.0	0.0	0.0	1.0	2.0461	6.2265	2.0694	1.0	1.0	1.0
skygarden_slnstorylevel01	Scene_Main	1246	100.1788	17.1947	44.7598	0.0	0.7071	0.0	0.7071	0.6606	6.579	0.6681	1.0	1.0	1.0
skygarden_slnstorylevel01	Scene_Main	1247	86.051	9.8123	58.1799	0.0	0.0	0.0	1.0	2.128	6.2265	2.0694	1.0	1.0	1.0
skygarden_slnstorylevel01	Scene_Main	1248	77.914	9.8122	55.1219	0.0	0.0	0.0	1.0	2.0461	6.2265	2.0694	1.0	1.0	1.0
skygarden_slnstorylevel01	Scene_Main	1249	88.338	17.0662	37.2441	0.0	0.0	0.0	-1.0	3.5393	6.298	1.4247	1.0	1.0	1.0
skygarden_slnstorylevel01	Scene_Main	1250	100.5839	17.0722	46.326	0.0	-0.7071	0.0	0.7071	2.6774	6.3082	1.3466	1.0	1.0	1.0
skygarden_slnstorylevel01	Scene_Main	1251	80.3225	17.0696	58.188	0.0	0.0	0.0	-1.0	3.3698	6.298	1.4247	1.0	1.0	1.0
skygarden_slnstorylevel01	Scene_Main	1252	83.7705	17.0696	58.188	0.0	0.0	0.0	-1.0	3.6225	6.298	1.4247	1.0	1.0	1.0
skygarden_slnstorylevel01	Scene_Main	1253	77.914	9.8123	40.3029	0.0	0.0	0.0	1.0	2.0461	6.2265	2.0694	1.0	1.0	1.0
skygarden_slnstorylevel01	Scene_Main	1254	100.5999	9.8232	58.1789	0.0	0.0	0.0	1.0	2.0461	6.2265	2.0694	1.0	1.0	1.0
skygarden_slnstorylevel01	Scene_Main	1255	80.3025	17.0696	37.2441	0.0	0.0	0.0	-1.0	3.3698	6.298	1.4247	1.0	1.0	1.0
skygarden_slnstorylevel01	Scene_Main	1256	96.5131	9.7405	37.2398	0.0	-1.0	0.0	0.0	3.5415	6.298	1.4247	1.0	1.0	1.0
skygarden_slnstorylevel01	Scene_Main	1257	100.58	9.8232	37.235	0.0	0.0	0.0	1.0	2.0461	6.2265	2.0694	1.0	1.0	1.0
skygarden_slnstorylevel01	Scene_Main	1258	100.5177	9.1671	47.666	0.0	0.0	0.0	1.0	0.6912	4.9776	5.5144	1.0	1.0	1.0
skygarden_slnstorylevel01	Scene_Main	1259	90.0599	9.6926	37.247	0.0	0.0	0.0	-1.0	2.0446	6.2564	1.3594	1.0	1.0	1.0
skygarden_slnstorylevel01	Scene_Main	1260	92.9244	9.6926	37.247	0.0	0.0	0.0	-1.0	0.9362	6.2564	1.3594	1.0	1.0	1.0
skygarden_slnstorylevel01	Scene_Main	1261	91.681	12.0514	37.247	0.0	0.0	0.0	-1.0	1.67	1.5399	1.3594	1.0	1.0	1.0
skygarden_slnstorylevel01	Scene_Main	1262	88.3411	12.0514	37.247	0.0	0.0	0.0	-1.0	1.6038	1.5399	1.3594	1.0	1.0	1.0
skygarden_slnstorylevel01	Scene_Main	1263	87.1349	9.6926	37.247	0.0	0.0	0.0	-1.0	0.9532	6.2564	1.3594	1.0	1.0	1.0
skygarden_slnstorylevel01	Scene_Main	1264	100.5998	9.7548	55.798	0.0	-0.7071	0.0	0.7071	3.4149	6.298	1.4247	1.0	1.0	1.0
skygarden_slnstorylevel01	Scene_Main	1265	77.9473	17.0855	56.6583	0.0	0.7071	0.0	0.7071	1.6837	6.3392	1.3493	1.0	1.0	1.0
skygarden_slnstorylevel01	Scene_Main	1266	99.0403	17.0855	37.2353	0.0	-1.0	0.0	0.0	1.6837	6.3392	1.3493	1.0	1.0	1.0
skygarden_slnstorylevel01	Scene_Main	1267	77.959	17.0722	46.4169	0.0	-0.7071	0.0	-0.7071	2.6774	6.3082	1.3466	1.0	1.0	1.0
skygarden_slnstorylevel01	Scene_Main	1268	94.1439	17.138	37.236	0.0	0.0	0.0	1.0	2.0461	6.2265	2.0694	1.0	1.0	1.0
skygarden_slnstorylevel01	Scene_Main	1269	78.141	17.0662	42.5341	0.0	-0.7071	0.0	-0.7071	3.7081	6.298	1.4247	1.0	1.0	1.0
skygarden_slnstorylevel01	Scene_Main	1270	100.5799	9.7548	42.9355	0.0	-0.7071	0.0	0.7071	3.3698	6.298	1.4247	1.0	1.0	1.0
skygarden_slnstorylevel01	Scene_Main	1271	86.051	17.138	58.1799	0.0	0.0	0.0	1.0	2.0461	6.2265	2.0694	1.0	1.0	1.0
skygarden_slnstorylevel01	Scene_Main	1272	78.1411	17.0662	53.0015	0.0	-0.7071	0.0	-0.7071	3.9676	6.298	1.4247	1.0	1.0	1.0
skygarden_slnstorylevel01	Scene_Main	1273	91.8363	17.0662	58.1881	0.0	0.0	0.0	-1.0	3.4985	6.298	1.4247	1.0	1.0	1.0
skygarden_slnstorylevel01	Scene_Main	1274	89.319	6.4	47.7439	0.0	0.0	0.0	1.0	23.6759	0.6153	20.2322	1.0	1.0	1.0
skygarden_slnstorylevel01	Scene_Main	1275	100.5999	17.138	58.1789	0.0	0.0	0.0	1.0	2.0461	6.2265	2.0694	1.0	1.0	1.0
skygarden_slnstorylevel01	Scene_Main	1276	77.914	17.138	58.1889	0.0	0.0	0.0	1.0	2.0461	6.2265	2.0694	1.0	1.0	1.0
skygarden_slnstorylevel01	Scene_Main	1277	77.9473	17.0855	38.7584	0.0	0.7071	0.0	0.7071	1.9931	6.3392	1.3493	1.0	1.0	1.0
skygarden_slnstorylevel01	Scene_Main	1278	80.3025	9.7405	37.2441	0.0	0.0	0.0	-1.0	3.3698	6.298	1.4247	1.0	1.0	1.0
skygarden_slnstorylevel01	Scene_Main	1279	77.914	9.8123	58.1889	0.0	0.0	0.0	1.0	2.0461	6.2265	2.0694	1.0	1.0	1.0
skygarden_slnstorylevel01	Scene_Main	1280	83.6345	9.7405	37.2441	0.0	0.0	0.0	-1.0	3.3698	6.298	1.4247	1.0	1.0	1.0
skygarden_slnstorylevel01	Scene_Main	1281	77.914	17.138	55.1219	0.0	0.0	0.0	1.0	2.0461	6.2265	2.0694	1.0	1.0	1.0
skygarden_slnstorylevel01	Scene_Main	1282	100.5998	17.0696	55.8015	0.0	-0.7071	0.0	0.7071	3.3698	6.298	1.4247	1.0	1.0	1.0
skygarden_slnstorylevel01	Scene_Main	1283	78.024	17.138	40.3029	0.0	0.0	0.0	1.0	2.0461	6.2265	2.0694	1.0	1.0	1.0
skygarden_slnstorylevel01	Scene_Main	1284	78.141	17.0662	46.0314	0.0	-0.7071	0.0	-0.7071	3.3698	6.298	1.4247	1.0	1.0	1.0
skygarden_slnstorylevel01	Scene_Main	1285	100.5998	9.7548	52.4625	0.0	-0.7071	0.0	0.7071	3.3698	6.298	1.4247	1.0	1.0	1.0
skygarden_slnstorylevel01	Scene_Main	1286	100.5799	17.0696	39.6025	0.0	-0.7071	0.0	0.7071	3.3698	6.298	1.4247	1.0	1.0	1.0
skygarden_slnstorylevel01	Scene_Main	1287	94.164	17.138	58.1799	0.0	0.0	0.0	1.0	2.0461	6.2265	2.0694	1.0	1.0	1.0
skygarden_slnstorylevel01	Scene_Main	1288	96.4753	17.0696	58.1835	0.0	-1.0	0.0	0.0	3.5861	6.298	1.4247	1.0	1.0	1.0
skygarden_slnstorylevel01	Scene_Main	1289	77.9473	9.7598	38.8287	0.0	0.7071	0.0	0.7071	1.9285	6.3392	1.3493	1.0	1.0	1.0
skygarden_slnstorylevel01	Scene_Main	1290	100.6244	12.2296	46.1202	0.0	-0.7071	0.0	0.7071	3.1426	1.4108	1.355	1.0	1.0	1.0
skygarden_slnstorylevel01	Scene_Main	1291	100.1788	9.9876	44.7598	0.0	0.7071	0.0	0.7071	0.6606	6.579	0.6681	1.0	1.0	1.0
skygarden_slnstorylevel01	Scene_Main	1292	78.1411	17.0662	49.3674	0.0	-0.7071	0.0	-0.7071	3.3698	6.298	1.4247	1.0	1.0	1.0
skygarden_slnstorylevel01	Scene_Main	1293	88.3435	17.0662	58.1881	0.0	0.0	0.0	-1.0	3.5784	6.298	1.4247	1.0	1.0	1.0
skygarden_slnstorylevel01	Scene_Main	1294	100.5799	9.7548	39.6025	0.0	-0.7071	0.0	0.7071	3.3698	6.298	1.4247	1.0	1.0	1.0
skygarden_slnstorylevel01	Scene_Main	1295	100.58	17.138	37.235	0.0	0.0	0.0	1.0	2.0461	6.2265	2.0694	1.0	1.0	1.0
skygarden_slnstorylevel01	Scene_Main	1296	96.5276	17.0696	37.2395	0.0	-1.0	0.0	0.0	3.6107	6.298	1.4247	1.0	1.0	1.0
skygarden_slnstorylevel01	Scene_Main	1297	83.6713	9.7405	58.188	0.0	0.0	0.0	-1.0	3.4122	6.298	1.4247	1.0	1.0	1.0
skygarden_slnstorylevel01	Scene_Main	1298	99.0604	9.7707	58.1792	0.0	-1.0	0.0	0.0	1.6837	6.3392	1.3493	1.0	1.0	1.0
skygarden_slnstorylevel01	Scene_Main	1299	96.5209	9.7548	58.1835	0.0	-1.0	0.0	0.0	3.5913	6.298	1.4247	1.0	1.0	1.0
skygarden_slnstorylevel01	Scene_Main	1300	99.0604	17.0855	58.1792	0.0	-1.0	0.0	0.0	1.6837	6.3392	1.3493	1.0	1.0	1.0
skygarden_slnstorylevel01	Scene_Main	1301	91.8706	17.0662	37.244	0.0	0.0	0.0	-1.0	3.6222	6.298	1.4247	1.0	1.0	1.0
skygarden_slnstorylevel01	Scene_Main	1302	85.9869	9.8123	37.236	0.0	0.0	0.0	1.0	2.1284	6.2265	2.0694	1.0	1.0	1.0
skygarden_slnstorylevel01	Scene_Main	1303	75.5477	9.769	55.1212	0.0	0.0	0.0	-1.0	3.3332	6.2746	1.3673	1.0	1.0	1.0
skygarden_slnstorylevel01	Scene_Main	1304	73.1259	10.4165	55.1219	0.0	0.0	0.0	1.0	2.0734	6.2562	2.0694	1.0	1.0	1.0
skygarden_slnstorylevel01	Scene_Main	1305	73.17	10.4169	40.3059	0.0	0.0	0.0	1.0	2.0461	6.2525	2.0694	1.0	1.0	1.0
skygarden_slnstorylevel01	Scene_Main	1306	75.5637	9.7136	40.2952	0.0	0.0	0.0	-1.0	3.4154	6.2746	1.3673	1.0	1.0	1.0
skygarden_slnstorylevel01	Scene_Main	1307	88.6553	9.7405	17.6867	0.0	-0.538	0.0	0.8429	3.4982	6.298	1.4247	1.0	1.0	1.0
skygarden_slnstorylevel01	Scene_Main	1308	83.7643	9.7405	23.9207	0.0	-0.538	0.0	0.8429	3.4982	6.298	1.4247	1.0	1.0	1.0
skygarden_slnstorylevel01	Scene_Main	1309	80.5207	9.7405	22.471	0.0	0.0	0.0	1.0	3.4136	6.298	1.4247	1.0	1.0	1.0
skygarden_slnstorylevel01	Scene_Main	1310	68.6983	9.7469	16.136	0.0	0.0	0.0	1.0	2.4901	6.3082	1.3466	1.0	1.0	1.0
skygarden_slnstorylevel01	Scene_Main	1311	64.4381	9.7405	16.1401	0.0	0.0	0.0	1.0	3.5389	6.298	1.4247	1.0	1.0	1.0
skygarden_slnstorylevel01	Scene_Main	1312	91.5253	9.7405	23.8717	0.0	-0.538	0.0	0.8429	3.4982	6.298	1.4247	1.0	1.0	1.0
skygarden_slnstorylevel01	Scene_Main	1313	66.7419	9.8122	22.5299	0.0	0.0	0.0	1.0	2.0461	6.2265	2.0694	1.0	1.0	1.0
skygarden_slnstorylevel01	Scene_Main	1314	75.0939	9.7469	16.155	0.0	0.0	0.0	1.0	2.5551	6.3082	1.3466	1.0	1.0	1.0
skygarden_slnstorylevel01	Scene_Main	1315	61.0028	9.7445	16.1376	0.0	0.0	0.0	1.0	3.3872	6.2317	1.317	1.0	1.0	1.0
skygarden_slnstorylevel01	Scene_Main	1316	61.0047	9.7405	22.538	0.0	0.0	0.0	1.0	3.4116	6.298	1.4247	1.0	1.0	1.0
skygarden_slnstorylevel01	Scene_Main	1317	94.0859	9.8122	29.1049	0.0	0.06	0.0	0.9981	2.0461	6.2265	2.0694	1.0	1.0	1.0
skygarden_slnstorylevel01	Scene_Main	1318	94.1731	9.7405	34.8924	0.0	0.7071	0.0	0.7071	3.4159	6.298	1.4247	1.0	1.0	1.0
skygarden_slnstorylevel01	Scene_Main	1319	78.0426	9.7564	22.4752	0.0	0.0	0.0	1.0	1.6837	6.3392	1.3493	1.0	1.0	1.0
skygarden_slnstorylevel01	Scene_Main	1320	74.3216	6.621	27.0718	0.0	0.0	0.0	1.0	38.7672	0.0954	21.2077	1.0	1.0	1.0
skygarden_slnstorylevel01	Scene_Main	1321	94.1707	9.7446	31.5254	0.0	0.7071	0.0	0.7071	3.3082	6.2317	1.317	1.0	1.0	1.0
skygarden_slnstorylevel01	Scene_Main	1322	73.1399	9.8122	16.1509	0.0	0.0	0.0	1.0	2.0461	6.2265	2.0694	1.0	1.0	1.0
skygarden_slnstorylevel01	Scene_Main	1323	86.969	9.8122	16.131	0.0	0.0	0.0	1.0	2.3067	6.2265	2.0694	1.0	1.0	1.0
skygarden_slnstorylevel01	Scene_Main	1324	84.5615	9.7405	16.1401	0.0	0.0	0.0	1.0	3.3698	6.298	1.4247	1.0	1.0	1.0
skygarden_slnstorylevel01	Scene_Main	1325	86.0901	9.7405	31.5251	0.0	0.7071	0.0	0.7071	3.4173	6.298	1.4247	1.0	1.0	1.0
skygarden_slnstorylevel01	Scene_Main	1326	57.6785	9.7405	16.1401	0.0	0.0	0.0	1.0	3.3698	6.298	1.4247	1.0	1.0	1.0
skygarden_slnstorylevel01	Scene_Main	1327	64.3246	9.7405	22.538	0.0	0.0	0.0	1.0	3.4598	6.298	1.4247	1.0	1.0	1.0
skygarden_slnstorylevel01	Scene_Main	1328	71.1943	9.7469	16.136	0.0	0.0	0.0	1.0	2.4901	6.3082	1.3466	1.0	1.0	1.0
skygarden_slnstorylevel01	Scene_Main	1329	86.0901	9.7405	34.8804	0.0	0.7071	0.0	0.7071	3.3698	6.298	1.4247	1.0	1.0	1.0
skygarden_slnstorylevel01	Scene_Main	1330	66.7419	9.8122	16.1509	0.0	0.0	0.0	1.0	2.0461	6.2265	2.0694	1.0	1.0	1.0
skygarden_slnstorylevel01	Scene_Main	1331	85.2233	9.7405	27.0627	0.0	-0.538	0.0	0.8429	3.4982	6.298	1.4247	1.0	1.0	1.0
skygarden_slnstorylevel01	Scene_Main	1332	57.6785	9.7405	22.538	0.0	0.0	0.0	1.0	3.3698	6.298	1.4247	1.0	1.0	1.0
skygarden_slnstorylevel01	Scene_Main	1333	92.9843	9.7405	27.0137	0.0	-0.538	0.0	0.8429	3.4982	6.298	1.4247	1.0	1.0	1.0
skygarden_slnstorylevel01	Scene_Main	1334	75.5175	9.7405	22.471	0.0	0.0	0.0	1.0	3.4119	6.298	1.4247	1.0	1.0	1.0
skygarden_slnstorylevel01	Scene_Main	1335	90.0883	9.7446	20.7688	0.0	-0.538	0.0	0.8429	3.3882	6.2317	1.317	1.0	1.0	1.0
skygarden_slnstorylevel01	Scene_Main	1336	81.2275	9.7405	16.1401	0.0	0.0	0.0	1.0	3.3698	6.298	1.4247	1.0	1.0	1.0
skygarden_slnstorylevel01	Scene_Main	1337	77.9432	9.7445	16.1376	0.0	0.0	0.0	1.0	3.2473	6.2317	1.317	1.0	1.0	1.0
skygarden_slnstorylevel01	Scene_Main	1338	85.98	9.8122	29.211	0.0	0.06	0.0	0.9981	2.0461	6.2265	2.0694	1.0	1.0	1.0
skygarden_slnstorylevel01	Scene_Main	1339	82.913	9.8122	22.465	0.0	-0.0013	0.0	0.9999	2.0461	6.2265	2.0694	1.0	1.0	1.0
skygarden_slnstorylevel01	Scene_Main	1340	73.1399	9.8122	22.4629	0.0	0.0	0.0	1.0	2.0461	6.2265	2.0694	1.0	1.0	1.0
skygarden_slnstorylevel01	Scene_Main	1341	73.1399	3.5233	22.4629	0.0	0.0	0.0	1.0	2.0461	6.2265	2.0694	1.0	1.0	1.0
skygarden_slnstorylevel01	Scene_Main	1342	66.7419	3.5233	22.53	0.0	0.0	0.0	1.0	2.0461	6.2265	2.0694	1.0	1.0	1.0
skygarden_slnstorylevel01	Scene_Main	1343	76.72	7.0399	47.6876	0.1182	0.9929	0.0	0.0	1.6691	0.1185	14.2289	1.0	1.0	1.0
skygarden_slnstorylevel01	Scene_Main	1344	66.8359	7.21	46.8419	0.0	0.0	0.0	1.0	18.0167	0.1185	31.1135	1.0	1.0	1.0
skygarden_slnstorylevel01	Scene_Main	1345	69.9133	6.59	67.7378	0.0	0.0	0.0	1.0	5.6459	0.1185	8.1912	1.0	1.0	1.0
skygarden_slnstorylevel01	Scene_Main	1346	69.9721	6.8677	63.0278	0.1757	0.0057	-0.0005	0.9844	5.6512	0.1828	1.4006	1.0	1.0	1.0
skygarden_slnstorylevel01	Scene_Main	1347	73.1733	9.7598	27.3456	0.0	0.7071	0.0	0.7071	1.7066	6.3392	1.3493	1.0	1.0	1.0
skygarden_slnstorylevel01	Scene_Main	1348	71.1728	6.6631	32.2254	0.0	0.0	0.0	1.0	2.4583	1.2415	1.355	1.0	1.0	1.0
skygarden_slnstorylevel01	Scene_Main	1349	68.7248	6.6631	32.2254	0.0	0.0	0.0	1.0	2.4583	1.2415	1.355	1.0	1.0	1.0
skygarden_slnstorylevel01	Scene_Main	1350	66.765	9.7439	29.8464	0.0	0.7071	0.0	0.7071	3.3698	6.298	1.4247	1.0	1.0	1.0
skygarden_slnstorylevel01	Scene_Main	1351	66.7692	9.7598	27.3401	0.0	0.7071	0.0	0.7071	1.7077	6.3392	1.3493	1.0	1.0	1.0
skygarden_slnstorylevel01	Scene_Main	1352	66.765	9.7439	24.8524	0.0	0.7071	0.0	0.7071	3.3698	6.298	1.4247	1.0	1.0	1.0
skygarden_slnstorylevel01	Scene_Main	1353	73.169	9.7473	29.8474	0.0	0.7071	0.0	0.7071	3.3698	6.298	1.4247	1.0	1.0	1.0
skygarden_slnstorylevel01	Scene_Main	1354	73.169	9.7439	24.8524	0.0	0.7071	0.0	0.7071	3.3698	6.298	1.4247	1.0	1.0	1.0
skygarden_slnstorylevel01	Scene_Main	1355	70.0541	11.8188	32.2191	0.0	0.0	0.0	1.0	1.7676	1.8587	1.451	1.0	1.0	1.0
skygarden_slnstorylevel01	Scene_Main	1356	72.0497	9.9485	32.2191	0.0	0.0	0.0	1.0	2.5757	5.6	1.451	1.0	1.0	1.0
skygarden_slnstorylevel01	Scene_Main	1357	67.9865	9.9485	32.2191	0.0	0.0	0.0	1.0	2.5757	5.6	1.451	1.0	1.0	1.0
skygarden_slnstorylevel01	Scene_Main	1358	73.165	10.395	59.873	0.0	0.0	0.0	1.0	2.0362	6.3576	2.0362	1.0	1.0	1.0
skygarden_slnstorylevel01	Scene_Main	1359	73.1399	10.4303	32.208	0.0	0.0	0.0	1.0	2.0461	6.2265	2.0694	1.0	1.0	1.0
skygarden_slnstorylevel01	Scene_Main	1360	73.1408	10.3582	57.4882	0.0	-0.706	0.0	0.7081	3.3698	6.298	1.4247	1.0	1.0	1.0
skygarden_slnstorylevel01	Scene_Main	1361	73.1608	10.3582	37.9401	0.0	-0.706	0.0	0.7081	3.4122	6.298	1.4247	1.0	1.0	1.0
skygarden_slnstorylevel01	Scene_Main	1362	73.1509	10.3582	34.5882	0.0	-0.706	0.0	0.7081	3.3698	6.298	1.4247	1.0	1.0	1.0
skygarden_slnstorylevel01	Scene_Main	1363	73.2385	9.714	61.4017	0.0	-0.7071	0.0	0.7071	3.3332	6.2746	1.3673	1.0	1.0	1.0
skygarden_slnstorylevel01	Scene_Main	1364	66.765	3.4692	29.8524	0.0	0.7071	0.0	0.7071	3.3698	6.298	1.4247	1.0	1.0	1.0
skygarden_slnstorylevel01	Scene_Main	1365	66.7692	3.4851	27.3395	0.0	0.7071	0.0	0.7071	1.6859	6.3392	1.3493	1.0	1.0	1.0
skygarden_slnstorylevel01	Scene_Main	1366	66.765	3.4692	24.8524	0.0	0.7071	0.0	0.7071	3.3698	6.298	1.4247	1.0	1.0	1.0
skygarden_slnstorylevel01	Scene_Main	1367	66.9408	3.4692	5.0201	0.0	0.0	0.0	1.0	4.0088	6.298	1.4247	1.0	1.0	1.0
skygarden_slnstorylevel01	Scene_Main	1368	71.0061	3.4692	5.02	0.0	0.0	0.0	1.0	4.1988	6.298	1.4247	1.0	1.0	1.0
skygarden_slnstorylevel01	Scene_Main	1369	73.2701	3.4692	29.8524	0.0	0.7071	0.0	0.7071	3.3698	6.298	1.4247	1.0	1.0	1.0
skygarden_slnstorylevel01	Scene_Main	1370	73.2742	3.4851	27.3395	0.0	0.7071	0.0	0.7071	1.6859	6.3392	1.3493	1.0	1.0	1.0
skygarden_slnstorylevel01	Scene_Main	1371	73.2701	3.4692	24.8524	0.0	0.7071	0.0	0.7071	3.3698	6.298	1.4247	1.0	1.0	1.0
skygarden_slnstorylevel01	Scene_Main	1372	73.2701	3.4692	20.1151	0.0	0.7071	0.0	0.7071	3.4133	6.298	1.4247	1.0	1.0	1.0
skygarden_slnstorylevel01	Scene_Main	1373	73.2701	3.4692	16.7614	0.0	0.7071	0.0	0.7071	3.3698	6.298	1.4247	1.0	1.0	1.0
skygarden_slnstorylevel01	Scene_Main	1374	64.89	3.4692	20.1139	0.0	0.7071	0.0	0.7071	3.4149	6.298	1.4247	1.0	1.0	1.0
skygarden_slnstorylevel01	Scene_Main	1375	64.89	3.4692	16.7507	0.0	0.7071	0.0	0.7071	3.4126	6.298	1.4247	1.0	1.0	1.0
skygarden_slnstorylevel01	Scene_Main	1376	71.1728	6.3388	21.6254	0.0	0.0	0.0	1.0	2.4583	0.6641	1.355	1.0	1.0	1.0
skygarden_slnstorylevel01	Scene_Main	1377	68.7248	6.3388	21.6254	0.0	0.0	0.0	1.0	2.4583	0.6641	1.355	1.0	1.0	1.0
skygarden_slnstorylevel01	Scene_Main	1378	69.2117	6.3467	13.7156	0.5	0.5	-0.4999	0.5	16.7155	9.5427	0.7184	1.0	1.0	1.0
skygarden_slnstorylevel01	Scene_Main	1379	69.3117	0.3667	14.2187	0.5	0.5	-0.4999	0.5	19.5856	9.5427	0.7184	1.0	1.0	1.0
skygarden_slnstorylevel01	Scene_Main	1380	64.89	3.4692	13.4074	0.0	0.7071	0.0	0.7071	3.3698	6.298	1.4247	1.0	1.0	1.0
skygarden_slnstorylevel01	Scene_Main	1381	64.89	3.4692	10.0834	0.0	0.7071	0.0	0.7071	3.3698	6.298	1.4247	1.0	1.0	1.0
skygarden_slnstorylevel01	Scene_Main	1382	64.89	3.4692	6.7494	0.0	0.7071	0.0	0.7071	3.3698	6.298	1.4247	1.0	1.0	1.0
skygarden_slnstorylevel01	Scene_Main	1383	73.2701	3.4692	13.4328	0.0	0.7071	0.0	0.7071	3.4166	6.298	1.4247	1.0	1.0	1.0
skygarden_slnstorylevel01	Scene_Main	1384	73.2701	3.4692	10.0976	0.0	0.7071	0.0	0.7071	3.4122	6.298	1.4247	1.0	1.0	1.0
skygarden_slnstorylevel01	Scene_Main	1385	73.2701	3.4692	6.7441	0.0	0.7071	0.0	0.7071	3.3698	6.298	1.4247	1.0	1.0	1.0
skygarden_slnstorylevel01	Scene_Main	1386	74.7763	9.7632	69.3509	0.0	-1.0	0.0	0.0	1.6837	6.3392	1.3493	1.0	1.0	1.0
skygarden_slnstorylevel01	Scene_Main	1387	73.1943	9.7852	69.3509	0.0	0.0	0.0	1.0	2.087	6.2873	2.097	1.0	1.0	1.0
skygarden_slnstorylevel01	Scene_Main	1388	73.1789	9.7848	62.9556	0.0	0.0	0.0	1.0	2.07	6.2879	2.0936	1.0	1.0	1.0
skygarden_slnstorylevel01	Scene_Main	1389	78.4012	8.8128	62.8791	0.0	0.0	0.0	1.0	0.2101	4.5377	0.3461	1.0	1.0	1.0
skygarden_slnstorylevel01	Scene_Main	1390	80.5979	8.8128	62.8791	0.0	0.0	0.0	1.0	0.2101	4.5377	0.3461	1.0	1.0	1.0
skygarden_slnstorylevel01	Scene_Main	1391	79.4994	10.0539	62.8791	0.0	0.0	0.0	1.0	2.4071	1.9491	0.3461	1.0	1.0	1.0
skygarden_slnstorylevel01	Scene_Main	1392	74.9833	9.7469	62.935	0.0	0.0	0.0	1.0	2.4901	6.3082	1.3466	1.0	1.0	1.0
skygarden_slnstorylevel01	Scene_Main	1393	79.5154	8.0328	62.8666	0.0	-1.0	0.0	0.0	2.1834	3.0725	0.3515	1.0	1.0	1.0
skygarden_slnstorylevel01	Scene_Main	1394	81.2093	9.7318	69.3654	0.0	0.0	0.0	1.0	3.3441	6.2656	1.3391	1.0	1.0	1.0
skygarden_slnstorylevel01	Scene_Main	1395	76.8643	9.7503	69.3543	0.0	0.0	0.0	1.0	2.4901	6.3082	1.3466	1.0	1.0	1.0
skygarden_slnstorylevel01	Scene_Main	1396	79.5827	11.8072	62.9141	0.0	-1.0	0.0	0.0	2.4788	2.2111	1.3956	1.0	1.0	1.0
skygarden_slnstorylevel01	Scene_Main	1397	77.2738	9.7087	62.9141	0.0	-1.0	0.0	0.0	2.1884	6.4082	1.3956	1.0	1.0	1.0
skygarden_slnstorylevel01	Scene_Main	1398	81.8215	9.7087	62.9141	0.0	-1.0	0.0	0.0	2.2636	6.4082	1.3956	1.0	1.0	1.0
skygarden_slnstorylevel01	Scene_Main	1399	78.8099	9.8157	69.3503	0.0	0.0	0.0	1.0	2.0461	6.2265	2.0694	1.0	1.0	1.0
skygarden_slnstorylevel01	Scene_Main	1400	80.86	6.2199	69.8842	0.0	0.0	0.0	1.0	16.6174	0.7873	23.1635	1.0	1.0	1.0
skygarden_slnstorylevel01	Scene_Main	1401	66.761	9.7473	73.2067	0.0	0.7071	0.0	0.7071	2.5364	6.3082	1.3466	1.0	1.0	1.0
skygarden_slnstorylevel01	Scene_Main	1402	73.1944	9.7321	76.1396	0.0	-0.7071	0.0	-0.7071	3.3441	6.2656	1.3391	1.0	1.0	1.0
skygarden_slnstorylevel01	Scene_Main	1403	73.1765	9.7473	73.2055	0.0	0.7071	0.0	0.7071	2.526	6.3082	1.3466	1.0	1.0	1.0
skygarden_slnstorylevel01	Scene_Main	1404	65.565	6.11	76.0699	0.0	0.0	0.0	1.0	21.1511	1.0	10.6677	1.0	1.0	1.0
skygarden_slnstorylevel01	Scene_Main	1405	66.7724	9.7321	76.1456	0.0	-0.7071	0.0	-0.7071	3.3441	6.2656	1.3391	1.0	1.0	1.0
skygarden_slnstorylevel01	Scene_Main	1406	69.9365	11.831	71.2638	0.0	0.0	0.0	1.0	2.4617	2.0297	1.301	1.0	1.0	1.0
skygarden_slnstorylevel01	Scene_Main	1407	71.7835	9.7104	71.2638	0.0	0.0	0.0	1.0	1.4905	6.2708	1.301	1.0	1.0	1.0
skygarden_slnstorylevel01	Scene_Main	1408	68.133	9.7104	71.2638	0.0	0.0	0.0	1.0	1.4729	6.2708	1.301	1.0	1.0	1.0
skygarden_slnstorylevel01	Scene_Main	1409	71.0607	8.8596	71.6256	0.0	1.0	0.0	0.0	0.2101	4.5377	0.3461	1.0	1.0	1.0
skygarden_slnstorylevel01	Scene_Main	1410	68.8639	8.8596	71.6256	0.0	1.0	0.0	0.0	0.2101	4.5377	0.3461	1.0	1.0	1.0
skygarden_slnstorylevel01	Scene_Main	1411	69.9625	10.1007	71.6256	0.0	1.0	0.0	0.0	2.4071	1.9491	0.3461	1.0	1.0	1.0
skygarden_slnstorylevel01	Scene_Main	1412	73.188	9.7315	71.2699	0.0	0.0	0.0	1.0	2.0362	6.339	2.0362	1.0	1.0	1.0
skygarden_slnstorylevel01	Scene_Main	1413	66.757	9.7315	71.2699	0.0	0.0	0.0	1.0	2.0362	6.339	2.0362	1.0	1.0	1.0
skygarden_slnstorylevel01	Scene_Main	1414	73.1983	9.7493	70.3774	0.0	0.7071	0.0	0.7071	1.6837	6.3392	1.3493	1.0	1.0	1.0
skygarden_slnstorylevel01	Scene_Main	1415	64.2918	10.3926	70.467	0.0	0.0	0.0	1.0	3.1614	6.3082	1.3466	1.0	1.0	1.0
skygarden_slnstorylevel01	Scene_Main	1416	61.7145	10.2043	63.7607	0.0	0.0	0.0	1.0	0.6685	6.579	0.6681	1.0	1.0	1.0
skygarden_slnstorylevel01	Scene_Main	1417	59.8304	11.8776	69.5019	0.1865	0.8097	-0.3479	0.434	0.4788	1.4936	0.4643	1.0	1.0	1.0
skygarden_slnstorylevel01	Scene_Main	1418	58.665	10.3606	68.6667	0.0	0.7081	0.0	0.706	3.3698	6.298	1.4247	1.0	1.0	1.0
skygarden_slnstorylevel01	Scene_Main	1419	66.763	10.3591	51.7739	0.0	-0.7071	0.0	0.7071	2.0362	6.359	2.0362	1.0	1.0	1.0
skygarden_slnstorylevel01	Scene_Main	1420	66.3647	10.3584	65.3495	0.0	-0.7071	0.0	0.7071	3.3698	6.298	1.2418	1.0	1.0	1.0
skygarden_slnstorylevel01	Scene_Main	1421	66.4798	10.3246	61.9705	0.0	-0.7071	0.0	0.7071	3.3698	6.298	1.4247	1.0	1.0	1.0
skygarden_slnstorylevel01	Scene_Main	1422	58.65	10.4134	62.9879	0.0	-0.7071	0.0	0.7071	2.0362	6.339	2.0362	1.0	1.0	1.0
skygarden_slnstorylevel01	Scene_Main	1423	62.9539	6.75	61.351	0.0	1.0	0.0	0.0	8.335	0.9999	18.606	1.0	1.0	1.0
skygarden_slnstorylevel01	Scene_Main	1424	66.7619	9.7409	65.5475	0.0	-0.7071	0.0	0.7071	3.3698	6.298	1.4247	1.0	1.0	1.0
skygarden_slnstorylevel01	Scene_Main	1425	66.7707	9.7694	62.2437	0.0	-0.7071	0.0	0.7071	3.3332	6.2746	1.3673	1.0	1.0	1.0
skygarden_slnstorylevel01	Scene_Main	1426	58.894	10.4285	70.29	0.0	0.0	0.0	1.0	2.0362	6.339	2.0362	1.0	1.0	1.0
skygarden_slnstorylevel01	Scene_Main	1427	66.763	10.3849	59.8639	0.0	0.0	0.0	1.0	2.0362	6.3783	2.0362	1.0	1.0	1.0
skygarden_slnstorylevel01	Scene_Main	1428	66.3647	10.3584	68.6885	0.0	-0.7071	0.0	0.7071	3.3698	6.298	1.2418	1.0	1.0	1.0
skygarden_slnstorylevel01	Scene_Main	1429	65.1238	11.8776	69.4945	-0.1625	0.8372	-0.3598	-0.3782	0.4788	1.4936	0.4643	1.0	1.0	1.0
skygarden_slnstorylevel01	Scene_Main	1430	61.1238	10.3926	70.467	0.0	0.0	0.0	1.0	3.1614	6.3082	1.3466	1.0	1.0	1.0
skygarden_slnstorylevel01	Scene_Main	1431	66.2435	10.2043	63.7607	0.0	0.0	0.0	1.0	0.6685	6.579	0.6681	1.0	1.0	1.0
skygarden_slnstorylevel01	Scene_Main	1432	66.765	10.3586	57.5024	0.0	-0.7071	0.0	-0.7071	3.3698	6.298	1.4247	1.0	1.0	1.0
skygarden_slnstorylevel01	Scene_Main	1433	65.131	10.2819	63.872	0.0	1.0	0.0	0.0	1.8509	6.3836	0.7986	1.0	1.0	1.0
skygarden_slnstorylevel01	Scene_Main	1434	65.9599	10.4394	70.4499	0.0	0.0	0.0	1.0	1.9551	6.339	2.0362	1.0	1.0	1.0
skygarden_slnstorylevel01	Scene_Main	1435	66.7618	9.7409	68.8865	0.0	-0.7071	0.0	0.7071	3.3698	6.298	1.4247	1.0	1.0	1.0
skygarden_slnstorylevel01	Scene_Main	1436	64.0125	10.2043	63.7607	0.0	0.0	0.0	1.0	0.6685	6.579	0.6681	1.0	1.0	1.0
skygarden_slnstorylevel01	Scene_Main	1437	66.765	10.3586	54.1473	0.0	-0.7071	0.0	-0.7071	3.4136	6.298	1.4247	1.0	1.0	1.0
skygarden_slnstorylevel01	Scene_Main	1438	62.865	10.2819	63.872	0.0	1.0	0.0	0.0	1.8509	6.3836	0.7986	1.0	1.0	1.0
skygarden_slnstorylevel01	Scene_Main	1439	60.572	10.2819	63.872	0.0	1.0	0.0	0.0	1.8509	6.3836	0.7986	1.0	1.0	1.0
skygarden_slnstorylevel01	Scene_Main	1440	58.65	10.3259	34.4959	0.0	0.0	0.0	1.0	2.0362	6.339	2.0362	1.0	1.0	1.0
skygarden_slnstorylevel01	Scene_Main	1441	58.66	10.3954	29.2897	0.0	0.7081	0.0	0.706	3.3698	6.298	1.4247	1.0	1.0	1.0
skygarden_slnstorylevel01	Scene_Main	1442	58.6459	10.467	31.6499	0.0	0.0	0.0	1.0	2.0461	6.2265	2.0694	1.0	1.0	1.0
skygarden_slnstorylevel01	Scene_Main	1443	66.736	10.4303	32.208	0.0	0.0	0.0	1.0	2.0461	6.2265	2.0694	1.0	1.0	1.0
skygarden_slnstorylevel01	Scene_Main	1444	60.5286	10.2819	31.5267	0.0	0.0	0.0	1.0	1.8289	6.3836	0.7986	1.0	1.0	1.0
skygarden_slnstorylevel01	Scene_Main	1445	63.8748	10.2043	31.3882	0.0	-1.0	0.0	0.0	0.6606	6.579	0.6681	1.0	1.0	1.0
skygarden_slnstorylevel01	Scene_Main	1446	62.5229	6.75	34.1119	0.0	0.0	0.0	1.0	8.335	0.9999	18.606	1.0	1.0	1.0
skygarden_slnstorylevel01	Scene_Main	1447	66.0998	10.2043	31.3882	0.0	-1.0	0.0	0.0	0.6606	6.579	0.6681	1.0	1.0	1.0
skygarden_slnstorylevel01	Scene_Main	1448	58.6132	10.4113	26.8393	0.0	0.706	0.0	-0.7081	1.6837	6.3392	1.3493	1.0	1.0	1.0
skygarden_slnstorylevel01	Scene_Main	1449	59.29	10.4357	25.3479	0.0	0.0	0.0	1.0	2.0362	6.339	2.0362	1.0	1.0	1.0
skygarden_slnstorylevel01	Scene_Main	1450	61.3456	10.3926	25.544	0.0	0.0	0.0	1.0	2.7162	6.3082	1.3466	1.0	1.0	1.0
skygarden_slnstorylevel01	Scene_Main	1451	66.0459	10.4048	25.801	0.0	0.0	0.0	1.0	2.0362	6.339	2.0362	1.0	1.0	1.0
skygarden_slnstorylevel01	Scene_Main	1452	66.765	10.3586	34.5906	0.0	-0.7071	0.0	-0.7071	3.4082	6.298	1.4247	1.0	1.0	1.0
skygarden_slnstorylevel01	Scene_Main	1453	61.6048	10.2043	31.3882	0.0	-1.0	0.0	0.0	0.6606	6.579	0.6681	1.0	1.0	1.0
skygarden_slnstorylevel01	Scene_Main	1454	66.5373	10.3747	27.3323	0.0	0.7071	0.0	0.7071	1.6837	6.3392	1.3493	1.0	1.0	1.0
skygarden_slnstorylevel01	Scene_Main	1455	66.533	10.3588	29.8464	0.0	-0.7071	0.0	-0.7071	3.3698	6.298	1.4247	1.0	1.0	1.0
skygarden_slnstorylevel01	Scene_Main	1456	66.7651	10.3586	41.2912	0.0	-0.7071	0.0	-0.7071	3.4116	6.298	1.4247	1.0	1.0	1.0
skygarden_slnstorylevel01	Scene_Main	1457	64.0676	10.3926	25.544	0.0	0.0	0.0	1.0	2.7162	6.3082	1.3466	1.0	1.0	1.0
skygarden_slnstorylevel01	Scene_Main	1458	59.4798	10.2043	31.3882	0.0	-1.0	0.0	0.0	0.6606	6.579	0.6681	1.0	1.0	1.0
skygarden_slnstorylevel01	Scene_Main	1459	65.0036	10.2819	31.5267	0.0	0.0	0.0	1.0	1.8289	6.3836	0.7986	1.0	1.0	1.0
skygarden_slnstorylevel01	Scene_Main	1460	66.765	10.3586	37.9364	0.0	-0.7071	0.0	-0.7071	3.3698	6.298	1.4247	1.0	1.0	1.0
skygarden_slnstorylevel01	Scene_Main	1461	62.7376	10.2819	31.5267	0.0	0.0	0.0	1.0	1.8289	6.3836	0.7986	1.0	1.0	1.0
skygarden_slnstorylevel01	Scene_Main	1462	66.763	10.3493	43.6599	0.0	-0.7071	0.0	0.7071	2.0362	6.339	2.0362	1.0	1.0	1.0
skygarden_slnstorylevel01	Scene_Main	1463	54.8935	8.1746	20.2148	-0.5	0.4999	-0.4999	-0.5	1.7871	0.5108	3.2651	1.0	1.0	1.0
skygarden_slnstorylevel01	Scene_Main	1464	54.8935	8.1746	18.6764	-0.4999	0.5	0.5	0.4999	1.6023	0.4419	3.2638	1.0	1.0	1.0
skygarden_slnstorylevel01	Scene_Main	1473	40.8609	15.3476	34.1885	0.0	0.7071	-0.7071	0.0	1.4535	0.4957	3.7104	1.0	1.0	1.0
skygarden_slnstorylevel01	Scene_Main	1474	42.4584	15.3476	34.1885	-0.7071	0.0	0.0	0.7071	2.2737	0.5485	3.3201	1.0	1.0	1.0
skygarden_slnstorylevel01	Scene_Main	1475	53.0401	15.4146	63.2085	0.0	0.7071	-0.7071	0.0	1.3192	0.5391	3.5996	1.0	1.0	1.0
skygarden_slnstorylevel01	Scene_Main	1476	54.2868	15.4146	63.2085	-0.7071	0.0	0.0	0.7071	1.5015	0.57	3.793	1.0	1.0	1.0
skygarden_slnstorylevel01	Scene_Main	1477	58.5735	8.1746	84.9162	-0.5	0.4999	-0.4999	-0.5	1.4354	0.5239	3.7054	1.0	1.0	1.0
skygarden_slnstorylevel01	Scene_Main	1478	58.5735	8.1746	83.5931	-0.4999	0.5	0.5	0.4999	1.3721	0.4151	3.625	1.0	1.0	1.0
skygarden_slnstorylevel01	Scene_Main	1479	69.4171	8.0744	71.5595	0.0	0.7071	-0.7071	0.0	1.3171	0.4343	3.0909	1.0	1.0	1.0
skygarden_slnstorylevel01	Scene_Main	1480	70.5818	8.0744	71.5595	-0.7071	0.0	0.0	0.7071	1.2795	0.5224	3.2006	1.0	1.0	1.0
skygarden_slnstorylevel01	Scene_Main	1481	68.518	8.8908	22.4787	0.0	0.0	0.0	1.0	2.6765	5.3646	0.7947	1.0	1.0	1.0
skygarden_slnstorylevel01	Scene_Main	1482	71.5698	8.8908	22.3539	0.0	0.0	0.0	1.0	3.6266	5.3646	0.7948	1.0	1.0	1.0
skygarden_slnstorylevel03	Scene_Main	1	148.4329	39.4819	143.3809	0.0	0.4787	0.0	0.8779	1.2	8.0441	1.0	1.0	1.0	1.0
skygarden_slnstorylevel03	Scene_Main	2	161.2899	39.4819	143.3809	0.0	0.4787	0.0	0.8779	1.2	8.0441	1.0	1.0	1.0	1.0
skygarden_slnstorylevel03	Scene_Main	3	147.7604	39.4819	144.0133	0.0	0.2526	0.0	0.9675	1.2	8.0441	1.0	1.0	1.0	1.0
skygarden_slnstorylevel03	Scene_Main	4	160.6174	39.4819	144.0133	0.0	0.2526	0.0	0.9675	1.2	8.0441	1.0	1.0	1.0	1.0
skygarden_slnstorylevel03	Scene_Main	5	146.8815	39.4819	144.2429	0.0	0.0	0.0	1.0	1.2	8.0441	1.0	1.0	1.0	1.0
skygarden_slnstorylevel03	Scene_Main	6	124.763	39.4819	158.8099	0.0	0.0	0.0	1.0	2.5	8.0441	1.0	1.0	1.0	1.0
skygarden_slnstorylevel03	Scene_Main	7	129.6999	39.4819	189.44	0.0	0.6363	0.0	0.7713	2.5	8.0441	1.0	1.0	1.0	1.0
skygarden_slnstorylevel03	Scene_Main	8	181.8202	39.4819	183.3934	0.0	0.9999	0.0	-0.0124	2.5	8.0441	1.0	1.0	1.0	1.0
skygarden_slnstorylevel03	Scene_Main	9	161.399	39.4819	202.0753	0.0	0.9111	0.0	0.4121	4.5656	8.0441	2.1932	1.0	1.0	1.0
skygarden_slnstorylevel03	Scene_Main	10	176.9907	39.4819	152.9707	0.0	0.7603	0.0	-0.6495	2.5	8.0441	1.0	1.0	1.0	1.0
skygarden_slnstorylevel03	Scene_Main	11	126.9651	39.4819	158.3582	0.0	0.201	0.0	0.9795	2.5	8.0441	1.0	1.0	1.0	1.0
skygarden_slnstorylevel03	Scene_Main	12	129.675	39.4819	187.1923	0.0	0.7784	0.0	0.6277	2.5	8.0441	1.0	1.0	1.0	1.0
skygarden_slnstorylevel03	Scene_Main	13	179.63	39.4819	183.8999	0.0	0.977	0.0	-0.2131	2.5	8.0441	1.0	1.0	1.0	1.0
skygarden_slnstorylevel03	Scene_Main	14	157.77	39.4819	199.4465	0.0	0.9753	0.0	0.2206	5.483	8.0441	2.1932	1.0	1.0	1.0
skygarden_slnstorylevel03	Scene_Main	15	177.093	39.4819	155.2164	0.0	0.6142	0.0	-0.7891	2.5	8.0441	1.0	1.0	1.0	1.0
skygarden_slnstorylevel03	Scene_Main	16	128.7545	39.4819	157.0543	0.0	0.4143	0.0	0.91	2.5	8.0441	1.0	1.0	1.0	1.0
skygarden_slnstorylevel03	Scene_Main	17	129.24	39.4819	185.4275	0.0	0.8988	0.0	0.4383	2.5	8.0441	1.0	1.0	1.0	1.0
skygarden_slnstorylevel03	Scene_Main	18	177.8737	39.4819	185.248	0.0	0.9048	0.0	-0.4257	2.5	8.0441	1.0	1.0	1.0	1.0
skygarden_slnstorylevel03	Scene_Main	19	153.0299	39.4819	198.3899	0.0	0.9999	0.0	-0.0024	5.483	8.0441	2.1932	1.0	1.0	1.0
skygarden_slnstorylevel03	Scene_Main	20	178.1015	39.4819	157.1875	0.0	0.4227	0.0	-0.9062	2.5	8.0441	1.0	1.0	1.0	1.0
skygarden_slnstorylevel03	Scene_Main	21	129.6755	39.4819	155.1222	0.0	0.6432	0.0	0.7656	2.5	8.0441	1.0	1.0	1.0	1.0
skygarden_slnstorylevel03	Scene_Main	22	127.0134	39.4819	183.9161	0.0	0.9834	0.0	0.1813	2.5	8.0441	1.0	1.0	1.0	1.0
skygarden_slnstorylevel03	Scene_Main	23	177.001	39.4819	187.2024	0.0	0.7575	0.0	-0.6527	2.5	8.0441	1.0	1.0	1.0	1.0
skygarden_slnstorylevel03	Scene_Main	24	148.5207	39.4819	199.6656	0.0	0.9627	0.0	-0.2704	5.483	8.0441	2.1932	1.0	1.0	1.0
skygarden_slnstorylevel03	Scene_Main	25	179.8661	39.4819	158.3988	0.0	0.1643	0.0	-0.9864	2.5	8.0441	1.0	1.0	1.0	1.0
skygarden_slnstorylevel03	Scene_Main	26	129.6784	39.4819	152.8303	0.0	0.7648	0.0	0.6442	2.5	8.0441	0.9999	1.0	1.0	1.0
skygarden_slnstorylevel03	Scene_Main	27	124.7639	39.4819	183.4774	0.0	0.9999	0.0	0.0102	2.5	8.0441	1.0	1.0	1.0	1.0
skygarden_slnstorylevel03	Scene_Main	28	177.0552	39.4819	189.4938	0.0	0.6346	0.0	-0.7727	2.5	8.0441	1.0	1.0	1.0	1.0
skygarden_slnstorylevel03	Scene_Main	29	145.0697	39.4819	202.5735	0.0	0.9022	0.0	-0.4312	4.4341	8.0441	2.1932	1.0	1.0	1.0
skygarden_slnstorylevel03	Scene_Main	30	182.1295	39.4819	158.7597	0.0	-0.0069	0.0	-0.9999	2.5	8.0441	1.0	1.0	1.0	1.0
skygarden_slnstorylevel03	Scene_Main	31	128.5117	39.4819	150.2503	0.0	0.8821	0.0	0.471	3.7097	8.0441	1.0	1.0	1.0	1.0
skygarden_slnstorylevel03	Scene_Main	32	122.0091	39.4819	184.1324	0.0	0.9802	0.0	-0.1979	3.7097	8.0441	1.0	1.0	1.0	1.0
skygarden_slnstorylevel03	Scene_Main	33	178.2859	39.4819	192.0438	0.0	0.46	0.0	-0.8879	3.7097	8.0441	1.0	1.0	1.0	1.0
skygarden_slnstorylevel03	Scene_Main	34	184.86	39.4819	158.0099	0.0	-0.2148	0.0	-0.9766	3.7097	8.0441	1.0	1.0	1.0	1.0
skygarden_slnstorylevel03	Scene_Main	35	122.0037	39.4819	158.018	0.0	-0.2248	0.0	0.9743	3.8452	8.0441	1.0	1.0	1.0	1.0
skygarden_slnstorylevel03	Scene_Main	36	128.3981	39.4819	191.9983	0.0	0.4466	0.0	0.8947	3.8452	8.0441	1.0	1.0	1.0	1.0
skygarden_slnstorylevel03	Scene_Main	37	184.5982	39.4819	184.1163	0.0	0.9771	0.0	0.2126	3.8452	8.0441	1.0	1.0	1.0	1.0
skygarden_slnstorylevel03	Scene_Main	38	178.2035	39.4819	150.369	0.0	0.8868	0.0	-0.4619	3.8452	8.0441	0.9999	1.0	1.0	1.0
skygarden_slnstorylevel03	Scene_Main	39	159.7384	39.4819	144.2429	0.0	0.0	0.0	1.0	1.2	8.0441	1.0	1.0	1.0	1.0
skygarden_slnstorylevel03	Scene_Main	40	146.0621	39.4819	143.9931	0.0	-0.2914	0.0	0.9565	1.2	8.0441	1.0	1.0	1.0	1.0
skygarden_slnstorylevel03	Scene_Main	41	158.9192	39.4819	143.9931	0.0	-0.2914	0.0	0.9565	1.2	8.0441	1.0	1.0	1.0	1.0
skygarden_slnstorylevel03	Scene_Main	42	145.4082	39.4819	143.3025	0.0	-0.4943	0.0	0.8692	1.2	8.0441	1.0	1.0	1.0	1.0
skygarden_slnstorylevel03	Scene_Main	43	158.2653	39.4819	143.3025	0.0	-0.4943	0.0	0.8692	1.2	8.0441	1.0	1.0	1.0	1.0
skygarden_slnstorylevel03	Scene_Main	44	145.0308	39.4819	142.238	0.0	-0.6392	0.0	0.7689	1.4504	8.0441	1.0	1.0	1.0	1.0
skygarden_slnstorylevel03	Scene_Main	45	157.8878	39.4819	142.238	0.0	-0.6392	0.0	0.7689	1.4504	8.0441	1.0	1.0	1.0	1.0
skygarden_slnstorylevel03	Scene_Main	46	148.8843	39.4819	142.2687	0.0	0.6145	0.0	0.7889	1.5603	8.0441	1.0	1.0	1.0	1.0
skygarden_slnstorylevel03	Scene_Main	47	161.7413	39.4819	142.2687	0.0	0.6145	0.0	0.7889	1.5603	8.0441	1.0	1.0	1.0	1.0
skygarden_slnstorylevel03	Scene_Main	48	146.9832	39.4819	138.8282	0.0	0.7071	0.0	0.7071	5.6126	8.0441	5.1539	1.0	1.0	1.0
skygarden_slnstorylevel03	Scene_Main	49	159.8401	39.4819	138.8282	0.0	0.7071	0.0	0.7071	5.6126	8.0441	5.1539	1.0	1.0	1.0
skygarden_slnstorylevel03	Scene_Main	50	167.5881	39.4819	140.5274	0.0	0.7071	0.0	0.7071	2.2141	8.0441	11.0751	1.0	1.0	1.0
skygarden_slnstorylevel03	Scene_Main	51	153.66	39.4819	131.5899	0.0	0.7071	0.0	0.7071	2.2141	8.0441	8.5832	1.0	1.0	1.0
skygarden_slnstorylevel03	Scene_Main	52	157.6799	39.4819	133.4299	0.0	0.1249	0.0	0.9921	2.2141	8.0441	8.5832	1.0	1.0	1.0
skygarden_slnstorylevel03	Scene_Main	53	149.21	39.4819	133.32	0.0	0.9918	0.0	0.1272	2.2141	8.0441	8.5832	1.0	1.0	1.0
skygarden_slnstorylevel03	Scene_Main	54	183.3273	39.4819	153.0473	0.0	0.3465	0.0	0.938	2.2141	8.0441	33.9728	1.0	1.0	1.0
skygarden_slnstorylevel03	Scene_Main	55	194.1042	39.4819	170.9219	0.0	0.0	0.0	1.0	2.2141	8.0441	11.3734	1.0	1.0	1.0
skygarden_slnstorylevel03	Scene_Main	56	183.0894	39.4819	189.8885	0.0	-0.3326	0.0	0.943	2.2141	8.0441	35.8933	1.0	1.0	1.0
skygarden_slnstorylevel03	Scene_Main	57	153.2135	39.4819	203.4508	0.0	-0.7071	0.0	0.7071	2.2141	8.0441	38.9557	1.0	1.0	1.0
skygarden_slnstorylevel03	Scene_Main	58	123.276	39.4819	189.8217	0.0	-0.9437	0.0	0.3306	2.2141	8.0441	36.0563	1.0	1.0	1.0
skygarden_slnstorylevel03	Scene_Main	59	112.2673	39.4819	170.7635	0.0	-1.0	0.0	0.0	2.2141	8.0441	11.3249	1.0	1.0	1.0
skygarden_slnstorylevel03	Scene_Main	60	123.1399	39.4819	152.94	0.0	-0.938	0.0	-0.3463	2.2141	8.0441	34.067	1.0	1.0	1.0
skygarden_slnstorylevel03	Scene_Main	61	139.0989	39.4819	140.3811	0.0	-0.7071	0.0	-0.7071	2.2141	8.0441	11.4635	1.0	1.0	1.0
skygarden_slnstorylevel03	Scene_Main	62	133.0529	35.29	170.8256	0.0	0.0	0.0	1.0	42.0169	2.0456	10.4181	1.0	1.0	1.0
skygarden_slnstorylevel03	Scene_Main	63	173.5661	35.29	170.8256	0.0	-1.0	0.0	0.0	42.1773	2.0456	10.4181	1.0	1.0	1.0
skygarden_slnstorylevel03	Scene_Main	64	133.91	35.29	162.11	0.0	-0.3475	0.0	0.9376	28.6246	2.0456	34.0208	1.0	1.0	1.0
skygarden_slnstorylevel03	Scene_Main	65	153.3621	35.29	154.46	0.0	-0.7071	0.0	0.7071	28.6246	2.0456	38.8041	1.0	1.0	1.0
skygarden_slnstorylevel03	Scene_Main	66	172.8509	35.29	162.2971	0.0	-0.9365	0.0	0.3504	28.6246	2.0456	33.6276	1.0	1.0	1.0
skygarden_slnstorylevel03	Scene_Main	67	172.3583	35.29	180.7872	0.0	-0.9431	0.0	-0.3323	28.6246	2.0456	35.6756	1.0	1.0	1.0
skygarden_slnstorylevel03	Scene_Main	68	153.3822	35.29	189.3999	0.0	-0.7071	0.0	-0.7071	28.6246	2.0456	37.891	1.0	1.0	1.0
skygarden_slnstorylevel03	Scene_Main	69	153.3899	36.2916	189.0046	0.0905	-0.7021	0.0905	-0.7004	5.0401	2.0456	3.132	1.0	1.0	1.0
skygarden_slnstorylevel03	Scene_Main	70	140.7729	36.2915	193.2942	0.115	-0.8911	0.0563	-0.4351	5.0401	2.0456	2.8204	1.0	1.0	1.0
skygarden_slnstorylevel03	Scene_Main	71	158.8558	36.29	189.75	0.0776	-0.6023	0.1018	-0.7878	5.0401	2.0456	3.132	1.0	1.0	1.0
skygarden_slnstorylevel03	Scene_Main	72	145.425	36.29	190.6278	0.1064	-0.8251	0.0711	-0.5501	5.0401	2.0456	3.132	1.0	1.0	1.0
skygarden_slnstorylevel03	Scene_Main	73	161.5167	36.2891	190.645	0.0715	-0.5547	0.1062	-0.8221	5.0401	2.0456	3.132	1.0	1.0	1.0
skygarden_slnstorylevel03	Scene_Main	74	148.076	36.2891	189.7035	0.1021	-0.7911	0.0773	-0.598	5.0401	2.0456	3.132	1.0	1.0	1.0
skygarden_slnstorylevel03	Scene_Main	75	163.8352	36.2883	191.8457	0.0612	-0.4749	0.1125	-0.8706	5.0401	2.0456	3.132	1.0	1.0	1.0
skygarden_slnstorylevel03	Scene_Main	76	150.6437	36.2883	189.2306	0.0943	-0.7314	0.0865	-0.6697	5.0401	2.0456	3.132	1.0	1.0	1.0
skygarden_slnstorylevel03	Scene_Main	77	165.8665	36.2876	193.3415	0.0533	-0.4137	0.1164	-0.9013	5.0401	2.0456	2.6716	1.0	1.0	1.0
skygarden_slnstorylevel03	Scene_Main	78	156.128	36.2908	189.1914	0.0839	-0.651	0.0967	-0.7481	5.0401	2.0456	3.132	1.0	1.0	1.0
skygarden_slnstorylevel03	Scene_Main	79	142.9275	36.2908	191.8589	0.1107	-0.8583	0.0642	-0.4968	5.0401	2.0456	3.132	1.0	1.0	1.0
skygarden_slnstorylevel03	Scene_Main	80	134.5684	35.29	180.8049	0.0	-0.3317	0.0	-0.9433	28.6246	2.0456	35.466	1.0	1.0	1.0
skygarden_slnstorylevel03	Scene_Main	81	153.4299	35.5	137.0294	0.0	0.0	0.0	1.0	9.8009	2.0456	9.4794	1.0	1.0	1.0
skygarden_slnstorylevel03	Scene_Main	82	153.4096	36.775	197.8842	0.0	-0.7079	0.0	-0.7062	13.8608	2.0456	2.6319	1.0	1.0	1.0
skygarden_slnstorylevel03	Scene_Main	83	146.69	36.775	200.4113	0.0	-0.9084	0.0	-0.418	14.314	2.0456	2.5277	1.0	1.0	1.0
skygarden_slnstorylevel03	Scene_Main	84	156.5254	36.775	198.296	0.0	-0.6073	0.0	-0.7944	13.739	2.0456	2.6319	1.0	1.0	1.0
skygarden_slnstorylevel03	Scene_Main	85	148.8562	36.775	198.8625	0.0	-0.832	0.0	-0.5547	13.8636	2.0456	2.6319	1.0	1.0	1.0
skygarden_slnstorylevel03	Scene_Main	86	158.1999	36.775	198.86	0.0	-0.5593	0.0	-0.8289	13.7425	2.0456	2.6319	1.0	1.0	1.0
skygarden_slnstorylevel03	Scene_Main	87	150.5	36.775	198.24	0.0	-0.7977	0.0	-0.6029	13.7341	2.0456	2.6319	1.0	1.0	1.0
skygarden_slnstorylevel03	Scene_Main	88	159.0991	36.775	199.4304	0.0	-0.4788	0.0	-0.8778	14.0085	2.0456	2.6319	1.0	1.0	1.0
skygarden_slnstorylevel03	Scene_Main	89	151.412	36.775	198.0139	0.0	-0.7374	0.0	-0.6753	13.741	2.0456	2.6319	1.0	1.0	1.0
skygarden_slnstorylevel03	Scene_Main	90	160.3419	36.775	200.2126	0.0	-0.4171	0.0	-0.9088	13.9981	2.0456	2.245	1.0	1.0	1.0
skygarden_slnstorylevel03	Scene_Main	91	154.9053	36.775	197.9595	0.0	-0.6564	0.0	-0.7543	13.8191	2.0456	2.6319	1.0	1.0	1.0
skygarden_slnstorylevel03	Scene_Main	92	147.6399	36.775	199.5	0.0	-0.8685	0.0	-0.4955	13.9533	2.0456	2.6319	1.0	1.0	1.0
skygarden_slnstorylevel04	Scene_Main	1	57.8815	1.25	63.0	0.0	0.0	0.0	1.0	1.0	1.0	1.0	1.0	1.0	1.0
skygarden_slnstorylevel04	Scene_Main	2	38.9949	-3.4161	141.3999	0.7071	0.0	0.0	0.7071	363.6181	1.0	239.7919	1.0	1.0	1.0
skygarden_slnstorylevel04	Scene_Main	3	38.1324	2.3726	-93.4	0.7071	0.0	0.0	0.7071	333.2615	1.0	244.6065	1.0	1.0	1.0
skygarden_slnstorylevel04	Scene_Main	4	195.3999	3.8373	16.631	0.0	0.0	0.7071	0.7071	250.8217	1.0	256.0982	1.0	1.0	1.0
skygarden_slnstorylevel04	Scene_Main	5	-89.6999	-6.0128	25.0249	0.0	0.0	0.7071	0.7071	265.47	1.0	275.7336	1.0	1.0	1.0
skygarden_slnstorylevel04	Scene_Main	6	60.5387	103.3	19.5018	0.0	0.0	0.0	1.0	583.4678	2.2376	340.6311	1.0	1.0	1.0
skygarden_slnstorylevel04	Scene_Main	7	19.472	-45.7	25.1849	0.0	0.0	0.0	1.0	255.8368	1.0	345.0028	1.0	1.0	1.0
skygarden_slnstorylevel04	Scene_Main	8	74.3815	-0.46	30.2299	0.0	0.0	0.0	1.0	95.4959	1.0	42.925	1.0	1.0	1.0
skygarden_slnstorylevel04	Scene_Main	9	74.3815	11.1554	37.7999	0.7071	0.0	0.0	0.7071	80.0	1.0	22.1109	1.0	1.0	1.0
skygarden_slnstorylevel04	Scene_Main	10	74.3815	11.1554	26.7999	0.7071	0.0	0.0	0.7071	80.0	1.0	22.1109	1.0	1.0	1.0
skygarden_slnstorylevel04	Scene_Main	11	113.6115	11.47	32.2999	0.0	0.0	0.7071	0.7071	21.9452	1.0	10.0	1.0	1.0	1.0
skygarden_slnstorylevel04	Scene_Main	12	33.8814	11.47	32.2999	0.0	0.0	0.7071	0.7071	21.9452	1.0	57.2229	1.0	1.0	1.0
skygarden_sushe	Scene_Main	1	6.7249	3.321	17.7099	0.0	0.0	0.0	1.0	0.1333	6.9486	15.075	1.0	1.0	1.0
skygarden_sushe	Scene_Main	2	13.8149	3.321	23.79	0.0	0.7071	0.0	0.7071	0.1333	5.4934	14.9861	1.0	1.0	1.0
skygarden_sushe	Scene_Main	3	20.908	3.321	17.2999	0.0	0.0	0.0	1.0	0.1333	5.4934	13.6485	1.0	1.0	1.0
skygarden_sushe	Scene_Main	4	13.55	3.321	10.68	0.0	0.7071	0.0	0.7071	0.1333	5.4934	17.2313	1.0	1.0	1.0
skygarden_sushe	Scene_Main	5	13.8199	5.806	17.0489	0.5	0.5	0.5	0.5	0.1333	13.5828	15.652	1.0	1.0	1.0
skygarden_sushe	Scene_Main	6	13.8199	0.693	17.0489	0.5	0.5	0.5	0.5	0.1333	13.5828	15.652	1.0	1.0	1.0
skygarden_sushe	Scene_Main	7	11.628	0.7514	21.2019	0.0	0.0	0.0	1.0	20.8488	0.3661	5.8599	1.0	0.0851	1.0
skygarden_sushe	Scene_Main	8	10.2645	0.8305	18.256	0.0	0.0	0.0	1.0	10.252	1.4112	1.0	1.0	0.0851	1.0
skygarden_sushe	Scene_Main	9	10.2645	0.9595	18.0	0.0	0.0	0.0	1.0	10.252	1.4112	1.0	1.0	0.0851	1.0
skygarden_sushe	Scene_Main	10	10.2645	1.0815	17.7989	0.0	0.0	0.0	1.0	10.252	1.4112	1.0	1.0	0.0851	1.0
skygarden_sushe	Scene_Main	11	14.3972	1.0845	14.213	0.0	0.0	0.0	1.0	18.1124	1.4112	8.0463	1.0	0.0851	1.0
skygarden_sushe	Scene_Main	12	13.913	6.1139	17.2549	0.5	0.5	0.5	0.5	0.1333	13.5828	15.652	1.0	1.0	1.0
skygarden_sushe	Scene_Main	13	13.913	6.1139	25.0599	0.7071	0.0	0.7071	0.0	0.1333	13.5828	15.6519	1.0	1.0	1.0
