Id	Name	Level
1000000	AddBuff	1000000
1000001	AddBuff	1000001
1000002	AddBuff	1000002
1000003	AddBuff	1000003
1000004	AddBuff	1000004
1000005	AddBuff	1000005
1000006	AddBuff	1000006
1000007	AddBuff	1000007
1000008	AddBuff	1000008
1000009	AddBuff	1000009
1000010	AddBuff	1000010
1000011	AddBuff	1000011
1000012	AddBuff	1000012
1000013	AddBuff	1000013
1000014	AddBuff	1000014
1000015	AddBuff	1000015
1000016	AddBuff	1000016
1000017	AddBuff	1000017
1000018	AddBuff	1000018
1000019	AddBuff	1000019
1000020	AddBuff	1000020
1000021	AddBuff	1000021
1000022	AddBuff	1000022
1000023	AddBuff	1000023
1000024	AddBuff	1000024
1000025	AddBuff	1000025
1000026	AddBuff	1000026
1000027	AddBuff	1000027
1000028	AddBuff	1000028
1000030	AddBuff	1000030
1000031	AddBuff	1000031
1000032	AddBuff	1000032
1000033	AddBuff	1000033
1000034	AddBuff	1000034
1000035	AddBuff	1000035
1000036	AddBuff	1000036
1000037	AddBuff	1000037
1000038	AddBuff	1000038
1000039	AddBuff	1000039
1000040	AddBuff	1000040
1000041	AddBuff	1000041
1000042	AddBuff	1000042
1000043	AddBuff	1000043
1000044	AddBuff	1000044
1000045	AddBuff	1000045
1000046	AddBuff	1000046
1000047	AddBuff	1000047
1000048	AddBuff	1000048
1000049	AddBuff	1000049
1000050	AddBuff	1000050
1000051	AddBuff	1000051
1000052	AddBuff	1000052
1000053	AddBuff	1000053
1000056	AddBuff	1000056
1000061	AddBuff	1000061
1000062	AddBuff	1000062
1000063	AddBuff	1000063
1000064	AddBuff	1000064
1000065	AddBuff	1000065
1000066	AddBuff	1000066
1000067	AddBuff	1000067
1000068	AddBuff	1000068
1000069	AddBuff	1000069
1000070	AddBuff	1000070
1000071	AddBuff	1000071
1000072	AddBuff	1000072
1000073	AddBuff	1000073
1000100	AddBuff	1000100
1000101	AddBuff	1000101
1000102	AddBuff	1000102
1000103	AddBuff	1000103
1000104	AddBuff	1000104
1000105	AddBuff	1000105
1000107	AddBuff	1000107
1000108	AddBuff	1000108
1000163	AddBuff	1000163
1000200	AddBuff	1000200
1000201	AddBuff	1000201
1000202	AddBuff	1000202
1000203	AddBuff	1000203
1000204	AddBuff	1000204
1000205	AddBuff	1000205
1000207	AddBuff	1000207
1000208	AddBuff	1000208
1000263	AddBuff	1000263
1000300	AddBuff	1000300
1000301	AddBuff	1000301
1000302	AddBuff	1000302
1000401	AddBuff	1000401
1000402	AddBuff	1000402
1000403	AddBuff	1000403
1000404	AddBuff	1000404
1000405	AddBuff	1000405
1000406	AddBuff	1000406
1000407	AddBuff	1000407
1000408	AddBuff	1000408
1000409	AddBuff	1000409
1000410	AddBuff	1000410
1000411	AddBuff	1000411
1000412	AddBuff	1000412
1000413	AddBuff	1000413
1000414	AddBuff	1000414
1000415	AddBuff	1000415
1000416	AddBuff	1000416
1000417	AddBuff	1000417
1000418	AddBuff	1000418
1000419	AddBuff	1000419
1000420	AddBuff	1000420
1000421	AddBuff	1000421
1000422	AddBuff	1000422
1000423	AddBuff	1000423
1000424	AddBuff	1000424
1000425	AddBuff	1000425
1000426	AddBuff	1000426
1000427	AddBuff	1000427
1000428	AddBuff	1000428
1000429	AddBuff	1000429
1000430	AddBuff	1000430
1000431	AddBuff	1000431
1000432	AddBuff	1000432
1000433	AddBuff	1000433
1000434	AddBuff	1000434
1000435	AddBuff	1000435
1000436	AddBuff	1000436
1000437	AddBuff	1000437
1000438	AddBuff	1000438
1000439	AddBuff	1000439
1000440	AddBuff	1000440
1000441	AddBuff	1000441
1000442	AddBuff	1000442
1000443	AddBuff	1000443
1000444	AddBuff	1000444
1000445	AddBuff	1000445
1000446	AddBuff	1000446
1000447	AddBuff	1000447
1000448	AddBuff	1000448
1000449	AddBuff	1000449
1000450	AddBuff	1000450
1000451	AddBuff	1000451
1000452	AddBuff	1000452
1000453	AddBuff	1000453
1000454	AddBuff	1000454
1000455	AddBuff	1000455
1000456	AddBuff	1000456
1000457	AddBuff	1000457
1000458	AddBuff	1000458
1000459	AddBuff	1000459
1000460	AddBuff	1000460
1000461	AddBuff	1000461
1000462	AddBuff	1000462
1000463	AddBuff	1000463
1000465	AddBuff	1000465
1000466	AddBuff	1000466
1000467	AddBuff	1000467
1000468	AddBuff	1000468
1000469	AddBuff	1000469
1000470	AddBuff	1000470
1000471	AddBuff	1000471
1000472	AddBuff	1000472
1000473	AddBuff	1000473
1000474	AddBuff	1000474
1000475	AddBuff	1000475
1000476	AddBuff	1000476
1000477	AddBuff	1000477
1000478	AddBuff	1000478
1000479	AddBuff	1000479
1000480	AddBuff	1000480
1000481	AddBuff	1000481
1000484	AddBuff	1000484
1000485	AddBuff	1000485
1000486	AddBuff	1000486
1000487	AddBuff	1000487
1000488	AddBuff	1000488
1000489	AddBuff	1000489
1000490	AddBuff	1000490
1000492	AddBuff	1000492
1000493	AddBuff	1000493
1000494	AddBuff	1000494
1000495	AddBuff	1000495
1000496	AddBuff	1000496
1000497	AddBuff	1000497
1000498	AddBuff	1000498
1000499	AddBuff	1000499
1000500	AddBuff	1000500
1000501	AddBuff	1000501
1000502	AddBuff	1000502
1000503	AddBuff	1000503
1000504	AddBuff	1000504
1000505	AddBuff	1000505
1000506	AddBuff	1000506
1000507	AddBuff	1000507
1000508	AddBuff	1000508
1000509	AddBuff	1000509
1000510	AddBuff	1000510
1000511	AddBuff	1000511
1000512	AddBuff	1000512
1000513	AddBuff	1000513
1000514	AddBuff	1000514
1000515	AddBuff	1000515
1000516	AddBuff	1000516
1000517	AddBuff	1000517
1000518	AddBuff	1000518
1000519	AddBuff	1000519
4001	AddBuff	4001
4003	AddBuff	4003
4004	AddBuff	4004
4005	AddBuff	4005
4006	AddBuff	4006
4011	AddBuff	4011
4015	AddBuff	4015
4020	AddBuff	4020
4026	AddBuff	4026
4038	AddBuff	4038
4043	AddBuff	4043
4047	AddBuff	4047
4048	AddBuff	4048
4051	AddBuff	4051
4053	AddBuff	4053
4054	AddBuff	4054
4055	AddBuff	4055
4056	AddBuff	4056
5001	AddBuff	5001
5003	AddBuff	5003
5004	AddBuff	5004
5005	AddBuff	5005
5006	AddBuff	5006
5011	AddBuff	5011
5015	AddBuff	5015
5020	AddBuff	5020
5026	AddBuff	5026
5038	AddBuff	5038
5043	AddBuff	5043
5047	AddBuff	5047
5048	AddBuff	5048
5051	AddBuff	5051
5053	AddBuff	5053
5054	AddBuff	5054
5055	AddBuff	5055
5056	AddBuff	5056
1900001	AddBuff	1900001
1900002	AddBuff	1900002
1900003	AddBuff	1900003
1900004	AddBuff	1900004
1900005	AddBuff	1900005
1900006	AddBuff	1900006
1900007	AddBuff	1900007
1900008	AddBuff	1900008
1900009	AddBuff	1900009
1900010	AddBuff	1900010
1900011	AddBuff	1900011
1900012	AddBuff	1900012
1900013	AddBuff	1900013
1900014	AddBuff	1900014
1900015	AddBuff	1900015
1900016	AddBuff	1900016
1900017	AddBuff	1900017
1900018	AddBuff	1900018
1900019	AddBuff	1900019
1900020	AddBuff	1900020
1900021	AddBuff	1900021
1900022	AddBuff	1900022
1900023	AddBuff	1900023
1900024	AddBuff	1900024
1900025	AddBuff	1900025
1900026	AddBuff	1900026
1900027	AddBuff	1900027
1900028	AddBuff	1900028
1900029	AddBuff	1900029
1900030	AddBuff	1900030
1900031	AddBuff	1900031
1900032	AddBuff	1900032
1900040	AddBuff	1900040
1900041	AddBuff	1900041
1900042	AddBuff	1900042
1900043	AddBuff	1900043
1900044	AddBuff	1900044
1900045	AddBuff	1900045
1900046	AddBuff	1900046
1900047	AddBuff	1900047
1900048	AddBuff	1900048
1900049	AddBuff	1900049
1900050	AddBuff	1900050
1900051	AddBuff	1900051
1900052	AddBuff	1900052
1900053	AddBuff	1900053
1900054	AddBuff	1900054
1900055	AddBuff	1900055
1900056	AddBuff	1900056
1900057	AddBuff	1900057
1900058	AddBuff	1900058
1900059	AddBuff	1900059
1900060	AddBuff	1900060
1900061	AddBuff	1900061
1900062	AddBuff	1900062
1900063	AddBuff	1900063
1900064	AddBuff	1900064
1900065	AddBuff	1900065
1900066	AddBuff	1900066
1900067	AddBuff	1900067
1900068	AddBuff	1900068
1900069	AddBuff	1900069
1900070	AddBuff	1900070
1900071	AddBuff	1900071
1900072	AddBuff	1900072
1900073	AddBuff	1900073
1900074	AddBuff	1900074
1900075	AddBuff	1900075
1900076	AddBuff	1900076
1900077	AddBuff	1900077
1900078	AddBuff	1900078
1900079	AddBuff	1900079
1900080	AddBuff	1900080
1900081	AddBuff	1900081
1900082	AddBuff	1900082
1900083	AddBuff	1900083
1900084	AddBuff	1900084
1900085	AddBuff	1900085
1900086	AddBuff	1900086
1900087	AddBuff	1900087
1900088	AddBuff	1900088
1900089	AddBuff	1900089
1900090	AddBuff	1900090
1900092	AddBuff	1900092
1900093	AddBuff	1900093
1900094	AddBuff	1900094
1900098	AddBuff	1900098
1900099	AddBuff	1900099
1900100	AddBuff	1900100
1900101	AddBuff	1900101
1900102	AddBuff	1900102
1900103	AddBuff	1900103
1900104	AddBuff	1900104
1900105	AddBuff	1900105
1900106	AddBuff	1900106
1900107	AddBuff	1900107
1900108	AddBuff	1900108
1900109	AddBuff	1900109
1900110	AddBuff	1900110
1900111	AddBuff	1900111
1900112	AddBuff	1900112
1900113	AddBuff	1900113
1900114	AddBuff	1900114
1900115	AddBuff	1900115
1900116	AddBuff	1900116
1900117	AddBuff	1900117
1900118	AddBuff	1900118
1900119	AddBuff	1900119
1900120	AddBuff	1900120
1900121	AddBuff	1900121
1900122	AddBuff	1900122
1900123	AddBuff	1900123
1900124	AddBuff	1900124
1900125	AddBuff	1900125
1900126	AddBuff	1900126
1900127	AddBuff	1900127
1900128	AddBuff	1900128
1900129	AddBuff	1900129
1900130	AddBuff	1900130
1900131	AddBuff	1900131
1900132	AddBuff	1900132
1900133	AddBuff	1900133
1900134	AddBuff	1900134
1900135	AddBuff	1900135
1900136	AddBuff	1900136
1900137	AddBuff	1900137
1900138	AddBuff	1900138
1900139	AddBuff	1900139
1900140	AddBuff	1900140
1900141	AddBuff	1900141
1900142	AddBuff	1900142
1900143	AddBuff	1900143
1900144	AddBuff	1900144
1900145	AddBuff	1900145
1900146	AddBuff	1900146
1900147	AddBuff	1900147
1900148	AddBuff	1900148
1900149	AddBuff	1900149
1900150	AddBuff	1900150
1900151	AddBuff	1900151
1900152	AddBuff	1900152
1900153	AddBuff	1900153
1900154	AddBuff	1900154
1900155	AddBuff	1900155
1900156	AddBuff	1900156
1900157	AddBuff	1900157
1900158	AddBuff	1900158
1900159	AddBuff	1900159
1900160	AddBuff	1900160
1900161	AddBuff	1900161
200027	AddBuff	200027
200028	AddBuff	200028
200029	AddBuff	200029
200030	AddBuff	200030
200031	AddBuff	200031
200032	AddBuff	200032
200033	AddBuff	200033
200034	AddBuff	200034
200035	AddBuff	200035
200036	AddBuff	200036
200042	AddBuff	200042
200043	AddBuff	200043
200044	AddBuff	200044
200045	AddBuff	200045
200046	AddBuff	200046
1900162	AddBuff	1900162
1900163	AddBuff	1900163
1900164	AddBuff	1900164
1900165	AddBuff	1900165
1900166	AddBuff	1900166
1900167	AddBuff	1900167
1900168	AddBuff	1900168
1900169	AddBuff	1900169
1900170	AddBuff	1900170
1900171	AddBuff	1900171
1900172	AddBuff	1900172
1900173	AddBuff	1900173
1900174	AddBuff	1900174
1900175	AddBuff	1900175
1900176	AddBuff	1900176
1900177	AddBuff	1900177
1900178	AddBuff	1900178
1900179	AddBuff	1900179
1900180	AddBuff	1900180
1900181	AddBuff	1900181
1900182	AddBuff	1900182
1900183	AddBuff	1900183
1900184	AddBuff	1900184
3001	AddBuff	3001
3002	AddBuff	3002
3003	AddBuff	3003
3004	AddBuff	3004
3005	AddBuff	3005
300100100	HideJoint	SGHide
3001001	AddBuff	3001001
300100200	HideJoint	LightDisable
3001002	AddBuff	3001002
300100300	HideJoint	FaceCase
3001003	AddBuff	3001003
300100400	HideJoint	Broken2
3001004	AddBuff	3001004
300100500	HideJoint	Hair2
3001005	AddBuff	3001005
300100600	HideJoint	Engine01
3001006	AddBuff	3001006
300100700	HideJoint	Engine02
3001007	AddBuff	3001007
300100800	HideJoint	Feiji
3001008	AddBuff	3001008
300100900	HideJoint	Chain
3001009	AddBuff	3001009
1010001	AddBuff	1010001
1010002	AddBuff	1010002
1010003	AddBuff	1010003
1010004	AddBuff	1010004
1010005	AddBuff	1010005
1010006	AddBuff	1010006
1010007	AddBuff	1010007
1010008	AddBuff	1010008
1010009	AddBuff	1010009
1010010	AddBuff	1010010
1010011	AddBuff	1010011
1010012	AddBuff	1010012
1010013	AddBuff	1010013
1010015	AddBuff	1010015
1010017	AddBuff	1010017
1010019	AddBuff	1010019
1010020	AddBuff	1010020
1010021	AddBuff	1010021
1010022	AddBuff	1010022
1010023	AddBuff	1010023
1010024	AddBuff	1010024
1010027	AddBuff	1010027
1010028	AddBuff	1010028
1010029	AddBuff	1010029
1010030	AddBuff	1010030
1010051	AddBuff	1010051
1010052	AddBuff	1010052
1010053	AddBuff	1010053
1010054	AddBuff	1010054
1010055	AddBuff	1010055
1010056	AddBuff	1010056
1010057	AddBuff	1010057
1010402	AddBuff	1010402
1010403	AddBuff	1010403
1010404	AddBuff	1010404
1010405	AddBuff	1010405
1010406	AddBuff	1010406
1010407	AddBuff	1010407
1010408	AddBuff	1010408
1010409	AddBuff	1010409
1010410	AddBuff	1010410
1010411	AddBuff	1010411
1010412	AddBuff	1010412
1010413	AddBuff	1010413
1010421	AddBuff	1010421
1010422	AddBuff	1010422
1010423	AddBuff	1010423
1010424	AddBuff	1010424
1010425	AddBuff	1010425
1010426	AddBuff	1010426
1010427	AddBuff	1010427
1010428	AddBuff	1010428
1010429	AddBuff	1010429
1010430	AddBuff	1010430
1010431	AddBuff	1010431
1010432	AddBuff	1010432
1010441	AddBuff	1010441
1010442	AddBuff	1010442
1010443	AddBuff	1010443
1010444	AddBuff	1010444
1010445	AddBuff	1010445
1010446	AddBuff	1010446
1010447	AddBuff	1010447
1010448	AddBuff	1010448
1010449	AddBuff	1010449
1010450	AddBuff	1010450
1010451	AddBuff	1010451
1010452	AddBuff	1010452
1010453	AddBuff	1010453
1010454	AddBuff	1010454
1010455	AddBuff	1010455
1010456	AddBuff	1010456
1010457	AddBuff	1010457
1010458	AddBuff	1010458
1010459	AddBuff	1010459
1010460	AddBuff	1010460
1010461	AddBuff	1010461
1010462	AddBuff	1010462
1010463	AddBuff	1010463
1010464	AddBuff	1010464
1010518	AddBuff	1010518
1010519	AddBuff	1010519
1010520	AddBuff	1010520
1010521	AddBuff	1010521
1010522	AddBuff	1010522
1010524	AddBuff	1010524
1010525	AddBuff	1010525
1010526	AddBuff	1010526
1010527	AddBuff	1010527
1010564	AddBuff	1010564
1010565	AddBuff	1010565
1010566	AddBuff	1010566
1010570	AddBuff	1010570
1010571	AddBuff	1010571
1010572	AddBuff	1010572
1010573	AddBuff	1010573
1010574	AddBuff	1010574
1010575	AddBuff	1010575
1010576	AddBuff	1010576
1010577	AddBuff	1010577
1010578	AddBuff	1010578
1010579	AddBuff	1010579
1010580	AddBuff	1010580
1010581	AddBuff	1010581
1010583	AddBuff	1010583
1010584	AddBuff	1010584
1010585	AddBuff	1010585
1010586	AddBuff	1010586
1010587	AddBuff	1010587
1010588	AddBuff	1010588
1010589	AddBuff	1010589
1010590	AddBuff	1010590
1010651	AddBuff	1010651
1010652	AddBuff	1010652
1010653	AddBuff	1010653
1010654	AddBuff	1010654
1010655	AddBuff	1010655
1010656	AddBuff	1010656
1010657	AddBuff	1010657
1010658	AddBuff	1010658
1010659	AddBuff	1010659
1010660	AddBuff	1010660
1010661	AddBuff	1010661
1010662	AddBuff	1010662
1010663	AddBuff	1010663
1010664	AddBuff	1010664
1010665	AddBuff	1010665
1010666	AddBuff	1010666
1010667	AddBuff	1010667
1010668	AddBuff	1010668
1010669	AddBuff	1010669
1010670	AddBuff	1010670
1011001	AddBuff	1011001
1011002	AddBuff	1011002
1011003	AddBuff	1011003
1011005	AddBuff	1011005
101100600	HideJoint	Default
1011006	AddBuff	1011006
1011007	AddBuff	1011007
1011008	AddBuff	1011008
1011009	AddBuff	1011009
1011010	AddBuff	1011010
1013201	AddBuff	1013201
1013202	AddBuff	1013202
1013203	AddBuff	1013203
1013204	AddBuff	1013204
1013205	AddBuff	1013205
1013206	AddBuff	1013206
1013209	AddBuff	1013209
1013210	AddBuff	1013210
1013211	AddBuff	1013211
1013212	AddBuff	1013212
1013213	AddBuff	1013213
1013214	AddBuff	1013214
1013215	AddBuff	1013215
1013216	AddBuff	1013216
1013217	AddBuff	1013217
1013218	AddBuff	1013218
1013219	AddBuff	1013219
1013305	AddBuff	1013305
1013306	AddBuff	1013306
1012001	AddBuff	1012001
1012002	AddBuff	1012002
1012003	AddBuff	1012003
1012004	AddBuff	1012004
1012005	AddBuff	1012005
1012006	AddBuff	1012006
1012007	AddBuff	1012007
1012008	AddBuff	1012008
1012009	AddBuff	1012009
1012010	AddBuff	1012010
1012011	AddBuff	1012011
1012012	AddBuff	1012012
1012201	AddBuff	1012201
1012203	AddBuff	1012203
1012204	AddBuff	1012204
1012205	AddBuff	1012205
1012206	AddBuff	1012206
1012207	AddBuff	1012207
1012208	AddBuff	1012208
1012209	AddBuff	1012209
1012212	AddBuff	1012212
1012213	AddBuff	1012213
1012214	AddBuff	1012214
1012215	AddBuff	1012215
1012216	AddBuff	1012216
1012217	AddBuff	1012217
1012218	AddBuff	1012218
1012219	AddBuff	1012219
1012220	AddBuff	1012220
1012221	AddBuff	1012221
1012222	AddBuff	1012222
1012223	AddBuff	1012223
1012224	AddBuff	1012224
1012225	AddBuff	1012225
1012301	AddBuff	1012301
1012302	AddBuff	1012302
1012303	AddBuff	1012303
1012304	AddBuff	1012304
1012305	AddBuff	1012305
1012306	AddBuff	1012306
1012307	AddBuff	1012307
1012315	AddBuff	1012315
1012316	AddBuff	1012316
1012317	AddBuff	1012317
1012318	AddBuff	1012318
1012319	AddBuff	1012319
1012320	AddBuff	1012320
1018001	AddBuff	1018001
1018002	AddBuff	1018002
1018003	AddBuff	1018003
1018201	AddBuff	1018201
1018202	AddBuff	1018202
1018203	AddBuff	1018203
1018204	AddBuff	1018204
1018205	AddBuff	1018205
1019001	AddBuff	1019001
1019002	AddBuff	1019002
1019003	AddBuff	1019003
1020001	AddBuff	1020001
1021001	AddBuff	1021001
1021002	AddBuff	1021002
1021009	AddBuff	1021009
1051	AddBuff	1051
1051001	AddBuff	1051001
1051006	AddBuff	1051006
105100601	AddBuff	105100601
1051007	AddBuff	1051007
1051008	AddBuff	1051008
1051009	AddBuff	1051009
1051011	AddBuff	1051011
1051012	AddBuff	1051012
1051013	AddBuff	1051013
1051014	AddBuff	1051014
1051015	AddBuff	1051015
105133	AddBuff	105133
1051016	AddBuff	1051016
1051018	AddBuff	1051018
1051019	AddBuff	1051019
1051023	AddBuff	1051023
1051024	AddBuff	1051024
1051025	AddBuff	1051025
1051026	AddBuff	1051026
1051027	AddBuff	1051027
1051028	AddBuff	1051028
1051029	AddBuff	1051029
1051051	AddBuff	1051051
10510706	AddBuff	10510706
10510707	AddBuff	10510707
1051049	AddBuff	1051049
1051050	AddBuff	1051050
1051058	AddBuff	1051058
1051059	AddBuff	1051059
1051061	AddBuff	1051061
1051062	AddBuff	1051062
1051063	AddBuff	1051063
1051064	AddBuff	1051064
1051101	AddBuff	1051101
1051102	AddBuff	1051102
1051103	AddBuff	1051103
1051104	AddBuff	1051104
1051105	AddBuff	1051105
1051106	AddBuff	1051106
1051107	AddBuff	1051107
1051108	AddBuff	1051108
10511012	AddBuff	10511012
10511013	AddBuff	10511013
10511022	AddBuff	10511022
10511033	AddBuff	10511033
10511034	AddBuff	10511034
10511042	AddBuff	10511042
10511053	AddBuff	10511053
10511054	AddBuff	10511054
10511071	AddBuff	10511071
10511072	AddBuff	10511072
10510405	AddBuff	10510405
10510406	AddBuff	10510406
10510409	AddBuff	10510409
10510410	AddBuff	10510410
10510411	AddBuff	10510411
10510503	AddBuff	10510503
10510504	AddBuff	10510504
10510505	AddBuff	10510505
10510506	AddBuff	10510506
10510507	AddBuff	10510507
10510512	AddBuff	10510512
10511108	AddBuff	10511108
10511109	AddBuff	10511109
10511201	AddBuff	10511201
10511202	AddBuff	10511202
10512001	AddBuff	10512001
10512002	AddBuff	10512002
10512003	AddBuff	10512003
10512004	AddBuff	10512004
10512005	AddBuff	10512005
10512101	AddBuff	10512101
10512103	AddBuff	10512103
10512104	AddBuff	10512104
10512105	AddBuff	10512105
10512106	AddBuff	10512106
10512107	AddBuff	10512107
10512109	AddBuff	10512109
10512111	AddBuff	10512111
10512112	AddBuff	10512112
10512201	AddBuff	10512201
10512202	AddBuff	10512202
10512203	AddBuff	10512203
10512204	AddBuff	10512204
10512205	AddBuff	10512205
10512206	AddBuff	10512206
10512213	AddBuff	10512213
10512214	AddBuff	10512214
10512215	AddBuff	10512215
10512216	AddBuff	10512216
10512404	AddBuff	10512404
10512405	AddBuff	10512405
10512407	AddBuff	10512407
10512603	AddBuff	10512603
10512604	AddBuff	10512604
10512607	AddBuff	10512607
10512701	AddBuff	10512701
10512702	AddBuff	10512702
10512703	AddBuff	10512703
10512704	AddBuff	10512704
10512705	AddBuff	10512705
10512901	AddBuff	10512901
10512902	AddBuff	10512902
10512903	AddBuff	10512903
10510001	AddBuff	10510001
10513101	AddBuff	10513101
10513103	AddBuff	10513103
10513104	AddBuff	10513104
10513106	AddBuff	10513106
10513107	AddBuff	10513107
10513111	AddBuff	10513111
10513112	AddBuff	10513112
10513113	AddBuff	10513113
10513114	AddBuff	10513114
10513115	AddBuff	10513115
10513118	AddBuff	10513118
10513119	AddBuff	10513119
10513122	AddBuff	10513122
10514001	AddBuff	10514001
1051400101	AddBuff	1051400101
10514002	AddBuff	10514002
10514105	AddBuff	10514105
10514106	AddBuff	10514106
10514107	AddBuff	10514107
10514108	AddBuff	10514108
10514109	AddBuff	10514109
10514110	AddBuff	10514110
10514111	AddBuff	10514111
10514112	AddBuff	10514112
10514113	AddBuff	10514113
10514114	AddBuff	10514114
10514902	AddBuff	10514902
10514903	AddBuff	10514903
10514904	AddBuff	10514904
10514905	AddBuff	10514905
10514908	AddBuff	10514908
10515106	AddBuff	10515106
10515206	AddBuff	10515206
10515208	AddBuff	10515208
10515209	AddBuff	10515209
10515306	AddBuff	10515306
10515407	AddBuff	10515407
10515408	AddBuff	10515408
10515501	AddBuff	10515501
10515502	AddBuff	10515502
10515503	AddBuff	10515503
10515504	AddBuff	10515504
10515508	AddBuff	10515508
10515509	AddBuff	10515509
10515510	AddBuff	10515510
10515601	AddBuff	10515601
10515602	AddBuff	10515602
10515603	AddBuff	10515603
10515610	AddBuff	10515610
10515611	AddBuff	10515611
10515612	AddBuff	10515612
10516000	AddBuff	10516000
10516001	AddBuff	10516001
10516002	AddBuff	10516002
10516003	AddBuff	10516003
10516004	AddBuff	10516004
10516005	AddBuff	10516005
10516006	AddBuff	10516006
10516007	AddBuff	10516007
10516008	AddBuff	10516008
10516009	AddBuff	10516009
10516103	AddBuff	10516103
10516104	AddBuff	10516104
10516106	AddBuff	10516106
10516107	AddBuff	10516107
10516109	AddBuff	10516109
10516111	AddBuff	10516111
10516112	AddBuff	10516112
10516203	AddBuff	10516203
10516204	AddBuff	10516204
10516207	AddBuff	10516207
10516211	AddBuff	10516211
10516212	AddBuff	10516212
10516213	AddBuff	10516213
10516214	AddBuff	10516214
10516215	AddBuff	10516215
10516216	AddBuff	10516216
10516217	AddBuff	10516217
10516218	AddBuff	10516218
10516219	AddBuff	10516219
10516220	AddBuff	10516220
10516221	AddBuff	10516221
10516301	AddBuff	10516301
10516303	AddBuff	10516303
10516304	AddBuff	10516304
10516305	AddBuff	10516305
10516306	AddBuff	10516306
10516307	AddBuff	10516307
10516308	AddBuff	10516308
10516309	AddBuff	10516309
10516316	AddBuff	10516316
10516317	AddBuff	10516317
10516318	AddBuff	10516318
10516319	AddBuff	10516319
10516320	AddBuff	10516320
10516321	AddBuff	10516321
10516322	AddBuff	10516322
10516323	AddBuff	10516323
10516324	AddBuff	10516324
10516325	AddBuff	10516325
10516326	AddBuff	10516326
10516327	AddBuff	10516327
10516328	AddBuff	10516328
10516329	AddBuff	10516329
10516330	AddBuff	10516330
10516331	AddBuff	10516331
10516332	AddBuff	10516332
10516402	AddBuff	10516402
10516405	AddBuff	10516405
10516406	AddBuff	10516406
10516407	AddBuff	10516407
10516408	AddBuff	10516408
10516409	AddBuff	10516409
10516414	AddBuff	10516414
10516415	AddBuff	10516415
10516416	AddBuff	10516416
10516417	AddBuff	10516417
10516419	AddBuff	10516419
10516420	AddBuff	10516420
10516421	AddBuff	10516421
10516422	AddBuff	10516422
10516423	AddBuff	10516423
10516424	AddBuff	10516424
10518102	AddBuff	10518102
10518103	AddBuff	10518103
10518104	AddBuff	10518104
10518105	AddBuff	10518105
10518106	AddBuff	10518106
10518107	AddBuff	10518107
10518108	AddBuff	10518108
10518112	AddBuff	10518112
10518113	AddBuff	10518113
10518204	AddBuff	10518204
10518205	AddBuff	10518205
10518206	AddBuff	10518206
10518207	AddBuff	10518207
10518208	AddBuff	10518208
10518209	AddBuff	10518209
10518210	AddBuff	10518210
10518401	AddBuff	10518401
10518402	AddBuff	10518402
10518403	AddBuff	10518403
10518404	AddBuff	10518404
10518405	AddBuff	10518405
10518408	AddBuff	10518408
10518411	AddBuff	10518411
10518412	AddBuff	10518412
10518413	AddBuff	10518413
10518414	AddBuff	10518414
10518415	AddBuff	10518415
10518416	AddBuff	10518416
10518802	AddBuff	10518802
10518803	AddBuff	10518803
10518804	AddBuff	10518804
10518805	AddBuff	10518805
10518806	AddBuff	10518806
10518809	AddBuff	10518809
10518812	AddBuff	10518812
10518813	AddBuff	10518813
10518814	AddBuff	10518814
10518815	AddBuff	10518815
10518816	AddBuff	10518816
10518817	AddBuff	10518817
10518818	AddBuff	10518818
10518819	AddBuff	10518819
10518820	AddBuff	10518820
10519101	AddBuff	10519101
10519103	AddBuff	10519103
10519106	AddBuff	10519106
10519109	AddBuff	10519109
10519110	AddBuff	10519110
10519111	AddBuff	10519111
10519112	AddBuff	10519112
10519119	AddBuff	10519119
10519204	AddBuff	10519204
10519205	AddBuff	10519205
10519206	AddBuff	10519206
10519207	AddBuff	10519207
10519208	AddBuff	10519208
10519209	AddBuff	10519209
10519210	AddBuff	10519210
10519211	AddBuff	10519211
10519212	AddBuff	10519212
10519213	AddBuff	10519213
10519214	AddBuff	10519214
10519217	AddBuff	10519217
10519218	AddBuff	10519218
10510701	AddBuff	10510701
10510702	AddBuff	10510702
10510703	AddBuff	10510703
10510705	AddBuff	10510705
1056001	AddBuff	1056001
1056015	AddBuff	1056015
1056020	AddBuff	1056020
1056022	AddBuff	1056022
1056023	AddBuff	1056023
1056024	AddBuff	1056024
1056025	AddBuff	1056025
1056031	AddBuff	1056031
1056032	AddBuff	1056032
1056033	AddBuff	1056033
1056034	AddBuff	1056034
1056035	AddBuff	1056035
1056036	AddBuff	1056036
12000103	AddBuff	12000103
12000104	AddBuff	12000104
12000105	AddBuff	12000105
12000106	AddBuff	12000106
12001001	AddBuff	12001001
12002001	AddBuff	12002001
12003001	AddBuff	12003001
12001002	AddBuff	12001002
12002002	AddBuff	12002002
12003002	AddBuff	12003002
12000110	AddBuff	12000110
12000111	AddBuff	12000111
1200001	AddBuff	1200001
1200002	AddBuff	1200002
1200003	AddBuff	1200003
1200004	AddBuff	1200004
1200005	AddBuff	1200005
1200006	AddBuff	1200006
1200007	AddBuff	1200007
1200008	AddBuff	1200008
1200009	AddBuff	1200009
1200010	AddBuff	1200010
105207	AddBuff	105207
105208	AddBuff	105208
105209	AddBuff	105209
105210	AddBuff	105210
105211	AddBuff	105211
105212	AddBuff	105212
105213	AddBuff	105213
105214	AddBuff	105214
105215	AddBuff	105215
105217	AddBuff	105217
105218	AddBuff	105218
105219	AddBuff	105219
105220	AddBuff	105220
105221	AddBuff	105221
105222	AddBuff	105222
105224	AddBuff	105224
105225	AddBuff	105225
105226	AddBuff	105226
105227	AddBuff	105227
105228	AddBuff	105228
105229	AddBuff	105229
105230	AddBuff	105230
105231	AddBuff	105231
105232	AddBuff	105232
105233	AddBuff	105233
105234	AddBuff	105234
105235	AddBuff	105235
105236	AddBuff	105236
105237	AddBuff	105237
105239	AddBuff	105239
105240	AddBuff	105240
105241	AddBuff	105241
105242	AddBuff	105242
105243	AddBuff	105243
105244	AddBuff	105244
105245	AddBuff	105245
105246	AddBuff	105246
105247	AddBuff	105247
105248	AddBuff	105248
105249	AddBuff	105249
105250	AddBuff	105250
105251	AddBuff	105251
105252	AddBuff	105252
105253	AddBuff	105253
105254	AddBuff	105254
105255	AddBuff	105255
105256	AddBuff	105256
105257	AddBuff	105257
105258	AddBuff	105258
105259	AddBuff	105259
105260	AddBuff	105260
105261	AddBuff	105261
105262	AddBuff	105262
105263	AddBuff	105263
105264	AddBuff	105264
105265	AddBuff	105265
105266	AddBuff	105266
105267	AddBuff	105267
105268	AddBuff	105268
105269	AddBuff	105269
105270	AddBuff	105270
105271	AddBuff	105271
105272	AddBuff	105272
105273	AddBuff	105273
105274	AddBuff	105274
105275	AddBuff	105275
105276	AddBuff	105276
105277	AddBuff	105277
105278	AddBuff	105278
105279	AddBuff	105279
105280	AddBuff	105280
105281	AddBuff	105281
105282	AddBuff	105282
105283	AddBuff	105283
105284	AddBuff	105284
105285	AddBuff	105285
105286	AddBuff	105286
105287	AddBuff	105287
105288	AddBuff	105288
105289	AddBuff	105289
105290	AddBuff	105290
105291	AddBuff	105291
105292	AddBuff	105292
105293	AddBuff	105293
105294	AddBuff	105294
105295	AddBuff	105295
105296	AddBuff	105296
105297	AddBuff	105297
105298	AddBuff	105298
105299	AddBuff	105299
1052032	AddBuff	1052032
1052126	AddBuff	1052126
1052127	AddBuff	1052127
1052136	AddBuff	1052136
1052137	AddBuff	1052137
1052150	AddBuff	1052150
1052151	AddBuff	1052151
1052152	AddBuff	1052152
1052153	AddBuff	1052153
1052154	AddBuff	1052154
1052155	AddBuff	1052155
1052157	AddBuff	1052157
1052158	AddBuff	1052158
1052159	AddBuff	1052159
1052160	AddBuff	1052160
1052161	AddBuff	1052161
1052162	AddBuff	1052162
1052163	AddBuff	1052163
1052164	AddBuff	1052164
1052165	AddBuff	1052165
1052166	AddBuff	1052166
1052167	AddBuff	1052167
1052168	AddBuff	1052168
1052169	AddBuff	1052169
1052170	AddBuff	1052170
1052171	AddBuff	1052171
1052172	AddBuff	1052172
1052173	AddBuff	1052173
1052174	AddBuff	1052174
1052175	AddBuff	1052175
1052176	AddBuff	1052176
1052177	AddBuff	1052177
1052178	AddBuff	1052178
1052179	AddBuff	1052179
1052180	AddBuff	1052180
1052181	AddBuff	1052181
1052182	AddBuff	1052182
1052183	AddBuff	1052183
1052184	AddBuff	1052184
1052185	AddBuff	1052185
1052186	AddBuff	1052186
1052187	AddBuff	1052187
1052188	AddBuff	1052188
1052189	AddBuff	1052189
1052190	AddBuff	1052190
1052191	AddBuff	1052191
1052192	AddBuff	1052192
1052193	AddBuff	1052193
1052194	AddBuff	1052194
1052195	AddBuff	1052195
1052196	AddBuff	1052196
1052197	AddBuff	1052197
1052198	AddBuff	1052198
1052214	AddBuff	1052214
1052215	AddBuff	1052215
1052250	AddBuff	1052250
1052251	AddBuff	1052251
1052252	AddBuff	1052252
1052253	AddBuff	1052253
1052254	AddBuff	1052254
1052257	AddBuff	1052257
1052258	AddBuff	1052258
1052259	AddBuff	1052259
1052261	AddBuff	1052261
1052262	AddBuff	1052262
1052263	AddBuff	1052263
1052264	AddBuff	1052264
1052267	AddBuff	1052267
1052268	AddBuff	1052268
1052269	AddBuff	1052269
1052270	AddBuff	1052270
1052271	AddBuff	1052271
1052272	AddBuff	1052272
1052273	AddBuff	1052273
1052274	AddBuff	1052274
1052275	AddBuff	1052275
105227600	HideJoint	JumpCommonHide
1052276	AddBuff	1052276
1052277	AddBuff	1052277
1052278	AddBuff	1052278
1052279	AddBuff	1052279
1052281	AddBuff	1052281
1052282	AddBuff	1052282
1052283	AddBuff	1052283
1052284	AddBuff	1052284
1052285	AddBuff	1052285
1052286	AddBuff	1052286
1052300	AddBuff	1052300
1052301	AddBuff	1052301
1052302	AddBuff	1052302
1052303	AddBuff	1052303
1052304	AddBuff	1052304
1052305	AddBuff	1052305
1052306	AddBuff	1052306
1052307	AddBuff	1052307
1052312	AddBuff	1052312
1052313	AddBuff	1052313
1052314	AddBuff	1052314
1052315	AddBuff	1052315
1052316	AddBuff	1052316
1052317	AddBuff	1052317
1052318	AddBuff	1052318
1052319	AddBuff	1052319
1052320	AddBuff	1052320
1052321	AddBuff	1052321
1052324	AddBuff	1052324
1052325	AddBuff	1052325
1052326	AddBuff	1052326
1052327	AddBuff	1052327
1052328	AddBuff	1052328
1052329	AddBuff	1052329
1052331	AddBuff	1052331
1052332	AddBuff	1052332
1052333	AddBuff	1052333
1052334	AddBuff	1052334
1052335	AddBuff	1052335
1052336	AddBuff	1052336
1052337	AddBuff	1052337
1052338	AddBuff	1052338
1052339	AddBuff	1052339
1052340	AddBuff	1052340
1052341	AddBuff	1052341
1052342	AddBuff	1052342
1052343	AddBuff	1052343
1052344	AddBuff	1052344
1052345	AddBuff	1052345
1052346	AddBuff	1052346
1052347	AddBuff	1052347
1052348	AddBuff	1052348
1052349	AddBuff	1052349
1052350	AddBuff	1052350
1052351	AddBuff	1052351
1052352	AddBuff	1052352
1052353	AddBuff	1052353
1052354	AddBuff	1052354
1052355	AddBuff	1052355
1052356	AddBuff	1052356
1052357	AddBuff	1052357
1052358	AddBuff	1052358
1052359	AddBuff	1052359
1052360	AddBuff	1052360
1052361	AddBuff	1052361
1052362	AddBuff	1052362
1052363	AddBuff	1052363
1052364	AddBuff	1052364
1052365	AddBuff	1052365
1052366	AddBuff	1052366
1052367	AddBuff	1052367
1052368	AddBuff	1052368
1052369	AddBuff	1052369
1052370	AddBuff	1052370
1052371	AddBuff	1052371
1052372	AddBuff	1052372
1052373	AddBuff	1052373
1052374	AddBuff	1052374
1052375	AddBuff	1052375
1052376	AddBuff	1052376
1052377	AddBuff	1052377
1052378	AddBuff	1052378
1052379	AddBuff	1052379
105238000	HideJoint	WrestleHide
1052380	AddBuff	1052380
1052381	AddBuff	1052381
1052382	AddBuff	1052382
1052383	AddBuff	1052383
1052384	AddBuff	1052384
1052385	AddBuff	1052385
1052387	AddBuff	1052387
1052388	AddBuff	1052388
1052389	AddBuff	1052389
1052390	AddBuff	1052390
1052391	AddBuff	1052391
1052392	AddBuff	1052392
1052393	AddBuff	1052393
1052394	AddBuff	1052394
1052395	AddBuff	1052395
1052396	AddBuff	1052396
1052400	AddBuff	1052400
1052401	AddBuff	1052401
1052402	AddBuff	1052402
1052403	AddBuff	1052403
1052404	AddBuff	1052404
1052405	AddBuff	1052405
1052406	AddBuff	1052406
1052407	AddBuff	1052407
1052408	AddBuff	1052408
1052409	AddBuff	1052409
1052410	AddBuff	1052410
1052411	AddBuff	1052411
1052412	AddBuff	1052412
1052413	AddBuff	1052413
1052415	AddBuff	1052415
1052416	AddBuff	1052416
1052417	AddBuff	1052417
1052418	AddBuff	1052418
1052419	AddBuff	1052419
1052420	AddBuff	1052420
1052421	AddBuff	1052421
1052422	AddBuff	1052422
1052424	AddBuff	1052424
1052425	AddBuff	1052425
1052426	AddBuff	1052426
1052427	AddBuff	1052427
1052800	AddBuff	1052800
1052801	AddBuff	1052801
1052804	AddBuff	1052804
1052805	AddBuff	1052805
1052806	AddBuff	1052806
1052807	AddBuff	1052807
1052808	AddBuff	1052808
1052809	AddBuff	1052809
1052810	AddBuff	1052810
1052811	AddBuff	1052811
1052812	AddBuff	1052812
1052813	AddBuff	1052813
1052814	AddBuff	1052814
1052815	AddBuff	1052815
1052816	AddBuff	1052816
1052817	AddBuff	1052817
1052821	AddBuff	1052821
1052822	AddBuff	1052822
1052823	AddBuff	1052823
1052826	AddBuff	1052826
1052827	AddBuff	1052827
1052828	AddBuff	1052828
1052829	AddBuff	1052829
1052830	AddBuff	1052830
1052831	AddBuff	1052831
1052832	AddBuff	1052832
1052834	AddBuff	1052834
1052835	AddBuff	1052835
1052836	AddBuff	1052836
1052837	AddBuff	1052837
1052838	AddBuff	1052838
1052900	AddBuff	1052900
1052901	AddBuff	1052901
1052902	AddBuff	1052902
1052903	AddBuff	1052903
1052904	AddBuff	1052904
1052905	AddBuff	1052905
1052906	AddBuff	1052906
1052907	AddBuff	1052907
1057001	AddBuff	1057001
1057002	AddBuff	1057002
1057003	AddBuff	1057003
1057004	AddBuff	1057004
1057005	AddBuff	1057005
1057006	AddBuff	1057006
1057007	AddBuff	1057007
1057008	AddBuff	1057008
1057009	AddBuff	1057009
1057010	AddBuff	1057010
1057011	AddBuff	1057011
1057012	AddBuff	1057012
1057013	AddBuff	1057013
1057014	AddBuff	1057014
1057015	AddBuff	1057015
1057018	AddBuff	1057018
1057019	AddBuff	1057019
1057020	AddBuff	1057020
1057021	AddBuff	1057021
1057022	AddBuff	1057022
1057023	AddBuff	1057023
1057024	AddBuff	1057024
1057025	AddBuff	1057025
1057026	AddBuff	1057026
1057027	AddBuff	1057027
1057100	AddBuff	1057100
1057101	AddBuff	1057101
1057102	AddBuff	1057102
1057103	AddBuff	1057103
1057104	AddBuff	1057104
1057105	AddBuff	1057105
1057106	AddBuff	1057106
1057107	AddBuff	1057107
1057108	AddBuff	1057108
1057110	AddBuff	1057110
1057115	AddBuff	1057115
1057116	AddBuff	1057116
1057117	AddBuff	1057117
105303001	AddBuff	105303001
105303002	AddBuff	105303002
105303003	AddBuff	105303003
105303004	AddBuff	105303004
1053030041	AddBuff	1053030041
1053030042	AddBuff	1053030042
1053030043	AddBuff	1053030043
105303005	AddBuff	105303005
105303006	AddBuff	105303006
1053030061	AddBuff	1053030061
105303007	AddBuff	105303007
1053030071	AddBuff	1053030071
1053030072	AddBuff	1053030072
1053030073	AddBuff	1053030073
105303008	AddBuff	105303008
1053030081	AddBuff	1053030081
1053030082	AddBuff	1053030082
105303010	AddBuff	105303010
1053030101	AddBuff	1053030101
1053030102	AddBuff	1053030102
105303011	AddBuff	105303011
1053030111	AddBuff	1053030111
1053030112	AddBuff	1053030112
1053030113	AddBuff	1053030113
1053030114	AddBuff	1053030114
1053030115	AddBuff	1053030115
1053030116	AddBuff	1053030116
105303012	AddBuff	105303012
1053030121	AddBuff	1053030121
1053030122	AddBuff	1053030122
105303013	AddBuff	105303013
1053030131	AddBuff	1053030131
105303014	AddBuff	105303014
1053030141	AddBuff	1053030141
1053030142	AddBuff	1053030142
105303015	AddBuff	105303015
105303016	AddBuff	105303016
105303017	AddBuff	105303017
105303018	AddBuff	105303018
105303019	AddBuff	105303019
105303020	AddBuff	105303020
105303021	AddBuff	105303021
105303022	AddBuff	105303022
105303023	AddBuff	105303023
10530324	AddBuff	10530324
10530325	AddBuff	10530325
10530326	AddBuff	10530326
10530327	AddBuff	10530327
10530328	AddBuff	10530328
10530329	AddBuff	10530329
10530330	AddBuff	10530330
10530331	AddBuff	10530331
10530332	AddBuff	10530332
10530333	AddBuff	10530333
10530334	AddBuff	10530334
10530335	AddBuff	10530335
10530336	AddBuff	10530336
105305001	AddBuff	105305001
1053050010	AddBuff	1053050010
1053050011	AddBuff	1053050011
1053050012	AddBuff	1053050012
105305002	AddBuff	105305002
105305003	AddBuff	105305003
105305004	AddBuff	105305004
1053050041	AddBuff	1053050041
105305005	AddBuff	105305005
105305006	AddBuff	105305006
105305007	AddBuff	105305007
105305008	AddBuff	105305008
105305009	AddBuff	105305009
105305010	AddBuff	105305010
105305011	AddBuff	105305011
105305012	AddBuff	105305012
105305013	AddBuff	105305013
1053050131	AddBuff	1053050131
105305014	AddBuff	105305014
105305015	AddBuff	105305015
105305016	AddBuff	105305016
105305017	AddBuff	105305017
105305018	AddBuff	105305018
10535001	AddBuff	10535001
10535002	AddBuff	10535002
105306001	AddBuff	105306001
105306002	AddBuff	105306002
105306003	AddBuff	105306003
105306004	AddBuff	105306004
105306005	AddBuff	105306005
105306006	AddBuff	105306006
1053060061	AddBuff	1053060061
105306007	AddBuff	105306007
1053060071	AddBuff	1053060071
105306008	AddBuff	105306008
1053060081	AddBuff	1053060081
105306009	AddBuff	105306009
1053060091	AddBuff	1053060091
1053060092	AddBuff	1053060092
105306010	AddBuff	105306010
105306011	AddBuff	105306011
105306012	AddBuff	105306012
105306013	AddBuff	105306013
105306014	AddBuff	105306014
105306015	AddBuff	105306015
105306017	AddBuff	105306017
105306018	AddBuff	105306018
105306019	AddBuff	105306019
105306020	AddBuff	105306020
10536010	AddBuff	10536010
10536011	AddBuff	10536011
10536012	AddBuff	10536012
10536013	AddBuff	10536013
10536014	AddBuff	10536014
10536015	AddBuff	10536015
105307001	AddBuff	105307001
105307002	AddBuff	105307002
105307003	AddBuff	105307003
1053080011	AddBuff	1053080011
10530802	AddBuff	10530802
10530803	AddBuff	10530803
10530809	AddBuff	10530809
10530812	AddBuff	10530812
105308003	AddBuff	105308003
105308004	AddBuff	105308004
105308013	AddBuff	105308013
105308014	AddBuff	105308014
105308025	AddBuff	105308025
105308026	AddBuff	105308026
105308027	AddBuff	105308027
105308028	AddBuff	105308028
10531001	AddBuff	10531001
10531002	AddBuff	10531002
10531003	AddBuff	10531003
10531004	AddBuff	10531004
10531005	AddBuff	10531005
10531006	AddBuff	10531006
10531007	AddBuff	10531007
10531008	AddBuff	10531008
10580001	AddBuff	10580001
10580002	AddBuff	10580002
10580003	AddBuff	10580003
10580004	AddBuff	10580004
10580005	AddBuff	10580005
10580006	AddBuff	10580006
10580300	AddBuff	10580300
10580301	AddBuff	10580301
10580410	AddBuff	10580410
10580411	AddBuff	10580411
10580412	AddBuff	10580412
10580600	AddBuff	10580600
10580601	AddBuff	10580601
10580602	AddBuff	10580602
1060010100	HideJoint	E3TachibMd010011Low01
10600101	AddBuff	10600101
1060010200	HideJoint	E3TachibMd010011Low02
10600102	AddBuff	10600102
1060010300	HideJoint	E3TachibMd010011Low03
10600103	AddBuff	10600103
1060010400	HideJoint	E3TachibMd010011Low04
10600104	AddBuff	10600104
10600105	AddBuff	10600105
10600106	AddBuff	10600106
106001061	AddBuff	106001061
10600107	AddBuff	10600107
10600108	AddBuff	10600108
10600109	AddBuff	10600109
106001091	AddBuff	106001091
10600110	AddBuff	10600110
10600111	AddBuff	10600111
10600114	AddBuff	10600114
10600117	AddBuff	10600117
10600118	AddBuff	10600118
10600240	AddBuff	10600240
10600270	AddBuff	10600270
10600271	AddBuff	10600271
10600272	AddBuff	10600272
10600273	AddBuff	10600273
10600274	AddBuff	10600274
10600275	AddBuff	10600275
10600276	AddBuff	10600276
10600277	AddBuff	10600277
10600278	AddBuff	10600278
10600279	AddBuff	10600279
10600280	AddBuff	10600280
10600281	AddBuff	10600281
10600307	AddBuff	10600307
10540001	AddBuff	10540001
10540002	AddBuff	10540002
10540003	AddBuff	10540003
10540004	AddBuff	10540004
10540005	AddBuff	10540005
10540006	AddBuff	10540006
10540007	AddBuff	10540007
10540008	AddBuff	10540008
10540009	AddBuff	10540009
10540010	AddBuff	10540010
10540011	AddBuff	10540011
10540012	AddBuff	10540012
10540013	AddBuff	10540013
10540014	AddBuff	10540014
10540015	AddBuff	10540015
10540016	AddBuff	10540016
10540017	AddBuff	10540017
10540018	AddBuff	10540018
10540019	AddBuff	10540019
10540020	AddBuff	10540020
10540021	AddBuff	10540021
10540022	AddBuff	10540022
10540023	AddBuff	10540023
10540025	AddBuff	10540025
10540026	AddBuff	10540026
10540027	AddBuff	10540027
10540028	AddBuff	10540028
10540031	AddBuff	10540031
10540032	AddBuff	10540032
10540102	AddBuff	10540102
10540302	AddBuff	10540302
10540310	AddBuff	10540310
10540311	AddBuff	10540311
10540401	AddBuff	10540401
10540402	AddBuff	10540402
10540409	AddBuff	10540409
10540410	AddBuff	10540410
10540411	AddBuff	10540411
10540412	AddBuff	10540412
10540503	AddBuff	10540503
10540504	AddBuff	10540504
10541201	AddBuff	10541201
10541701	AddBuff	10541701
10541903	AddBuff	10541903
10542130	AddBuff	10542130
10542131	AddBuff	10542131
10542303	AddBuff	10542303
10542305	AddBuff	10542305
10542306	AddBuff	10542306
10542406	AddBuff	10542406
10542407	AddBuff	10542407
10542410	AddBuff	10542410
10542411	AddBuff	10542411
10542503	AddBuff	10542503
10542504	AddBuff	10542504
10542505	AddBuff	10542505
10542506	AddBuff	10542506
10542508	AddBuff	10542508
10543003	AddBuff	10543003
10543004	AddBuff	10543004
10543005	AddBuff	10543005
10543006	AddBuff	10543006
10543007	AddBuff	10543007
10543101	AddBuff	10543101
10543102	AddBuff	10543102
10543201	AddBuff	10543201
10543202	AddBuff	10543202
10543203	AddBuff	10543203
10543204	AddBuff	10543204
10543205	AddBuff	10543205
10543206	AddBuff	10543206
10543301	AddBuff	10543301
10543401	AddBuff	10543401
10543402	AddBuff	10543402
10543501	AddBuff	10543501
10543502	AddBuff	10543502
10543601	AddBuff	10543601
10543602	AddBuff	10543602
10543901	AddBuff	10543901
10543902	AddBuff	10543902
10543905	AddBuff	10543905
10543906	AddBuff	10543906
10543907	AddBuff	10543907
1054024	AddBuff	1054024
1054025	AddBuff	1054025
1054029	AddBuff	1054029
1054030	AddBuff	1054030
1054031	AddBuff	1054031
1054032	AddBuff	1054032
1054035	AddBuff	1054035
1054036	AddBuff	1054036
1054037	AddBuff	1054037
1054038	AddBuff	1054038
1054039	AddBuff	1054039
1054040	AddBuff	1054040
1054041	AddBuff	1054041
1054042	AddBuff	1054042
1054043	AddBuff	1054043
1054044	AddBuff	1054044
1054045	AddBuff	1054045
1054046	AddBuff	1054046
1054047	AddBuff	1054047
1054048	AddBuff	1054048
1054049	AddBuff	1054049
1054050	AddBuff	1054050
1054051	AddBuff	1054051
1054052	AddBuff	1054052
1054055	AddBuff	1054055
1054056	AddBuff	1054056
1054057	AddBuff	1054057
1054058	AddBuff	1054058
1054059	AddBuff	1054059
1054060	AddBuff	1054060
1054061	AddBuff	1054061
1054062	AddBuff	1054062
1054066	AddBuff	1054066
1054067	AddBuff	1054067
1054068	AddBuff	1054068
1054069	AddBuff	1054069
1054072	AddBuff	1054072
1054073	AddBuff	1054073
1054074	AddBuff	1054074
1054075	AddBuff	1054075
1054076	AddBuff	1054076
1054078	AddBuff	1054078
1054079	AddBuff	1054079
1054080	AddBuff	1054080
1054081	AddBuff	1054081
1054082	AddBuff	1054082
1054083	AddBuff	1054083
1054084	AddBuff	1054084
1054085	AddBuff	1054085
1054090	AddBuff	1054090
1054091	AddBuff	1054091
1054092	AddBuff	1054092
1054097	AddBuff	1054097
1054098	AddBuff	1054098
1054106	AddBuff	1054106
1054108	AddBuff	1054108
1054109	AddBuff	1054109
1054110	AddBuff	1054110
1054111	AddBuff	1054111
1054113	AddBuff	1054113
1054118	AddBuff	1054118
1054119	AddBuff	1054119
1054120	AddBuff	1054120
1054124	AddBuff	1054124
1054125	AddBuff	1054125
1054128	AddBuff	1054128
1054129	AddBuff	1054129
1054130	AddBuff	1054130
1054131	AddBuff	1054131
1054132	AddBuff	1054132
10590001	AddBuff	10590001
10590002	AddBuff	10590002
10590003	AddBuff	10590003
10590004	AddBuff	10590004
10590005	AddBuff	10590005
10590006	AddBuff	10590006
10590007	AddBuff	10590007
10590009	AddBuff	10590009
10590011	AddBuff	10590011
10590012	AddBuff	10590012
10590013	AddBuff	10590013
10590015	AddBuff	10590015
10590016	AddBuff	10590016
10590017	AddBuff	10590017
10590404	AddBuff	10590404
10590405	AddBuff	10590405
10591801	AddBuff	10591801
10591802	AddBuff	10591802
10591901	AddBuff	10591901
10549000	AddBuff	10549000
10549001	AddBuff	10549001
10549002	AddBuff	10549002
10549003	AddBuff	10549003
10549004	AddBuff	10549004
10549005	AddBuff	10549005
10549006	AddBuff	10549006
10549007	AddBuff	10549007
10549008	AddBuff	10549008
10549009	AddBuff	10549009
10549010	AddBuff	10549010
10549011	AddBuff	10549011
10549012	AddBuff	10549012
10549013	AddBuff	10549013
10549014	AddBuff	10549014
10549015	AddBuff	10549015
10549016	AddBuff	10549016
10549017	AddBuff	10549017
10549018	AddBuff	10549018
10549019	AddBuff	10549019
10549020	AddBuff	10549020
10549021	AddBuff	10549021
10549022	AddBuff	10549022
10549023	AddBuff	10549023
10549024	AddBuff	10549024
10549025	AddBuff	10549025
10549026	AddBuff	10549026
10549027	AddBuff	10549027
10549028	AddBuff	10549028
10549029	AddBuff	10549029
10549030	AddBuff	10549030
10549031	AddBuff	10549031
10549032	AddBuff	10549032
10549033	AddBuff	10549033
10549034	AddBuff	10549034
10549035	AddBuff	10549035
10549036	AddBuff	10549036
10549037	AddBuff	10549037
10549038	AddBuff	10549038
10549039	AddBuff	10549039
10549040	AddBuff	10549040
10549041	AddBuff	10549041
10549042	AddBuff	10549042
10549043	AddBuff	10549043
10549044	AddBuff	10549044
10549045	AddBuff	10549045
10549046	AddBuff	10549046
10549047	AddBuff	10549047
10549048	AddBuff	10549048
10549049	AddBuff	10549049
10549050	AddBuff	10549050
10549051	AddBuff	10549051
10549052	AddBuff	10549052
10549053	AddBuff	10549053
10549054	AddBuff	10549054
10549055	AddBuff	10549055
10549056	AddBuff	10549056
10549057	AddBuff	10549057
10549058	AddBuff	10549058
10549059	AddBuff	10549059
10549060	AddBuff	10549060
10549061	AddBuff	10549061
10549062	AddBuff	10549062
10549063	AddBuff	10549063
10549064	AddBuff	10549064
10549065	AddBuff	10549065
10549066	AddBuff	10549066
10549067	AddBuff	10549067
10549068	AddBuff	10549068
10549069	AddBuff	10549069
10549070	AddBuff	10549070
10549071	AddBuff	10549071
10549072	AddBuff	10549072
10549073	AddBuff	10549073
10549074	AddBuff	10549074
10549075	AddBuff	10549075
10549076	AddBuff	10549076
10549077	AddBuff	10549077
10549078	AddBuff	10549078
10549079	AddBuff	10549079
10549080	AddBuff	10549080
10549081	AddBuff	10549081
10549082	AddBuff	10549082
10549083	AddBuff	10549083
10549084	AddBuff	10549084
10549085	AddBuff	10549085
10549086	AddBuff	10549086
10549087	AddBuff	10549087
10549088	AddBuff	10549088
10549089	AddBuff	10549089
10549090	AddBuff	10549090
10549091	AddBuff	10549091
10549092	AddBuff	10549092
10549093	AddBuff	10549093
10549094	AddBuff	10549094
10549095	AddBuff	10549095
10549096	AddBuff	10549096
10549097	AddBuff	10549097
10549098	AddBuff	10549098
10549099	AddBuff	10549099
10549100	AddBuff	10549100
10549101	AddBuff	10549101
10549102	AddBuff	10549102
10549103	AddBuff	10549103
10549104	AddBuff	10549104
10549105	AddBuff	10549105
10549106	AddBuff	10549106
10549107	AddBuff	10549107
10549108	AddBuff	10549108
10549109	AddBuff	10549109
10549110	AddBuff	10549110
10549111	AddBuff	10549111
10549112	AddBuff	10549112
10549113	AddBuff	10549113
10549114	AddBuff	10549114
10549115	AddBuff	10549115
10549116	AddBuff	10549116
10549117	AddBuff	10549117
10549118	AddBuff	10549118
10549119	AddBuff	10549119
10549120	AddBuff	10549120
10549121	AddBuff	10549121
10549122	AddBuff	10549122
10549123	AddBuff	10549123
10549124	AddBuff	10549124
10549125	AddBuff	10549125
10549126	AddBuff	10549126
10549127	AddBuff	10549127
10549128	AddBuff	10549128
10549129	AddBuff	10549129
10549130	AddBuff	10549130
10549131	AddBuff	10549131
10549132	AddBuff	10549132
10549133	AddBuff	10549133
10549134	AddBuff	10549134
10549135	AddBuff	10549135
10549136	AddBuff	10549136
10549137	AddBuff	10549137
10549138	AddBuff	10549138
10549139	AddBuff	10549139
10549140	AddBuff	10549140
10549141	AddBuff	10549141
10549142	AddBuff	10549142
10549143	AddBuff	10549143
10549144	AddBuff	10549144
10549145	AddBuff	10549145
10549146	AddBuff	10549146
10549147	AddBuff	10549147
10549148	AddBuff	10549148
10549149	AddBuff	10549149
10549150	AddBuff	10549150
10549151	AddBuff	10549151
10549152	AddBuff	10549152
10549153	AddBuff	10549153
10549154	AddBuff	10549154
10549155	AddBuff	10549155
10549156	AddBuff	10549156
10549157	AddBuff	10549157
10549158	AddBuff	10549158
10549159	AddBuff	10549159
10549160	AddBuff	10549160
10549161	AddBuff	10549161
10549162	AddBuff	10549162
10549163	AddBuff	10549163
10549164	AddBuff	10549164
10549165	AddBuff	10549165
10549166	AddBuff	10549166
10549167	AddBuff	10549167
10549168	AddBuff	10549168
10549169	AddBuff	10549169
10549170	AddBuff	10549170
10549171	AddBuff	10549171
10549172	AddBuff	10549172
10549173	AddBuff	10549173
10549174	AddBuff	10549174
10549175	AddBuff	10549175
10549176	AddBuff	10549176
10549177	AddBuff	10549177
10549178	AddBuff	10549178
10549179	AddBuff	10549179
10549180	AddBuff	10549180
10549181	AddBuff	10549181
10549182	AddBuff	10549182
10549183	AddBuff	10549183
10549184	AddBuff	10549184
10549185	AddBuff	10549185
10549186	AddBuff	10549186
10549187	AddBuff	10549187
10549188	AddBuff	10549188
10549189	AddBuff	10549189
10549190	AddBuff	10549190
10549191	AddBuff	10549191
10549192	AddBuff	10549192
10549193	AddBuff	10549193
10549194	AddBuff	10549194
10549201	AddBuff	10549201
10549202	AddBuff	10549202
10549203	AddBuff	10549203
10549204	AddBuff	10549204
10549205	AddBuff	10549205
10549206	AddBuff	10549206
10549207	AddBuff	10549207
10549208	AddBuff	10549208
10549209	AddBuff	10549209
10549214	AddBuff	10549214
10549215	AddBuff	10549215
105501101	AddBuff	105501101
105501102	AddBuff	105501102
105501103	AddBuff	105501103
105501104	AddBuff	105501104
105501106	AddBuff	105501106
105501107	AddBuff	105501107
105501108	AddBuff	105501108
105501109	AddBuff	105501109
105501111	AddBuff	105501111
105501112	AddBuff	105501112
105501113	AddBuff	105501113
105501114	AddBuff	105501114
105501115	AddBuff	105501115
105501117	AddBuff	105501117
105501118	AddBuff	105501118
105501119	AddBuff	105501119
105501120	AddBuff	105501120
105501121	AddBuff	105501121
105501122	AddBuff	105501122
105501123	AddBuff	105501123
105501124	AddBuff	105501124
105501125	AddBuff	105501125
105501126	AddBuff	105501126
105501127	AddBuff	105501127
105501128	AddBuff	105501128
105501129	AddBuff	105501129
105501130	AddBuff	105501130
105501132	AddBuff	105501132
105501201	AddBuff	105501201
105501202	AddBuff	105501202
1960185708	HideJoint	Stage1
105501203	AddBuff	105501203
1960185808	HideJoint	Stage2
105501204	AddBuff	105501204
105501205	AddBuff	105501205
105501206	AddBuff	105501206
105501207	AddBuff	105501207
105501208	AddBuff	105501208
105501209	AddBuff	105501209
105501210	AddBuff	105501210
105501211	AddBuff	105501211
105501212	AddBuff	105501212
105501213	AddBuff	105501213
105501214	AddBuff	105501214
105501401	AddBuff	105501401
105501402	AddBuff	105501402
105501403	AddBuff	105501403
105501404	AddBuff	105501404
105501405	AddBuff	105501405
105501406	AddBuff	105501406
105501407	AddBuff	105501407
105501408	AddBuff	105501408
105501410	AddBuff	105501410
105501411	AddBuff	105501411
105501412	AddBuff	105501412
105501413	AddBuff	105501413
105501414	AddBuff	105501414
105501415	AddBuff	105501415
105501416	AddBuff	105501416
105501417	AddBuff	105501417
105501418	AddBuff	105501418
105501419	AddBuff	105501419
105501420	AddBuff	105501420
105501421	AddBuff	105501421
105501422	AddBuff	105501422
105501423	AddBuff	105501423
105501424	AddBuff	105501424
105501425	AddBuff	105501425
105501426	AddBuff	105501426
105501427	AddBuff	105501427
105501428	AddBuff	105501428
105501429	AddBuff	105501429
105501430	AddBuff	105501430
105501431	AddBuff	105501431
105501432	AddBuff	105501432
105501433	AddBuff	105501433
105501434	AddBuff	105501434
105501435	AddBuff	105501435
105501436	AddBuff	105501436
105501437	AddBuff	105501437
105501438	AddBuff	105501438
105501439	AddBuff	105501439
105501440	AddBuff	105501440
105501441	AddBuff	105501441
105501442	AddBuff	105501442
105501443	AddBuff	105501443
105501444	AddBuff	105501444
105501445	AddBuff	105501445
105501446	AddBuff	105501446
105501447	AddBuff	105501447
105501448	AddBuff	105501448
105501449	AddBuff	105501449
105501450	AddBuff	105501450
105501451	AddBuff	105501451
105501452	AddBuff	105501452
105501453	AddBuff	105501453
105501454	AddBuff	105501454
105501455	AddBuff	105501455
105501456	AddBuff	105501456
105501457	AddBuff	105501457
105501458	AddBuff	105501458
105501459	AddBuff	105501459
105501460	AddBuff	105501460
105501461	AddBuff	105501461
105501464	AddBuff	105501464
106201001	AddBuff	106201001
106201002	AddBuff	106201002
106201003	AddBuff	106201003
106201004	AddBuff	106201004
106201005	AddBuff	106201005
106201006	AddBuff	106201006
106201007	AddBuff	106201007
1025001	AddBuff	1025001
1025002	AddBuff	1025002
102500300	HideJoint	R3WeiluonikaMd010011Wing
1025003	AddBuff	1025003
102500400	HideJoint	R3WeiluonikaMd010011WingAlpha
1025004	AddBuff	1025004
1025005	AddBuff	1025005
1025006	AddBuff	1025006
1025007	AddBuff	1025007
1025008	AddBuff	1025008
1025009	AddBuff	1025009
1025010	AddBuff	1025010
1025011	AddBuff	1025011
1025012	AddBuff	1025012
1025013	AddBuff	1025013
1025014	AddBuff	1025014
1025015	AddBuff	1025015
1025016	AddBuff	1025016
1025017	AddBuff	1025017
1025018	AddBuff	1025018
1025019	AddBuff	1025019
1025101	AddBuff	1025101
1025102	AddBuff	1025102
1025103	AddBuff	1025103
1025104	AddBuff	1025104
1025105	AddBuff	1025105
1025106	AddBuff	1025106
1025107	AddBuff	1025107
1025108	AddBuff	1025108
1025109	AddBuff	1025109
1025110	AddBuff	1025110
1025111	AddBuff	1025111
1025112	AddBuff	1025112
1025194	AddBuff	1025194
1025195	AddBuff	1025195
1025196	AddBuff	1025196
1025197	AddBuff	1025197
1025198	AddBuff	1025198
1025199	AddBuff	1025199
1025201	AddBuff	1025201
1025202	AddBuff	1025202
1025203	AddBuff	1025203
1025204	AddBuff	1025204
1025205	AddBuff	1025205
1025206	AddBuff	1025206
1025207	AddBuff	1025207
1025208	AddBuff	1025208
1025209	AddBuff	1025209
1025210	AddBuff	1025210
1025211	AddBuff	1025211
1025212	AddBuff	1025212
1025213	AddBuff	1025213
1025214	AddBuff	1025214
1025215	AddBuff	1025215
1025216	AddBuff	1025216
1025217	AddBuff	1025217
1025218	AddBuff	1025218
1025219	AddBuff	1025219
1025220	AddBuff	1025220
1025221	AddBuff	1025221
1025222	AddBuff	1025222
1025223	AddBuff	1025223
1025224	AddBuff	1025224
1025225	AddBuff	1025225
1025226	AddBuff	1025226
1025227	AddBuff	1025227
1025228	AddBuff	1025228
1025229	AddBuff	1025229
1025230	AddBuff	1025230
1025301	AddBuff	1025301
1025302	AddBuff	1025302
1025303	AddBuff	1025303
1025304	AddBuff	1025304
1025305	AddBuff	1025305
1025306	AddBuff	1025306
1025307	AddBuff	1025307
1025308	AddBuff	1025308
1025309	AddBuff	1025309
1025310	AddBuff	1025310
1025311	AddBuff	1025311
1025312	AddBuff	1025312
1025313	AddBuff	1025313
1025314	AddBuff	1025314
1025315	AddBuff	1025315
1025316	AddBuff	1025316
1025401	AddBuff	1025401
1025402	AddBuff	1025402
1025403	AddBuff	1025403
1025404	AddBuff	1025404
1025405	AddBuff	1025405
1025406	AddBuff	1025406
1025407	AddBuff	1025407
1025408	AddBuff	1025408
1025409	AddBuff	1025409
1025410	AddBuff	1025410
1025411	AddBuff	1025411
1025412	AddBuff	1025412
1025413	AddBuff	1025413
1025414	AddBuff	1025414
1025415	AddBuff	1025415
1025416	AddBuff	1025416
1025501	AddBuff	1025501
1025502	AddBuff	1025502
1025503	AddBuff	1025503
1025504	AddBuff	1025504
1025505	AddBuff	1025505
1025506	AddBuff	1025506
1025507	AddBuff	1025507
1025508	AddBuff	1025508
1025509	AddBuff	1025509
1025510	AddBuff	1025510
1025511	AddBuff	1025511
1025512	AddBuff	1025512
1025513	AddBuff	1025513
1025514	AddBuff	1025514
1025515	AddBuff	1025515
1025516	AddBuff	1025516
1025601	AddBuff	1025601
1025602	AddBuff	1025602
1025603	AddBuff	1025603
1025604	AddBuff	1025604
1025605	AddBuff	1025605
1025606	AddBuff	1025606
1025607	AddBuff	1025607
1025608	AddBuff	1025608
1025609	AddBuff	1025609
1025610	AddBuff	1025610
1025611	AddBuff	1025611
1025612	AddBuff	1025612
1025613	AddBuff	1025613
1025614	AddBuff	1025614
1025615	AddBuff	1025615
1025616	AddBuff	1025616
1025800	AddBuff	1025800
1025801	AddBuff	1025801
1025802	AddBuff	1025802
1025803	AddBuff	1025803
1025804	AddBuff	1025804
1025805	AddBuff	1025805
1025806	AddBuff	1025806
1025807	AddBuff	1025807
1025808	AddBuff	1025808
1025809	AddBuff	1025809
1025810	AddBuff	1025810
1025811	AddBuff	1025811
1025812	AddBuff	1025812
1025813	AddBuff	1025813
1025814	AddBuff	1025814
1025815	AddBuff	1025815
1025816	AddBuff	1025816
1025817	AddBuff	1025817
1025818	AddBuff	1025818
1025819	AddBuff	1025819
1025820	AddBuff	1025820
1025821	AddBuff	1025821
1025822	AddBuff	1025822
1025823	AddBuff	1025823
1025824	AddBuff	1025824
1025901	AddBuff	1025901
1025902	AddBuff	1025902
1025903	AddBuff	1025903
1025904	AddBuff	1025904
1025905	AddBuff	1025905
1025906	AddBuff	1025906
1025907	AddBuff	1025907
1025908	AddBuff	1025908
1025909	AddBuff	1025909
1025910	AddBuff	1025910
1025911	AddBuff	1025911
1025912	AddBuff	1025912
1025913	AddBuff	1025913
1025916	AddBuff	1025916
1025917	AddBuff	1025917
1025918	AddBuff	1025918
1025919	AddBuff	1025919
10251010	AddBuff	10251010
10251020	AddBuff	10251020
10251030	AddBuff	10251030
10251040	AddBuff	10251040
10251050	AddBuff	10251050
10251060	AddBuff	10251060
10251070	AddBuff	10251070
10251080	AddBuff	10251080
10251090	AddBuff	10251090
10251100	AddBuff	10251100
10251110	AddBuff	10251110
10251120	AddBuff	10251120
10252010	AddBuff	10252010
10252020	AddBuff	10252020
10252030	AddBuff	10252030
10252040	AddBuff	10252040
10252050	AddBuff	10252050
10252060	AddBuff	10252060
10252150	AddBuff	10252150
10252160	AddBuff	10252160
10253010	AddBuff	10253010
10253020	AddBuff	10253020
10253030	AddBuff	10253030
10254010	AddBuff	10254010
10254020	AddBuff	10254020
10254030	AddBuff	10254030
10251603	AddBuff	10251603
10251605	AddBuff	10251605
10251606	AddBuff	10251606
10251608	AddBuff	10251608
10251611	AddBuff	10251611
10251612	AddBuff	10251612
10251613	AddBuff	10251613
10255010	AddBuff	10255010
10255020	AddBuff	10255020
10255030	AddBuff	10255030
10255040	AddBuff	10255040
10255050	AddBuff	10255050
10255060	AddBuff	10255060
10255070	AddBuff	10255070
10255071	AddBuff	10255071
10255080	AddBuff	10255080
10255090	AddBuff	10255090
10255091	AddBuff	10255091
10255100	AddBuff	10255100
10255110	AddBuff	10255110
10255120	AddBuff	10255120
10250101	AddBuff	10250101
10250102	AddBuff	10250102
10250103	AddBuff	10250103
10250104	AddBuff	10250104
10250105	AddBuff	10250105
10250106	AddBuff	10250106
10250107	AddBuff	10250107
10250108	AddBuff	10250108
10250109	AddBuff	10250109
10250110	AddBuff	10250110
10250201	AddBuff	10250201
10250202	AddBuff	10250202
10250203	AddBuff	10250203
10250204	AddBuff	10250204
10250206	AddBuff	10250206
10250207	AddBuff	10250207
10250208	AddBuff	10250208
10250209	AddBuff	10250209
10250210	AddBuff	10250210
10250301	AddBuff	10250301
10250302	AddBuff	10250302
10250303	AddBuff	10250303
10250304	AddBuff	10250304
10250305	AddBuff	10250305
10251101	AddBuff	10251101
10251104	AddBuff	10251104
10251202	AddBuff	10251202
10251203	AddBuff	10251203
10251204	AddBuff	10251204
10251205	AddBuff	10251205
10251206	AddBuff	10251206
10251301	AddBuff	10251301
10251302	AddBuff	10251302
10251404	AddBuff	10251404
10251405	AddBuff	10251405
10251406	AddBuff	10251406
10251407	AddBuff	10251407
10251408	AddBuff	10251408
10251409	AddBuff	10251409
10251410	AddBuff	10251410
10251411	AddBuff	10251411
10251412	AddBuff	10251412
10251600	AddBuff	10251600
10251601	AddBuff	10251601
10252101	AddBuff	10252101
10252102	AddBuff	10252102
10252103	AddBuff	10252103
10252104	AddBuff	10252104
10252105	AddBuff	10252105
10252201	AddBuff	10252201
10252202	AddBuff	10252202
10252203	AddBuff	10252203
10252204	AddBuff	10252204
10252205	AddBuff	10252205
10252206	AddBuff	10252206
10252207	AddBuff	10252207
10252210	AddBuff	10252210
10252401	AddBuff	10252401
10252402	AddBuff	10252402
10252403	AddBuff	10252403
10252404	AddBuff	10252404
10252405	AddBuff	10252405
10252501	AddBuff	10252501
10252602	AddBuff	10252602
10252603	AddBuff	10252603
10252604	AddBuff	10252604
10252606	AddBuff	10252606
10253102	AddBuff	10253102
10253103	AddBuff	10253103
10253105	AddBuff	10253105
10253106	AddBuff	10253106
10253107	AddBuff	10253107
10253301	AddBuff	10253301
10254103	AddBuff	10254103
10254301	AddBuff	10254301
10261010	AddBuff	10261010
10261020	AddBuff	10261020
10261030	AddBuff	10261030
10261040	AddBuff	10261040
10261050	AddBuff	10261050
10261060	AddBuff	10261060
10261070	AddBuff	10261070
10261080	AddBuff	10261080
10261090	AddBuff	10261090
10261100	AddBuff	10261100
10261110	AddBuff	10261110
10261120	AddBuff	10261120
10262010	AddBuff	10262010
10262020	AddBuff	10262020
10262030	AddBuff	10262030
10262040	AddBuff	10262040
10262050	AddBuff	10262050
10262060	AddBuff	10262060
10262070	AddBuff	10262070
10262080	AddBuff	10262080
10262090	AddBuff	10262090
10262100	AddBuff	10262100
10262110	AddBuff	10262110
10262120	AddBuff	10262120
10262130	AddBuff	10262130
10263010	AddBuff	10263010
10263020	AddBuff	10263020
10263030	AddBuff	10263030
10264010	AddBuff	10264010
10264020	AddBuff	10264020
10264030	AddBuff	10264030
1026101	AddBuff	1026101
1026102	AddBuff	1026102
10265010	AddBuff	10265010
10265020	AddBuff	10265020
10265030	AddBuff	10265030
10265040	AddBuff	10265040
10265050	AddBuff	10265050
10265060	AddBuff	10265060
10265070	AddBuff	10265070
10265080	AddBuff	10265080
10265090	AddBuff	10265090
10265100	AddBuff	10265100
10265110	AddBuff	10265110
1026001	AddBuff	1026001
1026002	AddBuff	1026002
1026003	AddBuff	1026003
1026004	AddBuff	1026004
1026005	AddBuff	1026005
1026006	AddBuff	1026006
1026007	AddBuff	1026007
1026008	AddBuff	1026008
1026009	AddBuff	1026009
1026010	AddBuff	1026010
1026011	AddBuff	1026011
1026012	AddBuff	1026012
1026013	AddBuff	1026013
1026014	AddBuff	1026014
1026015	AddBuff	1026015
1026016	AddBuff	1026016
10260101	AddBuff	10260101
10260102	AddBuff	10260102
10260103	AddBuff	10260103
10260104	AddBuff	10260104
10260105	AddBuff	10260105
10260106	AddBuff	10260106
10262101	AddBuff	10262101
10262102	AddBuff	10262102
10262108	AddBuff	10262108
10262109	AddBuff	10262109
102621010	AddBuff	102621010
102621011	AddBuff	102621011
102621012	AddBuff	102621012
102621013	AddBuff	102621013
102621014	AddBuff	102621014
102621015	AddBuff	102621015
102621016	AddBuff	102621016
102621017	AddBuff	102621017
102621018	AddBuff	102621018
10262202	AddBuff	10262202
10262205	AddBuff	10262205
10262206	AddBuff	10262206
10262208	AddBuff	10262208
10262209	AddBuff	10262209
10262211	AddBuff	10262211
10262213	AddBuff	10262213
10262214	AddBuff	10262214
10262215	AddBuff	10262215
10262216	AddBuff	10262216
10262217	AddBuff	10262217
10262218	AddBuff	10262218
10262502	AddBuff	10262502
10262503	AddBuff	10262503
10262504	AddBuff	10262504
10262505	AddBuff	10262505
10262506	AddBuff	10262506
10262507	AddBuff	10262507
10262511	AddBuff	10262511
10262513	AddBuff	10262513
10262514	AddBuff	10262514
10262515	AddBuff	10262515
10262601	AddBuff	10262601
10262602	AddBuff	10262602
10262603	AddBuff	10262603
10262607	AddBuff	10262607
10262008	AddBuff	10262008
10262009	AddBuff	10262009
102620011	AddBuff	102620011
102620012	AddBuff	102620012
102620013	AddBuff	102620013
102620014	AddBuff	102620014
102620015	AddBuff	102620015
102620016	AddBuff	102620016
102620017	AddBuff	102620017
102620018	AddBuff	102620018
102620019	AddBuff	102620019
102620021	AddBuff	102620021
102620022	AddBuff	102620022
102620023	AddBuff	102620023
102620024	AddBuff	102620024
102620025	AddBuff	102620025
10263901	AddBuff	10263901
10263902	AddBuff	10263902
10263903	AddBuff	10263903
10263905	AddBuff	10263905
10263906	AddBuff	10263906
10263908	AddBuff	10263908
10263917	AddBuff	10263917
10263918	AddBuff	10263918
10263919	AddBuff	10263919
10263920	AddBuff	10263920
1027001	AddBuff	1027001
1027002	AddBuff	1027002
10271103	AddBuff	10271103
10271153	AddBuff	10271153
10275101	AddBuff	10275101
10275107	AddBuff	10275107
10275108	AddBuff	10275108
10275109	AddBuff	10275109
10275111	AddBuff	10275111
10275112	AddBuff	10275112
10275113	AddBuff	10275113
10275114	AddBuff	10275114
10275115	AddBuff	10275115
10275116	AddBuff	10275116
10275117	AddBuff	10275117
10275118	AddBuff	10275118
10275119	AddBuff	10275119
10275120	AddBuff	10275120
10275121	AddBuff	10275121
10275122	AddBuff	10275122
10275123	AddBuff	10275123
10275124	AddBuff	10275124
10275125	AddBuff	10275125
10275126	AddBuff	10275126
10275127	AddBuff	10275127
10275128	AddBuff	10275128
10275129	AddBuff	10275129
10275130	AddBuff	10275130
10275131	AddBuff	10275131
10275132	AddBuff	10275132
10275133	AddBuff	10275133
10275134	AddBuff	10275134
10275135	AddBuff	10275135
10275136	AddBuff	10275136
10275137	AddBuff	10275137
10275138	AddBuff	10275138
10275102	AddBuff	10275102
10275103	AddBuff	10275103
10275104	AddBuff	10275104
10275105	AddBuff	10275105
10277101	AddBuff	10277101
10277102	AddBuff	10277102
10277103	AddBuff	10277103
10277104	AddBuff	10277104
10277105	AddBuff	10277105
10277106	AddBuff	10277106
10277107	AddBuff	10277107
10277108	AddBuff	10277108
10277109	AddBuff	10277109
10277110	AddBuff	10277110
10277111	AddBuff	10277111
10277112	AddBuff	10277112
1027101	AddBuff	1027101
1027102	AddBuff	1027102
1027107	AddBuff	1027107
1027109	AddBuff	1027109
1027208	AddBuff	1027208
1027210	AddBuff	1027210
1027301	AddBuff	1027301
1027401	AddBuff	1027401
1027501	AddBuff	1027501
1027504	AddBuff	1027504
1027505	AddBuff	1027505
1027513	AddBuff	1027513
10273011	AddBuff	10273011
10273012	AddBuff	10273012
10271010	AddBuff	10271010
10271020	AddBuff	10271020
10271030	AddBuff	10271030
10271040	AddBuff	10271040
10271050	AddBuff	10271050
10271060	AddBuff	10271060
10271070	AddBuff	10271070
10271080	AddBuff	10271080
10271090	AddBuff	10271090
10271100	AddBuff	10271100
10271099	AddBuff	10271099
10271098	AddBuff	10271098
10272010	AddBuff	10272010
10272020	AddBuff	10272020
10272030	AddBuff	10272030
10272040	AddBuff	10272040
10272050	AddBuff	10272050
10272060	AddBuff	10272060
10272070	AddBuff	10272070
10272080	AddBuff	10272080
10272090	AddBuff	10272090
10272100	AddBuff	10272100
10272110	AddBuff	10272110
10272120	AddBuff	10272120
10272130	AddBuff	10272130
10273010	AddBuff	10273010
10273020	AddBuff	10273020
10273030	AddBuff	10273030
10274010	AddBuff	10274010
10274020	AddBuff	10274020
10274030	AddBuff	10274030
10275010	AddBuff	10275010
10275020	AddBuff	10275020
10275030	AddBuff	10275030
10275040	AddBuff	10275040
10275050	AddBuff	10275050
10275060	AddBuff	10275060
10275070	AddBuff	10275070
10275080	AddBuff	10275080
10275090	AddBuff	10275090
10275100	AddBuff	10275100
10275099	AddBuff	10275099
10280101	AddBuff	10280101
10280102	AddBuff	10280102
10280103	AddBuff	10280103
10280104	AddBuff	10280104
10280105	AddBuff	10280105
10280106	AddBuff	10280106
10280107	AddBuff	10280107
10280108	AddBuff	10280108
10280109	AddBuff	10280109
10280110	AddBuff	10280110
10280201	AddBuff	10280201
10280202	AddBuff	10280202
10280203	AddBuff	10280203
10280204	AddBuff	10280204
10280206	AddBuff	10280206
10280207	AddBuff	10280207
10280208	AddBuff	10280208
10280209	AddBuff	10280209
10280210	AddBuff	10280210
10280301	AddBuff	10280301
10280302	AddBuff	10280302
10280303	AddBuff	10280303
10280304	AddBuff	10280304
10280305	AddBuff	10280305
10280401	AddBuff	10280401
10280402	AddBuff	10280402
10280403	AddBuff	10280403
10280404	AddBuff	10280404
10280405	AddBuff	10280405
10280407	AddBuff	10280407
10280408	AddBuff	10280408
10283101	AddBuff	10283101
10283102	AddBuff	10283102
10283104	AddBuff	10283104
10284207	AddBuff	10284207
10284208	AddBuff	10284208
10284209	AddBuff	10284209
10284210	AddBuff	10284210
10284211	AddBuff	10284211
10284212	AddBuff	10284212
10284213	AddBuff	10284213
10284214	AddBuff	10284214
10284215	AddBuff	10284215
10284216	AddBuff	10284216
10284217	AddBuff	10284217
10281101	AddBuff	10281101
10281103	AddBuff	10281103
10281203	AddBuff	10281203
10281303	AddBuff	10281303
10281401	AddBuff	10281401
10281402	AddBuff	10281402
10281404	AddBuff	10281404
10281409	AddBuff	10281409
10282103	AddBuff	10282103
10282202	AddBuff	10282202
10282302	AddBuff	10282302
10282304	AddBuff	10282304
10282401	AddBuff	10282401
10282404	AddBuff	10282404
10282501	AddBuff	10282501
10282502	AddBuff	10282502
10282503	AddBuff	10282503
10282505	AddBuff	10282505
10282506	AddBuff	10282506
10282601	AddBuff	10282601
10282603	AddBuff	10282603
10282701	AddBuff	10282701
10282703	AddBuff	10282703
10282705	AddBuff	10282705
10283201	AddBuff	10283201
10283202	AddBuff	10283202
10283301	AddBuff	10283301
10283302	AddBuff	10283302
10283303	AddBuff	10283303
10283304	AddBuff	10283304
10283305	AddBuff	10283305
10283306	AddBuff	10283306
10283402	AddBuff	10283402
10283403	AddBuff	10283403
10283404	AddBuff	10283404
10283407	AddBuff	10283407
10283408	AddBuff	10283408
10283409	AddBuff	10283409
10283412	AddBuff	10283412
10283413	AddBuff	10283413
10283415	AddBuff	10283415
10283417	AddBuff	10283417
10283418	AddBuff	10283418
10284101	AddBuff	10284101
10284102	AddBuff	10284102
10284103	AddBuff	10284103
10284104	AddBuff	10284104
10284105	AddBuff	10284105
10284106	AddBuff	10284106
10284108	AddBuff	10284108
10284110	AddBuff	10284110
10284111	AddBuff	10284111
10284201	AddBuff	10284201
10284202	AddBuff	10284202
10284205	AddBuff	10284205
10281010	AddBuff	10281010
10281020	AddBuff	10281020
10281030	AddBuff	10281030
10281040	AddBuff	10281040
10281050	AddBuff	10281050
10281060	AddBuff	10281060
10281070	AddBuff	10281070
10281080	AddBuff	10281080
10281090	AddBuff	10281090
10281100	AddBuff	10281100
10281110	AddBuff	10281110
10281120	AddBuff	10281120
10282010	AddBuff	10282010
10282020	AddBuff	10282020
10282030	AddBuff	10282030
10282040	AddBuff	10282040
10282050	AddBuff	10282050
10282060	AddBuff	10282060
10282070	AddBuff	10282070
10282080	AddBuff	10282080
10282090	AddBuff	10282090
10282100	AddBuff	10282100
10282110	AddBuff	10282110
10282120	AddBuff	10282120
10282130	AddBuff	10282130
10283010	AddBuff	10283010
10283020	AddBuff	10283020
10283030	AddBuff	10283030
10284010	AddBuff	10284010
10284020	AddBuff	10284020
10284030	AddBuff	10284030
10285010	AddBuff	10285010
10285020	AddBuff	10285020
10285030	AddBuff	10285030
10285040	AddBuff	10285040
10285050	AddBuff	10285050
10285060	AddBuff	10285060
10285070	AddBuff	10285070
10285071	AddBuff	10285071
10285080	AddBuff	10285080
10285090	AddBuff	10285090
10285091	AddBuff	10285091
10285100	AddBuff	10285100
10285110	AddBuff	10285110
10285120	AddBuff	10285120
10285130	AddBuff	10285130
10285140	AddBuff	10285140
10285150	AddBuff	10285150
1028101	AddBuff	1028101
1028102	AddBuff	1028102
1028103	AddBuff	1028103
1028104	AddBuff	1028104
1028105	AddBuff	1028105
1028106	AddBuff	1028106
200007	AddBuff	200007
200008	AddBuff	200008
200009	AddBuff	200009
200010	AddBuff	200010
20001100	HideJoint	ModelCase
200011	AddBuff	200011
200012	AddBuff	200012
200013	AddBuff	200013
200015	AddBuff	200015
200016	AddBuff	200016
715678	AddBuff	715678
800094	AddBuff	800094
5000001	AddBuff	5000001
5000002	AddBuff	5000002
5000003	AddBuff	5000003
5000004	AddBuff	5000004
5000005	AddBuff	5000005
5000006	AddBuff	5000006
5000007	AddBuff	5000007
5000008	AddBuff	5000008
5010000	AddBuff	5010000
599013	AddBuff	599013
5990130	AddBuff	5990130
5990131	AddBuff	5990131
5990140	AddBuff	5990140
5990141	AddBuff	5990141
200001	AddBuff	200001
200002	AddBuff	200002
200003	AddBuff	200003
200004	AddBuff	200004
200005	AddBuff	200005
200006	AddBuff	200006
200017	AddBuff	200017
200018	AddBuff	200018
200019	AddBuff	200019
200023	AddBuff	200023
200024	AddBuff	200024
200025	AddBuff	200025
200026	AddBuff	200026
200037	AddBuff	200037
200038	AddBuff	200038
200039	AddBuff	200039
200040	AddBuff	200040
200041	AddBuff	200041
1015000	AddBuff	1015000
1015001	AddBuff	1015001
1015002	AddBuff	1015002
1015003	AddBuff	1015003
1015004	AddBuff	1015004
1015005	AddBuff	1015005
1015006	AddBuff	1015006
1015007	AddBuff	1015007
1015008	AddBuff	1015008
1015009	AddBuff	1015009
1015010	AddBuff	1015010
1015011	AddBuff	1015011
1015012	AddBuff	1015012
1015013	AddBuff	1015013
1015014	AddBuff	1015014
1015015	AddBuff	1015015
1015016	AddBuff	1015016
1015017	AddBuff	1015017
1015018	AddBuff	1015018
1015019	AddBuff	1015019
1015020	AddBuff	1015020
1015021	AddBuff	1015021
1015022	AddBuff	1015022
1015023	AddBuff	1015023
1015024	AddBuff	1015024
1015025	AddBuff	1015025
1015026	AddBuff	1015026
1015027	AddBuff	1015027
1015028	AddBuff	1015028
1015029	AddBuff	1015029
1015030	AddBuff	1015030
1015031	AddBuff	1015031
1015036	AddBuff	1015036
1015037	AddBuff	1015037
1015038	AddBuff	1015038
1015039	AddBuff	1015039
1015040	AddBuff	1015040
1015041	AddBuff	1015041
1015042	AddBuff	1015042
1015043	AddBuff	1015043
1015044	AddBuff	1015044
1015045	AddBuff	1015045
1015046	AddBuff	1015046
1015047	AddBuff	1015047
1015048	AddBuff	1015048
1015049	AddBuff	1015049
1015050	AddBuff	1015050
1015051	AddBuff	1015051
1015052	AddBuff	1015052
1015053	AddBuff	1015053
1015054	AddBuff	1015054
1015055	AddBuff	1015055
1015056	AddBuff	1015056
1015057	AddBuff	1015057
1015058	AddBuff	1015058
1015059	AddBuff	1015059
1015060	AddBuff	1015060
1015061	AddBuff	1015061
1015062	AddBuff	1015062
1015063	AddBuff	1015063
1015100	AddBuff	1015100
1015101	AddBuff	1015101
1015102	AddBuff	1015102
1015103	AddBuff	1015103
1015104	AddBuff	1015104
1015105	AddBuff	1015105
1015106	AddBuff	1015106
1015107	AddBuff	1015107
1015108	AddBuff	1015108
1015109	AddBuff	1015109
1015110	AddBuff	1015110
1015111	AddBuff	1015111
1015112	AddBuff	1015112
1015113	AddBuff	1015113
1015114	AddBuff	1015114
1015115	AddBuff	1015115
1015116	AddBuff	1015116
1015118	AddBuff	1015118
1015119	AddBuff	1015119
1015120	AddBuff	1015120
1015121	AddBuff	1015121
1015122	AddBuff	1015122
1015123	AddBuff	1015123
1015124	AddBuff	1015124
1015128	AddBuff	1015128
1015129	AddBuff	1015129
1015130	AddBuff	1015130
1015131	AddBuff	1015131
1015132	AddBuff	1015132
1015133	AddBuff	1015133
1015136	AddBuff	1015136
1015137	AddBuff	1015137
1015138	AddBuff	1015138
1015139	AddBuff	1015139
1015140	AddBuff	1015140
1015141	AddBuff	1015141
1015142	AddBuff	1015142
1015143	AddBuff	1015143
1015144	AddBuff	1015144
1015145	AddBuff	1015145
1015146	AddBuff	1015146
1015147	AddBuff	1015147
1015148	AddBuff	1015148
1015149	AddBuff	1015149
1015150	AddBuff	1015150
1015151	AddBuff	1015151
1015152	AddBuff	1015152
1015153	AddBuff	1015153
1015154	AddBuff	1015154
1015155	AddBuff	1015155
1015156	AddBuff	1015156
1015157	AddBuff	1015157
1015158	AddBuff	1015158
1015159	AddBuff	1015159
1015160	AddBuff	1015160
1015161	AddBuff	1015161
1015162	AddBuff	1015162
1015163	AddBuff	1015163
1015164	AddBuff	1015164
1015165	AddBuff	1015165
1015200	AddBuff	1015200
1015201	AddBuff	1015201
1015202	AddBuff	1015202
1015203	AddBuff	1015203
1015204	AddBuff	1015204
1015205	AddBuff	1015205
1015206	AddBuff	1015206
1015207	AddBuff	1015207
1015208	AddBuff	1015208
1015209	AddBuff	1015209
1015210	AddBuff	1015210
1015211	AddBuff	1015211
1015212	AddBuff	1015212
1015213	AddBuff	1015213
1015214	AddBuff	1015214
1015216	AddBuff	1015216
1015217	AddBuff	1015217
1015218	AddBuff	1015218
1015219	AddBuff	1015219
1015220	AddBuff	1015220
1015221	AddBuff	1015221
1015222	AddBuff	1015222
1015223	AddBuff	1015223
1015224	AddBuff	1015224
1015225	AddBuff	1015225
1015226	AddBuff	1015226
1015227	AddBuff	1015227
1015228	AddBuff	1015228
1015229	AddBuff	1015229
1015230	AddBuff	1015230
1015231	AddBuff	1015231
1015238	AddBuff	1015238
1015239	AddBuff	1015239
1015240	AddBuff	1015240
1015241	AddBuff	1015241
1015242	AddBuff	1015242
1015243	AddBuff	1015243
1015244	AddBuff	1015244
1015245	AddBuff	1015245
1015246	AddBuff	1015246
1015247	AddBuff	1015247
1015248	AddBuff	1015248
1015249	AddBuff	1015249
1015250	AddBuff	1015250
1015251	AddBuff	1015251
1015252	AddBuff	1015252
1015253	AddBuff	1015253
1015254	AddBuff	1015254
1015255	AddBuff	1015255
1015256	AddBuff	1015256
1015257	AddBuff	1015257
1015258	AddBuff	1015258
1015259	AddBuff	1015259
1015260	AddBuff	1015260
1015261	AddBuff	1015261
1015262	AddBuff	1015262
1015263	AddBuff	1015263
1015264	AddBuff	1015264
1015265	AddBuff	1015265
1015266	AddBuff	1015266
1015267	AddBuff	1015267
1015268	AddBuff	1015268
1015269	AddBuff	1015269
1015270	AddBuff	1015270
1015271	AddBuff	1015271
1015272	AddBuff	1015272
1015300	AddBuff	1015300
1015301	AddBuff	1015301
1015302	AddBuff	1015302
1015303	AddBuff	1015303
1015304	AddBuff	1015304
1015305	AddBuff	1015305
1015306	AddBuff	1015306
1015308	AddBuff	1015308
1015309	AddBuff	1015309
1015310	AddBuff	1015310
1015311	AddBuff	1015311
1015312	AddBuff	1015312
1015313	AddBuff	1015313
1015314	AddBuff	1015314
1015315	AddBuff	1015315
1015316	AddBuff	1015316
1015317	AddBuff	1015317
1015318	AddBuff	1015318
1015319	AddBuff	1015319
1015320	AddBuff	1015320
1015321	AddBuff	1015321
1015322	AddBuff	1015322
1015323	AddBuff	1015323
1015324	AddBuff	1015324
1015325	AddBuff	1015325
1015326	AddBuff	1015326
1015327	AddBuff	1015327
1015328	AddBuff	1015328
1015329	AddBuff	1015329
1015330	AddBuff	1015330
1015331	AddBuff	1015331
1015332	AddBuff	1015332
1015333	AddBuff	1015333
1015334	AddBuff	1015334
1015335	AddBuff	1015335
1015336	AddBuff	1015336
1015337	AddBuff	1015337
1015338	AddBuff	1015338
1015339	AddBuff	1015339
1015340	AddBuff	1015340
1015341	AddBuff	1015341
1015343	AddBuff	1015343
1015344	AddBuff	1015344
1015345	AddBuff	1015345
1015346	AddBuff	1015346
1015347	AddBuff	1015347
1015348	AddBuff	1015348
1015349	AddBuff	1015349
1015350	AddBuff	1015350
1015351	AddBuff	1015351
1015352	AddBuff	1015352
1015353	AddBuff	1015353
1015354	AddBuff	1015354
1015355	AddBuff	1015355
1015356	AddBuff	1015356
1015357	AddBuff	1015357
1015358	AddBuff	1015358
1015359	AddBuff	1015359
1015360	AddBuff	1015360
1015361	AddBuff	1015361
1015362	AddBuff	1015362
1015363	AddBuff	1015363
1015364	AddBuff	1015364
1015365	AddBuff	1015365
1015366	AddBuff	1015366
1015367	AddBuff	1015367
1015368	AddBuff	1015368
1015369	AddBuff	1015369
1015370	AddBuff	1015370
1015371	AddBuff	1015371
1015372	AddBuff	1015372
1015373	AddBuff	1015373
1015374	AddBuff	1015374
1015375	AddBuff	1015375
1015376	AddBuff	1015376
1015400	AddBuff	1015400
1015401	AddBuff	1015401
1015402	AddBuff	1015402
1015403	AddBuff	1015403
1015404	AddBuff	1015404
1015405	AddBuff	1015405
1015406	AddBuff	1015406
1015407	AddBuff	1015407
1015408	AddBuff	1015408
1015410	AddBuff	1015410
1015411	AddBuff	1015411
1015412	AddBuff	1015412
1015413	AddBuff	1015413
1015414	AddBuff	1015414
1015415	AddBuff	1015415
1015416	AddBuff	1015416
1015417	AddBuff	1015417
1015418	AddBuff	1015418
1015419	AddBuff	1015419
1015420	AddBuff	1015420
1015421	AddBuff	1015421
1015422	AddBuff	1015422
1015423	AddBuff	1015423
1015426	AddBuff	1015426
1015427	AddBuff	1015427
1015428	AddBuff	1015428
1015429	AddBuff	1015429
1015432	AddBuff	1015432
1015433	AddBuff	1015433
1015434	AddBuff	1015434
1015435	AddBuff	1015435
1015436	AddBuff	1015436
1015437	AddBuff	1015437
1015438	AddBuff	1015438
1015439	AddBuff	1015439
1015440	AddBuff	1015440
1015441	AddBuff	1015441
1015442	AddBuff	1015442
1015443	AddBuff	1015443
1015444	AddBuff	1015444
1015445	AddBuff	1015445
1015446	AddBuff	1015446
1015447	AddBuff	1015447
1015448	AddBuff	1015448
1015449	AddBuff	1015449
1015450	AddBuff	1015450
1015451	AddBuff	1015451
1015452	AddBuff	1015452
1015453	AddBuff	1015453
1015454	AddBuff	1015454
1015455	AddBuff	1015455
1015456	AddBuff	1015456
1015457	AddBuff	1015457
1015458	AddBuff	1015458
1015459	AddBuff	1015459
1015500	AddBuff	1015500
1015501	AddBuff	1015501
1015502	AddBuff	1015502
1015503	AddBuff	1015503
1015504	AddBuff	1015504
1015505	AddBuff	1015505
1015506	AddBuff	1015506
1015507	AddBuff	1015507
1015508	AddBuff	1015508
1015509	AddBuff	1015509
1015510	AddBuff	1015510
1015511	AddBuff	1015511
1015512	AddBuff	1015512
1015513	AddBuff	1015513
1015514	AddBuff	1015514
1015515	AddBuff	1015515
1015516	AddBuff	1015516
1015517	AddBuff	1015517
1015518	AddBuff	1015518
1015519	AddBuff	1015519
1015520	AddBuff	1015520
1015521	AddBuff	1015521
1015522	AddBuff	1015522
1015523	AddBuff	1015523
1015524	AddBuff	1015524
1015525	AddBuff	1015525
1015526	AddBuff	1015526
1015527	AddBuff	1015527
1015528	AddBuff	1015528
1015529	AddBuff	1015529
1015530	AddBuff	1015530
1015531	AddBuff	1015531
1015532	AddBuff	1015532
1015533	AddBuff	1015533
1015534	AddBuff	1015534
1015535	AddBuff	1015535
1015536	AddBuff	1015536
1015537	AddBuff	1015537
1015538	AddBuff	1015538
1015539	AddBuff	1015539
1015540	AddBuff	1015540
1015542	AddBuff	1015542
1015543	AddBuff	1015543
1015544	AddBuff	1015544
1015546	AddBuff	1015546
1015550	AddBuff	1015550
1015551	AddBuff	1015551
1015552	AddBuff	1015552
1015553	AddBuff	1015553
1015554	AddBuff	1015554
1015555	AddBuff	1015555
1015556	AddBuff	1015556
1015557	AddBuff	1015557
1015558	AddBuff	1015558
1015559	AddBuff	1015559
1015560	AddBuff	1015560
1015561	AddBuff	1015561
1015562	AddBuff	1015562
1015563	AddBuff	1015563
1015564	AddBuff	1015564
1015565	AddBuff	1015565
1015566	AddBuff	1015566
1015567	AddBuff	1015567
1015568	AddBuff	1015568
1015569	AddBuff	1015569
1015570	AddBuff	1015570
1015571	AddBuff	1015571
1015572	AddBuff	1015572
1015573	AddBuff	1015573
1015574	AddBuff	1015574
1015575	AddBuff	1015575
1015576	AddBuff	1015576
1015577	AddBuff	1015577
1015578	AddBuff	1015578
1015579	AddBuff	1015579
1015580	AddBuff	1015580
1015581	AddBuff	1015581
1015582	AddBuff	1015582
1015583	AddBuff	1015583
1015584	AddBuff	1015584
1015585	AddBuff	1015585
1015586	AddBuff	1015586
1015587	AddBuff	1015587
1015588	AddBuff	1015588
1015589	AddBuff	1015589
1015590	AddBuff	1015590
1015591	AddBuff	1015591
1015592	AddBuff	1015592
1015594	AddBuff	1015594
1015595	AddBuff	1015595
1015600	AddBuff	1015600
1015601	AddBuff	1015601
1015602	AddBuff	1015602
1015603	AddBuff	1015603
1015604	AddBuff	1015604
1015605	AddBuff	1015605
1015606	AddBuff	1015606
1015607	AddBuff	1015607
1015608	AddBuff	1015608
1015609	AddBuff	1015609
1015610	AddBuff	1015610
1015611	AddBuff	1015611
1015612	AddBuff	1015612
1015613	AddBuff	1015613
1015614	AddBuff	1015614
1015615	AddBuff	1015615
1015616	AddBuff	1015616
1015617	AddBuff	1015617
1015618	AddBuff	1015618
1015619	AddBuff	1015619
1015620	AddBuff	1015620
1015621	AddBuff	1015621
1015622	AddBuff	1015622
1015623	AddBuff	1015623
1015624	AddBuff	1015624
1015625	AddBuff	1015625
1015626	AddBuff	1015626
1015627	AddBuff	1015627
1015628	AddBuff	1015628
1015629	AddBuff	1015629
1015630	AddBuff	1015630
1015631	AddBuff	1015631
1015632	AddBuff	1015632
1015633	AddBuff	1015633
1015634	AddBuff	1015634
1015635	AddBuff	1015635
1015636	AddBuff	1015636
1015637	AddBuff	1015637
1015638	AddBuff	1015638
1015639	AddBuff	1015639
1015640	AddBuff	1015640
1015641	AddBuff	1015641
1015642	AddBuff	1015642
1015643	AddBuff	1015643
1015644	AddBuff	1015644
1015645	AddBuff	1015645
1015646	AddBuff	1015646
1015648	AddBuff	1015648
1015650	AddBuff	1015650
1015651	AddBuff	1015651
1015652	AddBuff	1015652
1015653	AddBuff	1015653
1015654	AddBuff	1015654
1015655	AddBuff	1015655
1015656	AddBuff	1015656
1015657	AddBuff	1015657
1015658	AddBuff	1015658
1015659	AddBuff	1015659
1015660	AddBuff	1015660
1015661	AddBuff	1015661
1015662	AddBuff	1015662
1015663	AddBuff	1015663
1015664	AddBuff	1015664
1015665	AddBuff	1015665
1015666	AddBuff	1015666
1015667	AddBuff	1015667
1015668	AddBuff	1015668
1015669	AddBuff	1015669
1015670	AddBuff	1015670
1015671	AddBuff	1015671
1015672	AddBuff	1015672
1015673	AddBuff	1015673
1015674	AddBuff	1015674
1015675	AddBuff	1015675
1015676	AddBuff	1015676
1015677	AddBuff	1015677
1015678	AddBuff	1015678
1015679	AddBuff	1015679
1015680	AddBuff	1015680
1015681	AddBuff	1015681
1015682	AddBuff	1015682
1015683	AddBuff	1015683
1015684	AddBuff	1015684
1015685	AddBuff	1015685
1015686	AddBuff	1015686
1015687	AddBuff	1015687
1015688	AddBuff	1015688
1015689	AddBuff	1015689
1015690	AddBuff	1015690
1015691	AddBuff	1015691
1015692	AddBuff	1015692
1015694	AddBuff	1015694
1015695	AddBuff	1015695
1015696	AddBuff	1015696
1015700	AddBuff	1015700
1015701	AddBuff	1015701
1015702	AddBuff	1015702
1015703	AddBuff	1015703
1015704	AddBuff	1015704
1015705	AddBuff	1015705
1015706	AddBuff	1015706
1015707	AddBuff	1015707
1015708	AddBuff	1015708
1015709	AddBuff	1015709
1015710	AddBuff	1015710
1015711	AddBuff	1015711
1015712	AddBuff	1015712
1015713	AddBuff	1015713
1015714	AddBuff	1015714
1015715	AddBuff	1015715
1015716	AddBuff	1015716
1015717	AddBuff	1015717
1015718	AddBuff	1015718
1015719	AddBuff	1015719
1015720	AddBuff	1015720
1015721	AddBuff	1015721
1015722	AddBuff	1015722
1015723	AddBuff	1015723
1015724	AddBuff	1015724
1015725	AddBuff	1015725
1015726	AddBuff	1015726
1015727	AddBuff	1015727
1015728	AddBuff	1015728
1015729	AddBuff	1015729
1015730	AddBuff	1015730
1015731	AddBuff	1015731
1015732	AddBuff	1015732
1015733	AddBuff	1015733
1015734	AddBuff	1015734
1015735	AddBuff	1015735
1015736	AddBuff	1015736
1015737	AddBuff	1015737
1015738	AddBuff	1015738
1015739	AddBuff	1015739
1015740	AddBuff	1015740
1015741	AddBuff	1015741
1015742	AddBuff	1015742
1015743	AddBuff	1015743
1015744	AddBuff	1015744
1015745	AddBuff	1015745
1015746	AddBuff	1015746
1015747	AddBuff	1015747
1015750	AddBuff	1015750
1015751	AddBuff	1015751
1015752	AddBuff	1015752
1015753	AddBuff	1015753
1015754	AddBuff	1015754
1015755	AddBuff	1015755
1015756	AddBuff	1015756
1015757	AddBuff	1015757
1015758	AddBuff	1015758
1015759	AddBuff	1015759
1015760	AddBuff	1015760
1015761	AddBuff	1015761
1015762	AddBuff	1015762
1015763	AddBuff	1015763
1015764	AddBuff	1015764
1015765	AddBuff	1015765
1015766	AddBuff	1015766
1015767	AddBuff	1015767
1015768	AddBuff	1015768
1015769	AddBuff	1015769
1015770	AddBuff	1015770
1015771	AddBuff	1015771
1015772	AddBuff	1015772
1015773	AddBuff	1015773
1015774	AddBuff	1015774
1015775	AddBuff	1015775
1015776	AddBuff	1015776
1015777	AddBuff	1015777
1015778	AddBuff	1015778
1015779	AddBuff	1015779
1015780	AddBuff	1015780
1015781	AddBuff	1015781
1015782	AddBuff	1015782
1015783	AddBuff	1015783
1015784	AddBuff	1015784
1015785	AddBuff	1015785
1015786	AddBuff	1015786
1015787	AddBuff	1015787
1015788	AddBuff	1015788
1015789	AddBuff	1015789
1015790	AddBuff	1015790
1015792	AddBuff	1015792
1015794	AddBuff	1015794
1015795	AddBuff	1015795
1015796	AddBuff	1015796
1015797	AddBuff	1015797
1015798	AddBuff	1015798
1015800	AddBuff	1015800
1015801	AddBuff	1015801
1015802	AddBuff	1015802
1015803	AddBuff	1015803
1015804	AddBuff	1015804
1015805	AddBuff	1015805
1015806	AddBuff	1015806
1015807	AddBuff	1015807
1015808	AddBuff	1015808
1015809	AddBuff	1015809
1015810	AddBuff	1015810
1015811	AddBuff	1015811
1015812	AddBuff	1015812
1015813	AddBuff	1015813
1015814	AddBuff	1015814
1015815	AddBuff	1015815
1015816	AddBuff	1015816
1015817	AddBuff	1015817
1015818	AddBuff	1015818
1015819	AddBuff	1015819
1015820	AddBuff	1015820
1015821	AddBuff	1015821
1015822	AddBuff	1015822
1015823	AddBuff	1015823
1015824	AddBuff	1015824
1015825	AddBuff	1015825
1015826	AddBuff	1015826
1015827	AddBuff	1015827
1015828	AddBuff	1015828
1015829	AddBuff	1015829
1015830	AddBuff	1015830
1015831	AddBuff	1015831
1015832	AddBuff	1015832
1015833	AddBuff	1015833
1015834	AddBuff	1015834
1015835	AddBuff	1015835
1015836	AddBuff	1015836
1015837	AddBuff	1015837
1015838	AddBuff	1015838
1015839	AddBuff	1015839
1015840	AddBuff	1015840
1015841	AddBuff	1015841
1015842	AddBuff	1015842
1015850	AddBuff	1015850
1015851	AddBuff	1015851
1015852	AddBuff	1015852
1015853	AddBuff	1015853
1015854	AddBuff	1015854
1015855	AddBuff	1015855
1015856	AddBuff	1015856
1015857	AddBuff	1015857
1015858	AddBuff	1015858
1015859	AddBuff	1015859
1015860	AddBuff	1015860
1015861	AddBuff	1015861
1015863	AddBuff	1015863
1015900	AddBuff	1015900
1015901	AddBuff	1015901
1015902	AddBuff	1015902
1015903	AddBuff	1015903
1015904	AddBuff	1015904
1015905	AddBuff	1015905
1015906	AddBuff	1015906
1015907	AddBuff	1015907
1015908	AddBuff	1015908
1015909	AddBuff	1015909
1015910	AddBuff	1015910
1015911	AddBuff	1015911
1015912	AddBuff	1015912
1015913	AddBuff	1015913
1015914	AddBuff	1015914
1015915	AddBuff	1015915
1015916	AddBuff	1015916
1015917	AddBuff	1015917
1015918	AddBuff	1015918
1015919	AddBuff	1015919
1015920	AddBuff	1015920
1015921	AddBuff	1015921
1015922	AddBuff	1015922
1015924	AddBuff	1015924
1015925	AddBuff	1015925
1015926	AddBuff	1015926
1015927	AddBuff	1015927
1015930	AddBuff	1015930
1015932	AddBuff	1015932
1015933	AddBuff	1015933
1015934	AddBuff	1015934
1015935	AddBuff	1015935
1015936	AddBuff	1015936
1015938	AddBuff	1015938
1015939	AddBuff	1015939
1015940	AddBuff	1015940
1015941	AddBuff	1015941
1015942	AddBuff	1015942
1015943	AddBuff	1015943
1015946	AddBuff	1015946
1015948	AddBuff	1015948
1015949	AddBuff	1015949
1015950	AddBuff	1015950
1015952	AddBuff	1015952
1015953	AddBuff	1015953
1015954	AddBuff	1015954
1015956	AddBuff	1015956
1015958	AddBuff	1015958
1015960	AddBuff	1015960
1015962	AddBuff	1015962
1015963	AddBuff	1015963
1015964	AddBuff	1015964
1015965	AddBuff	1015965
1015967	AddBuff	1015967
1015968	AddBuff	1015968
1015969	AddBuff	1015969
1015970	AddBuff	1015970
1015971	AddBuff	1015971
1015972	AddBuff	1015972
1015973	AddBuff	1015973
1015974	AddBuff	1015974
1015975	AddBuff	1015975
1015990	AddBuff	1015990
1015991	AddBuff	1015991
1015992	AddBuff	1015992
1015993	AddBuff	1015993
1015994	AddBuff	1015994
1015995	AddBuff	1015995
1015996	AddBuff	1015996
1015997	AddBuff	1015997
1015998	AddBuff	1015998
1016000	AddBuff	1016000
1016001	AddBuff	1016001
1016002	AddBuff	1016002
1016003	AddBuff	1016003
1016004	AddBuff	1016004
1016005	AddBuff	1016005
1016006	AddBuff	1016006
1016007	AddBuff	1016007
1016008	AddBuff	1016008
1016009	AddBuff	1016009
1016010	AddBuff	1016010
1016011	AddBuff	1016011
1016012	AddBuff	1016012
1016013	AddBuff	1016013
1016014	AddBuff	1016014
1016015	AddBuff	1016015
1016018	AddBuff	1016018
1016019	AddBuff	1016019
1016020	AddBuff	1016020
1016021	AddBuff	1016021
1016022	AddBuff	1016022
1016023	AddBuff	1016023
1016024	AddBuff	1016024
1016025	AddBuff	1016025
1016026	AddBuff	1016026
1016027	AddBuff	1016027
1016300	AddBuff	1016300
1016301	AddBuff	1016301
1016302	AddBuff	1016302
1016303	AddBuff	1016303
1016304	AddBuff	1016304
1016305	AddBuff	1016305
1016306	AddBuff	1016306
1016307	AddBuff	1016307
1016308	AddBuff	1016308
1016309	AddBuff	1016309
1016310	AddBuff	1016310
1016311	AddBuff	1016311
1016312	AddBuff	1016312
1016313	AddBuff	1016313
1016314	AddBuff	1016314
1016315	AddBuff	1016315
1016316	AddBuff	1016316
1016317	AddBuff	1016317
1016318	AddBuff	1016318
1016322	AddBuff	1016322
1016323	AddBuff	1016323
1016324	AddBuff	1016324
1016325	AddBuff	1016325
1016326	AddBuff	1016326
1016328	AddBuff	1016328
1016329	AddBuff	1016329
1016330	AddBuff	1016330
1016331	AddBuff	1016331
1016332	AddBuff	1016332
1016334	AddBuff	1016334
1016335	AddBuff	1016335
1016336	AddBuff	1016336
1016337	AddBuff	1016337
1016338	AddBuff	1016338
1016339	AddBuff	1016339
1016340	AddBuff	1016340
1016341	AddBuff	1016341
1016342	AddBuff	1016342
1016343	AddBuff	1016343
1016345	AddBuff	1016345
1016346	AddBuff	1016346
1016347	AddBuff	1016347
1016348	AddBuff	1016348
1016349	AddBuff	1016349
1016350	AddBuff	1016350
1016351	AddBuff	1016351
1016352	AddBuff	1016352
1016353	AddBuff	1016353
1016354	AddBuff	1016354
1016355	AddBuff	1016355
1016356	AddBuff	1016356
1016357	AddBuff	1016357
1016358	AddBuff	1016358
1016359	AddBuff	1016359
1016360	AddBuff	1016360
1016361	AddBuff	1016361
1016362	AddBuff	1016362
1016363	AddBuff	1016363
1016364	AddBuff	1016364
1016365	AddBuff	1016365
1016366	AddBuff	1016366
1016367	AddBuff	1016367
1016368	AddBuff	1016368
1016369	AddBuff	1016369
1016370	AddBuff	1016370
1016371	AddBuff	1016371
1016372	AddBuff	1016372
1016373	AddBuff	1016373
1016374	AddBuff	1016374
1016375	AddBuff	1016375
1016376	AddBuff	1016376
1016377	AddBuff	1016377
1016378	AddBuff	1016378
1016379	AddBuff	1016379
1016380	AddBuff	1016380
1016381	AddBuff	1016381
1016382	AddBuff	1016382
1016383	AddBuff	1016383
1016384	AddBuff	1016384
1016385	AddBuff	1016385
1016386	AddBuff	1016386
1016387	AddBuff	1016387
1016388	AddBuff	1016388
1016389	AddBuff	1016389
1016390	AddBuff	1016390
1016391	AddBuff	1016391
1016392	AddBuff	1016392
1016393	AddBuff	1016393
1016394	AddBuff	1016394
1016395	AddBuff	1016395
1016396	AddBuff	1016396
1016397	AddBuff	1016397
1016398	AddBuff	1016398
1016399	AddBuff	1016399
1016400	AddBuff	1016400
1016401	AddBuff	1016401
1016402	AddBuff	1016402
1016403	AddBuff	1016403
1016404	AddBuff	1016404
1016405	AddBuff	1016405
1016406	AddBuff	1016406
1016407	AddBuff	1016407
1016408	AddBuff	1016408
1016409	AddBuff	1016409
1016411	AddBuff	1016411
1016412	AddBuff	1016412
1016413	AddBuff	1016413
1016414	AddBuff	1016414
1016415	AddBuff	1016415
1016416	AddBuff	1016416
1016100	AddBuff	1016100
1016101	AddBuff	1016101
1016102	AddBuff	1016102
1016103	AddBuff	1016103
1016104	AddBuff	1016104
1016105	AddBuff	1016105
1016106	AddBuff	1016106
1016107	AddBuff	1016107
1016108	AddBuff	1016108
1016109	AddBuff	1016109
1016110	AddBuff	1016110
1016111	AddBuff	1016111
1016112	AddBuff	1016112
1016113	AddBuff	1016113
1016114	AddBuff	1016114
1016115	AddBuff	1016115
1016116	AddBuff	1016116
1016117	AddBuff	1016117
1016118	AddBuff	1016118
1016119	AddBuff	1016119
1016120	AddBuff	1016120
1016121	AddBuff	1016121
1016122	AddBuff	1016122
1016123	AddBuff	1016123
1016124	AddBuff	1016124
1016125	AddBuff	1016125
1016126	AddBuff	1016126
1016127	AddBuff	1016127
1016128	AddBuff	1016128
1016129	AddBuff	1016129
1016130	AddBuff	1016130
1016131	AddBuff	1016131
1016132	AddBuff	1016132
1016133	AddBuff	1016133
1016134	AddBuff	1016134
1016135	AddBuff	1016135
1016136	AddBuff	1016136
1016137	AddBuff	1016137
1016138	AddBuff	1016138
1016139	AddBuff	1016139
1016140	AddBuff	1016140
1016141	AddBuff	1016141
1016142	AddBuff	1016142
1016143	AddBuff	1016143
1016144	AddBuff	1016144
1016145	AddBuff	1016145
1016146	AddBuff	1016146
1016147	AddBuff	1016147
1016148	AddBuff	1016148
1016149	AddBuff	1016149
1016150	AddBuff	1016150
1016151	AddBuff	1016151
1016152	AddBuff	1016152
1016153	AddBuff	1016153
1016154	AddBuff	1016154
1016155	AddBuff	1016155
1016156	AddBuff	1016156
1016157	AddBuff	1016157
1016158	AddBuff	1016158
1016159	AddBuff	1016159
1016160	AddBuff	1016160
1016161	AddBuff	1016161
1016162	AddBuff	1016162
1016163	AddBuff	1016163
1016164	AddBuff	1016164
1016165	AddBuff	1016165
1016166	AddBuff	1016166
1016167	AddBuff	1016167
1016168	AddBuff	1016168
1016169	AddBuff	1016169
1016170	AddBuff	1016170
1016171	AddBuff	1016171
1016172	AddBuff	1016172
1016173	AddBuff	1016173
1016174	AddBuff	1016174
1016175	AddBuff	1016175
1016176	AddBuff	1016176
1016177	AddBuff	1016177
1016178	AddBuff	1016178
1016179	AddBuff	1016179
1016180	AddBuff	1016180
1016181	AddBuff	1016181
1016182	AddBuff	1016182
1016183	AddBuff	1016183
1016184	AddBuff	1016184
1016185	AddBuff	1016185
1016186	AddBuff	1016186
1016187	AddBuff	1016187
1016188	AddBuff	1016188
1016189	AddBuff	1016189
1016190	AddBuff	1016190
1016191	AddBuff	1016191
1016192	AddBuff	1016192
1016193	AddBuff	1016193
1016194	AddBuff	1016194
1016195	AddBuff	1016195
1016196	AddBuff	1016196
1016197	AddBuff	1016197
1016198	AddBuff	1016198
1016199	AddBuff	1016199
1016200	AddBuff	1016200
1016201	AddBuff	1016201
1016202	AddBuff	1016202
1016203	AddBuff	1016203
1016204	AddBuff	1016204
1016205	AddBuff	1016205
1016206	AddBuff	1016206
1016207	AddBuff	1016207
1016208	AddBuff	1016208
1016209	AddBuff	1016209
1016210	AddBuff	1016210
1016211	AddBuff	1016211
1016212	AddBuff	1016212
1016213	AddBuff	1016213
1016214	AddBuff	1016214
1016215	AddBuff	1016215
1016216	AddBuff	1016216
1016217	AddBuff	1016217
1016218	AddBuff	1016218
1016219	AddBuff	1016219
1016220	AddBuff	1016220
1016221	AddBuff	1016221
1016222	AddBuff	1016222
1016223	AddBuff	1016223
1016224	AddBuff	1016224
1016225	AddBuff	1016225
1016226	AddBuff	1016226
1016227	AddBuff	1016227
1016228	AddBuff	1016228
1016229	AddBuff	1016229
1016230	AddBuff	1016230
1016231	AddBuff	1016231
1016232	AddBuff	1016232
1016233	AddBuff	1016233
1016234	AddBuff	1016234
1016235	AddBuff	1016235
1016236	AddBuff	1016236
1016237	AddBuff	1016237
1016238	AddBuff	1016238
1016239	AddBuff	1016239
1016240	AddBuff	1016240
1016241	AddBuff	1016241
1016242	AddBuff	1016242
1016243	AddBuff	1016243
1016244	AddBuff	1016244
8060001	AddBuff	8060001
8060002	AddBuff	8060002
8060003	AddBuff	8060003
8060004	AddBuff	8060004
8060005	AddBuff	8060005
8060006	AddBuff	8060006
8060007	AddBuff	8060007
8060008	AddBuff	8060008
8060009	AddBuff	8060009
8060010	AddBuff	8060010
8060011	AddBuff	8060011
8060012	AddBuff	8060012
8060013	AddBuff	8060013
8060014	AddBuff	8060014
8060015	AddBuff	8060015
8060016	AddBuff	8060016
8060017	AddBuff	8060017
8060018	AddBuff	8060018
8060019	AddBuff	8060019
8060020	AddBuff	8060020
8060021	AddBuff	8060021
8060022	AddBuff	8060022
8060023	AddBuff	8060023
8060024	AddBuff	8060024
8060026	AddBuff	8060026
8060027	AddBuff	8060027
8060028	AddBuff	8060028
8060029	AddBuff	8060029
8060030	AddBuff	8060030
8060031	AddBuff	8060031
8060042	AddBuff	8060042
8060044	AddBuff	8060044
8060045	AddBuff	8060045
8060046	AddBuff	8060046
9001021	AddBuff	9001021
9001022	AddBuff	9001022
9012001	AddBuff	9012001
8005001	AddBuff	8005001
8005002	AddBuff	8005002
8005003	AddBuff	8005003
8005004	AddBuff	8005004
8005005	AddBuff	8005005
8005006	AddBuff	8005006
8005007	AddBuff	8005007
8005008	AddBuff	8005008
8005009	AddBuff	8005009
8005010	AddBuff	8005010
8005011	AddBuff	8005011
8005012	AddBuff	8005012
8005013	AddBuff	8005013
8005014	AddBuff	8005014
8005015	AddBuff	8005015
8005016	AddBuff	8005016
8005017	AddBuff	8005017
8005018	AddBuff	8005018
8005019	AddBuff	8005019
8005020	AddBuff	8005020
8005041	AddBuff	8005041
8005042	AddBuff	8005042
8005043	AddBuff	8005043
8005044	AddBuff	8005044
8005045	AddBuff	8005045
8005046	AddBuff	8005046
8005047	AddBuff	8005047
8005048	AddBuff	8005048
8005049	AddBuff	8005049
8005050	AddBuff	8005050
8005051	AddBuff	8005051
8005052	AddBuff	8005052
8005056	AddBuff	8005056
8005057	AddBuff	8005057
8005058	AddBuff	8005058
8005059	AddBuff	8005059
8005060	AddBuff	8005060
8005061	AddBuff	8005061
8005062	AddBuff	8005062
8005063	AddBuff	8005063
8005064	AddBuff	8005064
8005065	AddBuff	8005065
8005066	AddBuff	8005066
8005067	AddBuff	8005067
8005068	AddBuff	8005068
8005070	AddBuff	8005070
8005071	AddBuff	8005071
8005072	AddBuff	8005072
8005073	AddBuff	8005073
8005074	AddBuff	8005074
8005075	AddBuff	8005075
8005076	AddBuff	8005076
8005077	AddBuff	8005077
8005078	AddBuff	8005078
8005079	AddBuff	8005079
8005080	AddBuff	8005080
8005082	AddBuff	8005082
8005083	AddBuff	8005083
8005084	AddBuff	8005084
8005085	AddBuff	8005085
8005086	AddBuff	8005086
8005093	AddBuff	8005093
8005094	AddBuff	8005094
8005095	AddBuff	8005095
8005096	AddBuff	8005096
8005097	AddBuff	8005097
8005098	AddBuff	8005098
8005201	AddBuff	8005201
8005202	AddBuff	8005202
8005203	AddBuff	8005203
8005206	AddBuff	8005206
8005207	AddBuff	8005207
8005208	AddBuff	8005208
8005209	AddBuff	8005209
8005210	AddBuff	8005210
8005211	AddBuff	8005211
8005212	AddBuff	8005212
8005213	AddBuff	8005213
8005214	AddBuff	8005214
8005215	AddBuff	8005215
8005216	AddBuff	8005216
8005217	AddBuff	8005217
8005218	AddBuff	8005218
8005219	AddBuff	8005219
8005220	AddBuff	8005220
8005305	AddBuff	8005305
8005306	AddBuff	8005306
8005309	AddBuff	8005309
8005310	AddBuff	8005310
8005311	AddBuff	8005311
8005326	AddBuff	8005326
8005327	AddBuff	8005327
8005401	AddBuff	8005401
8005402	AddBuff	8005402
8005403	AddBuff	8005403
8005404	AddBuff	8005404
8005451	AddBuff	8005451
8005452	AddBuff	8005452
8005453	AddBuff	8005453
8005454	AddBuff	8005454
8005455	AddBuff	8005455
8005456	AddBuff	8005456
8005457	AddBuff	8005457
8005458	AddBuff	8005458
8005459	AddBuff	8005459
8005460	AddBuff	8005460
8005461	AddBuff	8005461
8005462	AddBuff	8005462
8005463	AddBuff	8005463
8005464	AddBuff	8005464
8005465	AddBuff	8005465
8005466	AddBuff	8005466
8005467	AddBuff	8005467
8005469	AddBuff	8005469
8005470	AddBuff	8005470
8005471	AddBuff	8005471
8005472	AddBuff	8005472
8005473	AddBuff	8005473
8005474	AddBuff	8005474
8005475	AddBuff	8005475
8005476	AddBuff	8005476
8005477	AddBuff	8005477
8005478	AddBuff	8005478
8005479	AddBuff	8005479
8005480	AddBuff	8005480
8005481	AddBuff	8005481
8005482	AddBuff	8005482
8005483	AddBuff	8005483
8005484	AddBuff	8005484
8005485	AddBuff	8005485
8005486	AddBuff	8005486
8005487	AddBuff	8005487
8005488	AddBuff	8005488
8005489	AddBuff	8005489
8005490	AddBuff	8005490
8005491	AddBuff	8005491
8005492	AddBuff	8005492
8005493	AddBuff	8005493
8005494	AddBuff	8005494
8005495	AddBuff	8005495
8005501	AddBuff	8005501
8005551	AddBuff	8005551
8005552	AddBuff	8005552
8005553	AddBuff	8005553
8005554	AddBuff	8005554
8005555	AddBuff	8005555
8005556	AddBuff	8005556
8005557	AddBuff	8005557
8005563	AddBuff	8005563
8005564	AddBuff	8005564
8005566	AddBuff	8005566
8005568	AddBuff	8005568
8005569	AddBuff	8005569
8005570	AddBuff	8005570
8005571	AddBuff	8005571
8005901	AddBuff	8005901
8005902	AddBuff	8005902
8005903	AddBuff	8005903
8005904	AddBuff	8005904
8005905	AddBuff	8005905
8005906	AddBuff	8005906
8005907	AddBuff	8005907
8005908	AddBuff	8005908
8005909	AddBuff	8005909
8005910	AddBuff	8005910
8005911	AddBuff	8005911
8005912	AddBuff	8005912
8005913	AddBuff	8005913
8005914	AddBuff	8005914
8005915	AddBuff	8005915
8005916	AddBuff	8005916
8005951	AddBuff	8005951
8005952	AddBuff	8005952
8005953	AddBuff	8005953
8005954	AddBuff	8005954
8005955	AddBuff	8005955
800595600	HideJoint	ShieldPart
8005956	AddBuff	8005956
8005957	AddBuff	8005957
8005958	AddBuff	8005958
8005960	AddBuff	8005960
8005961	AddBuff	8005961
8005962	AddBuff	8005962
8005963	AddBuff	8005963
8005964	AddBuff	8005964
8005965	AddBuff	8005965
8005966	AddBuff	8005966
8005967	AddBuff	8005967
8005968	AddBuff	8005968
8005969	AddBuff	8005969
8005970	AddBuff	8005970
8005971	AddBuff	8005971
8005972	AddBuff	8005972
8005973	AddBuff	8005973
8005974	AddBuff	8005974
8005975	AddBuff	8005975
8005976	AddBuff	8005976
8005977	AddBuff	8005977
8005978	AddBuff	8005978
8052000	AddBuff	8052000
8052001	AddBuff	8052001
8052002	AddBuff	8052002
8052003	AddBuff	8052003
8052004	AddBuff	8052004
8052005	AddBuff	8052005
8052006	AddBuff	8052006
8052007	AddBuff	8052007
8052008	AddBuff	8052008
8052009	AddBuff	8052009
8052010	AddBuff	8052010
8052011	AddBuff	8052011
8052012	AddBuff	8052012
8052013	AddBuff	8052013
8052014	AddBuff	8052014
8052015	AddBuff	8052015
8052016	AddBuff	8052016
8052017	AddBuff	8052017
8052018	AddBuff	8052018
8052019	AddBuff	8052019
8052020	AddBuff	8052020
8052021	AddBuff	8052021
8052022	AddBuff	8052022
8052023	AddBuff	8052023
8052024	AddBuff	8052024
8052025	AddBuff	8052025
8052026	AddBuff	8052026
8052027	AddBuff	8052027
8052028	AddBuff	8052028
8052029	AddBuff	8052029
8052030	AddBuff	8052030
8052031	AddBuff	8052031
8052032	AddBuff	8052032
8052033	AddBuff	8052033
8052034	AddBuff	8052034
8052035	AddBuff	8052035
8052036	AddBuff	8052036
8052037	AddBuff	8052037
8052038	AddBuff	8052038
8052039	AddBuff	8052039
8052040	AddBuff	8052040
8052041	AddBuff	8052041
8052042	AddBuff	8052042
8052043	AddBuff	8052043
8052044	AddBuff	8052044
8052045	AddBuff	8052045
8052046	AddBuff	8052046
8052047	AddBuff	8052047
8052048	AddBuff	8052048
8052049	AddBuff	8052049
8052050	AddBuff	8052050
8052051	AddBuff	8052051
8052052	AddBuff	8052052
8052053	AddBuff	8052053
8052054	AddBuff	8052054
8052055	AddBuff	8052055
8052056	AddBuff	8052056
8052057	AddBuff	8052057
8052058	AddBuff	8052058
8052059	AddBuff	8052059
805206000	HideJoint	ModelCase
8052060	AddBuff	8052060
8052061	AddBuff	8052061
8052062	AddBuff	8052062
8052063	AddBuff	8052063
8052064	AddBuff	8052064
8052065	AddBuff	8052065
8052066	AddBuff	8052066
8052067	AddBuff	8052067
8052068	AddBuff	8052068
8052069	AddBuff	8052069
8052070	AddBuff	8052070
8052071	AddBuff	8052071
8052072	AddBuff	8052072
805207300	HideJoint	RelinkJumpCommonHide
8052073	AddBuff	8052073
8052074	AddBuff	8052074
8052075	AddBuff	8052075
8052076	AddBuff	8052076
8052080	AddBuff	8052080
8052081	AddBuff	8052081
8052082	AddBuff	8052082
8052084	AddBuff	8052084
8052085	AddBuff	8052085
8052086	AddBuff	8052086
8052087	AddBuff	8052087
8052088	AddBuff	8052088
8052089	AddBuff	8052089
8052090	AddBuff	8052090
8052091	AddBuff	8052091
8052092	AddBuff	8052092
8052093	AddBuff	8052093
8052094	AddBuff	8052094
8052095	AddBuff	8052095
8052096	AddBuff	8052096
8052097	AddBuff	8052097
8052098	AddBuff	8052098
8052099	AddBuff	8052099
8052100	AddBuff	8052100
8052101	AddBuff	8052101
8052102	AddBuff	8052102
8052103	AddBuff	8052103
8052104	AddBuff	8052104
8052105	AddBuff	8052105
8052106	AddBuff	8052106
8052107	AddBuff	8052107
8052108	AddBuff	8052108
8052111	AddBuff	8052111
8052112	AddBuff	8052112
8052115	AddBuff	8052115
8052116	AddBuff	8052116
8052118	AddBuff	8052118
8052119	AddBuff	8052119
8052121	AddBuff	8052121
8052122	AddBuff	8052122
8052123	AddBuff	8052123
8052124	AddBuff	8052124
8052125	AddBuff	8052125
8052126	AddBuff	8052126
8052127	AddBuff	8052127
8052128	AddBuff	8052128
8052129	AddBuff	8052129
8052130	AddBuff	8052130
8052132	AddBuff	8052132
8052134	AddBuff	8052134
8052135	AddBuff	8052135
8052207	AddBuff	8052207
8052208	AddBuff	8052208
8052301	AddBuff	8052301
8052302	AddBuff	8052302
8052304	AddBuff	8052304
8052305	AddBuff	8052305
8052306	AddBuff	8052306
8052307	AddBuff	8052307
8052308	AddBuff	8052308
8052309	AddBuff	8052309
8052310	AddBuff	8052310
8052311	AddBuff	8052311
8052312	AddBuff	8052312
8052313	AddBuff	8052313
8052314	AddBuff	8052314
8052315	AddBuff	8052315
8052316	AddBuff	8052316
8052317	AddBuff	8052317
8052318	AddBuff	8052318
8052319	AddBuff	8052319
8052320	AddBuff	8052320
8052321	AddBuff	8052321
8052322	AddBuff	8052322
8052323	AddBuff	8052323
8052324	AddBuff	8052324
8052325	AddBuff	8052325
8052326	AddBuff	8052326
8052327	AddBuff	8052327
8052328	AddBuff	8052328
8052329	AddBuff	8052329
8052330	AddBuff	8052330
8052331	AddBuff	8052331
8052600	AddBuff	8052600
8052601	AddBuff	8052601
8052602	AddBuff	8052602
8052603	AddBuff	8052603
8052604	AddBuff	8052604
8052605	AddBuff	8052605
8052606	AddBuff	8052606
8052607	AddBuff	8052607
8052608	AddBuff	8052608
8052609	AddBuff	8052609
8052610	AddBuff	8052610
8052611	AddBuff	8052611
8052612	AddBuff	8052612
8052613	AddBuff	8052613
8052614	AddBuff	8052614
8052615	AddBuff	8052615
8052616	AddBuff	8052616
8052617	AddBuff	8052617
8052618	AddBuff	8052618
8052619	AddBuff	8052619
8052620	AddBuff	8052620
8052621	AddBuff	8052621
8052622	AddBuff	8052622
8052623	AddBuff	8052623
8052624	AddBuff	8052624
8052625	AddBuff	8052625
8052626	AddBuff	8052626
8052627	AddBuff	8052627
8200000	AddBuff	8200000
8200001	AddBuff	8200001
8200002	AddBuff	8200002
8200003	AddBuff	8200003
8200004	AddBuff	8200004
8200005	AddBuff	8200005
8201001	AddBuff	8201001
8201002	AddBuff	8201002
8201003	AddBuff	8201003
8201004	AddBuff	8201004
8203003	AddBuff	8203003
8203004	AddBuff	8203004
8205001	AddBuff	8205001
8205002	AddBuff	8205002
820500900	HideJoint	Weapon
8205009	AddBuff	8205009
8206008	AddBuff	8206008
8207007	AddBuff	8207007
8207008	AddBuff	8207008
820800100	HideJoint	Weapon
8208001	AddBuff	8208001
8208002	AddBuff	8208002
8208003	AddBuff	8208003
8208004	AddBuff	8208004
8208005	AddBuff	8208005
820800600	HideJoint	Body
8208006	AddBuff	8208006
8208007	AddBuff	8208007
820900100	HideJoint	Weapon
8209001	AddBuff	8209001
8209002	AddBuff	8209002
8209003	AddBuff	8209003
8209004	AddBuff	8209004
8209005	AddBuff	8209005
8209006	AddBuff	8209006
8209007	AddBuff	8209007
8209008	AddBuff	8209008
8209009	AddBuff	8209009
8209010	AddBuff	8209010
8209011	AddBuff	8209011
8210001	AddBuff	8210001
8210002	AddBuff	8210002
8212001	AddBuff	8212001
8212002	AddBuff	8212002
821300100	HideJoint	Pifeng
8213001	AddBuff	8213001
8213002	AddBuff	8213002
8213003	AddBuff	8213003
8053001	AddBuff	8053001
8053002	AddBuff	8053002
8053003	AddBuff	8053003
805300400	HideJoint	Touhuan
8053004	AddBuff	8053004
8053005	AddBuff	8053005
8053006	AddBuff	8053006
8053007	AddBuff	8053007
8053008	AddBuff	8053008
8053009	AddBuff	8053009
8053010	AddBuff	8053010
8053011	AddBuff	8053011
8053012	AddBuff	8053012
8053013	AddBuff	8053013
8053014	AddBuff	8053014
8053015	AddBuff	8053015
8053017	AddBuff	8053017
8053018	AddBuff	8053018
8053019	AddBuff	8053019
8053020	AddBuff	8053020
8053021	AddBuff	8053021
8053022	AddBuff	8053022
8053023	AddBuff	8053023
8053024	AddBuff	8053024
8053025	AddBuff	8053025
8053026	AddBuff	8053026
8053027	AddBuff	8053027
8053028	AddBuff	8053028
8053029	AddBuff	8053029
805303000	HideJoint	Touhuan
8053030	AddBuff	8053030
8053031	AddBuff	8053031
8053032	AddBuff	8053032
8053033	AddBuff	8053033
8053034	AddBuff	8053034
8053035	AddBuff	8053035
8053036	AddBuff	8053036
8053037	AddBuff	8053037
8053038	AddBuff	8053038
8053039	AddBuff	8053039
8053040	AddBuff	8053040
8053041	AddBuff	8053041
8053042	AddBuff	8053042
8053043	AddBuff	8053043
8053044	AddBuff	8053044
8053045	AddBuff	8053045
8053046	AddBuff	8053046
8053047	AddBuff	8053047
8053049	AddBuff	8053049
8053050	AddBuff	8053050
8053051	AddBuff	8053051
8053052	AddBuff	8053052
8053053	AddBuff	8053053
8053054	AddBuff	8053054
8053055	AddBuff	8053055
8053056	AddBuff	8053056
8053057	AddBuff	8053057
8053058	AddBuff	8053058
8053059	AddBuff	8053059
8053060	AddBuff	8053060
8053061	AddBuff	8053061
8053062	AddBuff	8053062
8053063	AddBuff	8053063
8053064	AddBuff	8053064
8053065	AddBuff	8053065
8053066	AddBuff	8053066
8053067	AddBuff	8053067
8053068	AddBuff	8053068
8054000	AddBuff	8054000
8054001	AddBuff	8054001
8055000	AddBuff	8055000
8054002	AddBuff	8054002
8054004	AddBuff	8054004
8054005	AddBuff	8054005
80560001	AddBuff	80560001
80560002	AddBuff	80560002
-533934292	HideJoint	SGHide
80560003	AddBuff	80560003
80560004	AddBuff	80560004
80560005	AddBuff	80560005
80560006	AddBuff	80560006
80560007	AddBuff	80560007
80560008	AddBuff	80560008
80560009	AddBuff	80560009
80560010	AddBuff	80560010
80560011	AddBuff	80560011
80560012	AddBuff	80560012
80560013	AddBuff	80560013
80560014	AddBuff	80560014
805600155	AddBuff	805600155
80560016	AddBuff	80560016
80560017	AddBuff	80560017
80560018	AddBuff	80560018
80560019	AddBuff	80560019
80560020	AddBuff	80560020
80560021	AddBuff	80560021
80560022	AddBuff	80560022
80560023	AddBuff	80560023
80560024	AddBuff	80560024
80560025	AddBuff	80560025
80560026	AddBuff	80560026
80560027	AddBuff	80560027
80560028	AddBuff	80560028
80560029	AddBuff	80560029
80560030	AddBuff	80560030
80560031	AddBuff	80560031
80560032	AddBuff	80560032
80560033	AddBuff	80560033
80560034	AddBuff	80560034
80560035	AddBuff	80560035
80560036	AddBuff	80560036
80560037	AddBuff	80560037
80560038	AddBuff	80560038
8057001	AddBuff	8057001
8057002	AddBuff	8057002
8058001	AddBuff	8058001
8058002	AddBuff	8058002
8059001	AddBuff	8059001
8059002	AddBuff	8059002
8059003	AddBuff	8059003
8059004	AddBuff	8059004
8059005	AddBuff	8059005
8059006	AddBuff	8059006
8071001	AddBuff	8071001
8071002	AddBuff	8071002
8071003	AddBuff	8071003
8071004	AddBuff	8071004
8071005	AddBuff	8071005
8071007	AddBuff	8071007
8071008	AddBuff	8071008
8071009	AddBuff	8071009
8071010	AddBuff	8071010
8071011	AddBuff	8071011
8071012	AddBuff	8071012
8071013	AddBuff	8071013
8072001	AddBuff	8072001
8072002	AddBuff	8072002
8072003	AddBuff	8072003
8072004	AddBuff	8072004
8072005	AddBuff	8072005
8072006	AddBuff	8072006
8072007	AddBuff	8072007
8072008	AddBuff	8072008
8072009	AddBuff	8072009
80590001	AddBuff	80590001
80590002	AddBuff	80590002
80710002	AddBuff	80710002
8110001	AddBuff	8110001
8110002	AddBuff	8110002
3504200	AddBuff	3504200
3504201	AddBuff	3504201
3504202	AddBuff	3504202
8025000	AddBuff	8025000
822500100	HideJoint	Mo1SinmaidMd010001Hand
8225001	AddBuff	8225001
8225020	AddBuff	8225020
8225022	AddBuff	8225022
8225023	AddBuff	8225023
8225024	AddBuff	8225024
8226015	AddBuff	8226015
8226017	AddBuff	8226017
8227001	AddBuff	8227001
8227002	AddBuff	8227002
8227004	AddBuff	8227004
8227021	AddBuff	8227021
8227022	AddBuff	8227022
8227023	AddBuff	8227023
8227024	AddBuff	8227024
8227025	AddBuff	8227025
8227026	AddBuff	8227026
822702700	HideJoint	Mb1KeeleyMd010001Sickle
8227027	AddBuff	8227027
8227028	AddBuff	8227028
822702900	HideJoint	Mb1KeeleyMd010001Knife
8227029	AddBuff	8227029
8227030	AddBuff	8227030
822703100	HideJoint	Mb1KeeleyMd010001Harp
8227031	AddBuff	8227031
7000101	AddBuff	7000101
7000103	AddBuff	7000103
7001102	AddBuff	7001102
7002105	AddBuff	7002105
7002106	AddBuff	7002106
7002107	AddBuff	7002107
7002108	AddBuff	7002108
7002116	AddBuff	7002116
7002117	AddBuff	7002117
7002118	AddBuff	7002118
7002119	AddBuff	7002119
7002120	AddBuff	7002120
7002121	AddBuff	7002121
