Id	QuestId	StepId	Order	ObjectiveType	DramaName	AutoPlay	ReferencePos[1]	ReferencePos[2]	ReferencePos[3]	ReferenceRot[1]	ReferenceRot[2]	ReferenceRot[3]	CombineKey	IsRecordDecisionSelect	Optional	MaxProgress	TitleTextId	DescriptionTextId	SkipUiRefreshEffect	IsSuccessOrFailObjective	ItemAction	ItemIds[1]	ItemIds[2]	ItemIds[3]	ItemCounts[1]	ItemCounts[2]	ItemCounts[3]	RecycleItemIds[1]	RecycleItemIds[2]	RecycleItemIds[3]	RecycleItemIds[4]	LevelId	DontNeedPathPrompt	TracePosArgs[1]	TracePosArgs[2]	TraceActorArgs[1]	TraceActorArgs[2]	RecycleQuestItems[1]	RecycleQuestItems[2]	OccupiableObjectIds[1]	OccupiableObjectIds[2]	Config	TargetPosition[1]	TargetPosition[2]	TargetPosition[3]	ReachDistance	IsNpcReach	NpcPlaceId	EnterActions[1]	EnterActions[2]	ConditionIds[1]	ConditionIds[2]	ExitActions[1]	ExitActions[2]	ShortMessageId	AutoSend	TargetLevelId	InstLevelId	Count	AppendHistoryCount	PassOnLeaveInstLevel	CanJumpToEnter	UiName	IntParams[1]	IntParams[2]	NarrativeIds[1]	NarrativeIds[2]	CamParamId	PhotoFilterId	DetectionNpcPlaceIdList[1]	DetectionNpcPlaceIdList[2]	DetectionSceneObjectPlaceIdList[1]	DetectionSceneObjectPlaceIdList[2]	PhotoKey	IgnoreShelterSceneObjectList[1]	IgnoreShelterSceneObjectList[2]	DeliverTitleTextId	DeliverDescTextId	DeliverSubTitleTextId	DeliverBehaviorDescTextId	DeliverBtnTextId	DeliverBgPath	ItemsDeliverType	ExistsEnemyList[1]	ExistsEnemyList[2]	ExistsEnemyList[3]	ExistsEnemyList[4]	ExistsEnemyList[5]	ExistsEnemyList[6]	ToLoadEnemyList[1]	ToLoadEnemyList[2]	SearchInfoId	NpcBaseId	GroupCenterPos[1]	GroupCenterPos[2]	GroupCenterPos[3]	GroupRadius	InitialOrientationType	InitialFacePoint[1]	InitialFacePoint[2]	InitialFacePoint[3]	PlayerNpcTrialId	Key	Value	CheckType	AutoStart	IsCountDown	Time	ImminentEndTime	CollectObjectiveType	PlaceIdList[1]	PlaceIdList[2]	CollectableType	SceneObjBaseId	CollectCount
2002014	2002	200201	0	2	Drama_200203	0	0.0	0.0	0.0	0.0	0.0	0.0	0	0	0	1	6	7	0	0	0											4001	0									{"RecordDecisionClipSelect":{},"EnterActions":[{"ActionType":12000,"Params":{"$type":"XConfigLevelActionParamsLoadNpc","PlaceIdList":[700004],"AutoUnloadWhiteList":[]}}],"ExitActions":[{"ActionType":21000,"Params":{"$type":"XConfigLevelActionParamsUnderTakeSelfQuest"}},{"ActionType":16001,"Params":{"$type":"XConfigLevelActionParamsPlayDramaCaption","DramaCaptionName":"Caption200201","WaitComplete":false,"IsSequentialJob":true}},{"ActionType":12000,"Params":{"$type":"XConfigLevelActionParamsLoadNpc","PlaceIdList":[700008,700009,700010],"AutoUnloadWhiteList":[]}},{"ActionType":14001,"Params":{"$type":"XConfigLevelActionParamsNpcRelativeFollowMove","NpcPlaceId":700004,"IsFollowPlayer":true,"FollowTargetNpcPlaceId":90,"TargetAngle":90.0,"TargetRadius":1.0,"ChaseRadius":3.0,"NormalFollowRadius":1.0,"MaxIdleLagDistance":4.0,"IdleLookAtTargetDelayTime":4.0,"UseNavMesh":true,"StartFollowDelayTime":0.0,"EnableForceTeleport":true,"TeleportRange":10.0}}],"FixProcessors":{}}																																																																									
2002015	2002	200201	1	7											0	1	8	9	0	0	0											4001	0									{"ExitActions":[{"ActionType":1001,"Params":{"$type":"XConfigLevelActionParamsActivateTeleporter","SceneObjectPlaceIdList":[100122]}}],"TraceActorArgs":[{"TargetType":2,"PlaceId":100122,"Id":0,"DisplayOffset":[0.0,2.5,0.0],"ShowEffect":false,"ForceMapPinActive":false,"InitHide":false,"Radius":0.0,"FloorNum":101}],"FixProcessors":{}}	560.5900268554688	143.97000122070312	1342.719970703125	5.0	0	0																																																																			
2002016	2002	200201	2	1											0	1	10	11	0	0	0											4001	0									{"FixProcessors":{}}									50010046																																																																
2002017	2002	200201	3	1											0	1	12	13	0	0	0											4001	0									{"FixProcessors":{}}									50010046																																																																
2002018	2002	200201	4	1											0	1	14	15	0	0	0											4001	0									{"FixProcessors":{}}									50010012																																																																
2002027	2002	200201	5	6											0	1	16	17	0	0	0											4001	0									{"FixProcessors":{}}													200201	1																																																											
2002028	2002	200201	6	2	Drama_200204	0	0.0	0.0	0.0	0.0	0.0	0.0	0	0	0	1	18	19	0	0	0											4001	0									{"RecordDecisionClipSelect":{},"ExitActions":[{"ActionType":12000,"Params":{"$type":"XConfigLevelActionParamsLoadNpc","PlaceIdList":[700005],"AutoUnloadWhiteList":[]}},{"ActionType":14001,"Params":{"$type":"XConfigLevelActionParamsNpcRelativeFollowMove","NpcPlaceId":700004,"IsFollowPlayer":true,"FollowTargetNpcPlaceId":0,"TargetAngle":90.0,"TargetRadius":1.0,"ChaseRadius":2.0,"NormalFollowRadius":0.5,"MaxIdleLagDistance":3.0,"IdleLookAtTargetDelayTime":4.0,"UseNavMesh":true,"StartFollowDelayTime":0.0,"EnableForceTeleport":true,"TeleportRange":10.0}}],"FixProcessors":{}}																																																																									
2002029	2002	200201	7	7											0	1	20	21	0	0	0											4001	0									{"ExitActions":[{"ActionType":19003,"Params":{"$type":"XConfigLevelActionParamsShowBigWorldTeach","TeachId":1040}},{"ActionType":23000,"Params":{"$type":"XConfigLevelActionParamsWaitTime","TimeSeconds":6}},{"ActionType":16001,"Params":{"$type":"XConfigLevelActionParamsPlayDramaCaption","DramaCaptionName":"Caption200205","WaitComplete":false,"IsSequentialJob":false}}],"TracePosArgs":[{"Position":[581.1929931640625,144.82000732421875,1334.6500244140625],"Id":0,"DisplayOffset":[0.0,1.2999999523162842,0.0],"ShowEffect":true,"ForceMapPinActive":false,"InitHide":false,"Radius":0.0,"FloorNum":101}],"FixProcessors":{}}	581.1929931640625	144.82000732421875	1334.6500244140625	15.0	0	0																																																																			
2002032	2002	200201	8	5											0	1	22	23	0	0	0											4001	0									{"TargetArgs":{"1":{"700005":0}},"TraceActorArgs":[{"TargetType":1,"PlaceId":700005,"Id":0,"DisplayOffset":[0.0,2.0,0.0],"ShowEffect":false,"ForceMapPinActive":false,"InitHide":false,"Radius":0.0,"FloorNum":101}],"FixProcessors":{}}																																																																									
2002033	2002	200201	9	2	Drama_200205	0	0.0	0.0	0.0	0.0	0.0	0.0	0	0	0	1	24	25	0	0	0											4001	0									{"RecordDecisionClipSelect":{},"EnterActions":[{"ActionType":16002,"Params":{"$type":"XConfigLevelActionParamsPlayScreenEffect","ScreenEffectId":300011,"EnableTimeParams":true,"EnterDuration":0.5,"HoldDuration":1.5,"ExitDuration":0.0,"IsWaitEnter":true}},{"ActionType":21001,"Params":{"$type":"XConfigLevelActionParamsUnloadNpc","PlaceIdList":[700005]}}],"ExitActions":[{"ActionType":23000,"Params":{"$type":"XConfigLevelActionParamsWaitTime","TimeSeconds":1}},{"ActionType":16001,"Params":{"$type":"XConfigLevelActionParamsPlayDramaCaption","DramaCaptionName":"Caption200204","WaitComplete":false,"IsSequentialJob":false}}],"FixProcessors":{}}																																																																									
2002034	2002	200201	10	5											0	1	26	27	1	0	0											4001	0									{"TargetArgs":{"2":{"100066":0}},"TraceActorArgs":[{"TargetType":2,"PlaceId":100066,"Id":0,"DisplayOffset":[0.0,2.0,0.0],"ShowEffect":false,"ForceMapPinActive":false,"InitHide":false,"Radius":0.0,"FloorNum":101}],"FixProcessors":{}}																																																																									
2002036	2002	200201	14	5											0	1	34	35	1	0	0											4001	0									{"TargetArgs":{"1":{"700003":0}},"TraceActorArgs":[{"TargetType":1,"PlaceId":700003,"Id":0,"DisplayOffset":[0.0,2.0,0.0],"ShowEffect":false,"ForceMapPinActive":false,"InitHide":false,"Radius":0.0,"FloorNum":102}],"FixProcessors":{}}																																																																									
2002037	2002	200201	15	2	Drama_200206	0	0.0	0.0	0.0	0.0	0.0	0.0	0	0	0	1	36	37	0	0	0											4001	0									{"RecordDecisionClipSelect":{},"EnterActions":[{"ActionType":16002,"Params":{"$type":"XConfigLevelActionParamsPlayScreenEffect","ScreenEffectId":300011,"EnableTimeParams":true,"EnterDuration":0.5,"HoldDuration":1.0,"ExitDuration":0.0,"IsWaitEnter":true}},{"ActionType":21001,"Params":{"$type":"XConfigLevelActionParamsUnloadNpc","PlaceIdList":[700003]}}],"ExitActions":[{"ActionType":1001,"Params":{"$type":"XConfigLevelActionParamsActivateTeleporter","SceneObjectPlaceIdList":[100027]}}],"FixProcessors":{}}																																																																									
2002038	2002	200201	17	1											0	1	40	41	0	0	0											4001	0									{"FixProcessors":{}}									50010046																																																																
2002039	2002	200201	19	1											0	1	44	45	0	0	0											4001	0									{"ExitActions":[{"ActionType":20001,"Params":{"$type":"XConfigLevelActionParamsTryActiveSystemGuide"}}],"FixProcessors":{}}									50010000																																																																
2002040	2002	200201	18	2	Drama_200207	0	0.0	0.0	0.0	0.0	0.0	0.0	0	0	0	1	42	43	0	0	0											4001	0									{"RecordDecisionClipSelect":{},"FixProcessors":{}}																																																																									
2002041	2002	200201	20	1											0	1	46	47	0	0	0											4001	0									{"FixProcessors":{}}									50010046																																																																
2002042	2002	200201	21	6											0	1	48	49	0	0	0											4001	0									{"FixProcessors":{}}													200202	1																																																											
2002043	2002	200201	23	5											0	1	52	53	0	0	0											4001	0									{"TargetArgs":{"1":{"700001":0}},"TraceActorArgs":[{"TargetType":1,"PlaceId":700001,"Id":0,"DisplayOffset":[0.0,2.0,0.0],"ShowEffect":false,"ForceMapPinActive":false,"InitHide":false,"Radius":0.0,"FloorNum":103}],"FixProcessors":{}}																																																																									
2002044	2002	200201	24	2	Drama_200208	0	0.0	0.0	0.0	0.0	0.0	0.0	0	0	0	1	54	55	0	0	0											4001	0									{"RecordDecisionClipSelect":{},"EnterActions":[{"ActionType":16002,"Params":{"$type":"XConfigLevelActionParamsPlayScreenEffect","ScreenEffectId":300011,"EnableTimeParams":true,"EnterDuration":0.5,"HoldDuration":1.5,"ExitDuration":0.0,"IsWaitEnter":true}},{"ActionType":21001,"Params":{"$type":"XConfigLevelActionParamsUnloadNpc","PlaceIdList":[700001,700004]}},{"ActionType":12000,"Params":{"$type":"XConfigLevelActionParamsLoadNpc","PlaceIdList":[700006,700007],"AutoUnloadWhiteList":[]}}],"ExitActions":[{"ActionType":20000,"Params":{"$type":"XConfigLevelActionParamsTeleportPlayer","Position":[606.18798828125,189.31280517578125,1146.595947265625],"Rotation":[0.0,-52.0,0.0],"WithBlackScreen":false,"ScreenEffectId":0,"BlackScreenEnterDuration":0.0,"BlackScreenExitDuration":0.0,"ShowEffect":false,"ResetCamera":false}},{"ActionType":23000,"Params":{"$type":"XConfigLevelActionParamsWaitTime","TimeSeconds":1}},{"ActionType":18003,"Params":{"$type":"XConfigLevelActionParamsResetCamera","ResetAngleX":true,"RotYEulerOffset":180.0,"IsEndRotationOverride":true}}],"FixProcessors":{}}																																																																									
2002045	2002	200201	25	1											0	1	56	57	0	0	0											4001	0									{"FixProcessors":{}}									50010011																																																																
2002046	2002	200201	11	7											0	1	28	29	1	0	0											4001	0									{"ExitActions":[{"ActionType":16001,"Params":{"$type":"XConfigLevelActionParamsPlayDramaCaption","DramaCaptionName":"Caption200206","WaitComplete":false,"IsSequentialJob":false}}],"TracePosArgs":[{"Position":[649.1699829101562,192.75,1242.3499755859375],"Id":0,"DisplayOffset":[0.0,0.30000001192092896,0.0],"ShowEffect":true,"ForceMapPinActive":false,"InitHide":false,"Radius":0.0,"FloorNum":103}],"FixProcessors":{}}	649.1699829101562	192.75	1242.3499755859375	10.0	0	0																																																																			
2002047	2002	200201	12	7											0	1	30	31	1	0	0											4001	0									{"TracePosArgs":[{"Position":[648.0900268554688,187.5500030517578,1185.5699462890625],"Id":0,"DisplayOffset":[0.0,0.30000001192092896,0.0],"ShowEffect":true,"ForceMapPinActive":false,"InitHide":false,"Radius":0.0,"FloorNum":103}],"FixProcessors":{}}	648.0900268554688	187.5500030517578	1185.5699462890625	10.0	0	0																																																																			
2002048	2002	200201	13	7											0	1	32	33	1	0	0											4001	0									{"ExitActions":[{"ActionType":12000,"Params":{"$type":"XConfigLevelActionParamsLoadNpc","PlaceIdList":[700003],"AutoUnloadWhiteList":[]}},{"ActionType":16001,"Params":{"$type":"XConfigLevelActionParamsPlayDramaCaption","DramaCaptionName":"Caption200207","WaitComplete":false,"IsSequentialJob":false}},{"ActionType":1001,"Params":{"$type":"XConfigLevelActionParamsActivateTeleporter","SceneObjectPlaceIdList":[100030]}}],"TracePosArgs":[{"Position":[574.9400024414062,185.25669860839844,1156.239990234375],"Id":1,"DisplayOffset":[0.0,0.30000001192092896,0.0],"ShowEffect":true,"ForceMapPinActive":false,"InitHide":false,"Radius":0.0,"FloorNum":0}],"FixProcessors":{}}	574.9400024414062	185.25669860839844	1156.239990234375	10.0	0	0																																																																			
2002049	2002	200201	16	7											0	1	38	39	0	0	0											4001	0									{"TracePosArgs":[{"Position":[557.6820068359375,169.45899963378906,1168.2020263671875],"Id":0,"DisplayOffset":[0.0,2.0,0.0],"ShowEffect":true,"ForceMapPinActive":false,"InitHide":false,"Radius":0.0,"FloorNum":102}],"FixProcessors":{}}	557.6820068359375	169.45899963378906	1168.2020263671875	3.0	0	0																																																																			
2002050	2002	200201	22	7											0	1	50	51	0	0	0											4001	0									{"EnterActions":[{"ActionType":12000,"Params":{"$type":"XConfigLevelActionParamsLoadNpc","PlaceIdList":[700001],"AutoUnloadWhiteList":[]}}],"TracePosArgs":[{"Position":[570.4400024414062,171.77999877929688,1155.550048828125],"Id":0,"DisplayOffset":[0.0,2.0,0.0],"ShowEffect":true,"ForceMapPinActive":false,"InitHide":false,"Radius":0.0,"FloorNum":102}],"FixProcessors":{}}	570.4400024414062	171.77999877929688	1155.550048828125	5.0	0	0																																																																			
2002051	2002	200201	26	2	Drama_200209	0	0.0	0.0	0.0	0.0	0.0	0.0	0	0	0	1	58	59	0	0	0											4001	0									{"RecordDecisionClipSelect":{},"ExitActions":[{"ActionType":16002,"Params":{"$type":"XConfigLevelActionParamsPlayScreenEffect","ScreenEffectId":300011,"EnableTimeParams":true,"EnterDuration":0.5,"HoldDuration":1.5,"ExitDuration":0.5,"IsWaitEnter":true}},{"ActionType":21001,"Params":{"$type":"XConfigLevelActionParamsUnloadNpc","PlaceIdList":[700006,700007]}}],"FixProcessors":{}}																																																																									
2002052	2002	200202	0	3											0	1	62	63	0	0	0											4003	0									{"TracePosArgs":[{"Position":[18.43000030517578,1.6299999952316284,17.549999237060547],"Id":0,"DisplayOffset":[0.0,0.5,0.0],"ShowEffect":false,"ForceMapPinActive":false,"InitHide":false,"Radius":0.0,"FloorNum":101}],"FixProcessors":{}}															4003																																																										
2002053	2002	200202	1	2	Drama_200210	0	0.0	0.0	0.0	0.0	0.0	0.0	0	0	0	1	64	65	0	0	0											4003	0									{"RecordDecisionClipSelect":{},"FixProcessors":{}}																																																																									
2002054	2002	200202	2	5											0	1	66	67	0	0	0											4003	0									{"TargetArgs":{"2":{"1":0}},"TraceActorArgs":[{"TargetType":2,"PlaceId":1,"Id":0,"DisplayOffset":[0.0,0.5,0.0],"ShowEffect":false,"ForceMapPinActive":false,"InitHide":false,"Radius":0.0,"FloorNum":101}],"FixProcessors":{}}																																																																									
2002055	2002	200202	3	1											0	1	68	69	0	0	0											4003	0									{"FixProcessors":{}}									50010010																																																																
2002056	2002	200202	4	1											0	1	70	71	0	0	0											4003	0									{"FixProcessors":{}}									50010046																																																																
2002062	2002	200202	5	5											0	1	72	73	0	0	0											4003	0									{"TargetArgs":{"2":{"400010":1}},"EnterActions":[{"ActionType":12001,"Params":{"$type":"XConfigLevelActionParamsLoadSceneObject","PlaceIdList":[400010],"AutoUnloadWhiteList":[]}},{"ActionType":16001,"Params":{"$type":"XConfigLevelActionParamsPlayDramaCaption","DramaCaptionName":"Caption200208","WaitComplete":false,"IsSequentialJob":true}}],"TraceActorArgs":[{"TargetType":2,"PlaceId":400010,"Id":0,"DisplayOffset":[0.0,0.0,0.0],"ShowEffect":false,"ForceMapPinActive":false,"InitHide":false,"Radius":0.0,"FloorNum":0}],"FixProcessors":{}}																																																																									
2002063	2002	200202	6	2	Drama_200211	0	0.0	0.0	0.0	0.0	0.0	0.0	0	0	0	1	74	75	0	0	0											4003	0									{"RecordDecisionClipSelect":{},"FixProcessors":{}}																																																																									
3020101	3020	30201	0	6											0	0	6	7	0	0	0											6001	0									{"ExitActions":[{"ActionType":12000,"Params":{"$type":"XConfigLevelActionParamsLoadNpc","PlaceIdList":[3200036],"AutoUnloadWhiteList":[]}}],"FixProcessors":{}}													302001	1																																																											
3020203	3020	30202	0	5											0	1	10	11	0	0	0											6001	0									{"TargetArgs":{"1":{"3200036":1},"2":{}},"ExitActions":[{"ActionType":21001,"Params":{"$type":"XConfigLevelActionParamsUnloadNpc","PlaceIdList":[3200036]}},{"ActionType":12000,"Params":{"$type":"XConfigLevelActionParamsLoadNpc","PlaceIdList":[3200035],"AutoUnloadWhiteList":[]}},{"ActionType":18001,"Params":{"$type":"XConfigLevelActionParamsRequestEnterInstLevel","InstLevelId":6002,"Position":[33.349998474121094,0.0,21.530000686645508],"Rotation":null}}],"TraceActorArgs":[{"TargetType":1,"PlaceId":3200036,"Id":7,"DisplayOffset":[0.0,2.200000047683716,0.0],"ShowEffect":false,"ForceMapPinActive":false,"InitHide":false,"Radius":2.0,"FloorNum":303}],"FixProcessors":{}}																																																																									
3020205	3020	30203	0	4											0	0	14	15	0	0	0											6001	0									{"TraceActorArgs":[{"TargetType":1,"PlaceId":3200035,"Id":8,"DisplayOffset":[0.0,2.200000047683716,0.0],"ShowEffect":false,"ForceMapPinActive":false,"InitHide":false,"Radius":1.0,"FloorNum":303}],"FixProcessors":{}}																6002	1	0	0	1																																																					
3020209	3020	30204	0	2	Drama302004	0	0.0	0.0	0.0	0.0	0.0	0.0	0	0	0	0	18	19	0	0	0											6001	0									{"RecordDecisionClipSelect":{},"EnterActions":[{"ActionType":12000,"Params":{"$type":"XConfigLevelActionParamsLoadNpc","PlaceIdList":[3200001],"AutoUnloadWhiteList":[3200001]}},{"ActionType":21001,"Params":{"$type":"XConfigLevelActionParamsUnloadNpc","PlaceIdList":[3200035]}}],"FixProcessors":{}}																																																																									
4026010	4026	402603	0	5											0	1	22	23	0	0	1							28000024	28000023	28000022		4026										{"TargetArgs":{"1":{"4":1}},"EnterActions":[{"ActionType":12001,"Params":{"$type":"XConfigLevelActionParamsLoadSceneObject","PlaceIdList":[58],"AutoUnloadWhiteList":[]}},{"ActionType":5001,"Params":{"$type":"XConfigLevelActionParamsEnableActorInteractableComponent","PlaceId":4,"ActorType":1,"Enable":true}}],"ExitActions":[{"ActionType":5001,"Params":{"$type":"XConfigLevelActionParamsEnableActorInteractableComponent","PlaceId":4,"ActorType":1,"Enable":false}}],"TraceActorArgs":[{"TargetType":1,"PlaceId":4,"Id":0,"DisplayOffset":[0.0,1.0,0.0],"ShowEffect":false,"ForceMapPinActive":false,"InitHide":false,"Radius":0.0,"FloorNum":0}]}																																																																									
10010101	1001	100101	0	7											0	1	6	7	0	0	0											4003	0									{"EnterActions":[{"ActionType":3003,"Params":{"$type":"XConfigLevelActionParamsControlSystemFunctionMap","IsLimit":true,"SystemFunctionType":3}},{"ActionType":3003,"Params":{"$type":"XConfigLevelActionParamsControlSystemFunctionTask","LimitType":1,"SystemFunctionType":2}},{"ActionType":5001,"Params":{"$type":"XConfigLevelActionParamsEnableActorInteractableComponent","PlaceId":2,"ActorType":2,"Enable":false}},{"ActionType":16001,"Params":{"$type":"XConfigLevelActionParamsPlayDramaCaption","DramaCaptionName":"Caption100106","WaitComplete":true,"IsSequentialJob":true}}],"ExitActions":[{"ActionType":21000,"Params":{"$type":"XConfigLevelActionParamsUnderTakeSelfQuest"}},{"ActionType":5001,"Params":{"$type":"XConfigLevelActionParamsEnableActorInteractableComponent","PlaceId":2,"ActorType":2,"Enable":true}},{"ActionType":3003,"Params":{"$type":"XConfigLevelActionParamsControlSystemFunctionMap","IsLimit":false,"SystemFunctionType":3}},{"ActionType":3003,"Params":{"$type":"XConfigLevelActionParamsControlSystemFunctionTask","LimitType":0,"SystemFunctionType":2}}],"FixProcessors":{}}	12.188030242919922	1.1446499824523926	13.875029563903809	40.0	0	0																																																																			
10010102	1001	100101	1	5											0	1	8	9	0	0	0											4003	0									{"TargetArgs":{"2":{"400006":1}},"EnterActions":[{"ActionType":12001,"Params":{"$type":"XConfigLevelActionParamsLoadSceneObject","PlaceIdList":[400006],"AutoUnloadWhiteList":[]}}],"ExitActions":[{"ActionType":21002,"Params":{"$type":"XConfigLevelActionParamsUnloadSceneObject","PlaceIdList":[400006]}}],"TraceActorArgs":[{"TargetType":2,"PlaceId":400006,"Id":0,"DisplayOffset":[0.0,0.5,0.0],"ShowEffect":false,"ForceMapPinActive":false,"InitHide":false,"Radius":0.0,"FloorNum":0}],"FixProcessors":{}}																																																																									
10010103	1001	100101	2	6											0	1	10	11	0	0	0											4003	0									{"FixProcessors":{}}													100101	1																																																											
10010104	1001	100101	3	5											0	1	12	13	0	0	1	28000000			2							4003	0									{"TargetArgs":{"2":{"400001":0}},"EnterActions":[{"ActionType":12001,"Params":{"$type":"XConfigLevelActionParamsLoadSceneObject","PlaceIdList":[400001,400029],"AutoUnloadWhiteList":[]}}],"ExitActions":[{"ActionType":21002,"Params":{"$type":"XConfigLevelActionParamsUnloadSceneObject","PlaceIdList":[400001,400029]}}],"TraceActorArgs":[{"TargetType":2,"PlaceId":400001,"Id":0,"DisplayOffset":[0.0,0.5,0.0],"ShowEffect":false,"ForceMapPinActive":false,"InitHide":false,"Radius":0.0,"FloorNum":0}],"FixProcessors":{}}																																																																									
10010105	1001	100101	4	5											0	1	14	15	0	0	0											4003	0									{"TargetArgs":{"2":{"400002":0}},"EnterActions":[{"ActionType":12001,"Params":{"$type":"XConfigLevelActionParamsLoadSceneObject","PlaceIdList":[400002],"AutoUnloadWhiteList":[]}},{"ActionType":16001,"Params":{"$type":"XConfigLevelActionParamsPlayDramaCaption","DramaCaptionName":"Caption100102","WaitComplete":false,"IsSequentialJob":false}}],"ExitActions":[{"ActionType":21002,"Params":{"$type":"XConfigLevelActionParamsUnloadSceneObject","PlaceIdList":[400002]}}],"TraceActorArgs":[{"TargetType":2,"PlaceId":400002,"Id":0,"DisplayOffset":[0.0,0.5,0.0],"ShowEffect":false,"ForceMapPinActive":false,"InitHide":false,"Radius":0.0,"FloorNum":0}],"FixProcessors":{}}																																																																									
10010106	1001	100101	5	2	Drama_1001_001	0	0.0	0.0	0.0	0.0	0.0	0.0	0	0	0	1	16	17	1	0	0											4003	0									{"RecordDecisionClipSelect":{},"FixProcessors":{}}																																																																									
10010107	1001	100101	6	5											0	1	18	19	0	0	0											4003	0									{"TargetArgs":{"2":{"400006":1}},"EnterActions":[{"ActionType":12001,"Params":{"$type":"XConfigLevelActionParamsLoadSceneObject","PlaceIdList":[400006,400020],"AutoUnloadWhiteList":[]}},{"ActionType":16002,"Params":{"$type":"XConfigLevelActionParamsPlayScreenEffect","ScreenEffectId":1001005,"EnableTimeParams":false,"EnterDuration":0.0,"HoldDuration":0.0,"ExitDuration":0.0,"IsWaitEnter":false}}],"ExitActions":[{"ActionType":21002,"Params":{"$type":"XConfigLevelActionParamsUnloadSceneObject","PlaceIdList":[400006]}}],"TraceActorArgs":[{"TargetType":2,"PlaceId":400006,"Id":0,"DisplayOffset":[0.0,0.5,0.0],"ShowEffect":false,"ForceMapPinActive":false,"InitHide":false,"Radius":0.0,"FloorNum":0}],"FixProcessors":{}}																																																																									
10010108	1001	100101	7	6											0	1	20	21	0	0	0											4003	0									{"FixProcessors":{}}													100102	1																																																											
10010109	1001	100102	0	7											0	1	26	27	0	0	0											4001	0									{"ExitActions":[{"ActionType":12000,"Params":{"$type":"XConfigLevelActionParamsLoadNpc","PlaceIdList":[900001],"AutoUnloadWhiteList":[]}}],"TracePosArgs":[{"Position":[572.0966796875,145.29530334472656,1395.4300537109375],"Id":0,"DisplayOffset":[0.0,0.0,0.0],"ShowEffect":false,"ForceMapPinActive":false,"InitHide":false,"Radius":0.0,"FloorNum":101}],"FixProcessors":{}}	572.0966796875	145.29530334472656	1395.4300537109375	200.0	0	0																																																																			
10010110	1001	100102	1	5											1	1	28	29	0	0	0											4003	0									{"TargetArgs":{"2":{"400004":0}},"EnterActions":[{"ActionType":12001,"Params":{"$type":"XConfigLevelActionParamsLoadSceneObject","PlaceIdList":[400004],"AutoUnloadWhiteList":[]}}],"ExitActions":[{"ActionType":21002,"Params":{"$type":"XConfigLevelActionParamsUnloadSceneObject","PlaceIdList":[400004]}}],"TraceActorArgs":[{"TargetType":2,"PlaceId":400004,"Id":0,"DisplayOffset":[0.0,0.5,0.0],"ShowEffect":false,"ForceMapPinActive":false,"InitHide":false,"Radius":0.0,"FloorNum":0}],"FixProcessors":{}}																																																																									
10010111	1001	100102	2	8											1	1	30	31	0	0	0											4003	0									{"TracePosArgs":[{"Position":[10.0,1.440000057220459,15.84000015258789],"Id":0,"DisplayOffset":[0.0,0.5,0.0],"ShowEffect":false,"ForceMapPinActive":false,"InitHide":false,"Radius":0.0,"FloorNum":0}],"FixProcessors":{}}																					UiBigWorldDIY																																																				
10010112	1001	100103	0	7											0	1	34	35	0	0	0											4001	0									{"EnterActions":[{"ActionType":23000,"Params":{"$type":"XConfigLevelActionParamsWaitTime","TimeSeconds":4}},{"ActionType":16001,"Params":{"$type":"XConfigLevelActionParamsPlayDramaCaption","DramaCaptionName":"Caption100103","WaitComplete":false,"IsSequentialJob":false}}],"TracePosArgs":[{"Position":[532.5399780273438,146.0218963623047,1319.9599609375],"Id":0,"DisplayOffset":[0.0,1.0,0.0],"ShowEffect":true,"ForceMapPinActive":false,"InitHide":false,"Radius":0.0,"FloorNum":101}],"FixProcessors":{}}	532.5399780273438	146.0218963623047	1319.9599609375	5.0	0	0																																																																			
10010113	1001	100103	1	2	Drama_1001_002	0	0.0	0.0	0.0	0.0	0.0	0.0	0	0	0	1	36	37	1	0	1	28000002			1							4001	0									{"RecordDecisionClipSelect":{},"ExitActions":[{"ActionType":21001,"Params":{"$type":"XConfigLevelActionParamsUnloadNpc","PlaceIdList":[900001]}}],"FixProcessors":{}}																																																																									
10010114	1001	100103	2	7											0	1	38	39	1	0	0											4001	0									{"EnterActions":[{"ActionType":12000,"Params":{"$type":"XConfigLevelActionParamsLoadNpc","PlaceIdList":[900002,900003,900017],"AutoUnloadWhiteList":[]}},{"ActionType":14001,"Params":{"$type":"XConfigLevelActionParamsNpcRelativeFollowMove","NpcPlaceId":900002,"IsFollowPlayer":true,"FollowTargetNpcPlaceId":0,"TargetAngle":45.0,"TargetRadius":1.0,"ChaseRadius":2.0,"NormalFollowRadius":0.5,"MaxIdleLagDistance":1.5,"IdleLookAtTargetDelayTime":1.0,"UseNavMesh":true,"StartFollowDelayTime":0.0,"EnableForceTeleport":true,"TeleportRange":10.0}}],"TracePosArgs":[{"Position":[584.1553955078125,144.58590698242188,1332.43896484375],"Id":0,"DisplayOffset":[0.0,1.0,0.0],"ShowEffect":true,"ForceMapPinActive":false,"InitHide":false,"Radius":0.0,"FloorNum":101}],"FixProcessors":{}}	584.1553955078125	144.58590698242188	1332.43896484375	8.0	0	0																																																																			
10010115	1001	100103	4	7											0	1	42	43	1	0	0											4001	0									{"TracePosArgs":[{"Position":[657.9343872070312,157.27980041503906,1208.7650146484375],"Id":8,"DisplayOffset":[0.0,1.0,0.0],"ShowEffect":true,"ForceMapPinActive":false,"InitHide":false,"Radius":0.0,"FloorNum":0}],"FixProcessors":{}}	657.9343872070312	150.0	1208.7650146484375	8.0	0	0																																																																			
10010116	1001	100103	5	7											0	1	44	45	1	0	0											4001	0									{"TracePosArgs":[{"Position":[667.1400756835938,160.75,1137.1610107421875],"Id":0,"DisplayOffset":[0.0,1.0,0.0],"ShowEffect":true,"ForceMapPinActive":false,"InitHide":false,"Radius":0.0,"FloorNum":102}],"FixProcessors":{}}	667.1400756835938	161.18820190429688	1137.1610107421875	8.0	0	0																																																																			
10010117	1001	100103	6	7											0	1	46	47	1	0	0											4001	0									{"TracePosArgs":[{"Position":[671.0338134765625,166.1553955078125,1117.988037109375],"Id":0,"DisplayOffset":[0.0,1.0,0.0],"ShowEffect":true,"ForceMapPinActive":false,"InitHide":false,"Radius":0.0,"FloorNum":102}],"FixProcessors":{}}	671.0338134765625	166.1553955078125	1117.988037109375	5.0	0	0																																																																			
10010118	1001	100103	7	5											0	1	48	49	0	0	0											4001	0									{"TargetArgs":{"1":{"900017":1}},"TraceActorArgs":[{"TargetType":1,"PlaceId":900017,"Id":0,"DisplayOffset":[0.0,2.200000047683716,0.0],"ShowEffect":false,"ForceMapPinActive":false,"InitHide":false,"Radius":0.0,"FloorNum":102}],"FixProcessors":{}}																																																																									
10010119	1001	100103	8	2	Drama_1001_003	0	0.0	0.0	0.0	0.0	0.0	0.0	0	0	0	1	50	51	1	0	0											4001	0									{"RecordDecisionClipSelect":{},"ExitActions":[{"ActionType":18001,"Params":{"$type":"XConfigLevelActionParamsRequestEnterInstLevel","InstLevelId":4026,"Position":[42.869998931884766,56.54999923706055,49.85499954223633],"Rotation":null}},{"ActionType":21001,"Params":{"$type":"XConfigLevelActionParamsUnloadNpc","PlaceIdList":[900002,900017]}}],"FixProcessors":{}}																																																																									
10010120	1001	100103	9	4											0	1	52	53	0	0	0											4001	0									{"EnterActions":[{"ActionType":12001,"Params":{"$type":"XConfigLevelActionParamsLoadSceneObject","PlaceIdList":[900001],"AutoUnloadWhiteList":[]}},{"ActionType":12000,"Params":{"$type":"XConfigLevelActionParamsLoadNpc","PlaceIdList":[900012],"AutoUnloadWhiteList":[]}}],"TraceActorArgs":[{"TargetType":2,"PlaceId":900001,"Id":1,"DisplayOffset":[0.0,0.5,0.0],"ShowEffect":false,"ForceMapPinActive":false,"InitHide":false,"Radius":0.0,"FloorNum":0}],"FixProcessors":{}}																4026	1	1	0	0																																																					
10010121	1001	100103	12	2	Drama_1001_004	0	0.0	0.0	0.0	0.0	0.0	0.0	0	0	0	1	58	59	0	0	0											4001	0									{"RecordDecisionClipSelect":{},"ExitActions":[{"ActionType":21001,"Params":{"$type":"XConfigLevelActionParamsUnloadNpc","PlaceIdList":[900003]}}],"FixProcessors":{}}																																																																									
10010122	1001	100103	13	7											0	1	60	61	1	0	0											4001	0									{"EnterActions":[{"ActionType":12000,"Params":{"$type":"XConfigLevelActionParamsLoadNpc","PlaceIdList":[900004,900005,900006,900007,900008,900009,900010,900011,900018,900020],"AutoUnloadWhiteList":[]}},{"ActionType":12000,"Params":{"$type":"XConfigLevelActionParamsLoadNpc","PlaceIdList":[900023],"AutoUnloadWhiteList":[]}},{"ActionType":14001,"Params":{"$type":"XConfigLevelActionParamsNpcRelativeFollowMove","NpcPlaceId":900023,"IsFollowPlayer":true,"FollowTargetNpcPlaceId":0,"TargetAngle":45.0,"TargetRadius":1.0,"ChaseRadius":2.0,"NormalFollowRadius":0.5,"MaxIdleLagDistance":1.5,"IdleLookAtTargetDelayTime":2.0,"UseNavMesh":true,"StartFollowDelayTime":0.0,"EnableForceTeleport":true,"TeleportRange":10.0}}],"TracePosArgs":[{"Position":[677.2227172851562,167.99020385742188,1124.7030029296875],"Id":0,"DisplayOffset":[0.0,1.0,0.0],"ShowEffect":true,"ForceMapPinActive":false,"InitHide":false,"Radius":0.0,"FloorNum":102}],"FixProcessors":{}}	677.2227172851562	167.99020385742188	1124.7030029296875	5.0	0	0																																																																			
10010123	1001	100103	14	5											0	1	62	63	0	0	0											4001	0									{"TargetArgs":{"1":{"900004":1}},"EnterActions":[{"ActionType":16001,"Params":{"$type":"XConfigLevelActionParamsPlayDramaCaption","DramaCaptionName":"Caption100225","WaitComplete":false,"IsSequentialJob":false}}],"TraceActorArgs":[{"TargetType":1,"PlaceId":900004,"Id":0,"DisplayOffset":[0.0,2.200000047683716,0.0],"ShowEffect":false,"ForceMapPinActive":false,"InitHide":false,"Radius":0.0,"FloorNum":102}],"FixProcessors":{}}																																																																									
10010124	1001	100103	15	2	Drama_1001_005	0	0.0	0.0	0.0	0.0	0.0	0.0	0	0	0	1	64	65	1	0	0											4001	0									{"RecordDecisionClipSelect":{},"FixProcessors":{}}																																																																									
10010125	1001	100103	16	7											0	1	66	67	0	0	0											4001	0									{"EnterActions":[{"ActionType":5001,"Params":{"$type":"XConfigLevelActionParamsEnableActorInteractableComponent","PlaceId":900004,"ActorType":1,"Enable":false}}],"TracePosArgs":[{"Position":[615.2905883789062,167.0220947265625,1139.4339599609375],"Id":0,"DisplayOffset":[0.0,1.0,0.0],"ShowEffect":true,"ForceMapPinActive":false,"InitHide":false,"Radius":0.0,"FloorNum":102}],"FixProcessors":{}}	615.2905883789062	167.0220947265625	1139.4339599609375	8.0	0	0																																																																			
10010126	1001	100103	17	7											0	1	68	69	0	0	0											4001	0									{"TracePosArgs":[{"Position":[551.6892700195312,167.0220947265625,1127.446044921875],"Id":0,"DisplayOffset":[0.0,1.0,0.0],"ShowEffect":true,"ForceMapPinActive":false,"InitHide":false,"Radius":0.0,"FloorNum":102}],"FixProcessors":{}}	551.6892700195312	167.0220947265625	1127.446044921875	8.0	0	0																																																																			
10010127	1001	100103	19	7											0	1	72	73	0	0	0											4001	0									{"TracePosArgs":[{"Position":[553.9417114257812,169.4591064453125,1173.8050537109375],"Id":0,"DisplayOffset":[0.0,1.0,0.0],"ShowEffect":true,"ForceMapPinActive":false,"InitHide":false,"Radius":0.0,"FloorNum":102}],"FixProcessors":{}}	553.9417114257812	169.4591064453125	1173.8050537109375	5.0	0	0																																																																			
10010128	1001	100103	20	2	Drama_1001_006	0	0.0	0.0	0.0	0.0	0.0	0.0	0	0	0	1	74	75	1	0	0											4001	0									{"RecordDecisionClipSelect":{},"FixProcessors":{}}																																																																									
10010129	1001	100103	21	7											0	1	76	77	1	0	0											4001	0									{"EnterActions":[{"ActionType":23000,"Params":{"$type":"XConfigLevelActionParamsWaitTime","TimeSeconds":1}},{"ActionType":16001,"Params":{"$type":"XConfigLevelActionParamsPlayDramaCaption","DramaCaptionName":"Caption100111","WaitComplete":false,"IsSequentialJob":false}}],"TracePosArgs":[{"Position":[542.8729248046875,168.54339599609375,1186.3680419921875],"Id":0,"DisplayOffset":[0.0,1.0,0.0],"ShowEffect":true,"ForceMapPinActive":false,"InitHide":false,"Radius":0.0,"FloorNum":102}],"FixProcessors":{}}	542.8729248046875	168.54339599609375	1186.3680419921875	5.0	0	0																																																																			
10010130	1001	100103	23	7											0	1	80	81	1	0	0											4001	0									{"EnterActions":[{"ActionType":16002,"Params":{"$type":"XConfigLevelActionParamsPlayScreenEffect","ScreenEffectId":1001005,"EnableTimeParams":false,"EnterDuration":0.0,"HoldDuration":0.0,"ExitDuration":0.0,"IsWaitEnter":false}},{"ActionType":12000,"Params":{"$type":"XConfigLevelActionParamsLoadNpc","PlaceIdList":[900016],"AutoUnloadWhiteList":[]}},{"ActionType":16001,"Params":{"$type":"XConfigLevelActionParamsPlayDramaCaption","DramaCaptionName":"Caption100223","WaitComplete":true,"IsSequentialJob":false}}],"ExitActions":[{"ActionType":21001,"Params":{"$type":"XConfigLevelActionParamsUnloadNpc","PlaceIdList":[900016]}}],"FixProcessors":{}}	553.7946166992188	168.54339599609375	1196.56005859375	30.0	0	0																																																																			
10010131	1001	100103	24	7											0	1	82	83	0	0	0											4001	0									{"EnterActions":[{"ActionType":16001,"Params":{"$type":"XConfigLevelActionParamsPlayDramaCaption","DramaCaptionName":"Caption100227","WaitComplete":false,"IsSequentialJob":false}},{"ActionType":21001,"Params":{"$type":"XConfigLevelActionParamsUnloadNpc","PlaceIdList":[900004,900005,900006,900007,900008,900010,900011,900018,900020,900009]}},{"ActionType":21002,"Params":{"$type":"XConfigLevelActionParamsUnloadSceneObject","PlaceIdList":[800044]}},{"ActionType":12001,"Params":{"$type":"XConfigLevelActionParamsLoadSceneObject","PlaceIdList":[900003,900006,900010],"AutoUnloadWhiteList":[]}},{"ActionType":12000,"Params":{"$type":"XConfigLevelActionParamsLoadNpc","PlaceIdList":[900015],"AutoUnloadWhiteList":[]}}],"TracePosArgs":[{"Position":[566.2319946289062,168.54339599609375,1203.2490234375],"Id":0,"DisplayOffset":[0.0,1.0,0.0],"ShowEffect":true,"ForceMapPinActive":false,"InitHide":false,"Radius":0.0,"FloorNum":102}],"FixProcessors":{}}	566.2319946289062	168.54339599609375	1203.2490234375	5.0	0	0																																																																			
10010132	1001	100103	25	2	Drama_1001_007	0	0.0	0.0	0.0	0.0	0.0	0.0	0	0	0	1	84	85	0	0	0											4001	0									{"RecordDecisionClipSelect":{},"EnterActions":[{"ActionType":21002,"Params":{"$type":"XConfigLevelActionParamsUnloadSceneObject","PlaceIdList":[900010]}},{"ActionType":11000,"Params":{"$type":"XConfigLevelActionParamsKillScreenEffectById","EffectIdList":[1001005]}}],"ExitActions":[{"ActionType":21001,"Params":{"$type":"XConfigLevelActionParamsUnloadNpc","PlaceIdList":[900015]}},{"ActionType":21001,"Params":{"$type":"XConfigLevelActionParamsUnloadNpc","PlaceIdList":[900023]}},{"ActionType":16001,"Params":{"$type":"XConfigLevelActionParamsPlayDramaCaption","DramaCaptionName":"Caption100230","WaitComplete":false,"IsSequentialJob":false}}],"FixProcessors":{}}																																																																									
10010133	1001	100104	0	7											0	1	88	89	0	0	0											4003	0									{"TracePosArgs":[{"Position":[18.43000030517578,1.6299999952316284,17.549999237060547],"Id":0,"DisplayOffset":[0.0,0.5,0.0],"ShowEffect":false,"ForceMapPinActive":false,"InitHide":false,"Radius":0.0,"FloorNum":0}],"FixProcessors":{}}	18.43000030517578	1.6299999952316284	17.549999237060547	15.0	0	0																																																																			
10010134	1001	100104	1	5											1	1	90	91	0	0	0											4001	0									{"TargetArgs":{"2":{"900006":1}},"TraceActorArgs":[{"TargetType":2,"PlaceId":900006,"Id":0,"DisplayOffset":[0.0,0.5,0.0],"ShowEffect":false,"ForceMapPinActive":false,"InitHide":false,"Radius":0.0,"FloorNum":102}],"FixProcessors":{}}																																																																									
10010135	1001	100104	2	5											1	1	92	93	0	0	0											4001	0									{"TargetArgs":{"2":{"900003":1}},"TraceActorArgs":[{"TargetType":2,"PlaceId":900003,"Id":0,"DisplayOffset":[0.0,0.5,0.0],"ShowEffect":false,"ForceMapPinActive":false,"InitHide":false,"Radius":0.0,"FloorNum":102}],"FixProcessors":{}}																																																																									
10010136	1001	100105	0	5											0	1	96	97	0	0	1							28000002				4003	0									{"TargetArgs":{"2":{"400019":0}},"EnterActions":[{"ActionType":16002,"Params":{"$type":"XConfigLevelActionParamsPlayScreenEffect","ScreenEffectId":1001005,"EnableTimeParams":false,"EnterDuration":0.0,"HoldDuration":0.0,"ExitDuration":0.0,"IsWaitEnter":false}},{"ActionType":12001,"Params":{"$type":"XConfigLevelActionParamsLoadSceneObject","PlaceIdList":[400019],"AutoUnloadWhiteList":[]}},{"ActionType":21002,"Params":{"$type":"XConfigLevelActionParamsUnloadSceneObject","PlaceIdList":[400004]}}],"ExitActions":[{"ActionType":21002,"Params":{"$type":"XConfigLevelActionParamsUnloadSceneObject","PlaceIdList":[400019]}},{"ActionType":12001,"Params":{"$type":"XConfigLevelActionParamsLoadSceneObject","PlaceIdList":[400003],"AutoUnloadWhiteList":[]}},{"ActionType":16001,"Params":{"$type":"XConfigLevelActionParamsPlayDramaCaption","DramaCaptionName":"Caption100112","WaitComplete":true,"IsSequentialJob":false}}],"TraceActorArgs":[{"TargetType":2,"PlaceId":400019,"Id":0,"DisplayOffset":[0.0,0.5,0.0],"ShowEffect":false,"ForceMapPinActive":false,"InitHide":false,"Radius":0.0,"FloorNum":0}],"FixProcessors":{}}																																																																									
10010137	1001	100105	1	5											0	1	98	99	0	0	0											4003	0									{"TargetArgs":{"2":{"400005":0}},"EnterActions":[{"ActionType":12001,"Params":{"$type":"XConfigLevelActionParamsLoadSceneObject","PlaceIdList":[400005],"AutoUnloadWhiteList":[]}}],"ExitActions":[{"ActionType":21002,"Params":{"$type":"XConfigLevelActionParamsUnloadSceneObject","PlaceIdList":[400005]}}],"TraceActorArgs":[{"TargetType":2,"PlaceId":400005,"Id":0,"DisplayOffset":[0.0,0.5,0.0],"ShowEffect":false,"ForceMapPinActive":false,"InitHide":false,"Radius":0.0,"FloorNum":0}],"FixProcessors":{}}																																																																									
10010138	1001	100105	3	2	Drama_1001_008	0	0.0	0.0	0.0	0.0	0.0	0.0	16	0	0	1	102	103	1	0	0											4003	0									{"RecordDecisionClipSelect":{},"FixProcessors":{}}																																																																									
10010139	1001	100105	4	5											0	1	104	105	0	0	0											4003	0									{"TargetArgs":{"2":{"400006":1}},"EnterActions":[{"ActionType":12001,"Params":{"$type":"XConfigLevelActionParamsLoadSceneObject","PlaceIdList":[400006],"AutoUnloadWhiteList":[]}}],"ExitActions":[{"ActionType":21002,"Params":{"$type":"XConfigLevelActionParamsUnloadSceneObject","PlaceIdList":[400006]}}],"TraceActorArgs":[{"TargetType":2,"PlaceId":400006,"Id":0,"DisplayOffset":[0.0,0.5,0.0],"ShowEffect":false,"ForceMapPinActive":false,"InitHide":false,"Radius":0.0,"FloorNum":0}],"FixProcessors":{}}																																																																									
10010140	1001	100105	5	6											0	1	106	107	0	0	0											4003	0									{"FixProcessors":{}}													100103	1																																																											
10010141	1001	100105	6	7											0	1	108	109	0	0	0											4003	0									{"EnterActions":[{"ActionType":21002,"Params":{"$type":"XConfigLevelActionParamsUnloadSceneObject","PlaceIdList":[300001,300002,300003,300004,300005]}},{"ActionType":16002,"Params":{"$type":"XConfigLevelActionParamsPlayScreenEffect","ScreenEffectId":1001005,"EnableTimeParams":false,"EnterDuration":0.0,"HoldDuration":0.0,"ExitDuration":0.0,"IsWaitEnter":false}},{"ActionType":23000,"Params":{"$type":"XConfigLevelActionParamsWaitTime","TimeSeconds":1}},{"ActionType":19007,"Params":{"$type":"XConfigLevelActionParamsSetSystemFuncEntryEnableBatch","EnableList":[],"DisableList":[5]}},{"ActionType":3003,"Params":{"$type":"XConfigLevelActionParamsControlSystemFunctionMap","IsLimit":true,"SystemFunctionType":3}},{"ActionType":3003,"Params":{"$type":"XConfigLevelActionParamsControlSystemFunctionTask","LimitType":1,"SystemFunctionType":2}},{"ActionType":5001,"Params":{"$type":"XConfigLevelActionParamsEnableActorInteractableComponent","PlaceId":2,"ActorType":2,"Enable":false}},{"ActionType":16001,"Params":{"$type":"XConfigLevelActionParamsPlayDramaCaption","DramaCaptionName":"Caption100119","WaitComplete":true,"IsSequentialJob":false}}],"ExitActions":[{"ActionType":16002,"Params":{"$type":"XConfigLevelActionParamsPlayScreenEffect","ScreenEffectId":1001003,"EnableTimeParams":false,"EnterDuration":0.0,"HoldDuration":0.0,"ExitDuration":0.0,"IsWaitEnter":false}},{"ActionType":23000,"Params":{"$type":"XConfigLevelActionParamsWaitTime","TimeSeconds":1}},{"ActionType":19008,"Params":{"$type":"XConfigLevelActionParamsShowTip","Id":4001013,"Var":0}}],"FixProcessors":{}}	11.891650199890137	0.7670596241950989	20.402889251708984	40.0	0	0																																																																			
10010142	1001	100106	0	5											0	1	112	113	0	0	0											4003	0									{"TargetArgs":{"2":{"400011":0}},"EnterActions":[{"ActionType":12001,"Params":{"$type":"XConfigLevelActionParamsLoadSceneObject","PlaceIdList":[400011],"AutoUnloadWhiteList":[]}},{"ActionType":19007,"Params":{"$type":"XConfigLevelActionParamsSetSystemFuncEntryEnableBatch","EnableList":[9],"DisableList":[]}}],"ExitActions":[{"ActionType":5001,"Params":{"$type":"XConfigLevelActionParamsEnableActorInteractableComponent","PlaceId":400011,"ActorType":2,"Enable":false}},{"ActionType":16001,"Params":{"$type":"XConfigLevelActionParamsPlayDramaCaption","DramaCaptionName":"Caption100114","WaitComplete":true,"IsSequentialJob":false}},{"ActionType":21002,"Params":{"$type":"XConfigLevelActionParamsUnloadSceneObject","PlaceIdList":[400011]}}],"FixProcessors":{}}																																																																									
10010143	1001	100106	1	5											0	1	114	115	0	0	0											4003	0									{"TargetArgs":{"2":{"400012":0}},"EnterActions":[{"ActionType":12001,"Params":{"$type":"XConfigLevelActionParamsLoadSceneObject","PlaceIdList":[400012],"AutoUnloadWhiteList":[]}}],"ExitActions":[{"ActionType":5001,"Params":{"$type":"XConfigLevelActionParamsEnableActorInteractableComponent","PlaceId":400012,"ActorType":2,"Enable":false}},{"ActionType":16001,"Params":{"$type":"XConfigLevelActionParamsPlayDramaCaption","DramaCaptionName":"Caption100115","WaitComplete":true,"IsSequentialJob":false}},{"ActionType":21002,"Params":{"$type":"XConfigLevelActionParamsUnloadSceneObject","PlaceIdList":[400012]}}],"FixProcessors":{}}																																																																									
10010144	1001	100106	2	5											0	1	116	117	0	0	0											4003	0									{"TargetArgs":{"2":{"400013":0}},"EnterActions":[{"ActionType":12001,"Params":{"$type":"XConfigLevelActionParamsLoadSceneObject","PlaceIdList":[400013,400027,400028],"AutoUnloadWhiteList":[]}}],"ExitActions":[{"ActionType":5001,"Params":{"$type":"XConfigLevelActionParamsEnableActorInteractableComponent","PlaceId":400013,"ActorType":2,"Enable":false}},{"ActionType":16001,"Params":{"$type":"XConfigLevelActionParamsPlayDramaCaption","DramaCaptionName":"Caption100116","WaitComplete":true,"IsSequentialJob":false}},{"ActionType":21002,"Params":{"$type":"XConfigLevelActionParamsUnloadSceneObject","PlaceIdList":[400013]}}],"FixProcessors":{}}																																																																									
10010145	1001	100107	0	5											0	1	120	121	0	0	0											4003	0									{"TargetArgs":{"2":{"400014":0}},"EnterActions":[{"ActionType":12001,"Params":{"$type":"XConfigLevelActionParamsLoadSceneObject","PlaceIdList":[400014],"AutoUnloadWhiteList":[]}},{"ActionType":16001,"Params":{"$type":"XConfigLevelActionParamsPlayDramaCaption","DramaCaptionName":"Caption100117","WaitComplete":true,"IsSequentialJob":false}},{"ActionType":19008,"Params":{"$type":"XConfigLevelActionParamsShowTip","Id":4001013,"Var":0}}],"ExitActions":[{"ActionType":5001,"Params":{"$type":"XConfigLevelActionParamsEnableActorInteractableComponent","PlaceId":400014,"ActorType":2,"Enable":false}},{"ActionType":16001,"Params":{"$type":"XConfigLevelActionParamsPlayDramaCaption","DramaCaptionName":"Caption100118","WaitComplete":true,"IsSequentialJob":false}},{"ActionType":19007,"Params":{"$type":"XConfigLevelActionParamsSetSystemFuncEntryEnableBatch","EnableList":[5],"DisableList":[9]}},{"ActionType":3003,"Params":{"$type":"XConfigLevelActionParamsControlSystemFunctionMap","IsLimit":false,"SystemFunctionType":3}},{"ActionType":3003,"Params":{"$type":"XConfigLevelActionParamsControlSystemFunctionTask","LimitType":0,"SystemFunctionType":2}},{"ActionType":5001,"Params":{"$type":"XConfigLevelActionParamsEnableActorInteractableComponent","PlaceId":2,"ActorType":2,"Enable":true}},{"ActionType":21002,"Params":{"$type":"XConfigLevelActionParamsUnloadSceneObject","PlaceIdList":[400014,400027,400028]}}],"FixProcessors":{}}																																																																									
10010146	1001	100108	1	5											1	1	126	127	0	0	0											4003	0									{"TargetArgs":{"2":{"400004":0}},"EnterActions":[{"ActionType":12001,"Params":{"$type":"XConfigLevelActionParamsLoadSceneObject","PlaceIdList":[400004],"AutoUnloadWhiteList":[]}}],"ExitActions":[{"ActionType":21002,"Params":{"$type":"XConfigLevelActionParamsUnloadSceneObject","PlaceIdList":[400004]}}],"TraceActorArgs":[{"TargetType":2,"PlaceId":400004,"Id":0,"DisplayOffset":[0.0,0.5,0.0],"ShowEffect":false,"ForceMapPinActive":false,"InitHide":false,"Radius":0.0,"FloorNum":0}],"FixProcessors":{}}																																																																									
10010147	1001	100108	2	8											1	1	128	129	0	0	0											4003	0									{"TracePosArgs":[{"Position":[10.0,1.440000057220459,15.84000015258789],"Id":0,"DisplayOffset":[0.0,0.5,0.0],"ShowEffect":false,"ForceMapPinActive":false,"InitHide":false,"Radius":0.0,"FloorNum":0}],"FixProcessors":{}}																					UiBigWorldDIY																																																				
10010148	1001	100108	0	7											0	1	124	125	0	0	0											4001	0									{"EnterActions":[{"ActionType":12000,"Params":{"$type":"XConfigLevelActionParamsLoadNpc","PlaceIdList":[900001],"AutoUnloadWhiteList":[]}}],"TracePosArgs":[{"Position":[572.0966796875,145.29530334472656,1395.4300537109375],"Id":0,"DisplayOffset":[0.0,0.0,0.0],"ShowEffect":false,"ForceMapPinActive":false,"InitHide":false,"Radius":0.0,"FloorNum":101}],"FixProcessors":{}}	572.0966796875	145.29530334472656	1395.4300537109375	200.0	0	0																																																																			
10010149	1001	100109	0	7											0	1	132	133	0	0	0											4001	0									{"EnterActions":[{"ActionType":21002,"Params":{"$type":"XConfigLevelActionParamsUnloadSceneObject","PlaceIdList":[900003,900006]}}],"TracePosArgs":[{"Position":[532.989990234375,145.97000122070312,1323.7099609375],"Id":0,"DisplayOffset":[0.0,1.0,0.0],"ShowEffect":true,"ForceMapPinActive":false,"InitHide":false,"Radius":0.0,"FloorNum":101}],"FixProcessors":{}}	532.989990234375	145.97000122070312	1323.7099609375	5.0	0	0																																																																			
10010150	1001	100109	1	2	Drama_1001_010	0	0.0	0.0	0.0	0.0	0.0	0.0	0	0	0	1	134	135	1	0	1	28000003			1							4001	0									{"RecordDecisionClipSelect":{},"ExitActions":[{"ActionType":21001,"Params":{"$type":"XConfigLevelActionParamsUnloadNpc","PlaceIdList":[900001]}}],"FixProcessors":{}}																																																																									
10010151	1001	100109	2	7											0	1	136	137	1	0	0											4001	0									{"EnterActions":[{"ActionType":12000,"Params":{"$type":"XConfigLevelActionParamsLoadNpc","PlaceIdList":[900002,900013],"AutoUnloadWhiteList":[]}},{"ActionType":14001,"Params":{"$type":"XConfigLevelActionParamsNpcRelativeFollowMove","NpcPlaceId":900002,"IsFollowPlayer":true,"FollowTargetNpcPlaceId":0,"TargetAngle":45.0,"TargetRadius":1.0,"ChaseRadius":2.0,"NormalFollowRadius":0.5,"MaxIdleLagDistance":1.5,"IdleLookAtTargetDelayTime":2.0,"UseNavMesh":true,"StartFollowDelayTime":0.0,"EnableForceTeleport":true,"TeleportRange":10.0}}],"TracePosArgs":[{"Position":[584.1553955078125,144.58590698242188,1332.43896484375],"Id":0,"DisplayOffset":[0.0,1.0,0.0],"ShowEffect":true,"ForceMapPinActive":false,"InitHide":false,"Radius":0.0,"FloorNum":101}],"FixProcessors":{}}	584.1553955078125	144.58590698242188	1332.43896484375	5.0	0	0																																																																			
10010152	1001	100109	3	7											0	1	138	139	0	0	0											4001	0									{"TracePosArgs":[{"Position":[687.0139770507812,156.22979736328125,1222.0460205078125],"Id":0,"DisplayOffset":[0.0,1.0,0.0],"ShowEffect":true,"ForceMapPinActive":false,"InitHide":false,"Radius":0.0,"FloorNum":102}],"FixProcessors":{}}	687.0139770507812	156.22979736328125	1222.0460205078125	10.0	0	0																																																																			
10010153	1001	100109	4	2	Drama_1001_039	0	0.0	0.0	0.0	0.0	0.0	0.0	3	0	0	1	140	141	1	0	0											4001	0									{"RecordDecisionClipSelect":{},"FixProcessors":{}}																																																																									
10010154	1001	100109	5	2	Drama_1001_011	0	0.0	0.0	0.0	0.0	0.0	0.0	3	0	0	1	142	143	1	0	0											4001	0									{"RecordDecisionClipSelect":{},"FixProcessors":{}}																																																																									
10010155	1001	100109	6	7											0	1	144	145	1	0	0											4001	0									{"EnterActions":[{"ActionType":23000,"Params":{"$type":"XConfigLevelActionParamsWaitTime","TimeSeconds":1}},{"ActionType":16001,"Params":{"$type":"XConfigLevelActionParamsPlayDramaCaption","DramaCaptionName":"Caption100220","WaitComplete":false,"IsSequentialJob":false}}],"TracePosArgs":[{"Position":[657.3599853515625,158.85000610351562,1189.1800537109375],"Id":0,"DisplayOffset":[0.0,1.0,0.0],"ShowEffect":true,"ForceMapPinActive":false,"InitHide":false,"Radius":0.0,"FloorNum":102}],"FixProcessors":{}}	657.3599853515625	158.85000610351562	1189.1800537109375	5.0	0	0																																																																			
10010156	1001	100109	7	7											0	1	146	147	1	0	0											4001	0									{"TracePosArgs":[{"Position":[650.2899780273438,160.35000610351562,1125.9300537109375],"Id":0,"DisplayOffset":[0.0,1.0,0.0],"ShowEffect":true,"ForceMapPinActive":false,"InitHide":false,"Radius":0.0,"FloorNum":102}],"FixProcessors":{}}	650.2899780273438	160.35000610351562	1125.9300537109375	5.0	0	0																																																																			
10010157	1001	100109	8	7											0	1	148	149	1	0	0											4001	0									{"EnterActions":[{"ActionType":16001,"Params":{"$type":"XConfigLevelActionParamsPlayDramaCaption","DramaCaptionName":"Caption100221","WaitComplete":false,"IsSequentialJob":false}}],"TracePosArgs":[{"Position":[617.8900146484375,167.02000427246094,1140.260009765625],"Id":0,"DisplayOffset":[0.0,1.0,0.0],"ShowEffect":true,"ForceMapPinActive":false,"InitHide":false,"Radius":0.0,"FloorNum":102}],"FixProcessors":{}}	617.8900146484375	167.02000427246094	1140.260009765625	10.0	0	0																																																																			
10010158	1001	100109	10	7											0	1	152	153	1	0	0											4001	0									{"TracePosArgs":[{"Position":[569.94677734375,168.54339599609375,1201.68994140625],"Id":0,"DisplayOffset":[0.0,1.0,0.0],"ShowEffect":true,"ForceMapPinActive":false,"InitHide":false,"Radius":0.0,"FloorNum":102}],"FixProcessors":{}}	569.94677734375	168.54339599609375	1201.68994140625	5.0	0	0																																																																			
10010159	1001	100109	11	7											0	1	154	155	0	0	0											4001	0									{"TracePosArgs":[{"Position":[553.6055297851562,169.4591064453125,1176.510986328125],"Id":0,"DisplayOffset":[0.0,1.0,0.0],"ShowEffect":true,"ForceMapPinActive":false,"InitHide":false,"Radius":0.0,"FloorNum":102}],"FixProcessors":{}}	553.6055297851562	169.4591064453125	1176.510986328125	5.0	0	0																																																																			
10010160	1001	100109	12	2	Drama_1001_012	0	0.0	0.0	0.0	0.0	0.0	0.0	0	0	0	1	156	157	0	0	0											4001	0									{"RecordDecisionClipSelect":{},"FixProcessors":{}}																																																																									
10010161	1001	100111	4	7											0	1	176	177	0	0	0											4001	0									{"EnterActions":[{"ActionType":12000,"Params":{"$type":"XConfigLevelActionParamsLoadNpc","PlaceIdList":[900023],"AutoUnloadWhiteList":[]}},{"ActionType":14001,"Params":{"$type":"XConfigLevelActionParamsNpcRelativeFollowMove","NpcPlaceId":900023,"IsFollowPlayer":true,"FollowTargetNpcPlaceId":0,"TargetAngle":45.0,"TargetRadius":1.0,"ChaseRadius":2.0,"NormalFollowRadius":0.5,"MaxIdleLagDistance":3.0,"IdleLookAtTargetDelayTime":0.0,"UseNavMesh":true,"StartFollowDelayTime":0.0,"EnableForceTeleport":true,"TeleportRange":10.0}}],"TracePosArgs":[{"Position":[671.2379760742188,166.15890502929688,1117.385009765625],"Id":0,"DisplayOffset":[0.0,1.0,0.0],"ShowEffect":true,"ForceMapPinActive":false,"InitHide":false,"Radius":0.0,"FloorNum":102}],"FixProcessors":{}}	671.2379760742188	166.15890502929688	1117.385009765625	5.0	0	0																																																																			
10010162	1001	100110	1	5											1	1	162	163	0	0	0											4001	0									{"TargetArgs":{"2":{"900003":1}},"EnterActions":[{"ActionType":12001,"Params":{"$type":"XConfigLevelActionParamsLoadSceneObject","PlaceIdList":[900003],"AutoUnloadWhiteList":[]}}],"TraceActorArgs":[{"TargetType":2,"PlaceId":900003,"Id":0,"DisplayOffset":[0.0,0.5,0.0],"ShowEffect":false,"ForceMapPinActive":false,"InitHide":false,"Radius":0.0,"FloorNum":102}],"FixProcessors":{}}																																																																									
10010163	1001	100110	2	5											1	1	164	165	0	0	0											4001	0									{"TargetArgs":{"2":{"900006":1}},"EnterActions":[{"ActionType":12001,"Params":{"$type":"XConfigLevelActionParamsLoadSceneObject","PlaceIdList":[900006],"AutoUnloadWhiteList":[]}}],"TraceActorArgs":[{"TargetType":2,"PlaceId":900006,"Id":0,"DisplayOffset":[0.0,0.5,0.0],"ShowEffect":false,"ForceMapPinActive":false,"InitHide":false,"Radius":0.0,"FloorNum":102}],"FixProcessors":{}}																																																																									
10010164	1001	100111	0	7											0	1	168	169	1	0	0											4001	0									{"EnterActions":[{"ActionType":12000,"Params":{"$type":"XConfigLevelActionParamsLoadNpc","PlaceIdList":[900004,900005,900006,900007,900008,900009,900010,900011,900018,900019,900020,900021],"AutoUnloadWhiteList":[]}}],"TracePosArgs":[{"Position":[591.982421875,167.0220947265625,1122.4940185546875],"Id":0,"DisplayOffset":[0.0,1.0,0.0],"ShowEffect":true,"ForceMapPinActive":false,"InitHide":false,"Radius":0.0,"FloorNum":102}],"FixProcessors":{}}	591.982421875	167.0220947265625	1122.4940185546875	10.0	0	0																																																																			
10010165	1001	100110	0	7											0	1	160	161	0	0	0											4001	0									{"TracePosArgs":[{"Position":[539.4437255859375,168.54339599609375,1143.031005859375],"Id":0,"DisplayOffset":[0.0,1.0,0.0],"ShowEffect":true,"ForceMapPinActive":false,"InitHide":false,"Radius":0.0,"FloorNum":102}],"FixProcessors":{}}	539.4437255859375	168.54339599609375	1143.031005859375	10.0	0	0																																																																			
10010166	1001	100111	2	7											0	1	172	173	0	0	0											4001	0									{"ExitActions":[{"ActionType":21001,"Params":{"$type":"XConfigLevelActionParamsUnloadNpc","PlaceIdList":[900013]}}],"TracePosArgs":[{"Position":[657.030029296875,160.35000610351562,1136.989990234375],"Id":0,"DisplayOffset":[0.0,1.0,0.0],"ShowEffect":true,"ForceMapPinActive":false,"InitHide":false,"Radius":0.0,"FloorNum":102}],"FixProcessors":{}}	657.030029296875	160.35000610351562	1136.989990234375	8.0	0	0																																																																			
10010167	1001	100111	3	2	Drama_1001_013	0	0.0	0.0	0.0	0.0	0.0	0.0	0	0	0	1	174	175	1	0	0											4001	0									{"RecordDecisionClipSelect":{},"ExitActions":[{"ActionType":21002,"Params":{"$type":"XConfigLevelActionParamsUnloadSceneObject","PlaceIdList":[900003,900006]}},{"ActionType":21001,"Params":{"$type":"XConfigLevelActionParamsUnloadNpc","PlaceIdList":[900002,900021]}}],"FixProcessors":{}}																																																																									
10010168	1001	100111	5	7											0	1	178	179	0	0	0											4001	0									{"TracePosArgs":[{"Position":[658.2081909179688,160.36070251464844,1141.5880126953125],"Id":0,"DisplayOffset":[0.0,1.0,0.0],"ShowEffect":true,"ForceMapPinActive":false,"InitHide":false,"Radius":0.0,"FloorNum":102}],"FixProcessors":{}}	658.2081909179688	160.36070251464844	1141.5880126953125	10.0	0	0																																																																			
10010169	1001	100111	6	7											0	1	180	181	1	0	0											4001	0									{"TracePosArgs":[{"Position":[657.7575073242188,157.2799072265625,1206.114013671875],"Id":0,"DisplayOffset":[0.0,1.0,0.0],"ShowEffect":true,"ForceMapPinActive":false,"InitHide":false,"Radius":0.0,"FloorNum":102}],"FixProcessors":{}}	657.7575073242188	157.2799072265625	1206.114013671875	10.0	0	0																																																																			
10010170	1001	100111	7	7											0	1	182	183	1	0	0											4001	0									{"TracePosArgs":[{"Position":[638.6649780273438,156.9958038330078,1303.7139892578125],"Id":0,"DisplayOffset":[0.0,1.0,0.0],"ShowEffect":true,"ForceMapPinActive":false,"InitHide":false,"Radius":0.0,"FloorNum":101}],"FixProcessors":{}}	638.6649780273438	156.9958038330078	1303.7139892578125	10.0	0	0																																																																			
10010171	1001	100111	10	7											0	1	188	189	1	0	0											4001	0									{"TracePosArgs":[{"Position":[677.4852294921875,192.6074981689453,1202.0860595703125],"Id":0,"DisplayOffset":[0.0,1.0,0.0],"ShowEffect":true,"ForceMapPinActive":false,"InitHide":false,"Radius":0.0,"FloorNum":103}],"FixProcessors":{}}	677.4852294921875	192.6074981689453	1202.0860595703125	10.0	0	0																																																																			
10010172	1001	100111	11	2	Drama_1001_045	0	0.0	0.0	0.0	0.0	0.0	0.0	4	0	0	1	190	191	1	0	0											4001	0									{"RecordDecisionClipSelect":{},"FixProcessors":{}}																																																																									
10010173	1001	100111	12	2	Drama_1001_014	0	0.0	0.0	0.0	0.0	0.0	0.0	4	0	0	1	192	193	1	0	0											4001	0									{"RecordDecisionClipSelect":{},"ExitActions":[{"ActionType":19004,"Params":{"$type":"XConfigLevelActionParamsSwitchLevel","NextLevelId":4003,"Position":[12.579999923706055,1.1440000534057617,13.270000457763672],"Rotation":null}},{"ActionType":21001,"Params":{"$type":"XConfigLevelActionParamsUnloadNpc","PlaceIdList":[900023]}}],"FixProcessors":{}}																																																																									
10010174	1001	100111	13	7											0	1	194	195	0	0	0											4003	0									{"TracePosArgs":[{"Position":[12.579999923706055,1.1440000534057617,13.270000457763672],"Id":0,"DisplayOffset":[0.0,0.5,0.0],"ShowEffect":false,"ForceMapPinActive":false,"InitHide":false,"Radius":0.0,"FloorNum":0}],"FixProcessors":{}}	12.579999923706055	1.1440000534057617	13.270000457763672	10.0	0	0																																																																			
10010175	1001	100111	15	2	Drama_1001_015	0	0.0	0.0	0.0	0.0	0.0	0.0	13	0	0	1	198	199	1	0	0											4003	0									{"RecordDecisionClipSelect":{},"ExitActions":[{"ActionType":20000,"Params":{"$type":"XConfigLevelActionParamsTeleportPlayer","Position":[10.746330261230469,1.1446499824523926,13.764240264892578],"Rotation":[0.0,83.49099731445312,0.0],"WithBlackScreen":false,"ScreenEffectId":0,"BlackScreenEnterDuration":0.0,"BlackScreenExitDuration":0.0,"ShowEffect":false,"ResetCamera":true}}],"FixProcessors":{}}																																																																									
10010176	1001	100111	16	2	Drama_1001_016	0	0.0	0.0	0.0	0.0	0.0	0.0	13	0	0	1	200	201	1	0	0											4003	0									{"RecordDecisionClipSelect":{},"FixProcessors":{}}																																																																									
10010177	1001	100111	17	5											0	1	202	203	0	0	1							28000003				4003	0									{"TargetArgs":{"2":{"400006":0}},"EnterActions":[{"ActionType":12001,"Params":{"$type":"XConfigLevelActionParamsLoadSceneObject","PlaceIdList":[400006,400023],"AutoUnloadWhiteList":[]}},{"ActionType":16002,"Params":{"$type":"XConfigLevelActionParamsPlayScreenEffect","ScreenEffectId":1001005,"EnableTimeParams":false,"EnterDuration":0.0,"HoldDuration":0.0,"ExitDuration":0.0,"IsWaitEnter":false}}],"ExitActions":[{"ActionType":21002,"Params":{"$type":"XConfigLevelActionParamsUnloadSceneObject","PlaceIdList":[400006]}}],"TraceActorArgs":[{"TargetType":2,"PlaceId":400006,"Id":0,"DisplayOffset":[0.0,0.5,0.0],"ShowEffect":false,"ForceMapPinActive":false,"InitHide":false,"Radius":0.0,"FloorNum":0}],"FixProcessors":{}}																																																																									
10010178	1001	100111	18	6											0	1	204	205	0	0	0											4003	0									{"FixProcessors":{}}													100104	1																																																											
10010179	1001	100111	19	5											0	1	206	207	0	0	1	28000031	28000032	28000033	1	1	1					4003	0									{"TargetArgs":{"2":{"400018":0}},"EnterActions":[{"ActionType":16001,"Params":{"$type":"XConfigLevelActionParamsPlayDramaCaption","DramaCaptionName":"Caption100224","WaitComplete":true,"IsSequentialJob":false}},{"ActionType":12001,"Params":{"$type":"XConfigLevelActionParamsLoadSceneObject","PlaceIdList":[400018],"AutoUnloadWhiteList":[]}}],"ExitActions":[{"ActionType":21002,"Params":{"$type":"XConfigLevelActionParamsUnloadSceneObject","PlaceIdList":[400018,400003,400020,400023]}}],"TraceActorArgs":[{"TargetType":2,"PlaceId":400018,"Id":0,"DisplayOffset":[0.0,0.5,0.0],"ShowEffect":false,"ForceMapPinActive":false,"InitHide":false,"Radius":0.0,"FloorNum":0}],"FixProcessors":{}}																																																																									
10010180	1001	100112	0	7											0	1	210	211	0	0	0											4001	0									{"TracePosArgs":[{"Position":[572.0966796875,145.29530334472656,1395.4300537109375],"Id":0,"DisplayOffset":[0.0,0.0,0.0],"ShowEffect":false,"ForceMapPinActive":false,"InitHide":false,"Radius":0.0,"FloorNum":101}],"FixProcessors":{}}	572.0966796875	145.29530334472656	1395.4300537109375	200.0	0	0																																																																			
10010181	1001	100112	1	5											1	1	212	213	0	0	0											4003	0									{"TargetArgs":{"2":{"400004":0}},"EnterActions":[{"ActionType":12001,"Params":{"$type":"XConfigLevelActionParamsLoadSceneObject","PlaceIdList":[400004],"AutoUnloadWhiteList":[]}}],"ExitActions":[{"ActionType":21002,"Params":{"$type":"XConfigLevelActionParamsUnloadSceneObject","PlaceIdList":[400004]}}],"TraceActorArgs":[{"TargetType":2,"PlaceId":400004,"Id":0,"DisplayOffset":[0.0,0.5,0.0],"ShowEffect":false,"ForceMapPinActive":false,"InitHide":false,"Radius":0.0,"FloorNum":0}],"FixProcessors":{}}																																																																									
10010182	1001	100112	2	8											1	1	214	215	0	0	0											4003	0									{"TracePosArgs":[{"Position":[10.0,1.440000057220459,15.84000015258789],"Id":0,"DisplayOffset":[0.0,0.5,0.0],"ShowEffect":false,"ForceMapPinActive":false,"InitHide":false,"Radius":0.0,"FloorNum":0}],"FixProcessors":{}}																					UiBigWorldDIY																																																				
10010183	1001	100113	0	7											0	1	218	219	0	0	0											4001	0									{"EnterActions":[{"ActionType":12000,"Params":{"$type":"XConfigLevelActionParamsLoadNpc","PlaceIdList":[900022],"AutoUnloadWhiteList":[]}}],"TracePosArgs":[{"Position":[533.0305786132812,145.9842071533203,1323.656982421875],"Id":0,"DisplayOffset":[0.0,1.0,0.0],"ShowEffect":true,"ForceMapPinActive":false,"InitHide":false,"Radius":0.0,"FloorNum":101}],"FixProcessors":{}}	533.0305786132812	145.9842071533203	1323.656982421875	5.0	0	0																																																																			
10010184	1001	100113	1	2	Drama_1001_017	0	0.0	0.0	0.0	0.0	0.0	0.0	0	0	0	1	220	221	1	0	0											4001	0									{"RecordDecisionClipSelect":{},"ExitActions":[{"ActionType":21001,"Params":{"$type":"XConfigLevelActionParamsUnloadNpc","PlaceIdList":[900022]}}],"FixProcessors":{}}																																																																									
10010185	1001	100113	2	5											0	1	222	223	0	0	0											4001	0									{"TargetArgs":{"1":{"900017":1}},"EnterActions":[{"ActionType":12000,"Params":{"$type":"XConfigLevelActionParamsLoadNpc","PlaceIdList":[900017,900002],"AutoUnloadWhiteList":[]}},{"ActionType":14001,"Params":{"$type":"XConfigLevelActionParamsNpcRelativeFollowMove","NpcPlaceId":900002,"IsFollowPlayer":true,"FollowTargetNpcPlaceId":0,"TargetAngle":45.0,"TargetRadius":1.0,"ChaseRadius":2.0,"NormalFollowRadius":0.5,"MaxIdleLagDistance":1.5,"IdleLookAtTargetDelayTime":2.0,"UseNavMesh":true,"StartFollowDelayTime":0.0,"EnableForceTeleport":true,"TeleportRange":10.0}}],"TraceActorArgs":[{"TargetType":1,"PlaceId":900017,"Id":0,"DisplayOffset":[0.0,2.200000047683716,0.0],"ShowEffect":false,"ForceMapPinActive":false,"InitHide":false,"Radius":0.0,"FloorNum":102}],"FixProcessors":{}}																																																																									
10010186	1001	100113	3	2	Drama_1001_018	0	0.0	0.0	0.0	0.0	0.0	0.0	0	0	0	1	224	225	1	0	0											4001	0									{"RecordDecisionClipSelect":{},"ExitActions":[{"ActionType":5001,"Params":{"$type":"XConfigLevelActionParamsEnableActorInteractableComponent","PlaceId":900017,"ActorType":1,"Enable":false}}],"FixProcessors":{}}																																																																									
10010188	1001	100113	7	2	Drama_1001_019	0	0.0	0.0	0.0	0.0	0.0	0.0	0	0	0	1	232	233	1	0	0											4001	0									{"RecordDecisionClipSelect":{},"ExitActions":[{"ActionType":21001,"Params":{"$type":"XConfigLevelActionParamsUnloadNpc","PlaceIdList":[900002]}}],"FixProcessors":{}}																																																																									
10010189	1001	100113	8	7											0	1	234	235	0	0	0											4001	0									{"EnterActions":[{"ActionType":12000,"Params":{"$type":"XConfigLevelActionParamsLoadNpc","PlaceIdList":[900014],"AutoUnloadWhiteList":[]}},{"ActionType":14001,"Params":{"$type":"XConfigLevelActionParamsNpcRelativeFollowMove","NpcPlaceId":900014,"IsFollowPlayer":true,"FollowTargetNpcPlaceId":0,"TargetAngle":45.0,"TargetRadius":1.0,"ChaseRadius":2.0,"NormalFollowRadius":0.5,"MaxIdleLagDistance":1.5,"IdleLookAtTargetDelayTime":2.0,"UseNavMesh":true,"StartFollowDelayTime":0.0,"EnableForceTeleport":true,"TeleportRange":10.0}}],"ExitActions":[{"ActionType":21001,"Params":{"$type":"XConfigLevelActionParamsUnloadNpc","PlaceIdList":[900017]}}],"TracePosArgs":[{"Position":[615.2662963867188,157.81179809570312,1280.6839599609375],"Id":0,"DisplayOffset":[0.0,1.0,0.0],"ShowEffect":true,"ForceMapPinActive":false,"InitHide":false,"Radius":0.0,"FloorNum":101}],"FixProcessors":{}}	615.2662963867188	157.81179809570312	1280.6839599609375	5.0	0	0																																																																			
10010190	1001	100113	9	7											0	1	236	237	0	0	0											4001	0									{"TracePosArgs":[{"Position":[635.1300048828125,156.99000549316406,1298.239990234375],"Id":0,"DisplayOffset":[0.0,1.0,0.0],"ShowEffect":true,"ForceMapPinActive":false,"InitHide":false,"Radius":0.0,"FloorNum":101}],"FixProcessors":{}}	633.8671875	156.9958038330078	1298.9649658203125	5.0	0	0																																																																			
10010191	1001	100113	10	2	Drama_1001_020	0	0.0	0.0	0.0	0.0	0.0	0.0	0	0	0	1	238	239	1	0	1	28000005			1							4001	0									{"RecordDecisionClipSelect":{},"FixProcessors":{}}																																																																									
10010192	1001	100113	11	7											0	1	240	241	1	0	0											4001	0									{"TracePosArgs":[{"Position":[608.5435180664062,150.85400390625,1315.43505859375],"Id":0,"DisplayOffset":[0.0,1.0,0.0],"ShowEffect":true,"ForceMapPinActive":false,"InitHide":false,"Radius":0.0,"FloorNum":101}],"FixProcessors":{}}	608.5435180664062	150.85400390625	1315.43505859375	5.0	0	0																																																																			
10010193	1001	100113	12	7											0	1	242	243	1	0	0											4001	0									{"EnterActions":[{"ActionType":16001,"Params":{"$type":"XConfigLevelActionParamsPlayDramaCaption","DramaCaptionName":"Caption100226","WaitComplete":false,"IsSequentialJob":false}}],"TracePosArgs":[{"Position":[561.740478515625,143.65780639648438,1348.3809814453125],"Id":0,"DisplayOffset":[0.0,1.0,0.0],"ShowEffect":true,"ForceMapPinActive":false,"InitHide":false,"Radius":0.0,"FloorNum":101}],"FixProcessors":{}}	561.76171875	143.65780639648438	1348.3809814453125	5.0	0	0																																																																			
10010194	1001	100113	13	7											0	1	244	245	0	0	0											4003	0									{"TracePosArgs":[{"Position":[18.43000030517578,1.6299999952316284,17.549999237060547],"Id":0,"DisplayOffset":[0.0,1.0,0.0],"ShowEffect":true,"ForceMapPinActive":false,"InitHide":false,"Radius":0.0,"FloorNum":0}],"FixProcessors":{}}	18.43000030517578	1.6299999952316284	17.549999237060547	5.0	0	0																																																																			
10010195	1001	100113	14	5											0	1	246	247	0	0	1							28000005				4003	0									{"TargetArgs":{"2":{"400015":1}},"EnterActions":[{"ActionType":12000,"Params":{"$type":"XConfigLevelActionParamsLoadNpc","PlaceIdList":[400001],"AutoUnloadWhiteList":[]}},{"ActionType":12001,"Params":{"$type":"XConfigLevelActionParamsLoadSceneObject","PlaceIdList":[400015],"AutoUnloadWhiteList":[]}},{"ActionType":14001,"Params":{"$type":"XConfigLevelActionParamsNpcRelativeFollowMove","NpcPlaceId":400001,"IsFollowPlayer":true,"FollowTargetNpcPlaceId":0,"TargetAngle":45.0,"TargetRadius":1.0,"ChaseRadius":2.0,"NormalFollowRadius":0.5,"MaxIdleLagDistance":3.0,"IdleLookAtTargetDelayTime":4.0,"UseNavMesh":true,"StartFollowDelayTime":0.0,"EnableForceTeleport":true,"TeleportRange":10.0}}],"ExitActions":[{"ActionType":12001,"Params":{"$type":"XConfigLevelActionParamsLoadSceneObject","PlaceIdList":[400016],"AutoUnloadWhiteList":[]}},{"ActionType":21002,"Params":{"$type":"XConfigLevelActionParamsUnloadSceneObject","PlaceIdList":[400015]}}],"TraceActorArgs":[{"TargetType":2,"PlaceId":400015,"Id":0,"DisplayOffset":[0.0,0.5,0.0],"ShowEffect":false,"ForceMapPinActive":false,"InitHide":false,"Radius":0.0,"FloorNum":0}],"FixProcessors":{}}																																																																									
10010196	1001	100113	15	5											0	1	248	249	0	0	0											4003	0									{"TargetArgs":{"2":{"400017":1}},"EnterActions":[{"ActionType":16001,"Params":{"$type":"XConfigLevelActionParamsPlayDramaCaption","DramaCaptionName":"Caption100222","WaitComplete":true,"IsSequentialJob":false}},{"ActionType":12001,"Params":{"$type":"XConfigLevelActionParamsLoadSceneObject","PlaceIdList":[400017],"AutoUnloadWhiteList":[]}}],"ExitActions":[{"ActionType":21001,"Params":{"$type":"XConfigLevelActionParamsUnloadNpc","PlaceIdList":[400001]}}],"TraceActorArgs":[{"TargetType":2,"PlaceId":400017,"Id":0,"DisplayOffset":[0.0,0.5,0.0],"ShowEffect":false,"ForceMapPinActive":false,"InitHide":false,"Radius":0.0,"FloorNum":0}],"FixProcessors":{}}																																																																									
10010197	1001	100113	16	2	Drama_1001_021	0	0.0	0.0	0.0	0.0	0.0	0.0	5	0	0	1	250	251	0	0	0											4003	0									{"RecordDecisionClipSelect":{},"ExitActions":[{"ActionType":21002,"Params":{"$type":"XConfigLevelActionParamsUnloadSceneObject","PlaceIdList":[400016,400017]}}],"FixProcessors":{}}																																																																									
10010198	1001	100113	17	2	Drama_1001_022	0	0.0	0.0	0.0	0.0	0.0	0.0	5	0	0	1	252	253	0	0	0											4003	0									{"RecordDecisionClipSelect":{},"EnterActions":[{"ActionType":12001,"Params":{"$type":"XConfigLevelActionParamsLoadSceneObject","PlaceIdList":[400008],"AutoUnloadWhiteList":[]}}],"ExitActions":[{"ActionType":18001,"Params":{"$type":"XConfigLevelActionParamsRequestEnterInstLevel","InstLevelId":4012,"Position":[81.86119842529297,143.60569763183594,96.92791748046875],"Rotation":null}}],"FixProcessors":{}}																																																																									
10010199	1001	100113	18	4											0	1	254	255	0	0	0											4003	0									{"ExitActions":[{"ActionType":21002,"Params":{"$type":"XConfigLevelActionParamsUnloadSceneObject","PlaceIdList":[400008]}}],"TraceActorArgs":[{"TargetType":2,"PlaceId":400008,"Id":7,"DisplayOffset":[0.0,0.800000011920929,0.0],"ShowEffect":false,"ForceMapPinActive":false,"InitHide":false,"Radius":0.0,"FloorNum":0}],"FixProcessors":{}}																4012	1	1	0	0																																																					
10010200	1001	100113	20	2	Drama_1001_031	0	0.0	0.0	0.0	0.0	0.0	0.0	6	0	0	1	258	259	1	0	0											4003	0									{"RecordDecisionClipSelect":{},"ExitActions":[{"ActionType":21002,"Params":{"$type":"XConfigLevelActionParamsUnloadSceneObject","PlaceIdList":[400008]}},{"ActionType":20000,"Params":{"$type":"XConfigLevelActionParamsTeleportPlayer","Position":[9.495447158813477,0.7670596241950989,21.552059173583984],"Rotation":[0.0,-91.24500274658203,0.0],"WithBlackScreen":false,"ScreenEffectId":0,"BlackScreenEnterDuration":0.0,"BlackScreenExitDuration":0.0,"ShowEffect":false,"ResetCamera":true}},{"ActionType":12000,"Params":{"$type":"XConfigLevelActionParamsLoadNpc","PlaceIdList":[400002],"AutoUnloadWhiteList":[]}},{"ActionType":14001,"Params":{"$type":"XConfigLevelActionParamsNpcRelativeFollowMove","NpcPlaceId":400002,"IsFollowPlayer":true,"FollowTargetNpcPlaceId":0,"TargetAngle":45.0,"TargetRadius":1.0,"ChaseRadius":2.0,"NormalFollowRadius":0.5,"MaxIdleLagDistance":1.5,"IdleLookAtTargetDelayTime":1.0,"UseNavMesh":true,"StartFollowDelayTime":0.0,"EnableForceTeleport":true,"TeleportRange":10.0}}],"FixProcessors":{}}																																																																									
10010201	1001	100113	21	2	Drama_1001_032	0	0.0	0.0	0.0	0.0	0.0	0.0	6	0	0	1	260	261	1	0	1							28000031	28000032	28000033	28000000	4003	0									{"RecordDecisionClipSelect":{},"FixProcessors":{}}																																																																									
10010202	1001	100115	0	5											0	1	272	273	0	0	0											4003	0									{"TargetArgs":{"2":{"400022":1}},"EnterActions":[{"ActionType":12001,"Params":{"$type":"XConfigLevelActionParamsLoadSceneObject","PlaceIdList":[400022],"AutoUnloadWhiteList":[]}}],"ExitActions":[{"ActionType":21002,"Params":{"$type":"XConfigLevelActionParamsUnloadSceneObject","PlaceIdList":[400022]}}],"TraceActorArgs":[{"TargetType":2,"PlaceId":400022,"Id":0,"DisplayOffset":[0.0,1.5,0.0],"ShowEffect":true,"ForceMapPinActive":false,"InitHide":false,"Radius":0.0,"FloorNum":0}],"FixProcessors":{}}																																																																									
10010203	1001	100115	1	2	Drama_1001_044	0	0.0	0.0	0.0	0.0	0.0	0.0	0	0	0	1	274	275	0	0	0											4003	0									{"RecordDecisionClipSelect":{},"ExitActions":[{"ActionType":21001,"Params":{"$type":"XConfigLevelActionParamsUnloadNpc","PlaceIdList":[400002]}}],"FixProcessors":{}}																																																																									
10010204	1001	100115	2	7											0	1	276	277	0	0	0											4003	0									{"EnterActions":[{"ActionType":23000,"Params":{"$type":"XConfigLevelActionParamsWaitTime","TimeSeconds":1}}],"ExitActions":[{"ActionType":12001,"Params":{"$type":"XConfigLevelActionParamsLoadSceneObject","PlaceIdList":[400009],"AutoUnloadWhiteList":[400009]}}],"FixProcessors":{}}	12.579999923706055	1.1440000534057617	13.270000457763672	100.0	0	0																																																																			
10010205	1001	100111	9	7											0	1	186	187	1	0	0											4001	0									{"EnterActions":[{"ActionType":21001,"Params":{"$type":"XConfigLevelActionParamsUnloadNpc","PlaceIdList":[900004,900005,900006,900007,900008,900009,900010,900011,900018,900019,900020]}}],"TracePosArgs":[{"Position":[666.0079956054688,192.2801971435547,1191.4019775390625],"Id":0,"DisplayOffset":[0.0,1.0,0.0],"ShowEffect":true,"ForceMapPinActive":false,"InitHide":false,"Radius":0.0,"FloorNum":103}],"FixProcessors":{}}	666.0079956054688	192.2801971435547	1191.4019775390625	10.0	0	0																																																																			
10010206	1001	100111	1	7											0	1	170	171	1	0	0											4001	0									{"TracePosArgs":[{"Position":[619.0325927734375,167.0220947265625,1145.738037109375],"Id":0,"DisplayOffset":[0.0,1.0,0.0],"ShowEffect":true,"ForceMapPinActive":false,"InitHide":false,"Radius":0.0,"FloorNum":102}],"FixProcessors":{}}	619.0325927734375	167.0220947265625	1145.738037109375	10.0	0	0																																																																			
10010207	1001	100101	8	5											0	1	22	23	0	0	0											4003	0									{"TargetArgs":{"2":{"400021":1}},"EnterActions":[{"ActionType":12001,"Params":{"$type":"XConfigLevelActionParamsLoadSceneObject","PlaceIdList":[400021],"AutoUnloadWhiteList":[]}},{"ActionType":16001,"Params":{"$type":"XConfigLevelActionParamsPlayDramaCaption","DramaCaptionName":"Caption100229","WaitComplete":false,"IsSequentialJob":false}}],"ExitActions":[{"ActionType":5001,"Params":{"$type":"XConfigLevelActionParamsEnableActorInteractableComponent","PlaceId":400021,"ActorType":2,"Enable":false}},{"ActionType":16001,"Params":{"$type":"XConfigLevelActionParamsPlayDramaCaption","DramaCaptionName":"Caption100228","WaitComplete":true,"IsSequentialJob":false}}],"TraceActorArgs":[{"TargetType":2,"PlaceId":400021,"Id":0,"DisplayOffset":[0.0,0.5,0.0],"ShowEffect":false,"ForceMapPinActive":false,"InitHide":false,"Radius":0.0,"FloorNum":0}],"FixProcessors":{}}																																																																									
10010208	1001	100109	9	7											0	1	150	151	1	0	0											4001	0									{"TracePosArgs":[{"Position":[618.9896850585938,167.2100067138672,1171.8570556640625],"Id":0,"DisplayOffset":[0.0,1.0,0.0],"ShowEffect":true,"ForceMapPinActive":false,"InitHide":false,"Radius":0.0,"FloorNum":102}],"FixProcessors":{}}	618.9896850585938	167.2100067138672	1171.8570556640625	5.0	0	0																																																																			
10010209	1001	100103	22	7											0	1	78	79	1	0	0											4001	0									{"TracePosArgs":[{"Position":[554.2255859375,168.54330444335938,1197.4969482421875],"Id":0,"DisplayOffset":[0.0,1.0,0.0],"ShowEffect":true,"ForceMapPinActive":false,"InitHide":false,"Radius":0.0,"FloorNum":102}],"FixProcessors":{}}	554.2255859375	168.54330444335938	1197.4969482421875	5.0	0	0																																																																			
10010210	1001	100103	18	7											0	1	70	71	0	0	0											4001	0									{"TracePosArgs":[{"Position":[540.9849243164062,168.54339599609375,1180.0999755859375],"Id":0,"DisplayOffset":[0.0,1.0,0.0],"ShowEffect":true,"ForceMapPinActive":false,"InitHide":false,"Radius":0.0,"FloorNum":102}],"FixProcessors":{}}	540.9849243164062	168.54330444335938	1180.0999755859375	5.0	0	0																																																																			
10010211	1001	100103	3	7											0	1	40	41	1	0	0											4001	0									{"TracePosArgs":[{"Position":[680.174072265625,156.2299041748047,1213.7340087890625],"Id":0,"DisplayOffset":[0.0,1.0,0.0],"ShowEffect":true,"ForceMapPinActive":false,"InitHide":false,"Radius":0.0,"FloorNum":102}],"FixProcessors":{}}	680.174072265625	156.2299041748047	1213.7340087890625	8.0	0	0																																																																			
10010212	1001	100114	0	12											0	1	264	265	0	0	1	28000020			1							4003	0									{"EnterActions":[{"ActionType":12001,"Params":{"$type":"XConfigLevelActionParamsLoadSceneObject","PlaceIdList":[400024],"AutoUnloadWhiteList":[]}}],"ExitActions":[{"ActionType":21002,"Params":{"$type":"XConfigLevelActionParamsUnloadSceneObject","PlaceIdList":[400024]}}],"TraceActorArgs":[{"TargetType":2,"PlaceId":400024,"Id":0,"DisplayOffset":[0.0,0.5,0.0],"ShowEffect":false,"ForceMapPinActive":false,"InitHide":false,"Radius":0.0,"FloorNum":0}],"FixProcessors":{}}																								105																																																	
10010213	1001	100114	1	12											0	1	266	267	0	0	1	28000021			1							4003	0									{"EnterActions":[{"ActionType":12001,"Params":{"$type":"XConfigLevelActionParamsLoadSceneObject","PlaceIdList":[400025],"AutoUnloadWhiteList":[]}}],"ExitActions":[{"ActionType":21002,"Params":{"$type":"XConfigLevelActionParamsUnloadSceneObject","PlaceIdList":[400025]}}],"TraceActorArgs":[{"TargetType":2,"PlaceId":400025,"Id":0,"DisplayOffset":[0.0,0.5,0.0],"ShowEffect":false,"ForceMapPinActive":false,"InitHide":false,"Radius":0.0,"FloorNum":0}],"FixProcessors":{}}																								106																																																	
10010214	1001	100114	2	12											0	1	268	269	0	0	1	28000004			1							4003	0									{"EnterActions":[{"ActionType":12001,"Params":{"$type":"XConfigLevelActionParamsLoadSceneObject","PlaceIdList":[400026],"AutoUnloadWhiteList":[]}}],"ExitActions":[{"ActionType":21002,"Params":{"$type":"XConfigLevelActionParamsUnloadSceneObject","PlaceIdList":[400026]}}],"TraceActorArgs":[{"TargetType":2,"PlaceId":400026,"Id":0,"DisplayOffset":[0.0,0.5,0.0],"ShowEffect":false,"ForceMapPinActive":false,"InitHide":false,"Radius":0.0,"FloorNum":0}],"FixProcessors":{}}																								104																																																	
10010216	1001	100105	2	2	Drama_1001_047	0	0.0	0.0	0.0	0.0	0.0	0.0	16	0	0	1	100	101	1	0	0											4003	0									{"RecordDecisionClipSelect":{},"ExitActions":[{"ActionType":20000,"Params":{"$type":"XConfigLevelActionParamsTeleportPlayer","Position":[10.746330261230469,1.1446499824523926,13.764240264892578],"Rotation":[0.0,83.49099731445312,0.0],"WithBlackScreen":false,"ScreenEffectId":0,"BlackScreenEnterDuration":0.0,"BlackScreenExitDuration":0.0,"ShowEffect":false,"ResetCamera":true}}],"FixProcessors":{}}																																																																									
10010218	1001	100111	14	2	Drama_1001_047	0	0.0	0.0	0.0	0.0	0.0	0.0	13	0	0	1	196	197	1	0	0											4003	0									{"RecordDecisionClipSelect":{},"FixProcessors":{}}																																																																									
10010219	1001	100113	19	2	Drama_1001_048	0	0.0	0.0	0.0	0.0	0.0	0.0	6	0	0	1	256	257	1	0	0											4003	0									{"RecordDecisionClipSelect":{},"FixProcessors":{}}																																																																									
10010300	1001	100113	4	4											0	1	226	227	0	0	0											4001	0									{"EnterActions":[{"ActionType":12001,"Params":{"$type":"XConfigLevelActionParamsLoadSceneObject","PlaceIdList":[900002,900009],"AutoUnloadWhiteList":[]}}],"TraceActorArgs":[{"TargetType":2,"PlaceId":900002,"Id":4,"DisplayOffset":[0.0,0.800000011920929,0.0],"ShowEffect":false,"ForceMapPinActive":false,"InitHide":false,"Radius":0.0,"FloorNum":0}],"FixProcessors":{}}																4029	1	1	0	0																																																					
10010301	1001	100113	5	4											0	1	228	229	0	0	0											4001	0									{"TraceActorArgs":[{"TargetType":2,"PlaceId":900002,"Id":5,"DisplayOffset":[0.0,0.800000011920929,0.0],"ShowEffect":false,"ForceMapPinActive":false,"InitHide":false,"Radius":0.0,"FloorNum":0}],"FixProcessors":{}}																4030	1	1	0	0																																																					
10010302	1001	100113	6	4											0	1	230	231	0	0	0											4001	0									{"ExitActions":[{"ActionType":21002,"Params":{"$type":"XConfigLevelActionParamsUnloadSceneObject","PlaceIdList":[900002,900009]}}],"TraceActorArgs":[{"TargetType":2,"PlaceId":900002,"Id":6,"DisplayOffset":[0.0,0.800000011920929,0.0],"ShowEffect":false,"ForceMapPinActive":false,"InitHide":false,"Radius":0.0,"FloorNum":0}],"FixProcessors":{}}																4031	1	1	0	0																																																					
10010303	1001	100103	10	4											0	1	54	55	0	0	0											4001	0									{"TraceActorArgs":[{"TargetType":2,"PlaceId":900001,"Id":2,"DisplayOffset":[0.0,0.5,0.0],"ShowEffect":false,"ForceMapPinActive":false,"InitHide":false,"Radius":0.0,"FloorNum":0}],"FixProcessors":{}}																4027	1	1	0	0																																																					
10010304	1001	100103	11	4											0	1	56	57	0	0	0											4001	0									{"ExitActions":[{"ActionType":21002,"Params":{"$type":"XConfigLevelActionParamsUnloadSceneObject","PlaceIdList":[900001]}},{"ActionType":21001,"Params":{"$type":"XConfigLevelActionParamsUnloadNpc","PlaceIdList":[900012]}}],"TraceActorArgs":[{"TargetType":2,"PlaceId":900001,"Id":3,"DisplayOffset":[0.0,0.5,0.0],"ShowEffect":false,"ForceMapPinActive":false,"InitHide":false,"Radius":0.0,"FloorNum":0}],"FixProcessors":{}}																4028	1	1	0	0																																																					
10010305	1001	100111	8	7											0	1	184	185	1	0	0											4001	0									{"TracePosArgs":[{"Position":[657.296875,192.28529357910156,1234.5],"Id":0,"DisplayOffset":[0.0,1.0,0.0],"ShowEffect":true,"ForceMapPinActive":false,"InitHide":false,"Radius":0.0,"FloorNum":103}],"FixProcessors":{}}	657.296875	192.28529357910156	1234.5	10.0	0	0																																																																			
10020101	1002	100201	0	1											0	1	6	7	0	0	0											4001										{"ExitActions":[{"ActionType":21000,"Params":{"$type":"XConfigLevelActionParamsUnderTakeSelfQuest"}}],"FixProcessors":{}}									50001023																																																																
10020102	1002	100201	1	4											0	1	8	9	0	0	0											4001										{"FixProcessors":{}}																4032	1	1	0	1																																																					
10020201	1002	100202	0	4											0	1	12	13	0	0	0											4001										{"FixProcessors":{}}																4033	1	1	0	1																																																					
10020301	1002	100203	0	4											0	1	16	17	0	0	0											4001										{"FixProcessors":{}}																4034	1	1	0	1																																																					
10020401	1002	100204	0	4											0	1	20	21	0	0	0											4001										{"FixProcessors":{}}																4035	1	1	0	1																																																					
10020501	1002	100205	0	4											0	1	24	25	0	0	0											4001										{"ExitActions":[{"ActionType":15003,"Params":{"$type":"XConfigLevelActionParamsOpenQuestProcessPop","IsFinish":true}}],"FixProcessors":{}}																4036	1	1	1	1																																																					
20010101	2001	200101	0	6											0	1	6	7	0	0	0											4001										{"ExitActions":[{"ActionType":16001,"Params":{"$type":"XConfigLevelActionParamsPlayDramaCaption","DramaCaptionName":"Caption200101","WaitComplete":true,"IsSequentialJob":false}},{"ActionType":23000,"Params":{"$type":"XConfigLevelActionParamsWaitTime","TimeSeconds":3}}]}													200203	1																																																											
20010102	2001	200101	1	6											0	1	8	9	0	0	0											4001										{"EnterActions":[{"ActionType":21000,"Params":{"$type":"XConfigLevelActionParamsUnderTakeSelfQuest"}}],"ExitActions":[{"ActionType":16001,"Params":{"$type":"XConfigLevelActionParamsPlayDramaCaption","DramaCaptionName":"Caption200102","WaitComplete":false,"IsSequentialJob":true}}]}													200101	1																																																											
20010104	2001	200101	2	12											0	1	10	11	0	0	0											4001										{"EnterActions":[{"ActionType":12000,"Params":{"$type":"XConfigLevelActionParamsLoadNpc","PlaceIdList":[600001,600002],"AutoUnloadWhiteList":[]}},{"ActionType":12001,"Params":{"$type":"XConfigLevelActionParamsLoadSceneObject","PlaceIdList":[600005],"AutoUnloadWhiteList":[]}}],"ExitActions":[{"ActionType":21002,"Params":{"$type":"XConfigLevelActionParamsUnloadSceneObject","PlaceIdList":[600005]}}],"TraceActorArgs":[{"TargetType":2,"PlaceId":600005,"Id":0,"DisplayOffset":[0.0,0.5,0.0],"ShowEffect":false,"ForceMapPinActive":false,"InitHide":false,"Radius":0.0,"FloorNum":102}]}																								4																																																	
20010105	2001	200101	3	6											0	1	12	13	0	0	0											4001										{"EnterActions":[{"ActionType":16001,"Params":{"$type":"XConfigLevelActionParamsPlayDramaCaption","DramaCaptionName":"Caption200103","WaitComplete":false,"IsSequentialJob":true}}]}													200102	1																																																											
20010106	2001	200101	4	7											0	1	14	15	0	0	0											4001										{"EnterActions":[{"ActionType":16001,"Params":{"$type":"XConfigLevelActionParamsPlayDramaCaption","DramaCaptionName":"Caption200104","WaitComplete":false,"IsSequentialJob":true}}],"TraceActorArgs":[{"TargetType":1,"PlaceId":100020,"Id":0,"DisplayOffset":[0.0,2.0,0.0],"ShowEffect":false,"ForceMapPinActive":false,"InitHide":false,"Radius":0.0,"FloorNum":103}]}	608.2899780273438	189.33819580078125	1145.43994140625	7.0	0	0																																																																			
20010107	2001	200101	5	2	Drama200101	0	0.0	0.0	0.0	0.0	0.0	0.0	0	0	0	1	16	17	0	0	0											4001										{"RecordDecisionClipSelect":{}}																																																																									
20010108	2001	200101	6	7											0	1	18	19	0	0	0											4001										{"TracePosArgs":[{"Position":[598.760009765625,189.27679443359375,1121.0],"Id":0,"DisplayOffset":[0.0,2.200000047683716,0.0],"ShowEffect":false,"ForceMapPinActive":false,"InitHide":false,"Radius":0.0,"FloorNum":103}]}	598.760009765625	189.27679443359375	1121.0	10.0	0	0																																																																			
20010109	2001	200101	7	2	Drama200102	0	0.0	0.0	0.0	0.0	0.0	0.0	0	0	0	1	20	21	0	0	0											4001										{"RecordDecisionClipSelect":{},"ExitActions":[{"ActionType":21001,"Params":{"$type":"XConfigLevelActionParamsUnloadNpc","PlaceIdList":[600001,600002]}}]}																																																																									
20010110	2001	200101	8	12											0	1	22	23	0	0	0											4001										{"EnterActions":[{"ActionType":12001,"Params":{"$type":"XConfigLevelActionParamsLoadSceneObject","PlaceIdList":[600001],"AutoUnloadWhiteList":[]}}],"ExitActions":[{"ActionType":21002,"Params":{"$type":"XConfigLevelActionParamsUnloadSceneObject","PlaceIdList":[600001]}}],"TraceActorArgs":[{"TargetType":2,"PlaceId":600001,"Id":0,"DisplayOffset":[0.0,0.5,0.0],"ShowEffect":false,"ForceMapPinActive":false,"InitHide":false,"Radius":0.0,"FloorNum":103}]}																								5																																																	
20010111	2001	200101	9	7											0	1	24	25	0	0	0											4001										{"EnterActions":[{"ActionType":16001,"Params":{"$type":"XConfigLevelActionParamsPlayDramaCaption","DramaCaptionName":"Caption200105","WaitComplete":false,"IsSequentialJob":true}}],"TraceActorArgs":[{"TargetType":1,"PlaceId":100020,"Id":0,"DisplayOffset":[0.0,2.0,0.0],"ShowEffect":false,"ForceMapPinActive":false,"InitHide":false,"Radius":0.0,"FloorNum":103}]}	608.2899780273438	189.33819580078125	1145.43994140625	7.0	0	0																																																																			
20010112	2001	200101	11	2	Drama200104	0	0.0	0.0	0.0	0.0	0.0	0.0	0	0	0	1	28	29	0	0	0											4001										{"RecordDecisionClipSelect":{}}																																																																									
20010113	2001	200101	13	1											0	1	32	33	0	0	0											4001										{"TraceActorArgs":[{"TargetType":1,"PlaceId":100020,"Id":0,"DisplayOffset":[0.0,2.0,0.0],"ShowEffect":false,"ForceMapPinActive":false,"InitHide":false,"Radius":0.0,"FloorNum":103}]}									50000001																																																																
20010114	2001	200101	14	1											0	1	34	35	0	0	0											4001										{"TraceActorArgs":[{"TargetType":1,"PlaceId":100020,"Id":0,"DisplayOffset":[0.0,2.0,0.0],"ShowEffect":false,"ForceMapPinActive":false,"InitHide":false,"Radius":0.0,"FloorNum":103}]}									50000002																																																																
20010115	2001	200101	16	2	Drama200106	0	0.0	0.0	0.0	0.0	0.0	0.0	0	0	0	1	38	39	0	0	0											4001										{"RecordDecisionClipSelect":{},"EnterActions":[{"ActionType":12001,"Params":{"$type":"XConfigLevelActionParamsLoadSceneObject","PlaceIdList":[600007,600008,600009],"AutoUnloadWhiteList":[]}},{"ActionType":12000,"Params":{"$type":"XConfigLevelActionParamsLoadNpc","PlaceIdList":[600016,600017],"AutoUnloadWhiteList":[]}},{"ActionType":5001,"Params":{"$type":"XConfigLevelActionParamsEnableActorInteractableComponent","PlaceId":600017,"ActorType":1,"Enable":false}}]}																																																																									
20010116	2001	200101	17	7											0	1	40	41	0	0	0											4001										{"TracePosArgs":[{"Position":[532.7736206054688,189.33819580078125,1159.52294921875],"Id":0,"DisplayOffset":[0.0,2.200000047683716,0.0],"ShowEffect":false,"ForceMapPinActive":false,"InitHide":false,"Radius":0.0,"FloorNum":103}]}	532.7736206054688	189.33819580078125	1159.52294921875	8.0	0	0																																																																			
20010118	2001	200101	18	5											0	1	42	43	0	0	0											4001										{"TargetArgs":{"1":{"600017":0}},"EnterActions":[{"ActionType":16001,"Params":{"$type":"XConfigLevelActionParamsPlayDramaCaption","DramaCaptionName":"Caption200106","WaitComplete":false,"IsSequentialJob":true}},{"ActionType":5001,"Params":{"$type":"XConfigLevelActionParamsEnableActorInteractableComponent","PlaceId":600017,"ActorType":1,"Enable":true}}],"ExitActions":[{"ActionType":5001,"Params":{"$type":"XConfigLevelActionParamsEnableActorInteractableComponent","PlaceId":600017,"ActorType":1,"Enable":false}}],"TraceActorArgs":[{"TargetType":1,"PlaceId":600017,"Id":0,"DisplayOffset":[0.0,2.0,0.0],"ShowEffect":false,"ForceMapPinActive":false,"InitHide":false,"Radius":0.0,"FloorNum":103}]}																																																																									
20010119	2001	200101	19	2	Drama200107	0	0.0	0.0	0.0	0.0	0.0	0.0	0	0	0	1	44	45	0	0	0											4001										{"RecordDecisionClipSelect":{}}																																																																									
20010120	2001	200101	20	6											0	1	46	47	0	0	0											4001										{"ExitActions":[{"ActionType":14001,"Params":{"$type":"XConfigLevelActionParamsNpcRelativeFollowMove","NpcPlaceId":600017,"IsFollowPlayer":true,"FollowTargetNpcPlaceId":0,"TargetAngle":90.0,"TargetRadius":1.0,"ChaseRadius":2.0,"NormalFollowRadius":0.5,"MaxIdleLagDistance":5.0,"IdleLookAtTargetDelayTime":5.0,"UseNavMesh":true,"EnableForceTeleport":true,"TeleportRange":10.0}},{"ActionType":16001,"Params":{"$type":"XConfigLevelActionParamsPlayDramaCaption","DramaCaptionName":"Caption200107","WaitComplete":false,"IsSequentialJob":true}}]}													200103	1																																																											
20010122	2001	200101	21	7											0	1	48	49	0	0	0											4001										{"EnterActions":[{"ActionType":12000,"Params":{"$type":"XConfigLevelActionParamsLoadNpc","PlaceIdList":[600004,600005],"AutoUnloadWhiteList":[]}},{"ActionType":21001,"Params":{"$type":"XConfigLevelActionParamsUnloadNpc","PlaceIdList":[100114]}}],"TracePosArgs":[{"Position":[614.010009765625,189.9987030029297,1184.4599609375],"Id":0,"DisplayOffset":[0.0,2.200000047683716,0.0],"ShowEffect":false,"ForceMapPinActive":false,"InitHide":false,"Radius":0.0,"FloorNum":103}]}	614.010009765625	189.9987030029297	1184.4599609375	5.0	0	0																																																																			
20010123	2001	200101	22	2	Drama200108	0	0.0	0.0	0.0	0.0	0.0	0.0	0	0	0	1	50	51	0	0	0											4001										{"RecordDecisionClipSelect":{},"EnterActions":[{"ActionType":16002,"Params":{"$type":"XConfigLevelActionParamsPlayScreenEffect","ScreenEffectId":300011,"EnableTimeParams":true,"EnterDuration":0.5,"HoldDuration":1.0,"ExitDuration":0.0,"IsWaitEnter":false}},{"ActionType":21001,"Params":{"$type":"XConfigLevelActionParamsUnloadNpc","PlaceIdList":[600017]}}],"ExitActions":[{"ActionType":12000,"Params":{"$type":"XConfigLevelActionParamsLoadNpc","PlaceIdList":[600010],"AutoUnloadWhiteList":[]}},{"ActionType":5001,"Params":{"$type":"XConfigLevelActionParamsEnableActorInteractableComponent","PlaceId":600010,"ActorType":1,"Enable":false}}]}																																																																									
20010124	2001	200101	23	5											0	1	52	53	0	0	0											4001										{"TargetArgs":{"2":{"600002":0}},"EnterActions":[{"ActionType":12001,"Params":{"$type":"XConfigLevelActionParamsLoadSceneObject","PlaceIdList":[600002],"AutoUnloadWhiteList":[]}}],"TraceActorArgs":[{"TargetType":2,"PlaceId":600002,"Id":0,"DisplayOffset":[0.0,0.0,0.0],"ShowEffect":false,"ForceMapPinActive":false,"InitHide":false,"Radius":0.0,"FloorNum":103}]}																																																																									
20010125	2001	200101	24	2	Drama200109	0	0.0	0.0	0.0	0.0	0.0	0.0	0	0	0	1	54	55	0	0	0											4001										{"RecordDecisionClipSelect":{},"ExitActions":[{"ActionType":5001,"Params":{"$type":"XConfigLevelActionParamsEnableActorInteractableComponent","PlaceId":600002,"ActorType":2,"Enable":false}}]}																																																																									
20010126	2001	200101	25	5											0	1	56	57	0	0	0											4001										{"TargetArgs":{"1":{"600010":0}},"EnterActions":[{"ActionType":5001,"Params":{"$type":"XConfigLevelActionParamsEnableActorInteractableComponent","PlaceId":600010,"ActorType":1,"Enable":true}}],"ExitActions":[{"ActionType":5001,"Params":{"$type":"XConfigLevelActionParamsEnableActorInteractableComponent","PlaceId":600010,"ActorType":1,"Enable":false}}],"TraceActorArgs":[{"TargetType":1,"PlaceId":600010,"Id":0,"DisplayOffset":[0.0,2.0,0.0],"ShowEffect":false,"ForceMapPinActive":false,"InitHide":false,"Radius":0.0,"FloorNum":103}]}																																																																									
20010127	2001	200101	26	2	Drama200110	0	0.0	0.0	0.0	0.0	0.0	0.0	0	0	0	1	58	59	0	0	0											4001										{"RecordDecisionClipSelect":{},"ExitActions":[{"ActionType":16002,"Params":{"$type":"XConfigLevelActionParamsPlayScreenEffect","ScreenEffectId":300011,"EnableTimeParams":true,"EnterDuration":0.5,"HoldDuration":1.0,"ExitDuration":0.0,"IsWaitEnter":true}},{"ActionType":12000,"Params":{"$type":"XConfigLevelActionParamsLoadNpc","PlaceIdList":[600007,600008,600009],"AutoUnloadWhiteList":[]}}]}																																																																									
20010128	2001	200101	27	5											0	1	60	61	0	0	0											4001										{"TargetArgs":{"1":{"600008":0}},"TraceActorArgs":[{"TargetType":1,"PlaceId":600008,"Id":0,"DisplayOffset":[0.0,2.0,0.0],"ShowEffect":false,"ForceMapPinActive":false,"InitHide":false,"Radius":0.0,"FloorNum":103}]}																																																																									
20010129	2001	200101	28	2	Drama200112	0	0.0	0.0	0.0	0.0	0.0	0.0	0	0	0	1	62	63	0	0	0											4001										{"RecordDecisionClipSelect":{},"EnterActions":[{"ActionType":16002,"Params":{"$type":"XConfigLevelActionParamsPlayScreenEffect","ScreenEffectId":300011,"EnableTimeParams":true,"EnterDuration":0.10000000149011612,"HoldDuration":1.5,"ExitDuration":0.0,"IsWaitEnter":true}}],"ExitActions":[{"ActionType":21001,"Params":{"$type":"XConfigLevelActionParamsUnloadNpc","PlaceIdList":[600008,600010,600007,600009]}}]}																																																																									
20010132	2001	200101	29	7											0	1	64	65	0	0	0											4001										{"EnterActions":[{"ActionType":12000,"Params":{"$type":"XConfigLevelActionParamsLoadNpc","PlaceIdList":[600011],"AutoUnloadWhiteList":[]}},{"ActionType":14004,"Params":{"$type":"XConfigLevelActionParamsNpcGuideMoveTo","WaitComplete":false,"NpcPlaceId":600011,"TargetPosition":[652.5700073242188,193.89590454101562,1290.3399658203125],"UseNavMesh":true,"OutOfRouteRange":11.0,"StartGuideRange":10.0,"ReachTargetPositionRange":3.0,"WaitDramaCaptionName":null,"WaitDramaCaptionPlayProbability":0.0,"IdleTurningDelayTime":0.0,"GuideMoveTypeMatchesTarget":false,"GuideMoveType":1}}],"TraceActorArgs":[{"TargetType":1,"PlaceId":600011,"Id":0,"DisplayOffset":[0.0,2.0,0.0],"ShowEffect":false,"ForceMapPinActive":false,"InitHide":false,"Radius":0.0,"FloorNum":103}]}	652.5700073242188	193.89590454101562	1290.3399658203125	3.0	1	600011																																																																			
20010133	2001	200101	30	2	Drama200113	0	0.0	0.0	0.0	0.0	0.0	0.0	0	0	0	1	66	67	0	0	0											4001										{"RecordDecisionClipSelect":{},"ExitActions":[{"ActionType":21001,"Params":{"$type":"XConfigLevelActionParamsUnloadNpc","PlaceIdList":[600011]}}]}																																																																									
20010134	2001	200101	31	7											0	1	68	69	0	0	0											4001										{"TracePosArgs":[{"Position":[614.010009765625,189.9987030029297,1184.4599609375],"Id":0,"DisplayOffset":[0.0,2.200000047683716,0.0],"ShowEffect":false,"ForceMapPinActive":false,"InitHide":false,"Radius":0.0,"FloorNum":103}]}	614.010009765625	189.9987030029297	1184.4599609375	5.0	0	0																																																																			
20010135	2001	200101	32	2	Drama200114	0	0.0	0.0	0.0	0.0	0.0	0.0	0	0	0	1	70	71	0	0	0											4001										{"RecordDecisionClipSelect":{}}																																																																									
20010136	2001	200101	35	1											0	1	76	77	0	0	0											4001										{"TraceActorArgs":[{"TargetType":1,"PlaceId":100020,"Id":0,"DisplayOffset":[0.0,2.0,0.0],"ShowEffect":false,"ForceMapPinActive":false,"InitHide":false,"Radius":0.0,"FloorNum":103}]}									50000003																																																																
20010137	2001	200101	36	1											0	1	78	79	0	0	0											4001										{"TraceActorArgs":[{"TargetType":1,"PlaceId":100020,"Id":0,"DisplayOffset":[0.0,2.0,0.0],"ShowEffect":false,"ForceMapPinActive":false,"InitHide":false,"Radius":0.0,"FloorNum":103}]}									50000004																																																																
20010138	2001	200101	38	2	Drama200117	0	0.0	0.0	0.0	0.0	0.0	0.0	0	0	0	1	82	83	0	0	0											4001										{"RecordDecisionClipSelect":{},"ExitActions":[{"ActionType":4000,"Params":{"$type":"XConfigLevelActionParamsDoSceneObjectAction","SoPlaceId":100070,"ActionId":7001}}]}																																																																									
20010139	2001	200101	39	7											0	1	84	85	0	0	0											4001										{"TracePosArgs":[{"Position":[567.2999877929688,196.94000244140625,1168.3800048828125],"Id":0,"DisplayOffset":[0.0,2.200000047683716,0.0],"ShowEffect":false,"ForceMapPinActive":false,"InitHide":false,"Radius":0.0,"FloorNum":103}]}	567.2999877929688	196.94000244140625	1168.3800048828125	10.0	0	0																																																																			
20010140	2001	200101	40	2	Drama200118	0	0.0	0.0	0.0	0.0	0.0	0.0	0	0	0	1	86	87	0	0	0											4001										{"RecordDecisionClipSelect":{}}																																																																									
20010141	2001	200101	41	6											0	1	88	89	0	0	0											4001																							200106	1																																																											
20010142	2001	200101	42	2	Drama200119	0	0.0	0.0	0.0	0.0	0.0	0.0	0	0	0	1	90	91	0	0	0											4001										{"RecordDecisionClipSelect":{}}																																																																									
20010143	2001	200101	43	7											0	1	92	93	0	0	0											4001										{"TracePosArgs":[{"Position":[585.8242797851562,189.9987030029297,1211.553955078125],"Id":1,"DisplayOffset":[0.0,2.200000047683716,0.0],"ShowEffect":false,"ForceMapPinActive":false,"InitHide":false,"Radius":0.0,"FloorNum":103}]}	585.8242797851562	189.9987030029297	1211.553955078125	3.0	0	0																																																																			
20010144	2001	200101	44	2	Drama200120	0	0.0	0.0	0.0	0.0	0.0	0.0	0	0	0	1	94	95	0	0	0											4001										{"RecordDecisionClipSelect":{},"ExitActions":[{"ActionType":20000,"Params":{"$type":"XConfigLevelActionParamsTeleportPlayer","Position":[604.7061767578125,189.33819580078125,1148.3399658203125],"Rotation":null,"WithBlackScreen":true,"ScreenEffectId":300011,"BlackScreenEnterDuration":1.0,"BlackScreenExitDuration":1.0,"ShowEffect":false,"ResetCamera":false}},{"ActionType":12000,"Params":{"$type":"XConfigLevelActionParamsLoadNpc","PlaceIdList":[600014],"AutoUnloadWhiteList":[]}},{"ActionType":1000,"Params":{"$type":"XConfigLevelActionParamsAddTrialNpcToTeam","TrialNpcIds":[113100401],"AddMode":1,"CurNpcPos":0}}]}																																																																									
20010145	2001	200101	45	5											0	1	96	97	0	0	0											4001										{"TargetArgs":{"1":{"600014":0}},"ExitActions":[{"ActionType":5001,"Params":{"$type":"XConfigLevelActionParamsEnableActorInteractableComponent","PlaceId":600014,"ActorType":1,"Enable":false}}],"TraceActorArgs":[{"TargetType":1,"PlaceId":600014,"Id":0,"DisplayOffset":[0.0,2.0,0.0],"ShowEffect":false,"ForceMapPinActive":false,"InitHide":false,"Radius":0.0,"FloorNum":103}]}																																																																									
20010146	2001	200101	46	2	Drama200122	0	0.0	0.0	0.0	0.0	0.0	0.0	0	0	0	1	98	99	0	0	0											4001										{"RecordDecisionClipSelect":{},"ExitActions":[{"ActionType":18000,"Params":{"$type":"XConfigLevelActionParamsRemoveTrialNpcFromTeam"}},{"ActionType":12000,"Params":{"$type":"XConfigLevelActionParamsLoadNpc","PlaceIdList":[600003],"AutoUnloadWhiteList":[]}},{"ActionType":5001,"Params":{"$type":"XConfigLevelActionParamsEnableActorInteractableComponent","PlaceId":600003,"ActorType":1,"Enable":false}}]}																																																																									
20010153	2001	200101	47	7											0	1	100	101	0	0	0											4001										{"TraceActorArgs":[{"TargetType":1,"PlaceId":600003,"Id":2,"DisplayOffset":[0.0,2.200000047683716,0.0],"ShowEffect":false,"ForceMapPinActive":false,"InitHide":false,"Radius":0.0,"FloorNum":103}]}	667.97998046875	192.27999877929688	1194.8199462890625	6.0	0	0																																																																			
20010154	2001	200101	48	2	Drama200125	0	0.0	0.0	0.0	0.0	0.0	0.0	0	0	0	1	102	103	0	0	0											4001										{"RecordDecisionClipSelect":{},"ExitActions":[{"ActionType":5001,"Params":{"$type":"XConfigLevelActionParamsEnableActorInteractableComponent","PlaceId":600003,"ActorType":1,"Enable":true}},{"ActionType":18001,"Params":{"$type":"XConfigLevelActionParamsRequestEnterInstLevel","InstLevelId":4013,"Position":[76.38300323486328,7.864999771118164,55.28030014038086],"Rotation":null}}]}																																																																									
20010155	2001	200101	49	4											0	1	104	105	0	0	0											4001										{"ExitActions":[{"ActionType":19009,"Params":{"$type":"XConfigLevelActionParamsStopSceneObjectAction","SoPlaceId":100070,"ActionId":7001}}],"TraceActorArgs":[{"TargetType":1,"PlaceId":600003,"Id":3,"DisplayOffset":[0.0,2.200000047683716,0.0],"ShowEffect":false,"ForceMapPinActive":false,"InitHide":false,"Radius":0.0,"FloorNum":103}]}																4013	1	1	1	0																																																					
20010156	2001	200101	50	2	Drama200130	0	0.0	0.0	0.0	0.0	0.0	0.0	0	0	0	1	106	107	0	0	0											4001										{"RecordDecisionClipSelect":{},"EnterActions":[{"ActionType":5001,"Params":{"$type":"XConfigLevelActionParamsEnableActorInteractableComponent","PlaceId":600003,"ActorType":1,"Enable":false}},{"ActionType":21001,"Params":{"$type":"XConfigLevelActionParamsUnloadNpc","PlaceIdList":[600014]}}]}																																																																									
20010157	2001	200101	52	7											0	1	110	111	0	0	0											4001										{"TraceActorArgs":[{"TargetType":1,"PlaceId":100020,"Id":0,"DisplayOffset":[0.0,2.0,0.0],"ShowEffect":false,"ForceMapPinActive":false,"InitHide":false,"Radius":0.0,"FloorNum":103}]}	608.2899780273438	189.33819580078125	1145.43994140625	7.0	0	0																																																																			
20010158	2001	200101	51	2	Drama200131	0	0.0	0.0	0.0	0.0	0.0	0.0	0	0	0	1	108	109	0	0	0											4001										{"RecordDecisionClipSelect":{}}																																																																									
20010159	2001	200101	53	1											0	1	112	113	0	0	0											4001										{"TraceActorArgs":[{"TargetType":1,"PlaceId":100020,"Id":0,"DisplayOffset":[0.0,2.0,0.0],"ShowEffect":false,"ForceMapPinActive":false,"InitHide":false,"Radius":0.0,"FloorNum":103}]}									50000005																																																																
20010160	2001	200101	54	1											0	1	114	115	0	0	0											4001										{"TraceActorArgs":[{"TargetType":1,"PlaceId":100020,"Id":0,"DisplayOffset":[0.0,2.0,0.0],"ShowEffect":false,"ForceMapPinActive":false,"InitHide":false,"Radius":0.0,"FloorNum":103}]}									50000006																																																																
20010161	2001	200101	56	2	Drama200132	0	0.0	0.0	0.0	0.0	0.0	0.0	0	0	0	1	118	119	0	0	0											4001										{"RecordDecisionClipSelect":{}}																																																																									
20030101	2003	200301	0	5											0	1	6	7	0	0	0											4001										{"TargetArgs":{"1":{"500003":0}},"EnterActions":[{"ActionType":21000,"Params":{"$type":"XConfigLevelActionParamsUnderTakeSelfQuest"}},{"ActionType":12000,"Params":{"$type":"XConfigLevelActionParamsLoadNpc","PlaceIdList":[500001,500002,500003],"AutoUnloadWhiteList":[]}},{"ActionType":5001,"Params":{"$type":"XConfigLevelActionParamsEnableActorInteractableComponent","PlaceId":500002,"ActorType":1,"Enable":false}},{"ActionType":5001,"Params":{"$type":"XConfigLevelActionParamsEnableActorInteractableComponent","PlaceId":500001,"ActorType":1,"Enable":false}},{"ActionType":16001,"Params":{"$type":"XConfigLevelActionParamsPlayDramaCaption","DramaCaptionName":"Caption200301","WaitComplete":false,"IsSequentialJob":false}}],"ExitActions":[{"ActionType":5001,"Params":{"$type":"XConfigLevelActionParamsEnableActorInteractableComponent","PlaceId":500003,"ActorType":1,"Enable":false}}],"TraceActorArgs":[{"TargetType":1,"PlaceId":500003,"Id":0,"DisplayOffset":[0.0,2.200000047683716,0.0],"ShowEffect":false,"ForceMapPinActive":false,"InitHide":false,"Radius":0.0,"FloorNum":102}],"FixProcessors":{}}																																																																									
20030102	2003	200301	1	2	Drama_200302	0	0.0	0.0	0.0	0.0	0.0	0.0	0	0	0	1	8	9	0	0	0											4001										{"RecordDecisionClipSelect":{},"ExitActions":[{"ActionType":5001,"Params":{"$type":"XConfigLevelActionParamsEnableActorInteractableComponent","PlaceId":500001,"ActorType":1,"Enable":true}}],"FixProcessors":{}}																																																																									
20030103	2003	200301	2	5											0	1	10	11	0	0	0											4001										{"TargetArgs":{"1":{"500001":0}},"ExitActions":[{"ActionType":5001,"Params":{"$type":"XConfigLevelActionParamsEnableActorInteractableComponent","PlaceId":500001,"ActorType":1,"Enable":false}}],"TraceActorArgs":[{"TargetType":1,"PlaceId":500001,"Id":2,"DisplayOffset":[0.0,2.200000047683716,0.0],"ShowEffect":false,"ForceMapPinActive":false,"InitHide":false,"Radius":0.0,"FloorNum":102}],"FixProcessors":{"3":[{"Id":1,"FixTiming":3,"ConditionGroup":{"ConditionLists":[],"LogicOp":0},"Actions":[{"ActionType":5001,"Params":{"$type":"XConfigLevelActionParamsEnableActorInteractableComponent","PlaceId":500001,"ActorType":1,"Enable":true}}]}]}}																																																																									
20030104	2003	200301	3	2	Drama_200303	0	0.0	0.0	0.0	0.0	0.0	0.0	0	0	0	1	12	13	0	0	0											4001										{"RecordDecisionClipSelect":{},"ExitActions":[{"ActionType":5001,"Params":{"$type":"XConfigLevelActionParamsEnableActorInteractableComponent","PlaceId":500002,"ActorType":1,"Enable":true}}],"FixProcessors":{}}																																																																									
20030105	2003	200301	4	5											0	1	14	15	0	0	0											4001										{"TargetArgs":{"1":{"500002":0}},"ExitActions":[{"ActionType":5001,"Params":{"$type":"XConfigLevelActionParamsEnableActorInteractableComponent","PlaceId":500002,"ActorType":1,"Enable":false}}],"TraceActorArgs":[{"TargetType":1,"PlaceId":500002,"Id":0,"DisplayOffset":[0.0,2.200000047683716,0.0],"ShowEffect":false,"ForceMapPinActive":false,"InitHide":false,"Radius":0.0,"FloorNum":102}],"FixProcessors":{}}																																																																									
20030106	2003	200301	5	2	Drama_200304	0	0.0	0.0	0.0	0.0	0.0	0.0	0	0	0	1	16	17	0	0	0											4001										{"RecordDecisionClipSelect":{},"ExitActions":[{"ActionType":5001,"Params":{"$type":"XConfigLevelActionParamsEnableActorInteractableComponent","PlaceId":500003,"ActorType":1,"Enable":true}}],"FixProcessors":{}}																																																																									
20030107	2003	200301	6	5											0	1	18	19	0	0	0											4001										{"TargetArgs":{"1":{"500003":0}},"ExitActions":[{"ActionType":5001,"Params":{"$type":"XConfigLevelActionParamsEnableActorInteractableComponent","PlaceId":500003,"ActorType":1,"Enable":false}}],"TraceActorArgs":[{"TargetType":1,"PlaceId":500003,"Id":1,"DisplayOffset":[0.0,2.200000047683716,0.0],"ShowEffect":false,"ForceMapPinActive":false,"InitHide":false,"Radius":0.0,"FloorNum":102}],"FixProcessors":{"3":[{"Id":1,"FixTiming":3,"ConditionGroup":{"ConditionLists":[],"LogicOp":0},"Actions":[{"ActionType":5001,"Params":{"$type":"XConfigLevelActionParamsEnableActorInteractableComponent","PlaceId":500003,"ActorType":1,"Enable":true}}]}]}}																																																																									
20030108	2003	200301	7	2	Drama_200305	0	0.0	0.0	0.0	0.0	0.0	0.0	0	0	0	1	20	21	0	0	0											4001										{"RecordDecisionClipSelect":{},"EnterActions":[{"ActionType":12000,"Params":{"$type":"XConfigLevelActionParamsLoadNpc","PlaceIdList":[500004],"AutoUnloadWhiteList":[]}}],"ExitActions":[{"ActionType":21001,"Params":{"$type":"XConfigLevelActionParamsUnloadNpc","PlaceIdList":[500002,500001]}}],"FixProcessors":{}}																																																																									
20030110	2003	200301	8	7											0	1	22	23	0	0	0											4001										{"EnterActions":[{"ActionType":5001,"Params":{"$type":"XConfigLevelActionParamsEnableActorInteractableComponent","PlaceId":500004,"ActorType":1,"Enable":false}}],"TraceActorArgs":[{"TargetType":1,"PlaceId":500004,"Id":0,"DisplayOffset":[0.0,2.200000047683716,0.0],"ShowEffect":false,"ForceMapPinActive":false,"InitHide":false,"Radius":0.0,"FloorNum":102}],"FixProcessors":{}}	569.21337890625	168.55999755859375	1193.68701171875	3.0	0	0																																																																			
20030111	2003	200301	9	2	Drama_200306	0	0.0	0.0	0.0	0.0	0.0	0.0	1	0	0	1	24	25	0	0	0											4001										{"RecordDecisionClipSelect":{},"ExitActions":[{"ActionType":21001,"Params":{"$type":"XConfigLevelActionParamsUnloadNpc","PlaceIdList":[500003]}}],"FixProcessors":{}}																																																																									
20030112	2003	200301	10	2	Drama_200307	0	0.0	0.0	0.0	0.0	0.0	0.0	0	0	0	1	26	27	0	0	0											4001										{"RecordDecisionClipSelect":{},"FixProcessors":{}}																																																																									
20030113	2003	200301	14	6											0	1	34	35	0	0	0											4001										{"ExitActions":[{"ActionType":16001,"Params":{"$type":"XConfigLevelActionParamsPlayDramaCaption","DramaCaptionName":"Caption200302","WaitComplete":false,"IsSequentialJob":false}}],"FixProcessors":{}}													200301	1																																																											
20030114	2003	200301	15	7											0	1	36	37	0	0	0											4001										{"EnterActions":[{"ActionType":12000,"Params":{"$type":"XConfigLevelActionParamsLoadNpc","PlaceIdList":[500005],"AutoUnloadWhiteList":[]}},{"ActionType":5001,"Params":{"$type":"XConfigLevelActionParamsEnableActorInteractableComponent","PlaceId":500005,"ActorType":1,"Enable":false}}],"TraceActorArgs":[{"TargetType":1,"PlaceId":500005,"Id":0,"DisplayOffset":[0.0,2.200000047683716,0.0],"ShowEffect":false,"ForceMapPinActive":false,"InitHide":false,"Radius":0.0,"FloorNum":102}],"FixProcessors":{}}	542.2100219726562	168.64999389648438	1137.010009765625	3.0	0	0																																																																			
20030115	2003	200301	16	2	Drama_200308	0	0.0	0.0	0.0	0.0	0.0	0.0	0	0	0	1	38	39	0	0	0											4001										{"RecordDecisionClipSelect":{},"EnterActions":[{"ActionType":5001,"Params":{"$type":"XConfigLevelActionParamsEnableActorInteractableComponent","PlaceId":500005,"ActorType":1,"Enable":true}}],"FixProcessors":{}}																																																																									
20030116	2003	200301	17	5											0	1	40	41	0	0	0											4001										{"TargetArgs":{"1":{"500005":0}},"ExitActions":[{"ActionType":5001,"Params":{"$type":"XConfigLevelActionParamsEnableActorInteractableComponent","PlaceId":500005,"ActorType":1,"Enable":false}}],"TraceActorArgs":[{"TargetType":1,"PlaceId":500005,"Id":0,"DisplayOffset":[0.0,2.200000047683716,0.0],"ShowEffect":false,"ForceMapPinActive":false,"InitHide":false,"Radius":0.0,"FloorNum":102}],"FixProcessors":{}}																																																																									
20030118	2003	200301	18	8											0	1	42	43	0	0	0											4001										{"FixProcessors":{}}																					UiBigWorldNarrative	25																																																			
20030120	2003	200301	20	6											0	1	46	47	0	0	0											4001										{"ExitActions":[{"ActionType":16001,"Params":{"$type":"XConfigLevelActionParamsPlayDramaCaption","DramaCaptionName":"Caption200303","WaitComplete":false,"IsSequentialJob":false}}],"FixProcessors":{}}													200302	1																																																											
20030124	2003	200301	21	7											0	1	48	49	0	0	0											4001										{"EnterActions":[{"ActionType":12000,"Params":{"$type":"XConfigLevelActionParamsLoadNpc","PlaceIdList":[500006,500007,500008,500009,500010],"AutoUnloadWhiteList":[]}}],"TracePosArgs":[{"Position":[559.3900146484375,169.44479370117188,1178.780029296875],"Id":0,"DisplayOffset":[0.0,2.0,0.0],"ShowEffect":true,"ForceMapPinActive":false,"InitHide":false,"Radius":0.0,"FloorNum":102}],"FixProcessors":{}}	559.3900146484375	169.44479370117188	1178.780029296875	4.0	0	0																																																																			
20030125	2003	200301	22	2	Drama_200310	0	0.0	0.0	0.0	0.0	0.0	0.0	0	0	0	1	50	51	0	0	0											4001										{"RecordDecisionClipSelect":{},"EnterActions":[{"ActionType":16002,"Params":{"$type":"XConfigLevelActionParamsPlayScreenEffect","ScreenEffectId":300011,"EnableTimeParams":true,"EnterDuration":1.0,"HoldDuration":0.5,"ExitDuration":0.0,"IsWaitEnter":true}},{"ActionType":12000,"Params":{"$type":"XConfigLevelActionParamsLoadNpc","PlaceIdList":[500022],"AutoUnloadWhiteList":[]}},{"ActionType":21001,"Params":{"$type":"XConfigLevelActionParamsUnloadNpc","PlaceIdList":[500005,500006,500007,500008,500009,500010]}}],"FixProcessors":{}}																																																																									
20030126	2003	200301	23	7											0	1	52	53	0	0	0											4001										{"TracePosArgs":[{"Position":[538.693115234375,168.5648956298828,1157.635009765625],"Id":0,"DisplayOffset":[0.0,2.0,0.0],"ShowEffect":false,"ForceMapPinActive":false,"InitHide":false,"Radius":0.0,"FloorNum":102}],"FixProcessors":{}}	538.693115234375	168.5648956298828	1157.635009765625	4.0	0	0																																																																			
20030128	2003	200301	24	2	Drama_200311	0	0.0	0.0	0.0	0.0	0.0	0.0	0	0	0	1	54	55	0	0	0											4001										{"RecordDecisionClipSelect":{},"EnterActions":[{"ActionType":12000,"Params":{"$type":"XConfigLevelActionParamsLoadNpc","PlaceIdList":[500012,500013,500014],"AutoUnloadWhiteList":[]}}],"ExitActions":[{"ActionType":5001,"Params":{"$type":"XConfigLevelActionParamsEnableActorInteractableComponent","PlaceId":500022,"ActorType":1,"Enable":false}}],"FixProcessors":{}}																																																																									
20030129	2003	200301	25	7											0	1	56	57	0	0	0											4001										{"TraceActorArgs":[{"TargetType":1,"PlaceId":500012,"Id":0,"DisplayOffset":[0.0,2.200000047683716,0.0],"ShowEffect":false,"ForceMapPinActive":false,"InitHide":false,"Radius":0.0,"FloorNum":102}],"FixProcessors":{}}	556.093017578125	181.83059692382812	1182.4840087890625	3.0	0	0																																																																			
20030130	2003	200301	26	2	Drama_200312	0	0.0	0.0	0.0	0.0	0.0	0.0	0	0	0	1	58	59	0	0	0											4001										{"RecordDecisionClipSelect":{},"EnterActions":[{"ActionType":16002,"Params":{"$type":"XConfigLevelActionParamsPlayScreenEffect","ScreenEffectId":300011,"EnableTimeParams":true,"EnterDuration":1.0,"HoldDuration":0.5,"ExitDuration":0.0,"IsWaitEnter":true}},{"ActionType":12001,"Params":{"$type":"XConfigLevelActionParamsLoadSceneObject","PlaceIdList":[500003],"AutoUnloadWhiteList":[]}},{"ActionType":12000,"Params":{"$type":"XConfigLevelActionParamsLoadNpc","PlaceIdList":[500015],"AutoUnloadWhiteList":[]}},{"ActionType":21001,"Params":{"$type":"XConfigLevelActionParamsUnloadNpc","PlaceIdList":[500022,500012,500013,500014]}}],"ExitActions":[{"ActionType":16001,"Params":{"$type":"XConfigLevelActionParamsPlayDramaCaption","DramaCaptionName":"Caption200304","WaitComplete":false,"IsSequentialJob":false}}],"FixProcessors":{}}																																																																									
20030131	2003	200301	29	1											0	1	64	65	0	0	0											4001										{"TraceActorArgs":[{"TargetType":1,"PlaceId":100093,"Id":0,"DisplayOffset":[0.0,2.200000047683716,0.0],"ShowEffect":false,"ForceMapPinActive":false,"InitHide":false,"Radius":0.0,"FloorNum":102}],"FixProcessors":{}}									50000104																																																																
20030132	2003	200301	32	5											0	1	70	71	0	0	0											4001										{"TargetArgs":{"1":{"500015":0}},"TraceActorArgs":[{"TargetType":1,"PlaceId":500015,"Id":0,"DisplayOffset":[0.0,2.200000047683716,0.0],"ShowEffect":false,"ForceMapPinActive":false,"InitHide":false,"Radius":0.0,"FloorNum":102}],"FixProcessors":{}}																																																																									
20030133	2003	200301	33	2	Drama_200314	0	0.0	0.0	0.0	0.0	0.0	0.0	0	0	0	1	72	73	0	0	0											4001										{"RecordDecisionClipSelect":{},"EnterActions":[{"ActionType":16002,"Params":{"$type":"XConfigLevelActionParamsPlayScreenEffect","ScreenEffectId":300011,"EnableTimeParams":true,"EnterDuration":1.0,"HoldDuration":0.5,"ExitDuration":0.0,"IsWaitEnter":true}},{"ActionType":21001,"Params":{"$type":"XConfigLevelActionParamsUnloadNpc","PlaceIdList":[500015]}}],"ExitActions":[{"ActionType":12001,"Params":{"$type":"XConfigLevelActionParamsLoadSceneObject","PlaceIdList":[500020],"AutoUnloadWhiteList":[]}},{"ActionType":16001,"Params":{"$type":"XConfigLevelActionParamsPlayDramaCaption","DramaCaptionName":"Caption200305","WaitComplete":false,"IsSequentialJob":false}}],"FixProcessors":{}}																																																																									
20030134	2003	200301	34	5											0	1	74	75	0	0	0											4001										{"TargetArgs":{"2":{"500020":0}},"ExitActions":[{"ActionType":21002,"Params":{"$type":"XConfigLevelActionParamsUnloadSceneObject","PlaceIdList":[500020]}}],"TraceActorArgs":[{"TargetType":2,"PlaceId":500020,"Id":0,"DisplayOffset":[0.0,0.6000000238418579,0.0],"ShowEffect":false,"ForceMapPinActive":false,"InitHide":false,"Radius":0.0,"FloorNum":102}],"FixProcessors":{}}																																																																									
20030135	2003	200301	35	8											0	1	76	77	0	0	0											4001										{"FixProcessors":{}}																					UiBigWorldNarrative	26																																																			
20030137	2003	200301	36	2	Drama_200315	0	0.0	0.0	0.0	0.0	0.0	0.0	0	0	0	1	78	79	0	0	0											4001										{"RecordDecisionClipSelect":{},"FixProcessors":{}}																																																																									
20030138	2003	200301	37	6											0	1	80	81	0	0	0											4001										{"FixProcessors":{}}													200303	1																																																											
20030139	2003	200301	39	1											0	1	84	85	0	0	0											4001										{"TraceActorArgs":[{"TargetType":1,"PlaceId":100093,"Id":0,"DisplayOffset":[0.0,2.200000047683716,0.0],"ShowEffect":false,"ForceMapPinActive":false,"InitHide":false,"Radius":0.0,"FloorNum":102}],"FixProcessors":{}}									50000106																																																																
20030140	2003	200301	42	5											0	1	90	91	0	0	0											4001										{"TargetArgs":{"1":{"500017":0}},"ExitActions":[{"ActionType":5001,"Params":{"$type":"XConfigLevelActionParamsEnableActorInteractableComponent","PlaceId":500017,"ActorType":1,"Enable":false}}],"TraceActorArgs":[{"TargetType":1,"PlaceId":500017,"Id":0,"DisplayOffset":[0.0,2.200000047683716,0.0],"ShowEffect":false,"ForceMapPinActive":false,"InitHide":false,"Radius":0.0,"FloorNum":102}],"FixProcessors":{}}																																																																									
20030141	2003	200301	43	2	Drama_200316	0	0.0	0.0	0.0	0.0	0.0	0.0	0	0	0	1	92	93	0	0	0											4001										{"RecordDecisionClipSelect":{},"ExitActions":[{"ActionType":5001,"Params":{"$type":"XConfigLevelActionParamsEnableActorInteractableComponent","PlaceId":500018,"ActorType":1,"Enable":true}}],"FixProcessors":{}}																																																																									
20030142	2003	200301	44	5											0	1	94	95	0	0	0											4001										{"TargetArgs":{"1":{"500018":0}},"TraceActorArgs":[{"TargetType":1,"PlaceId":500018,"Id":0,"DisplayOffset":[0.0,2.200000047683716,0.0],"ShowEffect":false,"ForceMapPinActive":false,"InitHide":false,"Radius":0.0,"FloorNum":102}],"FixProcessors":{}}																																																																									
20030143	2003	200301	45	2	Drama_200317	0	0.0	0.0	0.0	0.0	0.0	0.0	0	0	0	1	96	97	0	0	0											4001										{"RecordDecisionClipSelect":{},"EnterActions":[{"ActionType":16002,"Params":{"$type":"XConfigLevelActionParamsPlayScreenEffect","ScreenEffectId":300011,"EnableTimeParams":true,"EnterDuration":1.0,"HoldDuration":0.5,"ExitDuration":0.0,"IsWaitEnter":true}},{"ActionType":21001,"Params":{"$type":"XConfigLevelActionParamsUnloadNpc","PlaceIdList":[500016,500017,500018,500019]}}],"FixProcessors":{}}																																																																									
20040101	2004	200401	0	5											0	1	6	7	0	0	0											4001										{"TargetArgs":{"1":{"600018":0}},"EnterActions":[{"ActionType":21000,"Params":{"$type":"XConfigLevelActionParamsUnderTakeSelfQuest"}},{"ActionType":12000,"Params":{"$type":"XConfigLevelActionParamsLoadNpc","PlaceIdList":[600018],"AutoUnloadWhiteList":[]}}],"TraceActorArgs":[{"TargetType":1,"PlaceId":600018,"Id":1,"DisplayOffset":[0.0,2.0,0.0],"ShowEffect":false,"ForceMapPinActive":false,"InitHide":false,"Radius":0.0,"FloorNum":103}]}																																																																									
20040102	2004	200401	2	4											0	1	10	11	0	0	0											4001										{"EnterActions":[{"ActionType":12000,"Params":{"$type":"XConfigLevelActionParamsLoadNpc","PlaceIdList":[600021],"AutoUnloadWhiteList":[]}}],"TraceActorArgs":[{"TargetType":1,"PlaceId":600021,"Id":2,"DisplayOffset":[0.0,2.0,0.0],"ShowEffect":false,"ForceMapPinActive":false,"InitHide":false,"Radius":0.0,"FloorNum":103}]}																4021	1	1	1	0																																																					
20050101	2005	200501	0	5											0	1	6	7	0	0	0											4001										{"TargetArgs":{"1":{"600020":0}},"EnterActions":[{"ActionType":21000,"Params":{"$type":"XConfigLevelActionParamsUnderTakeSelfQuest"}},{"ActionType":12000,"Params":{"$type":"XConfigLevelActionParamsLoadNpc","PlaceIdList":[600020],"AutoUnloadWhiteList":[]}}],"TraceActorArgs":[{"TargetType":1,"PlaceId":600020,"Id":0,"DisplayOffset":[0.0,2.0,0.0],"ShowEffect":false,"ForceMapPinActive":false,"InitHide":false,"Radius":0.0,"FloorNum":103}]}																																																																									
20050102	2005	200501	2	4											0	1	10	11	0	0	0											4001										{"EnterActions":[{"ActionType":12000,"Params":{"$type":"XConfigLevelActionParamsLoadNpc","PlaceIdList":[600022],"AutoUnloadWhiteList":[]}}],"TraceActorArgs":[{"TargetType":1,"PlaceId":600022,"Id":1,"DisplayOffset":[0.0,2.0,0.0],"ShowEffect":false,"ForceMapPinActive":false,"InitHide":false,"Radius":0.0,"FloorNum":103}]}																4022	1	1	1	0																																																					
20060001	2006	200600	0	3											0	1	6	7	0	0	0											6001	0									{"TraceActorArgs":[{"TargetType":2,"PlaceId":3500002,"Id":3,"DisplayOffset":[0.0,2.0,0.0],"ShowEffect":false,"ForceMapPinActive":false,"InitHide":false,"Radius":0.0,"FloorNum":305}],"FixProcessors":{}}															4044																																																										
20060002	2006	200600	1	4											0	1	8	9	0	0	0											0	0									{"ExitActions":[{"ActionType":21003,"Params":{"$type":"XConfigLevelActionParamsUnlockBranchQuestResult","BranchQuestResultId":7,"QuestId":null}},{"ActionType":21003,"Params":{"$type":"XConfigLevelActionParamsUnlockBranchQuestResult","BranchQuestResultId":8,"QuestId":null}}],"FixProcessors":{}}																4044	1	0	1	1																																																					
20070101	2007	200701	0	6											0	1	6	7	0	0	0											5001										{"ExitActions":[{"ActionType":18001,"Params":{"$type":"XConfigLevelActionParamsRequestEnterInstLevel","InstLevelId":4039,"Position":[517.9050903320312,185.88340759277344,957.0457763671875],"Rotation":[0.0,-91.75700378417969,0.0]}}],"FixProcessors":{}}													200701	0																																																											
20070102	2007	200701	1	4											0	1	8	9	0	0	0											5001										{"FixProcessors":{}}																4039	1	0	1	1																																																					
20070201	2007	200702	0	3											0	1	12	13	0	0	0											5001										{"ExitActions":[{"ActionType":21003,"Params":{"$type":"XConfigLevelActionParamsUnlockBranchQuestResult","BranchQuestResultId":1,"QuestId":null}}],"FixProcessors":{}}															5001																																																										
20070301	2007	200703	0	3											0	1	16	17	0	0	0											5001										{"ExitActions":[{"ActionType":21003,"Params":{"$type":"XConfigLevelActionParamsUnlockBranchQuestResult","BranchQuestResultId":2,"QuestId":null}}],"FixProcessors":{}}															5001																																																										
20090101	2009	200901	0	6											0	1	6	7	0	0	0											5001										{"ExitActions":[{"ActionType":18001,"Params":{"$type":"XConfigLevelActionParamsRequestEnterInstLevel","InstLevelId":4038,"Position":[511.8172912597656,189.61500549316406,1000.5390014648438],"Rotation":null}}],"FixProcessors":{}}													200901	0																																																											
20090102	2009	200901	1	4											0	1	8	9	0	0	0											5001										{"FixProcessors":{}}																4038	1	0	1	1																																																					
20090201	2009	200902	0	3											0	1	12	13	0	0	0											5001										{"ExitActions":[{"ActionType":21003,"Params":{"$type":"XConfigLevelActionParamsUnlockBranchQuestResult","BranchQuestResultId":3,"QuestId":null}}],"FixProcessors":{}}															5001																																																										
20090301	2009	200903	0	3											0	1	16	17	0	0	0											5001										{"ExitActions":[{"ActionType":21003,"Params":{"$type":"XConfigLevelActionParamsUnlockBranchQuestResult","BranchQuestResultId":4,"QuestId":null}}],"FixProcessors":{}}															5001																																																										
20110001	2011	201100	0	1											0	1	6	7	0	0	0											5001	0									{"ExitActions":[{"ActionType":21000,"Params":{"$type":"XConfigLevelActionParamsUnderTakeSelfQuest"}}],"FixProcessors":{}}									50002002																																																																
20110002	2011	201100	1	1											0	1	8	9	0	0	0											5001	0									{"ExitActions":[{"ActionType":21000,"Params":{"$type":"XConfigLevelActionParamsUnderTakeSelfQuest"}}],"FixProcessors":{}}									50002008																																																																
20110101	2011	201101	0	7											0	1	12	13	0	0	0											5001	0									{"ExitActions":[{"ActionType":20002,"Params":{"$type":"XConfigLevelActionTakePhotoSilent","PhotoKey":1,"SpotId":1500001,"Fov":50.0}}],"TracePosArgs":[{"Position":[512.4400024414062,193.42750549316406,1017.7100219726562],"Id":3,"DisplayOffset":[0.0,2.0,0.0],"ShowEffect":true,"ForceMapPinActive":false,"InitHide":false,"Radius":4.0,"FloorNum":201}],"FixProcessors":{}}	512.4400024414062	193.42750549316406	1017.7100219726562	3.0	0	0																																																																			
20110103	2011	201101	1	6											0	1	14	15	0	0	0											5001	0									{"EnterActions":[{"ActionType":15003,"Params":{"$type":"XConfigLevelActionParamsOpenQuestProcessPop","IsFinish":false}}],"ExitActions":[{"ActionType":16001,"Params":{"$type":"XConfigLevelActionParamsPlayDramaCaption","DramaCaptionName":"Caption201101","WaitComplete":false,"IsSequentialJob":true}}],"FixProcessors":{}}													201101	1																																																											
20110104	2011	201101	2	7											0	1	16	17	0	0	0											5001	0									{"ExitActions":[{"ActionType":12000,"Params":{"$type":"XConfigLevelActionParamsLoadNpc","PlaceIdList":[1500003,1500011],"AutoUnloadWhiteList":[]}},{"ActionType":16001,"Params":{"$type":"XConfigLevelActionParamsPlayDramaCaption","DramaCaptionName":"Caption201102","WaitComplete":true,"IsSequentialJob":true}},{"ActionType":5001,"Params":{"$type":"XConfigLevelActionParamsEnableActorInteractableComponent","PlaceId":1500011,"ActorType":1,"Enable":false}}],"TracePosArgs":[{"Position":[513.4935302734375,189.6374969482422,1008.2830200195312],"Id":5,"DisplayOffset":[0.0,2.0,0.0],"ShowEffect":true,"ForceMapPinActive":false,"InitHide":false,"Radius":5.0,"FloorNum":201}],"FixProcessors":{}}	513.4935302734375	189.6374969482422	1008.2830200195312	5.0	0	0																																																																			
20110105	2011	201101	3	5											0	1	18	19	0	0	0											5001	0									{"TargetArgs":{"1":{"1500003":0}},"ExitActions":[{"ActionType":16002,"Params":{"$type":"XConfigLevelActionParamsPlayScreenEffect","ScreenEffectId":300011,"EnableTimeParams":true,"EnterDuration":0.5,"HoldDuration":2.0,"ExitDuration":0.0,"IsWaitEnter":true}},{"ActionType":12000,"Params":{"$type":"XConfigLevelActionParamsLoadNpc","PlaceIdList":[1500004,1500029],"AutoUnloadWhiteList":[]}},{"ActionType":21001,"Params":{"$type":"XConfigLevelActionParamsUnloadNpc","PlaceIdList":[1500003]}},{"ActionType":16000,"Params":{"$type":"XConfigLevelActionParamsPlayDrama","DramaName":"Drama_2011_001","ReferencePos":[0.0,0.0,0.0],"ReferenceRot":[0.0,0.0,0.0],"CombineKey":0,"PlayerNpcTrialId":0}}],"TraceActorArgs":[{"TargetType":1,"PlaceId":1500003,"Id":10,"DisplayOffset":[0.0,2.0,0.0],"ShowEffect":false,"ForceMapPinActive":false,"InitHide":false,"Radius":3.0,"FloorNum":201}],"FixProcessors":{}}																																																																									
20110106	2011	201101	4	7											0	1	20	21	0	0	0											5001	0									{"EnterActions":[{"ActionType":16001,"Params":{"$type":"XConfigLevelActionParamsPlayDramaCaption","DramaCaptionName":"Caption201103","WaitComplete":false,"IsSequentialJob":true}},{"ActionType":14000,"Params":{"$type":"XConfigLevelActionParamsNpcNavigateTo","NpcPlaceId":1500011,"Position":[506.6780090332031,193.45359802246094,1025.2330322265625],"MoveType":1,"WaitComplete":true}}],"TracePosArgs":[{"Position":[501.5445861816406,193.45359802246094,1022.0560302734375],"Id":11,"DisplayOffset":[0.0,2.0,0.0],"ShowEffect":false,"ForceMapPinActive":false,"InitHide":false,"Radius":4.0,"FloorNum":201}],"FixProcessors":{"3":[{"Id":1,"FixTiming":3,"ConditionGroup":{"ConditionLists":[],"LogicOp":0},"Actions":[{"ActionType":6003,"Params":{"$type":"XConfigLevelActionParamsFixSetNpcPosition","Position":[506.6780090332031,193.45359802246094,1025.2330322265625],"Rotation":null,"PlaceId":1500011}}]}]}}	501.5445861816406	193.45359802246094	1022.0560302734375	5.0	0	0																																																																			
20110107	2011	201101	5	9											0	1	22	23	0	0	0											5001	0									{"PlayerNpcAnimationDict":{},"LevelNpcAnimationDict":{},"FinalShot":{"PhotoFilterId":0,"PlayerNpcAnimationDict":{},"LevelNpcAnimationDict":{}},"EnterActions":[{"ActionType":20000,"Params":{"$type":"XConfigLevelActionParamsTeleportPlayer","Position":[504.0763854980469,193.4375,1021.8660278320312],"Rotation":[0.0,-88.06900024414062,0.0],"WithBlackScreen":true,"ScreenEffectId":300011,"BlackScreenEnterDuration":0.5,"BlackScreenExitDuration":0.5,"ShowEffect":false,"ResetCamera":true}}],"ExitActions":[{"ActionType":21001,"Params":{"$type":"XConfigLevelActionParamsUnloadNpc","PlaceIdList":[1500004,1500029]}},{"ActionType":12000,"Params":{"$type":"XConfigLevelActionParamsLoadNpc","PlaceIdList":[1500005,1500006,1500007,1500030,1500031,1500032,1500033,1500049],"AutoUnloadWhiteList":[]}},{"ActionType":16001,"Params":{"$type":"XConfigLevelActionParamsPlayDramaCaption","DramaCaptionName":"Caption201104","WaitComplete":true,"IsSequentialJob":true}},{"ActionType":21001,"Params":{"$type":"XConfigLevelActionParamsUnloadNpc","PlaceIdList":[1500049]}},{"ActionType":16000,"Params":{"$type":"XConfigLevelActionParamsPlayDrama","DramaName":"Drama_2011_002","ReferencePos":[0.0,0.0,0.0],"ReferenceRot":[0.0,0.0,0.0],"CombineKey":0,"PlayerNpcTrialId":0}},{"ActionType":5001,"Params":{"$type":"XConfigLevelActionParamsEnableActorInteractableComponent","PlaceId":1500011,"ActorType":1,"Enable":true}}],"FixProcessors":{}}																										12	0	1500004				0																																									
20110201	2011	201102	0	9											0	1	26	27	0	0	0											5001	0									{"PlayerNpcAnimationDict":{},"LevelNpcAnimationDict":{},"FinalShot":{"PhotoFilterId":0,"PlayerNpcAnimationDict":{},"LevelNpcAnimationDict":{}},"ExitActions":[{"ActionType":21001,"Params":{"$type":"XConfigLevelActionParamsUnloadNpc","PlaceIdList":[1500005,1500030]}},{"ActionType":12000,"Params":{"$type":"XConfigLevelActionParamsLoadNpc","PlaceIdList":[1500051],"AutoUnloadWhiteList":[]}},{"ActionType":16001,"Params":{"$type":"XConfigLevelActionParamsPlayDramaCaption","DramaCaptionName":"Caption201105","WaitComplete":true,"IsSequentialJob":true}},{"ActionType":21001,"Params":{"$type":"XConfigLevelActionParamsUnloadNpc","PlaceIdList":[1500051]}}],"TraceActorArgs":[{"TargetType":1,"PlaceId":1500005,"Id":6,"DisplayOffset":[0.0,0.0,0.0],"ShowEffect":false,"ForceMapPinActive":false,"InitHide":true,"Radius":0.0,"FloorNum":201}],"FixProcessors":{}}																										0	0	1500005				0																																									
20110202	2011	201102	1	9											0	1	28	29	0	0	0											5001	0									{"PlayerNpcAnimationDict":{},"LevelNpcAnimationDict":{},"FinalShot":{"PhotoFilterId":0,"PlayerNpcAnimationDict":{},"LevelNpcAnimationDict":{}},"ExitActions":[{"ActionType":21001,"Params":{"$type":"XConfigLevelActionParamsUnloadNpc","PlaceIdList":[1500006,1500031,1500032]}},{"ActionType":12000,"Params":{"$type":"XConfigLevelActionParamsLoadNpc","PlaceIdList":[1500050],"AutoUnloadWhiteList":[]}},{"ActionType":16001,"Params":{"$type":"XConfigLevelActionParamsPlayDramaCaption","DramaCaptionName":"Caption201106","WaitComplete":true,"IsSequentialJob":true}},{"ActionType":21001,"Params":{"$type":"XConfigLevelActionParamsUnloadNpc","PlaceIdList":[1500050]}}],"TraceActorArgs":[{"TargetType":1,"PlaceId":1500006,"Id":8,"DisplayOffset":[0.0,0.0,0.0],"ShowEffect":false,"ForceMapPinActive":false,"InitHide":true,"Radius":0.0,"FloorNum":201}],"FixProcessors":{"3":[{"Id":1,"FixTiming":3,"ConditionGroup":{"ConditionLists":[{"Conditions":[{"CondType":10,"Params":{"$type":"XConfigLevelConditionParamsIsInLevel","LevelId":5001},"InvertResult":false,"TipDescId":null},{"CondType":11,"Params":{"$type":"XConfigLevelConditionParamsCheckNpcInRange","RangeType":1,"RangePoint":[488.1730041503906,193.46600341796875,1031.2640380859375],"RangeSize":[1.0,0.0,0.0],"PlaceId":1500006},"InvertResult":true,"TipDescId":null}],"LogicOp":0}],"LogicOp":0},"Actions":[{"ActionType":6003,"Params":{"$type":"XConfigLevelActionParamsFixSetNpcPosition","Position":[488.1730041503906,193.46600341796875,1031.2640380859375],"Rotation":null,"PlaceId":1500006}}]}]}}																										0	0	1500006				0																																									
20110203	2011	201102	2	9											0	1	30	31	0	0	0											5001	0									{"PlayerNpcAnimationDict":{},"LevelNpcAnimationDict":{},"FinalShot":{"PhotoFilterId":0,"PlayerNpcAnimationDict":{},"LevelNpcAnimationDict":{}},"ExitActions":[{"ActionType":21001,"Params":{"$type":"XConfigLevelActionParamsUnloadNpc","PlaceIdList":[1500007,1500033]}},{"ActionType":12000,"Params":{"$type":"XConfigLevelActionParamsLoadNpc","PlaceIdList":[1500052],"AutoUnloadWhiteList":[]}},{"ActionType":16001,"Params":{"$type":"XConfigLevelActionParamsPlayDramaCaption","DramaCaptionName":"Caption201107","WaitComplete":true,"IsSequentialJob":true}},{"ActionType":21001,"Params":{"$type":"XConfigLevelActionParamsUnloadNpc","PlaceIdList":[1500052]}}],"TraceActorArgs":[{"TargetType":1,"PlaceId":1500007,"Id":9,"DisplayOffset":[0.0,0.0,0.0],"ShowEffect":false,"ForceMapPinActive":false,"InitHide":true,"Radius":0.0,"FloorNum":201}],"FixProcessors":{}}																										0	0	1500007				0																																									
20110204	2011	201102	3	5											1	1	32	33	0	0	0											5001	0									{"TargetArgs":{"1":{"1500011":0}},"ExitActions":[{"ActionType":16001,"Params":{"$type":"XConfigLevelActionParamsPlayDramaCaption","DramaCaptionName":"Caption201108","WaitComplete":false,"IsSequentialJob":true}},{"ActionType":19010,"Params":{"$type":"XConfigLevelActionSetNavPointActive","QuestObjectiveId":20110201,"NavPointId":6,"Active":true}},{"ActionType":19010,"Params":{"$type":"XConfigLevelActionSetNavPointActive","QuestObjectiveId":20110202,"NavPointId":8,"Active":true}},{"ActionType":19010,"Params":{"$type":"XConfigLevelActionSetNavPointActive","QuestObjectiveId":20110203,"NavPointId":9,"Active":true}}],"TracePosArgs":[{"Position":[490.79998779296875,193.45359802246094,1019.2000122070312],"Id":13,"DisplayOffset":[0.0,0.0,0.0],"ShowEffect":false,"ForceMapPinActive":false,"InitHide":false,"Radius":35.0,"FloorNum":201}],"TraceActorArgs":[{"TargetType":1,"PlaceId":1500011,"Id":12,"DisplayOffset":[0.0,2.0,0.0],"ShowEffect":false,"ForceMapPinActive":false,"InitHide":false,"Radius":0.0,"FloorNum":201}],"FixProcessors":{}}																																																																									
20110301	2011	201103	0	6											0	1	36	37	0	0	0											5001	0									{"FixProcessors":{}}													201102	1																																																											
20120001	2012	201200	0	1											0	1	6	7	0	0	0											0										{"ExitActions":[{"ActionType":21000,"Params":{"$type":"XConfigLevelActionParamsUnderTakeSelfQuest"}}],"FixProcessors":{}}									50002002																																																																
20120002	2012	201200	1	1											0	1	8	9	0	0	0											0										{"ExitActions":[{"ActionType":21000,"Params":{"$type":"XConfigLevelActionParamsUnderTakeSelfQuest"}}],"FixProcessors":{}}									50002003																																																																
20120101	2012	201201	0	6											0	1	12	13	0	0	0											5001										{"FixProcessors":{}}													201201	1																																																											
20120102	2012	201201	1	7											0	1	14	15	0	0	0											5001										{"ExitActions":[{"ActionType":16001,"Params":{"$type":"XConfigLevelActionParamsPlayDramaCaption","DramaCaptionName":"Caption201201","WaitComplete":false,"IsSequentialJob":false}}],"TracePosArgs":[{"Position":[531.6199951171875,189.17999267578125,911.25],"Id":2,"DisplayOffset":[0.0,0.0,0.0],"ShowEffect":false,"ForceMapPinActive":false,"InitHide":false,"Radius":0.0,"FloorNum":201}],"FixProcessors":{}}	531.6199951171875	189.17999267578125	911.25	4.0	0	0																																																																			
20120103	2012	201201	3	5											0	1	18	19	0	0	0											5001										{"TargetArgs":{"1":{"2000001":1}},"EnterActions":[{"ActionType":12000,"Params":{"$type":"XConfigLevelActionParamsLoadNpc","PlaceIdList":[2000001],"AutoUnloadWhiteList":[]}}],"ExitActions":[{"ActionType":16000,"Params":{"$type":"XConfigLevelActionParamsPlayDrama","DramaName":"Drama_2012_001","ReferencePos":[0.0,0.0,0.0],"ReferenceRot":[0.0,0.0,0.0],"CombineKey":0}}],"TraceActorArgs":[{"TargetType":1,"PlaceId":2000001,"Id":4,"DisplayOffset":[0.0,2.200000047683716,0.0],"ShowEffect":false,"ForceMapPinActive":false,"InitHide":false,"Radius":0.0,"FloorNum":203}],"FixProcessors":{}}																																																																									
20120104	2012	201201	4	7											0	1	20	21	0	0	0											5001										{"EnterActions":[{"ActionType":21001,"Params":{"$type":"XConfigLevelActionParamsUnloadNpc","PlaceIdList":[2000001]}},{"ActionType":12001,"Params":{"$type":"XConfigLevelActionParamsLoadSceneObject","PlaceIdList":[2000003],"AutoUnloadWhiteList":[]}},{"ActionType":12000,"Params":{"$type":"XConfigLevelActionParamsLoadNpc","PlaceIdList":[2000003],"AutoUnloadWhiteList":[]}}],"TracePosArgs":[{"Position":[295.44268798828125,224.63890075683594,921.9384765625],"Id":5,"DisplayOffset":[0.0,0.0,0.0],"ShowEffect":false,"ForceMapPinActive":false,"InitHide":false,"Radius":0.0,"FloorNum":203}],"FixProcessors":{}}	295.44268798828125	224.63890075683594	921.9384765625	3.0	0	0																																																																			
20120105	2012	201201	5	7											0	1	22	23	0	0	0											5001										{"EnterActions":[{"ActionType":12000,"Params":{"$type":"XConfigLevelActionParamsLoadNpc","PlaceIdList":[2000002],"AutoUnloadWhiteList":[]}},{"ActionType":16001,"Params":{"$type":"XConfigLevelActionParamsPlayDramaCaption","DramaCaptionName":"Caption201202","WaitComplete":false,"IsSequentialJob":false}}],"TracePosArgs":[{"Position":[292.4750061035156,233.6134033203125,918.5642700195312],"Id":6,"DisplayOffset":[0.0,0.0,0.0],"ShowEffect":false,"ForceMapPinActive":false,"InitHide":false,"Radius":0.0,"FloorNum":204}],"FixProcessors":{}}	292.4750061035156	233.6134033203125	918.5642700195312	5.0	0	0																																																																			
20120106	2012	201201	6	7											0	1	24	25	0	0	0											5001										{"ExitActions":[{"ActionType":16000,"Params":{"$type":"XConfigLevelActionParamsPlayDrama","DramaName":"Drama_2012_002","ReferencePos":[0.0,0.0,0.0],"ReferenceRot":[0.0,0.0,0.0],"CombineKey":0}},{"ActionType":21001,"Params":{"$type":"XConfigLevelActionParamsUnloadNpc","PlaceIdList":[2000002,2000003]}}],"TracePosArgs":[{"Position":[235.55250549316406,233.72079467773438,930.2058715820312],"Id":21,"DisplayOffset":[0.0,0.0,0.0],"ShowEffect":false,"ForceMapPinActive":false,"InitHide":false,"Radius":0.0,"FloorNum":204}],"FixProcessors":{}}	235.55250549316406	233.72079467773438	930.2058715820312	3.0	0	0																																																																			
20120107	2012	201201	7	7											0	1	26	27	0	0	0											5001										{"EnterActions":[{"ActionType":12000,"Params":{"$type":"XConfigLevelActionParamsLoadNpc","PlaceIdList":[2000004,2000006],"AutoUnloadWhiteList":[]}},{"ActionType":21002,"Params":{"$type":"XConfigLevelActionParamsUnloadSceneObject","PlaceIdList":[2000003]}},{"ActionType":14000,"Params":{"$type":"XConfigLevelActionParamsNpcNavigateTo","NpcPlaceId":2000004,"Position":[230.79400634765625,234.51699829101562,912.7410278320312],"MoveType":0,"WaitComplete":true}}],"ExitActions":[{"ActionType":16001,"Params":{"$type":"XConfigLevelActionParamsPlayDramaCaption","DramaCaptionName":"Caption201203","WaitComplete":true,"IsSequentialJob":false}}],"TracePosArgs":[{"Position":[230.61399841308594,234.52830505371094,910.8765258789062],"Id":7,"DisplayOffset":[0.0,0.0,0.0],"ShowEffect":false,"ForceMapPinActive":false,"InitHide":false,"Radius":0.0,"FloorNum":204}],"FixProcessors":{}}	230.61399841308594	234.52830505371094	910.8765258789062	3.0	0	0																																																																			
20120108	2012	201201	8	1											0	1	28	29	0	0	0											5001										{"ExitActions":[{"ActionType":12000,"Params":{"$type":"XConfigLevelActionParamsLoadNpc","PlaceIdList":[2000007,2000008],"AutoUnloadWhiteList":[]}},{"ActionType":21001,"Params":{"$type":"XConfigLevelActionParamsUnloadNpc","PlaceIdList":[2000004,2000006]}}],"TraceActorArgs":[{"TargetType":2,"PlaceId":2000001,"Id":9,"DisplayOffset":[0.0,0.0,0.0],"ShowEffect":false,"ForceMapPinActive":false,"InitHide":false,"Radius":0.0,"FloorNum":204}],"FixProcessors":{}}									50010401																																																																
20120109	2012	201201	9	7											0	1	30	31	0	0	0											5001										{"ExitActions":[{"ActionType":16000,"Params":{"$type":"XConfigLevelActionParamsPlayDrama","DramaName":"Drama_2012_008","ReferencePos":[0.0,0.0,0.0],"ReferenceRot":[0.0,0.0,0.0],"CombineKey":0}}],"TraceActorArgs":[{"TargetType":1,"PlaceId":2000008,"Id":16,"DisplayOffset":[0.0,2.200000047683716,0.0],"ShowEffect":false,"ForceMapPinActive":false,"InitHide":false,"Radius":0.0,"FloorNum":204}],"FixProcessors":{}}	220.95956420898438	233.70199584960938	903.5	3.0	0	0																																																																			
20120110	2012	201201	10	1											0	1	32	33	0	0	0											5001										{"TraceActorArgs":[{"TargetType":2,"PlaceId":2000001,"Id":10,"DisplayOffset":[0.0,0.0,0.0],"ShowEffect":false,"ForceMapPinActive":false,"InitHide":false,"Radius":0.0,"FloorNum":204}],"FixProcessors":{}}									50010402																																																																
20120111	2012	201201	11	7											0	1	34	35	0	0	0											5001										{"ExitActions":[{"ActionType":16000,"Params":{"$type":"XConfigLevelActionParamsPlayDrama","DramaName":"Drama_2012_003","ReferencePos":[0.0,0.0,0.0],"ReferenceRot":[0.0,0.0,0.0],"CombineKey":0}}],"TraceActorArgs":[{"TargetType":1,"PlaceId":2000008,"Id":17,"DisplayOffset":[0.0,2.200000047683716,0.0],"ShowEffect":false,"ForceMapPinActive":false,"InitHide":false,"Radius":0.0,"FloorNum":204}],"FixProcessors":{}}	220.95956420898438	233.70199584960938	903.5	3.0	0	0																																																																			
20120112	2012	201201	12	5											0	1	36	37	0	0	0											5001										{"TargetArgs":{"2":{"2000002":1}},"EnterActions":[{"ActionType":12001,"Params":{"$type":"XConfigLevelActionParamsLoadSceneObject","PlaceIdList":[2000002],"AutoUnloadWhiteList":[]}}],"TraceActorArgs":[{"TargetType":2,"PlaceId":2000002,"Id":11,"DisplayOffset":[0.0,0.0,0.0],"ShowEffect":false,"ForceMapPinActive":false,"InitHide":false,"Radius":0.0,"FloorNum":204}],"FixProcessors":{}}																																																																									
20120113	2012	201201	13	7											0	1	38	39	0	0	0											5001										{"EnterActions":[{"ActionType":21002,"Params":{"$type":"XConfigLevelActionParamsUnloadSceneObject","PlaceIdList":[2000002]}}],"ExitActions":[{"ActionType":16000,"Params":{"$type":"XConfigLevelActionParamsPlayDrama","DramaName":"Drama_2012_004","ReferencePos":[0.0,0.0,0.0],"ReferenceRot":[0.0,0.0,0.0],"CombineKey":0}}],"TraceActorArgs":[{"TargetType":1,"PlaceId":2000008,"Id":15,"DisplayOffset":[0.0,2.200000047683716,0.0],"ShowEffect":false,"ForceMapPinActive":false,"InitHide":false,"Radius":0.0,"FloorNum":204}],"FixProcessors":{}}	220.95956420898438	233.70199584960938	903.5	3.0	0	0																																																																			
20120114	2012	201201	14	1											0	1	40	41	0	0	0											5001										{"TraceActorArgs":[{"TargetType":2,"PlaceId":2000001,"Id":12,"DisplayOffset":[0.0,0.0,0.0],"ShowEffect":false,"ForceMapPinActive":false,"InitHide":false,"Radius":0.0,"FloorNum":204}],"FixProcessors":{}}									50010403																																																																
20120115	2012	201201	15	7											0	1	42	43	0	0	0											5001										{"ExitActions":[{"ActionType":16000,"Params":{"$type":"XConfigLevelActionParamsPlayDrama","DramaName":"Drama_2012_005","ReferencePos":[0.0,0.0,0.0],"ReferenceRot":[0.0,0.0,0.0],"CombineKey":0}}],"TraceActorArgs":[{"TargetType":1,"PlaceId":2000008,"Id":19,"DisplayOffset":[0.0,2.200000047683716,0.0],"ShowEffect":false,"ForceMapPinActive":false,"InitHide":false,"Radius":0.0,"FloorNum":204}],"FixProcessors":{}}	220.9600067138672	233.6999969482422	903.5	3.0	0	0																																																																			
20120116	2012	201201	16	1											0	1	44	45	0	0	0											5001										{"TraceActorArgs":[{"TargetType":2,"PlaceId":2000001,"Id":13,"DisplayOffset":[0.0,0.0,0.0],"ShowEffect":false,"ForceMapPinActive":false,"InitHide":false,"Radius":0.0,"FloorNum":204}],"FixProcessors":{}}									50010404																																																																
20120117	2012	201201	17	7											0	1	46	47	0	0	0											5001										{"ExitActions":[{"ActionType":21001,"Params":{"$type":"XConfigLevelActionParamsUnloadNpc","PlaceIdList":[2000007,2000008]}},{"ActionType":16000,"Params":{"$type":"XConfigLevelActionParamsPlayDrama","DramaName":"Drama_2012_006","ReferencePos":[0.0,0.0,0.0],"ReferenceRot":[0.0,0.0,0.0],"CombineKey":0}}],"TraceActorArgs":[{"TargetType":1,"PlaceId":2000008,"Id":18,"DisplayOffset":[0.0,2.200000047683716,0.0],"ShowEffect":false,"ForceMapPinActive":false,"InitHide":false,"Radius":0.0,"FloorNum":204}],"FixProcessors":{}}	220.9600067138672	233.6999969482422	903.5	3.0	0	0																																																																			
20120118	2012	201201	2	7											0	1	16	17	1	0	0											5001										{"TracePosArgs":[{"Position":[349.6622009277344,215.33889770507812,903.7908935546875],"Id":22,"DisplayOffset":[0.0,0.0,0.0],"ShowEffect":false,"ForceMapPinActive":false,"InitHide":false,"Radius":0.0,"FloorNum":202}],"FixProcessors":{}}	349.66217041015625	215.33889770507812	903.7908935546875	3.0	0	0																																																																			
20130101	2013	201301	0	7											0	1	6	7	0	0	0											5001	0									{"ExitActions":[{"ActionType":12000,"Params":{"$type":"XConfigLevelActionParamsLoadNpc","PlaceIdList":[1500002],"AutoUnloadWhiteList":[]}}],"TracePosArgs":[{"Position":[502.0476989746094,189.1217041015625,981.0186767578125],"Id":1,"DisplayOffset":[0.0,2.0,0.0],"ShowEffect":true,"ForceMapPinActive":false,"InitHide":false,"Radius":5.0,"FloorNum":201}],"FixProcessors":{}}	502.0477294921875	189.12173461914062	981.0186767578125	5.0	0	0																																																																			
20130102	2013	201301	1	6											0	1	8	9	0	0	0											5001	0									{"ExitActions":[{"ActionType":12000,"Params":{"$type":"XConfigLevelActionParamsLoadNpc","PlaceIdList":[1500046],"AutoUnloadWhiteList":[]}},{"ActionType":16001,"Params":{"$type":"XConfigLevelActionParamsPlayDramaCaption","DramaCaptionName":"Caption201301","WaitComplete":false,"IsSequentialJob":true}},{"ActionType":14000,"Params":{"$type":"XConfigLevelActionParamsNpcNavigateTo","NpcPlaceId":1500046,"Position":[502.5400085449219,185.91000366210938,958.4000244140625],"MoveType":1,"WaitComplete":false}}],"FixProcessors":{}}													201301	1																																																											
20130103	2013	201301	2	7											0	1	10	11	0	0	0											5001	0									{"ExitActions":[{"ActionType":12000,"Params":{"$type":"XConfigLevelActionParamsLoadNpc","PlaceIdList":[1500012],"AutoUnloadWhiteList":[]}}],"TracePosArgs":[{"Position":[501.17999267578125,185.88470458984375,955.2899780273438],"Id":2,"DisplayOffset":[0.0,0.0,0.0],"ShowEffect":true,"ForceMapPinActive":false,"InitHide":false,"Radius":3.0,"FloorNum":201}],"FixProcessors":{}}	501.17999267578125	185.88470458984375	955.2899780273438	3.0	0	0																																																																			
20130104	2013	201301	3	5											0	1	12	13	0	0	0											5001	0									{"TargetArgs":{"1":{"1500002":0}},"ExitActions":[{"ActionType":16000,"Params":{"$type":"XConfigLevelActionParamsPlayDrama","DramaName":"Drama_2013_001","ReferencePos":[0.0,0.0,0.0],"ReferenceRot":[0.0,0.0,0.0],"CombineKey":0}},{"ActionType":20000,"Params":{"$type":"XConfigLevelActionParamsTeleportPlayer","Position":[502.918212890625,185.88340759277344,957.9274291992188],"Rotation":[0.0,174.23300170898438,0.0],"WithBlackScreen":true,"ScreenEffectId":300011,"BlackScreenEnterDuration":0.5,"BlackScreenExitDuration":0.5,"ShowEffect":false,"ResetCamera":false}},{"ActionType":18003,"Params":{"$type":"XConfigLevelActionParamsResetCamera","ResetAngleX":true,"RotYEulerOffset":0.0,"IsEndRotationOverride":true}},{"ActionType":21001,"Params":{"$type":"XConfigLevelActionParamsUnloadNpc","PlaceIdList":[1500046]}},{"ActionType":12000,"Params":{"$type":"XConfigLevelActionParamsLoadNpc","PlaceIdList":[1500013],"AutoUnloadWhiteList":[]}},{"ActionType":5001,"Params":{"$type":"XConfigLevelActionParamsEnableActorInteractableComponent","PlaceId":1500002,"ActorType":1,"Enable":false}}],"TraceActorArgs":[{"TargetType":1,"PlaceId":1500002,"Id":16,"DisplayOffset":[0.0,2.0,0.0],"ShowEffect":false,"ForceMapPinActive":false,"InitHide":false,"Radius":0.0,"FloorNum":201}],"FixProcessors":{}}																																																																									
20130105	2013	201301	4	9											0	1	14	15	0	0	1	28000036			1							5001	0									{"PlayerNpcAnimationDict":{},"LevelNpcAnimationDict":{},"FinalShot":{"PhotoFilterId":0,"PlayerNpcAnimationDict":{},"LevelNpcAnimationDict":{}},"FixProcessors":{}}																										12	0	1500002				0																																									
20130106	2013	201301	5	14											0	1	16	17	0	0	0											5001	0									{"RequiredItemInfoDict":{"28000036":1},"ExitActions":[{"ActionType":5001,"Params":{"$type":"XConfigLevelActionParamsEnableActorInteractableComponent","PlaceId":1500013,"ActorType":1,"Enable":false}},{"ActionType":16001,"Params":{"$type":"XConfigLevelActionParamsPlayDramaCaption","DramaCaptionName":"Caption201302","WaitComplete":true,"IsSequentialJob":true}},{"ActionType":14000,"Params":{"$type":"XConfigLevelActionParamsNpcNavigateTo","NpcPlaceId":1500013,"Position":[501.5403137207031,189.13929748535156,974.7077026367188],"MoveType":1,"WaitComplete":false}}],"TraceActorArgs":[{"TargetType":1,"PlaceId":1500013,"Id":18,"DisplayOffset":[0.0,2.0,0.0],"ShowEffect":false,"ForceMapPinActive":false,"InitHide":false,"Radius":0.0,"FloorNum":201}],"FixProcessors":{}}																																			18	19	20	21	22		1																																
20130107	2013	201301	6	7											0	1	23	24	0	0	0											5001	0									{"TracePosArgs":[{"Position":[501.5403137207031,189.13929748535156,974.7077026367188],"Id":3,"DisplayOffset":[0.0,2.0,0.0],"ShowEffect":true,"ForceMapPinActive":false,"InitHide":false,"Radius":3.0,"FloorNum":201}],"FixProcessors":{}}	501.5403137207031	189.13929748535156	974.7077026367188	3.0	0	0																																																																			
20130108	2013	201301	7	6											0	1	25	26	0	0	0											5001	0									{"ExitActions":[{"ActionType":21001,"Params":{"$type":"XConfigLevelActionParamsUnloadNpc","PlaceIdList":[1500013]}}],"FixProcessors":{}}													201302	1																																																											
20130109	2013	201301	8	9											0	1	27	28	0	0	0											5001	0									{"PlayerNpcAnimationDict":{},"LevelNpcAnimationDict":{},"FinalShot":{"PhotoFilterId":0,"PlayerNpcAnimationDict":{},"LevelNpcAnimationDict":{}},"EnterActions":[{"ActionType":20000,"Params":{"$type":"XConfigLevelActionParamsTeleportPlayer","Position":[502.88238525390625,185.88340759277344,958.0333251953125],"Rotation":[0.0,185.72500610351562,0.0],"WithBlackScreen":true,"ScreenEffectId":300011,"BlackScreenEnterDuration":0.5,"BlackScreenExitDuration":0.5,"ShowEffect":false,"ResetCamera":true}},{"ActionType":18003,"Params":{"$type":"XConfigLevelActionParamsResetCamera","ResetAngleX":true,"RotYEulerOffset":0.0,"IsEndRotationOverride":true}}],"ExitActions":[{"ActionType":21001,"Params":{"$type":"XConfigLevelActionParamsUnloadNpc","PlaceIdList":[1500012]}},{"ActionType":12000,"Params":{"$type":"XConfigLevelActionParamsLoadNpc","PlaceIdList":[1500014,1500008,1500009,1500010,1500034,1500035,1500036,1500037,1500047,1500053],"AutoUnloadWhiteList":[]}},{"ActionType":12001,"Params":{"$type":"XConfigLevelActionParamsLoadSceneObject","PlaceIdList":[1500004,1500006,1500005,1500007],"AutoUnloadWhiteList":[]}},{"ActionType":16001,"Params":{"$type":"XConfigLevelActionParamsPlayDramaCaption","DramaCaptionName":"Caption201310","WaitComplete":true,"IsSequentialJob":true}},{"ActionType":21001,"Params":{"$type":"XConfigLevelActionParamsUnloadNpc","PlaceIdList":[1500053]}},{"ActionType":16001,"Params":{"$type":"XConfigLevelActionParamsPlayDramaCaption","DramaCaptionName":"Caption201303","WaitComplete":false,"IsSequentialJob":true}}],"FixProcessors":{}}																										12	30000103	1500012				5																																									
20130201	2013	201302	0	9											0	1	31	32	0	0	0											5001	0									{"PlayerNpcAnimationDict":{},"LevelNpcAnimationDict":{},"FinalShot":{"PhotoFilterId":0,"PlayerNpcAnimationDict":{},"LevelNpcAnimationDict":{}},"ExitActions":[{"ActionType":21001,"Params":{"$type":"XConfigLevelActionParamsUnloadNpc","PlaceIdList":[1500008,1500034,1500035]}},{"ActionType":12000,"Params":{"$type":"XConfigLevelActionParamsLoadNpc","PlaceIdList":[1500054],"AutoUnloadWhiteList":[]}},{"ActionType":16001,"Params":{"$type":"XConfigLevelActionParamsPlayDramaCaption","DramaCaptionName":"Caption201307","WaitComplete":true,"IsSequentialJob":true}},{"ActionType":21001,"Params":{"$type":"XConfigLevelActionParamsUnloadNpc","PlaceIdList":[1500054]}}],"TraceActorArgs":[{"TargetType":1,"PlaceId":1500008,"Id":5,"DisplayOffset":[0.0,2.0,0.0],"ShowEffect":false,"ForceMapPinActive":false,"InitHide":true,"Radius":0.0,"FloorNum":201}],"FixProcessors":{}}																										0	30000103	1500008				2																																									
20130202	2013	201302	1	9											0	1	33	34	0	0	0											5001	0									{"PlayerNpcAnimationDict":{},"LevelNpcAnimationDict":{},"FinalShot":{"PhotoFilterId":0,"PlayerNpcAnimationDict":{},"LevelNpcAnimationDict":{}},"ExitActions":[{"ActionType":21001,"Params":{"$type":"XConfigLevelActionParamsUnloadNpc","PlaceIdList":[1500009,1500036,1500037]}},{"ActionType":12000,"Params":{"$type":"XConfigLevelActionParamsLoadNpc","PlaceIdList":[1500055],"AutoUnloadWhiteList":[]}},{"ActionType":16001,"Params":{"$type":"XConfigLevelActionParamsPlayDramaCaption","DramaCaptionName":"Caption201309","WaitComplete":true,"IsSequentialJob":true}},{"ActionType":21001,"Params":{"$type":"XConfigLevelActionParamsUnloadNpc","PlaceIdList":[1500055]}}],"TraceActorArgs":[{"TargetType":1,"PlaceId":1500009,"Id":6,"DisplayOffset":[0.0,2.0,0.0],"ShowEffect":false,"ForceMapPinActive":false,"InitHide":true,"Radius":0.0,"FloorNum":201}],"FixProcessors":{}}																										0	30000103	1500009				3	1500004																																								
20130203	2013	201302	2	9											0	1	35	36	0	0	0											5001	0									{"PlayerNpcAnimationDict":{},"LevelNpcAnimationDict":{},"FinalShot":{"PhotoFilterId":0,"PlayerNpcAnimationDict":{},"LevelNpcAnimationDict":{}},"ExitActions":[{"ActionType":21001,"Params":{"$type":"XConfigLevelActionParamsUnloadNpc","PlaceIdList":[1500014]}},{"ActionType":12000,"Params":{"$type":"XConfigLevelActionParamsLoadNpc","PlaceIdList":[1500056],"AutoUnloadWhiteList":[]}},{"ActionType":16001,"Params":{"$type":"XConfigLevelActionParamsPlayDramaCaption","DramaCaptionName":"Caption201308","WaitComplete":true,"IsSequentialJob":true}},{"ActionType":21001,"Params":{"$type":"XConfigLevelActionParamsUnloadNpc","PlaceIdList":[1500056]}}],"TraceActorArgs":[{"TargetType":1,"PlaceId":1500014,"Id":7,"DisplayOffset":[0.0,2.0,0.0],"ShowEffect":false,"ForceMapPinActive":false,"InitHide":true,"Radius":0.0,"FloorNum":201}],"FixProcessors":{}}																										0	30000103	1500014				4																																									
20130204	2013	201302	3	5											1	1	37	38	0	0	0											5001	0									{"TargetArgs":{"1":{"1500047":0}},"ExitActions":[{"ActionType":16001,"Params":{"$type":"XConfigLevelActionParamsPlayDramaCaption","DramaCaptionName":"Caption201304","WaitComplete":false,"IsSequentialJob":true}},{"ActionType":19010,"Params":{"$type":"XConfigLevelActionSetNavPointActive","QuestObjectiveId":20130201,"NavPointId":5,"Active":true}},{"ActionType":19010,"Params":{"$type":"XConfigLevelActionSetNavPointActive","QuestObjectiveId":20130202,"NavPointId":6,"Active":true}},{"ActionType":19010,"Params":{"$type":"XConfigLevelActionSetNavPointActive","QuestObjectiveId":20130203,"NavPointId":7,"Active":true}},{"ActionType":5001,"Params":{"$type":"XConfigLevelActionParamsEnableActorInteractableComponent","PlaceId":1500047,"ActorType":1,"Enable":false}}],"TracePosArgs":[{"Position":[499.7080078125,186.42599487304688,955.0],"Id":19,"DisplayOffset":[0.0,0.0,0.0],"ShowEffect":false,"ForceMapPinActive":false,"InitHide":false,"Radius":35.0,"FloorNum":201}],"TraceActorArgs":[{"TargetType":1,"PlaceId":1500047,"Id":8,"DisplayOffset":[0.0,2.0,0.0],"ShowEffect":false,"ForceMapPinActive":false,"InitHide":false,"Radius":0.0,"FloorNum":201}],"FixProcessors":{}}																																																																									
20130301	2013	201303	0	6											0	1	41	42	0	0	0											5001	0									{"ExitActions":[{"ActionType":12000,"Params":{"$type":"XConfigLevelActionParamsLoadNpc","PlaceIdList":[1500016,1500015],"AutoUnloadWhiteList":[]}},{"ActionType":5001,"Params":{"$type":"XConfigLevelActionParamsEnableActorInteractableComponent","PlaceId":1500015,"ActorType":1,"Enable":false}},{"ActionType":21001,"Params":{"$type":"XConfigLevelActionParamsUnloadNpc","PlaceIdList":[1500047]}}],"FixProcessors":{}}													201303	1																																																											
20130302	2013	201303	1	7											0	1	43	44	0	0	0											5001	0									{"ExitActions":[{"ActionType":16000,"Params":{"$type":"XConfigLevelActionParamsPlayDrama","DramaName":"Drama_2013_002","ReferencePos":[0.0,0.0,0.0],"ReferenceRot":[0.0,0.0,0.0],"CombineKey":0}}],"TracePosArgs":[{"Position":[577.3303833007812,194.06790161132812,1000.0390014648438],"Id":9,"DisplayOffset":[0.0,2.0,0.0],"ShowEffect":true,"ForceMapPinActive":false,"InitHide":false,"Radius":6.0,"FloorNum":0}],"FixProcessors":{}}	577.3303833007812	194.06790161132812	1000.0390014648438	6.0	0	0																																																																			
20130304	2013	201303	2	9											0	1	45	46	0	0	0											5001	0									{"PlayerNpcAnimationDict":{},"LevelNpcAnimationDict":{},"FinalShot":{"PhotoFilterId":0,"PlayerNpcAnimationDict":{},"LevelNpcAnimationDict":{}},"ExitActions":[{"ActionType":16001,"Params":{"$type":"XConfigLevelActionParamsPlayDramaCaption","DramaCaptionName":"Caption201305","WaitComplete":true,"IsSequentialJob":true}},{"ActionType":21001,"Params":{"$type":"XConfigLevelActionParamsUnloadNpc","PlaceIdList":[1500016]}}],"TraceActorArgs":[{"TargetType":1,"PlaceId":1500016,"Id":14,"DisplayOffset":[0.0,2.0,0.0],"ShowEffect":false,"ForceMapPinActive":false,"InitHide":false,"Radius":0.0,"FloorNum":201}],"FixProcessors":{}}																										0	0	1500016				0																																									
20130305	2013	201303	3	9											0	1	47	48	0	0	0											5001	0									{"PlayerNpcAnimationDict":{},"LevelNpcAnimationDict":{},"FinalShot":{"PhotoFilterId":0,"PlayerNpcAnimationDict":{},"LevelNpcAnimationDict":{}},"EnterActions":[{"ActionType":12000,"Params":{"$type":"XConfigLevelActionParamsLoadNpc","PlaceIdList":[1500048],"AutoUnloadWhiteList":[]}},{"ActionType":20000,"Params":{"$type":"XConfigLevelActionParamsTeleportPlayer","Position":[586.5930786132812,194.06790161132812,1002.0889892578125],"Rotation":[0.0,22.75200080871582,0.0],"WithBlackScreen":true,"ScreenEffectId":300011,"BlackScreenEnterDuration":0.5,"BlackScreenExitDuration":0.5,"ShowEffect":false,"ResetCamera":true}},{"ActionType":18003,"Params":{"$type":"XConfigLevelActionParamsResetCamera","ResetAngleX":true,"RotYEulerOffset":0.0,"IsEndRotationOverride":true}}],"TraceActorArgs":[{"TargetType":1,"PlaceId":1500048,"Id":15,"DisplayOffset":[0.0,2.0,0.0],"ShowEffect":false,"ForceMapPinActive":false,"InitHide":false,"Radius":0.0,"FloorNum":201}],"FixProcessors":{}}																										12	30000102	1500048				0																																									
20130306	2013	201303	4	2	Drama_2013_003	0	0.0	0.0	0.0	0.0	0.0	0.0	0	0	0	1	49	50	0	0	0											5001	0									{"RecordDecisionClipSelect":{},"EnterActions":[{"ActionType":16002,"Params":{"$type":"XConfigLevelActionParamsPlayScreenEffect","ScreenEffectId":300011,"EnableTimeParams":true,"EnterDuration":0.5,"HoldDuration":1.0,"ExitDuration":0.0,"IsWaitEnter":true}},{"ActionType":21001,"Params":{"$type":"XConfigLevelActionParamsUnloadNpc","PlaceIdList":[1500048]}},{"ActionType":12000,"Params":{"$type":"XConfigLevelActionParamsLoadNpc","PlaceIdList":[1500057],"AutoUnloadWhiteList":[]}},{"ActionType":16001,"Params":{"$type":"XConfigLevelActionParamsPlayDramaCaption","DramaCaptionName":"Caption201311","WaitComplete":true,"IsSequentialJob":true}},{"ActionType":21001,"Params":{"$type":"XConfigLevelActionParamsUnloadNpc","PlaceIdList":[1500057]}}],"ExitActions":[{"ActionType":12000,"Params":{"$type":"XConfigLevelActionParamsLoadNpc","PlaceIdList":[1500017,1500018,1500020,1500039,1500040,1500041,1500019],"AutoUnloadWhiteList":[]}},{"ActionType":5001,"Params":{"$type":"XConfigLevelActionParamsEnableActorInteractableComponent","PlaceId":1500015,"ActorType":1,"Enable":true}}],"FixProcessors":{}}																																																																									
20130401	2013	201304	0	9											0	1	53	54	0	0	0											5001	0									{"PlayerNpcAnimationDict":{},"LevelNpcAnimationDict":{},"FinalShot":{"PhotoFilterId":0,"PlayerNpcAnimationDict":{},"LevelNpcAnimationDict":{}},"ExitActions":[{"ActionType":21001,"Params":{"$type":"XConfigLevelActionParamsUnloadNpc","PlaceIdList":[1500017,1500039]}},{"ActionType":12000,"Params":{"$type":"XConfigLevelActionParamsLoadNpc","PlaceIdList":[1500058],"AutoUnloadWhiteList":[]}},{"ActionType":16001,"Params":{"$type":"XConfigLevelActionParamsPlayDramaCaption","DramaCaptionName":"Caption201313","WaitComplete":true,"IsSequentialJob":true}},{"ActionType":21001,"Params":{"$type":"XConfigLevelActionParamsUnloadNpc","PlaceIdList":[1500058]}}],"TraceActorArgs":[{"TargetType":1,"PlaceId":1500017,"Id":13,"DisplayOffset":[0.0,2.0,0.0],"ShowEffect":false,"ForceMapPinActive":false,"InitHide":true,"Radius":0.0,"FloorNum":201}],"FixProcessors":{}}																										0	30000102	1500017				0																																									
20130402	2013	201304	1	9											0	1	55	56	0	0	0											5001	0									{"PlayerNpcAnimationDict":{},"LevelNpcAnimationDict":{},"FinalShot":{"PhotoFilterId":0,"PlayerNpcAnimationDict":{},"LevelNpcAnimationDict":{}},"ExitActions":[{"ActionType":21001,"Params":{"$type":"XConfigLevelActionParamsUnloadNpc","PlaceIdList":[1500018,1500019]}},{"ActionType":12000,"Params":{"$type":"XConfigLevelActionParamsLoadNpc","PlaceIdList":[1500059],"AutoUnloadWhiteList":[]}},{"ActionType":16001,"Params":{"$type":"XConfigLevelActionParamsPlayDramaCaption","DramaCaptionName":"Caption201312","WaitComplete":true,"IsSequentialJob":true}},{"ActionType":21001,"Params":{"$type":"XConfigLevelActionParamsUnloadNpc","PlaceIdList":[1500059]}}],"TraceActorArgs":[{"TargetType":1,"PlaceId":1500018,"Id":12,"DisplayOffset":[0.0,2.0,0.0],"ShowEffect":false,"ForceMapPinActive":false,"InitHide":true,"Radius":0.0,"FloorNum":201}],"FixProcessors":{}}																										0	30000102	1500018				0																																									
20130403	2013	201304	2	9											0	1	57	58	0	0	0											5001	0									{"PlayerNpcAnimationDict":{},"LevelNpcAnimationDict":{},"FinalShot":{"PhotoFilterId":0,"PlayerNpcAnimationDict":{},"LevelNpcAnimationDict":{}},"ExitActions":[{"ActionType":21001,"Params":{"$type":"XConfigLevelActionParamsUnloadNpc","PlaceIdList":[1500020,1500040,1500041]}},{"ActionType":12000,"Params":{"$type":"XConfigLevelActionParamsLoadNpc","PlaceIdList":[1500060],"AutoUnloadWhiteList":[]}},{"ActionType":16001,"Params":{"$type":"XConfigLevelActionParamsPlayDramaCaption","DramaCaptionName":"Caption201314","WaitComplete":true,"IsSequentialJob":true}},{"ActionType":21001,"Params":{"$type":"XConfigLevelActionParamsUnloadNpc","PlaceIdList":[1500060]}}],"TraceActorArgs":[{"TargetType":1,"PlaceId":1500020,"Id":11,"DisplayOffset":[0.0,2.0,0.0],"ShowEffect":false,"ForceMapPinActive":false,"InitHide":true,"Radius":0.0,"FloorNum":201}],"FixProcessors":{}}																										0	30000102	1500020				0																																									
20130404	2013	201304	3	5											1	1	59	60	0	0	0											5001	0									{"TargetArgs":{"1":{"1500015":0}},"ExitActions":[{"ActionType":16001,"Params":{"$type":"XConfigLevelActionParamsPlayDramaCaption","DramaCaptionName":"Caption201306","WaitComplete":false,"IsSequentialJob":true}},{"ActionType":19010,"Params":{"$type":"XConfigLevelActionSetNavPointActive","QuestObjectiveId":20130403,"NavPointId":11,"Active":true}},{"ActionType":19010,"Params":{"$type":"XConfigLevelActionSetNavPointActive","QuestObjectiveId":20130402,"NavPointId":12,"Active":true}},{"ActionType":19010,"Params":{"$type":"XConfigLevelActionSetNavPointActive","QuestObjectiveId":20130401,"NavPointId":13,"Active":true}},{"ActionType":5001,"Params":{"$type":"XConfigLevelActionParamsEnableActorInteractableComponent","PlaceId":1500015,"ActorType":1,"Enable":false}}],"TracePosArgs":[{"Position":[594.0999755859375,194.0,998.0],"Id":20,"DisplayOffset":[0.0,0.0,0.0],"ShowEffect":false,"ForceMapPinActive":false,"InitHide":false,"Radius":35.0,"FloorNum":201}],"TraceActorArgs":[{"TargetType":1,"PlaceId":1500015,"Id":10,"DisplayOffset":[0.0,2.0,0.0],"ShowEffect":false,"ForceMapPinActive":false,"InitHide":false,"Radius":0.0,"FloorNum":201}],"FixProcessors":{}}																																																																									
20130501	2013	201305	0	5											0	1	63	64	0	0	0											5001	0									{"TargetArgs":{"1":{"1500015":0}},"EnterActions":[{"ActionType":5001,"Params":{"$type":"XConfigLevelActionParamsEnableActorInteractableComponent","PlaceId":1500015,"ActorType":1,"Enable":true}}],"ExitActions":[{"ActionType":16002,"Params":{"$type":"XConfigLevelActionParamsPlayScreenEffect","ScreenEffectId":300011,"EnableTimeParams":true,"EnterDuration":0.5,"HoldDuration":2.0,"ExitDuration":0.0,"IsWaitEnter":true}},{"ActionType":21001,"Params":{"$type":"XConfigLevelActionParamsUnloadNpc","PlaceIdList":[1500015]}},{"ActionType":16000,"Params":{"$type":"XConfigLevelActionParamsPlayDrama","DramaName":"Drama_2013_004","ReferencePos":[0.0,0.0,0.0],"ReferenceRot":[0.0,0.0,0.0],"CombineKey":0}}],"TraceActorArgs":[{"TargetType":1,"PlaceId":1500015,"Id":17,"DisplayOffset":[0.0,2.0,0.0],"ShowEffect":false,"ForceMapPinActive":false,"InitHide":false,"Radius":0.0,"FloorNum":201}],"FixProcessors":{}}																																																																									
20140101	2014	201401	0	7											0	1	6	7	0	0	0											5001										{"TracePosArgs":[{"Position":[567.6544799804688,188.7790069580078,917.780029296875],"Id":1,"DisplayOffset":[0.0,0.0,0.0],"ShowEffect":false,"ForceMapPinActive":false,"InitHide":false,"Radius":40.0,"FloorNum":201}],"FixProcessors":{}}	567.6544799804688	188.7790069580078	917.780029296875	40.0	0	0																																																																			
20140102	2014	201401	1	6											0	1	8	9	0	0	0											5001										{"FixProcessors":{}}													201401	1																																																											
20140103	2014	201401	2	6											0	1	10	11	0	0	0											5001										{"ExitActions":[{"ActionType":12000,"Params":{"$type":"XConfigLevelActionParamsLoadNpc","PlaceIdList":[1500024,1500025,1500026],"AutoUnloadWhiteList":[]}}],"FixProcessors":{}}													201402	1																																																											
20140104	2014	201401	3	5											0	1	12	13	0	0	0											5001										{"TargetArgs":{"1":{"1500025":0}},"EnterActions":[{"ActionType":5001,"Params":{"$type":"XConfigLevelActionParamsEnableActorInteractableComponent","PlaceId":1500026,"ActorType":1,"Enable":false}}],"ExitActions":[{"ActionType":16000,"Params":{"$type":"XConfigLevelActionParamsPlayDrama","DramaName":"Drama_2014_001","ReferencePos":[0.0,0.0,0.0],"ReferenceRot":[0.0,0.0,0.0],"CombineKey":0}},{"ActionType":12000,"Params":{"$type":"XConfigLevelActionParamsLoadNpc","PlaceIdList":[1500021,1500042,1500043],"AutoUnloadWhiteList":[]}},{"ActionType":5001,"Params":{"$type":"XConfigLevelActionParamsEnableActorInteractableComponent","PlaceId":1500025,"ActorType":1,"Enable":false}}],"TraceActorArgs":[{"TargetType":1,"PlaceId":1500025,"Id":10,"DisplayOffset":[0.0,2.0,0.0],"ShowEffect":false,"ForceMapPinActive":false,"InitHide":false,"Radius":0.0,"FloorNum":201}],"FixProcessors":{}}																																																																									
20140201	2014	201402	0	9											0	1	16	17	0	0	0											5001										{"PlayerNpcAnimationDict":{},"LevelNpcAnimationDict":{},"FinalShot":{"PhotoFilterId":0,"PlayerNpcAnimationDict":{},"LevelNpcAnimationDict":{}},"ExitActions":[{"ActionType":21001,"Params":{"$type":"XConfigLevelActionParamsUnloadNpc","PlaceIdList":[1500021,1500042,1500043]}},{"ActionType":12000,"Params":{"$type":"XConfigLevelActionParamsLoadNpc","PlaceIdList":[1500023,1500044,1500045,1500061],"AutoUnloadWhiteList":[]}},{"ActionType":16001,"Params":{"$type":"XConfigLevelActionParamsPlayDramaCaption","DramaCaptionName":"Caption201407","WaitComplete":true,"IsSequentialJob":true}},{"ActionType":21001,"Params":{"$type":"XConfigLevelActionParamsUnloadNpc","PlaceIdList":[1500061]}},{"ActionType":16001,"Params":{"$type":"XConfigLevelActionParamsPlayDramaCaption","DramaCaptionName":"Caption201404","WaitComplete":true,"IsSequentialJob":true}}],"TraceActorArgs":[{"TargetType":1,"PlaceId":1500021,"Id":2,"DisplayOffset":[0.0,2.0,0.0],"ShowEffect":true,"ForceMapPinActive":false,"InitHide":true,"Radius":0.0,"FloorNum":201}],"FixProcessors":{}}																										0	30000102	1500021				0																																									
20140202	2014	201402	1	5											1	1	18	19	0	0	0											5001										{"TargetArgs":{"1":{"1500026":0}},"EnterActions":[{"ActionType":5001,"Params":{"$type":"XConfigLevelActionParamsEnableActorInteractableComponent","PlaceId":1500026,"ActorType":1,"Enable":true}}],"ExitActions":[{"ActionType":19010,"Params":{"$type":"XConfigLevelActionSetNavPointActive","QuestObjectiveId":20140201,"NavPointId":2,"Active":true}}],"TracePosArgs":[{"Position":[566.4000244140625,194.0,838.5999755859375],"Id":13,"DisplayOffset":[0.0,0.0,0.0],"ShowEffect":false,"ForceMapPinActive":false,"InitHide":false,"Radius":40.0,"FloorNum":201}],"TraceActorArgs":[{"TargetType":1,"PlaceId":1500026,"Id":14,"DisplayOffset":[0.0,2.0,0.0],"ShowEffect":false,"ForceMapPinActive":false,"InitHide":false,"Radius":0.0,"FloorNum":201}],"FixProcessors":{}}																																																																									
20140301	2014	201403	0	9											0	1	22	23	0	0	0											5001										{"PlayerNpcAnimationDict":{},"LevelNpcAnimationDict":{},"FinalShot":{"PhotoFilterId":0,"PlayerNpcAnimationDict":{},"LevelNpcAnimationDict":{}},"ExitActions":[{"ActionType":21001,"Params":{"$type":"XConfigLevelActionParamsUnloadNpc","PlaceIdList":[1500023,1500044,1500045]}},{"ActionType":12000,"Params":{"$type":"XConfigLevelActionParamsLoadNpc","PlaceIdList":[1500022,1500062],"AutoUnloadWhiteList":[]}},{"ActionType":16001,"Params":{"$type":"XConfigLevelActionParamsPlayDramaCaption","DramaCaptionName":"Caption201408","WaitComplete":true,"IsSequentialJob":true}},{"ActionType":21001,"Params":{"$type":"XConfigLevelActionParamsUnloadNpc","PlaceIdList":[1500062]}},{"ActionType":19006,"Params":{"$type":"XConfigLevelActionParamsSendChatMessage","ShortMessageId":201405}}],"TraceActorArgs":[{"TargetType":1,"PlaceId":1500023,"Id":4,"DisplayOffset":[0.0,2.0,0.0],"ShowEffect":false,"ForceMapPinActive":false,"InitHide":true,"Radius":0.0,"FloorNum":201}],"FixProcessors":{}}																										0	30000103	1500023				0																																									
20140302	2014	201403	1	5											1	1	24	25	0	0	0											5001										{"TargetArgs":{"1":{"1500026":0}},"ExitActions":[{"ActionType":19010,"Params":{"$type":"XConfigLevelActionSetNavPointActive","QuestObjectiveId":20140301,"NavPointId":4,"Active":true}}],"TracePosArgs":[{"Position":[566.4000244140625,194.0,838.5999755859375],"Id":15,"DisplayOffset":[0.0,0.0,0.0],"ShowEffect":false,"ForceMapPinActive":false,"InitHide":false,"Radius":40.0,"FloorNum":201}],"TraceActorArgs":[{"TargetType":1,"PlaceId":1500026,"Id":5,"DisplayOffset":[0.0,2.0,0.0],"ShowEffect":false,"ForceMapPinActive":false,"InitHide":false,"Radius":0.0,"FloorNum":201}],"FixProcessors":{}}																																																																									
20140501	2014	201405	0	9											0	1	28	29	0	0	0											5001										{"PlayerNpcAnimationDict":{},"LevelNpcAnimationDict":{},"FinalShot":{"PhotoFilterId":0,"PlayerNpcAnimationDict":{},"LevelNpcAnimationDict":{}},"ExitActions":[{"ActionType":21001,"Params":{"$type":"XConfigLevelActionParamsUnloadNpc","PlaceIdList":[1500022]}},{"ActionType":12000,"Params":{"$type":"XConfigLevelActionParamsLoadNpc","PlaceIdList":[1500063],"AutoUnloadWhiteList":[]}},{"ActionType":16001,"Params":{"$type":"XConfigLevelActionParamsPlayDramaCaption","DramaCaptionName":"Caption201409","WaitComplete":true,"IsSequentialJob":true}},{"ActionType":21001,"Params":{"$type":"XConfigLevelActionParamsUnloadNpc","PlaceIdList":[1500063]}}],"TraceActorArgs":[{"TargetType":1,"PlaceId":1500022,"Id":8,"DisplayOffset":[0.0,1.0,0.0],"ShowEffect":false,"ForceMapPinActive":false,"InitHide":false,"Radius":0.0,"FloorNum":201}],"FixProcessors":{}}																										0	30000102	1500022				0																																									
20140502	2014	201405	1	6											0	1	30	31	0	0	0											5001										{"ExitActions":[{"ActionType":12000,"Params":{"$type":"XConfigLevelActionParamsLoadNpc","PlaceIdList":[1500027],"AutoUnloadWhiteList":[]}}],"FixProcessors":{}}													201404	1																																																											
20140503	2014	201405	2	7											0	1	32	33	0	0	0											5001										{"ExitActions":[{"ActionType":16000,"Params":{"$type":"XConfigLevelActionParamsPlayDrama","DramaName":"Drama_2014_002","ReferencePos":[0.0,0.0,0.0],"ReferenceRot":[0.0,0.0,0.0],"CombineKey":0}},{"ActionType":18001,"Params":{"$type":"XConfigLevelActionParamsRequestEnterInstLevel","InstLevelId":4037,"Position":[600.0578002929688,188.7458953857422,884.0],"Rotation":null}}],"TraceActorArgs":[{"TargetType":1,"PlaceId":1500027,"Id":9,"DisplayOffset":[0.0,0.0,0.0],"ShowEffect":false,"ForceMapPinActive":false,"InitHide":false,"Radius":0.0,"FloorNum":201}],"FixProcessors":{}}	600.270263671875	191.9974822998047	831.8760375976562	3.0	0	0																																																																			
20140504	2014	201405	3	4											0	1	34	35	0	0	0											5001										{"ExitActions":[{"ActionType":20000,"Params":{"$type":"XConfigLevelActionParamsTeleportPlayer","Position":[600.0573120117188,191.96099853515625,835.0897216796875],"Rotation":[0.0,-172.98500061035156,0.0],"WithBlackScreen":false,"ScreenEffectId":0,"BlackScreenEnterDuration":0.0,"BlackScreenExitDuration":0.0,"ShowEffect":false,"ResetCamera":true}},{"ActionType":18003,"Params":{"$type":"XConfigLevelActionParamsResetCamera","ResetAngleX":true,"RotYEulerOffset":-180.0,"IsEndRotationOverride":true}},{"ActionType":12000,"Params":{"$type":"XConfigLevelActionParamsLoadNpc","PlaceIdList":[1500028],"AutoUnloadWhiteList":[]}}],"FixProcessors":{}}																4037	1	1	1	1																																																					
20140505	2014	201405	4	5											0	1	36	37	0	0	0											5001										{"TargetArgs":{"1":{"1500028":0}},"ExitActions":[{"ActionType":16002,"Params":{"$type":"XConfigLevelActionParamsPlayScreenEffect","ScreenEffectId":300011,"EnableTimeParams":true,"EnterDuration":0.5,"HoldDuration":1.0,"ExitDuration":0.0,"IsWaitEnter":true}},{"ActionType":21001,"Params":{"$type":"XConfigLevelActionParamsUnloadNpc","PlaceIdList":[1500028,1500027]}},{"ActionType":16000,"Params":{"$type":"XConfigLevelActionParamsPlayDrama","DramaName":"Drama_2014_004","ReferencePos":[0.0,0.0,0.0],"ReferenceRot":[0.0,0.0,0.0],"CombineKey":0}}],"TraceActorArgs":[{"TargetType":1,"PlaceId":1500028,"Id":16,"DisplayOffset":[0.0,2.0,0.0],"ShowEffect":false,"ForceMapPinActive":false,"InitHide":false,"Radius":0.0,"FloorNum":201}],"FixProcessors":{}}																																																																									
20140506	2014	201405	5	6											0	1	38	39	0	0	0											5001										{"ExitActions":[{"ActionType":15003,"Params":{"$type":"XConfigLevelActionParamsOpenQuestProcessPop","IsFinish":true}}],"FixProcessors":{}}													201403	1																																																											
20150101	2015	201501	0	4											0	1	6	7	0	0	0											6001	0									{"EnterActions":[{"ActionType":15004,"Params":{"$type":"XConfigLevelActionParamsOpenSkipHint","SkipHintId":102}}],"TraceActorArgs":[{"TargetType":2,"PlaceId":3500002,"Id":1,"DisplayOffset":[0.0,2.0,0.0],"ShowEffect":false,"ForceMapPinActive":false,"InitHide":false,"Radius":0.0,"FloorNum":305}],"FixProcessors":{}}																4040	1	0	1	1																																																					
20150102	2015	201501	1	3											0	1	8	9	0	0	0											6001	0									{"ExitActions":[{"ActionType":21003,"Params":{"$type":"XConfigLevelActionParamsUnlockBranchQuestResult","BranchQuestResultId":10,"QuestId":2015}},{"ActionType":21003,"Params":{"$type":"XConfigLevelActionParamsUnlockBranchQuestResult","BranchQuestResultId":12,"QuestId":2015}}],"FixProcessors":{}}															6001																																																										
20160101	2016	201601	0	4											0	1	6	7	0	0	0											6001	0									{"TraceActorArgs":[{"TargetType":2,"PlaceId":3500002,"Id":1,"DisplayOffset":[0.0,2.0,0.0],"ShowEffect":false,"ForceMapPinActive":false,"InitHide":false,"Radius":0.0,"FloorNum":305}],"FixProcessors":{}}																4041	1	0	1	1																																																					
20160102	2016	201601	1	3											0	1	8	9	0	0	0											6001	0									{"ExitActions":[{"ActionType":21003,"Params":{"$type":"XConfigLevelActionParamsUnlockBranchQuestResult","BranchQuestResultId":9,"QuestId":2016}},{"ActionType":21003,"Params":{"$type":"XConfigLevelActionParamsUnlockBranchQuestResult","BranchQuestResultId":11,"QuestId":2016}}],"FixProcessors":{}}															6001																																																										
20180101	2018	201801	0	16											0	1	6	7	0	0	0											6002	0									{"EnterActions":[{"ActionType":19014,"Params":{"$type":"XConfigLevelActionParamsScreenFadeIn","ScreenEffectId":300017,"Duration":0.0}},{"ActionType":1000,"Params":{"$type":"XConfigLevelActionParamsAddTrialNpcToTeam","TrialNpcIds":[3020],"AddMode":1,"CurNpcPos":1}},{"ActionType":19015,"Params":{"$type":"XConfigLevelActionParamsScreenFadeOut","Duration":1.0}},{"ActionType":12000,"Params":{"$type":"XConfigLevelActionParamsLoadNpc","PlaceIdList":[1,2,8,9],"AutoUnloadWhiteList":[]}},{"ActionType":19013,"Params":{"$type":"XConfigLevelActionParamsSetActorAIEnabled","PlaceID":1,"ActorType":1,"Enabled":false}},{"ActionType":19013,"Params":{"$type":"XConfigLevelActionParamsSetActorAIEnabled","PlaceID":2,"ActorType":1,"Enabled":false}},{"ActionType":19013,"Params":{"$type":"XConfigLevelActionParamsSetActorAIEnabled","PlaceID":8,"ActorType":1,"Enabled":false}},{"ActionType":19013,"Params":{"$type":"XConfigLevelActionParamsSetActorAIEnabled","PlaceID":9,"ActorType":1,"Enabled":false}},{"ActionType":16002,"Params":{"$type":"XConfigLevelActionParamsPlayScreenEffect","ScreenEffectId":1002001,"EnableTimeParams":true,"EnterDuration":0.0,"HoldDuration":0.0,"ExitDuration":0.0,"IsWaitEnter":true}},{"ActionType":23000,"Params":{"$type":"XConfigLevelActionParamsWaitTime","TimeSeconds":2}},{"ActionType":11000,"Params":{"$type":"XConfigLevelActionParamsKillScreenEffectById","EffectIdList":[1002001]}},{"ActionType":19003,"Params":{"$type":"XConfigLevelActionParamsShowBigWorldTeach","TeachId":3020}},{"ActionType":19013,"Params":{"$type":"XConfigLevelActionParamsSetActorAIEnabled","PlaceID":1,"ActorType":1,"Enabled":true}},{"ActionType":19013,"Params":{"$type":"XConfigLevelActionParamsSetActorAIEnabled","PlaceID":2,"ActorType":1,"Enabled":true}},{"ActionType":19013,"Params":{"$type":"XConfigLevelActionParamsSetActorAIEnabled","PlaceID":8,"ActorType":1,"Enabled":true}},{"ActionType":19013,"Params":{"$type":"XConfigLevelActionParamsSetActorAIEnabled","PlaceID":9,"ActorType":1,"Enabled":true}},{"ActionType":16001,"Params":{"$type":"XConfigLevelActionParamsPlayDramaCaption","DramaCaptionName":"Caption302001","WaitComplete":false,"IsSequentialJob":false}}],"FixProcessors":{}}																																										1	2	8	9																												
20180102	2018	201801	1	16											0	1	8	9	0	0	0											6002	0									{"EnterActions":[{"ActionType":12000,"Params":{"$type":"XConfigLevelActionParamsLoadNpc","PlaceIdList":[3,4,5,6,10,11],"AutoUnloadWhiteList":[]}},{"ActionType":19013,"Params":{"$type":"XConfigLevelActionParamsSetActorAIEnabled","PlaceID":3,"ActorType":1,"Enabled":false}},{"ActionType":19013,"Params":{"$type":"XConfigLevelActionParamsSetActorAIEnabled","PlaceID":4,"ActorType":1,"Enabled":false}},{"ActionType":19013,"Params":{"$type":"XConfigLevelActionParamsSetActorAIEnabled","PlaceID":5,"ActorType":1,"Enabled":false}},{"ActionType":19013,"Params":{"$type":"XConfigLevelActionParamsSetActorAIEnabled","PlaceID":6,"ActorType":1,"Enabled":false}},{"ActionType":19013,"Params":{"$type":"XConfigLevelActionParamsSetActorAIEnabled","PlaceID":10,"ActorType":1,"Enabled":false}},{"ActionType":19013,"Params":{"$type":"XConfigLevelActionParamsSetActorAIEnabled","PlaceID":11,"ActorType":1,"Enabled":false}},{"ActionType":23000,"Params":{"$type":"XConfigLevelActionParamsWaitTime","TimeSeconds":2}},{"ActionType":19013,"Params":{"$type":"XConfigLevelActionParamsSetActorAIEnabled","PlaceID":3,"ActorType":1,"Enabled":true}},{"ActionType":19013,"Params":{"$type":"XConfigLevelActionParamsSetActorAIEnabled","PlaceID":4,"ActorType":1,"Enabled":true}},{"ActionType":19013,"Params":{"$type":"XConfigLevelActionParamsSetActorAIEnabled","PlaceID":5,"ActorType":1,"Enabled":true}},{"ActionType":19013,"Params":{"$type":"XConfigLevelActionParamsSetActorAIEnabled","PlaceID":6,"ActorType":1,"Enabled":true}},{"ActionType":19013,"Params":{"$type":"XConfigLevelActionParamsSetActorAIEnabled","PlaceID":10,"ActorType":1,"Enabled":true}},{"ActionType":19013,"Params":{"$type":"XConfigLevelActionParamsSetActorAIEnabled","PlaceID":11,"ActorType":1,"Enabled":true}},{"ActionType":16001,"Params":{"$type":"XConfigLevelActionParamsPlayDramaCaption","DramaCaptionName":"Caption302002","WaitComplete":false,"IsSequentialJob":false}},{"ActionType":23000,"Params":{"$type":"XConfigLevelActionParamsWaitTime","TimeSeconds":5}},{"ActionType":16001,"Params":{"$type":"XConfigLevelActionParamsPlayDramaCaption","DramaCaptionName":"Caption302003","WaitComplete":false,"IsSequentialJob":false}}],"FixProcessors":{}}																																										3	4	5	6	10	11																										
20180103	2018	201801	2	16											0	0	10	11	0	0	0											6002	0									{"EnterActions":[{"ActionType":12000,"Params":{"$type":"XConfigLevelActionParamsLoadNpc","PlaceIdList":[7],"AutoUnloadWhiteList":[]}},{"ActionType":19013,"Params":{"$type":"XConfigLevelActionParamsSetActorAIEnabled","PlaceID":7,"ActorType":1,"Enabled":false}},{"ActionType":16000,"Params":{"$type":"XConfigLevelActionParamsPlayDrama","DramaName":"Drama302005","ReferencePos":[0.0,0.0,0.0],"ReferenceRot":[0.0,0.0,0.0],"CombineKey":0}},{"ActionType":19013,"Params":{"$type":"XConfigLevelActionParamsSetActorAIEnabled","PlaceID":7,"ActorType":1,"Enabled":true}},{"ActionType":23000,"Params":{"$type":"XConfigLevelActionParamsWaitTime","TimeSeconds":10}},{"ActionType":16001,"Params":{"$type":"XConfigLevelActionParamsPlayDramaCaption","DramaCaptionName":"Caption302004","WaitComplete":false,"IsSequentialJob":false}}],"ExitActions":[{"ActionType":16001,"Params":{"$type":"XConfigLevelActionParamsPlayDramaCaption","DramaCaptionName":"Caption302006","WaitComplete":false,"IsSequentialJob":false}}],"FixProcessors":{}}																																										7																															
20180104	2018	201801	3	5											0	0	12	13	0	0	0											6002	0									{"TargetArgs":{"1":{},"2":{"2":1}},"EnterActions":[{"ActionType":12001,"Params":{"$type":"XConfigLevelActionParamsLoadSceneObject","PlaceIdList":[2],"AutoUnloadWhiteList":[]}}],"ExitActions":[{"ActionType":16002,"Params":{"$type":"XConfigLevelActionParamsPlayScreenEffect","ScreenEffectId":1002001,"EnableTimeParams":true,"EnterDuration":0.0,"HoldDuration":0.0,"ExitDuration":0.0,"IsWaitEnter":true}},{"ActionType":23000,"Params":{"$type":"XConfigLevelActionParamsWaitTime","TimeSeconds":1}},{"ActionType":11000,"Params":{"$type":"XConfigLevelActionParamsKillScreenEffectById","EffectIdList":[1002001]}},{"ActionType":6000,"Params":{"$type":"XConfigLevelActionFinishInstLevel","UseSwitchQuestVar":false,"QuestVarSwitchDataList":null}},{"ActionType":19014,"Params":{"$type":"XConfigLevelActionParamsScreenFadeIn","ScreenEffectId":300017,"Duration":0.0}},{"ActionType":18000,"Params":{"$type":"XConfigLevelActionParamsRemoveTrialNpcFromTeam"}},{"ActionType":19015,"Params":{"$type":"XConfigLevelActionParamsScreenFadeOut","Duration":0.5}},{"ActionType":18002,"Params":{"$type":"XConfigLevelActionParamsRequestLeaveInstLevel","SaveOnExit":false,"UseExitTargetLevelParams":false,"WorldId":0,"LevelId":0,"TargetPos":[0.0,0.0,0.0],"TargetRot":[0.0,0.0,0.0]}}],"FixProcessors":{}}																																																																									
30040101	3004	300401	0	6											0	1	6	7	0	0	0											4001										{"EnterActions":[{"ActionType":12000,"Params":{"$type":"XConfigLevelActionParamsLoadNpc","PlaceIdList":[500021],"AutoUnloadWhiteList":[]}}],"ExitActions":[{"ActionType":21000,"Params":{"$type":"XConfigLevelActionParamsUnderTakeSelfQuest"}}]}													300401	1																																																											
30040102	3004	300401	1	5											0	1	8	9	0	0	0											4001										{"TargetArgs":{"1":{"500021":0}},"EnterActions":[{"ActionType":16001,"Params":{"$type":"XConfigLevelActionParamsPlayDramaCaption","DramaCaptionName":"Caption300401","WaitComplete":false,"IsSequentialJob":true}}],"ExitActions":[{"ActionType":5001,"Params":{"$type":"XConfigLevelActionParamsEnableActorInteractableComponent","PlaceId":500021,"ActorType":1,"Enable":false}}],"TraceActorArgs":[{"TargetType":1,"PlaceId":500021,"Id":0,"DisplayOffset":[0.0,2.0,0.0],"ShowEffect":false,"ForceMapPinActive":false,"InitHide":false,"Radius":0.0,"FloorNum":103}]}																																																																									
30040103	3004	300401	2	2	Drama_3004_001	0	0.0	0.0	0.0	0.0	0.0	0.0	0	0	0	1	10	11	0	0	0											4001										{"RecordDecisionClipSelect":{},"ExitActions":[{"ActionType":16001,"Params":{"$type":"XConfigLevelActionParamsPlayDramaCaption","DramaCaptionName":"Caption300402","WaitComplete":false,"IsSequentialJob":false}},{"ActionType":12000,"Params":{"$type":"XConfigLevelActionParamsLoadNpc","PlaceIdList":[500020],"AutoUnloadWhiteList":[]}}]}																																																																									
30040104	3004	300401	3	7											0	1	12	13	0	0	0											4001										{"ExitActions":[{"ActionType":16001,"Params":{"$type":"XConfigLevelActionParamsPlayDramaCaption","DramaCaptionName":"Caption300403","WaitComplete":false,"IsSequentialJob":false}}],"TracePosArgs":[{"Position":[626.0819702148438,157.4055938720703,1286.8480224609375],"Id":0,"DisplayOffset":[0.0,1.5,0.0],"ShowEffect":true,"ForceMapPinActive":false,"InitHide":false,"Radius":0.0,"FloorNum":101}]}	626.0819702148438	157.4055938720703	1286.8480224609375	3.0	0	0																																																																			
30040105	3004	300401	4	7											0	1	14	15	0	0	0											4001										{"EnterActions":[{"ActionType":5001,"Params":{"$type":"XConfigLevelActionParamsEnableActorInteractableComponent","PlaceId":500020,"ActorType":1,"Enable":false}}],"TraceActorArgs":[{"TargetType":1,"PlaceId":500020,"Id":0,"DisplayOffset":[0.0,2.0,0.0],"ShowEffect":false,"ForceMapPinActive":false,"InitHide":false,"Radius":0.0,"FloorNum":101}]}	616.1500244140625	157.4219970703125	1293.43994140625	7.0	0	0																																																																			
30040106	3004	300401	5	2	Drama_3004_002	0	0.0	0.0	0.0	0.0	0.0	0.0	0	0	0	1	16	17	0	0	0											4001										{"RecordDecisionClipSelect":{},"ExitActions":[{"ActionType":5001,"Params":{"$type":"XConfigLevelActionParamsEnableActorInteractableComponent","PlaceId":500021,"ActorType":1,"Enable":true}},{"ActionType":16001,"Params":{"$type":"XConfigLevelActionParamsPlayDramaCaption","DramaCaptionName":"Caption300404","WaitComplete":false,"IsSequentialJob":false}}]}																																																																									
30040107	3004	300401	6	5											0	1	18	19	0	0	0											4001										{"TargetArgs":{"1":{"500021":0}},"ExitActions":[{"ActionType":5001,"Params":{"$type":"XConfigLevelActionParamsEnableActorInteractableComponent","PlaceId":500021,"ActorType":1,"Enable":false}}],"TraceActorArgs":[{"TargetType":1,"PlaceId":500021,"Id":0,"DisplayOffset":[0.0,1.5,0.0],"ShowEffect":false,"ForceMapPinActive":false,"InitHide":false,"Radius":0.0,"FloorNum":103}]}																																																																									
30040108	3004	300401	7	2	Drama_3004_003	0	0.0	0.0	0.0	0.0	0.0	0.0	0	0	0	1	20	21	0	0	0											4001										{"RecordDecisionClipSelect":{},"ExitActions":[{"ActionType":16001,"Params":{"$type":"XConfigLevelActionParamsPlayDramaCaption","DramaCaptionName":"Caption300405","WaitComplete":false,"IsSequentialJob":false}}]}																																																																									
30040109	3004	300401	8	7											0	1	22	23	0	0	0											4001										{"ExitActions":[{"ActionType":12001,"Params":{"$type":"XConfigLevelActionParamsLoadSceneObject","PlaceIdList":[500006],"AutoUnloadWhiteList":[]}}],"TracePosArgs":[{"Position":[551.5,145.5,1355.449951171875],"Id":0,"DisplayOffset":[0.0,1.5,0.0],"ShowEffect":true,"ForceMapPinActive":false,"InitHide":false,"Radius":0.0,"FloorNum":101}]}	551.5	145.5	1355.449951171875	13.0	0	0																																																																			
30040110	3004	300401	9	9											0	1	24	25	0	0	0											4001										{"PlayerNpcAnimationDict":{},"LevelNpcAnimationDict":{},"FinalShot":{"PhotoFilterId":0,"PlayerNpcAnimationDict":{},"LevelNpcAnimationDict":{}},"ExitActions":[{"ActionType":12000,"Params":{"$type":"XConfigLevelActionParamsLoadNpc","PlaceIdList":[500023],"AutoUnloadWhiteList":[]}},{"ActionType":21002,"Params":{"$type":"XConfigLevelActionParamsUnloadSceneObject","PlaceIdList":[500006]}},{"ActionType":16001,"Params":{"$type":"XConfigLevelActionParamsPlayDramaCaption","DramaCaptionName":"Caption300406","WaitComplete":false,"IsSequentialJob":false}}]}																										7	0			500006		0																																									
30040111	3004	300401	10	7											0	1	26	27	0	0	0											4001										{"TraceActorArgs":[{"TargetType":1,"PlaceId":500023,"Id":0,"DisplayOffset":[0.0,2.0,0.0],"ShowEffect":true,"ForceMapPinActive":false,"InitHide":false,"Radius":0.0,"FloorNum":102}]}	561.5	169.5	1170.449951171875	6.0	0	0																																																																			
30040112	3004	300401	11	2	Drama_3004_004	0	0.0	0.0	0.0	0.0	0.0	0.0	0	0	0	1	28	29	0	0	0											4001										{"RecordDecisionClipSelect":{},"ExitActions":[{"ActionType":12001,"Params":{"$type":"XConfigLevelActionParamsLoadSceneObject","PlaceIdList":[500002,500008],"AutoUnloadWhiteList":[]}},{"ActionType":5001,"Params":{"$type":"XConfigLevelActionParamsEnableActorInteractableComponent","PlaceId":500023,"ActorType":1,"Enable":false}}]}																																																																									
30040113	3004	300401	13	5											0	1	32	33	0	0	0											4001										{"TargetArgs":{"1":{"500021":0}},"ExitActions":[{"ActionType":5001,"Params":{"$type":"XConfigLevelActionParamsEnableActorInteractableComponent","PlaceId":500021,"ActorType":1,"Enable":false}}],"TraceActorArgs":[{"TargetType":1,"PlaceId":500021,"Id":0,"DisplayOffset":[0.0,2.0,0.0],"ShowEffect":false,"ForceMapPinActive":false,"InitHide":false,"Radius":0.0,"FloorNum":103}]}																																																																									
30040114	3004	300401	14	2	Drama_3004_005	0	0.0	0.0	0.0	0.0	0.0	0.0	0	0	0	1	34	35	0	0	0											4001										{"RecordDecisionClipSelect":{},"ExitActions":[{"ActionType":16001,"Params":{"$type":"XConfigLevelActionParamsPlayDramaCaption","DramaCaptionName":"Caption300408","WaitComplete":false,"IsSequentialJob":false}},{"ActionType":5001,"Params":{"$type":"XConfigLevelActionParamsEnableActorInteractableComponent","PlaceId":500020,"ActorType":1,"Enable":true}}]}																																																																									
30040115	3004	300401	15	5											0	1	36	37	0	0	0											4001										{"TargetArgs":{"1":{"500020":0}},"TraceActorArgs":[{"TargetType":1,"PlaceId":500020,"Id":0,"DisplayOffset":[0.0,1.5,0.0],"ShowEffect":false,"ForceMapPinActive":false,"InitHide":false,"Radius":0.0,"FloorNum":101}]}																																																																									
30040116	3004	300401	16	2	Drama_3004_006	0	0.0	0.0	0.0	0.0	0.0	0.0	0	0	0	1	38	39	0	0	0											4001										{"RecordDecisionClipSelect":{}}																																																																									
30050101	3005	300501	0	5											0	1	6	7	0	0	0											4001	0									{"TargetArgs":{"1":{"500024":0}},"EnterActions":[{"ActionType":12000,"Params":{"$type":"XConfigLevelActionParamsLoadNpc","PlaceIdList":[500024],"AutoUnloadWhiteList":[]}}],"TraceActorArgs":[{"TargetType":1,"PlaceId":500024,"Id":0,"DisplayOffset":[0.0,1.5,0.0],"ShowEffect":false,"ForceMapPinActive":false,"InitHide":false,"Radius":0.0,"FloorNum":103}],"FixProcessors":{}}																																																																									
30050102	3005	300501	1	2	Drama_3005_001	0	0.0	0.0	0.0	0.0	0.0	0.0	0	0	0	1	8	9	0	0	0											4001	0									{"RecordDecisionClipSelect":{},"EnterActions":[{"ActionType":16002,"Params":{"$type":"XConfigLevelActionParamsPlayScreenEffect","ScreenEffectId":300011,"EnableTimeParams":true,"EnterDuration":1.0,"HoldDuration":0.5,"ExitDuration":0.0,"IsWaitEnter":true}},{"ActionType":19000,"Params":{"$type":"XConfigLevelActionParamsSetNpcQuestTipIconActive","PlaceId":500024,"Active":false}},{"ActionType":21001,"Params":{"$type":"XConfigLevelActionParamsUnloadNpc","PlaceIdList":[500024]}}],"ExitActions":[{"ActionType":16001,"Params":{"$type":"XConfigLevelActionParamsPlayDramaCaption","DramaCaptionName":"Caption300501","WaitComplete":false,"IsSequentialJob":true}}],"FixProcessors":{}}																																																																									
30050103	3005	300501	2	6											0	1	10	11	0	0	0											4001	0									{"ExitActions":[{"ActionType":12000,"Params":{"$type":"XConfigLevelActionParamsLoadNpc","PlaceIdList":[500025],"AutoUnloadWhiteList":[]}},{"ActionType":16001,"Params":{"$type":"XConfigLevelActionParamsPlayDramaCaption","DramaCaptionName":"Caption300502","WaitComplete":false,"IsSequentialJob":false}}],"FixProcessors":{}}													300501	1																																																											
30050104	3005	300501	3	7											0	1	12	13	0	0	0											4001	0									{"TracePosArgs":[{"Position":[682.3408813476562,156.17599487304688,1215.489990234375],"Id":1,"DisplayOffset":[0.0,0.0,0.0],"ShowEffect":true,"ForceMapPinActive":false,"InitHide":false,"Radius":0.0,"FloorNum":0}],"FixProcessors":{}}	682.3408813476562	156.17599487304688	1215.489990234375	8.0	0	0																																																																			
30050105	3005	300501	4	2	Drama_3005_002	0	0.0	0.0	0.0	0.0	0.0	0.0	0	0	0	1	14	15	0	0	0											4001	0									{"RecordDecisionClipSelect":{},"ExitActions":[{"ActionType":21001,"Params":{"$type":"XConfigLevelActionParamsUnloadNpc","PlaceIdList":[500025]}},{"ActionType":12000,"Params":{"$type":"XConfigLevelActionParamsLoadNpc","PlaceIdList":[500016],"AutoUnloadWhiteList":[]}},{"ActionType":12001,"Params":{"$type":"XConfigLevelActionParamsLoadSceneObject","PlaceIdList":[500018],"AutoUnloadWhiteList":[]}},{"ActionType":20000,"Params":{"$type":"XConfigLevelActionParamsTeleportPlayer","Position":[679.4500122070312,156.22979736328125,1219.199951171875],"Rotation":[0.0,-93.20099639892578,0.0],"WithBlackScreen":false,"ScreenEffectId":0,"BlackScreenEnterDuration":0.0,"BlackScreenExitDuration":0.0,"ShowEffect":false,"ResetCamera":true}}],"FixProcessors":{}}																																																																									
30050106	3005	300501	5	9											0	1	16	17	0	0	0											4001	0									{"PlayerNpcAnimationDict":{},"LevelNpcAnimationDict":{},"FinalShot":{"PhotoFilterId":0,"PlayerNpcAnimationDict":{},"LevelNpcAnimationDict":{}},"EnterActions":[{"ActionType":12001,"Params":{"$type":"XConfigLevelActionParamsLoadSceneObject","PlaceIdList":[500010,500011,500012,500013,500014,500015,500016,500017],"AutoUnloadWhiteList":[]}}],"TraceActorArgs":[{"TargetType":1,"PlaceId":500016,"Id":2,"DisplayOffset":[0.0,1.5,0.0],"ShowEffect":false,"ForceMapPinActive":false,"InitHide":false,"Radius":0.0,"FloorNum":0}],"FixProcessors":{}}																										7	0			500018		0																																									
30050107	3005	300501	6	5											0	1	18	19	0	0	0											4001	0									{"TargetArgs":{"1":{"500016":0}},"TraceActorArgs":[{"TargetType":1,"PlaceId":500016,"Id":3,"DisplayOffset":[0.0,1.5,0.0],"ShowEffect":false,"ForceMapPinActive":false,"InitHide":false,"Radius":0.0,"FloorNum":0}],"FixProcessors":{}}																																																																									
30050108	3005	300501	7	2	Drama_3005_003	0	0.0	0.0	0.0	0.0	0.0	0.0	0	0	0	1	20	21	0	0	0											4001	0									{"RecordDecisionClipSelect":{},"EnterActions":[{"ActionType":16002,"Params":{"$type":"XConfigLevelActionParamsPlayScreenEffect","ScreenEffectId":300011,"EnableTimeParams":true,"EnterDuration":1.0,"HoldDuration":0.5,"ExitDuration":0.0,"IsWaitEnter":true}},{"ActionType":21002,"Params":{"$type":"XConfigLevelActionParamsUnloadSceneObject","PlaceIdList":[500010,500011,500012,500013,500014,500015,500016,500017]}},{"ActionType":21001,"Params":{"$type":"XConfigLevelActionParamsUnloadNpc","PlaceIdList":[500016]}}],"ExitActions":[{"ActionType":23000,"Params":{"$type":"XConfigLevelActionParamsWaitTime","TimeSeconds":1}},{"ActionType":16001,"Params":{"$type":"XConfigLevelActionParamsPlayDramaCaption","DramaCaptionName":"Caption300503","WaitComplete":false,"IsSequentialJob":false}}],"FixProcessors":{}}																																																																									
30050109	3005	300501	8	7											0	1	22	23	0	0	0											4001	0									{"EnterActions":[{"ActionType":12000,"Params":{"$type":"XConfigLevelActionParamsLoadNpc","PlaceIdList":[500029],"AutoUnloadWhiteList":[]}}],"TracePosArgs":[{"Position":[568.697021484375,145.29530334472656,1385.010009765625],"Id":0,"DisplayOffset":[0.0,0.0,0.0],"ShowEffect":true,"ForceMapPinActive":false,"InitHide":false,"Radius":0.0,"FloorNum":101}],"FixProcessors":{}}	568.697021484375	145.29530334472656	1385.010009765625	8.0	0	0																																																																			
30050110	3005	300501	9	2	Drama_3005_004	0	0.0	0.0	0.0	0.0	0.0	0.0	0	0	0	1	24	25	0	0	0											4001	0									{"RecordDecisionClipSelect":{},"EnterActions":[{"ActionType":16002,"Params":{"$type":"XConfigLevelActionParamsPlayScreenEffect","ScreenEffectId":300011,"EnableTimeParams":true,"EnterDuration":1.0,"HoldDuration":0.5,"ExitDuration":0.0,"IsWaitEnter":true}},{"ActionType":21001,"Params":{"$type":"XConfigLevelActionParamsUnloadNpc","PlaceIdList":[500029]}}],"ExitActions":[{"ActionType":23000,"Params":{"$type":"XConfigLevelActionParamsWaitTime","TimeSeconds":2}},{"ActionType":16001,"Params":{"$type":"XConfigLevelActionParamsPlayDramaCaption","DramaCaptionName":"Caption300504","WaitComplete":false,"IsSequentialJob":false}},{"ActionType":12000,"Params":{"$type":"XConfigLevelActionParamsLoadNpc","PlaceIdList":[500028,500026],"AutoUnloadWhiteList":[]}},{"ActionType":12001,"Params":{"$type":"XConfigLevelActionParamsLoadSceneObject","PlaceIdList":[500009],"AutoUnloadWhiteList":[]}}],"FixProcessors":{}}																																																																									
30050111	3005	300501	10	5											0	1	26	27	0	0	0											4001	0									{"TargetArgs":{"1":{"500028":0}},"EnterActions":[{"ActionType":5001,"Params":{"$type":"XConfigLevelActionParamsEnableActorInteractableComponent","PlaceId":500026,"ActorType":1,"Enable":false}}],"TraceActorArgs":[{"TargetType":1,"PlaceId":500028,"Id":4,"DisplayOffset":[0.0,1.5,0.0],"ShowEffect":false,"ForceMapPinActive":false,"InitHide":false,"Radius":0.0,"FloorNum":103}],"FixProcessors":{}}																																																																									
30050112	3005	300501	11	2	Drama_3005_005	0	0.0	0.0	0.0	0.0	0.0	0.0	0	0	0	1	28	29	0	0	0											4001	0									{"RecordDecisionClipSelect":{},"ExitActions":[{"ActionType":18001,"Params":{"$type":"XConfigLevelActionParamsRequestEnterInstLevel","InstLevelId":4025,"Position":[243.6999969482422,36.599998474121094,322.70001220703125],"Rotation":null}},{"ActionType":5001,"Params":{"$type":"XConfigLevelActionParamsEnableActorInteractableComponent","PlaceId":500028,"ActorType":1,"Enable":false}},{"ActionType":5001,"Params":{"$type":"XConfigLevelActionParamsEnableActorInteractableComponent","PlaceId":500026,"ActorType":1,"Enable":true}}],"FixProcessors":{}}																																																																									
30050113	3005	300501	13	5											0	1	32	33	0	0	0											4001	0									{"TargetArgs":{"1":{"500028":0}},"TraceActorArgs":[{"TargetType":1,"PlaceId":500028,"Id":0,"DisplayOffset":[0.0,1.5,0.0],"ShowEffect":false,"ForceMapPinActive":false,"InitHide":false,"Radius":0.0,"FloorNum":103}],"FixProcessors":{}}																																																																									
30050114	3005	300501	14	2	Drama_3005_006	0	0.0	0.0	0.0	0.0	0.0	0.0	0	0	0	1	34	35	0	0	0											4001	0									{"RecordDecisionClipSelect":{},"FixProcessors":{}}																																																																									
30060101	3006	300601	0	5											0	0	6	7	0	0	0											5001										{"TargetArgs":{"1":{"1800002":1}}}																																																																									
30060102	3006	300601	1	5											0	0	8	9	0	0	0											5001										{"TargetArgs":{"1":{"1800002":2}}}																																																																									
30060103	3006	300601	2	5											0	0	10	11	0	0	0											5001										{"TargetArgs":{"1":{"1800002":3}}}																																																																									
30061101	30061	300611	0	5											0	1	6	7	0	0	0											5001										{"TargetArgs":{"1":{"1800002":1}},"FixProcessors":{}}																																																																									
30061102	30061	300611	1	5											0	1	8	9	0	0	0											5001										{"TargetArgs":{"1":{"1800002":2}},"FixProcessors":{}}																																																																									
30061103	30061	300611	2	5											0	1	10	11	0	0	0											5001										{"TargetArgs":{"1":{"1800002":3}},"FixProcessors":{}}																																																																									
30070101	3007	300701	0	5											0	0	6	7	0	0	0											5001										{"TargetArgs":{"1":{"1600001":1}}}																																																																									
30070102	3007	300701	1	5											0	0	8	9	0	0	0											5001										{"TargetArgs":{"1":{"1600001":2}}}																																																																									
30070103	3007	300701	2	5											0	0	10	11	0	0	0											5001										{"TargetArgs":{"1":{"1600001":3}}}																																																																									
30071101	30071	300711	0	5											0	0	6	7	0	0	0											5001										{"TargetArgs":{"1":{"1600001":1}},"FixProcessors":{}}																																																																									
30071102	30071	300711	1	5											0	0	8	9	0	0	0											5001										{"TargetArgs":{"1":{"1600001":2}},"FixProcessors":{}}																																																																									
30071103	30071	300711	2	5											0	0	10	11	0	0	0											5001										{"TargetArgs":{"1":{"1600001":3}},"FixProcessors":{}}																																																																									
30080101	3008	300801	0	5											0	0	6	7	0	0	0											5001										{"TargetArgs":{"1":{"1100002":1}}}																																																																									
30080102	3008	300801	1	5											0	0	8	9	0	0	0											5001										{"TargetArgs":{"1":{"1100002":2}}}																																																																									
30080103	3008	300801	2	5											0	0	10	11	0	0	0											5001										{"TargetArgs":{"1":{"1100002":3}}}																																																																									
30090101	3009	300901	0	5											0	0	6	7	0	0	0											5001										{"TargetArgs":{"1":{"2200038":3}},"FixProcessors":{}}																																																																									
30090102	3009	300901	1	5											0	0	8	9	0	0	0											5001										{"TargetArgs":{"1":{"2200038":2}},"FixProcessors":{}}																																																																									
30090103	3009	300901	2	5											0	0	10	11	0	0	0											5001										{"TargetArgs":{"1":{"2200038":1}},"FixProcessors":{}}																																																																									
30091101	30091	300911	0	5											0	0	6	7	0	0	0											5001										{"TargetArgs":{"1":{"2200038":1}},"FixProcessors":{}}																																																																									
30091102	30091	300911	1	5											0	0	8	9	0	0	0											5001										{"TargetArgs":{"1":{"2200038":2}},"FixProcessors":{}}																																																																									
30091103	30091	300911	2	5											0	0	10	11	0	0	0											5001										{"TargetArgs":{"1":{"2200038":3}},"FixProcessors":{}}																																																																									
30100101	3010	301001	0	5											0	0	6	7	0	0	0											5001										{"TargetArgs":{"1":{"1900077":1}}}																																																																									
30100102	3010	301001	1	5											0	0	8	9	0	0	0											5001										{"TargetArgs":{"1":{"1900077":3}}}																																																																									
30100103	3010	301001	2	5											0	0	10	11	0	0	0											5001										{"TargetArgs":{"1":{"1900077":4}}}																																																																									
30101101	30101	301011	0	5											0	0	6	7	0	0	0											5001										{"TargetArgs":{"1":{"1900077":1}},"FixProcessors":{}}																																																																									
30101102	30101	301011	1	5											0	0	8	9	0	0	0											5001										{"TargetArgs":{"1":{"1900077":3}},"FixProcessors":{}}																																																																									
30101103	30101	301011	2	5											0	0	10	11	0	0	0											5001										{"TargetArgs":{"1":{"1900077":4}},"FixProcessors":{}}																																																																									
30110101	3011	301101	0	5											0	0	6	7	0	0	0											5001										{"TargetArgs":{"1":{"2400017":1}}}																																																																									
30110102	3011	301101	1	5											0	0	8	9	0	0	0											5001										{"TargetArgs":{"1":{"2400017":2}}}																																																																									
30110103	3011	301101	2	5											0	0	10	11	0	0	0											5001										{"TargetArgs":{"1":{"2400017":3}}}																																																																									
30111101	30111	301111	0	5											0	0	6	7	0	0	0											5001										{"TargetArgs":{"1":{"2400017":1}},"FixProcessors":{}}																																																																									
30111102	30111	301111	1	5											0	0	8	9	0	0	0											5001										{"TargetArgs":{"1":{"2400017":2}},"FixProcessors":{}}																																																																									
30111103	30111	301111	2	5											0	0	10	11	0	0	0											5001										{"TargetArgs":{"1":{"2400017":3}},"FixProcessors":{}}																																																																									
30120101	3012	301201	0	5											0	0	6	7	0	0	0											5001										{"TargetArgs":{"1":{"1700001":1}}}																																																																									
30120102	3012	301201	1	5											0	0	8	9	0	0	0											5001										{"TargetArgs":{"1":{"1700001":2}}}																																																																									
30120103	3012	301201	2	5											0	0	10	11	0	0	0											5001										{"TargetArgs":{"1":{"1700001":3}}}																																																																									
30121101	30121	301211	0	5											0	0	6	7	0	0	0											5001										{"TargetArgs":{"1":{"1700001":1}},"FixProcessors":{}}																																																																									
30121102	30121	301211	1	5											0	0	8	9	0	0	0											5001										{"TargetArgs":{"1":{"1700001":2}},"FixProcessors":{}}																																																																									
30121103	30121	301211	2	5											0	0	10	11	0	0	0											5001										{"TargetArgs":{"1":{"1700001":3}},"FixProcessors":{}}																																																																									
30130101	3013	301301	0	5											0	0	6	7	0	0	0											5001										{"TargetArgs":{"1":{"1800014":1}}}																																																																									
30130102	3013	301301	1	5											0	0	8	9	0	0	0											5001										{"TargetArgs":{"1":{"1800014":2}}}																																																																									
30130103	3013	301301	2	5											0	0	10	11	0	0	0											5001										{"TargetArgs":{"1":{"1800014":3}}}																																																																									
30131101	30131	301311	0	5											0	0	6	7	0	0	0											5001	0									{"TargetArgs":{"1":{"1800014":1}},"FixProcessors":{}}																																																																									
30131102	30131	301311	1	5											0	0	8	9	0	0	0											5001	0									{"TargetArgs":{"1":{"1800014":2}},"FixProcessors":{}}																																																																									
30131103	30131	301311	2	5											0	0	10	11	0	0	0											5001	0									{"TargetArgs":{"1":{"1800014":3}},"FixProcessors":{}}																																																																									
30140101	3014	301401	0	5											0	1	6	7	0	0	0											6001	0									{"TargetArgs":{"1":{"3500002":6}},"FixProcessors":{}}																																																																									
30140102	3014	301401	1	5											0	1	8	9	0	0	0											6001	0									{"TargetArgs":{"1":{"3500002":2}},"FixProcessors":{}}																																																																									
30140103	3014	301401	2	5											0	1	10	11	0	0	0											6001	0									{"TargetArgs":{"1":{"3500002":3}},"FixProcessors":{}}																																																																									
30140104	3014	301401	3	5											0	1	12	13	0	0	0											6001	0									{"TargetArgs":{"1":{"3500002":4}},"FixProcessors":{}}																																																																									
30150101	3015	301501	0	5											0	0	6	7	0	0	0											6001	0									{"TargetArgs":{"1":{"4400001":1}},"FixProcessors":{}}																																																																									
30150102	3015	301501	1	5											0	0	8	9	0	0	0											6001	0									{"TargetArgs":{"1":{"4400001":2}},"FixProcessors":{}}																																																																									
30150103	3015	301501	2	5											0	0	10	11	0	0	0											6001	0									{"TargetArgs":{"1":{"4400001":3}},"FixProcessors":{}}																																																																									
30150104	3015	301501	3	5											0	0	12	13	0	0	0											6001	0									{"TargetArgs":{"1":{"4400001":4}},"FixProcessors":{}}																																																																									
30150105	3015	301501	4	5											0	0	14	15	0	0	0											6001	0									{"TargetArgs":{"1":{"4400001":5}},"FixProcessors":{}}																																																																									
30160101	3016	301601	0	5											0	0	6	7	0	0	0											6001	0									{"TargetArgs":{"1":{"3500004":1}},"FixProcessors":{}}																																																																									
30160102	3016	301601	1	5											0	0	8	9	0	0	0											6001	0									{"TargetArgs":{"1":{"3500004":2}},"FixProcessors":{}}																																																																									
30160103	3016	301601	2	5											0	0	10	11	0	0	0											6001	0									{"TargetArgs":{"1":{"3500004":3}},"FixProcessors":{}}																																																																									
30160104	3016	301601	3	5											0	0	12	13	0	0	0											6001	0									{"TargetArgs":{"1":{"3500004":7}},"FixProcessors":{}}																																																																									
30160105	3016	301601	4	5											0	0	14	15	0	0	0											6001	0									{"TargetArgs":{"1":{"3500004":5}},"FixProcessors":{}}																																																																									
30160106	3016	301601	5	5											0	0	16	17	0	0	0											6001	0									{"TargetArgs":{"1":{"3500004":4}},"FixProcessors":{}}																																																																									
30170101	3017	301701	0	5											0	0	6	7	0	0	0											6001	0									{"TargetArgs":{"1":{"3500003":1}},"FixProcessors":{}}																																																																									
30170102	3017	301701	1	5											0	0	8	9	0	0	0											6001	0									{"TargetArgs":{"1":{"3500003":2}},"FixProcessors":{}}																																																																									
30170103	3017	301701	2	5											0	0	10	11	0	0	0											6001	0									{"TargetArgs":{"1":{"3500003":3}},"FixProcessors":{}}																																																																									
30170104	3017	301701	3	5											0	0	12	13	0	0	0											6001	0									{"TargetArgs":{"1":{"3500003":4}},"FixProcessors":{}}																																																																									
30180101	3018	301801	0	5											0	0	6	7	0	0	0											6001	0									{"TargetArgs":{"1":{"3800001":6}},"FixProcessors":{}}																																																																									
30180102	3018	301801	1	5											0	0	8	9	0	0	0											6001	0									{"TargetArgs":{"1":{"3800001":2}},"FixProcessors":{}}																																																																									
30180103	3018	301801	2	5											0	0	10	11	0	0	0											6001	0									{"TargetArgs":{"1":{"3800001":4}},"FixProcessors":{}}																																																																									
30180104	3018	301801	3	7											0	0	12	13	0	0	0											6001	0									{"FixProcessors":{}}	349.5	211.47999572753906	173.91000366210938	2.5	0	0																																																																			
30190101	3019	301901	0	5											0	0	6	7	0	0	0											6001	0									{"TargetArgs":{"1":{"3500001":1}},"FixProcessors":{}}																																																																									
30250101	3025	302501	0	7											0	1	6	7	0	0	0											6001	0									{"EnterActions":[{"ActionType":12000,"Params":{"$type":"XConfigLevelActionParamsLoadNpc","PlaceIdList":[3100002,3100003,3100004,3100005,3100006,3100007,3100001],"AutoUnloadWhiteList":[]}},{"ActionType":3004,"Params":{"$type":"XConfigLevelActionParamsClearPlace","ClearId":"清场-3025"}}],"ExitActions":[{"ActionType":21001,"Params":{"$type":"XConfigLevelActionParamsUnloadNpc","PlaceIdList":[3100007]}},{"ActionType":16000,"Params":{"$type":"XConfigLevelActionParamsPlayDrama","DramaName":"Drama_3025_001","ReferencePos":[0.0,0.0,0.0],"ReferenceRot":[0.0,0.0,0.0],"CombineKey":0}}],"TracePosArgs":[{"Position":[356.4443054199219,211.44439697265625,183.5803985595703],"Id":1,"DisplayOffset":[0.0,1.2000000476837158,0.0],"ShowEffect":true,"ForceMapPinActive":false,"InitHide":false,"Radius":0.0,"FloorNum":303}],"FixProcessors":{}}	356.4443054199219	211.4443817138672	183.58041381835938	5.0	0	0																																																																			
30250201	3025	302502	0	5											0	1	10	11	0	0	0											6001	0									{"TargetArgs":{"1":{"3100006":1}},"EnterActions":[{"ActionType":12000,"Params":{"$type":"XConfigLevelActionParamsLoadNpc","PlaceIdList":[3100007],"AutoUnloadWhiteList":[]}},{"ActionType":12001,"Params":{"$type":"XConfigLevelActionParamsLoadSceneObject","PlaceIdList":[3100011],"AutoUnloadWhiteList":[]}},{"ActionType":19003,"Params":{"$type":"XConfigLevelActionParamsShowBigWorldTeach","TeachId":3025}}],"ExitActions":[{"ActionType":16008,"Params":{"$type":"XConfigLevelActionParamsPlaySound3D","CueId":5600080,"ActorType":1,"PlaceId":3100006}}],"TraceActorArgs":[{"TargetType":1,"PlaceId":3100006,"Id":2,"DisplayOffset":[0.0,1.0,0.0],"ShowEffect":false,"ForceMapPinActive":false,"InitHide":false,"Radius":0.0,"FloorNum":303}],"FixProcessors":{}}																																																																									
30250301	3025	302503	0	2	Drama_3025_002	0	0.0	0.0	0.0	0.0	0.0	0.0	0	0	0	1	14	15	0	0	0											6001	0									{"RecordDecisionClipSelect":{},"ExitActions":[{"ActionType":21001,"Params":{"$type":"XConfigLevelActionParamsUnloadNpc","PlaceIdList":[3100001,3100002,3100003,3100004,3100005,3100006]}}],"FixProcessors":{}}																																																																									
30250302	3025	302503	1	5											0	1	16	17	0	0	0											6001	0									{"TargetArgs":{"2":{"3100001":1}},"EnterActions":[{"ActionType":12001,"Params":{"$type":"XConfigLevelActionParamsLoadSceneObject","PlaceIdList":[3100001],"AutoUnloadWhiteList":[]}}],"TraceActorArgs":[{"TargetType":2,"PlaceId":3100001,"Id":4,"DisplayOffset":[0.0,0.20000000298023224,0.0],"ShowEffect":false,"ForceMapPinActive":false,"InitHide":false,"Radius":0.0,"FloorNum":303}],"FixProcessors":{}}																																																																									
30250303	3025	302503	2	5											0	1	18	19	0	0	0											6001	0									{"TargetArgs":{"1":{"3100007":1}},"EnterActions":[{"ActionType":16001,"Params":{"$type":"XConfigLevelActionParamsPlayDramaCaption","DramaCaptionName":"Caption302519","WaitComplete":false,"IsSequentialJob":false}}],"ExitActions":[{"ActionType":21001,"Params":{"$type":"XConfigLevelActionParamsUnloadNpc","PlaceIdList":[3100007]}},{"ActionType":12000,"Params":{"$type":"XConfigLevelActionParamsLoadNpc","PlaceIdList":[3100030],"AutoUnloadWhiteList":[]}},{"ActionType":12001,"Params":{"$type":"XConfigLevelActionParamsLoadSceneObject","PlaceIdList":[3100002,3100003],"AutoUnloadWhiteList":[]}}],"TraceActorArgs":[{"TargetType":1,"PlaceId":3100007,"Id":5,"DisplayOffset":[0.0,2.0,0.0],"ShowEffect":false,"ForceMapPinActive":false,"InitHide":false,"Radius":0.0,"FloorNum":303}],"FixProcessors":{}}																																																																									
30250401	3025	302504	0	18											0	1	22	23	0	0	0											6001	0									{"ExitActions":[{"ActionType":16001,"Params":{"$type":"XConfigLevelActionParamsPlayDramaCaption","DramaCaptionName":"Caption302517","WaitComplete":true,"IsSequentialJob":false}},{"ActionType":16000,"Params":{"$type":"XConfigLevelActionParamsPlayDrama","DramaName":"Drama_3025_010","ReferencePos":[0.0,0.0,0.0],"ReferenceRot":[0.0,0.0,0.0],"CombineKey":0}}],"TracePosArgs":[{"Position":[375.26153564453125,211.4444122314453,170.20896911621094],"Id":26,"DisplayOffset":[0.0,1.2000000476837158,0.0],"ShowEffect":true,"ForceMapPinActive":false,"InitHide":false,"Radius":10.0,"FloorNum":303}],"FixProcessors":{}}																																																		7																							
30250402	3025	302504	1	18											1	1	24	25	0	0	0											6001	0									{"ExitActions":[{"ActionType":16001,"Params":{"$type":"XConfigLevelActionParamsPlayDramaCaption","DramaCaptionName":"Caption302501","WaitComplete":false,"IsSequentialJob":false}}],"FixProcessors":{}}																																																		6																							
30250403	3025	302504	2	7											1	1	26	27	0	0	0											6001	0									{"ExitActions":[{"ActionType":16001,"Params":{"$type":"XConfigLevelActionParamsPlayDramaCaption","DramaCaptionName":"Caption302518","WaitComplete":false,"IsSequentialJob":false}}],"FixProcessors":{}}	375.30615234375	211.4444122314453	170.86749267578125	3.0	0	0																																																																			
30250501	3025	302505	0	7											0	1	30	31	0	0	0											6001	0									{"EnterActions":[{"ActionType":12000,"Params":{"$type":"XConfigLevelActionParamsLoadNpc","PlaceIdList":[3100008,3100009,3100010,3100038],"AutoUnloadWhiteList":[]}},{"ActionType":12001,"Params":{"$type":"XConfigLevelActionParamsLoadSceneObject","PlaceIdList":[3100008,3100009,3100010],"AutoUnloadWhiteList":[]}}],"ExitActions":[{"ActionType":16001,"Params":{"$type":"XConfigLevelActionParamsPlayDramaCaption","DramaCaptionName":"Caption302504","WaitComplete":false,"IsSequentialJob":false}},{"ActionType":21002,"Params":{"$type":"XConfigLevelActionParamsUnloadSceneObject","PlaceIdList":[3100001]}}],"TracePosArgs":[{"Position":[349.4174499511719,218.91921997070312,170.08599853515625],"Id":28,"DisplayOffset":[0.0,1.2000000476837158,0.0],"ShowEffect":true,"ForceMapPinActive":false,"InitHide":false,"Radius":0.0,"FloorNum":303}],"FixProcessors":{}}	349.1766052246094	218.91920471191406	170.75289916992188	4.0	0	0																																																																			
30250601	3025	302506	0	18											0	1	34	35	0	0	0											6001	0									{"ExitActions":[{"ActionType":16001,"Params":{"$type":"XConfigLevelActionParamsPlayDramaCaption","DramaCaptionName":"Caption302507","WaitComplete":false,"IsSequentialJob":false}}],"TracePosArgs":[{"Position":[339.75250244140625,218.92848205566406,166.89808654785156],"Id":10,"DisplayOffset":[0.0,1.2000000476837158,0.0],"ShowEffect":true,"ForceMapPinActive":false,"InitHide":false,"Radius":10.0,"FloorNum":304}],"FixProcessors":{}}																																																		10																							
30250602	3025	302506	1	18											1	1	36	37	0	0	0											6001	0									{"ExitActions":[{"ActionType":16001,"Params":{"$type":"XConfigLevelActionParamsPlayDramaCaption","DramaCaptionName":"Caption302505","WaitComplete":false,"IsSequentialJob":false}}],"FixProcessors":{}}																																																		8																							
30250603	3025	302506	2	18											1	1	38	39	0	0	0											6001	0									{"ExitActions":[{"ActionType":16001,"Params":{"$type":"XConfigLevelActionParamsPlayDramaCaption","DramaCaptionName":"Caption302506","WaitComplete":false,"IsSequentialJob":false}}],"FixProcessors":{}}																																																		9																							
30250701	3025	302507	0	5											0	1	42	43	0	0	0											6001	0									{"TargetArgs":{"1":{"3100008":2}},"EnterActions":[{"ActionType":21001,"Params":{"$type":"XConfigLevelActionParamsUnloadNpc","PlaceIdList":[3100030]}}],"ExitActions":[{"ActionType":20000,"Params":{"$type":"XConfigLevelActionParamsTeleportPlayer","Position":[336.20001220703125,125.80000305175781,161.5],"Rotation":[0.0,-78.5469970703125,0.0],"WithBlackScreen":true,"ScreenEffectId":0,"BlackScreenEnterDuration":0.0,"BlackScreenExitDuration":0.0,"ShowEffect":false,"ResetCamera":true}},{"ActionType":21002,"Params":{"$type":"XConfigLevelActionParamsUnloadSceneObject","PlaceIdList":[3100002,3100003,3100008,3100009,3100010,3100011]}}],"TraceActorArgs":[{"TargetType":1,"PlaceId":3100008,"Id":8,"DisplayOffset":[0.0,2.0,0.0],"ShowEffect":false,"ForceMapPinActive":false,"InitHide":false,"Radius":0.0,"FloorNum":303}],"FixProcessors":{}}																																																																									
30250702	3025	302507	1	7											0	1	44	45	0	0	0											6001	0									{"EnterActions":[{"ActionType":12000,"Params":{"$type":"XConfigLevelActionParamsLoadNpc","PlaceIdList":[3100011,3100012,3100013,3100014,3100015,3100016],"AutoUnloadWhiteList":[]}},{"ActionType":18004,"Params":{"$type":"XConfigLevelActionParamsRestorePlace","ClearId":"清场-3025"}},{"ActionType":12001,"Params":{"$type":"XConfigLevelActionParamsLoadSceneObject","PlaceIdList":[3100014],"AutoUnloadWhiteList":[]}}],"ExitActions":[{"ActionType":16000,"Params":{"$type":"XConfigLevelActionParamsPlayDrama","DramaName":"Drama_3025_009","ReferencePos":[0.0,0.0,0.0],"ReferenceRot":[0.0,0.0,0.0],"CombineKey":0}},{"ActionType":21001,"Params":{"$type":"XConfigLevelActionParamsUnloadNpc","PlaceIdList":[3100008,3100009,3100010,3100038]}}],"TracePosArgs":[{"Position":[324.45257568359375,125.79273986816406,164.19898986816406],"Id":12,"DisplayOffset":[0.0,1.2000000476837158,0.0],"ShowEffect":true,"ForceMapPinActive":false,"InitHide":false,"Radius":3.0,"FloorNum":302}],"FixProcessors":{}}	324.4526062011719	125.7927017211914	164.19900512695312	5.0	0	0																																																																			
30250703	3025	302507	2	5											0	1	46	47	0	0	0											6001	0									{"TargetArgs":{"1":{"3100015":1}},"EnterActions":[{"ActionType":12001,"Params":{"$type":"XConfigLevelActionParamsLoadSceneObject","PlaceIdList":[3100012],"AutoUnloadWhiteList":[]}},{"ActionType":16001,"Params":{"$type":"XConfigLevelActionParamsPlayDramaCaption","DramaCaptionName":"Caption302520","WaitComplete":false,"IsSequentialJob":false}}],"ExitActions":[{"ActionType":16000,"Params":{"$type":"XConfigLevelActionParamsPlayDrama","DramaName":"Drama_3025_103","ReferencePos":[0.0,0.0,0.0],"ReferenceRot":[0.0,0.0,0.0],"CombineKey":0}},{"ActionType":16008,"Params":{"$type":"XConfigLevelActionParamsPlaySound3D","CueId":5600080,"ActorType":1,"PlaceId":3100015}}],"TraceActorArgs":[{"TargetType":1,"PlaceId":3100015,"Id":13,"DisplayOffset":[0.0,1.0,0.0],"ShowEffect":false,"ForceMapPinActive":false,"InitHide":false,"Radius":0.0,"FloorNum":302}],"FixProcessors":{}}																																																																									
30250704	3025	302507	3	7											0	1	48	49	0	0	0											6001	0									{"EnterActions":[{"ActionType":14000,"Params":{"$type":"XConfigLevelActionParamsNpcNavigateTo","NpcPlaceId":3100015,"Position":[263.781005859375,114.69840240478516,148.48219299316406],"MoveType":1,"WaitComplete":true}},{"ActionType":12000,"Params":{"$type":"XConfigLevelActionParamsLoadNpc","PlaceIdList":[3100018,3100019,3100020,3100021,3100022,3100023],"AutoUnloadWhiteList":[]}}],"ExitActions":[{"ActionType":16000,"Params":{"$type":"XConfigLevelActionParamsPlayDrama","DramaName":"Drama_3025_005","ReferencePos":[0.0,0.0,0.0],"ReferenceRot":[0.0,0.0,0.0],"CombineKey":0}},{"ActionType":21001,"Params":{"$type":"XConfigLevelActionParamsUnloadNpc","PlaceIdList":[3100012,3100013,3100014,3100015,3100016]}},{"ActionType":21002,"Params":{"$type":"XConfigLevelActionParamsUnloadSceneObject","PlaceIdList":[3100012,3100014]}}],"TraceActorArgs":[{"TargetType":1,"PlaceId":3100015,"Id":14,"DisplayOffset":[0.0,1.0,0.0],"ShowEffect":false,"ForceMapPinActive":false,"InitHide":false,"Radius":0.0,"FloorNum":0}],"FixProcessors":{"3":[{"Id":1,"FixTiming":3,"ConditionGroup":{"ConditionLists":[{"Conditions":[{"CondType":11,"Params":{"$type":"XConfigLevelConditionParamsCheckNpcInRange","RangeType":1,"RangePoint":[263.781005859375,114.69840240478516,148.48219299316406],"RangeSize":[3.0,0.0,0.0],"PlaceId":3100015},"InvertResult":true,"TipDescId":null}],"LogicOp":0}],"LogicOp":0},"Actions":[{"ActionType":6003,"Params":{"$type":"XConfigLevelActionParamsFixSetNpcPosition","Position":[263.781005859375,114.69840240478516,148.48219299316406],"Rotation":null,"PlaceId":3100015}}]}]}}	263.781005859375	114.69843292236328	148.482177734375	3.0	0	0																																																																			
30250705	3025	302507	4	7											0	1	50	51	0	0	0											6001	0									{"EnterActions":[{"ActionType":14009,"Params":{"$type":"XConfigLevelActionParamsNpcAddAttribAdditive","NpcPlaceId":3100018,"AttribType":52,"AdditiveValue":0.0,"AdditivePercent":1.2999999523162842}},{"ActionType":16001,"Params":{"$type":"XConfigLevelActionParamsPlayDramaCaption","DramaCaptionName":"Caption302510","WaitComplete":false,"IsSequentialJob":false}},{"ActionType":14000,"Params":{"$type":"XConfigLevelActionParamsNpcNavigateTo","NpcPlaceId":3100018,"Position":[298.0552062988281,114.69840240478516,172.64599609375],"MoveType":1,"WaitComplete":true}}],"ExitActions":[{"ActionType":16000,"Params":{"$type":"XConfigLevelActionParamsPlayDrama","DramaName":"Drama_3025_102","ReferencePos":[0.0,0.0,0.0],"ReferenceRot":[0.0,0.0,0.0],"CombineKey":0}},{"ActionType":12000,"Params":{"$type":"XConfigLevelActionParamsLoadNpc","PlaceIdList":[3100017,3100032,3100033,3100034,3100035,3100036,3100037,3100031],"AutoUnloadWhiteList":[]}},{"ActionType":21001,"Params":{"$type":"XConfigLevelActionParamsUnloadNpc","PlaceIdList":[3100018]}},{"ActionType":12001,"Params":{"$type":"XConfigLevelActionParamsLoadSceneObject","PlaceIdList":[3100006,3100007,3100013,3100015],"AutoUnloadWhiteList":[]}}],"TraceActorArgs":[{"TargetType":1,"PlaceId":3100018,"Id":15,"DisplayOffset":[0.0,2.0,0.0],"ShowEffect":false,"ForceMapPinActive":false,"InitHide":false,"Radius":0.0,"FloorNum":0}],"FixProcessors":{"3":[{"Id":1,"FixTiming":3,"ConditionGroup":{"ConditionLists":[{"Conditions":[{"CondType":11,"Params":{"$type":"XConfigLevelConditionParamsCheckNpcInRange","RangeType":1,"RangePoint":[298.0552062988281,114.69840240478516,172.64599609375],"RangeSize":[3.0,0.0,0.0],"PlaceId":3100018},"InvertResult":true,"TipDescId":null}],"LogicOp":0}],"LogicOp":0},"Actions":[{"ActionType":6003,"Params":{"$type":"XConfigLevelActionParamsFixSetNpcPosition","Position":[298.0552062988281,114.69840240478516,172.64599609375],"Rotation":null,"PlaceId":3100018}}]}]}}	289.90362548828125	114.71163177490234	174.80860900878906	8.0	0	0																																																																			
30250801	3025	302508	0	5											0	1	54	55	0	0	0											6001	0									{"TargetArgs":{"2":{},"1":{"3100034":1}},"EnterActions":[{"ActionType":16001,"Params":{"$type":"XConfigLevelActionParamsPlayDramaCaption","DramaCaptionName":"Caption302514","WaitComplete":false,"IsSequentialJob":false}}],"ExitActions":[{"ActionType":21001,"Params":{"$type":"XConfigLevelActionParamsUnloadNpc","PlaceIdList":[3100031,3100032,3100033,3100034,3100035,3100036,3100037,4000016,4000017]}},{"ActionType":21002,"Params":{"$type":"XConfigLevelActionParamsUnloadSceneObject","PlaceIdList":[3100006,3100007,3100015]}},{"ActionType":16000,"Params":{"$type":"XConfigLevelActionParamsPlayDrama","DramaName":"Drama_3025_008","ReferencePos":[0.0,0.0,0.0],"ReferenceRot":[0.0,0.0,0.0],"CombineKey":0}}],"TraceActorArgs":[{"TargetType":1,"PlaceId":3100034,"Id":17,"DisplayOffset":[0.0,1.0,0.0],"ShowEffect":false,"ForceMapPinActive":false,"InitHide":false,"Radius":0.0,"FloorNum":301}],"FixProcessors":{}}																																																																									
30251101	3025	302511	0	7											0	1	58	59	0	0	0											6001	0									{"EnterActions":[{"ActionType":14009,"Params":{"$type":"XConfigLevelActionParamsNpcAddAttribAdditive","NpcPlaceId":3100017,"AttribType":52,"AdditiveValue":0.0,"AdditivePercent":1.2999999523162842}},{"ActionType":3004,"Params":{"$type":"XConfigLevelActionParamsClearPlace","ClearId":"清场-3025(3)"}},{"ActionType":14000,"Params":{"$type":"XConfigLevelActionParamsNpcNavigateTo","NpcPlaceId":3100017,"Position":[259.8684997558594,114.15409851074219,216.172607421875],"MoveType":1,"WaitComplete":true}}],"ExitActions":[{"ActionType":21002,"Params":{"$type":"XConfigLevelActionParamsUnloadSceneObject","PlaceIdList":[3100013]}}],"TraceActorArgs":[{"TargetType":1,"PlaceId":3100017,"Id":22,"DisplayOffset":[0.0,2.0,0.0],"ShowEffect":false,"ForceMapPinActive":false,"InitHide":false,"Radius":0.0,"FloorNum":0}],"FixProcessors":{"3":[{"Id":1,"FixTiming":3,"ConditionGroup":{"ConditionLists":[{"Conditions":[{"CondType":11,"Params":{"$type":"XConfigLevelConditionParamsCheckNpcInRange","RangeType":1,"RangePoint":[259.8684997558594,114.15409851074219,216.172607421875],"RangeSize":[3.0,0.0,0.0],"PlaceId":3100017},"InvertResult":true,"TipDescId":null}],"LogicOp":0}],"LogicOp":0},"Actions":[{"ActionType":6003,"Params":{"$type":"XConfigLevelActionParamsFixSetNpcPosition","Position":[259.8684997558594,114.15409851074219,216.172607421875],"Rotation":null,"PlaceId":3100017}}]}]}}	271.7857360839844	114.10271453857422	207.32058715820312	10.0	0	0																																																																			
30251102	3025	302511	1	2	Drama_3025_011	0	0.0	0.0	0.0	0.0	0.0	0.0	21	0	0	1	60	61	0	0	0											6001	0									{"RecordDecisionClipSelect":{},"ExitActions":[{"ActionType":18004,"Params":{"$type":"XConfigLevelActionParamsRestorePlace","ClearId":"清场-3025(3)"}}],"FixProcessors":{}}																																																																									
30251103	3025	302511	2	2	Drama_3025_006	0	0.0	0.0	0.0	0.0	0.0	0.0	21	0	0	1	62	63	0	0	0											6001	0									{"RecordDecisionClipSelect":{},"ExitActions":[{"ActionType":21001,"Params":{"$type":"XConfigLevelActionParamsUnloadNpc","PlaceIdList":[3100017,3100019,3100020,3100021,3100022,3100023]}},{"ActionType":20000,"Params":{"$type":"XConfigLevelActionParamsTeleportPlayer","Position":[259.1000061035156,290.3999938964844,269.70001220703125],"Rotation":null,"WithBlackScreen":true,"ScreenEffectId":0,"BlackScreenEnterDuration":0.0,"BlackScreenExitDuration":0.0,"ShowEffect":false,"ResetCamera":true}}],"FixProcessors":{}}																																																																									
30251104	3025	302511	3	7											0	1	64	65	0	0	0											6001	0									{"EnterActions":[{"ActionType":12000,"Params":{"$type":"XConfigLevelActionParamsLoadNpc","PlaceIdList":[3100028,3100029],"AutoUnloadWhiteList":[]}}],"TracePosArgs":[{"Position":[246.3427276611328,292.928466796875,270.70867919921875],"Id":23,"DisplayOffset":[0.0,1.2000000476837158,0.0],"ShowEffect":true,"ForceMapPinActive":false,"InitHide":false,"Radius":5.0,"FloorNum":0}],"FixProcessors":{}}	244.50091552734375	292.9230041503906	270.4178466796875	5.0	0	0																																																																			
30251105	3025	302511	4	2	Drama_3025_007	0	0.0	0.0	0.0	0.0	0.0	0.0	0	0	0	1	66	67	0	0	0											6001	0									{"RecordDecisionClipSelect":{},"EnterActions":[{"ActionType":21001,"Params":{"$type":"XConfigLevelActionParamsUnloadNpc","PlaceIdList":[3100028,3100029]}}],"FixProcessors":{}}																																																																									
30270103	3027	302701	0	5											0	1	6	7	0	0	0											6001	0									{"TargetArgs":{"1":{"3800006":1}},"EnterActions":[{"ActionType":12000,"Params":{"$type":"XConfigLevelActionParamsLoadNpc","PlaceIdList":[3800006],"AutoUnloadWhiteList":[]}}],"ExitActions":[{"ActionType":16000,"Params":{"$type":"XConfigLevelActionParamsPlayDrama","DramaName":"Drama_3027_001_New","ReferencePos":[0.0,0.0,0.0],"ReferenceRot":[0.0,0.0,0.0],"CombineKey":0}},{"ActionType":21000,"Params":{"$type":"XConfigLevelActionParamsUnderTakeSelfQuest"}},{"ActionType":15003,"Params":{"$type":"XConfigLevelActionParamsOpenQuestProcessPop","IsFinish":false}}],"TraceActorArgs":[{"TargetType":1,"PlaceId":3800006,"Id":18,"DisplayOffset":[0.0,2.299999952316284,0.0],"ShowEffect":false,"ForceMapPinActive":true,"InitHide":false,"Radius":0.0,"FloorNum":305}],"FixProcessors":{}}																																																																									
30270105	3027	302701	1	7											0	1	8	9	0	0	0											6001	0									{"TracePosArgs":[{"Position":[326.4800109863281,289.2200012207031,252.35000610351562],"Id":5,"DisplayOffset":[0.0,0.0,0.0],"ShowEffect":false,"ForceMapPinActive":false,"InitHide":false,"Radius":0.0,"FloorNum":305}],"FixProcessors":{}}	326.4800109863281	289.2200012207031	252.35000610351562	5.0	0	0																																																																			
30270106	3027	302701	2	7											0	1	10	11	1	0	0											6001	0									{"TracePosArgs":[{"Position":[329.4670104980469,287.3382873535156,229.03709411621094],"Id":5,"DisplayOffset":[0.0,0.0,0.0],"ShowEffect":false,"ForceMapPinActive":false,"InitHide":false,"Radius":0.0,"FloorNum":305}],"FixProcessors":{}}	329.4670104980469	287.3382873535156	229.0370635986328	5.0	0	0																																																																			
30270107	3027	302701	3	7											0	1	12	13	1	0	0											6001	0									{"TracePosArgs":[{"Position":[354.60919189453125,285.8900146484375,199.82989501953125],"Id":8,"DisplayOffset":[0.0,0.0,0.0],"ShowEffect":false,"ForceMapPinActive":false,"InitHide":false,"Radius":0.0,"FloorNum":305}],"FixProcessors":{}}	354.6092224121094	285.8900146484375	199.8299102783203	5.0	0	0																																																																			
30270109	3027	302701	4	7											0	1	14	15	0	0	0											6001	0									{"EnterActions":[{"ActionType":12001,"Params":{"$type":"XConfigLevelActionParamsLoadSceneObject","PlaceIdList":[2800034],"AutoUnloadWhiteList":[2800034]}},{"ActionType":12000,"Params":{"$type":"XConfigLevelActionParamsLoadNpc","PlaceIdList":[3800004],"AutoUnloadWhiteList":[]}}],"TracePosArgs":[{"Position":[354.2290954589844,211.156005859375,176.08999633789062],"Id":9,"DisplayOffset":[0.0,0.0,0.0],"ShowEffect":false,"ForceMapPinActive":false,"InitHide":false,"Radius":0.0,"FloorNum":303}],"FixProcessors":{}}	354.2290954589844	211.156005859375	176.08999633789062	7.0	0	0																																																																			
30270202	3027	302702	0	5											1	1	18	19	0	0	0											6001	0									{"TargetArgs":{"1":{"3800004":1}},"ExitActions":[{"ActionType":16000,"Params":{"$type":"XConfigLevelActionParamsPlayDrama","DramaName":"Drama_3027_003","ReferencePos":[0.0,0.0,0.0],"ReferenceRot":[0.0,0.0,0.0],"CombineKey":0}},{"ActionType":5001,"Params":{"$type":"XConfigLevelActionParamsEnableActorInteractableComponent","PlaceId":3800004,"ActorType":1,"Enable":false}}],"TraceActorArgs":[{"TargetType":1,"PlaceId":3800004,"Id":15,"DisplayOffset":[0.0,1.2000000476837158,0.0],"ShowEffect":false,"ForceMapPinActive":false,"InitHide":false,"Radius":0.0,"FloorNum":303}],"FixProcessors":{}}																																																																									
30270203	3027	302702	1	8											0	1	20	21	0	0	1	28000038			1							6001	0									{"TraceActorArgs":[{"TargetType":2,"PlaceId":2800034,"Id":2,"DisplayOffset":[0.0,2.0,0.0],"ShowEffect":false,"ForceMapPinActive":false,"InitHide":false,"Radius":0.0,"FloorNum":303}],"FixProcessors":{}}																					UiBigWorldCollegeBanner																																																				
30270306	3027	302703	0	7											0	1	24	25	1	0	0											6001	0									{"EnterActions":[{"ActionType":16000,"Params":{"$type":"XConfigLevelActionParamsPlayDrama","DramaName":"Drama_3027_007_NEW","ReferencePos":[0.0,0.0,0.0],"ReferenceRot":[0.0,0.0,0.0],"CombineKey":0}}],"TraceActorArgs":[{"TargetType":1,"PlaceId":3800006,"Id":16,"DisplayOffset":[0.0,2.0999999046325684,0.0],"ShowEffect":false,"ForceMapPinActive":false,"InitHide":false,"Radius":0.0,"FloorNum":305}],"FixProcessors":{}}	356.811767578125	293.5730285644531	264.1800537109375	5.0	0	0																																																																			
30270308	3027	302703	1	14											0	1	26	27	1	0	0											6001	0									{"RequiredItemInfoDict":{"28000038":1},"TraceActorArgs":[{"TargetType":1,"PlaceId":3800006,"Id":4,"DisplayOffset":[0.0,2.0999999046325684,0.0],"ShowEffect":false,"ForceMapPinActive":false,"InitHide":false,"Radius":0.0,"FloorNum":305}],"FixProcessors":{}}																																			28	29	30	31	32		2																																
30270309	3027	302703	2	2	Drama_3027_006_New	0	0.0	0.0	0.0	0.0	0.0	0.0	0	0	0	1	33	34	0	0	0											6001	0									{"RecordDecisionClipSelect":{},"ExitActions":[{"ActionType":19014,"Params":{"$type":"XConfigLevelActionParamsScreenFadeIn","ScreenEffectId":300017,"Duration":0.0}},{"ActionType":21001,"Params":{"$type":"XConfigLevelActionParamsUnloadNpc","PlaceIdList":[3800006,3800004]}},{"ActionType":19015,"Params":{"$type":"XConfigLevelActionParamsScreenFadeOut","Duration":1.0}}],"TraceActorArgs":[{"TargetType":1,"PlaceId":3800006,"Id":4,"DisplayOffset":[0.0,2.0999999046325684,0.0],"ShowEffect":false,"ForceMapPinActive":false,"InitHide":false,"Radius":0.0,"FloorNum":305}],"FixProcessors":{}}																																																																									
40120101	4012	401201	0	2	Drama_1001_023	0	0.0	0.0	0.0	0.0	0.0	0.0	0	0	0	1	6	7	0	0	0											4012										{"RecordDecisionClipSelect":{},"ExitActions":[{"ActionType":3003,"Params":{"$type":"XConfigLevelActionParamsControlSystemFunctionTask","LimitType":1,"SystemFunctionType":2}}]}																																																																									
40120102	4012	401201	1	7											0	1	8	9	1	0	0											4012										{"EnterActions":[{"ActionType":19007,"Params":{"$type":"XConfigLevelActionParamsSetSystemFuncEntryEnableBatch","EnableList":[],"DisableList":[5]}}],"TracePosArgs":[{"Position":[92.6572494506836,144.6179962158203,104.2072982788086],"Id":0,"DisplayOffset":[0.0,1.0,0.0],"ShowEffect":true,"ForceMapPinActive":false,"InitHide":false,"Radius":0.0,"FloorNum":0}]}	92.6572494506836	144.6179962158203	104.2072982788086	5.0	0	0																																																																			
40120103	4012	401201	3	2	Drama_1001_024	0	0.0	0.0	0.0	0.0	0.0	0.0	8	0	0	1	12	13	0	0	0											4012										{"RecordDecisionClipSelect":{},"ExitActions":[{"ActionType":21001,"Params":{"$type":"XConfigLevelActionParamsUnloadNpc","PlaceIdList":[3]}}]}																																																																									
40120104	4012	401201	4	2	Drama_1001_025	0	0.0	0.0	0.0	0.0	0.0	0.0	8	0	0	1	14	15	0	0	0											4012										{"RecordDecisionClipSelect":{},"EnterActions":[{"ActionType":12000,"Params":{"$type":"XConfigLevelActionParamsLoadNpc","PlaceIdList":[9],"AutoUnloadWhiteList":[]}},{"ActionType":14001,"Params":{"$type":"XConfigLevelActionParamsNpcRelativeFollowMove","NpcPlaceId":9,"IsFollowPlayer":true,"FollowTargetNpcPlaceId":0,"TargetAngle":45.0,"TargetRadius":1.0,"ChaseRadius":2.0,"NormalFollowRadius":0.5,"MaxIdleLagDistance":1.5,"IdleLookAtTargetDelayTime":2.0,"UseNavMesh":true,"EnableForceTeleport":true,"TeleportRange":10.0}}]}																																																																									
40120105	4012	401201	6	5											0	1	18	19	0	0	1	28000012			1							4012										{"TargetArgs":{"2":{"2":1}},"EnterActions":[{"ActionType":14001,"Params":{"$type":"XConfigLevelActionParamsNpcRelativeFollowMove","NpcPlaceId":9,"IsFollowPlayer":true,"FollowTargetNpcPlaceId":0,"TargetAngle":45.0,"TargetRadius":1.0,"ChaseRadius":2.0,"NormalFollowRadius":0.5,"MaxIdleLagDistance":1.5,"IdleLookAtTargetDelayTime":1.0,"UseNavMesh":true,"EnableForceTeleport":true,"TeleportRange":10.0}},{"ActionType":19008,"Params":{"$type":"XConfigLevelActionParamsShowTip","Id":4001013,"Var":0}},{"ActionType":19007,"Params":{"$type":"XConfigLevelActionParamsSetSystemFuncEntryEnableBatch","EnableList":[9],"DisableList":[]}},{"ActionType":12001,"Params":{"$type":"XConfigLevelActionParamsLoadSceneObject","PlaceIdList":[2],"AutoUnloadWhiteList":[]}}],"ExitActions":[{"ActionType":21002,"Params":{"$type":"XConfigLevelActionParamsUnloadSceneObject","PlaceIdList":[2]}}]}																																																																									
40120106	4012	401201	8	5											0	1	22	23	0	0	0											4012										{"TargetArgs":{"2":{"5":1}},"EnterActions":[{"ActionType":14001,"Params":{"$type":"XConfigLevelActionParamsNpcRelativeFollowMove","NpcPlaceId":9,"IsFollowPlayer":true,"FollowTargetNpcPlaceId":0,"TargetAngle":45.0,"TargetRadius":1.0,"ChaseRadius":2.0,"NormalFollowRadius":0.5,"MaxIdleLagDistance":1.5,"IdleLookAtTargetDelayTime":2.0,"UseNavMesh":true,"EnableForceTeleport":true,"TeleportRange":10.0}},{"ActionType":12001,"Params":{"$type":"XConfigLevelActionParamsLoadSceneObject","PlaceIdList":[5],"AutoUnloadWhiteList":[]}}],"ExitActions":[{"ActionType":16002,"Params":{"$type":"XConfigLevelActionParamsPlayScreenEffect","ScreenEffectId":300011,"EnableTimeParams":true,"EnterDuration":0.5,"HoldDuration":1.0,"ExitDuration":0.0,"IsWaitEnter":true}},{"ActionType":21002,"Params":{"$type":"XConfigLevelActionParamsUnloadSceneObject","PlaceIdList":[5]}},{"ActionType":21001,"Params":{"$type":"XConfigLevelActionParamsUnloadNpc","PlaceIdList":[9]}},{"ActionType":12000,"Params":{"$type":"XConfigLevelActionParamsLoadNpc","PlaceIdList":[5],"AutoUnloadWhiteList":[]}},{"ActionType":20000,"Params":{"$type":"XConfigLevelActionParamsTeleportPlayer","Position":[106.48269653320312,144.2689971923828,112.25520324707031],"Rotation":[0.0,30.852949142456055,0.0],"WithBlackScreen":false,"ScreenEffectId":0,"BlackScreenEnterDuration":0.0,"BlackScreenExitDuration":0.0,"ShowEffect":false,"ResetCamera":false}}],"TraceActorArgs":[{"TargetType":2,"PlaceId":5,"Id":0,"DisplayOffset":[0.0,1.0,0.0],"ShowEffect":true,"ForceMapPinActive":false,"InitHide":false,"Radius":0.0,"FloorNum":0}]}																																																																									
40120107	4012	401201	9	9											0	1	24	25	0	0	0											4012										{"PlayerNpcAnimationDict":{},"LevelNpcAnimationDict":{},"FinalShot":{"PhotoFilterId":0,"PlayerNpcAnimationDict":{},"LevelNpcAnimationDict":{}},"ExitActions":[{"ActionType":23000,"Params":{"$type":"XConfigLevelActionParamsWaitTime","TimeSeconds":1}},{"ActionType":16002,"Params":{"$type":"XConfigLevelActionParamsPlayScreenEffect","ScreenEffectId":300011,"EnableTimeParams":true,"EnterDuration":0.5,"HoldDuration":1.5,"ExitDuration":0.0,"IsWaitEnter":true}},{"ActionType":21001,"Params":{"$type":"XConfigLevelActionParamsUnloadNpc","PlaceIdList":[5]}},{"ActionType":12000,"Params":{"$type":"XConfigLevelActionParamsLoadNpc","PlaceIdList":[1],"AutoUnloadWhiteList":[]}},{"ActionType":14001,"Params":{"$type":"XConfigLevelActionParamsNpcRelativeFollowMove","NpcPlaceId":1,"IsFollowPlayer":true,"FollowTargetNpcPlaceId":0,"TargetAngle":45.0,"TargetRadius":1.0,"ChaseRadius":2.0,"NormalFollowRadius":0.5,"MaxIdleLagDistance":1.5,"IdleLookAtTargetDelayTime":2.0,"UseNavMesh":true,"EnableForceTeleport":true,"TeleportRange":10.0}},{"ActionType":5001,"Params":{"$type":"XConfigLevelActionParamsEnableActorInteractableComponent","PlaceId":1,"ActorType":1,"Enable":false}}]}																										10	0					0																																									
40120108	4012	401202	0	5											0	1	30	31	0	0	1	28000013			1							4012										{"TargetArgs":{"2":{"6":1}},"EnterActions":[{"ActionType":12001,"Params":{"$type":"XConfigLevelActionParamsLoadSceneObject","PlaceIdList":[6],"AutoUnloadWhiteList":[]}}],"ExitActions":[{"ActionType":21002,"Params":{"$type":"XConfigLevelActionParamsUnloadSceneObject","PlaceIdList":[6]}}]}																																																																									
40120109	4012	401202	1	5											0	1	32	33	0	0	1	28000018			1							4012										{"TargetArgs":{"2":{"7":1}},"EnterActions":[{"ActionType":12001,"Params":{"$type":"XConfigLevelActionParamsLoadSceneObject","PlaceIdList":[7],"AutoUnloadWhiteList":[]}}],"ExitActions":[{"ActionType":21002,"Params":{"$type":"XConfigLevelActionParamsUnloadSceneObject","PlaceIdList":[7]}}]}																																																																									
40120110	4012	401202	2	5											0	1	34	35	0	0	1	28000019			1							4012										{"TargetArgs":{"2":{"8":1}},"EnterActions":[{"ActionType":12001,"Params":{"$type":"XConfigLevelActionParamsLoadSceneObject","PlaceIdList":[8],"AutoUnloadWhiteList":[]}}],"ExitActions":[{"ActionType":21002,"Params":{"$type":"XConfigLevelActionParamsUnloadSceneObject","PlaceIdList":[8]}}]}																																																																									
40120111	4012	401203	0	5											0	1	42	43	0	0	1							28000013				4012										{"TargetArgs":{"2":{"9":1}},"EnterActions":[{"ActionType":12001,"Params":{"$type":"XConfigLevelActionParamsLoadSceneObject","PlaceIdList":[9],"AutoUnloadWhiteList":[]}}],"ExitActions":[{"ActionType":12001,"Params":{"$type":"XConfigLevelActionParamsLoadSceneObject","PlaceIdList":[1,16],"AutoUnloadWhiteList":[]}},{"ActionType":21002,"Params":{"$type":"XConfigLevelActionParamsUnloadSceneObject","PlaceIdList":[9]}}],"TraceActorArgs":[{"TargetType":2,"PlaceId":9,"Id":0,"DisplayOffset":[0.0,1.0,0.0],"ShowEffect":false,"ForceMapPinActive":false,"InitHide":false,"Radius":0.0,"FloorNum":0}]}																																																																									
40120112	4012	401203	1	5											0	1	44	45	0	0	1							28000018				4012										{"TargetArgs":{"2":{"10":1}},"EnterActions":[{"ActionType":12001,"Params":{"$type":"XConfigLevelActionParamsLoadSceneObject","PlaceIdList":[10],"AutoUnloadWhiteList":[]}}],"ExitActions":[{"ActionType":12001,"Params":{"$type":"XConfigLevelActionParamsLoadSceneObject","PlaceIdList":[17],"AutoUnloadWhiteList":[]}},{"ActionType":21002,"Params":{"$type":"XConfigLevelActionParamsUnloadSceneObject","PlaceIdList":[10]}}],"TraceActorArgs":[{"TargetType":2,"PlaceId":10,"Id":0,"DisplayOffset":[0.0,1.0,0.0],"ShowEffect":false,"ForceMapPinActive":false,"InitHide":false,"Radius":0.0,"FloorNum":0}]}																																																																									
40120113	4012	401203	2	5											0	1	46	47	0	0	1							28000019				4012										{"TargetArgs":{"2":{"11":1}},"EnterActions":[{"ActionType":12001,"Params":{"$type":"XConfigLevelActionParamsLoadSceneObject","PlaceIdList":[11],"AutoUnloadWhiteList":[]}}],"ExitActions":[{"ActionType":12001,"Params":{"$type":"XConfigLevelActionParamsLoadSceneObject","PlaceIdList":[18],"AutoUnloadWhiteList":[]}},{"ActionType":21002,"Params":{"$type":"XConfigLevelActionParamsUnloadSceneObject","PlaceIdList":[11]}}],"TraceActorArgs":[{"TargetType":2,"PlaceId":11,"Id":0,"DisplayOffset":[0.0,1.0,0.0],"ShowEffect":false,"ForceMapPinActive":false,"InitHide":false,"Radius":0.0,"FloorNum":0}]}																																																																									
40120114	4012	401204	1	5											0	1	52	53	0	0	0											4012										{"TargetArgs":{"2":{"12":1}},"EnterActions":[{"ActionType":12001,"Params":{"$type":"XConfigLevelActionParamsLoadSceneObject","PlaceIdList":[12],"AutoUnloadWhiteList":[]}},{"ActionType":16001,"Params":{"$type":"XConfigLevelActionParamsPlayDramaCaption","DramaCaptionName":"Caption100249","WaitComplete":true,"IsSequentialJob":false}},{"ActionType":14001,"Params":{"$type":"XConfigLevelActionParamsNpcRelativeFollowMove","NpcPlaceId":1,"IsFollowPlayer":true,"FollowTargetNpcPlaceId":0,"TargetAngle":45.0,"TargetRadius":1.0,"ChaseRadius":2.0,"NormalFollowRadius":0.5,"MaxIdleLagDistance":1.5,"IdleLookAtTargetDelayTime":2.0,"UseNavMesh":true,"EnableForceTeleport":true,"TeleportRange":10.0}}],"ExitActions":[{"ActionType":16002,"Params":{"$type":"XConfigLevelActionParamsPlayScreenEffect","ScreenEffectId":300011,"EnableTimeParams":true,"EnterDuration":0.5,"HoldDuration":1.0,"ExitDuration":0.0,"IsWaitEnter":true}},{"ActionType":21002,"Params":{"$type":"XConfigLevelActionParamsUnloadSceneObject","PlaceIdList":[12]}},{"ActionType":21001,"Params":{"$type":"XConfigLevelActionParamsUnloadNpc","PlaceIdList":[1]}},{"ActionType":12000,"Params":{"$type":"XConfigLevelActionParamsLoadNpc","PlaceIdList":[7],"AutoUnloadWhiteList":[]}},{"ActionType":20000,"Params":{"$type":"XConfigLevelActionParamsTeleportPlayer","Position":[82.87100219726562,143.79640197753906,107.31700134277344],"Rotation":[0.0,138.91600036621094,0.0],"WithBlackScreen":false,"ScreenEffectId":0,"BlackScreenEnterDuration":0.0,"BlackScreenExitDuration":0.0,"ShowEffect":false,"ResetCamera":false}}],"TraceActorArgs":[{"TargetType":2,"PlaceId":12,"Id":0,"DisplayOffset":[0.0,1.0,0.0],"ShowEffect":true,"ForceMapPinActive":false,"InitHide":false,"Radius":0.0,"FloorNum":0}]}																																																																									
40120115	4012	401204	2	9											0	1	54	55	0	0	0											4012										{"PlayerNpcAnimationDict":{},"LevelNpcAnimationDict":{},"FinalShot":{"PhotoFilterId":0,"PlayerNpcAnimationDict":{},"LevelNpcAnimationDict":{}}}																										11	0					0																																									
40120116	4012	401204	3	2	Drama_1001_026	0	0.0	0.0	0.0	0.0	0.0	0.0	0	0	0	1	56	57	0	0	0											4012										{"RecordDecisionClipSelect":{},"EnterActions":[{"ActionType":16002,"Params":{"$type":"XConfigLevelActionParamsPlayScreenEffect","ScreenEffectId":300011,"EnableTimeParams":true,"EnterDuration":0.5,"HoldDuration":1.0,"ExitDuration":0.5,"IsWaitEnter":true}},{"ActionType":21001,"Params":{"$type":"XConfigLevelActionParamsUnloadNpc","PlaceIdList":[7]}},{"ActionType":12000,"Params":{"$type":"XConfigLevelActionParamsLoadNpc","PlaceIdList":[1],"AutoUnloadWhiteList":[]}},{"ActionType":14001,"Params":{"$type":"XConfigLevelActionParamsNpcRelativeFollowMove","NpcPlaceId":1,"IsFollowPlayer":true,"FollowTargetNpcPlaceId":0,"TargetAngle":45.0,"TargetRadius":1.0,"ChaseRadius":2.0,"NormalFollowRadius":0.5,"MaxIdleLagDistance":1.5,"IdleLookAtTargetDelayTime":1.0,"UseNavMesh":true,"EnableForceTeleport":true,"TeleportRange":10.0}},{"ActionType":5001,"Params":{"$type":"XConfigLevelActionParamsEnableActorInteractableComponent","PlaceId":1,"ActorType":1,"Enable":false}}]}																																																																									
40120117	4012	401204	5	5											0	1	60	61	0	0	0											4012										{"TargetArgs":{"2":{"33":1}},"EnterActions":[{"ActionType":14001,"Params":{"$type":"XConfigLevelActionParamsNpcRelativeFollowMove","NpcPlaceId":1,"IsFollowPlayer":true,"FollowTargetNpcPlaceId":0,"TargetAngle":45.0,"TargetRadius":1.0,"ChaseRadius":2.0,"NormalFollowRadius":0.5,"MaxIdleLagDistance":1.5,"IdleLookAtTargetDelayTime":2.0,"UseNavMesh":true,"EnableForceTeleport":true,"TeleportRange":10.0}},{"ActionType":12001,"Params":{"$type":"XConfigLevelActionParamsLoadSceneObject","PlaceIdList":[33],"AutoUnloadWhiteList":[]}}],"ExitActions":[{"ActionType":21002,"Params":{"$type":"XConfigLevelActionParamsUnloadSceneObject","PlaceIdList":[33]}}],"TraceActorArgs":[{"TargetType":2,"PlaceId":33,"Id":0,"DisplayOffset":[0.0,1.0,0.0],"ShowEffect":true,"ForceMapPinActive":false,"InitHide":false,"Radius":0.0,"FloorNum":0}]}																																																																									
40120118	4012	401204	6	2	Drama_1001_043	0	0.0	0.0	0.0	0.0	0.0	0.0	14	0	0	1	62	63	0	0	0											4012										{"RecordDecisionClipSelect":{}}																																																																									
40120119	4012	401204	7	2	Drama_1001_029	0	0.0	0.0	0.0	0.0	0.0	0.0	14	0	0	1	64	65	0	0	0											4012										{"RecordDecisionClipSelect":{}}																																																																									
40120120	4012	401204	8	2	Drama_1001_030	0	0.0	0.0	0.0	0.0	0.0	0.0	14	0	0	1	66	67	0	0	0											4012										{"RecordDecisionClipSelect":{},"ExitActions":[{"ActionType":19007,"Params":{"$type":"XConfigLevelActionParamsSetSystemFuncEntryEnableBatch","EnableList":[5],"DisableList":[]}},{"ActionType":3003,"Params":{"$type":"XConfigLevelActionParamsControlSystemFunctionTask","LimitType":0,"SystemFunctionType":2}},{"ActionType":6000,"Params":{"$type":"XConfigLevelActionFinishInstLevel"}},{"ActionType":18002,"Params":{"$type":"XConfigLevelActionParamsRequestLeaveInstLevel","SaveOnExit":true}}]}																																																																									
40120121	4012	401205	0	5											0	1	38	39	0	0	0											4012										{"TargetArgs":{"2":{"19":1}},"EnterActions":[{"ActionType":12001,"Params":{"$type":"XConfigLevelActionParamsLoadSceneObject","PlaceIdList":[19],"AutoUnloadWhiteList":[]}},{"ActionType":19007,"Params":{"$type":"XConfigLevelActionParamsSetSystemFuncEntryEnableBatch","EnableList":[],"DisableList":[9]}}],"ExitActions":[{"ActionType":21002,"Params":{"$type":"XConfigLevelActionParamsUnloadSceneObject","PlaceIdList":[19]}},{"ActionType":14003,"Params":{"$type":"XConfigLevelActionParamsNpcStopFollow","NpcPlaceId":1}},{"ActionType":16001,"Params":{"$type":"XConfigLevelActionParamsPlayDramaCaption","DramaCaptionName":"Caption100254","WaitComplete":true,"IsSequentialJob":false}}],"TraceActorArgs":[{"TargetType":2,"PlaceId":19,"Id":0,"DisplayOffset":[0.0,1.0,0.0],"ShowEffect":true,"ForceMapPinActive":false,"InitHide":false,"Radius":0.0,"FloorNum":0}]}																																																																									
40120122	4012	401204	0	5											0	1	50	51	0	0	0											4012										{"TargetArgs":{"1":{"1":1}},"EnterActions":[{"ActionType":5001,"Params":{"$type":"XConfigLevelActionParamsEnableActorInteractableComponent","PlaceId":1,"ActorType":1,"Enable":true}}],"ExitActions":[{"ActionType":5001,"Params":{"$type":"XConfigLevelActionParamsEnableActorInteractableComponent","PlaceId":1,"ActorType":1,"Enable":false}}],"TraceActorArgs":[{"TargetType":1,"PlaceId":1,"Id":0,"DisplayOffset":[0.0,2.0,0.0],"ShowEffect":false,"ForceMapPinActive":false,"InitHide":false,"Radius":0.0,"FloorNum":0}]}																																																																									
40120123	4012	401201	2	7											0	1	10	11	0	0	0											4012										{"EnterActions":[{"ActionType":12000,"Params":{"$type":"XConfigLevelActionParamsLoadNpc","PlaceIdList":[3],"AutoUnloadWhiteList":[]}}],"TracePosArgs":[{"Position":[100.84089660644531,144.45860290527344,112.8467025756836],"Id":0,"DisplayOffset":[0.0,1.0,0.0],"ShowEffect":true,"ForceMapPinActive":false,"InitHide":false,"Radius":0.0,"FloorNum":0}]}	100.84089660644531	144.45860290527344	112.8467025756836	4.0	0	0																																																																			
40120124	4012	401201	7	5											0	1	20	21	0	0	0											4012										{"TargetArgs":{"1":{"9":1}},"EnterActions":[{"ActionType":14003,"Params":{"$type":"XConfigLevelActionParamsNpcStopFollow","NpcPlaceId":9}},{"ActionType":5001,"Params":{"$type":"XConfigLevelActionParamsEnableActorInteractableComponent","PlaceId":9,"ActorType":1,"Enable":true}}],"ExitActions":[{"ActionType":5001,"Params":{"$type":"XConfigLevelActionParamsEnableActorInteractableComponent","PlaceId":9,"ActorType":1,"Enable":false}},{"ActionType":16001,"Params":{"$type":"XConfigLevelActionParamsPlayDramaCaption","DramaCaptionName":"Caption100246","WaitComplete":true,"IsSequentialJob":false}}],"TraceActorArgs":[{"TargetType":1,"PlaceId":9,"Id":0,"DisplayOffset":[0.0,2.0,0.0],"ShowEffect":false,"ForceMapPinActive":false,"InitHide":false,"Radius":0.0,"FloorNum":0}]}																																																																									
40120125	4012	401204	4	5											0	1	58	59	0	0	0											4012										{"TargetArgs":{"1":{"1":1}},"EnterActions":[{"ActionType":14003,"Params":{"$type":"XConfigLevelActionParamsNpcStopFollow","NpcPlaceId":1}},{"ActionType":5001,"Params":{"$type":"XConfigLevelActionParamsEnableActorInteractableComponent","PlaceId":1,"ActorType":1,"Enable":true}}],"ExitActions":[{"ActionType":5001,"Params":{"$type":"XConfigLevelActionParamsEnableActorInteractableComponent","PlaceId":1,"ActorType":1,"Enable":false}},{"ActionType":16001,"Params":{"$type":"XConfigLevelActionParamsPlayDramaCaption","DramaCaptionName":"Caption100251","WaitComplete":true,"IsSequentialJob":false}}],"TraceActorArgs":[{"TargetType":1,"PlaceId":1,"Id":0,"DisplayOffset":[0.0,2.0,0.0],"ShowEffect":false,"ForceMapPinActive":false,"InitHide":false,"Radius":0.0,"FloorNum":0}]}																																																																									
40120126	4012	401201	5	5											0	1	16	17	0	0	0											4012										{"TargetArgs":{"1":{"9":1}},"EnterActions":[{"ActionType":14003,"Params":{"$type":"XConfigLevelActionParamsNpcStopFollow","NpcPlaceId":9}},{"ActionType":5001,"Params":{"$type":"XConfigLevelActionParamsEnableActorInteractableComponent","PlaceId":9,"ActorType":1,"Enable":true}}],"ExitActions":[{"ActionType":5001,"Params":{"$type":"XConfigLevelActionParamsEnableActorInteractableComponent","PlaceId":9,"ActorType":1,"Enable":false}},{"ActionType":16001,"Params":{"$type":"XConfigLevelActionParamsPlayDramaCaption","DramaCaptionName":"Caption100247","WaitComplete":true,"IsSequentialJob":false}}],"TraceActorArgs":[{"TargetType":1,"PlaceId":9,"Id":0,"DisplayOffset":[0.0,2.0,0.0],"ShowEffect":false,"ForceMapPinActive":false,"InitHide":false,"Radius":0.0,"FloorNum":0}]}																																																																									
40120127	4012	401201	10	5											0	1	26	27	0	0	0											4012										{"TargetArgs":{"1":{"1":1}},"EnterActions":[{"ActionType":14003,"Params":{"$type":"XConfigLevelActionParamsNpcStopFollow","NpcPlaceId":1}},{"ActionType":5001,"Params":{"$type":"XConfigLevelActionParamsEnableActorInteractableComponent","PlaceId":1,"ActorType":1,"Enable":true}}],"ExitActions":[{"ActionType":5001,"Params":{"$type":"XConfigLevelActionParamsEnableActorInteractableComponent","PlaceId":1,"ActorType":1,"Enable":false}},{"ActionType":16001,"Params":{"$type":"XConfigLevelActionParamsPlayDramaCaption","DramaCaptionName":"Caption100253","WaitComplete":true,"IsSequentialJob":false}},{"ActionType":14001,"Params":{"$type":"XConfigLevelActionParamsNpcRelativeFollowMove","NpcPlaceId":1,"IsFollowPlayer":true,"FollowTargetNpcPlaceId":0,"TargetAngle":45.0,"TargetRadius":1.0,"ChaseRadius":2.0,"NormalFollowRadius":0.5,"MaxIdleLagDistance":1.5,"IdleLookAtTargetDelayTime":2.0,"UseNavMesh":true,"EnableForceTeleport":true,"TeleportRange":10.0}},{"ActionType":19008,"Params":{"$type":"XConfigLevelActionParamsShowTip","Id":4001013,"Var":0}}],"TraceActorArgs":[{"TargetType":1,"PlaceId":1,"Id":0,"DisplayOffset":[0.0,2.0,0.0],"ShowEffect":false,"ForceMapPinActive":false,"InitHide":false,"Radius":0.0,"FloorNum":0}]}																																																																									
40130101	4013	401301	0	12											0	1	6	7	0	0	0											4013										{"EnterActions":[{"ActionType":12001,"Params":{"$type":"XConfigLevelActionParamsLoadSceneObject","PlaceIdList":[1,2,4],"AutoUnloadWhiteList":[]}},{"ActionType":3003,"Params":{"$type":"XConfigLevelActionParamsControlSystemFunctionTask","LimitType":1,"SystemFunctionType":2}},{"ActionType":3003,"Params":{"$type":"XConfigLevelActionParamsControlSystemFunctionMap","IsLimit":true,"SystemFunctionType":3}},{"ActionType":3003,"Params":{"$type":"XConfigLevelActionParamsControlSystemFunctionFirstPerson","IsLimit":true,"SystemFunctionType":14}},{"ActionType":3003,"Params":{"$type":"XConfigLevelActionParamsControlSystemFunctionShortMsg","IsLimit":true,"SystemFunctionType":4}}],"TraceActorArgs":[{"TargetType":2,"PlaceId":1,"Id":0,"DisplayOffset":[0.0,0.5,0.0],"ShowEffect":false,"ForceMapPinActive":false,"InitHide":false,"Radius":0.0,"FloorNum":0}]}																								41																																																	
40130102	4013	401301	1	2	Drama200126	0	0.0	0.0	0.0	0.0	0.0	0.0	0	0	0	1	8	9	0	0	0											4013										{"RecordDecisionClipSelect":{}}																																																																									
40130103	4013	401301	2	5											0	1	10	11	0	0	0											4013										{"TargetArgs":{"2":{"4":0}},"EnterActions":[{"ActionType":20000,"Params":{"$type":"XConfigLevelActionParamsTeleportPlayer","Position":[67.75341796875,19.800630569458008,74.6272964477539],"Rotation":null,"WithBlackScreen":true,"ScreenEffectId":300011,"BlackScreenEnterDuration":0.5,"BlackScreenExitDuration":0.5,"ShowEffect":false,"ResetCamera":false}},{"ActionType":1000,"Params":{"$type":"XConfigLevelActionParamsAddTrialNpcToTeam","TrialNpcIds":[113100401],"AddMode":1,"CurNpcPos":0}},{"ActionType":5001,"Params":{"$type":"XConfigLevelActionParamsEnableActorInteractableComponent","PlaceId":2,"ActorType":2,"Enable":false}}],"TraceActorArgs":[{"TargetType":2,"PlaceId":4,"Id":0,"DisplayOffset":[0.0,0.5,0.0],"ShowEffect":false,"ForceMapPinActive":false,"InitHide":false,"Radius":0.0,"FloorNum":0}]}																																																																									
40130104	4013	401301	3	2	Drama200127	0	0.0	0.0	0.0	0.0	0.0	0.0	0	0	0	1	12	13	0	0	0											4013										{"RecordDecisionClipSelect":{},"ExitActions":[{"ActionType":18000,"Params":{"$type":"XConfigLevelActionParamsRemoveTrialNpcFromTeam"}},{"ActionType":20000,"Params":{"$type":"XConfigLevelActionParamsTeleportPlayer","Position":[48.09212112426758,16.262380599975586,74.50627899169922],"Rotation":null,"WithBlackScreen":false,"ScreenEffectId":300011,"BlackScreenEnterDuration":0.5,"BlackScreenExitDuration":0.5,"ShowEffect":false,"ResetCamera":false}}]}																																																																									
40130105	4013	401301	4	7											0	1	14	15	0	0	0											4013										{"TracePosArgs":[{"Position":[39.0,14.0,74.0],"Id":0,"DisplayOffset":[0.0,2.200000047683716,0.0],"ShowEffect":false,"ForceMapPinActive":false,"InitHide":false,"Radius":0.0,"FloorNum":0}]}	39.0	14.0	74.0	3.0	0	0																																																																			
40130106	4013	401301	5	2	Drama200128	0	0.0	0.0	0.0	0.0	0.0	0.0	0	0	0	1	16	17	0	0	0											4013										{"RecordDecisionClipSelect":{}}																																																																									
40130107	4013	401301	6	5											0	1	18	19	0	0	0											4013										{"TargetArgs":{"2":{"2":1}},"EnterActions":[{"ActionType":5001,"Params":{"$type":"XConfigLevelActionParamsEnableActorInteractableComponent","PlaceId":2,"ActorType":2,"Enable":true}}],"TraceActorArgs":[{"TargetType":2,"PlaceId":2,"Id":0,"DisplayOffset":[0.0,0.5,0.0],"ShowEffect":false,"ForceMapPinActive":false,"InitHide":false,"Radius":0.0,"FloorNum":0}]}																																																																									
40130108	4013	401301	7	2	Drama200129	0	0.0	0.0	0.0	0.0	0.0	0.0	0	0	0	1	20	21	0	0	0											4013										{"RecordDecisionClipSelect":{},"EnterActions":[{"ActionType":6000,"Params":{"$type":"XConfigLevelActionFinishInstLevel"}}],"ExitActions":[{"ActionType":3003,"Params":{"$type":"XConfigLevelActionParamsControlSystemFunctionTask","LimitType":0,"SystemFunctionType":2}},{"ActionType":3003,"Params":{"$type":"XConfigLevelActionParamsControlSystemFunctionMap","IsLimit":false,"SystemFunctionType":3}},{"ActionType":3003,"Params":{"$type":"XConfigLevelActionParamsControlSystemFunctionFirstPerson","IsLimit":false,"SystemFunctionType":14}},{"ActionType":3003,"Params":{"$type":"XConfigLevelActionParamsControlSystemFunctionShortMsg","IsLimit":false,"SystemFunctionType":4}},{"ActionType":18002,"Params":{"$type":"XConfigLevelActionParamsRequestLeaveInstLevel","SaveOnExit":true}}]}																																																																									
40210100	4021	402100	4	7											0	1	14	15	0	0	0											4021										{"TracePosArgs":[{"Position":[603.9000244140625,189.17999267578125,1177.52001953125],"Id":6,"DisplayOffset":[0.0,2.200000047683716,0.0],"ShowEffect":true,"ForceMapPinActive":false,"InitHide":false,"Radius":0.0,"FloorNum":0}],"FixProcessors":{}}	603.9000244140625	189.17999267578125	1177.52001953125	3.0	0	0																																																																			
40210101	4021	402101	0	2	Drama200402	0	0.0	0.0	0.0	0.0	0.0	0.0	0	0	0	1	18	19	0	0	0											4021										{"RecordDecisionClipSelect":{},"EnterActions":[{"ActionType":21001,"Params":{"$type":"XConfigLevelActionParamsUnloadNpc","PlaceIdList":[100063]}},{"ActionType":20000,"Params":{"$type":"XConfigLevelActionParamsTeleportPlayer","Position":[598.7542724609375,189.9698028564453,1201.135009765625],"Rotation":[0.0,215.0,0.0],"WithBlackScreen":true,"ScreenEffectId":300011,"BlackScreenEnterDuration":1.0,"BlackScreenExitDuration":1.0,"ShowEffect":false,"ResetCamera":false}}],"FixProcessors":{}}																																																																									
40210102	4021	402101	1	9											0	1	20	21	0	0	0											4021										{"PlayerNpcAnimationDict":{},"LevelNpcAnimationDict":{},"FinalShot":{"PhotoFilterId":0,"PlayerNpcAnimationDict":{},"LevelNpcAnimationDict":{}},"EnterActions":[{"ActionType":12000,"Params":{"$type":"XConfigLevelActionParamsLoadNpc","PlaceIdList":[100003],"AutoUnloadWhiteList":[]}}],"FixProcessors":{"1":[],"3":[{"Id":1,"FixTiming":3,"ConditionGroup":{"ConditionLists":[{"Conditions":[{"CondType":10,"Params":{"$type":"XConfigLevelConditionParamsIsInLevel","LevelId":4021},"InvertResult":false,"TipDescId":null},{"CondType":9,"Params":{"$type":"XConfigLevelConditionParamsCheckPlayerInRange","RangeType":1,"RangePoint":[598.7542724609375,189.9698028564453,1201.135009765625],"RangeSize":[7.5,0.0,0.0]},"InvertResult":true,"TipDescId":null}],"LogicOp":0}],"LogicOp":0},"Actions":[{"ActionType":6001,"Params":{"$type":"XConfigLevelActionParamsFixSetPlayerPosition","Position":[598.7542724609375,189.9698028564453,1201.135009765625],"Rotation":null}}]}]}}																										8	0	100003				0																																									
40210103	4021	402101	2	5											0	1	22	23	0	0	0											4021										{"TargetArgs":{"2":{},"1":{"100001":1}},"EnterActions":[{"ActionType":5001,"Params":{"$type":"XConfigLevelActionParamsEnableActorInteractableComponent","PlaceId":100001,"ActorType":1,"Enable":true}}],"ExitActions":[{"ActionType":6000,"Params":{"$type":"XConfigLevelActionFinishInstLevel","UseSwitchQuestVar":false,"QuestVarSwitchDataList":null}},{"ActionType":3003,"Params":{"$type":"XConfigLevelActionParamsControlSystemFunctionMap","IsLimit":false,"SystemFunctionType":3}},{"ActionType":3003,"Params":{"$type":"XConfigLevelActionParamsControlSystemFunctionTask","LimitType":0,"SystemFunctionType":2}},{"ActionType":3003,"Params":{"$type":"XConfigLevelActionParamsControlSystemFunctionShortMsg","IsLimit":false,"SystemFunctionType":4}},{"ActionType":18002,"Params":{"$type":"XConfigLevelActionParamsRequestLeaveInstLevel","SaveOnExit":true,"UseExitTargetLevelParams":false,"WorldId":0,"LevelId":0,"TargetPos":[0.0,0.0,0.0],"TargetRot":[0.0,0.0,0.0]}}],"TraceActorArgs":[{"TargetType":1,"PlaceId":100001,"Id":1,"DisplayOffset":[0.0,2.0,0.0],"ShowEffect":false,"ForceMapPinActive":false,"InitHide":false,"Radius":0.0,"FloorNum":0}],"FixProcessors":{}}																																																																									
40220100	4022	402200	4	7											0	1	14	15	0	0	0											4022										{"TracePosArgs":[{"Position":[593.4232177734375,189.4123992919922,1177.22900390625],"Id":0,"DisplayOffset":[0.0,2.200000047683716,0.0],"ShowEffect":true,"ForceMapPinActive":false,"InitHide":false,"Radius":0.0,"FloorNum":0}]}	593.4232177734375	189.4123992919922	1177.22900390625	3.0	0	0																																																																			
40220101	4022	402201	0	2	Drama200502	0	0.0	0.0	0.0	0.0	0.0	0.0	0	0	0	1	18	19	0	0	0											4022										{"RecordDecisionClipSelect":{},"EnterActions":[{"ActionType":21001,"Params":{"$type":"XConfigLevelActionParamsUnloadNpc","PlaceIdList":[100062]}},{"ActionType":20000,"Params":{"$type":"XConfigLevelActionParamsTeleportPlayer","Position":[603.9080200195312,189.33799743652344,1147.3900146484375],"Rotation":[0.0,120.0,0.0],"WithBlackScreen":true,"ScreenEffectId":300011,"BlackScreenEnterDuration":1.0,"BlackScreenExitDuration":1.0,"ShowEffect":false,"ResetCamera":false}}]}																																																																									
40220102	4022	402201	1	9											0	1	20	21	0	0	0											4022										{"PlayerNpcAnimationDict":{},"LevelNpcAnimationDict":{},"FinalShot":{"PhotoFilterId":0,"PlayerNpcAnimationDict":{},"LevelNpcAnimationDict":{}},"EnterActions":[{"ActionType":12000,"Params":{"$type":"XConfigLevelActionParamsLoadNpc","PlaceIdList":[100002],"AutoUnloadWhiteList":[]}}]}																										8	0	100002				0																																									
40220103	4022	402201	2	5											0	1	22	23	0	0	0											4022										{"TargetArgs":{"2":{},"1":{"100001":1}},"EnterActions":[{"ActionType":5001,"Params":{"$type":"XConfigLevelActionParamsEnableActorInteractableComponent","PlaceId":100001,"ActorType":1,"Enable":true}}],"ExitActions":[{"ActionType":6000,"Params":{"$type":"XConfigLevelActionFinishInstLevel"}},{"ActionType":3003,"Params":{"$type":"XConfigLevelActionParamsControlSystemFunctionMap","IsLimit":false,"SystemFunctionType":3}},{"ActionType":3003,"Params":{"$type":"XConfigLevelActionParamsControlSystemFunctionTask","LimitType":0,"SystemFunctionType":2}},{"ActionType":3003,"Params":{"$type":"XConfigLevelActionParamsControlSystemFunctionShortMsg","IsLimit":false,"SystemFunctionType":4}},{"ActionType":18002,"Params":{"$type":"XConfigLevelActionParamsRequestLeaveInstLevel","SaveOnExit":true}}],"TraceActorArgs":[{"TargetType":1,"PlaceId":100001,"Id":0,"DisplayOffset":[0.0,2.0,0.0],"ShowEffect":false,"ForceMapPinActive":false,"InitHide":false,"Radius":0.0,"FloorNum":0}]}																																																																									
40230101	4023	402301	0	7											0	1	6	7	0	0	0											4023										{"TracePosArgs":[{"Position":[28.329999923706055,56.59000015258789,21.389999389648438],"Id":0,"DisplayOffset":[0.0,0.5,0.0],"ShowEffect":false,"ForceMapPinActive":false,"InitHide":false,"Radius":0.0,"FloorNum":0}]}	28.329999923706055	56.59000015258789	21.389999389648438	10.0	0	0																																																																			
40230102	4023	402301	1	2	Drama_1001_041	0	0.0	0.0	0.0	0.0	0.0	0.0	11	0	0	1	8	9	0	0	0											4023										{"RecordDecisionClipSelect":{}}																																																																									
40230103	4023	402301	2	2	Drama_1001_042	0	0.0	0.0	0.0	0.0	0.0	0.0	11	0	0	1	10	11	0	0	0											4023										{"RecordDecisionClipSelect":{},"ExitActions":[{"ActionType":6000,"Params":{"$type":"XConfigLevelActionFinishInstLevel"}},{"ActionType":18002,"Params":{"$type":"XConfigLevelActionParamsRequestLeaveInstLevel","SaveOnExit":true}}]}																																																																									
40240101	4024	402401	0	3											0	1	6	7	0	0	0											4024										{"ExitActions":[{"ActionType":16000,"Params":{"$type":"XConfigLevelActionParamsPlayDrama","DramaName":"Drama_1001_046","ReferencePos":[0.0,0.0,0.0],"ReferenceRot":[0.0,0.0,0.0],"CombineKey":0}},{"ActionType":3003,"Params":{"$type":"XConfigLevelActionParamsControlSystemFunctionTask","LimitType":1,"SystemFunctionType":2}},{"ActionType":20000,"Params":{"$type":"XConfigLevelActionParamsTeleportPlayer","Position":[94.03044891357422,144.73199462890625,104.80349731445312],"Rotation":[0.0,-116.2030029296875,0.0],"WithBlackScreen":false,"ScreenEffectId":0,"BlackScreenEnterDuration":0.0,"BlackScreenExitDuration":0.0,"ShowEffect":false,"ResetCamera":true}},{"ActionType":14001,"Params":{"$type":"XConfigLevelActionParamsNpcRelativeFollowMove","NpcPlaceId":100001,"IsFollowPlayer":true,"FollowTargetNpcPlaceId":0,"TargetAngle":45.0,"TargetRadius":1.0,"ChaseRadius":2.0,"NormalFollowRadius":0.5,"MaxIdleLagDistance":1.5,"IdleLookAtTargetDelayTime":1.0,"UseNavMesh":true,"EnableForceTeleport":true,"TeleportRange":10.0}}]}															4024																																																										
40240102	4024	402401	1	5											0	1	8	9	0	0	0											4024										{"TargetArgs":{"2":{"100001":1}},"ExitActions":[{"ActionType":3003,"Params":{"$type":"XConfigLevelActionParamsControlSystemFunctionTask","LimitType":0,"SystemFunctionType":2}},{"ActionType":6000,"Params":{"$type":"XConfigLevelActionFinishInstLevel"}},{"ActionType":18002,"Params":{"$type":"XConfigLevelActionParamsRequestLeaveInstLevel","SaveOnExit":true}}]}																																																																									
40260101	4026	402601	0	2	Drama_1001_033	0	0.0	0.0	0.0	0.0	0.0	0.0	0	0	0	1	6	7	0	0	0											4026										{"RecordDecisionClipSelect":{},"ExitActions":[{"ActionType":12000,"Params":{"$type":"XConfigLevelActionParamsLoadNpc","PlaceIdList":[1],"AutoUnloadWhiteList":[]}},{"ActionType":19007,"Params":{"$type":"XConfigLevelActionParamsSetSystemFuncEntryEnableBatch","EnableList":[],"DisableList":[5]}},{"ActionType":3003,"Params":{"$type":"XConfigLevelActionParamsControlSystemFunctionTask","LimitType":1,"SystemFunctionType":2}}]}																																																																									
40260102	4026	402601	1	7											0	1	8	9	0	0	0											4026										{"EnterActions":[{"ActionType":12000,"Params":{"$type":"XConfigLevelActionParamsLoadNpc","PlaceIdList":[2],"AutoUnloadWhiteList":[]}},{"ActionType":14001,"Params":{"$type":"XConfigLevelActionParamsNpcRelativeFollowMove","NpcPlaceId":2,"IsFollowPlayer":true,"FollowTargetNpcPlaceId":0,"TargetAngle":45.0,"TargetRadius":1.0,"ChaseRadius":2.0,"NormalFollowRadius":0.5,"MaxIdleLagDistance":1.0,"IdleLookAtTargetDelayTime":2.0,"UseNavMesh":true,"EnableForceTeleport":true,"TeleportRange":10.0}}],"ExitActions":[{"ActionType":21001,"Params":{"$type":"XConfigLevelActionParamsUnloadNpc","PlaceIdList":[1]}}],"TracePosArgs":[{"Position":[25.15999984741211,56.5534782409668,30.639999389648438],"Id":0,"DisplayOffset":[0.0,1.0,0.0],"ShowEffect":true,"ForceMapPinActive":false,"InitHide":false,"Radius":0.0,"FloorNum":0}]}	25.15999984741211	56.5534782409668	30.639999389648438	6.0	0	0																																																																			
40260103	4026	402601	2	2	Drama_1001_034	0	0.0	0.0	0.0	0.0	0.0	0.0	0	0	0	1	10	11	0	0	0											4026										{"RecordDecisionClipSelect":{},"ExitActions":[{"ActionType":12000,"Params":{"$type":"XConfigLevelActionParamsLoadNpc","PlaceIdList":[4],"AutoUnloadWhiteList":[]}},{"ActionType":5001,"Params":{"$type":"XConfigLevelActionParamsEnableActorInteractableComponent","PlaceId":4,"ActorType":1,"Enable":false}},{"ActionType":12001,"Params":{"$type":"XConfigLevelActionParamsLoadSceneObject","PlaceIdList":[58],"AutoUnloadWhiteList":[]}}]}																																																																									
40260104	4026	402602	0	5											0	1	14	15	0	0	1	28000024			1							4026										{"TargetArgs":{"2":{"14":0}},"EnterActions":[{"ActionType":12001,"Params":{"$type":"XConfigLevelActionParamsLoadSceneObject","PlaceIdList":[14],"AutoUnloadWhiteList":[]}},{"ActionType":16001,"Params":{"$type":"XConfigLevelActionParamsPlayDramaCaption","DramaCaptionName":"Caption100109","WaitComplete":false,"IsSequentialJob":false}}],"ExitActions":[{"ActionType":21002,"Params":{"$type":"XConfigLevelActionParamsUnloadSceneObject","PlaceIdList":[14]}}],"TraceActorArgs":[{"TargetType":2,"PlaceId":14,"Id":0,"DisplayOffset":[0.0,1.0,0.0],"ShowEffect":true,"ForceMapPinActive":false,"InitHide":false,"Radius":0.0,"FloorNum":0}]}																																																																									
40260105	4026	402602	1	5											0	1	16	17	0	0	1	28000023			1							4026										{"TargetArgs":{"2":{"15":0}},"EnterActions":[{"ActionType":12001,"Params":{"$type":"XConfigLevelActionParamsLoadSceneObject","PlaceIdList":[15],"AutoUnloadWhiteList":[]}}],"ExitActions":[{"ActionType":21002,"Params":{"$type":"XConfigLevelActionParamsUnloadSceneObject","PlaceIdList":[15]}}],"TraceActorArgs":[{"TargetType":2,"PlaceId":15,"Id":0,"DisplayOffset":[0.0,1.0,0.0],"ShowEffect":true,"ForceMapPinActive":false,"InitHide":false,"Radius":0.0,"FloorNum":0}]}																																																																									
40260106	4026	402602	2	5											0	1	18	19	0	0	1	28000022			1							4026										{"TargetArgs":{"2":{"16":0}},"EnterActions":[{"ActionType":12001,"Params":{"$type":"XConfigLevelActionParamsLoadSceneObject","PlaceIdList":[16],"AutoUnloadWhiteList":[]}}],"ExitActions":[{"ActionType":21002,"Params":{"$type":"XConfigLevelActionParamsUnloadSceneObject","PlaceIdList":[16]}}],"TraceActorArgs":[{"TargetType":2,"PlaceId":16,"Id":0,"DisplayOffset":[0.0,1.0,0.0],"ShowEffect":true,"ForceMapPinActive":false,"InitHide":false,"Radius":0.0,"FloorNum":0}]}																																																																									
40260107	4026	402603	1	2	Drama_1001_035	0	0.0	0.0	0.0	0.0	0.0	0.0	0	0	0	1	24	25	0	0	0											4026										{"RecordDecisionClipSelect":{},"ExitActions":[{"ActionType":21001,"Params":{"$type":"XConfigLevelActionParamsUnloadNpc","PlaceIdList":[4]}},{"ActionType":12000,"Params":{"$type":"XConfigLevelActionParamsLoadNpc","PlaceIdList":[7],"AutoUnloadWhiteList":[]}},{"ActionType":5001,"Params":{"$type":"XConfigLevelActionParamsEnableActorInteractableComponent","PlaceId":7,"ActorType":1,"Enable":false}},{"ActionType":21002,"Params":{"$type":"XConfigLevelActionParamsUnloadSceneObject","PlaceIdList":[58]}}]}																																																																									
40260112	4026	402603	2	5											0	1	26	27	0	0	0											4026										{"TargetArgs":{"2":{"17":0}},"EnterActions":[{"ActionType":12001,"Params":{"$type":"XConfigLevelActionParamsLoadSceneObject","PlaceIdList":[17],"AutoUnloadWhiteList":[]}},{"ActionType":14001,"Params":{"$type":"XConfigLevelActionParamsNpcRelativeFollowMove","NpcPlaceId":7,"IsFollowPlayer":true,"FollowTargetNpcPlaceId":0,"TargetAngle":90.0,"TargetRadius":1.0,"ChaseRadius":2.0,"NormalFollowRadius":0.5,"MaxIdleLagDistance":2.0,"IdleLookAtTargetDelayTime":2.0,"UseNavMesh":true,"EnableForceTeleport":true,"TeleportRange":10.0}}],"ExitActions":[{"ActionType":16002,"Params":{"$type":"XConfigLevelActionParamsPlayScreenEffect","ScreenEffectId":1001001,"EnableTimeParams":false,"EnterDuration":0.0,"HoldDuration":0.0,"ExitDuration":0.0,"IsWaitEnter":false}},{"ActionType":21001,"Params":{"$type":"XConfigLevelActionParamsUnloadNpc","PlaceIdList":[2]}},{"ActionType":21002,"Params":{"$type":"XConfigLevelActionParamsUnloadSceneObject","PlaceIdList":[17]}},{"ActionType":23000,"Params":{"$type":"XConfigLevelActionParamsWaitTime","TimeSeconds":1}},{"ActionType":3003,"Params":{"$type":"XConfigLevelActionParamsControlSystemFunctionTask","LimitType":0,"SystemFunctionType":2}},{"ActionType":19007,"Params":{"$type":"XConfigLevelActionParamsSetSystemFuncEntryEnableBatch","EnableList":[5],"DisableList":[]}},{"ActionType":6000,"Params":{"$type":"XConfigLevelActionFinishInstLevel"}},{"ActionType":18001,"Params":{"$type":"XConfigLevelActionParamsRequestEnterInstLevel","InstLevelId":4027,"Position":[23.243999481201172,56.56999969482422,44.685001373291016],"Rotation":null}}],"TraceActorArgs":[{"TargetType":2,"PlaceId":17,"Id":0,"DisplayOffset":[0.0,1.0,0.0],"ShowEffect":false,"ForceMapPinActive":false,"InitHide":false,"Radius":0.0,"FloorNum":0}]}																																																																									
40270101	4027	402701	0	7											0	1	6	7	0	0	0											4027										{"EnterActions":[{"ActionType":16002,"Params":{"$type":"XConfigLevelActionParamsPlayScreenEffect","ScreenEffectId":300011,"EnableTimeParams":true,"EnterDuration":0.5,"HoldDuration":0.5,"ExitDuration":0.5,"IsWaitEnter":true}},{"ActionType":20000,"Params":{"$type":"XConfigLevelActionParamsTeleportPlayer","Position":[23.243999481201172,56.56999969482422,44.685001373291016],"Rotation":[0.0,150.49400329589844,0.0],"WithBlackScreen":false,"ScreenEffectId":300011,"BlackScreenEnterDuration":0.5,"BlackScreenExitDuration":0.5,"ShowEffect":false,"ResetCamera":true}},{"ActionType":3003,"Params":{"$type":"XConfigLevelActionParamsControlSystemFunctionTask","LimitType":1,"SystemFunctionType":2}},{"ActionType":12000,"Params":{"$type":"XConfigLevelActionParamsLoadNpc","PlaceIdList":[2,4],"AutoUnloadWhiteList":[]}},{"ActionType":14001,"Params":{"$type":"XConfigLevelActionParamsNpcRelativeFollowMove","NpcPlaceId":2,"IsFollowPlayer":true,"FollowTargetNpcPlaceId":0,"TargetAngle":45.0,"TargetRadius":1.0,"ChaseRadius":2.0,"NormalFollowRadius":0.5,"MaxIdleLagDistance":1.5,"IdleLookAtTargetDelayTime":2.0,"UseNavMesh":true,"EnableForceTeleport":true,"TeleportRange":10.0}},{"ActionType":14001,"Params":{"$type":"XConfigLevelActionParamsNpcRelativeFollowMove","NpcPlaceId":4,"IsFollowPlayer":true,"FollowTargetNpcPlaceId":0,"TargetAngle":90.0,"TargetRadius":1.0,"ChaseRadius":2.0,"NormalFollowRadius":0.5,"MaxIdleLagDistance":1.5,"IdleLookAtTargetDelayTime":2.0,"UseNavMesh":true,"EnableForceTeleport":true,"TeleportRange":10.0}},{"ActionType":5001,"Params":{"$type":"XConfigLevelActionParamsEnableActorInteractableComponent","PlaceId":4,"ActorType":1,"Enable":false}},{"ActionType":19007,"Params":{"$type":"XConfigLevelActionParamsSetSystemFuncEntryEnableBatch","EnableList":[],"DisableList":[5]}}],"ExitActions":[{"ActionType":12001,"Params":{"$type":"XConfigLevelActionParamsLoadSceneObject","PlaceIdList":[56,57,58],"AutoUnloadWhiteList":[]}},{"ActionType":23000,"Params":{"$type":"XConfigLevelActionParamsWaitTime","TimeSeconds":2}},{"ActionType":16001,"Params":{"$type":"XConfigLevelActionParamsPlayDramaCaption","DramaCaptionName":"Caption100255","WaitComplete":false,"IsSequentialJob":false}}],"TracePosArgs":[{"Position":[23.24420928955078,56.56999969482422,44.68558120727539],"Id":0,"DisplayOffset":[0.0,0.5,0.0],"ShowEffect":false,"ForceMapPinActive":false,"InitHide":false,"Radius":0.0,"FloorNum":0}]}	23.24420928955078	56.56999969482422	44.68558120727539	10.0	0	0																																																																			
40270102	4027	402702	0	5											0	1	10	11	0	0	0											4027										{"TargetArgs":{"2":{"56":0}},"ExitActions":[{"ActionType":21002,"Params":{"$type":"XConfigLevelActionParamsUnloadSceneObject","PlaceIdList":[56]}}],"TraceActorArgs":[{"TargetType":2,"PlaceId":56,"Id":0,"DisplayOffset":[0.0,1.0,0.0],"ShowEffect":true,"ForceMapPinActive":false,"InitHide":false,"Radius":0.0,"FloorNum":0}]}																																																																									
40270103	4027	402702	1	5											0	1	12	13	0	0	0											4027										{"TargetArgs":{"2":{"57":0}},"ExitActions":[{"ActionType":21002,"Params":{"$type":"XConfigLevelActionParamsUnloadSceneObject","PlaceIdList":[57]}}],"TraceActorArgs":[{"TargetType":2,"PlaceId":57,"Id":0,"DisplayOffset":[0.0,1.0,0.0],"ShowEffect":true,"ForceMapPinActive":false,"InitHide":false,"Radius":0.0,"FloorNum":0}]}																																																																									
40270104	4027	402702	2	5											0	1	14	15	0	0	0											4027										{"TargetArgs":{"1":{},"2":{"58":0}},"ExitActions":[{"ActionType":21002,"Params":{"$type":"XConfigLevelActionParamsUnloadSceneObject","PlaceIdList":[58]}}],"TraceActorArgs":[{"TargetType":2,"PlaceId":58,"Id":0,"DisplayOffset":[0.0,1.0,0.0],"ShowEffect":true,"ForceMapPinActive":false,"InitHide":false,"Radius":0.0,"FloorNum":0}]}																																																																									
40270105	4027	402703	0	7											0	1	18	19	0	0	0											4027										{"EnterActions":[{"ActionType":16001,"Params":{"$type":"XConfigLevelActionParamsPlayDramaCaption","DramaCaptionName":"Caption100256","WaitComplete":true,"IsSequentialJob":false}},{"ActionType":12001,"Params":{"$type":"XConfigLevelActionParamsLoadSceneObject","PlaceIdList":[59],"AutoUnloadWhiteList":[]}}],"TracePosArgs":[{"Position":[21.75,56.59000015258789,35.22999954223633],"Id":0,"DisplayOffset":[0.0,1.0,0.0],"ShowEffect":true,"ForceMapPinActive":false,"InitHide":false,"Radius":0.0,"FloorNum":0}]}	21.75	56.59000015258789	35.22999954223633	5.0	0	0																																																																			
40270106	4027	402703	1	5											0	1	20	21	0	0	1	28000001			1							4027										{"TargetArgs":{"2":{"59":0}},"EnterActions":[{"ActionType":19007,"Params":{"$type":"XConfigLevelActionParamsSetSystemFuncEntryEnableBatch","EnableList":[9],"DisableList":[]}},{"ActionType":19008,"Params":{"$type":"XConfigLevelActionParamsShowTip","Id":4001013,"Var":0}}],"ExitActions":[{"ActionType":21002,"Params":{"$type":"XConfigLevelActionParamsUnloadSceneObject","PlaceIdList":[59]}}]}																																																																									
40270107	4027	402703	2	7											0	1	22	23	0	0	0											4027										{"EnterActions":[{"ActionType":19007,"Params":{"$type":"XConfigLevelActionParamsSetSystemFuncEntryEnableBatch","EnableList":[],"DisableList":[9]}}],"TracePosArgs":[{"Position":[28.645999908447266,56.56999969482422,34.27000045776367],"Id":0,"DisplayOffset":[0.0,1.0,0.0],"ShowEffect":true,"ForceMapPinActive":false,"InitHide":false,"Radius":0.0,"FloorNum":0}]}	28.645999908447266	56.56999969482422	34.27000045776367	5.0	0	0																																																																			
40270108	4027	402703	3	5											0	1	24	25	0	0	0											4027										{"TargetArgs":{"1":{"4":1}},"EnterActions":[{"ActionType":14003,"Params":{"$type":"XConfigLevelActionParamsNpcStopFollow","NpcPlaceId":4}},{"ActionType":5001,"Params":{"$type":"XConfigLevelActionParamsEnableActorInteractableComponent","PlaceId":4,"ActorType":1,"Enable":true}}],"ExitActions":[{"ActionType":5001,"Params":{"$type":"XConfigLevelActionParamsEnableActorInteractableComponent","PlaceId":4,"ActorType":1,"Enable":false}}],"TraceActorArgs":[{"TargetType":1,"PlaceId":4,"Id":0,"DisplayOffset":[0.0,1.0,0.0],"ShowEffect":false,"ForceMapPinActive":false,"InitHide":false,"Radius":0.0,"FloorNum":0}]}																																																																									
40270109	4027	402703	4	2	Drama_1001_036	0	0.0	0.0	0.0	0.0	0.0	0.0	0	0	0	1	26	27	0	0	1							28000001				4027										{"RecordDecisionClipSelect":{},"ExitActions":[{"ActionType":12001,"Params":{"$type":"XConfigLevelActionParamsLoadSceneObject","PlaceIdList":[60],"AutoUnloadWhiteList":[]}}]}																																																																									
40270110	4027	402703	5	5											0	1	28	29	0	0	0											4027										{"TargetArgs":{"2":{"60":0}},"EnterActions":[{"ActionType":14001,"Params":{"$type":"XConfigLevelActionParamsNpcRelativeFollowMove","NpcPlaceId":4,"IsFollowPlayer":true,"FollowTargetNpcPlaceId":0,"TargetAngle":45.0,"TargetRadius":1.0,"ChaseRadius":2.0,"NormalFollowRadius":0.5,"MaxIdleLagDistance":1.5,"IdleLookAtTargetDelayTime":2.0,"UseNavMesh":true,"EnableForceTeleport":true,"TeleportRange":10.0}}],"ExitActions":[{"ActionType":16002,"Params":{"$type":"XConfigLevelActionParamsPlayScreenEffect","ScreenEffectId":1001001,"EnableTimeParams":false,"EnterDuration":0.0,"HoldDuration":0.0,"ExitDuration":0.0,"IsWaitEnter":false}},{"ActionType":23000,"Params":{"$type":"XConfigLevelActionParamsWaitTime","TimeSeconds":1}},{"ActionType":21002,"Params":{"$type":"XConfigLevelActionParamsUnloadSceneObject","PlaceIdList":[60]}},{"ActionType":21001,"Params":{"$type":"XConfigLevelActionParamsUnloadNpc","PlaceIdList":[2,4]}},{"ActionType":3003,"Params":{"$type":"XConfigLevelActionParamsControlSystemFunctionTask","LimitType":0,"SystemFunctionType":2}},{"ActionType":19007,"Params":{"$type":"XConfigLevelActionParamsSetSystemFuncEntryEnableBatch","EnableList":[5],"DisableList":[]}},{"ActionType":6000,"Params":{"$type":"XConfigLevelActionFinishInstLevel"}},{"ActionType":18001,"Params":{"$type":"XConfigLevelActionParamsRequestEnterInstLevel","InstLevelId":4028,"Position":[22.93000030517578,56.553001403808594,28.809999465942383],"Rotation":null}}],"TraceActorArgs":[{"TargetType":2,"PlaceId":60,"Id":0,"DisplayOffset":[0.0,0.5,0.0],"ShowEffect":false,"ForceMapPinActive":false,"InitHide":false,"Radius":0.0,"FloorNum":0}]}																																																																									
40280101	4028	402801	0	2	Drama_1001_037	0	0.0	0.0	0.0	0.0	0.0	0.0	0	0	0	1	6	7	0	0	0											4028										{"RecordDecisionClipSelect":{},"ExitActions":[{"ActionType":3003,"Params":{"$type":"XConfigLevelActionParamsControlSystemFunctionMap","IsLimit":false,"SystemFunctionType":3}},{"ActionType":3003,"Params":{"$type":"XConfigLevelActionParamsControlSystemFunctionTask","LimitType":1,"SystemFunctionType":2}},{"ActionType":12001,"Params":{"$type":"XConfigLevelActionParamsLoadSceneObject","PlaceIdList":[54],"AutoUnloadWhiteList":[]}},{"ActionType":19007,"Params":{"$type":"XConfigLevelActionParamsSetSystemFuncEntryEnableBatch","EnableList":[],"DisableList":[5]}}]}																																																																									
40280102	4028	402801	1	5											0	1	8	9	0	0	0											4028										{"TargetArgs":{"1":{},"2":{"54":0}},"EnterActions":[{"ActionType":12000,"Params":{"$type":"XConfigLevelActionParamsLoadNpc","PlaceIdList":[3],"AutoUnloadWhiteList":[]}},{"ActionType":14001,"Params":{"$type":"XConfigLevelActionParamsNpcRelativeFollowMove","NpcPlaceId":3,"IsFollowPlayer":true,"FollowTargetNpcPlaceId":0,"TargetAngle":45.0,"TargetRadius":1.0,"ChaseRadius":2.0,"NormalFollowRadius":0.5,"MaxIdleLagDistance":1.5,"IdleLookAtTargetDelayTime":2.0,"UseNavMesh":true,"EnableForceTeleport":true,"TeleportRange":10.0}},{"ActionType":16001,"Params":{"$type":"XConfigLevelActionParamsPlayDramaCaption","DramaCaptionName":"Caption100110","WaitComplete":false,"IsSequentialJob":false}}],"ExitActions":[{"ActionType":16002,"Params":{"$type":"XConfigLevelActionParamsPlayScreenEffect","ScreenEffectId":1001001,"EnableTimeParams":false,"EnterDuration":0.0,"HoldDuration":0.0,"ExitDuration":0.0,"IsWaitEnter":false}},{"ActionType":23000,"Params":{"$type":"XConfigLevelActionParamsWaitTime","TimeSeconds":1}},{"ActionType":21002,"Params":{"$type":"XConfigLevelActionParamsUnloadSceneObject","PlaceIdList":[54]}},{"ActionType":21001,"Params":{"$type":"XConfigLevelActionParamsUnloadNpc","PlaceIdList":[3]}},{"ActionType":19007,"Params":{"$type":"XConfigLevelActionParamsSetSystemFuncEntryEnableBatch","EnableList":[5],"DisableList":[]}},{"ActionType":3003,"Params":{"$type":"XConfigLevelActionParamsControlSystemFunctionTask","LimitType":0,"SystemFunctionType":2}},{"ActionType":3003,"Params":{"$type":"XConfigLevelActionParamsControlSystemFunctionMap","IsLimit":false,"SystemFunctionType":3}},{"ActionType":6000,"Params":{"$type":"XConfigLevelActionFinishInstLevel"}},{"ActionType":18002,"Params":{"$type":"XConfigLevelActionParamsRequestLeaveInstLevel","SaveOnExit":true}}],"TraceActorArgs":[{"TargetType":2,"PlaceId":54,"Id":0,"DisplayOffset":[0.0,0.5,0.0],"ShowEffect":false,"ForceMapPinActive":false,"InitHide":false,"Radius":0.0,"FloorNum":0}]}																																																																									
40290101	4029	402901	0	5											0	1	6	7	0	0	0											4029										{"TargetArgs":{"1":{"5":1}},"EnterActions":[{"ActionType":3003,"Params":{"$type":"XConfigLevelActionParamsControlSystemFunctionTask","LimitType":1,"SystemFunctionType":2}},{"ActionType":12000,"Params":{"$type":"XConfigLevelActionParamsLoadNpc","PlaceIdList":[5,6],"AutoUnloadWhiteList":[]}},{"ActionType":14001,"Params":{"$type":"XConfigLevelActionParamsNpcRelativeFollowMove","NpcPlaceId":6,"IsFollowPlayer":true,"FollowTargetNpcPlaceId":0,"TargetAngle":45.0,"TargetRadius":1.0,"ChaseRadius":2.0,"NormalFollowRadius":0.5,"MaxIdleLagDistance":1.5,"IdleLookAtTargetDelayTime":2.0,"UseNavMesh":true,"EnableForceTeleport":true,"TeleportRange":10.0}},{"ActionType":5001,"Params":{"$type":"XConfigLevelActionParamsEnableActorInteractableComponent","PlaceId":5,"ActorType":1,"Enable":false}},{"ActionType":19007,"Params":{"$type":"XConfigLevelActionParamsSetSystemFuncEntryEnableBatch","EnableList":[],"DisableList":[5]}},{"ActionType":16001,"Params":{"$type":"XConfigLevelActionParamsPlayDramaCaption","DramaCaptionName":"Caption100231","WaitComplete":true,"IsSequentialJob":false}},{"ActionType":5001,"Params":{"$type":"XConfigLevelActionParamsEnableActorInteractableComponent","PlaceId":5,"ActorType":1,"Enable":true}}],"ExitActions":[{"ActionType":5001,"Params":{"$type":"XConfigLevelActionParamsEnableActorInteractableComponent","PlaceId":5,"ActorType":1,"Enable":true}},{"ActionType":16001,"Params":{"$type":"XConfigLevelActionParamsPlayDramaCaption","DramaCaptionName":"Caption100232","WaitComplete":true,"IsSequentialJob":false}},{"ActionType":12001,"Params":{"$type":"XConfigLevelActionParamsLoadSceneObject","PlaceIdList":[43],"AutoUnloadWhiteList":[]}}],"TraceActorArgs":[{"TargetType":1,"PlaceId":5,"Id":0,"DisplayOffset":[0.0,1.0,0.0],"ShowEffect":false,"ForceMapPinActive":false,"InitHide":false,"Radius":0.0,"FloorNum":0}]}																																																																									
40290102	4029	402901	1	5											0	1	8	9	0	0	1	28000011			1							4029										{"TargetArgs":{"2":{"43":1}},"EnterActions":[{"ActionType":19007,"Params":{"$type":"XConfigLevelActionParamsSetSystemFuncEntryEnableBatch","EnableList":[9],"DisableList":[]}},{"ActionType":19008,"Params":{"$type":"XConfigLevelActionParamsShowTip","Id":4001013,"Var":0}}],"ExitActions":[{"ActionType":21002,"Params":{"$type":"XConfigLevelActionParamsUnloadSceneObject","PlaceIdList":[43]}},{"ActionType":19007,"Params":{"$type":"XConfigLevelActionParamsSetSystemFuncEntryEnableBatch","EnableList":[],"DisableList":[9]}},{"ActionType":16001,"Params":{"$type":"XConfigLevelActionParamsPlayDramaCaption","DramaCaptionName":"Caption100233","WaitComplete":true,"IsSequentialJob":true}}]}																																																																									
40290103	4029	402901	2	5											0	1	10	11	0	0	1							28000011				4029										{"TargetArgs":{"1":{},"2":{"57":1}},"EnterActions":[{"ActionType":12001,"Params":{"$type":"XConfigLevelActionParamsLoadSceneObject","PlaceIdList":[57],"AutoUnloadWhiteList":[]}}],"ExitActions":[{"ActionType":21002,"Params":{"$type":"XConfigLevelActionParamsUnloadSceneObject","PlaceIdList":[57]}}],"TraceActorArgs":[{"TargetType":2,"PlaceId":57,"Id":0,"DisplayOffset":[0.0,1.5,0.0],"ShowEffect":true,"ForceMapPinActive":false,"InitHide":false,"Radius":0.0,"FloorNum":0}]}																																																																									
40290104	4029	402901	3	5											0	1	12	13	0	0	0											4029										{"TargetArgs":{"2":{"56":1}},"EnterActions":[{"ActionType":12001,"Params":{"$type":"XConfigLevelActionParamsLoadSceneObject","PlaceIdList":[56],"AutoUnloadWhiteList":[]}},{"ActionType":5001,"Params":{"$type":"XConfigLevelActionParamsEnableActorInteractableComponent","PlaceId":56,"ActorType":2,"Enable":false}},{"ActionType":16001,"Params":{"$type":"XConfigLevelActionParamsPlayDramaCaption","DramaCaptionName":"Caption100234","WaitComplete":true,"IsSequentialJob":false}},{"ActionType":14000,"Params":{"$type":"XConfigLevelActionParamsNpcNavigateTo","NpcPlaceId":5,"Position":[13.416000366210938,56.5534782409668,24.190000534057617],"MoveType":1,"WaitComplete":false}},{"ActionType":23000,"Params":{"$type":"XConfigLevelActionParamsWaitTime","TimeSeconds":3}},{"ActionType":21001,"Params":{"$type":"XConfigLevelActionParamsUnloadNpc","PlaceIdList":[5]}},{"ActionType":16001,"Params":{"$type":"XConfigLevelActionParamsPlayDramaCaption","DramaCaptionName":"Caption100235","WaitComplete":true,"IsSequentialJob":false}},{"ActionType":5001,"Params":{"$type":"XConfigLevelActionParamsEnableActorInteractableComponent","PlaceId":56,"ActorType":2,"Enable":true}}],"ExitActions":[{"ActionType":16002,"Params":{"$type":"XConfigLevelActionParamsPlayScreenEffect","ScreenEffectId":1001001,"EnableTimeParams":false,"EnterDuration":0.0,"HoldDuration":0.0,"ExitDuration":0.0,"IsWaitEnter":false}},{"ActionType":23000,"Params":{"$type":"XConfigLevelActionParamsWaitTime","TimeSeconds":1}},{"ActionType":21002,"Params":{"$type":"XConfigLevelActionParamsUnloadSceneObject","PlaceIdList":[56]}},{"ActionType":19007,"Params":{"$type":"XConfigLevelActionParamsSetSystemFuncEntryEnableBatch","EnableList":[5],"DisableList":[]}},{"ActionType":3003,"Params":{"$type":"XConfigLevelActionParamsControlSystemFunctionTask","LimitType":0,"SystemFunctionType":2}},{"ActionType":6000,"Params":{"$type":"XConfigLevelActionFinishInstLevel"}},{"ActionType":18001,"Params":{"$type":"XConfigLevelActionParamsRequestEnterInstLevel","InstLevelId":4030,"Position":[28.422439575195312,56.59000015258789,40.70368957519531],"Rotation":null}}],"TraceActorArgs":[{"TargetType":2,"PlaceId":56,"Id":0,"DisplayOffset":[0.0,1.0,0.0],"ShowEffect":false,"ForceMapPinActive":false,"InitHide":false,"Radius":0.0,"FloorNum":0}]}																																																																									
40300101	4030	403001	0	5											0	1	6	7	0	0	0											4030										{"TargetArgs":{"1":{"100001":1}},"EnterActions":[{"ActionType":3003,"Params":{"$type":"XConfigLevelActionParamsControlSystemFunctionTask","LimitType":1,"SystemFunctionType":2}},{"ActionType":20000,"Params":{"$type":"XConfigLevelActionParamsTeleportPlayer","Position":[28.422439575195312,56.59000015258789,40.70368957519531],"Rotation":[0.0,-180.0,0.0],"WithBlackScreen":false,"ScreenEffectId":0,"BlackScreenEnterDuration":0.0,"BlackScreenExitDuration":0.0,"ShowEffect":false,"ResetCamera":true}},{"ActionType":12000,"Params":{"$type":"XConfigLevelActionParamsLoadNpc","PlaceIdList":[100001,100002],"AutoUnloadWhiteList":[]}},{"ActionType":14001,"Params":{"$type":"XConfigLevelActionParamsNpcRelativeFollowMove","NpcPlaceId":100002,"IsFollowPlayer":true,"FollowTargetNpcPlaceId":0,"TargetAngle":45.0,"TargetRadius":1.0,"ChaseRadius":2.0,"NormalFollowRadius":0.5,"MaxIdleLagDistance":1.5,"IdleLookAtTargetDelayTime":2.0,"UseNavMesh":true,"EnableForceTeleport":true,"TeleportRange":10.0}},{"ActionType":19007,"Params":{"$type":"XConfigLevelActionParamsSetSystemFuncEntryEnableBatch","EnableList":[],"DisableList":[5]}}],"ExitActions":[{"ActionType":5001,"Params":{"$type":"XConfigLevelActionParamsEnableActorInteractableComponent","PlaceId":100001,"ActorType":1,"Enable":false}},{"ActionType":16001,"Params":{"$type":"XConfigLevelActionParamsPlayDramaCaption","DramaCaptionName":"Caption100236","WaitComplete":true,"IsSequentialJob":false}}],"TraceActorArgs":[{"TargetType":1,"PlaceId":100001,"Id":0,"DisplayOffset":[0.0,1.0,0.0],"ShowEffect":false,"ForceMapPinActive":false,"InitHide":false,"Radius":0.0,"FloorNum":0}]}																																																																									
40300102	4030	403001	1	5											0	1	8	9	0	0	1	28000007			1							4030										{"TargetArgs":{"2":{"100001":1}},"EnterActions":[{"ActionType":12001,"Params":{"$type":"XConfigLevelActionParamsLoadSceneObject","PlaceIdList":[100001],"AutoUnloadWhiteList":[]}},{"ActionType":19007,"Params":{"$type":"XConfigLevelActionParamsSetSystemFuncEntryEnableBatch","EnableList":[9],"DisableList":[]}},{"ActionType":19008,"Params":{"$type":"XConfigLevelActionParamsShowTip","Id":4001013,"Var":0}}],"ExitActions":[{"ActionType":19007,"Params":{"$type":"XConfigLevelActionParamsSetSystemFuncEntryEnableBatch","EnableList":[],"DisableList":[9]}},{"ActionType":21002,"Params":{"$type":"XConfigLevelActionParamsUnloadSceneObject","PlaceIdList":[100001]}}]}																																																																									
40300103	4030	403001	2	5											0	1	10	11	0	0	1							28000007				4030										{"TargetArgs":{"1":{},"2":{"100003":1}},"EnterActions":[{"ActionType":12001,"Params":{"$type":"XConfigLevelActionParamsLoadSceneObject","PlaceIdList":[100003],"AutoUnloadWhiteList":[]}},{"ActionType":16001,"Params":{"$type":"XConfigLevelActionParamsPlayDramaCaption","DramaCaptionName":"Caption100237","WaitComplete":true,"IsSequentialJob":true}}],"ExitActions":[{"ActionType":21002,"Params":{"$type":"XConfigLevelActionParamsUnloadSceneObject","PlaceIdList":[100003]}}],"TraceActorArgs":[{"TargetType":2,"PlaceId":100003,"Id":0,"DisplayOffset":[0.0,1.0,0.0],"ShowEffect":false,"ForceMapPinActive":false,"InitHide":false,"Radius":0.0,"FloorNum":0}]}																																																																									
40300104	4030	403001	3	5											0	1	12	13	0	0	0											4030										{"TargetArgs":{"2":{"100002":1}},"EnterActions":[{"ActionType":12001,"Params":{"$type":"XConfigLevelActionParamsLoadSceneObject","PlaceIdList":[100002],"AutoUnloadWhiteList":[]}},{"ActionType":5001,"Params":{"$type":"XConfigLevelActionParamsEnableActorInteractableComponent","PlaceId":100002,"ActorType":2,"Enable":false}},{"ActionType":16001,"Params":{"$type":"XConfigLevelActionParamsPlayDramaCaption","DramaCaptionName":"Caption100238","WaitComplete":true,"IsSequentialJob":false}},{"ActionType":14000,"Params":{"$type":"XConfigLevelActionParamsNpcNavigateTo","NpcPlaceId":100001,"Position":[29.0,56.59000015258789,13.069999694824219],"MoveType":1,"WaitComplete":false}},{"ActionType":23000,"Params":{"$type":"XConfigLevelActionParamsWaitTime","TimeSeconds":5}},{"ActionType":21001,"Params":{"$type":"XConfigLevelActionParamsUnloadNpc","PlaceIdList":[100001]}},{"ActionType":16001,"Params":{"$type":"XConfigLevelActionParamsPlayDramaCaption","DramaCaptionName":"Caption100245","WaitComplete":true,"IsSequentialJob":false}},{"ActionType":5001,"Params":{"$type":"XConfigLevelActionParamsEnableActorInteractableComponent","PlaceId":100002,"ActorType":2,"Enable":true}}],"ExitActions":[{"ActionType":16002,"Params":{"$type":"XConfigLevelActionParamsPlayScreenEffect","ScreenEffectId":1001001,"EnableTimeParams":false,"EnterDuration":0.0,"HoldDuration":0.0,"ExitDuration":0.0,"IsWaitEnter":false}},{"ActionType":23000,"Params":{"$type":"XConfigLevelActionParamsWaitTime","TimeSeconds":1}},{"ActionType":21001,"Params":{"$type":"XConfigLevelActionParamsUnloadNpc","PlaceIdList":[100002]}},{"ActionType":19007,"Params":{"$type":"XConfigLevelActionParamsSetSystemFuncEntryEnableBatch","EnableList":[5],"DisableList":[]}},{"ActionType":3003,"Params":{"$type":"XConfigLevelActionParamsControlSystemFunctionTask","LimitType":0,"SystemFunctionType":2}},{"ActionType":6000,"Params":{"$type":"XConfigLevelActionFinishInstLevel"}},{"ActionType":18001,"Params":{"$type":"XConfigLevelActionParamsRequestEnterInstLevel","InstLevelId":4031,"Position":[23.243999481201172,56.59000015258789,44.685001373291016],"Rotation":[0.0,150.49400329589844,0.0]}}],"TraceActorArgs":[{"TargetType":2,"PlaceId":100002,"Id":0,"DisplayOffset":[0.0,1.0,0.0],"ShowEffect":false,"ForceMapPinActive":false,"InitHide":false,"Radius":0.0,"FloorNum":0}]}																																																																									
40310101	4031	403101	0	7											0	1	6	7	0	0	0											4031										{"EnterActions":[{"ActionType":12000,"Params":{"$type":"XConfigLevelActionParamsLoadNpc","PlaceIdList":[2,3],"AutoUnloadWhiteList":[]}},{"ActionType":3003,"Params":{"$type":"XConfigLevelActionParamsControlSystemFunctionTask","LimitType":1,"SystemFunctionType":2}},{"ActionType":14001,"Params":{"$type":"XConfigLevelActionParamsNpcRelativeFollowMove","NpcPlaceId":2,"IsFollowPlayer":true,"FollowTargetNpcPlaceId":0,"TargetAngle":45.0,"TargetRadius":1.0,"ChaseRadius":2.0,"NormalFollowRadius":0.5,"MaxIdleLagDistance":1.0,"IdleLookAtTargetDelayTime":2.0,"UseNavMesh":true,"EnableForceTeleport":true,"TeleportRange":10.0}},{"ActionType":19007,"Params":{"$type":"XConfigLevelActionParamsSetSystemFuncEntryEnableBatch","EnableList":[],"DisableList":[5]}},{"ActionType":16001,"Params":{"$type":"XConfigLevelActionParamsPlayDramaCaption","DramaCaptionName":"Caption100239","WaitComplete":true,"IsSequentialJob":false}},{"ActionType":5001,"Params":{"$type":"XConfigLevelActionParamsEnableActorInteractableComponent","PlaceId":3,"ActorType":1,"Enable":false}}],"TracePosArgs":[{"Position":[28.645999908447266,56.56999969482422,31.3700008392334],"Id":0,"DisplayOffset":[0.0,1.0,0.0],"ShowEffect":true,"ForceMapPinActive":false,"InitHide":false,"Radius":0.0,"FloorNum":0}]}	28.645999908447266	56.56999969482422	31.3700008392334	5.0	0	0																																																																			
40310102	4031	403101	1	2	Drama_1001_041	0	0.0	0.0	0.0	0.0	0.0	0.0	0	0	0	1	8	9	0	0	0											4031										{"RecordDecisionClipSelect":{},"ExitActions":[{"ActionType":19007,"Params":{"$type":"XConfigLevelActionParamsSetSystemFuncEntryEnableBatch","EnableList":[9],"DisableList":[]}},{"ActionType":12001,"Params":{"$type":"XConfigLevelActionParamsLoadSceneObject","PlaceIdList":[77],"AutoUnloadWhiteList":[]}},{"ActionType":5001,"Params":{"$type":"XConfigLevelActionParamsEnableActorInteractableComponent","PlaceId":77,"ActorType":2,"Enable":false}}]}																																																																									
40310103	4031	403102	0	5											0	1	12	13	0	0	1	28000008			1							4031										{"TargetArgs":{"2":{"74":1}},"EnterActions":[{"ActionType":12001,"Params":{"$type":"XConfigLevelActionParamsLoadSceneObject","PlaceIdList":[74],"AutoUnloadWhiteList":[]}},{"ActionType":19008,"Params":{"$type":"XConfigLevelActionParamsShowTip","Id":4001013,"Var":0}}],"ExitActions":[{"ActionType":21002,"Params":{"$type":"XConfigLevelActionParamsUnloadSceneObject","PlaceIdList":[74]}},{"ActionType":16001,"Params":{"$type":"XConfigLevelActionParamsPlayDramaCaption","DramaCaptionName":"Caption100240","WaitComplete":true,"IsSequentialJob":true}}]}																																																																									
40310104	4031	403102	1	5											0	1	14	15	0	0	1	28000009			1							4031										{"TargetArgs":{"2":{"75":1}},"EnterActions":[{"ActionType":12001,"Params":{"$type":"XConfigLevelActionParamsLoadSceneObject","PlaceIdList":[75],"AutoUnloadWhiteList":[]}}],"ExitActions":[{"ActionType":21002,"Params":{"$type":"XConfigLevelActionParamsUnloadSceneObject","PlaceIdList":[75]}},{"ActionType":16001,"Params":{"$type":"XConfigLevelActionParamsPlayDramaCaption","DramaCaptionName":"Caption100241","WaitComplete":true,"IsSequentialJob":true}}]}																																																																									
40310105	4031	403102	2	5											0	1	16	17	0	0	1	28000010			1							4031										{"TargetArgs":{"2":{"76":1}},"EnterActions":[{"ActionType":12001,"Params":{"$type":"XConfigLevelActionParamsLoadSceneObject","PlaceIdList":[76],"AutoUnloadWhiteList":[]}}],"ExitActions":[{"ActionType":21002,"Params":{"$type":"XConfigLevelActionParamsUnloadSceneObject","PlaceIdList":[76]}},{"ActionType":16001,"Params":{"$type":"XConfigLevelActionParamsPlayDramaCaption","DramaCaptionName":"Caption100242","WaitComplete":true,"IsSequentialJob":true}}]}																																																																									
40310106	4031	403103	0	5											0	1	20	21	0	0	1							28000008	28000009	28000010		4031										{"TargetArgs":{"2":{"77":1}},"EnterActions":[{"ActionType":19007,"Params":{"$type":"XConfigLevelActionParamsSetSystemFuncEntryEnableBatch","EnableList":[],"DisableList":[9]}},{"ActionType":16001,"Params":{"$type":"XConfigLevelActionParamsPlayDramaCaption","DramaCaptionName":"Caption100243","WaitComplete":true,"IsSequentialJob":false}},{"ActionType":5001,"Params":{"$type":"XConfigLevelActionParamsEnableActorInteractableComponent","PlaceId":77,"ActorType":2,"Enable":true}}],"ExitActions":[{"ActionType":21002,"Params":{"$type":"XConfigLevelActionParamsUnloadSceneObject","PlaceIdList":[77]}}],"TraceActorArgs":[{"TargetType":2,"PlaceId":77,"Id":0,"DisplayOffset":[0.0,0.5,0.0],"ShowEffect":false,"ForceMapPinActive":false,"InitHide":false,"Radius":0.0,"FloorNum":0}]}																																																																									
40310107	4031	403103	1	2	Drama_1001_042	0	0.0	0.0	0.0	0.0	0.0	0.0	0	0	0	1	22	23	0	0	1	28000034			1							4031										{"RecordDecisionClipSelect":{},"ExitActions":[{"ActionType":21001,"Params":{"$type":"XConfigLevelActionParamsUnloadNpc","PlaceIdList":[3]}}]}																																																																									
40310108	4031	403103	2	5											0	1	24	25	0	0	0											4031										{"TargetArgs":{"2":{"73":1}},"EnterActions":[{"ActionType":12001,"Params":{"$type":"XConfigLevelActionParamsLoadSceneObject","PlaceIdList":[73],"AutoUnloadWhiteList":[]}}],"ExitActions":[{"ActionType":16002,"Params":{"$type":"XConfigLevelActionParamsPlayScreenEffect","ScreenEffectId":1001001,"EnableTimeParams":false,"EnterDuration":0.0,"HoldDuration":0.0,"ExitDuration":0.0,"IsWaitEnter":false}},{"ActionType":23000,"Params":{"$type":"XConfigLevelActionParamsWaitTime","TimeSeconds":1}},{"ActionType":21002,"Params":{"$type":"XConfigLevelActionParamsUnloadSceneObject","PlaceIdList":[73]}},{"ActionType":21001,"Params":{"$type":"XConfigLevelActionParamsUnloadNpc","PlaceIdList":[2]}},{"ActionType":19007,"Params":{"$type":"XConfigLevelActionParamsSetSystemFuncEntryEnableBatch","EnableList":[5],"DisableList":[]}},{"ActionType":3003,"Params":{"$type":"XConfigLevelActionParamsControlSystemFunctionTask","LimitType":0,"SystemFunctionType":2}},{"ActionType":6000,"Params":{"$type":"XConfigLevelActionFinishInstLevel"}},{"ActionType":18002,"Params":{"$type":"XConfigLevelActionParamsRequestLeaveInstLevel","SaveOnExit":true}}],"TraceActorArgs":[{"TargetType":2,"PlaceId":73,"Id":0,"DisplayOffset":[0.0,1.0,0.0],"ShowEffect":false,"ForceMapPinActive":false,"InitHide":false,"Radius":0.0,"FloorNum":0}]}																																																																									
40320101	4032	403201	0	2	Drama_1002_013	0	0.0	0.0	0.0	0.0	0.0	0.0	17	0	0	1	6	7	1	0	0											4032										{"RecordDecisionClipSelect":{},"EnterActions":[{"ActionType":12000,"Params":{"$type":"XConfigLevelActionParamsLoadNpc","PlaceIdList":[1000004,1000005,1000003],"AutoUnloadWhiteList":[]}}],"ExitActions":[{"ActionType":3003,"Params":{"$type":"XConfigLevelActionParamsControlSystemFunctionTask","LimitType":1,"SystemFunctionType":2}},{"ActionType":19007,"Params":{"$type":"XConfigLevelActionParamsSetSystemFuncEntryEnableBatch","EnableList":[],"DisableList":[4]}}],"FixProcessors":{}}																																																																									
40320102	4032	403201	1	2	Drama_1002_001	0	0.0	0.0	0.0	0.0	0.0	0.0	17	0	0	1	8	9	1	0	0											4032										{"RecordDecisionClipSelect":{},"ExitActions":[{"ActionType":21000,"Params":{"$type":"XConfigLevelActionParamsUnderTakeSelfQuest"}},{"ActionType":12001,"Params":{"$type":"XConfigLevelActionParamsLoadSceneObject","PlaceIdList":[1000029,1000030,1000031],"AutoUnloadWhiteList":[]}}],"FixProcessors":{}}																																																																									
40320202	4032	403202	1	5											1	1	14	15	0	0	0											4032										{"TargetArgs":{"1":{"1000023":1}},"EnterActions":[{"ActionType":15003,"Params":{"$type":"XConfigLevelActionParamsOpenQuestProcessPop","IsFinish":false}},{"ActionType":16001,"Params":{"$type":"XConfigLevelActionParamsPlayDramaCaption","DramaCaptionName":"Caption100313","WaitComplete":false,"IsSequentialJob":true}}],"TraceActorArgs":[{"TargetType":1,"PlaceId":1000023,"Id":1,"DisplayOffset":[0.0,2.4000000953674316,0.0],"ShowEffect":false,"ForceMapPinActive":false,"InitHide":false,"Radius":0.0,"FloorNum":0}],"FixProcessors":{}}																																																																									
40320203	4032	403202	2	5											1	1	16	17	0	0	0											4032										{"TargetArgs":{"1":{"1000002":1}},"TraceActorArgs":[{"TargetType":1,"PlaceId":1000002,"Id":4,"DisplayOffset":[0.0,1.7000000476837158,0.0],"ShowEffect":false,"ForceMapPinActive":false,"InitHide":false,"Radius":0.0,"FloorNum":0}],"FixProcessors":{}}																																																																									
40320205	4032	403202	3	5											1	1	18	19	0	0	0											4032										{"TargetArgs":{"1":{"1000008":1}},"TraceActorArgs":[{"TargetType":1,"PlaceId":1000008,"Id":20,"DisplayOffset":[0.0,1.7000000476837158,0.0],"ShowEffect":false,"ForceMapPinActive":false,"InitHide":false,"Radius":0.0,"FloorNum":0}],"FixProcessors":{}}																																																																									
40320206	4032	403202	0	7											0	1	12	13	0	0	0											4032										{"TracePosArgs":[{"Position":[295.7040100097656,233.57699584960938,910.8140258789062],"Id":23,"DisplayOffset":[0.0,1.100000023841858,0.0],"ShowEffect":true,"ForceMapPinActive":false,"InitHide":false,"Radius":0.0,"FloorNum":0}],"FixProcessors":{}}	295.7040100097656	233.57699584960938	910.8140258789062	20.0	0	0																																																																			
40320301	4032	403203	1	2	Drama_1002_004	0	0.0	0.0	0.0	0.0	0.0	0.0	0	0	0	1	30	31	1	0	0											4032										{"RecordDecisionClipSelect":{},"ExitActions":[{"ActionType":21001,"Params":{"$type":"XConfigLevelActionParamsUnloadNpc","PlaceIdList":[1000004,1000005,1000003]}},{"ActionType":12000,"Params":{"$type":"XConfigLevelActionParamsLoadNpc","PlaceIdList":[1000033],"AutoUnloadWhiteList":[]}}],"FixProcessors":{}}																																																																									
40320302	4032	403203	2	7											0	1	32	33	0	0	0											4032										{"ExitActions":[{"ActionType":12000,"Params":{"$type":"XConfigLevelActionParamsLoadNpc","PlaceIdList":[1000006],"AutoUnloadWhiteList":[]}},{"ActionType":23000,"Params":{"$type":"XConfigLevelActionParamsWaitTime","TimeSeconds":1}},{"ActionType":16001,"Params":{"$type":"XConfigLevelActionParamsPlayDramaCaption","DramaCaptionName":"Caption100301","WaitComplete":false,"IsSequentialJob":false}}],"TracePosArgs":[{"Position":[304.77099609375,224.60000610351562,910.8499755859375],"Id":5,"DisplayOffset":[0.0,1.100000023841858,0.0],"ShowEffect":true,"ForceMapPinActive":false,"InitHide":false,"Radius":0.0,"FloorNum":0}],"FixProcessors":{}}	304.77099609375	224.4510040283203	910.8499755859375	3.0	0	0																																																																			
40320303	4032	403203	3	7											0	1	34	35	0	0	0											4032										{"TracePosArgs":[{"Position":[326.2099914550781,223.89999389648438,911.8809814453125],"Id":6,"DisplayOffset":[0.0,1.100000023841858,0.0],"ShowEffect":true,"ForceMapPinActive":false,"InitHide":false,"Radius":0.0,"FloorNum":0}],"FixProcessors":{}}	326.2099914550781	224.11000061035156	911.8809814453125	3.0	0	0																																																																			
40320304	4032	403203	4	7											0	1	36	37	0	0	0											4032										{"TraceActorArgs":[{"TargetType":1,"PlaceId":1000006,"Id":8,"DisplayOffset":[0.0,1.7000000476837158,0.0],"ShowEffect":false,"ForceMapPinActive":false,"InitHide":false,"Radius":0.0,"FloorNum":0}],"FixProcessors":{}}	366.7099914550781	224.65460205078125	912.2655029296875	5.0	0	0																																																																			
40320305	4032	403203	5	2	Drama_1002_006	0	0.0	0.0	0.0	0.0	0.0	0.0	0	0	0	1	38	39	0	0	1	28000035			1							4032										{"RecordDecisionClipSelect":{},"FixProcessors":{}}																																																																									
40320306	4032	403203	7	6											0	1	42	43	0	0	0											4032										{"EnterActions":[{"ActionType":21001,"Params":{"$type":"XConfigLevelActionParamsUnloadNpc","PlaceIdList":[1000033]}}],"ExitActions":[{"ActionType":12000,"Params":{"$type":"XConfigLevelActionParamsLoadNpc","PlaceIdList":[1000007],"AutoUnloadWhiteList":[]}},{"ActionType":19007,"Params":{"$type":"XConfigLevelActionParamsSetSystemFuncEntryEnableBatch","EnableList":[],"DisableList":[4]}},{"ActionType":16004,"Params":{"$type":"XConfigLevelActionParamsPlayDramaInterTitleDialog","DramaInterTitleDialogId":10020104,"WaitComplete":false,"IsSequentialJob":false}},{"ActionType":20000,"Params":{"$type":"XConfigLevelActionParamsTeleportPlayer","Position":[233.31700134277344,234.05799865722656,927.697021484375],"Rotation":[0.0,-150.0,0.0],"WithBlackScreen":false,"ScreenEffectId":300011,"BlackScreenEnterDuration":0.0,"BlackScreenExitDuration":0.0,"ShowEffect":false,"ResetCamera":true}}],"FixProcessors":{}}													100201	1																																																											
40320308	4032	403203	9	7											0	1	46	47	0	0	0											4032										{"EnterActions":[{"ActionType":23000,"Params":{"$type":"XConfigLevelActionParamsWaitTime","TimeSeconds":1}},{"ActionType":16005,"Params":{"$type":"XConfigLevelActionParamsPlayDramaBubble","PlaceId":1000007,"ActorType":1,"DramaBubble":"403217"}}],"TracePosArgs":[{"Position":[222.4499969482422,233.75,906.3599853515625],"Id":30,"DisplayOffset":[0.0,1.100000023841858,0.0],"ShowEffect":true,"ForceMapPinActive":false,"InitHide":false,"Radius":0.0,"FloorNum":0}],"FixProcessors":{}}	222.4499969482422	233.7100067138672	906.3599853515625	3.0	0	0																																																																			
40320309	4032	403203	10	2	Drama_1002_008	0	0.0	0.0	0.0	0.0	0.0	0.0	0	0	0	1	48	49	0	0	0											4032										{"RecordDecisionClipSelect":{},"FixProcessors":{}}																																																																									
40320311	4032	403203	12	2	Drama_1002_014	0	0.0	0.0	0.0	0.0	0.0	0.0	0	0	0	1	54	55	0	0	0											4032										{"RecordDecisionClipSelect":{},"ExitActions":[{"ActionType":16002,"Params":{"$type":"XConfigLevelActionParamsPlayScreenEffect","ScreenEffectId":1002002,"EnableTimeParams":true,"EnterDuration":3.0,"HoldDuration":0.5,"ExitDuration":0.0,"IsWaitEnter":true}},{"ActionType":3003,"Params":{"$type":"XConfigLevelActionParamsControlSystemFunctionTask","LimitType":0,"SystemFunctionType":2}},{"ActionType":6000,"Params":{"$type":"XConfigLevelActionFinishInstLevel","UseSwitchQuestVar":false,"QuestVarSwitchDataList":null}},{"ActionType":18001,"Params":{"$type":"XConfigLevelActionParamsRequestEnterInstLevel","InstLevelId":4033,"Position":[87.80999755859375,3.2830801010131836,65.0],"Rotation":[0.0,95.0,0.0]}}],"FixProcessors":{}}																																																																									
40320312	4032	403203	8	7											0	1	44	45	0	0	0											4032										{"ExitActions":[{"ActionType":16001,"Params":{"$type":"XConfigLevelActionParamsPlayDramaCaption","DramaCaptionName":"Caption100304","WaitComplete":false,"IsSequentialJob":false}}],"TracePosArgs":[{"Position":[224.36000061035156,233.75,917.4600219726562],"Id":16,"DisplayOffset":[0.0,1.100000023841858,0.0],"ShowEffect":true,"ForceMapPinActive":false,"InitHide":false,"Radius":0.0,"FloorNum":0}],"FixProcessors":{}}	224.36000061035156	234.05799865722656	917.4600219726562	3.0	0	0																																																																			
40320314	4032	403203	6	7											0	1	40	41	0	0	0											4032										{"EnterActions":[{"ActionType":16001,"Params":{"$type":"XConfigLevelActionParamsPlayDramaCaption","DramaCaptionName":"Caption100317","WaitComplete":false,"IsSequentialJob":true}}],"ExitActions":[{"ActionType":19007,"Params":{"$type":"XConfigLevelActionParamsSetSystemFuncEntryEnableBatch","EnableList":[4],"DisableList":[]}}],"TracePosArgs":[{"Position":[328.2099914550781,223.9199981689453,910.4000244140625],"Id":22,"DisplayOffset":[0.0,1.100000023841858,0.0],"ShowEffect":true,"ForceMapPinActive":false,"InitHide":false,"Radius":0.0,"FloorNum":0}],"FixProcessors":{}}	343.04998779296875	224.5800018310547	911.3099975585938	5.0	0	0																																																																			
40320315	4032	403203	11	14											0	1	50	51	0	0	0											4032										{"RequiredItemInfoDict":{"28000035":1},"ExitActions":[{"ActionType":5001,"Params":{"$type":"XConfigLevelActionParamsEnableActorInteractableComponent","PlaceId":1000002,"ActorType":2,"Enable":false}},{"ActionType":16008,"Params":{"$type":"XConfigLevelActionParamsPlaySound3D","CueId":5500101,"ActorType":2,"PlaceId":1000002}},{"ActionType":16001,"Params":{"$type":"XConfigLevelActionParamsPlayDramaCaption","DramaCaptionName":"Caption100324","WaitComplete":true,"IsSequentialJob":true}}],"TraceActorArgs":[{"TargetType":2,"PlaceId":1000002,"Id":28,"DisplayOffset":[0.0,2.299999952316284,0.0],"ShowEffect":false,"ForceMapPinActive":false,"InitHide":false,"Radius":0.0,"FloorNum":0}],"FixProcessors":{}}																																			52	53					1																																
40320316	4032	403203	0	7											0	1	28	29	0	0	0											4032										{"TraceActorArgs":[{"TargetType":1,"PlaceId":1000003,"Id":29,"DisplayOffset":[0.0,1.7000000476837158,0.0],"ShowEffect":false,"ForceMapPinActive":false,"InitHide":false,"Radius":0.0,"FloorNum":0}],"FixProcessors":{}}	289.05999755859375	224.9600067138672	911.0700073242188	3.0	0	0																																																																			
40320401	4032	403204	0	7											0	1	22	23	0	0	0											4032										{"TracePosArgs":[{"Position":[294.6499938964844,233.8000030517578,921.5599975585938],"Id":25,"DisplayOffset":[0.0,1.100000023841858,0.0],"ShowEffect":true,"ForceMapPinActive":false,"InitHide":false,"Radius":0.0,"FloorNum":0}],"FixProcessors":{}}	294.6499938964844	233.57699584960938	921.5599975585938	3.0	0	0																																																																			
40320402	4032	403204	1	7											0	1	24	25	0	0	0											4032										{"TracePosArgs":[{"Position":[294.8500061035156,233.8000030517578,899.4400024414062],"Id":26,"DisplayOffset":[0.0,1.100000023841858,0.0],"ShowEffect":true,"ForceMapPinActive":false,"InitHide":false,"Radius":0.0,"FloorNum":0}],"FixProcessors":{}}	294.8500061035156	233.57699584960938	899.4400024414062	3.0	0	0																																																																			
40330101	4033	403301	0	2	Drama_1002_015	0	0.0	0.0	0.0	0.0	0.0	0.0	0	0	0	1	6	7	0	0	0											4033	0									{"RecordDecisionClipSelect":{},"EnterActions":[{"ActionType":12000,"Params":{"$type":"XConfigLevelActionParamsLoadNpc","PlaceIdList":[2],"AutoUnloadWhiteList":[]}},{"ActionType":12001,"Params":{"$type":"XConfigLevelActionParamsLoadSceneObject","PlaceIdList":[2],"AutoUnloadWhiteList":[]}}],"ExitActions":[{"ActionType":1000,"Params":{"$type":"XConfigLevelActionParamsAddTrialNpcToTeam","TrialNpcIds":[999910301],"AddMode":1,"CurNpcPos":1}},{"ActionType":3003,"Params":{"$type":"XConfigLevelActionParamsControlSystemFunctionTask","LimitType":1,"SystemFunctionType":2}}],"FixProcessors":{}}																																																																									
40330201	4033	403302	0	15											0	1	10	11	0	0	0											4033	0									{"EnterActions":[{"ActionType":23000,"Params":{"$type":"XConfigLevelActionParamsWaitTime","TimeSeconds":3}},{"ActionType":19003,"Params":{"$type":"XConfigLevelActionParamsShowBigWorldTeach","TeachId":2014}}],"ExitActions":[{"ActionType":16001,"Params":{"$type":"XConfigLevelActionParamsPlayDramaCaption","DramaCaptionName":"Caption100320","WaitComplete":false,"IsSequentialJob":false}},{"ActionType":23000,"Params":{"$type":"XConfigLevelActionParamsWaitTime","TimeSeconds":5}}],"FixProcessors":{}}																	10																																		101295	102.07019805908203	3.2830810546875	64.39910125732422	15.0	2	102.07019805908203	3.2830810546875	64.39910125732422														
40330301	4033	403303	0	15											0	1	14	15	0	0	0											4033	0									{"ExitActions":[{"ActionType":16001,"Params":{"$type":"XConfigLevelActionParamsPlayDramaCaption","DramaCaptionName":"Caption100321","WaitComplete":false,"IsSequentialJob":false}},{"ActionType":23000,"Params":{"$type":"XConfigLevelActionParamsWaitTime","TimeSeconds":3}}],"FixProcessors":{}}																	10																																		101293	86.27395629882812	3.2893290519714355	59.13655090332031	20.0	2	0.0	0.0	0.0														
40330401	4033	403304	0	15											0	1	18	19	0	0	0											4033	0									{"ExitActions":[{"ActionType":16002,"Params":{"$type":"XConfigLevelActionParamsPlayScreenEffect","ScreenEffectId":300011,"EnableTimeParams":true,"EnterDuration":1.0,"HoldDuration":1.5,"ExitDuration":0.0,"IsWaitEnter":true}},{"ActionType":12001,"Params":{"$type":"XConfigLevelActionParamsLoadSceneObject","PlaceIdList":[1,3],"AutoUnloadWhiteList":[]}},{"ActionType":21002,"Params":{"$type":"XConfigLevelActionParamsUnloadSceneObject","PlaceIdList":[2]}},{"ActionType":16000,"Params":{"$type":"XConfigLevelActionParamsPlayDrama","DramaName":"Drama_1002_019","ReferencePos":[0.0,0.0,0.0],"ReferenceRot":[0.0,0.0,0.0],"CombineKey":0}},{"ActionType":16001,"Params":{"$type":"XConfigLevelActionParamsPlayDramaCaption","DramaCaptionName":"Caption100302","WaitComplete":false,"IsSequentialJob":false}}],"FixProcessors":{}}																	10																																		101293	102.07019805908203	3.2830810546875	64.39910125732422	15.0	2	0.0	0.0	0.0														
40330501	4033	403305	0	5											0	1	22	23	0	0	0											4033	0									{"TargetArgs":{"2":{"1":1}},"ExitActions":[{"ActionType":23000,"Params":{"$type":"XConfigLevelActionParamsWaitTime","TimeSeconds":3}}],"TraceActorArgs":[{"TargetType":2,"PlaceId":1,"Id":1,"DisplayOffset":[0.0,1.2000000476837158,0.0],"ShowEffect":false,"ForceMapPinActive":false,"InitHide":false,"Radius":0.0,"FloorNum":0}],"FixProcessors":{}}																																																																									
40330502	4033	403305	1	2	Drama_1002_016	0	0.0	0.0	0.0	0.0	0.0	0.0	19	0	0	1	24	25	0	0	0											4033	0									{"RecordDecisionClipSelect":{},"FixProcessors":{}}																																																																									
40330503	4033	403305	2	2	Drama_1002_010	0	0.0	0.0	0.0	0.0	0.0	0.0	19	0	0	1	26	27	0	0	0											4033	0									{"RecordDecisionClipSelect":{},"ExitActions":[{"ActionType":16002,"Params":{"$type":"XConfigLevelActionParamsPlayScreenEffect","ScreenEffectId":1002002,"EnableTimeParams":true,"EnterDuration":3.0,"HoldDuration":0.5,"ExitDuration":0.0,"IsWaitEnter":true}},{"ActionType":18000,"Params":{"$type":"XConfigLevelActionParamsRemoveTrialNpcFromTeam"}},{"ActionType":3003,"Params":{"$type":"XConfigLevelActionParamsControlSystemFunctionTask","LimitType":0,"SystemFunctionType":2}},{"ActionType":6000,"Params":{"$type":"XConfigLevelActionFinishInstLevel","UseSwitchQuestVar":false,"QuestVarSwitchDataList":null}},{"ActionType":18001,"Params":{"$type":"XConfigLevelActionParamsRequestEnterInstLevel","InstLevelId":4034,"Position":[228.01300048828125,234.05799865722656,900.2249755859375],"Rotation":[0.0,150.0,0.0]}}],"FixProcessors":{}}																																																																									
40340101	4034	403401	0	2	Drama_1002_017	0	0.0	0.0	0.0	0.0	0.0	0.0	0	0	0	1	6	7	0	0	0											4034										{"RecordDecisionClipSelect":{},"ExitActions":[{"ActionType":12001,"Params":{"$type":"XConfigLevelActionParamsLoadSceneObject","PlaceIdList":[1100001],"AutoUnloadWhiteList":[]}},{"ActionType":3003,"Params":{"$type":"XConfigLevelActionParamsControlSystemFunctionTask","LimitType":1,"SystemFunctionType":2}}],"FixProcessors":{}}																																																																									
40340102	4034	403401	1	7											0	1	8	9	0	0	0											4034										{"EnterActions":[{"ActionType":16001,"Params":{"$type":"XConfigLevelActionParamsPlayDramaCaption","DramaCaptionName":"Caption100305","WaitComplete":false,"IsSequentialJob":false}}],"TracePosArgs":[{"Position":[235.74000549316406,233.72079467773438,892.219970703125],"Id":3,"DisplayOffset":[0.0,1.100000023841858,0.0],"ShowEffect":true,"ForceMapPinActive":false,"InitHide":false,"Radius":0.0,"FloorNum":202}],"FixProcessors":{}}	235.74000549316406	233.7207794189453	892.219970703125	3.0	0	0																																																																			
40340103	4034	403401	4	5											0	1	14	15	0	0	0											4034										{"TargetArgs":{"2":{"1100002":1}},"EnterActions":[{"ActionType":16000,"Params":{"$type":"XConfigLevelActionParamsPlayDrama","DramaName":"Drama_1002_021","ReferencePos":[0.0,0.0,0.0],"ReferenceRot":[0.0,0.0,0.0],"CombineKey":0}},{"ActionType":16001,"Params":{"$type":"XConfigLevelActionParamsPlayDramaCaption","DramaCaptionName":"Caption100326","WaitComplete":false,"IsSequentialJob":false}}],"ExitActions":[{"ActionType":5001,"Params":{"$type":"XConfigLevelActionParamsEnableActorInteractableComponent","PlaceId":1100002,"ActorType":2,"Enable":false}},{"ActionType":16008,"Params":{"$type":"XConfigLevelActionParamsPlaySound3D","CueId":5500102,"ActorType":2,"PlaceId":1100002}},{"ActionType":16001,"Params":{"$type":"XConfigLevelActionParamsPlayDramaCaption","DramaCaptionName":"Caption100307","WaitComplete":true,"IsSequentialJob":false}},{"ActionType":3003,"Params":{"$type":"XConfigLevelActionParamsControlSystemFunctionTask","LimitType":0,"SystemFunctionType":2}},{"ActionType":6000,"Params":{"$type":"XConfigLevelActionFinishInstLevel","UseSwitchQuestVar":false,"QuestVarSwitchDataList":null}},{"ActionType":18001,"Params":{"$type":"XConfigLevelActionParamsRequestEnterInstLevel","InstLevelId":4035,"Position":[-4.0,12.663000106811523,34.630001068115234],"Rotation":[0.0,90.0,0.0]}}],"TraceActorArgs":[{"TargetType":2,"PlaceId":1100002,"Id":5,"DisplayOffset":[0.0,1.2000000476837158,0.0],"ShowEffect":false,"ForceMapPinActive":false,"InitHide":false,"Radius":0.0,"FloorNum":0}],"FixProcessors":{}}																																																																									
40340105	4034	403401	2	7											0	1	10	11	0	0	0											4034										{"EnterActions":[{"ActionType":12001,"Params":{"$type":"XConfigLevelActionParamsLoadSceneObject","PlaceIdList":[1100002],"AutoUnloadWhiteList":[]}}],"TracePosArgs":[{"Position":[294.489990234375,233.8000030517578,900.1300048828125],"Id":7,"DisplayOffset":[0.0,1.100000023841858,0.0],"ShowEffect":true,"ForceMapPinActive":false,"InitHide":false,"Radius":0.0,"FloorNum":0}],"FixProcessors":{}}	294.489990234375	233.69000244140625	900.1300048828125	3.0	0	0																																																																			
40340106	4034	403401	3	7											0	1	12	13	0	0	0											4034										{"EnterActions":[{"ActionType":16001,"Params":{"$type":"XConfigLevelActionParamsPlayDramaCaption","DramaCaptionName":"Caption100315","WaitComplete":false,"IsSequentialJob":false}}],"TracePosArgs":[{"Position":[292.6499938964844,224.5,905.1500244140625],"Id":6,"DisplayOffset":[0.0,1.100000023841858,0.0],"ShowEffect":true,"ForceMapPinActive":false,"InitHide":false,"Radius":0.0,"FloorNum":0}],"FixProcessors":{}}	292.6499938964844	224.52999877929688	905.1500244140625	3.0	0	0																																																																			
40350101	4035	403501	0	7											0	1	6	7	0	0	0											4035										{"EnterActions":[{"ActionType":12001,"Params":{"$type":"XConfigLevelActionParamsLoadSceneObject","PlaceIdList":[2,4],"AutoUnloadWhiteList":[]}},{"ActionType":16004,"Params":{"$type":"XConfigLevelActionParamsPlayDramaInterTitleDialog","DramaInterTitleDialogId":10020102,"WaitComplete":true,"IsSequentialJob":false}},{"ActionType":3003,"Params":{"$type":"XConfigLevelActionParamsControlSystemFunctionTask","LimitType":1,"SystemFunctionType":2}}],"FixProcessors":{}}	-4.0	14.0	34.630001068115234	3.0	0	0																																																																			
40350102	4035	403501	2	2	Drama_1002_018	0	0.0	0.0	0.0	0.0	0.0	0.0	0	0	0	1	10	11	0	0	0											4035										{"RecordDecisionClipSelect":{},"ExitActions":[{"ActionType":21002,"Params":{"$type":"XConfigLevelActionParamsUnloadSceneObject","PlaceIdList":[2,4]}},{"ActionType":12001,"Params":{"$type":"XConfigLevelActionParamsLoadSceneObject","PlaceIdList":[3],"AutoUnloadWhiteList":[]}},{"ActionType":12000,"Params":{"$type":"XConfigLevelActionParamsLoadNpc","PlaceIdList":[3],"AutoUnloadWhiteList":[]}}],"FixProcessors":{}}																																																																									
40350103	4035	403501	3	5											0	1	12	13	0	0	0											4035										{"TargetArgs":{"1":{"3":1}},"TraceActorArgs":[{"TargetType":1,"PlaceId":3,"Id":1,"DisplayOffset":[0.0,1.7999999523162842,0.0],"ShowEffect":false,"ForceMapPinActive":false,"InitHide":false,"Radius":0.0,"FloorNum":0}],"FixProcessors":{}}																																																																									
40350104	4035	403501	4	2	Drama_1002_011	0	0.0	0.0	0.0	0.0	0.0	0.0	0	0	0	1	14	15	0	0	0											4035										{"RecordDecisionClipSelect":{},"ExitActions":[{"ActionType":12001,"Params":{"$type":"XConfigLevelActionParamsLoadSceneObject","PlaceIdList":[1],"AutoUnloadWhiteList":[]}}],"FixProcessors":{}}																																																																									
40350106	4035	403501	5	5											0	1	16	17	0	0	0											4035										{"TargetArgs":{"2":{"1":1}},"EnterActions":[{"ActionType":14001,"Params":{"$type":"XConfigLevelActionParamsNpcRelativeFollowMove","NpcPlaceId":3,"IsFollowPlayer":true,"FollowTargetNpcPlaceId":0,"TargetAngle":90.0,"TargetRadius":1.0,"ChaseRadius":2.0,"NormalFollowRadius":0.10000000149011612,"MaxIdleLagDistance":3.0,"IdleLookAtTargetDelayTime":4.0,"UseNavMesh":false,"StartFollowDelayTime":0.30000001192092896,"EnableForceTeleport":true,"TeleportRange":10.0}}],"ExitActions":[{"ActionType":3003,"Params":{"$type":"XConfigLevelActionParamsControlSystemFunctionTask","LimitType":0,"SystemFunctionType":2}},{"ActionType":6000,"Params":{"$type":"XConfigLevelActionFinishInstLevel","UseSwitchQuestVar":false,"QuestVarSwitchDataList":null}},{"ActionType":18001,"Params":{"$type":"XConfigLevelActionParamsRequestEnterInstLevel","InstLevelId":4036,"Position":[272.510009765625,225.91859436035156,910.8800048828125],"Rotation":[0.0,90.0,0.0]}}],"TraceActorArgs":[{"TargetType":2,"PlaceId":1,"Id":3,"DisplayOffset":[0.0,1.100000023841858,0.0],"ShowEffect":true,"ForceMapPinActive":false,"InitHide":false,"Radius":0.0,"FloorNum":0}],"FixProcessors":{}}																																																																									
40350107	4035	403501	1	5											0	1	8	9	0	0	0											4035										{"TargetArgs":{"2":{"2":1}},"ExitActions":[{"ActionType":16008,"Params":{"$type":"XConfigLevelActionParamsPlaySound3D","CueId":5500102,"ActorType":2,"PlaceId":2}}],"TracePosArgs":[{"Position":[1.25,13.300000190734863,34.47999954223633],"Id":7,"DisplayOffset":[0.0,1.100000023841858,0.0],"ShowEffect":true,"ForceMapPinActive":false,"InitHide":false,"Radius":0.0,"FloorNum":0}],"FixProcessors":{}}																																																																									
40360101	4036	403601	1	7											0	1	8	9	0	0	0											4036										{"EnterActions":[{"ActionType":16001,"Params":{"$type":"XConfigLevelActionParamsPlayDramaCaption","DramaCaptionName":"Caption100327","WaitComplete":false,"IsSequentialJob":false}}],"TracePosArgs":[{"Position":[262.7300109863281,224.5,936.0900268554688],"Id":2,"DisplayOffset":[0.0,1.100000023841858,0.0],"ShowEffect":true,"ForceMapPinActive":false,"InitHide":false,"Radius":0.0,"FloorNum":0}],"FixProcessors":{}}	262.7300109863281	224.7259979248047	936.0900268554688	3.0	0	0																																																																			
40360103	4036	403601	3	2	Drama_1002_012	0	0.0	0.0	0.0	0.0	0.0	0.0	0	0	0	1	12	13	0	0	0											4036										{"RecordDecisionClipSelect":{},"ExitActions":[{"ActionType":3003,"Params":{"$type":"XConfigLevelActionParamsControlSystemFunctionTask","LimitType":0,"SystemFunctionType":2}},{"ActionType":6000,"Params":{"$type":"XConfigLevelActionFinishInstLevel","UseSwitchQuestVar":false,"QuestVarSwitchDataList":null}},{"ActionType":18002,"Params":{"$type":"XConfigLevelActionParamsRequestLeaveInstLevel","SaveOnExit":true,"UseExitTargetLevelParams":false,"WorldId":0,"LevelId":0,"TargetPos":[0.0,0.0,0.0],"TargetRot":[0.0,0.0,0.0]}}],"FixProcessors":{}}																																																																									
40360105	4036	403601	0	7											0	1	6	7	0	0	0											4036										{"EnterActions":[{"ActionType":12000,"Params":{"$type":"XConfigLevelActionParamsLoadNpc","PlaceIdList":[1200017,1200001],"AutoUnloadWhiteList":[]}},{"ActionType":14001,"Params":{"$type":"XConfigLevelActionParamsNpcRelativeFollowMove","NpcPlaceId":1200017,"IsFollowPlayer":true,"FollowTargetNpcPlaceId":0,"TargetAngle":90.0,"TargetRadius":1.0,"ChaseRadius":2.0,"NormalFollowRadius":0.10000000149011612,"MaxIdleLagDistance":3.0,"IdleLookAtTargetDelayTime":4.0,"UseNavMesh":false,"StartFollowDelayTime":0.30000001192092896,"EnableForceTeleport":true,"TeleportRange":10.0}},{"ActionType":3003,"Params":{"$type":"XConfigLevelActionParamsControlSystemFunctionTask","LimitType":1,"SystemFunctionType":2}},{"ActionType":16004,"Params":{"$type":"XConfigLevelActionParamsPlayDramaInterTitleDialog","DramaInterTitleDialogId":10020103,"WaitComplete":true,"IsSequentialJob":true}},{"ActionType":16001,"Params":{"$type":"XConfigLevelActionParamsPlayDramaCaption","DramaCaptionName":"Caption100308","WaitComplete":false,"IsSequentialJob":true}}],"TracePosArgs":[{"Position":[293.0400085449219,224.5800018310547,910.9600219726562],"Id":6,"DisplayOffset":[0.0,1.100000023841858,0.0],"ShowEffect":true,"ForceMapPinActive":false,"InitHide":false,"Radius":0.0,"FloorNum":0}],"FixProcessors":{}}	291.0400085449219	224.53199768066406	910.9600219726562	3.0	0	0																																																																			
40360106	4036	403601	2	7											0	1	10	11	0	0	0											4036										{"EnterActions":[{"ActionType":16001,"Params":{"$type":"XConfigLevelActionParamsPlayDramaCaption","DramaCaptionName":"Caption100310","WaitComplete":false,"IsSequentialJob":false}}],"TracePosArgs":[{"Position":[243.3800048828125,224.4499969482422,910.7999877929688],"Id":4,"DisplayOffset":[0.0,1.100000023841858,0.0],"ShowEffect":true,"ForceMapPinActive":false,"InitHide":false,"Radius":0.0,"FloorNum":0}],"FixProcessors":{}}	243.3800048828125	224.79400634765625	910.7999877929688	4.0	0	0																																																																			
40370101	4037	403701	0	7											0	1	6	7	0	0	0											4037										{"EnterActions":[{"ActionType":1000,"Params":{"$type":"XConfigLevelActionParamsAddTrialNpcToTeam","TrialNpcIds":[3],"AddMode":1,"CurNpcPos":1}},{"ActionType":3003,"Params":{"$type":"XConfigLevelActionParamsControlSystemFunctionMap","IsLimit":true,"SystemFunctionType":3}},{"ActionType":3003,"Params":{"$type":"XConfigLevelActionParamsControlSystemFunctionShortMsg","IsLimit":true,"SystemFunctionType":4}},{"ActionType":3003,"Params":{"$type":"XConfigLevelActionParamsControlSystemFunctionTask","LimitType":1,"SystemFunctionType":2}},{"ActionType":19007,"Params":{"$type":"XConfigLevelActionParamsSetSystemFuncEntryEnableBatch","EnableList":[],"DisableList":[15]}}],"ExitActions":[{"ActionType":16001,"Params":{"$type":"XConfigLevelActionParamsPlayDramaCaption","DramaCaptionName":"Caption201402","WaitComplete":false,"IsSequentialJob":true}}],"TracePosArgs":[{"Position":[605.780029296875,190.8300018310547,876.5999755859375],"Id":1,"DisplayOffset":[0.0,2.0,0.0],"ShowEffect":true,"ForceMapPinActive":false,"InitHide":false,"Radius":1.0,"FloorNum":0}],"FixProcessors":{}}	605.780029296875	190.8300018310547	876.5999755859375	1.0	0	0																																																																			
40370102	4037	403701	1	7											0	1	8	9	0	0	0											4037										{"ExitActions":[{"ActionType":16001,"Params":{"$type":"XConfigLevelActionParamsPlayDramaCaption","DramaCaptionName":"Caption201403","WaitComplete":false,"IsSequentialJob":true}}],"TracePosArgs":[{"Position":[599.7589721679688,191.94000244140625,866.7730102539062],"Id":3,"DisplayOffset":[0.0,2.0,0.0],"ShowEffect":true,"ForceMapPinActive":false,"InitHide":false,"Radius":1.0,"FloorNum":0}],"FixProcessors":{}}	599.7589721679688	191.94000244140625	866.7730102539062	1.0	0	0																																																																			
40370103	4037	403701	2	5											0	1	10	11	0	0	0											4037										{"TargetArgs":{"1":{"2500002":0}},"ExitActions":[{"ActionType":16000,"Params":{"$type":"XConfigLevelActionParamsPlayDrama","DramaName":"Drama_2014_003","ReferencePos":[0.0,0.0,0.0],"ReferenceRot":[0.0,0.0,0.0],"CombineKey":0}},{"ActionType":19007,"Params":{"$type":"XConfigLevelActionParamsSetSystemFuncEntryEnableBatch","EnableList":[15],"DisableList":[]}},{"ActionType":3003,"Params":{"$type":"XConfigLevelActionParamsControlSystemFunctionMap","IsLimit":false,"SystemFunctionType":3}},{"ActionType":3003,"Params":{"$type":"XConfigLevelActionParamsControlSystemFunctionShortMsg","IsLimit":false,"SystemFunctionType":4}},{"ActionType":3003,"Params":{"$type":"XConfigLevelActionParamsControlSystemFunctionTask","LimitType":0,"SystemFunctionType":2}},{"ActionType":18000,"Params":{"$type":"XConfigLevelActionParamsRemoveTrialNpcFromTeam"}},{"ActionType":6000,"Params":{"$type":"XConfigLevelActionFinishInstLevel","UseSwitchQuestVar":false,"QuestVarSwitchDataList":null}},{"ActionType":18002,"Params":{"$type":"XConfigLevelActionParamsRequestLeaveInstLevel","SaveOnExit":true,"UseExitTargetLevelParams":false,"WorldId":0,"LevelId":0,"TargetPos":[0.0,0.0,0.0],"TargetRot":[0.0,0.0,0.0]}}],"TraceActorArgs":[{"TargetType":1,"PlaceId":2500002,"Id":4,"DisplayOffset":[0.0,2.0,0.0],"ShowEffect":false,"ForceMapPinActive":false,"InitHide":false,"Radius":0.0,"FloorNum":0}],"FixProcessors":{}}																																																																									
40380101	4038	403801	0	7											0	1	6	7	0	0	0											4038										{"EnterActions":[{"ActionType":1000,"Params":{"$type":"XConfigLevelActionParamsAddTrialNpcToTeam","TrialNpcIds":[4],"AddMode":1,"CurNpcPos":1}},{"ActionType":19007,"Params":{"$type":"XConfigLevelActionParamsSetSystemFuncEntryEnableBatch","EnableList":[],"DisableList":[15,12]}},{"ActionType":12000,"Params":{"$type":"XConfigLevelActionParamsLoadNpc","PlaceIdList":[2600001],"AutoUnloadWhiteList":[]}},{"ActionType":19012,"Params":{"$type":"XConfigLevelActionParamsSetPlayerFirstPersonMode","IsFirstPersonMode":true}},{"ActionType":3003,"Params":{"$type":"XConfigLevelActionParamsControlSystemFunctionMap","IsLimit":true,"SystemFunctionType":3}},{"ActionType":3003,"Params":{"$type":"XConfigLevelActionParamsControlSystemFunctionTask","LimitType":1,"SystemFunctionType":2}},{"ActionType":15003,"Params":{"$type":"XConfigLevelActionParamsOpenQuestProcessPop","IsFinish":false}}],"TracePosArgs":[{"Position":[501.13739013671875,193.97720336914062,1020.125],"Id":1,"DisplayOffset":[0.0,2.0,0.0],"ShowEffect":true,"ForceMapPinActive":false,"InitHide":false,"Radius":3.0,"FloorNum":0}],"FixProcessors":{}}	501.1374206542969	193.9772186279297	1020.125244140625	3.0	0	0																																																																			
40380102	4038	403801	1	7											0	1	8	9	0	0	0											4038										{"TraceActorArgs":[{"TargetType":1,"PlaceId":2600001,"Id":9,"DisplayOffset":[0.0,2.0,0.0],"ShowEffect":false,"ForceMapPinActive":false,"InitHide":false,"Radius":0.0,"FloorNum":201}],"FixProcessors":{}}	465.75	193.64100646972656	1004.5	3.0	0	0																																																																			
40380103	4038	403801	2	5											0	1	10	11	0	0	0											4038										{"TargetArgs":{"1":{"2600001":0}},"ExitActions":[{"ActionType":16002,"Params":{"$type":"XConfigLevelActionParamsPlayScreenEffect","ScreenEffectId":300011,"EnableTimeParams":true,"EnterDuration":0.5,"HoldDuration":2.0,"ExitDuration":0.0,"IsWaitEnter":true}},{"ActionType":21001,"Params":{"$type":"XConfigLevelActionParamsUnloadNpc","PlaceIdList":[2600001]}},{"ActionType":12000,"Params":{"$type":"XConfigLevelActionParamsLoadNpc","PlaceIdList":[2600002],"AutoUnloadWhiteList":[]}},{"ActionType":16000,"Params":{"$type":"XConfigLevelActionParamsPlayDrama","DramaName":"Drama_2009_001","ReferencePos":[0.0,0.0,0.0],"ReferenceRot":[0.0,0.0,0.0],"CombineKey":0}}],"TraceActorArgs":[{"TargetType":1,"PlaceId":2600001,"Id":10,"DisplayOffset":[0.0,2.0,0.0],"ShowEffect":false,"ForceMapPinActive":false,"InitHide":false,"Radius":0.0,"FloorNum":201}],"FixProcessors":{}}																																																																									
40380601	4038	403806	0	5											0	1	14	15	0	0	0											4038										{"TargetArgs":{"1":{"2600002":1}},"ExitActions":[{"ActionType":19002,"Params":{"$type":"XConfigLevelActionParamsSetVar","Key":"4038","VarType":1,"BoolValue":null,"IntValue":5,"FloatValue":null}}],"FixProcessors":{}}																																																																									
40380602	4038	403806	1	5											0	1	16	17	0	0	0											4038										{"TargetArgs":{"1":{"2600002":2}},"ExitActions":[{"ActionType":19002,"Params":{"$type":"XConfigLevelActionParamsSetVar","Key":"4038","VarType":1,"BoolValue":null,"IntValue":6,"FloatValue":null}}],"TraceActorArgs":[{"TargetType":1,"PlaceId":2600002,"Id":5,"DisplayOffset":[0.0,1.7000000476837158,0.0],"ShowEffect":false,"ForceMapPinActive":false,"InitHide":false,"Radius":0.0,"FloorNum":0}],"FixProcessors":{}}																																																																									
40380701	4038	403807	0	2	Drama_2009_002	0	0.0	0.0	0.0	0.0	0.0	0.0	0	0	0	1	20	21	0	0	0											4038										{"RecordDecisionClipSelect":{},"ExitActions":[{"ActionType":19012,"Params":{"$type":"XConfigLevelActionParamsSetPlayerFirstPersonMode","IsFirstPersonMode":false}},{"ActionType":6000,"Params":{"$type":"XConfigLevelActionFinishInstLevel","UseSwitchQuestVar":true,"QuestVarSwitchDataList":[{"CalTargetQuestId":2009,"MathOp":5,"LeftQuestVarToken":{"$type":"XConfigQuestVarRefToken","VarType":1,"StrKey":"2009","IntKey":0},"RightQuestVarToken":{"$type":"XConfigQuestVarRefToken","VarType":1,"StrKey":"4038","IntKey":0}}]}},{"ActionType":19007,"Params":{"$type":"XConfigLevelActionParamsSetSystemFuncEntryEnableBatch","EnableList":[15,12],"DisableList":[]}},{"ActionType":3003,"Params":{"$type":"XConfigLevelActionParamsControlSystemFunctionMap","IsLimit":false,"SystemFunctionType":3}},{"ActionType":3003,"Params":{"$type":"XConfigLevelActionParamsControlSystemFunctionTask","LimitType":0,"SystemFunctionType":2}},{"ActionType":18000,"Params":{"$type":"XConfigLevelActionParamsRemoveTrialNpcFromTeam"}},{"ActionType":18002,"Params":{"$type":"XConfigLevelActionParamsRequestLeaveInstLevel","SaveOnExit":false,"UseExitTargetLevelParams":true,"WorldId":0,"LevelId":5001,"TargetPos":[479.906005859375,192.822998046875,1015.4959716796875],"TargetRot":[0.0,0.0,0.0]}}],"FixProcessors":{}}																																																																									
40380801	4038	403808	0	2	Drama_2009_003	0	0.0	0.0	0.0	0.0	0.0	0.0	0	0	0	1	24	25	0	0	0											4038										{"RecordDecisionClipSelect":{},"ExitActions":[{"ActionType":19012,"Params":{"$type":"XConfigLevelActionParamsSetPlayerFirstPersonMode","IsFirstPersonMode":false}},{"ActionType":6000,"Params":{"$type":"XConfigLevelActionFinishInstLevel","UseSwitchQuestVar":true,"QuestVarSwitchDataList":[{"CalTargetQuestId":2009,"MathOp":5,"LeftQuestVarToken":{"$type":"XConfigQuestVarRefToken","VarType":1,"StrKey":"2009","IntKey":0},"RightQuestVarToken":{"$type":"XConfigQuestVarRefToken","VarType":1,"StrKey":"4038","IntKey":0}}]}},{"ActionType":18000,"Params":{"$type":"XConfigLevelActionParamsRemoveTrialNpcFromTeam"}},{"ActionType":19007,"Params":{"$type":"XConfigLevelActionParamsSetSystemFuncEntryEnableBatch","EnableList":[15,12],"DisableList":[]}},{"ActionType":3003,"Params":{"$type":"XConfigLevelActionParamsControlSystemFunctionMap","IsLimit":false,"SystemFunctionType":3}},{"ActionType":3003,"Params":{"$type":"XConfigLevelActionParamsControlSystemFunctionTask","LimitType":0,"SystemFunctionType":2}},{"ActionType":18002,"Params":{"$type":"XConfigLevelActionParamsRequestLeaveInstLevel","SaveOnExit":false,"UseExitTargetLevelParams":true,"WorldId":0,"LevelId":5001,"TargetPos":[479.906005859375,192.822998046875,1015.4959716796875],"TargetRot":[0.0,0.0,0.0]}}],"FixProcessors":{}}																																																																									
40390101	4039	403901	0	7											0	1	6	7	0	0	0											4039										{"EnterActions":[{"ActionType":19007,"Params":{"$type":"XConfigLevelActionParamsSetSystemFuncEntryEnableBatch","EnableList":[],"DisableList":[15,4]}},{"ActionType":1000,"Params":{"$type":"XConfigLevelActionParamsAddTrialNpcToTeam","TrialNpcIds":[4],"AddMode":1,"CurNpcPos":1}},{"ActionType":3003,"Params":{"$type":"XConfigLevelActionParamsControlSystemFunctionTask","LimitType":1,"SystemFunctionType":2}},{"ActionType":3003,"Params":{"$type":"XConfigLevelActionParamsControlSystemFunctionMap","IsLimit":true,"SystemFunctionType":3}},{"ActionType":19012,"Params":{"$type":"XConfigLevelActionParamsSetPlayerFirstPersonMode","IsFirstPersonMode":true}},{"ActionType":15003,"Params":{"$type":"XConfigLevelActionParamsOpenQuestProcessPop","IsFinish":false}}],"TracePosArgs":[{"Position":[501.9289855957031,185.56100463867188,958.2540283203125],"Id":1,"DisplayOffset":[0.0,2.0,0.0],"ShowEffect":true,"ForceMapPinActive":false,"InitHide":false,"Radius":0.0,"FloorNum":201}],"FixProcessors":{}}	501.9289855957031	185.56100463867188	958.2540283203125	3.0	0	0																																																																			
40390102	4039	403901	1	2	Drama_2007_001	0	0.0	0.0	0.0	0.0	0.0	0.0	18	1	0	1	8	9	0	0	0											4039										{"RecordDecisionClipSelect":{"36":"decision1"},"FixProcessors":{}}																																																																									
40390201	4039	403902	0	2	Drama_2007_002	0	0.0	0.0	0.0	0.0	0.0	0.0	18	0	0	1	12	13	0	0	0											4039										{"RecordDecisionClipSelect":{},"ExitActions":[{"ActionType":6000,"Params":{"$type":"XConfigLevelActionFinishInstLevel","UseSwitchQuestVar":true,"QuestVarSwitchDataList":[{"CalTargetQuestId":2007,"MathOp":5,"LeftQuestVarToken":{"$type":"XConfigQuestVarRefToken","VarType":1,"StrKey":"2007","IntKey":0},"RightQuestVarToken":{"$type":"XConfigQuestVarRefToken","VarType":1,"StrKey":"decision1","IntKey":0}}]}},{"ActionType":19007,"Params":{"$type":"XConfigLevelActionParamsSetSystemFuncEntryEnableBatch","EnableList":[15,4],"DisableList":[]}},{"ActionType":3003,"Params":{"$type":"XConfigLevelActionParamsControlSystemFunctionMap","IsLimit":false,"SystemFunctionType":3}},{"ActionType":3003,"Params":{"$type":"XConfigLevelActionParamsControlSystemFunctionTask","LimitType":0,"SystemFunctionType":2}},{"ActionType":19012,"Params":{"$type":"XConfigLevelActionParamsSetPlayerFirstPersonMode","IsFirstPersonMode":false}},{"ActionType":18000,"Params":{"$type":"XConfigLevelActionParamsRemoveTrialNpcFromTeam"}},{"ActionType":18002,"Params":{"$type":"XConfigLevelActionParamsRequestLeaveInstLevel","SaveOnExit":false,"UseExitTargetLevelParams":true,"WorldId":0,"LevelId":5001,"TargetPos":[501.30999755859375,185.89599609375,959.260009765625],"TargetRot":[0.0,0.0,0.0]}}],"FixProcessors":{}}																																																																									
40390301	4039	403903	0	2	Drama_2007_003	0	0.0	0.0	0.0	0.0	0.0	0.0	18	0	0	1	16	17	0	0	0											4039										{"RecordDecisionClipSelect":{},"ExitActions":[{"ActionType":6000,"Params":{"$type":"XConfigLevelActionFinishInstLevel","UseSwitchQuestVar":true,"QuestVarSwitchDataList":[{"CalTargetQuestId":2007,"MathOp":5,"LeftQuestVarToken":{"$type":"XConfigQuestVarRefToken","VarType":1,"StrKey":"2007","IntKey":0},"RightQuestVarToken":{"$type":"XConfigQuestVarRefToken","VarType":1,"StrKey":"decision1","IntKey":0}}]}},{"ActionType":19007,"Params":{"$type":"XConfigLevelActionParamsSetSystemFuncEntryEnableBatch","EnableList":[15,4],"DisableList":[]}},{"ActionType":3003,"Params":{"$type":"XConfigLevelActionParamsControlSystemFunctionMap","IsLimit":false,"SystemFunctionType":3}},{"ActionType":3003,"Params":{"$type":"XConfigLevelActionParamsControlSystemFunctionTask","LimitType":0,"SystemFunctionType":2}},{"ActionType":19012,"Params":{"$type":"XConfigLevelActionParamsSetPlayerFirstPersonMode","IsFirstPersonMode":false}},{"ActionType":18000,"Params":{"$type":"XConfigLevelActionParamsRemoveTrialNpcFromTeam"}},{"ActionType":18002,"Params":{"$type":"XConfigLevelActionParamsRequestLeaveInstLevel","SaveOnExit":false,"UseExitTargetLevelParams":true,"WorldId":0,"LevelId":5001,"TargetPos":[501.30999755859375,185.89599609375,959.260009765625],"TargetRot":[0.0,0.0,0.0]}}],"FixProcessors":{}}																																																																									
40400100	4040	404001	0	6											0	1	6	7	0	0	0											4040	0									{"EnterActions":[{"ActionType":12000,"Params":{"$type":"XConfigLevelActionParamsLoadNpc","PlaceIdList":[3700013,3700007],"AutoUnloadWhiteList":[]}},{"ActionType":1000,"Params":{"$type":"XConfigLevelActionParamsAddTrialNpcToTeam","TrialNpcIds":[4],"AddMode":1,"CurNpcPos":1}},{"ActionType":19007,"Params":{"$type":"XConfigLevelActionParamsSetSystemFuncEntryEnableBatch","EnableList":[],"DisableList":[15,12]}},{"ActionType":3003,"Params":{"$type":"XConfigLevelActionParamsControlSystemFunctionMap","IsLimit":true,"SystemFunctionType":3}},{"ActionType":3003,"Params":{"$type":"XConfigLevelActionParamsControlSystemFunctionShortMsg","IsLimit":true,"SystemFunctionType":4}},{"ActionType":5001,"Params":{"$type":"XConfigLevelActionParamsEnableActorInteractableComponent","PlaceId":3700009,"ActorType":2,"Enable":false}},{"ActionType":5001,"Params":{"$type":"XConfigLevelActionParamsEnableActorInteractableComponent","PlaceId":3700010,"ActorType":2,"Enable":false}},{"ActionType":12001,"Params":{"$type":"XConfigLevelActionParamsLoadSceneObject","PlaceIdList":[3700033,3700034],"AutoUnloadWhiteList":[]}}],"ExitActions":[{"ActionType":15003,"Params":{"$type":"XConfigLevelActionParamsOpenQuestProcessPop","IsFinish":false}}],"FixProcessors":{}}													201501	1																																																											
40400101	4040	404001	1	7											0	1	8	9	0	0	0											4040	0									{"TracePosArgs":[{"Position":[374.26959228515625,126.52529907226562,162.04640197753906],"Id":1,"DisplayOffset":[0.0,0.0,0.0],"ShowEffect":false,"ForceMapPinActive":false,"InitHide":false,"Radius":0.0,"FloorNum":0}],"FixProcessors":{}}	332.0089416503906	125.79277038574219	162.484375	18.0	0	0																																																																			
40400102	4040	404001	2	2	Drama_2015_001	0	0.0	0.0	0.0	0.0	0.0	0.0	23	0	0	1	10	11	0	0	0											4040	0									{"RecordDecisionClipSelect":{},"EnterActions":[{"ActionType":6004,"Params":{"$type":"XConfigLevelActionParamsFilmImmersionModeEnter","Duration":1.0,"ModeName":"Common","IsIgnoreCameraFOV":true,"IsBlockInput":false}}],"ExitActions":[{"ActionType":21001,"Params":{"$type":"XConfigLevelActionParamsUnloadNpc","PlaceIdList":[3700007]}}],"FixProcessors":{}}																																																												0													
40400103	4040	404001	3	2	Drama_2015_002	0	0.0	0.0	0.0	0.0	0.0	0.0	23	1	0	1	12	13	0	0	0											4040	0									{"RecordDecisionClipSelect":{"74":"decision1"},"ExitActions":[{"ActionType":6005,"Params":{"$type":"XConfigLevelActionParamsFilmImmersionModeExit","Duration":1.0}},{"ActionType":5001,"Params":{"$type":"XConfigLevelActionParamsEnableActorInteractableComponent","PlaceId":3700009,"ActorType":2,"Enable":true}},{"ActionType":12001,"Params":{"$type":"XConfigLevelActionParamsLoadSceneObject","PlaceIdList":[3700026,3700027],"AutoUnloadWhiteList":[]}}],"FixProcessors":{}}																																																												0													
40400108	4040	404004	1	2	Drama_2015_004	0	0.0	0.0	0.0	0.0	0.0	0.0	0	0	0	0	34	35	0	0	0											4040	0									{"RecordDecisionClipSelect":{},"ExitActions":[{"ActionType":21001,"Params":{"$type":"XConfigLevelActionParamsUnloadNpc","PlaceIdList":[3700030]}},{"ActionType":12000,"Params":{"$type":"XConfigLevelActionParamsLoadNpc","PlaceIdList":[3700031],"AutoUnloadWhiteList":[]}},{"ActionType":14008,"Params":{"$type":"XConfigLevelActionParamsNpcTetherFollowMove","IsPlayerBecomeFollower":false,"NpcPlaceId":3700031,"IsFollowPlayer":true,"FollowTargetNpcPlaceId":0,"LeadExpRotRadius":1.670685052871704,"ExpReachTime":0.20000000298023224,"TargetPosOffset":[-0.6266844868659973,0.0,-0.23892450332641602],"NpcAnimAlignRadius":1.2000000476837158,"ChaseRadius":1.0,"EnableForceTeleport":true,"TeleportRange":3.0,"HandType":2,"CloneTrialNpcId":0}},{"ActionType":16001,"Params":{"$type":"XConfigLevelActionParamsPlayDramaCaption","DramaCaptionName":"Caption201505","WaitComplete":true,"IsSequentialJob":true}},{"ActionType":12001,"Params":{"$type":"XConfigLevelActionParamsLoadSceneObject","PlaceIdList":[3700016,3700021,3700022,3700023,3700024],"AutoUnloadWhiteList":[]}},{"ActionType":21002,"Params":{"$type":"XConfigLevelActionParamsUnloadSceneObject","PlaceIdList":[3700026,3700027]}},{"ActionType":12001,"Params":{"$type":"XConfigLevelActionParamsLoadSceneObject","PlaceIdList":[3700028],"AutoUnloadWhiteList":[]}}],"FixProcessors":{}}																																																												0													
40400109	4040	404004	2	7											0	0	36	37	0	0	0											4040	0									{"EnterActions":[{"ActionType":5001,"Params":{"$type":"XConfigLevelActionParamsEnableActorInteractableComponent","PlaceId":3700010,"ActorType":2,"Enable":true}}],"TracePosArgs":[{"Position":[343.739990234375,285.8900146484375,220.99000549316406],"Id":4,"DisplayOffset":[0.0,0.0,0.0],"ShowEffect":false,"ForceMapPinActive":false,"InitHide":false,"Radius":0.0,"FloorNum":0}],"FixProcessors":{}}	344.6000061035156	285.8999938964844	219.3000030517578	3.0	0	0																																																																			
40400110	4040	404004	3	2	Drama_2015_005	0	0.0	0.0	0.0	0.0	0.0	0.0	0	0	0	0	38	39	0	0	0											4040	0									{"RecordDecisionClipSelect":{},"EnterActions":[{"ActionType":6004,"Params":{"$type":"XConfigLevelActionParamsFilmImmersionModeEnter","Duration":1.0,"ModeName":"Common","IsIgnoreCameraFOV":false,"IsBlockInput":false}},{"ActionType":21002,"Params":{"$type":"XConfigLevelActionParamsUnloadSceneObject","PlaceIdList":[3700034]}}],"ExitActions":[{"ActionType":6005,"Params":{"$type":"XConfigLevelActionParamsFilmImmersionModeExit","Duration":1.0}},{"ActionType":12000,"Params":{"$type":"XConfigLevelActionParamsLoadNpc","PlaceIdList":[3700014],"AutoUnloadWhiteList":[]}},{"ActionType":21002,"Params":{"$type":"XConfigLevelActionParamsUnloadSceneObject","PlaceIdList":[3700028]}}],"FixProcessors":{}}																																																												0													
40400111	4040	404004	5	2	Drama_2015_011	0	0.0	0.0	0.0	0.0	0.0	0.0	0	0	0	0	42	43	0	0	0											4040	0									{"RecordDecisionClipSelect":{},"ExitActions":[{"ActionType":23000,"Params":{"$type":"XConfigLevelActionParamsWaitTime","TimeSeconds":1}},{"ActionType":12000,"Params":{"$type":"XConfigLevelActionParamsLoadNpc","PlaceIdList":[3700014],"AutoUnloadWhiteList":[]}}],"FixProcessors":{}}																																																												0													
40400112	4040	404004	6	7											0	0	44	45	0	0	0											4040	0									{"EnterActions":[{"ActionType":12000,"Params":{"$type":"XConfigLevelActionParamsLoadNpc","PlaceIdList":[3700033],"AutoUnloadWhiteList":[]}},{"ActionType":16000,"Params":{"$type":"XConfigLevelActionParamsPlayDrama","DramaName":"Drama_2015_012","ReferencePos":[0.0,0.0,0.0],"ReferenceRot":[0.0,0.0,0.0],"CombineKey":0,"PlayerNpcTrialId":0}}],"FixProcessors":{}}	342.3999938964844	292.29998779296875	255.60000610351562	3.0	1	3700033																																																																			
40400113	4040	404004	4	7											0	0	40	41	0	0	0											4040	0									{"TracePosArgs":[{"Position":[326.20001220703125,287.29998779296875,233.89999389648438],"Id":4,"DisplayOffset":[0.0,0.0,0.0],"ShowEffect":false,"ForceMapPinActive":false,"InitHide":false,"Radius":0.0,"FloorNum":0}],"FixProcessors":{}}	326.20001220703125	287.29998779296875	233.89999389648438	2.0	0	0																																																																			
40400204	4040	404002	0	7											0	1	16	17	0	0	0											4040	0									{"EnterActions":[{"ActionType":14008,"Params":{"$type":"XConfigLevelActionParamsNpcTetherFollowMove","IsPlayerBecomeFollower":false,"NpcPlaceId":3700013,"IsFollowPlayer":true,"FollowTargetNpcPlaceId":0,"LeadExpRotRadius":2.180140972137451,"ExpReachTime":0.20000000298023224,"TargetPosOffset":[-0.6266844868659973,0.0,-0.23892450332641602],"NpcAnimAlignRadius":1.2000000476837158,"ChaseRadius":1.0,"EnableForceTeleport":true,"TeleportRange":5.0,"HandType":2,"CloneTrialNpcId":0}}],"ExitActions":[{"ActionType":19002,"Params":{"$type":"XConfigLevelActionParamsSetVar","Key":"decision2","VarType":1,"BoolValue":null,"IntValue":1,"FloatValue":null}}],"TracePosArgs":[{"Position":[383.1601867675781,211.47320556640625,172.86500549316406],"Id":2,"DisplayOffset":[0.0,0.0,0.0],"ShowEffect":false,"ForceMapPinActive":false,"InitHide":false,"Radius":0.0,"FloorNum":0}],"FixProcessors":{}}	383.1601867675781	211.47320556640625	172.86500549316406	2.0	0	0																																																																			
40400205	4040	404002	1	2	Drama_2015_003	0	0.0	0.0	0.0	0.0	0.0	0.0	0	0	0	1	18	19	0	0	0											4040	0									{"RecordDecisionClipSelect":{},"EnterActions":[{"ActionType":6004,"Params":{"$type":"XConfigLevelActionParamsFilmImmersionModeEnter","Duration":1.0,"ModeName":"Common","IsIgnoreCameraFOV":true,"IsBlockInput":false}}],"ExitActions":[{"ActionType":6005,"Params":{"$type":"XConfigLevelActionParamsFilmImmersionModeExit","Duration":1.0}}],"FixProcessors":{}}																																																												0													
40400206	4040	404002	2	7											0	1	20	21	0	0	0											4040	0									{"ExitActions":[{"ActionType":16000,"Params":{"$type":"XConfigLevelActionParamsPlayDrama","DramaName":"Drama_2015_009","ReferencePos":[0.0,0.0,0.0],"ReferenceRot":[0.0,0.0,0.0],"CombineKey":0,"PlayerNpcTrialId":4}},{"ActionType":19014,"Params":{"$type":"XConfigLevelActionParamsScreenFadeIn","ScreenEffectId":300017,"Duration":0.0}},{"ActionType":21001,"Params":{"$type":"XConfigLevelActionParamsUnloadNpc","PlaceIdList":[3700013]}},{"ActionType":12000,"Params":{"$type":"XConfigLevelActionParamsLoadNpc","PlaceIdList":[3700030],"AutoUnloadWhiteList":[]}},{"ActionType":14008,"Params":{"$type":"XConfigLevelActionParamsNpcTetherFollowMove","IsPlayerBecomeFollower":false,"NpcPlaceId":3700030,"IsFollowPlayer":true,"FollowTargetNpcPlaceId":0,"LeadExpRotRadius":3.180140972137451,"ExpReachTime":0.20000000298023224,"TargetPosOffset":[-0.6266844868659973,0.0,-0.23892450332641602],"NpcAnimAlignRadius":1.2000000476837158,"ChaseRadius":1.0,"EnableForceTeleport":true,"TeleportRange":5.0,"HandType":2,"CloneTrialNpcId":0}},{"ActionType":14010,"Params":{"$type":"XConfigLevelActionParamsNpcToggleFollowPauseState","NpcPlaceId":3700030,"IsPause":true}},{"ActionType":19015,"Params":{"$type":"XConfigLevelActionParamsScreenFadeOut","Duration":0.0}},{"ActionType":16001,"Params":{"$type":"XConfigLevelActionParamsPlayDramaCaption","DramaCaptionName":"Caption201507","WaitComplete":true,"IsSequentialJob":true}}],"TracePosArgs":[{"Position":[357.0799865722656,211.47320556640625,172.0800018310547],"Id":3,"DisplayOffset":[0.0,0.0,0.0],"ShowEffect":false,"ForceMapPinActive":false,"InitHide":false,"Radius":0.0,"FloorNum":0}],"FixProcessors":{}}	357.0799865722656	211.47320556640625	172.0800018310547	3.0	0	0																																																																			
40400304	4040	404003	0	7											0	1	24	25	0	0	0											4040	0									{"EnterActions":[{"ActionType":12000,"Params":{"$type":"XConfigLevelActionParamsLoadNpc","PlaceIdList":[3700029],"AutoUnloadWhiteList":[]}},{"ActionType":1000,"Params":{"$type":"XConfigLevelActionParamsAddTrialNpcToTeam","TrialNpcIds":[2015],"AddMode":1,"CurNpcPos":1}},{"ActionType":21001,"Params":{"$type":"XConfigLevelActionParamsUnloadNpc","PlaceIdList":[3700013]}},{"ActionType":14008,"Params":{"$type":"XConfigLevelActionParamsNpcTetherFollowMove","IsPlayerBecomeFollower":true,"NpcPlaceId":3700029,"IsFollowPlayer":true,"FollowTargetNpcPlaceId":3700006,"LeadExpRotRadius":2.180140972137451,"ExpReachTime":0.20000000298023224,"TargetPosOffset":[0.6266844868659973,0.0,-0.23892450332641602],"NpcAnimAlignRadius":1.2000000476837158,"ChaseRadius":1.0,"EnableForceTeleport":true,"TeleportRange":5.0,"HandType":1,"CloneTrialNpcId":4}}],"ExitActions":[{"ActionType":19002,"Params":{"$type":"XConfigLevelActionParamsSetVar","Key":"decision2","VarType":1,"BoolValue":null,"IntValue":2,"FloatValue":null}}],"TracePosArgs":[{"Position":[383.1601867675781,211.47320556640625,172.86500549316406],"Id":2,"DisplayOffset":[0.0,0.0,0.0],"ShowEffect":false,"ForceMapPinActive":false,"InitHide":false,"Radius":0.0,"FloorNum":0}],"FixProcessors":{"1":[]}}	383.1601867675781	211.47320556640625	172.86500549316406	2.0	0	0																																																																			
40400305	4040	404003	1	2	Drama_2015_003	0	0.0	0.0	0.0	0.0	0.0	0.0	0	0	0	1	26	27	0	0	0											4040	0									{"RecordDecisionClipSelect":{},"EnterActions":[{"ActionType":21002,"Params":{"$type":"XConfigLevelActionParamsUnloadSceneObject","PlaceIdList":[3700033]}},{"ActionType":6004,"Params":{"$type":"XConfigLevelActionParamsFilmImmersionModeEnter","Duration":1.0,"ModeName":"Common","IsIgnoreCameraFOV":true,"IsBlockInput":false}}],"ExitActions":[{"ActionType":6005,"Params":{"$type":"XConfigLevelActionParamsFilmImmersionModeExit","Duration":1.0}}],"FixProcessors":{}}																																																												4													
40400306	4040	404003	2	7											0	1	28	29	0	0	0											4040	0									{"ExitActions":[{"ActionType":16000,"Params":{"$type":"XConfigLevelActionParamsPlayDrama","DramaName":"Drama_2015_009","ReferencePos":[0.0,0.0,0.0],"ReferenceRot":[0.0,0.0,0.0],"CombineKey":0,"PlayerNpcTrialId":4}},{"ActionType":19014,"Params":{"$type":"XConfigLevelActionParamsScreenFadeIn","ScreenEffectId":300017,"Duration":0.0}},{"ActionType":21001,"Params":{"$type":"XConfigLevelActionParamsUnloadNpc","PlaceIdList":[3700029]}},{"ActionType":12000,"Params":{"$type":"XConfigLevelActionParamsLoadNpc","PlaceIdList":[3700030],"AutoUnloadWhiteList":[]}},{"ActionType":1000,"Params":{"$type":"XConfigLevelActionParamsAddTrialNpcToTeam","TrialNpcIds":[4],"AddMode":1,"CurNpcPos":1}},{"ActionType":14008,"Params":{"$type":"XConfigLevelActionParamsNpcTetherFollowMove","IsPlayerBecomeFollower":false,"NpcPlaceId":3700030,"IsFollowPlayer":true,"FollowTargetNpcPlaceId":0,"LeadExpRotRadius":3.180140972137451,"ExpReachTime":0.20000000298023224,"TargetPosOffset":[-0.6266844868659973,0.0,-0.23892450332641602],"NpcAnimAlignRadius":1.2000000476837158,"ChaseRadius":1.0,"EnableForceTeleport":true,"TeleportRange":5.0,"HandType":2,"CloneTrialNpcId":0}},{"ActionType":14010,"Params":{"$type":"XConfigLevelActionParamsNpcToggleFollowPauseState","NpcPlaceId":3700030,"IsPause":true}},{"ActionType":19015,"Params":{"$type":"XConfigLevelActionParamsScreenFadeOut","Duration":0.0}},{"ActionType":16001,"Params":{"$type":"XConfigLevelActionParamsPlayDramaCaption","DramaCaptionName":"Caption201507","WaitComplete":true,"IsSequentialJob":true}}],"TracePosArgs":[{"Position":[357.0799865722656,211.47320556640625,172.0800018310547],"Id":3,"DisplayOffset":[0.0,0.0,0.0],"ShowEffect":false,"ForceMapPinActive":false,"InitHide":false,"Radius":0.0,"FloorNum":0}],"FixProcessors":{}}	357.0799865722656	211.47320556640625	172.0800018310547	3.0	0	0																																																																			
40400407	4040	404004	0	5											0	0	32	33	0	0	0											4040	0									{"TargetArgs":{"1":{"3700030":4}},"ExitActions":[{"ActionType":16000,"Params":{"$type":"XConfigLevelActionParamsPlayDrama","DramaName":"Drama_2015_007","ReferencePos":[0.0,0.0,0.0],"ReferenceRot":[0.0,0.0,0.0],"CombineKey":27,"PlayerNpcTrialId":0}}],"TraceActorArgs":[{"TargetType":1,"PlaceId":3700030,"Id":7,"DisplayOffset":[0.0,2.0,0.0],"ShowEffect":false,"ForceMapPinActive":false,"InitHide":false,"Radius":0.0,"FloorNum":0}],"FixProcessors":{}}																																																																									
40400511	4040	404005	0	5											0	1	48	49	0	0	0											4040	0									{"TargetArgs":{"1":{"3700014":1}},"ExitActions":[{"ActionType":16000,"Params":{"$type":"XConfigLevelActionParamsPlayDrama","DramaName":"Drama_2015_010","ReferencePos":[0.0,0.0,0.0],"ReferenceRot":[0.0,0.0,0.0],"CombineKey":0,"PlayerNpcTrialId":0}},{"ActionType":5001,"Params":{"$type":"XConfigLevelActionParamsEnableActorInteractableComponent","PlaceId":3700014,"ActorType":1,"Enable":false}}],"TraceActorArgs":[{"TargetType":1,"PlaceId":3700014,"Id":6,"DisplayOffset":[0.0,0.0,0.0],"ShowEffect":false,"ForceMapPinActive":false,"InitHide":false,"Radius":0.0,"FloorNum":0}],"FixProcessors":{}}																																																																									
40400612	4040	404006	0	7											0	1	52	53	0	0	0											4040	0									{"ExitActions":[{"ActionType":6004,"Params":{"$type":"XConfigLevelActionParamsFilmImmersionModeEnter","Duration":1.0,"ModeName":"Common","IsIgnoreCameraFOV":false,"IsBlockInput":false}},{"ActionType":16000,"Params":{"$type":"XConfigLevelActionParamsPlayDrama","DramaName":"Drama_2015_006","ReferencePos":[0.0,0.0,0.0],"ReferenceRot":[0.0,0.0,0.0],"CombineKey":0,"PlayerNpcTrialId":0}},{"ActionType":6005,"Params":{"$type":"XConfigLevelActionParamsFilmImmersionModeExit","Duration":1.0}},{"ActionType":19007,"Params":{"$type":"XConfigLevelActionParamsSetSystemFuncEntryEnableBatch","EnableList":[15,12],"DisableList":[]}},{"ActionType":3003,"Params":{"$type":"XConfigLevelActionParamsControlSystemFunctionMap","IsLimit":false,"SystemFunctionType":3}},{"ActionType":3003,"Params":{"$type":"XConfigLevelActionParamsControlSystemFunctionShortMsg","IsLimit":false,"SystemFunctionType":4}},{"ActionType":6000,"Params":{"$type":"XConfigLevelActionFinishInstLevel","UseSwitchQuestVar":false,"QuestVarSwitchDataList":null}},{"ActionType":18002,"Params":{"$type":"XConfigLevelActionParamsRequestLeaveInstLevel","SaveOnExit":false,"UseExitTargetLevelParams":false,"WorldId":0,"LevelId":0,"TargetPos":[0.0,0.0,0.0],"TargetRot":[0.0,0.0,0.0]}}],"TracePosArgs":[{"Position":[298.79998779296875,289.20001220703125,269.70001220703125],"Id":9,"DisplayOffset":[0.0,1.2000000476837158,0.0],"ShowEffect":true,"ForceMapPinActive":false,"InitHide":false,"Radius":0.0,"FloorNum":0}],"FixProcessors":{}}	298.79998779296875	289.20001220703125	269.70001220703125	5.0	0	0																																																																			
40410100	4041	404101	0	6											0	1	6	7	0	0	0											4041	0									{"EnterActions":[{"ActionType":19014,"Params":{"$type":"XConfigLevelActionParamsScreenFadeIn","ScreenEffectId":300017,"Duration":0.0}},{"ActionType":1000,"Params":{"$type":"XConfigLevelActionParamsAddTrialNpcToTeam","TrialNpcIds":[4],"AddMode":1,"CurNpcPos":1}},{"ActionType":19007,"Params":{"$type":"XConfigLevelActionParamsSetSystemFuncEntryEnableBatch","EnableList":[],"DisableList":[15,12]}},{"ActionType":3003,"Params":{"$type":"XConfigLevelActionParamsControlSystemFunctionMap","IsLimit":true,"SystemFunctionType":3}},{"ActionType":3003,"Params":{"$type":"XConfigLevelActionParamsControlSystemFunctionShortMsg","IsLimit":true,"SystemFunctionType":4}},{"ActionType":12001,"Params":{"$type":"XConfigLevelActionParamsLoadSceneObject","PlaceIdList":[3400004,3400007,3400008,3400009,3400013,3400001,3400003],"AutoUnloadWhiteList":[]}},{"ActionType":3003,"Params":{"$type":"XConfigLevelActionParamsControlSystemFunctionTask","LimitType":1,"SystemFunctionType":2}},{"ActionType":19015,"Params":{"$type":"XConfigLevelActionParamsScreenFadeOut","Duration":1.0}}],"ExitActions":[{"ActionType":15003,"Params":{"$type":"XConfigLevelActionParamsOpenQuestProcessPop","IsFinish":false}}],"FixProcessors":{}}													201601	1																																																											
40410101	4041	404101	1	7											0	1	8	9	1	0	0											4041	0									{"ExitActions":[{"ActionType":12000,"Params":{"$type":"XConfigLevelActionParamsLoadNpc","PlaceIdList":[3400002],"AutoUnloadWhiteList":[]}}],"TracePosArgs":[{"Position":[271.3070068359375,120.65799713134766,166.76800537109375],"Id":1,"DisplayOffset":[0.0,0.0,0.0],"ShowEffect":false,"ForceMapPinActive":false,"InitHide":false,"Radius":0.0,"FloorNum":0}],"FixProcessors":{}}	271.3070068359375	120.65799713134766	166.76800537109375	3.0	0	0																																																																			
40410104	4041	404101	2	7											0	1	10	11	1	0	0											4041	0									{"ExitActions":[{"ActionType":6004,"Params":{"$type":"XConfigLevelActionParamsFilmImmersionModeEnter","Duration":1.0,"ModeName":"Common","IsIgnoreCameraFOV":true,"IsBlockInput":false}},{"ActionType":12000,"Params":{"$type":"XConfigLevelActionParamsLoadNpc","PlaceIdList":[3400019],"AutoUnloadWhiteList":[]}},{"ActionType":19007,"Params":{"$type":"XConfigLevelActionParamsSetSystemFuncEntryEnableBatch","EnableList":[],"DisableList":[18,19,20,21,22]}},{"ActionType":16000,"Params":{"$type":"XConfigLevelActionParamsPlayDrama","DramaName":"Drama_2016_001","ReferencePos":[0.0,0.0,0.0],"ReferenceRot":[0.0,0.0,0.0],"CombineKey":0}},{"ActionType":19007,"Params":{"$type":"XConfigLevelActionParamsSetSystemFuncEntryEnableBatch","EnableList":[22,18,19,20,21],"DisableList":[]}},{"ActionType":21001,"Params":{"$type":"XConfigLevelActionParamsUnloadNpc","PlaceIdList":[3400002]}},{"ActionType":6005,"Params":{"$type":"XConfigLevelActionParamsFilmImmersionModeExit","Duration":1.0}}],"TraceActorArgs":[{"TargetType":1,"PlaceId":3400002,"Id":3,"DisplayOffset":[0.0,2.0,0.0],"ShowEffect":false,"ForceMapPinActive":false,"InitHide":false,"Radius":0.0,"FloorNum":302}],"FixProcessors":{}}	280.2857971191406	120.660400390625	166.3592987060547	4.0	0	0																																																																			
40410105	4041	404101	5	7											0	1	16	17	0	0	0											4041	0									{"EnterActions":[{"ActionType":12000,"Params":{"$type":"XConfigLevelActionParamsLoadNpc","PlaceIdList":[3400020],"AutoUnloadWhiteList":[]}},{"ActionType":21001,"Params":{"$type":"XConfigLevelActionParamsUnloadNpc","PlaceIdList":[3400019]}}],"TraceActorArgs":[{"TargetType":1,"PlaceId":3400020,"Id":14,"DisplayOffset":[0.0,2.0,0.0],"ShowEffect":false,"ForceMapPinActive":false,"InitHide":false,"Radius":0.0,"FloorNum":0}],"FixProcessors":{}}	381.0360107421875	211.46299743652344	172.81399536132812	3.0	0	0																																																																			
40410106	4041	404101	9	7											0	1	24	25	0	0	0											4041	0									{"EnterActions":[{"ActionType":14004,"Params":{"$type":"XConfigLevelActionParamsNpcGuideMoveTo","WaitComplete":false,"NpcPlaceId":3400020,"TargetPosition":[343.5329895019531,218.90699768066406,170.24099731445312],"UseNavMesh":true,"OutOfRouteRange":60.0,"StartGuideRange":50.0,"ReachTargetPositionRange":0.5,"WaitDramaCaptionName":null,"WaitDramaCaptionPlayProbability":0.0,"IdleTurningDelayTime":0.5,"GuideMoveTypeMatchesTarget":false,"GuideMoveType":1}}],"ExitActions":[{"ActionType":6004,"Params":{"$type":"XConfigLevelActionParamsFilmImmersionModeEnter","Duration":1.0,"ModeName":"Common","IsIgnoreCameraFOV":true,"IsBlockInput":false}},{"ActionType":19007,"Params":{"$type":"XConfigLevelActionParamsSetSystemFuncEntryEnableBatch","EnableList":[],"DisableList":[18,19,20,21,22]}},{"ActionType":16000,"Params":{"$type":"XConfigLevelActionParamsPlayDrama","DramaName":"Drama_2016_002","ReferencePos":[0.0,0.0,0.0],"ReferenceRot":[0.0,0.0,0.0],"CombineKey":0}},{"ActionType":19007,"Params":{"$type":"XConfigLevelActionParamsSetSystemFuncEntryEnableBatch","EnableList":[19,18,20,21,22],"DisableList":[]}},{"ActionType":6005,"Params":{"$type":"XConfigLevelActionParamsFilmImmersionModeExit","Duration":1.0}},{"ActionType":12001,"Params":{"$type":"XConfigLevelActionParamsLoadSceneObject","PlaceIdList":[3400002,3400005,3400010,3400011,3400012,3400015],"AutoUnloadWhiteList":[]}},{"ActionType":21002,"Params":{"$type":"XConfigLevelActionParamsUnloadSceneObject","PlaceIdList":[3400004]}},{"ActionType":12000,"Params":{"$type":"XConfigLevelActionParamsLoadNpc","PlaceIdList":[3400003,3400004,3400013,3400015,3400016,3400017,3400018],"AutoUnloadWhiteList":[]}}],"TraceActorArgs":[{"TargetType":1,"PlaceId":3400020,"Id":15,"DisplayOffset":[0.0,2.0,0.0],"ShowEffect":false,"ForceMapPinActive":false,"InitHide":false,"Radius":0.0,"FloorNum":0}],"FixProcessors":{}}	344.00299072265625	218.91920471191406	170.3260040283203	3.0	0	0																																																																			
40410107	4041	404101	10	5											0	1	26	27	0	0	0											4041	0									{"TargetArgs":{"2":{"3400002":0}},"ExitActions":[{"ActionType":6004,"Params":{"$type":"XConfigLevelActionParamsFilmImmersionModeEnter","Duration":1.0,"ModeName":"Common","IsIgnoreCameraFOV":false,"IsBlockInput":false}},{"ActionType":19007,"Params":{"$type":"XConfigLevelActionParamsSetSystemFuncEntryEnableBatch","EnableList":[],"DisableList":[19,18,20,21,22]}},{"ActionType":16000,"Params":{"$type":"XConfigLevelActionParamsPlayDrama","DramaName":"Drama_2016_007","ReferencePos":[0.0,0.0,0.0],"ReferenceRot":[0.0,0.0,0.0],"CombineKey":0}},{"ActionType":19007,"Params":{"$type":"XConfigLevelActionParamsSetSystemFuncEntryEnableBatch","EnableList":[18,19,20,21,22],"DisableList":[]}},{"ActionType":21002,"Params":{"$type":"XConfigLevelActionParamsUnloadSceneObject","PlaceIdList":[3400002]}},{"ActionType":21002,"Params":{"$type":"XConfigLevelActionParamsUnloadSceneObject","PlaceIdList":[]}}],"TraceActorArgs":[{"TargetType":2,"PlaceId":3400002,"Id":5,"DisplayOffset":[0.0,0.0,0.0],"ShowEffect":false,"ForceMapPinActive":false,"InitHide":false,"Radius":0.0,"FloorNum":303}],"FixProcessors":{}}																																																																									
40410108	4041	404101	11	2	Drama_2016_003	0	0.0	0.0	0.0	0.0	0.0	0.0	24	0	0	1	28	29	0	0	0											4041	0									{"RecordDecisionClipSelect":{},"FixProcessors":{}}																																																																									
40410109	4041	404101	12	2	Drama_2016_004	0	0.0	0.0	0.0	0.0	0.0	0.0	24	0	0	1	30	31	0	0	0											4041	0									{"RecordDecisionClipSelect":{},"FixProcessors":{}}																																																																									
40410110	4041	404101	13	2	Drama_2016_005	0	0.0	0.0	0.0	0.0	0.0	0.0	24	0	0	1	32	33	0	0	0											4041	0									{"RecordDecisionClipSelect":{},"ExitActions":[{"ActionType":6005,"Params":{"$type":"XConfigLevelActionParamsFilmImmersionModeExit","Duration":1.0}},{"ActionType":21002,"Params":{"$type":"XConfigLevelActionParamsUnloadSceneObject","PlaceIdList":[3400005,3400010,3400011,3400012,3400015]}},{"ActionType":21001,"Params":{"$type":"XConfigLevelActionParamsUnloadNpc","PlaceIdList":[3400003,3400004,3400013,3400015,3400016,3400017,3400018]}},{"ActionType":14001,"Params":{"$type":"XConfigLevelActionParamsNpcRelativeFollowMove","NpcPlaceId":3400020,"IsFollowPlayer":true,"FollowTargetNpcPlaceId":0,"TargetAngle":90.0,"TargetRadius":1.0,"ChaseRadius":3.0,"NormalFollowRadius":2.0,"MaxIdleLagDistance":4.0,"IdleLookAtTargetDelayTime":0.0,"UseNavMesh":true,"StartFollowDelayTime":0.30000001192092896,"EnableForceTeleport":true,"TeleportRange":5.0}}],"FixProcessors":{}}																																																																									
40410111	4041	404101	14	7											0	1	34	35	0	0	0											4041	0									{"TracePosArgs":[{"Position":[350.4938049316406,218.91920471191406,169.1352996826172],"Id":8,"DisplayOffset":[0.0,0.0,0.0],"ShowEffect":false,"ForceMapPinActive":false,"InitHide":false,"Radius":0.0,"FloorNum":304}],"FixProcessors":{}}	350.4937744140625	218.91920471191406	169.13526916503906	3.0	0	0																																																																			
40410112	4041	404101	15	5											0	1	36	37	0	0	0											4041	0									{"TargetArgs":{"2":{"3400003":0}},"TraceActorArgs":[{"TargetType":2,"PlaceId":3400003,"Id":6,"DisplayOffset":[0.0,2.0,0.0],"ShowEffect":false,"ForceMapPinActive":false,"InitHide":false,"Radius":0.0,"FloorNum":303}],"FixProcessors":{}}																																																																									
40410113	4041	404101	16	2	Drama_2016_006	0	0.0	0.0	0.0	0.0	0.0	0.0	0	0	0	1	38	39	0	0	0											4041	0									{"RecordDecisionClipSelect":{},"EnterActions":[{"ActionType":19014,"Params":{"$type":"XConfigLevelActionParamsScreenFadeIn","ScreenEffectId":300017,"Duration":0.0}},{"ActionType":6004,"Params":{"$type":"XConfigLevelActionParamsFilmImmersionModeEnter","Duration":1.0,"ModeName":"Common","IsIgnoreCameraFOV":true,"IsBlockInput":false}},{"ActionType":19015,"Params":{"$type":"XConfigLevelActionParamsScreenFadeOut","Duration":1.0}}],"ExitActions":[{"ActionType":6005,"Params":{"$type":"XConfigLevelActionParamsFilmImmersionModeExit","Duration":1.0}},{"ActionType":6000,"Params":{"$type":"XConfigLevelActionFinishInstLevel","UseSwitchQuestVar":false,"QuestVarSwitchDataList":null}},{"ActionType":18002,"Params":{"$type":"XConfigLevelActionParamsRequestLeaveInstLevel","SaveOnExit":false,"UseExitTargetLevelParams":false,"WorldId":0,"LevelId":0,"TargetPos":[0.0,0.0,0.0],"TargetRot":[0.0,0.0,0.0]}}],"FixProcessors":{}}																																																																									
40410114	4041	404101	4	7											0	1	14	15	0	0	0											4041	0									{"EnterActions":[{"ActionType":14004,"Params":{"$type":"XConfigLevelActionParamsNpcGuideMoveTo","WaitComplete":false,"NpcPlaceId":3400019,"TargetPosition":[381.54901123046875,126.67230224609375,160.57899475097656],"UseNavMesh":true,"OutOfRouteRange":5.0,"StartGuideRange":4.0,"ReachTargetPositionRange":2.0,"WaitDramaCaptionName":null,"WaitDramaCaptionPlayProbability":0.0,"IdleTurningDelayTime":1.0,"GuideMoveTypeMatchesTarget":false,"GuideMoveType":1}}],"TraceActorArgs":[{"TargetType":1,"PlaceId":3400019,"Id":13,"DisplayOffset":[0.0,2.0,0.0],"ShowEffect":false,"ForceMapPinActive":false,"InitHide":false,"Radius":0.0,"FloorNum":0}],"FixProcessors":{}}	381.54901123046875	126.67230224609375	160.57899475097656	3.0	1	3400019																																																																			
40410115	4041	404101	3	7											0	1	12	13	0	0	0											4041	0									{"EnterActions":[{"ActionType":16001,"Params":{"$type":"XConfigLevelActionParamsPlayDramaCaption","DramaCaptionName":"Caption201601","WaitComplete":false,"IsSequentialJob":true}},{"ActionType":14004,"Params":{"$type":"XConfigLevelActionParamsNpcGuideMoveTo","WaitComplete":false,"NpcPlaceId":3400019,"TargetPosition":[326.4252014160156,125.7927017211914,158.66839599609375],"UseNavMesh":true,"OutOfRouteRange":5.0,"StartGuideRange":4.0,"ReachTargetPositionRange":2.0,"WaitDramaCaptionName":null,"WaitDramaCaptionPlayProbability":0.0,"IdleTurningDelayTime":1.0,"GuideMoveTypeMatchesTarget":false,"GuideMoveType":0}}],"TraceActorArgs":[{"TargetType":1,"PlaceId":3400019,"Id":18,"DisplayOffset":[0.0,2.0,0.0],"ShowEffect":false,"ForceMapPinActive":false,"InitHide":false,"Radius":0.0,"FloorNum":0}],"FixProcessors":{}}	326.4252014160156	125.7927017211914	158.66839599609375	2.0	1	3400019																																																																			
40410116	4041	404101	6	7											0	1	18	19	0	0	0											4041	0									{"EnterActions":[{"ActionType":16001,"Params":{"$type":"XConfigLevelActionParamsPlayDramaCaption","DramaCaptionName":"Caption201602","WaitComplete":false,"IsSequentialJob":true}},{"ActionType":14004,"Params":{"$type":"XConfigLevelActionParamsNpcGuideMoveTo","WaitComplete":false,"NpcPlaceId":3400020,"TargetPosition":[371.41680908203125,211.44000244140625,162.25999450683594],"UseNavMesh":true,"OutOfRouteRange":5.0,"StartGuideRange":4.0,"ReachTargetPositionRange":2.0,"WaitDramaCaptionName":null,"WaitDramaCaptionPlayProbability":0.0,"IdleTurningDelayTime":1.0,"GuideMoveTypeMatchesTarget":false,"GuideMoveType":0}}],"TraceActorArgs":[{"TargetType":1,"PlaceId":3400020,"Id":17,"DisplayOffset":[0.0,2.0,0.0],"ShowEffect":false,"ForceMapPinActive":false,"InitHide":false,"Radius":0.0,"FloorNum":0}],"FixProcessors":{}}	371.41680908203125	211.44000244140625	162.25999450683594	2.0	1	3400020																																																																			
40410117	4041	404101	7	7											0	1	20	21	1	0	0											4041	0									{"EnterActions":[{"ActionType":14004,"Params":{"$type":"XConfigLevelActionParamsNpcGuideMoveTo","WaitComplete":false,"NpcPlaceId":3400020,"TargetPosition":[351.1940002441406,218.9199981689453,150.9499969482422],"UseNavMesh":true,"OutOfRouteRange":5.0,"StartGuideRange":4.0,"ReachTargetPositionRange":2.0,"WaitDramaCaptionName":null,"WaitDramaCaptionPlayProbability":0.0,"IdleTurningDelayTime":1.0,"GuideMoveTypeMatchesTarget":false,"GuideMoveType":1}}],"TraceActorArgs":[{"TargetType":1,"PlaceId":3400020,"Id":16,"DisplayOffset":[0.0,2.0,0.0],"ShowEffect":false,"ForceMapPinActive":false,"InitHide":false,"Radius":0.0,"FloorNum":0}],"FixProcessors":{}}	351.1940002441406	218.9199981689453	150.9499969482422	2.0	1	3400020																																																																			
40410118	4041	404101	8	7											0	1	22	23	1	0	0											4041	0									{"EnterActions":[{"ActionType":16001,"Params":{"$type":"XConfigLevelActionParamsPlayDramaCaption","DramaCaptionName":"Caption201603","WaitComplete":false,"IsSequentialJob":true}},{"ActionType":14004,"Params":{"$type":"XConfigLevelActionParamsNpcGuideMoveTo","WaitComplete":false,"NpcPlaceId":3400020,"TargetPosition":[351.1940002441406,218.9199981689453,170.4199981689453],"UseNavMesh":true,"OutOfRouteRange":5.0,"StartGuideRange":4.0,"ReachTargetPositionRange":2.0,"WaitDramaCaptionName":null,"WaitDramaCaptionPlayProbability":0.0,"IdleTurningDelayTime":1.0,"GuideMoveTypeMatchesTarget":false,"GuideMoveType":0}}],"TraceActorArgs":[{"TargetType":1,"PlaceId":3400020,"Id":19,"DisplayOffset":[0.0,2.0,0.0],"ShowEffect":false,"ForceMapPinActive":false,"InitHide":false,"Radius":0.0,"FloorNum":0}],"FixProcessors":{}}	351.1940002441406	218.9199981689453	170.4199981689453	2.0	1	3400020																																																																			
40420101	4042	404201	0	7											0	1	6	7	0	0	0											4042	0									{"EnterActions":[{"ActionType":19014,"Params":{"$type":"XConfigLevelActionParamsScreenFadeIn","ScreenEffectId":300017,"Duration":0.0}},{"ActionType":16004,"Params":{"$type":"XConfigLevelActionParamsPlayDramaInterTitleDialog","DramaInterTitleDialogId":70030101,"WaitComplete":true,"IsSequentialJob":true}},{"ActionType":12000,"Params":{"$type":"XConfigLevelActionParamsLoadNpc","PlaceIdList":[2900001,2900002],"AutoUnloadWhiteList":[]}},{"ActionType":3003,"Params":{"$type":"XConfigLevelActionParamsControlSystemFunctionTask","LimitType":1,"SystemFunctionType":2}},{"ActionType":1000,"Params":{"$type":"XConfigLevelActionParamsAddTrialNpcToTeam","TrialNpcIds":[5],"AddMode":1,"CurNpcPos":1}},{"ActionType":19015,"Params":{"$type":"XConfigLevelActionParamsScreenFadeOut","Duration":1.0}}],"TracePosArgs":[{"Position":[314.69000244140625,223.88600158691406,910.8499755859375],"Id":1,"DisplayOffset":[0.0,1.2000000476837158,0.0],"ShowEffect":false,"ForceMapPinActive":false,"InitHide":false,"Radius":0.0,"FloorNum":0}],"FixProcessors":{}}	319.1600036621094	223.8679962158203	910.9669799804688	5.0	0	0																																																																			
40420102	4042	404201	1	2	Drama_7003_001	0	0.0	0.0	0.0	0.0	0.0	0.0	20	0	0	1	8	9	0	0	0											4042	0									{"RecordDecisionClipSelect":{},"EnterActions":[{"ActionType":19014,"Params":{"$type":"XConfigLevelActionParamsScreenFadeIn","ScreenEffectId":300017,"Duration":1.0}},{"ActionType":6004,"Params":{"$type":"XConfigLevelActionParamsFilmImmersionModeEnter","Duration":0.0,"ModeName":"Common","IsIgnoreCameraFOV":false,"IsBlockInput":true}},{"ActionType":19015,"Params":{"$type":"XConfigLevelActionParamsScreenFadeOut","Duration":2.0}}],"ExitActions":[{"ActionType":1000,"Params":{"$type":"XConfigLevelActionParamsAddTrialNpcToTeam","TrialNpcIds":[299900021],"AddMode":1,"CurNpcPos":1}}],"FixProcessors":{}}																																																																									
40420103	4042	404201	2	2	Drama_7003_002	0	0.0	0.0	0.0	0.0	0.0	0.0	20	0	0	1	10	11	0	0	0											4042	0									{"RecordDecisionClipSelect":{},"ExitActions":[{"ActionType":6005,"Params":{"$type":"XConfigLevelActionParamsFilmImmersionModeExit","Duration":0.0}}],"FixProcessors":{}}																																																																									
40420104	4042	404201	3	2	Drama_7003_003	0	0.0	0.0	0.0	0.0	0.0	0.0	20	0	0	1	12	13	0	0	0											4042	0									{"RecordDecisionClipSelect":{},"FixProcessors":{}}																																																																									
40420105	4042	404201	4	5											0	1	14	15	0	0	0											4042	0									{"TargetArgs":{"2":{"2900001":1}},"EnterActions":[{"ActionType":14001,"Params":{"$type":"XConfigLevelActionParamsNpcRelativeFollowMove","NpcPlaceId":2900001,"IsFollowPlayer":true,"FollowTargetNpcPlaceId":0,"TargetAngle":90.0,"TargetRadius":1.0,"ChaseRadius":2.0,"NormalFollowRadius":0.20000000298023224,"MaxIdleLagDistance":1.2000000476837158,"IdleLookAtTargetDelayTime":3.0,"UseNavMesh":true,"StartFollowDelayTime":0.30000001192092896,"EnableForceTeleport":true,"TeleportRange":10.0}},{"ActionType":14001,"Params":{"$type":"XConfigLevelActionParamsNpcRelativeFollowMove","NpcPlaceId":2900002,"IsFollowPlayer":true,"FollowTargetNpcPlaceId":0,"TargetAngle":135.0,"TargetRadius":2.0,"ChaseRadius":3.0,"NormalFollowRadius":0.20000000298023224,"MaxIdleLagDistance":3.0,"IdleLookAtTargetDelayTime":5.0,"UseNavMesh":true,"StartFollowDelayTime":0.5,"EnableForceTeleport":true,"TeleportRange":10.0}},{"ActionType":14009,"Params":{"$type":"XConfigLevelActionParamsNpcAddAttribAdditive","NpcPlaceId":2900001,"AttribType":53,"AdditiveValue":0.0,"AdditivePercent":0.10000000149011612}},{"ActionType":16001,"Params":{"$type":"XConfigLevelActionParamsPlayDramaCaption","DramaCaptionName":"Caption700302","WaitComplete":false,"IsSequentialJob":false}}],"ExitActions":[{"ActionType":3003,"Params":{"$type":"XConfigLevelActionParamsControlSystemFunctionTask","LimitType":0,"SystemFunctionType":2}}],"TraceActorArgs":[{"TargetType":2,"PlaceId":2900001,"Id":4,"DisplayOffset":[0.0,1.0,0.0],"ShowEffect":false,"ForceMapPinActive":false,"InitHide":false,"Radius":0.0,"FloorNum":0}],"FixProcessors":{}}																																																																									
40420106	4042	404201	5	2	Drama_7003_008	0	0.0	0.0	0.0	0.0	0.0	0.0	0	0	0	1	16	17	0	0	0											4042	0									{"RecordDecisionClipSelect":{},"ExitActions":[{"ActionType":19014,"Params":{"$type":"XConfigLevelActionParamsScreenFadeIn","ScreenEffectId":300017,"Duration":0.0}},{"ActionType":6000,"Params":{"$type":"XConfigLevelActionFinishInstLevel","UseSwitchQuestVar":false,"QuestVarSwitchDataList":null}},{"ActionType":19015,"Params":{"$type":"XConfigLevelActionParamsScreenFadeOut","Duration":0.0}},{"ActionType":18001,"Params":{"$type":"XConfigLevelActionParamsRequestEnterInstLevel","InstLevelId":4043,"Position":[297.89849853515625,113.07270050048828,191.50540161132812],"Rotation":[0.0,-180.0,0.0]}}],"FixProcessors":{}}																																																																									
40430101	4043	404301	0	2	Drama_7003_004	0	0.0	0.0	0.0	0.0	0.0	0.0	0	0	0	1	6	7	0	0	0											4043	0									{"RecordDecisionClipSelect":{},"EnterActions":[{"ActionType":19014,"Params":{"$type":"XConfigLevelActionParamsScreenFadeIn","ScreenEffectId":300017,"Duration":0.0}},{"ActionType":12000,"Params":{"$type":"XConfigLevelActionParamsLoadNpc","PlaceIdList":[3000001,3000002,3000067,3000068],"AutoUnloadWhiteList":[]}},{"ActionType":1000,"Params":{"$type":"XConfigLevelActionParamsAddTrialNpcToTeam","TrialNpcIds":[299900021],"AddMode":1,"CurNpcPos":1}},{"ActionType":3003,"Params":{"$type":"XConfigLevelActionParamsControlSystemFunctionTask","LimitType":1,"SystemFunctionType":2}},{"ActionType":19015,"Params":{"$type":"XConfigLevelActionParamsScreenFadeOut","Duration":1.0}}],"ExitActions":[{"ActionType":14001,"Params":{"$type":"XConfigLevelActionParamsNpcRelativeFollowMove","NpcPlaceId":3000002,"IsFollowPlayer":true,"FollowTargetNpcPlaceId":0,"TargetAngle":125.0,"TargetRadius":1.0,"ChaseRadius":2.0,"NormalFollowRadius":0.10000000149011612,"MaxIdleLagDistance":3.0,"IdleLookAtTargetDelayTime":4.0,"UseNavMesh":true,"StartFollowDelayTime":0.30000001192092896,"EnableForceTeleport":true,"TeleportRange":8.0}},{"ActionType":14001,"Params":{"$type":"XConfigLevelActionParamsNpcRelativeFollowMove","NpcPlaceId":3000001,"IsFollowPlayer":true,"FollowTargetNpcPlaceId":0,"TargetAngle":65.0,"TargetRadius":2.0,"ChaseRadius":3.0,"NormalFollowRadius":0.20000000298023224,"MaxIdleLagDistance":3.0,"IdleLookAtTargetDelayTime":5.0,"UseNavMesh":true,"StartFollowDelayTime":0.4000000059604645,"EnableForceTeleport":true,"TeleportRange":8.0}},{"ActionType":14009,"Params":{"$type":"XConfigLevelActionParamsNpcAddAttribAdditive","NpcPlaceId":3000001,"AttribType":53,"AdditiveValue":0.0,"AdditivePercent":0.009999999776482582}},{"ActionType":12001,"Params":{"$type":"XConfigLevelActionParamsLoadSceneObject","PlaceIdList":[3000050],"AutoUnloadWhiteList":[]}}],"FixProcessors":{}}																																																																									
40430103	4043	404302	1	5											1	1	12	13	0	0	0											4043	0									{"TargetArgs":{"1":{},"2":{"3000008":1}},"TraceActorArgs":[{"TargetType":2,"PlaceId":3000008,"Id":34,"DisplayOffset":[0.0,1.0,0.0],"ShowEffect":false,"ForceMapPinActive":false,"InitHide":false,"Radius":0.0,"FloorNum":9999}],"FixProcessors":{}}																																																																									
40430104	4043	404302	2	5											1	1	14	15	0	0	0											4043	0									{"TargetArgs":{"2":{"3000003":1}},"TraceActorArgs":[{"TargetType":2,"PlaceId":3000003,"Id":35,"DisplayOffset":[0.0,1.0,0.0],"ShowEffect":false,"ForceMapPinActive":false,"InitHide":false,"Radius":0.0,"FloorNum":99999}],"FixProcessors":{}}																																																																									
40430105	4043	404302	3	5											1	1	16	17	0	0	0											4043	0									{"TargetArgs":{"2":{"3000023":1}},"TraceActorArgs":[{"TargetType":2,"PlaceId":3000023,"Id":36,"DisplayOffset":[0.0,1.0,0.0],"ShowEffect":false,"ForceMapPinActive":false,"InitHide":false,"Radius":0.0,"FloorNum":99999}],"FixProcessors":{}}																																																																									
40430201	4043	404302	0	7											0	1	10	11	0	0	0											4043	0									{"EnterActions":[{"ActionType":16001,"Params":{"$type":"XConfigLevelActionParamsPlayDramaCaption","DramaCaptionName":"Caption700303","WaitComplete":false,"IsSequentialJob":false}},{"ActionType":12001,"Params":{"$type":"XConfigLevelActionParamsLoadSceneObject","PlaceIdList":[3000050],"AutoUnloadWhiteList":[]}}],"ExitActions":[{"ActionType":19007,"Params":{"$type":"XConfigLevelActionParamsSetSystemFuncEntryEnableBatch","EnableList":[],"DisableList":[22,21,18,19]}},{"ActionType":6004,"Params":{"$type":"XConfigLevelActionParamsFilmImmersionModeEnter","Duration":2.0,"ModeName":"Common","IsIgnoreCameraFOV":false,"IsBlockInput":true}}],"TracePosArgs":[{"Position":[294.5606384277344,125.7927474975586,162.2782440185547],"Id":44,"DisplayOffset":[0.0,0.0,0.0],"ShowEffect":false,"ForceMapPinActive":false,"InitHide":false,"Radius":0.0,"FloorNum":0}],"FixProcessors":{}}	294.56060791015625	125.7927017211914	162.2781982421875	3.0	0	0																																																																			
40430304	4043	404303	0	2	Drama_7003_010	0	0.0	0.0	0.0	0.0	0.0	0.0	0	0	0	1	20	21	0	0	0											4043	0									{"RecordDecisionClipSelect":{},"EnterActions":[{"ActionType":21002,"Params":{"$type":"XConfigLevelActionParamsUnloadSceneObject","PlaceIdList":[3000012]}}],"ExitActions":[{"ActionType":12001,"Params":{"$type":"XConfigLevelActionParamsLoadSceneObject","PlaceIdList":[3000013],"AutoUnloadWhiteList":[]}},{"ActionType":21002,"Params":{"$type":"XConfigLevelActionParamsUnloadSceneObject","PlaceIdList":[3000050]}},{"ActionType":21001,"Params":{"$type":"XConfigLevelActionParamsUnloadNpc","PlaceIdList":[3000067,3000068]}},{"ActionType":12000,"Params":{"$type":"XConfigLevelActionParamsLoadNpc","PlaceIdList":[3000090,3000091],"AutoUnloadWhiteList":[]}},{"ActionType":19007,"Params":{"$type":"XConfigLevelActionParamsSetSystemFuncEntryEnableBatch","EnableList":[18,19,22,21],"DisableList":[]}},{"ActionType":6005,"Params":{"$type":"XConfigLevelActionParamsFilmImmersionModeExit","Duration":0.0}},{"ActionType":20000,"Params":{"$type":"XConfigLevelActionParamsTeleportPlayer","Position":[299.92340087890625,125.7927017211914,162.40130615234375],"Rotation":null,"WithBlackScreen":false,"ScreenEffectId":300011,"BlackScreenEnterDuration":0.0,"BlackScreenExitDuration":4.0,"ShowEffect":false,"ResetCamera":false}}],"FixProcessors":{}}																																																																									
40430305	4043	404303	1	7											0	1	22	23	0	0	0											4043	0									{"EnterActions":[{"ActionType":16001,"Params":{"$type":"XConfigLevelActionParamsPlayDramaCaption","DramaCaptionName":"Caption700311","WaitComplete":false,"IsSequentialJob":false}}],"ExitActions":[{"ActionType":21002,"Params":{"$type":"XConfigLevelActionParamsUnloadSceneObject","PlaceIdList":[3000013]}}],"TraceActorArgs":[{"TargetType":2,"PlaceId":3000013,"Id":41,"DisplayOffset":[0.0,1.2000000476837158,0.0],"ShowEffect":false,"ForceMapPinActive":false,"InitHide":false,"Radius":0.0,"FloorNum":0}],"FixProcessors":{}}	353.44000244140625	126.9353256225586	161.89071655273438	5.0	0	0																																																																			
40430306	4043	404303	2	2	Drama_7003_011	0	0.0	0.0	0.0	0.0	0.0	0.0	0	0	0	1	24	25	0	0	0											4043	0									{"RecordDecisionClipSelect":{},"FixProcessors":{}}																																																																									
40430401	4043	404304	1	5											1	1	30	31	0	0	0											4043	0									{"TargetArgs":{"2":{"3000010":1}},"TraceActorArgs":[{"TargetType":2,"PlaceId":3000010,"Id":27,"DisplayOffset":[0.0,0.0,0.0],"ShowEffect":false,"ForceMapPinActive":false,"InitHide":false,"Radius":0.0,"FloorNum":0}],"FixProcessors":{}}																																																																									
40430402	4043	404304	2	5											1	1	32	33	0	0	0											4043	0									{"TargetArgs":{"2":{"3000022":1}},"TraceActorArgs":[{"TargetType":2,"PlaceId":3000022,"Id":40,"DisplayOffset":[0.0,0.0,0.0],"ShowEffect":false,"ForceMapPinActive":false,"InitHide":false,"Radius":0.0,"FloorNum":0}],"FixProcessors":{}}																																																																									
40430501	4043	404304	0	5											0	1	28	29	0	0	0											4043	0									{"TargetArgs":{"2":{"3000001":1}},"EnterActions":[{"ActionType":16001,"Params":{"$type":"XConfigLevelActionParamsPlayDramaCaption","DramaCaptionName":"Caption700306","WaitComplete":false,"IsSequentialJob":false}},{"ActionType":5001,"Params":{"$type":"XConfigLevelActionParamsEnableActorInteractableComponent","PlaceId":3000001,"ActorType":2,"Enable":true}}],"ExitActions":[{"ActionType":12001,"Params":{"$type":"XConfigLevelActionParamsLoadSceneObject","PlaceIdList":[3000002],"AutoUnloadWhiteList":[]}},{"ActionType":20000,"Params":{"$type":"XConfigLevelActionParamsTeleportPlayer","Position":[384.2879943847656,211.47999572753906,173.0050048828125],"Rotation":[0.0,275.0,0.0],"WithBlackScreen":true,"ScreenEffectId":300011,"BlackScreenEnterDuration":0.5,"BlackScreenExitDuration":4.0,"ShowEffect":false,"ResetCamera":true}}],"TraceActorArgs":[{"TargetType":2,"PlaceId":3000001,"Id":12,"DisplayOffset":[0.0,1.0,0.0],"ShowEffect":false,"ForceMapPinActive":false,"InitHide":false,"Radius":0.0,"FloorNum":0}],"FixProcessors":{}}																																																																									
40430502	4043	404305	0	7											0	1	36	37	0	0	0											4043	0									{"ExitActions":[{"ActionType":5001,"Params":{"$type":"XConfigLevelActionParamsEnableActorInteractableComponent","PlaceId":3000002,"ActorType":2,"Enable":false}},{"ActionType":6004,"Params":{"$type":"XConfigLevelActionParamsFilmImmersionModeEnter","Duration":0.0,"ModeName":"Common","IsIgnoreCameraFOV":false,"IsBlockInput":false}}],"FixProcessors":{}}	384.2879943847656	211.47999572753906	173.0050048828125	3.0	0	0																																																																			
40430503	4043	404305	1	2	Drama_7003_014	0	0.0	0.0	0.0	0.0	0.0	0.0	0	0	0	1	38	39	0	0	0											4043	0									{"RecordDecisionClipSelect":{},"ExitActions":[{"ActionType":12001,"Params":{"$type":"XConfigLevelActionParamsLoadSceneObject","PlaceIdList":[3000014,3000015,3000002],"AutoUnloadWhiteList":[]}},{"ActionType":12000,"Params":{"$type":"XConfigLevelActionParamsLoadNpc","PlaceIdList":[3000011,3000012],"AutoUnloadWhiteList":[]}},{"ActionType":6005,"Params":{"$type":"XConfigLevelActionParamsFilmImmersionModeExit","Duration":0.0}},{"ActionType":20000,"Params":{"$type":"XConfigLevelActionParamsTeleportPlayer","Position":[372.7099914550781,211.47000122070312,173.33999633789062],"Rotation":[0.0,90.0,0.0],"WithBlackScreen":false,"ScreenEffectId":0,"BlackScreenEnterDuration":0.0,"BlackScreenExitDuration":0.0,"ShowEffect":false,"ResetCamera":true}}],"FixProcessors":{}}																																																																									
40430504	4043	404305	2	5											0	1	40	41	0	0	0											4043	0									{"TargetArgs":{"2":{"3000002":1}},"EnterActions":[{"ActionType":16001,"Params":{"$type":"XConfigLevelActionParamsPlayDramaCaption","DramaCaptionName":"Caption700308","WaitComplete":true,"IsSequentialJob":true}},{"ActionType":5001,"Params":{"$type":"XConfigLevelActionParamsEnableActorInteractableComponent","PlaceId":3000002,"ActorType":2,"Enable":true}}],"ExitActions":[{"ActionType":20000,"Params":{"$type":"XConfigLevelActionParamsTeleportPlayer","Position":[349.6204833984375,285.8900146484375,199.36572265625],"Rotation":[0.0,-90.0,0.0],"WithBlackScreen":true,"ScreenEffectId":300011,"BlackScreenEnterDuration":0.5,"BlackScreenExitDuration":0.5,"ShowEffect":false,"ResetCamera":true}}],"TraceActorArgs":[{"TargetType":2,"PlaceId":3000002,"Id":32,"DisplayOffset":[0.0,1.0,0.0],"ShowEffect":false,"ForceMapPinActive":false,"InitHide":false,"Radius":0.0,"FloorNum":0}],"FixProcessors":{}}																																																																									
40430505	4043	404305	3	7											0	1	42	43	0	0	0											4043	0									{"ExitActions":[{"ActionType":12001,"Params":{"$type":"XConfigLevelActionParamsLoadSceneObject","PlaceIdList":[3000061],"AutoUnloadWhiteList":[]}},{"ActionType":16000,"Params":{"$type":"XConfigLevelActionParamsPlayDrama","DramaName":"Drama_7003_019","ReferencePos":[0.0,0.0,0.0],"ReferenceRot":[0.0,0.0,0.0],"CombineKey":0}}],"TracePosArgs":[{"Position":[338.45947265625,285.8790283203125,228.0162353515625],"Id":16,"DisplayOffset":[0.0,1.0,0.0],"ShowEffect":false,"ForceMapPinActive":false,"InitHide":false,"Radius":0.0,"FloorNum":0}],"FixProcessors":{}}	338.4595031738281	285.8789978027344	228.01620483398438	3.0	0	0																																																																			
40430506	4043	404305	6	7											0	1	48	49	0	0	0											4043	0									{"ExitActions":[{"ActionType":16001,"Params":{"$type":"XConfigLevelActionParamsPlayDramaCaption","DramaCaptionName":"Caption700310","WaitComplete":false,"IsSequentialJob":false}}],"TracePosArgs":[{"Position":[375.9599914550781,293.572998046875,269.9100036621094],"Id":28,"DisplayOffset":[0.0,1.0,0.0],"ShowEffect":false,"ForceMapPinActive":false,"InitHide":false,"Radius":0.0,"FloorNum":0}],"FixProcessors":{}}	375.9599914550781	293.5730285644531	269.6400146484375	5.0	0	0																																																																			
40430507	4043	404305	7	5											0	1	50	51	0	0	0											4043	0									{"TargetArgs":{"2":{"3000016":1}},"ExitActions":[{"ActionType":14003,"Params":{"$type":"XConfigLevelActionParamsNpcStopFollow","NpcPlaceId":3000001}},{"ActionType":14003,"Params":{"$type":"XConfigLevelActionParamsNpcStopFollow","NpcPlaceId":3000002}},{"ActionType":20000,"Params":{"$type":"XConfigLevelActionParamsTeleportPlayer","Position":[663.9400024414062,207.6737060546875,268.42999267578125],"Rotation":[0.0,-90.0,0.0],"WithBlackScreen":true,"ScreenEffectId":300011,"BlackScreenEnterDuration":0.5,"BlackScreenExitDuration":3.0,"ShowEffect":false,"ResetCamera":true}}],"TraceActorArgs":[{"TargetType":2,"PlaceId":3000016,"Id":39,"DisplayOffset":[0.0,1.0,0.0],"ShowEffect":false,"ForceMapPinActive":false,"InitHide":false,"Radius":0.0,"FloorNum":0}],"FixProcessors":{}}																																																																									
40430509	4043	404305	8	2	Drama_7003_017	0	0.0	0.0	0.0	0.0	0.0	0.0	0	0	0	1	52	53	0	0	0											4043	0									{"RecordDecisionClipSelect":{},"EnterActions":[{"ActionType":19014,"Params":{"$type":"XConfigLevelActionParamsScreenFadeIn","ScreenEffectId":300017,"Duration":0.0}},{"ActionType":16004,"Params":{"$type":"XConfigLevelActionParamsPlayDramaInterTitleDialog","DramaInterTitleDialogId":70030102,"WaitComplete":true,"IsSequentialJob":true}},{"ActionType":19007,"Params":{"$type":"XConfigLevelActionParamsSetSystemFuncEntryEnableBatch","EnableList":[4],"DisableList":[]}},{"ActionType":3004,"Params":{"$type":"XConfigLevelActionParamsClearPlace","ClearId":"NPC"}},{"ActionType":3004,"Params":{"$type":"XConfigLevelActionParamsClearPlace","ClearId":"路线"}},{"ActionType":19015,"Params":{"$type":"XConfigLevelActionParamsScreenFadeOut","Duration":1.0}}],"FixProcessors":{}}																																																																									
40430510	4043	404305	4	7											0	1	44	45	0	0	0											4043	0									{"EnterActions":[{"ActionType":19007,"Params":{"$type":"XConfigLevelActionParamsSetSystemFuncEntryEnableBatch","EnableList":[],"DisableList":[22,18,21,19]}}],"TracePosArgs":[{"Position":[327.9329833984375,287.28302001953125,227.76319885253906],"Id":37,"DisplayOffset":[0.0,1.0,0.0],"ShowEffect":false,"ForceMapPinActive":false,"InitHide":false,"Radius":0.0,"FloorNum":0}],"FixProcessors":{}}	334.0357971191406	287.3262023925781	228.21670532226562	3.0	0	0																																																																			
40430511	4043	404305	5	2	Drama_7003_009	0	0.0	0.0	0.0	0.0	0.0	0.0	0	0	0	1	46	47	0	0	0											4043	0									{"RecordDecisionClipSelect":{},"EnterActions":[{"ActionType":6004,"Params":{"$type":"XConfigLevelActionParamsFilmImmersionModeEnter","Duration":1.0,"ModeName":"Common","IsIgnoreCameraFOV":false,"IsBlockInput":false}},{"ActionType":19014,"Params":{"$type":"XConfigLevelActionParamsScreenFadeIn","ScreenEffectId":300017,"Duration":0.20000000298023224}},{"ActionType":18006,"Params":{"$type":"XConfigLevelActionParamsResetCustomCamera","ResetPosition":true,"ResetPositionOffset":true,"ResetDistance":true,"ResetLookAt":true,"ResetFov":true}},{"ActionType":23000,"Params":{"$type":"XConfigLevelActionParamsWaitTime","TimeSeconds":1}},{"ActionType":19015,"Params":{"$type":"XConfigLevelActionParamsScreenFadeOut","Duration":1.0}}],"ExitActions":[{"ActionType":19007,"Params":{"$type":"XConfigLevelActionParamsSetSystemFuncEntryEnableBatch","EnableList":[22,21,18,19],"DisableList":[]}},{"ActionType":6005,"Params":{"$type":"XConfigLevelActionParamsFilmImmersionModeExit","Duration":1.0}},{"ActionType":21002,"Params":{"$type":"XConfigLevelActionParamsUnloadSceneObject","PlaceIdList":[3000061]}}],"FixProcessors":{}}																																																																									
40430601	4043	404306	0	5											0	1	56	57	0	0	0											4043	0									{"TargetArgs":{"2":{"3000009":1}},"EnterActions":[{"ActionType":3003,"Params":{"$type":"XConfigLevelActionParamsControlSystemFunctionTask","LimitType":1,"SystemFunctionType":2}},{"ActionType":18004,"Params":{"$type":"XConfigLevelActionParamsRestorePlace","ClearId":"NPC"}},{"ActionType":18004,"Params":{"$type":"XConfigLevelActionParamsRestorePlace","ClearId":"路线"}}],"ExitActions":[{"ActionType":3003,"Params":{"$type":"XConfigLevelActionParamsControlSystemFunctionTask","LimitType":0,"SystemFunctionType":2}},{"ActionType":19007,"Params":{"$type":"XConfigLevelActionParamsSetSystemFuncEntryEnableBatch","EnableList":[4],"DisableList":[]}},{"ActionType":6000,"Params":{"$type":"XConfigLevelActionFinishInstLevel","UseSwitchQuestVar":false,"QuestVarSwitchDataList":null}},{"ActionType":18002,"Params":{"$type":"XConfigLevelActionParamsRequestLeaveInstLevel","SaveOnExit":true,"UseExitTargetLevelParams":true,"WorldId":400,"LevelId":6001,"TargetPos":[365.739990234375,293.57000732421875,269.69000244140625],"TargetRot":[0.0,-90.0,0.0]}}],"TraceActorArgs":[{"TargetType":2,"PlaceId":3000009,"Id":22,"DisplayOffset":[0.0,1.0,0.0],"ShowEffect":false,"ForceMapPinActive":false,"InitHide":false,"Radius":0.0,"FloorNum":0}],"FixProcessors":{}}																																																																									
40430602	4043	404306	2	5											1	4	60	61	0	0	0											4043	0									{"TargetArgs":{"1":{"3000003":1,"3000015":1,"3000018":1,"3000017":1}},"TraceActorArgs":[{"TargetType":1,"PlaceId":3000003,"Id":23,"DisplayOffset":[0.0,1.5,0.0],"ShowEffect":false,"ForceMapPinActive":false,"InitHide":false,"Radius":0.0,"FloorNum":0},{"TargetType":1,"PlaceId":3000015,"Id":26,"DisplayOffset":[0.0,1.7999999523162842,0.0],"ShowEffect":false,"ForceMapPinActive":false,"InitHide":false,"Radius":0.0,"FloorNum":0},{"TargetType":1,"PlaceId":3000018,"Id":30,"DisplayOffset":[0.0,1.7000000476837158,0.0],"ShowEffect":false,"ForceMapPinActive":false,"InitHide":false,"Radius":0.0,"FloorNum":0},{"TargetType":1,"PlaceId":3000017,"Id":31,"DisplayOffset":[0.0,1.7000000476837158,0.0],"ShowEffect":false,"ForceMapPinActive":false,"InitHide":false,"Radius":0.0,"FloorNum":0}],"FixProcessors":{}}																																																																									
40430603	4043	404306	1	6											0	1	58	59	0	0	0											4043	0									{"ExitActions":[{"ActionType":19007,"Params":{"$type":"XConfigLevelActionParamsSetSystemFuncEntryEnableBatch","EnableList":[],"DisableList":[4]}},{"ActionType":16001,"Params":{"$type":"XConfigLevelActionParamsPlayDramaCaption","DramaCaptionName":"Caption700315","WaitComplete":false,"IsSequentialJob":false}}],"FixProcessors":{}}													700302	1																																																											
40440101	4044	404401	0	6											0	1	6	7	0	0	0											4044	0									{"EnterActions":[{"ActionType":1000,"Params":{"$type":"XConfigLevelActionParamsAddTrialNpcToTeam","TrialNpcIds":[4],"AddMode":1,"CurNpcPos":1}}],"ExitActions":[{"ActionType":15003,"Params":{"$type":"XConfigLevelActionParamsOpenQuestProcessPop","IsFinish":false}}],"FixProcessors":{}}													200601	1																																																											
40440102	4044	404401	1	7											0	1	8	9	0	0	0											4044	0									{"ExitActions":[{"ActionType":6004,"Params":{"$type":"XConfigLevelActionParamsFilmImmersionModeEnter","Duration":0.0,"ModeName":"Common","IsIgnoreCameraFOV":true,"IsBlockInput":false}}],"TracePosArgs":[{"Position":[567.5562133789062,192.76400756835938,844.5377197265625],"Id":1,"DisplayOffset":[0.0,0.0,0.0],"ShowEffect":false,"ForceMapPinActive":false,"InitHide":false,"Radius":0.0,"FloorNum":0}],"FixProcessors":{}}	567.5562133789062	192.76400756835938	844.5377197265625	3.0	0	0																																																																			
40440103	4044	404401	2	2	Drama_2006_01	0	0.0	0.0	0.0	0.0	0.0	0.0	22	0	0	1	10	11	0	0	0											4044	0									{"RecordDecisionClipSelect":{},"FixProcessors":{}}																																																																									
40440104	4044	404401	3	2	Drama_2006_02	0	0.0	0.0	0.0	0.0	0.0	0.0	22	0	0	1	12	13	0	0	0											4044	0									{"RecordDecisionClipSelect":{},"ExitActions":[{"ActionType":6005,"Params":{"$type":"XConfigLevelActionParamsFilmImmersionModeExit","Duration":1.0}}],"FixProcessors":{}}																																																																									
40440105	4044	404401	4	5											0	1	14	15	0	0	137											4044	0									{"TargetArgs":{"1":{},"2":{"4100002":1}},"EnterActions":[{"ActionType":12001,"Params":{"$type":"XConfigLevelActionParamsLoadSceneObject","PlaceIdList":[4100001,4100002,4100003,4100004,4100005],"AutoUnloadWhiteList":[]}},{"ActionType":12000,"Params":{"$type":"XConfigLevelActionParamsLoadNpc","PlaceIdList":[4100024],"AutoUnloadWhiteList":[]}},{"ActionType":14001,"Params":{"$type":"XConfigLevelActionParamsNpcRelativeFollowMove","NpcPlaceId":4100024,"IsFollowPlayer":true,"FollowTargetNpcPlaceId":0,"TargetAngle":90.0,"TargetRadius":1.0,"ChaseRadius":3.0,"NormalFollowRadius":1.0,"MaxIdleLagDistance":3.0,"IdleLookAtTargetDelayTime":4.0,"UseNavMesh":true,"StartFollowDelayTime":0.30000001192092896,"EnableForceTeleport":true,"TeleportRange":10.0}}],"ExitActions":[{"ActionType":5001,"Params":{"$type":"XConfigLevelActionParamsEnableActorInteractableComponent","PlaceId":4100002,"ActorType":2,"Enable":false}}],"TracePosArgs":[{"Position":[550.7730102539062,193.14100646972656,835.2100219726562],"Id":2,"DisplayOffset":[0.0,0.0,0.0],"ShowEffect":false,"ForceMapPinActive":false,"InitHide":false,"Radius":0.0,"FloorNum":0}],"FixProcessors":{}}																																																																									
40440106	4044	404401	5	2	Drama_2006_05	0	0.0	0.0	0.0	0.0	0.0	0.0	25	0	0	1	16	17	0	0	0											4044	0									{"RecordDecisionClipSelect":{},"FixProcessors":{}}																																																																									
40440107	4044	404401	6	2	Drama_2006_04	0	0.0	0.0	0.0	0.0	0.0	0.0	25	0	0	1	18	19	0	0	0											4044	0									{"RecordDecisionClipSelect":{},"FixProcessors":{}}																																																																									
40440108	4044	404401	7	2	Drama_2006_03	0	0.0	0.0	0.0	0.0	0.0	0.0	25	0	0	1	20	21	0	0	0											4044	0									{"RecordDecisionClipSelect":{},"ExitActions":[{"ActionType":6000,"Params":{"$type":"XConfigLevelActionFinishInstLevel","UseSwitchQuestVar":false,"QuestVarSwitchDataList":null}},{"ActionType":18002,"Params":{"$type":"XConfigLevelActionParamsRequestLeaveInstLevel","SaveOnExit":false,"UseExitTargetLevelParams":true,"WorldId":0,"LevelId":6001,"TargetPos":[309.14111328125,289.1711120605469,309.526611328125],"TargetRot":[0.0,12.817000389099121,0.0]}}],"FixProcessors":{}}																																																																									
50010101	5001	500101	0	5											0	0	6	7	0	0	0											4008										{"TargetArgs":{"1":{"300001":0}},"EnterActions":[{"ActionType":12000,"Params":{"$type":"XConfigLevelActionParamsLoadNpc","PlaceIdList":[300001],"AutoUnloadWhiteList":[]}},{"ActionType":12001,"Params":{"$type":"XConfigLevelActionParamsLoadSceneObject","PlaceIdList":[300027],"AutoUnloadWhiteList":[]}}],"ExitActions":[{"ActionType":21000,"Params":{"$type":"XConfigLevelActionParamsUnderTakeSelfQuest"}},{"ActionType":21001,"Params":{"$type":"XConfigLevelActionParamsUnloadNpc","PlaceIdList":[300001]}},{"ActionType":21002,"Params":{"$type":"XConfigLevelActionParamsUnloadSceneObject","PlaceIdList":[300027]}},{"ActionType":19002,"Params":{"$type":"XConfigLevelActionParamsSetVar","Key":"GoldCount","VarType":1,"BoolValue":null,"IntValue":0,"FloatValue":null}}],"FixProcessors":{}}																																																																									
50010201	5001	500102	0	11											0	0	10	11	0	0	0											4008										{"ExitActions":[{"ActionType":12001,"Params":{"$type":"XConfigLevelActionParamsLoadSceneObject","PlaceIdList":[300032],"AutoUnloadWhiteList":[300032]}}],"FixProcessors":{}}																																																													Score	300	2										
50010202	5001	500102	1	11											0	0	12	13	0	0	0											4008										{"ExitActions":[{"ActionType":12001,"Params":{"$type":"XConfigLevelActionParamsLoadSceneObject","PlaceIdList":[300033],"AutoUnloadWhiteList":[300033]}}],"FixProcessors":{}}																																																													Score	500	2										
50010203	5001	500102	2	11											0	0	14	15	0	0	0											4008										{"ExitActions":[{"ActionType":12001,"Params":{"$type":"XConfigLevelActionParamsLoadSceneObject","PlaceIdList":[300034],"AutoUnloadWhiteList":[300034]}}],"FixProcessors":{}}																																																													Score	1000	2										
50010301	5001	500103	0	7											0	0	18	19	0	1	0											4008										{"EnterActions":[{"ActionType":12001,"Params":{"$type":"XConfigLevelActionParamsLoadSceneObject","PlaceIdList":[300012,300013,300014,300015,300016,300017,300018,300019,300020,300021,300022,300023,300024,300025,300037],"AutoUnloadWhiteList":[]}},{"ActionType":19002,"Params":{"$type":"XConfigLevelActionParamsSetVar","Key":"Time","VarType":2,"BoolValue":null,"IntValue":null,"FloatValue":0.0}},{"ActionType":19002,"Params":{"$type":"XConfigLevelActionParamsSetVar","Key":"Score","VarType":1,"BoolValue":null,"IntValue":0,"FloatValue":null}},{"ActionType":19002,"Params":{"$type":"XConfigLevelActionParamsSetVar","Key":"DeathCount","VarType":1,"BoolValue":null,"IntValue":0,"FloatValue":null}},{"ActionType":19002,"Params":{"$type":"XConfigLevelActionParamsSetVar","Key":"GoldCount","VarType":1,"BoolValue":null,"IntValue":0,"FloatValue":null}},{"ActionType":19002,"Params":{"$type":"XConfigLevelActionParamsSetVar","Key":"Star","VarType":1,"BoolValue":null,"IntValue":0,"FloatValue":null}},{"ActionType":19002,"Params":{"$type":"XConfigLevelActionParamsSetVar","Key":"TriggerJudge","VarType":3,"BoolValue":false,"IntValue":null,"FloatValue":null}},{"ActionType":19002,"Params":{"$type":"XConfigLevelActionParamsSetVar","Key":"TriggerHideRoad","VarType":3,"BoolValue":false,"IntValue":null,"FloatValue":null}},{"ActionType":19002,"Params":{"$type":"XConfigLevelActionParamsSetVar","Key":"TimeReward","VarType":1,"BoolValue":null,"IntValue":1800,"FloatValue":null}}],"ExitActions":[{"ActionType":19002,"Params":{"$type":"XConfigLevelActionParamsSetVar","Key":"IsWin","VarType":3,"BoolValue":true,"IntValue":null,"FloatValue":null}},{"ActionType":19002,"Params":{"$type":"XConfigLevelActionParamsSetVar","Key":"FullyClear","VarType":3,"BoolValue":false,"IntValue":null,"FloatValue":null}},{"ActionType":3000,"Params":{"$type":"XConfigLevelActionParamsCalculateVar","LeftVarToken":{"$type":"XConfigQuestVarRefToken","VarType":2,"StrKey":"Time","IntKey":0},"RightVarToken":{"$type":"XConfigQuestVarLiteralToken","Literal":{"$type":"XQuestVarValueInt","Value":10}},"ResultVarToken":{"VarType":1,"StrKey":"TimeMiss","IntKey":0},"MathOp":3}},{"ActionType":3000,"Params":{"$type":"XConfigLevelActionParamsCalculateVar","LeftVarToken":{"$type":"XConfigQuestVarRefToken","VarType":1,"StrKey":"TimeReward","IntKey":0},"RightVarToken":{"$type":"XConfigQuestVarRefToken","VarType":1,"StrKey":"TimeMiss","IntKey":0},"ResultVarToken":{"VarType":1,"StrKey":"TimeScore","IntKey":0},"MathOp":2}},{"ActionType":3000,"Params":{"$type":"XConfigLevelActionParamsCalculateVar","LeftVarToken":{"$type":"XConfigQuestVarRefToken","VarType":1,"StrKey":"Score","IntKey":0},"RightVarToken":{"$type":"XConfigQuestVarRefToken","VarType":1,"StrKey":"TimeScore","IntKey":0},"ResultVarToken":{"VarType":1,"StrKey":"Score","IntKey":0},"MathOp":1}},{"ActionType":6000,"Params":{"$type":"XConfigLevelActionFinishInstLevel","UseSwitchQuestVar":false,"QuestVarSwitchDataList":null}},{"ActionType":23000,"Params":{"$type":"XConfigLevelActionParamsWaitTime","TimeSeconds":0}},{"ActionType":19002,"Params":{"$type":"XConfigLevelActionParamsSetVar","Key":"DoSettle","VarType":1,"BoolValue":null,"IntValue":1,"FloatValue":null}}],"FixProcessors":{}}	306.6499938964844	37.298458099365234	323.79998779296875	3.5	0	0																																																																			
50010302	5001	500103	1	10											0	0	20	21	0	1	0											4008										{"ExitActions":[{"ActionType":20000,"Params":{"$type":"XConfigLevelActionParamsTeleportPlayer","Position":[306.6499938964844,37.298458099365234,323.79998779296875],"Rotation":[0.0,0.0,0.0],"WithBlackScreen":false,"ScreenEffectId":0,"BlackScreenEnterDuration":0.0,"BlackScreenExitDuration":0.0,"ShowEffect":false,"ResetCamera":false}},{"ActionType":19002,"Params":{"$type":"XConfigLevelActionParamsSetVar","Key":"IsWin","VarType":3,"BoolValue":false,"IntValue":null,"FloatValue":null}},{"ActionType":19002,"Params":{"$type":"XConfigLevelActionParamsSetVar","Key":"DoSettle","VarType":1,"BoolValue":null,"IntValue":1,"FloatValue":null}}],"FixProcessors":{}}																																																																1	1	90.0	10.0						
50010304	5001	500103	2	11											1	0	22	23	0	0	0											4008										{"ExitActions":[{"ActionType":12001,"Params":{"$type":"XConfigLevelActionParamsLoadSceneObject","PlaceIdList":[],"AutoUnloadWhiteList":[]}},{"ActionType":19002,"Params":{"$type":"XConfigLevelActionParamsSetVar","Key":"TriggerHideRoad","VarType":3,"BoolValue":true,"IntValue":null,"FloatValue":null}}],"FixProcessors":{}}																																																													DeathCount	5	2										
50010402	5001	500104	0	11											0	0	26	27	0	0	0											4008										{"ExitActions":[{"ActionType":21002,"Params":{"$type":"XConfigLevelActionParamsUnloadSceneObject","PlaceIdList":[300012,300013,300014,300015,300016,300017,300018,300019,300020,300021,300022,300023,300024,300025,300037]}},{"ActionType":16003,"Params":{"$type":"XConfigLevelActionParamsPauseLevelPlayTimer","IsPause":true}},{"ActionType":6000,"Params":{"$type":"XConfigLevelActionFinishInstLevel","UseSwitchQuestVar":false,"QuestVarSwitchDataList":null}},{"ActionType":19002,"Params":{"$type":"XConfigLevelActionParamsSetVar","Key":"Objective1","VarType":1,"BoolValue":null,"IntValue":50010201,"FloatValue":null}},{"ActionType":19002,"Params":{"$type":"XConfigLevelActionParamsSetVar","Key":"Objective2","VarType":1,"BoolValue":null,"IntValue":50010202,"FloatValue":null}},{"ActionType":19002,"Params":{"$type":"XConfigLevelActionParamsSetVar","Key":"Objective3","VarType":1,"BoolValue":null,"IntValue":50010203,"FloatValue":null}},{"ActionType":19005,"Params":{"$type":"XConfigLevelActionParamsSettleInstLevel","SettleType":1,"Theme":1,"InputVars":["Objective1","Objective2","Objective3","Score","Time","IsWin","DeathCount","GoldCount","Star","TriggerJudge","TriggerHideRoad"]}}],"FixProcessors":{"1":[{"Id":1,"FixTiming":1,"ConditionGroup":{"ConditionLists":[{"Conditions":[{"CondType":1,"Params":{"$type":"XConfigLevelConditionParamsCompareVar","LeftVarToken":{"$type":"XConfigQuestVarRefToken","VarType":3,"StrKey":"IsWin","IntKey":0},"RightVarToken":{"$type":"XConfigQuestVarLiteralToken","Literal":{"$type":"XQuestVarValueBool","Value":true}},"CompareType":0},"InvertResult":false,"TipDescId":null},{"CondType":2,"Params":{"$type":"XConfigLevelConditionParamsCheckQuestObjectiveComplete","QuestObjectiveId":50010201,"CheckExitAsComplete":true},"InvertResult":false,"TipDescId":null},{"CondType":2,"Params":{"$type":"XConfigLevelConditionParamsCheckQuestObjectiveComplete","QuestObjectiveId":50010202,"CheckExitAsComplete":true},"InvertResult":false,"TipDescId":null},{"CondType":2,"Params":{"$type":"XConfigLevelConditionParamsCheckQuestObjectiveComplete","QuestObjectiveId":50010203,"CheckExitAsComplete":true},"InvertResult":false,"TipDescId":null}],"LogicOp":0}],"LogicOp":0},"Actions":[{"ActionType":19002,"Params":{"$type":"XConfigLevelActionParamsSetVar","Key":"FullyClear","VarType":3,"BoolValue":true,"IntValue":null,"FloatValue":null}}]},{"Id":2,"FixTiming":1,"ConditionGroup":{"ConditionLists":[{"Conditions":[{"CondType":1,"Params":{"$type":"XConfigLevelConditionParamsCompareVar","LeftVarToken":{"$type":"XConfigQuestVarRefToken","VarType":3,"StrKey":"IsWin","IntKey":0},"RightVarToken":{"$type":"XConfigQuestVarLiteralToken","Literal":{"$type":"XQuestVarValueBool","Value":true}},"CompareType":0},"InvertResult":false,"TipDescId":null}],"LogicOp":0}],"LogicOp":0},"Actions":[{"ActionType":3001,"Params":{"$type":"XConfigLevelActionParamsCompleteLevelPlay","IsFullyClearedVarRef":{"VarType":3,"StrKey":"FullyClear","IntKey":0}}}]}]}}																																																													DoSettle	1	2										
50020101	5002	500201	0	5											0	0	6	7	0	0	0											4009										{"TargetArgs":{"1":{"400001":0}},"EnterActions":[{"ActionType":12000,"Params":{"$type":"XConfigLevelActionParamsLoadNpc","PlaceIdList":[400001],"AutoUnloadWhiteList":[]}},{"ActionType":12001,"Params":{"$type":"XConfigLevelActionParamsLoadSceneObject","PlaceIdList":[400072],"AutoUnloadWhiteList":[]}}],"ExitActions":[{"ActionType":21000,"Params":{"$type":"XConfigLevelActionParamsUnderTakeSelfQuest"}},{"ActionType":21001,"Params":{"$type":"XConfigLevelActionParamsUnloadNpc","PlaceIdList":[400001]}},{"ActionType":21002,"Params":{"$type":"XConfigLevelActionParamsUnloadSceneObject","PlaceIdList":[400072]}},{"ActionType":19002,"Params":{"$type":"XConfigLevelActionParamsSetVar","Key":"GoldCount","VarType":1,"BoolValue":null,"IntValue":0,"FloatValue":null}}],"FixProcessors":{}}																																																																									
50020201	5002	500202	0	11											0	0	10	11	0	0	0											4009										{"ExitActions":[{"ActionType":12001,"Params":{"$type":"XConfigLevelActionParamsLoadSceneObject","PlaceIdList":[400073],"AutoUnloadWhiteList":[400073]}}],"FixProcessors":{}}																																																													Score	300	2										
50020202	5002	500202	1	11											0	0	12	13	0	0	0											4009										{"ExitActions":[{"ActionType":12001,"Params":{"$type":"XConfigLevelActionParamsLoadSceneObject","PlaceIdList":[400074],"AutoUnloadWhiteList":[400074]}}],"FixProcessors":{}}																																																													Score	500	2										
50020203	5002	500202	2	11											0	0	14	15	0	0	0											4009										{"ExitActions":[{"ActionType":12001,"Params":{"$type":"XConfigLevelActionParamsLoadSceneObject","PlaceIdList":[400075],"AutoUnloadWhiteList":[400075]}}],"FixProcessors":{}}																																																													Score	1000	2										
50020301	5002	500203	0	7											0	0	18	19	0	1	0											4009										{"EnterActions":[{"ActionType":12001,"Params":{"$type":"XConfigLevelActionParamsLoadSceneObject","PlaceIdList":[400036,400037,400038,400039,400040,400041,400042,400043,400044,400045,400046,400047,400048,400049,400050,400051,400052,400053,400054,400055,400056,400057,400058,400059,400060,400061,400062,400063,400064,400094,400096],"AutoUnloadWhiteList":[]}},{"ActionType":19002,"Params":{"$type":"XConfigLevelActionParamsSetVar","Key":"Time","VarType":2,"BoolValue":null,"IntValue":null,"FloatValue":0.0}},{"ActionType":19002,"Params":{"$type":"XConfigLevelActionParamsSetVar","Key":"Score","VarType":1,"BoolValue":null,"IntValue":0,"FloatValue":null}},{"ActionType":19002,"Params":{"$type":"XConfigLevelActionParamsSetVar","Key":"DeathCount","VarType":1,"BoolValue":null,"IntValue":0,"FloatValue":null}},{"ActionType":19002,"Params":{"$type":"XConfigLevelActionParamsSetVar","Key":"GoldCount","VarType":1,"BoolValue":null,"IntValue":0,"FloatValue":null}},{"ActionType":19002,"Params":{"$type":"XConfigLevelActionParamsSetVar","Key":"Star","VarType":1,"BoolValue":null,"IntValue":0,"FloatValue":null}},{"ActionType":19002,"Params":{"$type":"XConfigLevelActionParamsSetVar","Key":"TriggerJudge","VarType":3,"BoolValue":false,"IntValue":null,"FloatValue":null}},{"ActionType":19002,"Params":{"$type":"XConfigLevelActionParamsSetVar","Key":"TriggerHideRoad","VarType":3,"BoolValue":false,"IntValue":null,"FloatValue":null}},{"ActionType":19002,"Params":{"$type":"XConfigLevelActionParamsSetVar","Key":"TimeReward","VarType":1,"BoolValue":null,"IntValue":1800,"FloatValue":null}}],"ExitActions":[{"ActionType":19002,"Params":{"$type":"XConfigLevelActionParamsSetVar","Key":"IsWin","VarType":3,"BoolValue":true,"IntValue":null,"FloatValue":null}},{"ActionType":3000,"Params":{"$type":"XConfigLevelActionParamsCalculateVar","LeftVarToken":{"$type":"XConfigQuestVarRefToken","VarType":2,"StrKey":"Time","IntKey":0},"RightVarToken":{"$type":"XConfigQuestVarLiteralToken","Literal":{"$type":"XQuestVarValueInt","Value":10}},"ResultVarToken":{"VarType":1,"StrKey":"TimeMiss","IntKey":0},"MathOp":3}},{"ActionType":3000,"Params":{"$type":"XConfigLevelActionParamsCalculateVar","LeftVarToken":{"$type":"XConfigQuestVarRefToken","VarType":1,"StrKey":"TimeReward","IntKey":0},"RightVarToken":{"$type":"XConfigQuestVarRefToken","VarType":1,"StrKey":"TimeMiss","IntKey":0},"ResultVarToken":{"VarType":1,"StrKey":"TimeScore","IntKey":0},"MathOp":2}},{"ActionType":3000,"Params":{"$type":"XConfigLevelActionParamsCalculateVar","LeftVarToken":{"$type":"XConfigQuestVarRefToken","VarType":1,"StrKey":"Score","IntKey":0},"RightVarToken":{"$type":"XConfigQuestVarRefToken","VarType":1,"StrKey":"TimeScore","IntKey":0},"ResultVarToken":{"VarType":1,"StrKey":"Score","IntKey":0},"MathOp":1}},{"ActionType":6000,"Params":{"$type":"XConfigLevelActionFinishInstLevel","UseSwitchQuestVar":false,"QuestVarSwitchDataList":null}},{"ActionType":23000,"Params":{"$type":"XConfigLevelActionParamsWaitTime","TimeSeconds":0}},{"ActionType":3001,"Params":{"$type":"XConfigLevelActionParamsCompleteLevelPlay","IsFullyClearedVarRef":{"VarType":3,"StrKey":"FullyClear","IntKey":0}}},{"ActionType":19002,"Params":{"$type":"XConfigLevelActionParamsSetVar","Key":"DoSettle","VarType":1,"BoolValue":null,"IntValue":1,"FloatValue":null}}],"FixProcessors":{}}	258.2200012207031	37.0	336.5799865722656	3.5	0	0																																																																			
50020302	5002	500203	1	10											0	0	20	21	0	1	0											4009										{"ExitActions":[{"ActionType":20000,"Params":{"$type":"XConfigLevelActionParamsTeleportPlayer","Position":[258.30999755859375,38.369998931884766,336.5799865722656],"Rotation":[0.0,0.0,0.0],"WithBlackScreen":false,"ScreenEffectId":0,"BlackScreenEnterDuration":0.0,"BlackScreenExitDuration":0.0,"ShowEffect":false,"ResetCamera":false}},{"ActionType":19002,"Params":{"$type":"XConfigLevelActionParamsSetVar","Key":"IsWin","VarType":3,"BoolValue":false,"IntValue":null,"FloatValue":null}},{"ActionType":19002,"Params":{"$type":"XConfigLevelActionParamsSetVar","Key":"DoSettle","VarType":1,"BoolValue":null,"IntValue":1,"FloatValue":null}}],"FixProcessors":{}}																																																																1	1	90.0	10.0						
50020303	5002	500203	2	11											1	0	22	23	0	0	0											4009										{"EnterActions":[{"ActionType":19002,"Params":{"$type":"XConfigLevelActionParamsSetVar","Key":"FullyClear","VarType":3,"BoolValue":false,"IntValue":null,"FloatValue":null}}],"ExitActions":[{"ActionType":19002,"Params":{"$type":"XConfigLevelActionParamsSetVar","Key":"FullyClear","VarType":3,"BoolValue":true,"IntValue":null,"FloatValue":null}}],"FixProcessors":{}}																																																													Star	3	2										
50020304	5002	500203	3	11											1	0	24	25	0	0	0											4009										{"ExitActions":[{"ActionType":12001,"Params":{"$type":"XConfigLevelActionParamsLoadSceneObject","PlaceIdList":[400083,400084,400085,400086,400087,400088,400089,400090,400091,400092,400093,400095],"AutoUnloadWhiteList":[]}},{"ActionType":19002,"Params":{"$type":"XConfigLevelActionParamsSetVar","Key":"TriggerHideRoad","VarType":3,"BoolValue":true,"IntValue":null,"FloatValue":null}}],"FixProcessors":{}}																																																													DeathCount	5	2										
50020402	5002	500204	0	11											0	0	28	29	0	0	0											4009										{"ExitActions":[{"ActionType":21002,"Params":{"$type":"XConfigLevelActionParamsUnloadSceneObject","PlaceIdList":[400036,400037,400038,400039,400040,400041,400042,400043,400044,400045,400046,400047,400048,400049,400050,400051,400052,400053,400054,400055,400056,400057,400058,400059,400060,400061,400062,400063,400064,400094,400096]}},{"ActionType":16003,"Params":{"$type":"XConfigLevelActionParamsPauseLevelPlayTimer","IsPause":true}},{"ActionType":6000,"Params":{"$type":"XConfigLevelActionFinishInstLevel","UseSwitchQuestVar":false,"QuestVarSwitchDataList":null}},{"ActionType":19002,"Params":{"$type":"XConfigLevelActionParamsSetVar","Key":"Objective1","VarType":1,"BoolValue":null,"IntValue":50020201,"FloatValue":null}},{"ActionType":19002,"Params":{"$type":"XConfigLevelActionParamsSetVar","Key":"Objective2","VarType":1,"BoolValue":null,"IntValue":50020202,"FloatValue":null}},{"ActionType":19002,"Params":{"$type":"XConfigLevelActionParamsSetVar","Key":"Objective3","VarType":1,"BoolValue":null,"IntValue":50020203,"FloatValue":null}},{"ActionType":19005,"Params":{"$type":"XConfigLevelActionParamsSettleInstLevel","SettleType":1,"Theme":1,"InputVars":["Objective1","Objective2","Objective3","Score","Time","IsWin","DeathCount","GoldCount","Star","TriggerJudge","TriggerHideRoad"]}}],"FixProcessors":{"1":[{"Id":1,"FixTiming":1,"ConditionGroup":{"ConditionLists":[{"Conditions":[{"CondType":1,"Params":{"$type":"XConfigLevelConditionParamsCompareVar","LeftVarToken":{"$type":"XConfigQuestVarRefToken","VarType":3,"StrKey":"IsWin","IntKey":0},"RightVarToken":{"$type":"XConfigQuestVarLiteralToken","Literal":{"$type":"XQuestVarValueBool","Value":true}},"CompareType":0},"InvertResult":false,"TipDescId":null},{"CondType":2,"Params":{"$type":"XConfigLevelConditionParamsCheckQuestObjectiveComplete","QuestObjectiveId":50020201,"CheckExitAsComplete":true},"InvertResult":false,"TipDescId":null},{"CondType":2,"Params":{"$type":"XConfigLevelConditionParamsCheckQuestObjectiveComplete","QuestObjectiveId":50020202,"CheckExitAsComplete":true},"InvertResult":false,"TipDescId":null},{"CondType":2,"Params":{"$type":"XConfigLevelConditionParamsCheckQuestObjectiveComplete","QuestObjectiveId":50020203,"CheckExitAsComplete":true},"InvertResult":false,"TipDescId":null}],"LogicOp":0}],"LogicOp":0},"Actions":[{"ActionType":19002,"Params":{"$type":"XConfigLevelActionParamsSetVar","Key":"FullyClear","VarType":3,"BoolValue":true,"IntValue":null,"FloatValue":null}}]},{"Id":2,"FixTiming":1,"ConditionGroup":{"ConditionLists":[{"Conditions":[{"CondType":1,"Params":{"$type":"XConfigLevelConditionParamsCompareVar","LeftVarToken":{"$type":"XConfigQuestVarRefToken","VarType":3,"StrKey":"IsWin","IntKey":0},"RightVarToken":{"$type":"XConfigQuestVarLiteralToken","Literal":{"$type":"XQuestVarValueBool","Value":true}},"CompareType":0},"InvertResult":false,"TipDescId":null}],"LogicOp":0}],"LogicOp":0},"Actions":[{"ActionType":3001,"Params":{"$type":"XConfigLevelActionParamsCompleteLevelPlay","IsFullyClearedVarRef":{"VarType":3,"StrKey":"FullyClear","IntKey":0}}}]}]}}																																																													DoSettle	1	2										
50030101	5003	500301	0	5											0	0	6	7	0	0	0											4010										{"TargetArgs":{"1":{"500002":0}},"EnterActions":[{"ActionType":12000,"Params":{"$type":"XConfigLevelActionParamsLoadNpc","PlaceIdList":[500002],"AutoUnloadWhiteList":[]}},{"ActionType":12001,"Params":{"$type":"XConfigLevelActionParamsLoadSceneObject","PlaceIdList":[500091],"AutoUnloadWhiteList":[]}}],"ExitActions":[{"ActionType":21000,"Params":{"$type":"XConfigLevelActionParamsUnderTakeSelfQuest"}},{"ActionType":21001,"Params":{"$type":"XConfigLevelActionParamsUnloadNpc","PlaceIdList":[500002]}},{"ActionType":21002,"Params":{"$type":"XConfigLevelActionParamsUnloadSceneObject","PlaceIdList":[500091]}},{"ActionType":19002,"Params":{"$type":"XConfigLevelActionParamsSetVar","Key":"GoldCount","VarType":1,"BoolValue":null,"IntValue":0,"FloatValue":null}}],"FixProcessors":{}}																																																																									
50030201	5003	500302	0	11											0	0	10	11	0	0	0											4010										{"ExitActions":[{"ActionType":12001,"Params":{"$type":"XConfigLevelActionParamsLoadSceneObject","PlaceIdList":[500094],"AutoUnloadWhiteList":[500094]}}],"FixProcessors":{}}																																																													Score	300	2										
50030202	5003	500302	1	11											0	0	12	13	0	0	0											4010										{"ExitActions":[{"ActionType":12001,"Params":{"$type":"XConfigLevelActionParamsLoadSceneObject","PlaceIdList":[500095],"AutoUnloadWhiteList":[500095]}}],"FixProcessors":{}}																																																													Score	500	2										
50030203	5003	500302	2	11											0	0	14	15	0	0	0											4010										{"ExitActions":[{"ActionType":12001,"Params":{"$type":"XConfigLevelActionParamsLoadSceneObject","PlaceIdList":[500096],"AutoUnloadWhiteList":[500096]}}],"FixProcessors":{}}																																																													Score	1000	2										
50030301	5003	500303	0	7											0	0	18	19	0	1	0											4010										{"EnterActions":[{"ActionType":12001,"Params":{"$type":"XConfigLevelActionParamsLoadSceneObject","PlaceIdList":[500023,500024,500025,500026,500049,500050,500052,500053,500054,500055,500056,500057,500058,500059,500060,500062,500063,500064,500065,500066,500068,500069,500070,500071,500072,500073,500074,500075,500076,500156,500157,500158,500159,500160,500039,500040,500041,500042,500043,500044,500045,500046,500047,500048,500051,500080],"AutoUnloadWhiteList":[]}},{"ActionType":19002,"Params":{"$type":"XConfigLevelActionParamsSetVar","Key":"Time","VarType":2,"BoolValue":null,"IntValue":null,"FloatValue":0.0}},{"ActionType":19002,"Params":{"$type":"XConfigLevelActionParamsSetVar","Key":"Score","VarType":1,"BoolValue":null,"IntValue":0,"FloatValue":null}},{"ActionType":19002,"Params":{"$type":"XConfigLevelActionParamsSetVar","Key":"DeathCount","VarType":1,"BoolValue":null,"IntValue":0,"FloatValue":null}},{"ActionType":19002,"Params":{"$type":"XConfigLevelActionParamsSetVar","Key":"GoldCount","VarType":1,"BoolValue":null,"IntValue":0,"FloatValue":null}},{"ActionType":19002,"Params":{"$type":"XConfigLevelActionParamsSetVar","Key":"Star","VarType":1,"BoolValue":null,"IntValue":0,"FloatValue":null}},{"ActionType":19002,"Params":{"$type":"XConfigLevelActionParamsSetVar","Key":"TriggerJudge","VarType":3,"BoolValue":false,"IntValue":null,"FloatValue":null}},{"ActionType":19002,"Params":{"$type":"XConfigLevelActionParamsSetVar","Key":"TriggerHideRoad","VarType":3,"BoolValue":false,"IntValue":null,"FloatValue":null}},{"ActionType":19002,"Params":{"$type":"XConfigLevelActionParamsSetVar","Key":"TimeReward","VarType":1,"BoolValue":null,"IntValue":1800,"FloatValue":null}}],"ExitActions":[{"ActionType":19002,"Params":{"$type":"XConfigLevelActionParamsSetVar","Key":"IsWin","VarType":3,"BoolValue":true,"IntValue":null,"FloatValue":null}},{"ActionType":3000,"Params":{"$type":"XConfigLevelActionParamsCalculateVar","LeftVarToken":{"$type":"XConfigQuestVarRefToken","VarType":2,"StrKey":"Time","IntKey":0},"RightVarToken":{"$type":"XConfigQuestVarLiteralToken","Literal":{"$type":"XQuestVarValueInt","Value":10}},"ResultVarToken":{"VarType":1,"StrKey":"TimeMiss","IntKey":0},"MathOp":3}},{"ActionType":3000,"Params":{"$type":"XConfigLevelActionParamsCalculateVar","LeftVarToken":{"$type":"XConfigQuestVarRefToken","VarType":1,"StrKey":"TimeReward","IntKey":0},"RightVarToken":{"$type":"XConfigQuestVarRefToken","VarType":1,"StrKey":"TimeMiss","IntKey":0},"ResultVarToken":{"VarType":1,"StrKey":"TimeScore","IntKey":0},"MathOp":2}},{"ActionType":3000,"Params":{"$type":"XConfigLevelActionParamsCalculateVar","LeftVarToken":{"$type":"XConfigQuestVarRefToken","VarType":2,"StrKey":"Score","IntKey":0},"RightVarToken":{"$type":"XConfigQuestVarRefToken","VarType":1,"StrKey":"TimeScore","IntKey":0},"ResultVarToken":{"VarType":1,"StrKey":"Score","IntKey":0},"MathOp":1}},{"ActionType":6000,"Params":{"$type":"XConfigLevelActionFinishInstLevel","UseSwitchQuestVar":false,"QuestVarSwitchDataList":null}},{"ActionType":23000,"Params":{"$type":"XConfigLevelActionParamsWaitTime","TimeSeconds":0}},{"ActionType":3001,"Params":{"$type":"XConfigLevelActionParamsCompleteLevelPlay","IsFullyClearedVarRef":{"VarType":3,"StrKey":"FullyClear","IntKey":0}}},{"ActionType":19002,"Params":{"$type":"XConfigLevelActionParamsSetVar","Key":"DoSettle","VarType":1,"BoolValue":null,"IntValue":1,"FloatValue":null}}],"FixProcessors":{}}	380.67999267578125	52.72999954223633	275.5899963378906	3.5	0	0																																																																			
50030302	5003	500303	1	10											0	0	20	21	0	1	0											4010										{"ExitActions":[{"ActionType":20000,"Params":{"$type":"XConfigLevelActionParamsTeleportPlayer","Position":[380.67999267578125,52.72999954223633,275.5899963378906],"Rotation":[0.0,0.0,0.0],"WithBlackScreen":false,"ScreenEffectId":0,"BlackScreenEnterDuration":0.0,"BlackScreenExitDuration":0.0,"ShowEffect":false,"ResetCamera":false}},{"ActionType":19002,"Params":{"$type":"XConfigLevelActionParamsSetVar","Key":"IsWin","VarType":3,"BoolValue":false,"IntValue":null,"FloatValue":null}},{"ActionType":19002,"Params":{"$type":"XConfigLevelActionParamsSetVar","Key":"DoSettle","VarType":1,"BoolValue":null,"IntValue":1,"FloatValue":null}}],"FixProcessors":{}}																																																																1	1	90.0	10.0						
50030303	5003	500303	2	11											1	0	22	23	0	0	0											4010										{"EnterActions":[{"ActionType":19002,"Params":{"$type":"XConfigLevelActionParamsSetVar","Key":"FullyClear","VarType":3,"BoolValue":false,"IntValue":null,"FloatValue":null}}],"ExitActions":[{"ActionType":19002,"Params":{"$type":"XConfigLevelActionParamsSetVar","Key":"FullyClear","VarType":3,"BoolValue":true,"IntValue":null,"FloatValue":null}}],"FixProcessors":{}}																																																													Star	3	2										
50030304	5003	500303	3	7											1	0	24	25	0	0	0											4010										{"ExitActions":[{"ActionType":12001,"Params":{"$type":"XConfigLevelActionParamsLoadSceneObject","PlaceIdList":[500082,500083,500084,500085,500061,500067,500032,500033,500034,500035,500037,500038,500155,500010,500152],"AutoUnloadWhiteList":[]}},{"ActionType":19002,"Params":{"$type":"XConfigLevelActionParamsSetVar","Key":"TriggerJudge","VarType":3,"BoolValue":true,"IntValue":null,"FloatValue":null}}],"FixProcessors":{}}	325.6400146484375	53.040000915527344	273.67498779296875	3.0	0	0																																																																			
50030305	5003	500303	4	11											1	0	26	27	0	0	0											4010										{"ExitActions":[{"ActionType":12001,"Params":{"$type":"XConfigLevelActionParamsLoadSceneObject","PlaceIdList":[500097,500098,500099,500100,500101,500102,500103,500104,500105,500106,500107,500081,500088,500089],"AutoUnloadWhiteList":[]}},{"ActionType":19002,"Params":{"$type":"XConfigLevelActionParamsSetVar","Key":"TriggerHideRoad","VarType":3,"BoolValue":true,"IntValue":null,"FloatValue":null}}],"FixProcessors":{}}																																																													DeathCount	5	2										
50030402	5003	500304	0	11											0	0	30	31	0	0	0											4010										{"ExitActions":[{"ActionType":21002,"Params":{"$type":"XConfigLevelActionParamsUnloadSceneObject","PlaceIdList":[500023,500024,500025,500026,500049,500050,500052,500053,500054,500055,500056,500057,500058,500059,500060,500062,500063,500064,500065,500066,500068,500069,500070,500071,500072,500073,500074,500075,500076,500156,500157,500158,500159,500160,500039,500040,500041,500042,500043,500044,500045,500046,500047,500048,500051,500080,500032,500033,500034,500035,500037,500038,500155,500010,500152,500082,500083,500084,500085,500061,500067]}},{"ActionType":16003,"Params":{"$type":"XConfigLevelActionParamsPauseLevelPlayTimer","IsPause":true}},{"ActionType":6000,"Params":{"$type":"XConfigLevelActionFinishInstLevel","UseSwitchQuestVar":false,"QuestVarSwitchDataList":null}},{"ActionType":19002,"Params":{"$type":"XConfigLevelActionParamsSetVar","Key":"Objective1","VarType":1,"BoolValue":null,"IntValue":50030201,"FloatValue":null}},{"ActionType":19002,"Params":{"$type":"XConfigLevelActionParamsSetVar","Key":"Objective2","VarType":1,"BoolValue":null,"IntValue":50030202,"FloatValue":null}},{"ActionType":19002,"Params":{"$type":"XConfigLevelActionParamsSetVar","Key":"Objective3","VarType":1,"BoolValue":null,"IntValue":50030203,"FloatValue":null}},{"ActionType":19005,"Params":{"$type":"XConfigLevelActionParamsSettleInstLevel","SettleType":1,"Theme":1,"InputVars":["Objective1","Objective2","Objective3","Score","Time","IsWin","DeathCount","GoldCount","Star","TriggerJudge","TriggerHideRoad"]}}],"FixProcessors":{"1":[{"Id":1,"FixTiming":1,"ConditionGroup":{"ConditionLists":[{"Conditions":[{"CondType":1,"Params":{"$type":"XConfigLevelConditionParamsCompareVar","LeftVarToken":{"$type":"XConfigQuestVarRefToken","VarType":3,"StrKey":"IsWin","IntKey":0},"RightVarToken":{"$type":"XConfigQuestVarLiteralToken","Literal":{"$type":"XQuestVarValueBool","Value":true}},"CompareType":0},"InvertResult":false,"TipDescId":null},{"CondType":2,"Params":{"$type":"XConfigLevelConditionParamsCheckQuestObjectiveComplete","QuestObjectiveId":50030201,"CheckExitAsComplete":true},"InvertResult":false,"TipDescId":null},{"CondType":2,"Params":{"$type":"XConfigLevelConditionParamsCheckQuestObjectiveComplete","QuestObjectiveId":50030202,"CheckExitAsComplete":true},"InvertResult":false,"TipDescId":null},{"CondType":2,"Params":{"$type":"XConfigLevelConditionParamsCheckQuestObjectiveComplete","QuestObjectiveId":50030203,"CheckExitAsComplete":true},"InvertResult":false,"TipDescId":null}],"LogicOp":0}],"LogicOp":0},"Actions":[{"ActionType":19002,"Params":{"$type":"XConfigLevelActionParamsSetVar","Key":"FullyClear","VarType":3,"BoolValue":true,"IntValue":null,"FloatValue":null}}]},{"Id":2,"FixTiming":1,"ConditionGroup":{"ConditionLists":[{"Conditions":[{"CondType":1,"Params":{"$type":"XConfigLevelConditionParamsCompareVar","LeftVarToken":{"$type":"XConfigQuestVarRefToken","VarType":3,"StrKey":"IsWin","IntKey":0},"RightVarToken":{"$type":"XConfigQuestVarLiteralToken","Literal":{"$type":"XQuestVarValueBool","Value":true}},"CompareType":0},"InvertResult":false,"TipDescId":null}],"LogicOp":0}],"LogicOp":0},"Actions":[{"ActionType":3001,"Params":{"$type":"XConfigLevelActionParamsCompleteLevelPlay","IsFullyClearedVarRef":{"VarType":3,"StrKey":"FullyClear","IntKey":0}}}]}]}}																																																													DoSettle	1	2										
50040101	5004	500401	0	5											0	0	6	7	0	0	0											4018										{"TargetArgs":{"1":{"600001":0}},"EnterActions":[{"ActionType":12000,"Params":{"$type":"XConfigLevelActionParamsLoadNpc","PlaceIdList":[600001],"AutoUnloadWhiteList":[]}},{"ActionType":12001,"Params":{"$type":"XConfigLevelActionParamsLoadSceneObject","PlaceIdList":[600113],"AutoUnloadWhiteList":[]}}],"ExitActions":[{"ActionType":21000,"Params":{"$type":"XConfigLevelActionParamsUnderTakeSelfQuest"}},{"ActionType":21001,"Params":{"$type":"XConfigLevelActionParamsUnloadNpc","PlaceIdList":[600001]}},{"ActionType":21002,"Params":{"$type":"XConfigLevelActionParamsUnloadSceneObject","PlaceIdList":[600113]}},{"ActionType":19002,"Params":{"$type":"XConfigLevelActionParamsSetVar","Key":"GoldCount","VarType":1,"BoolValue":null,"IntValue":0,"FloatValue":null}}],"FixProcessors":{}}																																																																									
50040201	5004	500402	0	11											0	0	10	11	0	0	0											4018										{"ExitActions":[{"ActionType":12001,"Params":{"$type":"XConfigLevelActionParamsLoadSceneObject","PlaceIdList":[600108],"AutoUnloadWhiteList":[600108]}}],"FixProcessors":{}}																																																													Score	400	2										
50040202	5004	500402	1	11											0	0	12	13	0	0	0											4018										{"ExitActions":[{"ActionType":12001,"Params":{"$type":"XConfigLevelActionParamsLoadSceneObject","PlaceIdList":[600109],"AutoUnloadWhiteList":[600109]}}],"FixProcessors":{}}																																																													Score	800	2										
50040203	5004	500402	2	11											0	0	14	15	0	0	0											4018										{"ExitActions":[{"ActionType":12001,"Params":{"$type":"XConfigLevelActionParamsLoadSceneObject","PlaceIdList":[600110],"AutoUnloadWhiteList":[600110]}}],"FixProcessors":{}}																																																													Score	1500	2										
50040301	5004	500403	0	7											0	0	18	19	0	1	0											4018										{"EnterActions":[{"ActionType":12001,"Params":{"$type":"XConfigLevelActionParamsLoadSceneObject","PlaceIdList":[600037,600038,600039,600040,600041,600042,600043,600044,600045,600046,600047,600048,600049,600050,600051,600052,600053,600054,600055,600056,600057,600058,600059,600060,600061,600062,600063,600064,600065,600066,600067,600068,600069,600070,600071,600130,600036,600076,600077,600078,600079,600080,600081,600082],"AutoUnloadWhiteList":[]}},{"ActionType":19002,"Params":{"$type":"XConfigLevelActionParamsSetVar","Key":"Time","VarType":2,"BoolValue":null,"IntValue":null,"FloatValue":0.0}},{"ActionType":19002,"Params":{"$type":"XConfigLevelActionParamsSetVar","Key":"Score","VarType":1,"BoolValue":null,"IntValue":0,"FloatValue":null}},{"ActionType":19002,"Params":{"$type":"XConfigLevelActionParamsSetVar","Key":"DeathCount","VarType":1,"BoolValue":null,"IntValue":0,"FloatValue":null}},{"ActionType":19002,"Params":{"$type":"XConfigLevelActionParamsSetVar","Key":"GoldCount","VarType":1,"BoolValue":null,"IntValue":0,"FloatValue":null}},{"ActionType":19002,"Params":{"$type":"XConfigLevelActionParamsSetVar","Key":"Star","VarType":1,"BoolValue":null,"IntValue":0,"FloatValue":null}},{"ActionType":19002,"Params":{"$type":"XConfigLevelActionParamsSetVar","Key":"TriggerJudge","VarType":3,"BoolValue":false,"IntValue":null,"FloatValue":null}},{"ActionType":19002,"Params":{"$type":"XConfigLevelActionParamsSetVar","Key":"TriggerHideRoad","VarType":3,"BoolValue":false,"IntValue":null,"FloatValue":null}},{"ActionType":19002,"Params":{"$type":"XConfigLevelActionParamsSetVar","Key":"TimeReward","VarType":1,"BoolValue":null,"IntValue":1800,"FloatValue":null}}],"ExitActions":[{"ActionType":19002,"Params":{"$type":"XConfigLevelActionParamsSetVar","Key":"IsWin","VarType":3,"BoolValue":true,"IntValue":null,"FloatValue":null}},{"ActionType":3000,"Params":{"$type":"XConfigLevelActionParamsCalculateVar","LeftVarToken":{"$type":"XConfigQuestVarRefToken","VarType":2,"StrKey":"Time","IntKey":0},"RightVarToken":{"$type":"XConfigQuestVarLiteralToken","Literal":{"$type":"XQuestVarValueInt","Value":10}},"ResultVarToken":{"VarType":1,"StrKey":"TimeMiss","IntKey":0},"MathOp":3}},{"ActionType":3000,"Params":{"$type":"XConfigLevelActionParamsCalculateVar","LeftVarToken":{"$type":"XConfigQuestVarRefToken","VarType":1,"StrKey":"TimeReward","IntKey":0},"RightVarToken":{"$type":"XConfigQuestVarRefToken","VarType":1,"StrKey":"TimeMiss","IntKey":0},"ResultVarToken":{"VarType":1,"StrKey":"TimeScore","IntKey":0},"MathOp":2}},{"ActionType":3000,"Params":{"$type":"XConfigLevelActionParamsCalculateVar","LeftVarToken":{"$type":"XConfigQuestVarRefToken","VarType":1,"StrKey":"Score","IntKey":0},"RightVarToken":{"$type":"XConfigQuestVarRefToken","VarType":1,"StrKey":"TimeScore","IntKey":0},"ResultVarToken":{"VarType":1,"StrKey":"Score","IntKey":0},"MathOp":1}},{"ActionType":6000,"Params":{"$type":"XConfigLevelActionFinishInstLevel","UseSwitchQuestVar":false,"QuestVarSwitchDataList":null}},{"ActionType":23000,"Params":{"$type":"XConfigLevelActionParamsWaitTime","TimeSeconds":0}},{"ActionType":3001,"Params":{"$type":"XConfigLevelActionParamsCompleteLevelPlay","IsFullyClearedVarRef":{"VarType":3,"StrKey":"FullyClear","IntKey":0}}},{"ActionType":19002,"Params":{"$type":"XConfigLevelActionParamsSetVar","Key":"DoSettle","VarType":1,"BoolValue":null,"IntValue":1,"FloatValue":null}}],"FixProcessors":{}}	319.6300048828125	54.43000030517578	340.5899963378906	3.5	0	0																																																																			
50040302	5004	500403	1	10											0	0	20	21	0	1	0											4018										{"ExitActions":[{"ActionType":20000,"Params":{"$type":"XConfigLevelActionParamsTeleportPlayer","Position":[319.6300048828125,54.43000030517578,340.5899963378906],"Rotation":[0.0,40.0,0.0],"WithBlackScreen":true,"ScreenEffectId":0,"BlackScreenEnterDuration":0.0,"BlackScreenExitDuration":0.0,"ShowEffect":false,"ResetCamera":false}},{"ActionType":19002,"Params":{"$type":"XConfigLevelActionParamsSetVar","Key":"IsWin","VarType":3,"BoolValue":false,"IntValue":null,"FloatValue":null}},{"ActionType":19002,"Params":{"$type":"XConfigLevelActionParamsSetVar","Key":"DoSettle","VarType":1,"BoolValue":null,"IntValue":1,"FloatValue":null}}],"FixProcessors":{}}																																																																1	1	90.0	10.0						
50040303	5004	500403	2	11											1	0	22	23	0	0	0											4018										{"EnterActions":[{"ActionType":19002,"Params":{"$type":"XConfigLevelActionParamsSetVar","Key":"FullyClear","VarType":3,"BoolValue":false,"IntValue":null,"FloatValue":null}}],"ExitActions":[{"ActionType":19002,"Params":{"$type":"XConfigLevelActionParamsSetVar","Key":"FullyClear","VarType":3,"BoolValue":true,"IntValue":null,"FloatValue":null}}],"FixProcessors":{}}																																																													Star	3	2										
50040304	5004	500403	3	11											1	0	24	25	0	0	0											4018										{"ExitActions":[{"ActionType":12001,"Params":{"$type":"XConfigLevelActionParamsLoadSceneObject","PlaceIdList":[600032,600033,600034,600035,600133,600134,600135,600136,600137,600138,600139,600140,600141],"AutoUnloadWhiteList":[]}},{"ActionType":19002,"Params":{"$type":"XConfigLevelActionParamsSetVar","Key":"TriggerHideRoad","VarType":3,"BoolValue":true,"IntValue":null,"FloatValue":null}}],"FixProcessors":{}}																																																													DeathCount	5	2										
50040402	5004	500404	0	11											0	0	28	29	0	0	0											4018										{"ExitActions":[{"ActionType":21002,"Params":{"$type":"XConfigLevelActionParamsUnloadSceneObject","PlaceIdList":[600037,600038,600039,600040,600041,600042,600043,600044,600045,600046,600047,600048,600049,600050,600051,600052,600053,600054,600055,600056,600057,600058,600059,600060,600061,600062,600063,600064,600065,600066,600067,600068,600069,600070,600071,600130,600036,600076,600077,600078,600079,600080,600081,600082]}},{"ActionType":16003,"Params":{"$type":"XConfigLevelActionParamsPauseLevelPlayTimer","IsPause":true}},{"ActionType":6000,"Params":{"$type":"XConfigLevelActionFinishInstLevel","UseSwitchQuestVar":false,"QuestVarSwitchDataList":null}},{"ActionType":19002,"Params":{"$type":"XConfigLevelActionParamsSetVar","Key":"Objective1","VarType":1,"BoolValue":null,"IntValue":50040201,"FloatValue":null}},{"ActionType":19002,"Params":{"$type":"XConfigLevelActionParamsSetVar","Key":"Objective2","VarType":1,"BoolValue":null,"IntValue":50040202,"FloatValue":null}},{"ActionType":19002,"Params":{"$type":"XConfigLevelActionParamsSetVar","Key":"Objective3","VarType":1,"BoolValue":null,"IntValue":50040203,"FloatValue":null}},{"ActionType":19005,"Params":{"$type":"XConfigLevelActionParamsSettleInstLevel","SettleType":1,"Theme":1,"InputVars":["Objective1","Objective2","Objective3","Score","Time","IsWin","DeathCount","GoldCount","Star","TriggerJudge","TriggerHideRoad"]}}],"FixProcessors":{"1":[{"Id":1,"FixTiming":1,"ConditionGroup":{"ConditionLists":[{"Conditions":[{"CondType":1,"Params":{"$type":"XConfigLevelConditionParamsCompareVar","LeftVarToken":{"$type":"XConfigQuestVarRefToken","VarType":3,"StrKey":"IsWin","IntKey":0},"RightVarToken":{"$type":"XConfigQuestVarLiteralToken","Literal":{"$type":"XQuestVarValueBool","Value":true}},"CompareType":0},"InvertResult":false,"TipDescId":null},{"CondType":2,"Params":{"$type":"XConfigLevelConditionParamsCheckQuestObjectiveComplete","QuestObjectiveId":50040201,"CheckExitAsComplete":true},"InvertResult":false,"TipDescId":null},{"CondType":2,"Params":{"$type":"XConfigLevelConditionParamsCheckQuestObjectiveComplete","QuestObjectiveId":50040202,"CheckExitAsComplete":true},"InvertResult":false,"TipDescId":null},{"CondType":2,"Params":{"$type":"XConfigLevelConditionParamsCheckQuestObjectiveComplete","QuestObjectiveId":50040203,"CheckExitAsComplete":true},"InvertResult":false,"TipDescId":null}],"LogicOp":0}],"LogicOp":0},"Actions":[{"ActionType":19002,"Params":{"$type":"XConfigLevelActionParamsSetVar","Key":"FullyClear","VarType":3,"BoolValue":true,"IntValue":null,"FloatValue":null}}]},{"Id":2,"FixTiming":1,"ConditionGroup":{"ConditionLists":[{"Conditions":[{"CondType":1,"Params":{"$type":"XConfigLevelConditionParamsCompareVar","LeftVarToken":{"$type":"XConfigQuestVarRefToken","VarType":3,"StrKey":"IsWin","IntKey":0},"RightVarToken":{"$type":"XConfigQuestVarLiteralToken","Literal":{"$type":"XQuestVarValueBool","Value":true}},"CompareType":0},"InvertResult":false,"TipDescId":null}],"LogicOp":0}],"LogicOp":0},"Actions":[{"ActionType":3001,"Params":{"$type":"XConfigLevelActionParamsCompleteLevelPlay","IsFullyClearedVarRef":{"VarType":3,"StrKey":"FullyClear","IntKey":0}}}]}]}}																																																													DoSettle	1	2										
50050101	5005	500501	0	5											0	0	6	7	0	0	0											4019										{"TargetArgs":{"1":{"700001":0}},"EnterActions":[{"ActionType":12000,"Params":{"$type":"XConfigLevelActionParamsLoadNpc","PlaceIdList":[700001],"AutoUnloadWhiteList":[]}},{"ActionType":12001,"Params":{"$type":"XConfigLevelActionParamsLoadSceneObject","PlaceIdList":[700044],"AutoUnloadWhiteList":[]}}],"ExitActions":[{"ActionType":21000,"Params":{"$type":"XConfigLevelActionParamsUnderTakeSelfQuest"}},{"ActionType":21001,"Params":{"$type":"XConfigLevelActionParamsUnloadNpc","PlaceIdList":[700001]}},{"ActionType":21002,"Params":{"$type":"XConfigLevelActionParamsUnloadSceneObject","PlaceIdList":[700044]}},{"ActionType":19002,"Params":{"$type":"XConfigLevelActionParamsSetVar","Key":"GoldCount","VarType":1,"BoolValue":null,"IntValue":0,"FloatValue":null}}],"FixProcessors":{}}																																																																									
50050201	5005	500502	0	11											0	0	10	11	0	0	0											4019										{"ExitActions":[{"ActionType":12001,"Params":{"$type":"XConfigLevelActionParamsLoadSceneObject","PlaceIdList":[700094],"AutoUnloadWhiteList":[700094]}}],"FixProcessors":{}}																																																													Score	500	2										
50050202	5005	500502	1	11											0	0	12	13	0	0	0											4019										{"ExitActions":[{"ActionType":12001,"Params":{"$type":"XConfigLevelActionParamsLoadSceneObject","PlaceIdList":[700095],"AutoUnloadWhiteList":[700095]}}],"FixProcessors":{}}																																																													Score	1300	2										
50050203	5005	500502	2	11											0	0	14	15	0	0	0											4019										{"ExitActions":[{"ActionType":12001,"Params":{"$type":"XConfigLevelActionParamsLoadSceneObject","PlaceIdList":[700096],"AutoUnloadWhiteList":[700096]}}],"FixProcessors":{}}																																																													Score	2000	2										
50050301	5005	500503	0	7											0	0	18	19	0	1	0											4019										{"EnterActions":[{"ActionType":12001,"Params":{"$type":"XConfigLevelActionParamsLoadSceneObject","PlaceIdList":[700059,700060,700061,700062,700063,700064,700065,700066,700067,700068,700069,700070,700071,700072,700073,700074,700075,700076,700077,700078,700079,700080,700081,700082,700083,700084,700085,700086,700087,700088,700089,700090,700091,700092,700093,700097,700098],"AutoUnloadWhiteList":[]}},{"ActionType":19002,"Params":{"$type":"XConfigLevelActionParamsSetVar","Key":"Time","VarType":2,"BoolValue":null,"IntValue":null,"FloatValue":0.0}},{"ActionType":19002,"Params":{"$type":"XConfigLevelActionParamsSetVar","Key":"Score","VarType":1,"BoolValue":null,"IntValue":0,"FloatValue":null}},{"ActionType":19002,"Params":{"$type":"XConfigLevelActionParamsSetVar","Key":"DeathCount","VarType":1,"BoolValue":null,"IntValue":0,"FloatValue":null}},{"ActionType":19002,"Params":{"$type":"XConfigLevelActionParamsSetVar","Key":"GoldCount","VarType":1,"BoolValue":null,"IntValue":0,"FloatValue":null}},{"ActionType":19002,"Params":{"$type":"XConfigLevelActionParamsSetVar","Key":"Star","VarType":1,"BoolValue":null,"IntValue":0,"FloatValue":null}},{"ActionType":19002,"Params":{"$type":"XConfigLevelActionParamsSetVar","Key":"TriggerJudge","VarType":3,"BoolValue":false,"IntValue":null,"FloatValue":null}},{"ActionType":19002,"Params":{"$type":"XConfigLevelActionParamsSetVar","Key":"TriggerHideRoad","VarType":3,"BoolValue":false,"IntValue":null,"FloatValue":null}},{"ActionType":19002,"Params":{"$type":"XConfigLevelActionParamsSetVar","Key":"TimeReward","VarType":1,"BoolValue":null,"IntValue":1800,"FloatValue":null}}],"ExitActions":[{"ActionType":19002,"Params":{"$type":"XConfigLevelActionParamsSetVar","Key":"IsWin","VarType":3,"BoolValue":true,"IntValue":null,"FloatValue":null}},{"ActionType":3000,"Params":{"$type":"XConfigLevelActionParamsCalculateVar","LeftVarToken":{"$type":"XConfigQuestVarRefToken","VarType":2,"StrKey":"Time","IntKey":0},"RightVarToken":{"$type":"XConfigQuestVarLiteralToken","Literal":{"$type":"XQuestVarValueInt","Value":10}},"ResultVarToken":{"VarType":1,"StrKey":"TimeMiss","IntKey":0},"MathOp":3}},{"ActionType":3000,"Params":{"$type":"XConfigLevelActionParamsCalculateVar","LeftVarToken":{"$type":"XConfigQuestVarRefToken","VarType":1,"StrKey":"TimeReward","IntKey":0},"RightVarToken":{"$type":"XConfigQuestVarRefToken","VarType":1,"StrKey":"TimeMiss","IntKey":0},"ResultVarToken":{"VarType":1,"StrKey":"TimeScore","IntKey":0},"MathOp":2}},{"ActionType":3000,"Params":{"$type":"XConfigLevelActionParamsCalculateVar","LeftVarToken":{"$type":"XConfigQuestVarRefToken","VarType":1,"StrKey":"Score","IntKey":0},"RightVarToken":{"$type":"XConfigQuestVarRefToken","VarType":1,"StrKey":"TimeScore","IntKey":0},"ResultVarToken":{"VarType":1,"StrKey":"Score","IntKey":0},"MathOp":1}},{"ActionType":6000,"Params":{"$type":"XConfigLevelActionFinishInstLevel","UseSwitchQuestVar":false,"QuestVarSwitchDataList":null}},{"ActionType":23000,"Params":{"$type":"XConfigLevelActionParamsWaitTime","TimeSeconds":0}},{"ActionType":3001,"Params":{"$type":"XConfigLevelActionParamsCompleteLevelPlay","IsFullyClearedVarRef":{"VarType":3,"StrKey":"FullyClear","IntKey":0}}},{"ActionType":19002,"Params":{"$type":"XConfigLevelActionParamsSetVar","Key":"DoSettle","VarType":1,"BoolValue":null,"IntValue":1,"FloatValue":null}}],"FixProcessors":{}}	254.2100067138672	52.369998931884766	284.5899963378906	3.5	0	0																																																																			
50050302	5005	500503	1	10											0	0	20	21	0	1	0											4019										{"ExitActions":[{"ActionType":20000,"Params":{"$type":"XConfigLevelActionParamsTeleportPlayer","Position":[254.2100067138672,52.369998931884766,284.5899963378906],"Rotation":null,"WithBlackScreen":false,"ScreenEffectId":0,"BlackScreenEnterDuration":0.0,"BlackScreenExitDuration":0.0,"ShowEffect":false,"ResetCamera":false}},{"ActionType":19002,"Params":{"$type":"XConfigLevelActionParamsSetVar","Key":"IsWin","VarType":3,"BoolValue":false,"IntValue":null,"FloatValue":null}},{"ActionType":19002,"Params":{"$type":"XConfigLevelActionParamsSetVar","Key":"DoSettle","VarType":1,"BoolValue":null,"IntValue":1,"FloatValue":null}}],"FixProcessors":{}}																																																																1	1	90.0	10.0						
50050303	5005	500503	2	11											1	0	22	23	0	0	0											4019										{"EnterActions":[{"ActionType":19002,"Params":{"$type":"XConfigLevelActionParamsSetVar","Key":"FullyClear","VarType":3,"BoolValue":false,"IntValue":null,"FloatValue":null}}],"ExitActions":[{"ActionType":19002,"Params":{"$type":"XConfigLevelActionParamsSetVar","Key":"FullyClear","VarType":3,"BoolValue":true,"IntValue":null,"FloatValue":null}}],"FixProcessors":{}}																																																													Star	3	2										
50050304	5005	500503	3	11											1	0	24	25	0	0	0											4019										{"ExitActions":[{"ActionType":12001,"Params":{"$type":"XConfigLevelActionParamsLoadSceneObject","PlaceIdList":[700129,700130,700131,700132,700133,700134,700135,700136,700137,700138,700139,700140,700141],"AutoUnloadWhiteList":[]}},{"ActionType":19002,"Params":{"$type":"XConfigLevelActionParamsSetVar","Key":"TriggerHideRoad","VarType":3,"BoolValue":true,"IntValue":null,"FloatValue":null}}],"FixProcessors":{}}																																																													DeathCount	5	2										
50050402	5005	500504	0	11											0	0	28	29	0	0	0											4019										{"ExitActions":[{"ActionType":21002,"Params":{"$type":"XConfigLevelActionParamsUnloadSceneObject","PlaceIdList":[700059,700060,700061,700062,700063,700064,700065,700066,700067,700068,700069,700070,700071,700072,700073,700074,700075,700076,700077,700078,700079,700080,700081,700082,700083,700084,700085,700086,700087,700088,700089,700090,700091,700092,700093,700097,700098]}},{"ActionType":16003,"Params":{"$type":"XConfigLevelActionParamsPauseLevelPlayTimer","IsPause":true}},{"ActionType":6000,"Params":{"$type":"XConfigLevelActionFinishInstLevel","UseSwitchQuestVar":false,"QuestVarSwitchDataList":null}},{"ActionType":19002,"Params":{"$type":"XConfigLevelActionParamsSetVar","Key":"Objective1","VarType":1,"BoolValue":null,"IntValue":50050201,"FloatValue":null}},{"ActionType":19002,"Params":{"$type":"XConfigLevelActionParamsSetVar","Key":"Objective2","VarType":1,"BoolValue":null,"IntValue":50050202,"FloatValue":null}},{"ActionType":19002,"Params":{"$type":"XConfigLevelActionParamsSetVar","Key":"Objective3","VarType":1,"BoolValue":null,"IntValue":50050203,"FloatValue":null}},{"ActionType":19005,"Params":{"$type":"XConfigLevelActionParamsSettleInstLevel","SettleType":1,"Theme":1,"InputVars":["Objective1","Objective2","Objective3","Score","Time","IsWin","DeathCount","GoldCount","Star","TriggerJudge","TriggerHideRoad"]}}],"FixProcessors":{"1":[{"Id":1,"FixTiming":1,"ConditionGroup":{"ConditionLists":[{"Conditions":[{"CondType":1,"Params":{"$type":"XConfigLevelConditionParamsCompareVar","LeftVarToken":{"$type":"XConfigQuestVarRefToken","VarType":3,"StrKey":"IsWin","IntKey":0},"RightVarToken":{"$type":"XConfigQuestVarLiteralToken","Literal":{"$type":"XQuestVarValueBool","Value":true}},"CompareType":0},"InvertResult":false,"TipDescId":null},{"CondType":2,"Params":{"$type":"XConfigLevelConditionParamsCheckQuestObjectiveComplete","QuestObjectiveId":50050201,"CheckExitAsComplete":true},"InvertResult":false,"TipDescId":null},{"CondType":2,"Params":{"$type":"XConfigLevelConditionParamsCheckQuestObjectiveComplete","QuestObjectiveId":50050202,"CheckExitAsComplete":true},"InvertResult":false,"TipDescId":null},{"CondType":2,"Params":{"$type":"XConfigLevelConditionParamsCheckQuestObjectiveComplete","QuestObjectiveId":50050203,"CheckExitAsComplete":true},"InvertResult":false,"TipDescId":null}],"LogicOp":0}],"LogicOp":0},"Actions":[{"ActionType":19002,"Params":{"$type":"XConfigLevelActionParamsSetVar","Key":"FullyClear","VarType":3,"BoolValue":true,"IntValue":null,"FloatValue":null}}]},{"Id":2,"FixTiming":1,"ConditionGroup":{"ConditionLists":[{"Conditions":[{"CondType":1,"Params":{"$type":"XConfigLevelConditionParamsCompareVar","LeftVarToken":{"$type":"XConfigQuestVarRefToken","VarType":3,"StrKey":"IsWin","IntKey":0},"RightVarToken":{"$type":"XConfigQuestVarLiteralToken","Literal":{"$type":"XQuestVarValueBool","Value":true}},"CompareType":0},"InvertResult":false,"TipDescId":null}],"LogicOp":0}],"LogicOp":0},"Actions":[{"ActionType":3001,"Params":{"$type":"XConfigLevelActionParamsCompleteLevelPlay","IsFullyClearedVarRef":{"VarType":3,"StrKey":"FullyClear","IntKey":0}}}]}]}}																																																													DoSettle	1	2										
50060101	5006	500601	0	5											0	0	6	7	0	0	0											4020										{"TargetArgs":{"1":{"800001":0}},"EnterActions":[{"ActionType":12000,"Params":{"$type":"XConfigLevelActionParamsLoadNpc","PlaceIdList":[800001],"AutoUnloadWhiteList":[]}},{"ActionType":12001,"Params":{"$type":"XConfigLevelActionParamsLoadSceneObject","PlaceIdList":[800066],"AutoUnloadWhiteList":[]}}],"ExitActions":[{"ActionType":21000,"Params":{"$type":"XConfigLevelActionParamsUnderTakeSelfQuest"}},{"ActionType":21001,"Params":{"$type":"XConfigLevelActionParamsUnloadNpc","PlaceIdList":[800001]}},{"ActionType":21002,"Params":{"$type":"XConfigLevelActionParamsUnloadSceneObject","PlaceIdList":[800066]}},{"ActionType":19002,"Params":{"$type":"XConfigLevelActionParamsSetVar","Key":"GoldCount","VarType":1,"BoolValue":null,"IntValue":0,"FloatValue":null}}],"FixProcessors":{}}																																																																									
50060201	5006	500602	0	11											0	0	10	11	0	0	0											4020										{"ExitActions":[{"ActionType":12001,"Params":{"$type":"XConfigLevelActionParamsLoadSceneObject","PlaceIdList":[800111],"AutoUnloadWhiteList":[800111]}}],"FixProcessors":{}}																																																													Score	500	2										
50060202	5006	500602	1	11											0	0	12	13	0	0	0											4020										{"ExitActions":[{"ActionType":12001,"Params":{"$type":"XConfigLevelActionParamsLoadSceneObject","PlaceIdList":[800112],"AutoUnloadWhiteList":[800112]}}],"FixProcessors":{}}																																																													Score	1500	2										
50060203	5006	500602	2	11											0	0	14	15	0	0	0											4020										{"ExitActions":[{"ActionType":12001,"Params":{"$type":"XConfigLevelActionParamsLoadSceneObject","PlaceIdList":[800113],"AutoUnloadWhiteList":[800113]}}],"FixProcessors":{}}																																																													Score	2200	2										
50060301	5006	500603	0	7											0	0	18	19	0	1	0											4020										{"EnterActions":[{"ActionType":12001,"Params":{"$type":"XConfigLevelActionParamsLoadSceneObject","PlaceIdList":[800059,800060,800061,800062,800063,800064,800065,800067,800068,800069,800070,800071,800072,800073,800074,800075,800076,800077,800078,800079,800080,800081,800082,800083,800084,800085,800086,800087,800088,800089,800090,800091,800092,800093,800094,800095,800096,800097,800098,800099,800100,800101,800102,800103,800104,800105,800106],"AutoUnloadWhiteList":[]}},{"ActionType":19002,"Params":{"$type":"XConfigLevelActionParamsSetVar","Key":"Time","VarType":2,"BoolValue":null,"IntValue":null,"FloatValue":0.0}},{"ActionType":19002,"Params":{"$type":"XConfigLevelActionParamsSetVar","Key":"Score","VarType":1,"BoolValue":null,"IntValue":0,"FloatValue":null}},{"ActionType":19002,"Params":{"$type":"XConfigLevelActionParamsSetVar","Key":"DeathCount","VarType":1,"BoolValue":null,"IntValue":0,"FloatValue":null}},{"ActionType":19002,"Params":{"$type":"XConfigLevelActionParamsSetVar","Key":"GoldCount","VarType":1,"BoolValue":null,"IntValue":0,"FloatValue":null}},{"ActionType":19002,"Params":{"$type":"XConfigLevelActionParamsSetVar","Key":"Star","VarType":1,"BoolValue":null,"IntValue":0,"FloatValue":null}},{"ActionType":19002,"Params":{"$type":"XConfigLevelActionParamsSetVar","Key":"TriggerJudge","VarType":3,"BoolValue":false,"IntValue":null,"FloatValue":null}},{"ActionType":19002,"Params":{"$type":"XConfigLevelActionParamsSetVar","Key":"TriggerHideRoad","VarType":3,"BoolValue":false,"IntValue":null,"FloatValue":null}},{"ActionType":19002,"Params":{"$type":"XConfigLevelActionParamsSetVar","Key":"TimeReward","VarType":1,"BoolValue":null,"IntValue":1800,"FloatValue":null}}],"ExitActions":[{"ActionType":19002,"Params":{"$type":"XConfigLevelActionParamsSetVar","Key":"IsWin","VarType":3,"BoolValue":true,"IntValue":null,"FloatValue":null}},{"ActionType":3000,"Params":{"$type":"XConfigLevelActionParamsCalculateVar","LeftVarToken":{"$type":"XConfigQuestVarRefToken","VarType":2,"StrKey":"Time","IntKey":0},"RightVarToken":{"$type":"XConfigQuestVarLiteralToken","Literal":{"$type":"XQuestVarValueInt","Value":10}},"ResultVarToken":{"VarType":1,"StrKey":"TimeMiss","IntKey":0},"MathOp":3}},{"ActionType":3000,"Params":{"$type":"XConfigLevelActionParamsCalculateVar","LeftVarToken":{"$type":"XConfigQuestVarRefToken","VarType":1,"StrKey":"TimeReward","IntKey":0},"RightVarToken":{"$type":"XConfigQuestVarRefToken","VarType":1,"StrKey":"TimeMiss","IntKey":0},"ResultVarToken":{"VarType":1,"StrKey":"TimeScore","IntKey":0},"MathOp":2}},{"ActionType":3000,"Params":{"$type":"XConfigLevelActionParamsCalculateVar","LeftVarToken":{"$type":"XConfigQuestVarRefToken","VarType":1,"StrKey":"TimeScore","IntKey":0},"RightVarToken":{"$type":"XConfigQuestVarRefToken","VarType":1,"StrKey":"Score","IntKey":0},"ResultVarToken":{"VarType":1,"StrKey":"Score","IntKey":0},"MathOp":1}},{"ActionType":6000,"Params":{"$type":"XConfigLevelActionFinishInstLevel","UseSwitchQuestVar":false,"QuestVarSwitchDataList":null}},{"ActionType":23000,"Params":{"$type":"XConfigLevelActionParamsWaitTime","TimeSeconds":0}},{"ActionType":3001,"Params":{"$type":"XConfigLevelActionParamsCompleteLevelPlay","IsFullyClearedVarRef":{"VarType":3,"StrKey":"FullyClear","IntKey":0}}},{"ActionType":19002,"Params":{"$type":"XConfigLevelActionParamsSetVar","Key":"DoSettle","VarType":1,"BoolValue":null,"IntValue":1,"FloatValue":null}}],"FixProcessors":{}}	269.760009765625	54.11000061035156	317.6300048828125	3.5	0	0																																																																			
50060302	5006	500603	1	10											0	0	20	21	0	1	0											4020										{"ExitActions":[{"ActionType":20000,"Params":{"$type":"XConfigLevelActionParamsTeleportPlayer","Position":[269.760009765625,54.11000061035156,317.6300048828125],"Rotation":[0.0,0.0,0.0],"WithBlackScreen":false,"ScreenEffectId":0,"BlackScreenEnterDuration":0.0,"BlackScreenExitDuration":0.0,"ShowEffect":false,"ResetCamera":false}},{"ActionType":19002,"Params":{"$type":"XConfigLevelActionParamsSetVar","Key":"IsWin","VarType":3,"BoolValue":false,"IntValue":null,"FloatValue":null}},{"ActionType":19002,"Params":{"$type":"XConfigLevelActionParamsSetVar","Key":"DoSettle","VarType":1,"BoolValue":null,"IntValue":1,"FloatValue":null}}],"FixProcessors":{}}																																																																1	1	90.0	10.0						
50060303	5006	500603	2	11											1	0	22	23	0	0	0											4020										{"EnterActions":[{"ActionType":19002,"Params":{"$type":"XConfigLevelActionParamsSetVar","Key":"FullyClear","VarType":3,"BoolValue":false,"IntValue":null,"FloatValue":null}}],"ExitActions":[{"ActionType":19002,"Params":{"$type":"XConfigLevelActionParamsSetVar","Key":"FullyClear","VarType":3,"BoolValue":true,"IntValue":null,"FloatValue":null}}],"FixProcessors":{}}																																																													Star	3	2										
50060304	5006	500603	3	11											1	0	24	25	0	0	0											4020										{"ExitActions":[{"ActionType":12001,"Params":{"$type":"XConfigLevelActionParamsLoadSceneObject","PlaceIdList":[800135,800136,800137,800138,800139,800140,800141,800142],"AutoUnloadWhiteList":[]}},{"ActionType":19002,"Params":{"$type":"XConfigLevelActionParamsSetVar","Key":"TriggerHideRoad","VarType":3,"BoolValue":true,"IntValue":null,"FloatValue":null}}],"FixProcessors":{}}																																																													DeathCount	5	2										
50060402	5006	500604	0	11											0	0	28	29	0	0	0											4020										{"ExitActions":[{"ActionType":21002,"Params":{"$type":"XConfigLevelActionParamsUnloadSceneObject","PlaceIdList":[800059,800060,800061,800062,800063,800064,800065,800067,800068,800069,800070,800071,800072,800073,800074,800075,800076,800077,800078,800079,800080,800081,800082,800083,800084,800085,800086,800087,800088,800089,800090,800091,800092,800093,800094,800095,800096,800097,800098,800099,800100,800101,800102,800103,800104,800105,800106]}},{"ActionType":16003,"Params":{"$type":"XConfigLevelActionParamsPauseLevelPlayTimer","IsPause":true}},{"ActionType":6000,"Params":{"$type":"XConfigLevelActionFinishInstLevel","UseSwitchQuestVar":false,"QuestVarSwitchDataList":null}},{"ActionType":19002,"Params":{"$type":"XConfigLevelActionParamsSetVar","Key":"Objective1","VarType":1,"BoolValue":null,"IntValue":50060201,"FloatValue":null}},{"ActionType":19002,"Params":{"$type":"XConfigLevelActionParamsSetVar","Key":"Objective2","VarType":1,"BoolValue":null,"IntValue":50060202,"FloatValue":null}},{"ActionType":19002,"Params":{"$type":"XConfigLevelActionParamsSetVar","Key":"Objective3","VarType":1,"BoolValue":null,"IntValue":50060203,"FloatValue":null}},{"ActionType":19005,"Params":{"$type":"XConfigLevelActionParamsSettleInstLevel","SettleType":1,"Theme":1,"InputVars":["Objective1","Objective2","Objective3","Score","Time","IsWin","DeathCount","GoldCount","Star","TriggerJudge","TriggerHideRoad"]}}],"FixProcessors":{"1":[{"Id":1,"FixTiming":1,"ConditionGroup":{"ConditionLists":[{"Conditions":[{"CondType":1,"Params":{"$type":"XConfigLevelConditionParamsCompareVar","LeftVarToken":{"$type":"XConfigQuestVarRefToken","VarType":3,"StrKey":"IsWin","IntKey":0},"RightVarToken":{"$type":"XConfigQuestVarLiteralToken","Literal":{"$type":"XQuestVarValueBool","Value":true}},"CompareType":0},"InvertResult":false,"TipDescId":null},{"CondType":2,"Params":{"$type":"XConfigLevelConditionParamsCheckQuestObjectiveComplete","QuestObjectiveId":50060201,"CheckExitAsComplete":true},"InvertResult":false,"TipDescId":null},{"CondType":2,"Params":{"$type":"XConfigLevelConditionParamsCheckQuestObjectiveComplete","QuestObjectiveId":50060202,"CheckExitAsComplete":true},"InvertResult":false,"TipDescId":null},{"CondType":2,"Params":{"$type":"XConfigLevelConditionParamsCheckQuestObjectiveComplete","QuestObjectiveId":50060203,"CheckExitAsComplete":true},"InvertResult":false,"TipDescId":null}],"LogicOp":0}],"LogicOp":0},"Actions":[{"ActionType":19002,"Params":{"$type":"XConfigLevelActionParamsSetVar","Key":"FullyClear","VarType":3,"BoolValue":true,"IntValue":null,"FloatValue":null}}]},{"Id":2,"FixTiming":1,"ConditionGroup":{"ConditionLists":[{"Conditions":[{"CondType":1,"Params":{"$type":"XConfigLevelConditionParamsCompareVar","LeftVarToken":{"$type":"XConfigQuestVarRefToken","VarType":3,"StrKey":"IsWin","IntKey":0},"RightVarToken":{"$type":"XConfigQuestVarLiteralToken","Literal":{"$type":"XQuestVarValueBool","Value":true}},"CompareType":0},"InvertResult":false,"TipDescId":null}],"LogicOp":0}],"LogicOp":0},"Actions":[{"ActionType":3001,"Params":{"$type":"XConfigLevelActionParamsCompleteLevelPlay","IsFullyClearedVarRef":{"VarType":3,"StrKey":"FullyClear","IntKey":0}}}]}]}}																																																													DoSettle	1	2										
50070101	5007	500701	0	5											0	0	6	7	0	0	0											4025										{"TargetArgs":{"1":{"900001":0}},"EnterActions":[{"ActionType":12000,"Params":{"$type":"XConfigLevelActionParamsLoadNpc","PlaceIdList":[900001],"AutoUnloadWhiteList":[]}},{"ActionType":12001,"Params":{"$type":"XConfigLevelActionParamsLoadSceneObject","PlaceIdList":[900028],"AutoUnloadWhiteList":[]}}],"ExitActions":[{"ActionType":21000,"Params":{"$type":"XConfigLevelActionParamsUnderTakeSelfQuest"}},{"ActionType":21001,"Params":{"$type":"XConfigLevelActionParamsUnloadNpc","PlaceIdList":[900001]}},{"ActionType":21002,"Params":{"$type":"XConfigLevelActionParamsUnloadSceneObject","PlaceIdList":[900028]}},{"ActionType":19002,"Params":{"$type":"XConfigLevelActionParamsSetVar","Key":"GoldCount","VarType":1,"BoolValue":null,"IntValue":0,"FloatValue":null}}]}																																																																									
50070201	5007	500702	0	11											0	0	10	11	0	0	0											4025																																																																							Score	100	2										
50070202	5007	500702	1	11											0	0	12	13	0	0	0											4025																																																																							Score	200	2										
50070203	5007	500702	2	11											0	0	14	15	0	0	0											4025																																																																							Score	100	2										
50070301	5007	500703	0	7											0	0	18	19	0	1	0											4025										{"EnterActions":[{"ActionType":12001,"Params":{"$type":"XConfigLevelActionParamsLoadSceneObject","PlaceIdList":[900012,900013,900014,900015,900016,900017,900018,900019,900020,900021,900022,900023,900024],"AutoUnloadWhiteList":[]}},{"ActionType":19002,"Params":{"$type":"XConfigLevelActionParamsSetVar","Key":"Time","VarType":2,"BoolValue":null,"IntValue":null,"FloatValue":0.0}},{"ActionType":19002,"Params":{"$type":"XConfigLevelActionParamsSetVar","Key":"Score","VarType":1,"BoolValue":null,"IntValue":0,"FloatValue":null}},{"ActionType":19002,"Params":{"$type":"XConfigLevelActionParamsSetVar","Key":"DeathCount","VarType":1,"BoolValue":null,"IntValue":0,"FloatValue":null}},{"ActionType":19002,"Params":{"$type":"XConfigLevelActionParamsSetVar","Key":"GoldCount","VarType":1,"BoolValue":null,"IntValue":0,"FloatValue":null}},{"ActionType":19002,"Params":{"$type":"XConfigLevelActionParamsSetVar","Key":"Star","VarType":1,"BoolValue":null,"IntValue":0,"FloatValue":null}},{"ActionType":19002,"Params":{"$type":"XConfigLevelActionParamsSetVar","Key":"TriggerJudge","VarType":3,"BoolValue":false,"IntValue":null,"FloatValue":null}},{"ActionType":19002,"Params":{"$type":"XConfigLevelActionParamsSetVar","Key":"TriggerHideRoad","VarType":3,"BoolValue":false,"IntValue":null,"FloatValue":null}},{"ActionType":19002,"Params":{"$type":"XConfigLevelActionParamsSetVar","Key":"TimeReward","VarType":1,"BoolValue":null,"IntValue":1800,"FloatValue":null}}],"ExitActions":[{"ActionType":19002,"Params":{"$type":"XConfigLevelActionParamsSetVar","Key":"IsWin","VarType":3,"BoolValue":true,"IntValue":null,"FloatValue":null}},{"ActionType":3000,"Params":{"$type":"XConfigLevelActionParamsCalculateVar","LeftVarToken":{"$type":"XConfigQuestVarRefToken","VarType":2,"StrKey":"Time","IntKey":0},"RightVarToken":{"$type":"XConfigQuestVarLiteralToken","Literal":{"$type":"XQuestVarValueInt","Value":10}},"ResultVarToken":{"VarType":1,"StrKey":"TimeMiss","IntKey":0},"MathOp":3}},{"ActionType":3000,"Params":{"$type":"XConfigLevelActionParamsCalculateVar","LeftVarToken":{"$type":"XConfigQuestVarRefToken","VarType":1,"StrKey":"TimeReward","IntKey":0},"RightVarToken":{"$type":"XConfigQuestVarRefToken","VarType":1,"StrKey":"TimeMiss","IntKey":0},"ResultVarToken":{"VarType":1,"StrKey":"TimeScore","IntKey":0},"MathOp":2}},{"ActionType":3000,"Params":{"$type":"XConfigLevelActionParamsCalculateVar","LeftVarToken":{"$type":"XConfigQuestVarRefToken","VarType":1,"StrKey":"Score","IntKey":0},"RightVarToken":{"$type":"XConfigQuestVarRefToken","VarType":1,"StrKey":"TimeScore","IntKey":0},"ResultVarToken":{"VarType":1,"StrKey":"Score","IntKey":0},"MathOp":1}},{"ActionType":23000,"Params":{"$type":"XConfigLevelActionParamsWaitTime","TimeSeconds":0}},{"ActionType":19002,"Params":{"$type":"XConfigLevelActionParamsSetVar","Key":"DoSettle","VarType":1,"BoolValue":null,"IntValue":1,"FloatValue":null}}]}	306.6499938964844	37.298458099365234	323.79998779296875	3.5	0	0																																																																			
50070302	5007	500703	1	10											0	0	20	21	0	1	0											4025										{"ExitActions":[{"ActionType":20000,"Params":{"$type":"XConfigLevelActionParamsTeleportPlayer","Position":[306.6499938964844,37.298458099365234,323.79998779296875],"Rotation":[0.0,0.0,0.0],"WithBlackScreen":false,"ScreenEffectId":0,"BlackScreenEnterDuration":0.0,"BlackScreenExitDuration":0.0,"ShowEffect":false,"ResetCamera":false}},{"ActionType":19002,"Params":{"$type":"XConfigLevelActionParamsSetVar","Key":"IsWin","VarType":3,"BoolValue":false,"IntValue":null,"FloatValue":null}},{"ActionType":19002,"Params":{"$type":"XConfigLevelActionParamsSetVar","Key":"DoSettle","VarType":1,"BoolValue":null,"IntValue":1,"FloatValue":null}}]}																																																																1	1	90.0	10.0						
50070303	5007	500703	2	11											1	0	22	23	0	0	0											4025										{"EnterActions":[{"ActionType":19002,"Params":{"$type":"XConfigLevelActionParamsSetVar","Key":"FullyClear","VarType":3,"BoolValue":false,"IntValue":null,"FloatValue":null}}],"ExitActions":[{"ActionType":19002,"Params":{"$type":"XConfigLevelActionParamsSetVar","Key":"FullyClear","VarType":3,"BoolValue":true,"IntValue":null,"FloatValue":null}}]}																																																													Star	3	2										
50070304	5007	500703	3	11											1	0	24	25	0	0	0											4025										{"ExitActions":[{"ActionType":12001,"Params":{"$type":"XConfigLevelActionParamsLoadSceneObject","PlaceIdList":[],"AutoUnloadWhiteList":[]}},{"ActionType":19002,"Params":{"$type":"XConfigLevelActionParamsSetVar","Key":"TriggerHideRoad","VarType":3,"BoolValue":true,"IntValue":null,"FloatValue":null}}]}																																																													DeathCount	5	2										
50070402	5007	500704	0	11											0	0	28	29	0	0	0											4025										{"ExitActions":[{"ActionType":21002,"Params":{"$type":"XConfigLevelActionParamsUnloadSceneObject","PlaceIdList":[900012,900013,900014,900015,900016,900017,900018,900019,900020,900021,900022,900023,900024]}},{"ActionType":16003,"Params":{"$type":"XConfigLevelActionParamsPauseLevelPlayTimer","IsPause":true}},{"ActionType":6000,"Params":{"$type":"XConfigLevelActionFinishInstLevel"}},{"ActionType":19002,"Params":{"$type":"XConfigLevelActionParamsSetVar","Key":"Objective1","VarType":1,"BoolValue":null,"IntValue":50070201,"FloatValue":null}},{"ActionType":19002,"Params":{"$type":"XConfigLevelActionParamsSetVar","Key":"Objective2","VarType":1,"BoolValue":null,"IntValue":50070202,"FloatValue":null}},{"ActionType":19002,"Params":{"$type":"XConfigLevelActionParamsSetVar","Key":"Objective3","VarType":1,"BoolValue":null,"IntValue":50070203,"FloatValue":null}},{"ActionType":19005,"Params":{"$type":"XConfigLevelActionParamsSettleInstLevel","SettleType":1,"Theme":1,"InputVars":["Objective1","Objective2","Objective3","Score","Time","IsWin","DeathCount","GoldCount","Star","TriggerJudge","TriggerHideRoad"]}}]}																																																													DoSettle	1	2										
60010101	6001	600101	0	7											0	1	6	7	0	0	0											4001										{"EnterActions":[{"ActionType":5001,"Params":{"$type":"XConfigLevelActionParamsEnableActorInteractableComponent","PlaceId":100002,"ActorType":1,"Enable":false}}]}	575.0089721679688	145.22300720214844	1368.0889892578125	3.0	0	0																																																																			
60010102	6001	600101	1	2	DramaNPC9000212	0	0.0	0.0	0.0	0.0	0.0	0.0	0	0	0	1	8	9	0	0	0											4001										{"RecordDecisionClipSelect":{}}																																																																									
60010103	6001	600101	2	13											0	1	10	11	0	0	0											4001										{"EnterActions":[{"ActionType":14000,"Params":{"$type":"XConfigLevelActionParamsNpcNavigateTo","NpcPlaceId":100002,"Position":[572.6500244140625,145.08200073242188,1361.3499755859375],"MoveType":1,"WaitComplete":false}},{"ActionType":23000,"Params":{"$type":"XConfigLevelActionParamsWaitTime","TimeSeconds":7}},{"ActionType":12001,"Params":{"$type":"XConfigLevelActionParamsLoadSceneObject","PlaceIdList":[100006],"AutoUnloadWhiteList":[]}},{"ActionType":4000,"Params":{"$type":"XConfigLevelActionParamsDoSceneObjectAction","SoPlaceId":100006,"ActionId":6001}}],"ExitActions":[{"ActionType":5001,"Params":{"$type":"XConfigLevelActionParamsEnableActorInteractableComponent","PlaceId":100002,"ActorType":1,"Enable":true}}]}																																																																				1	100006		0	0	0
60020101	6002	600201	0	7											0	1	6	7	0	0	0											6001	0									{"FixProcessors":{}}	246.6999969482422	113.7300033569336	171.33999633789062	5.0	0	0																																																																			
60020102	6002	600201	1	2	Drama60010109	0	0.0	0.0	0.0	0.0	0.0	0.0	0	1	0	1	8	9	0	0	0											6001	0									{"RecordDecisionClipSelect":{"2":"decision1"},"FixProcessors":{}}																																																																									
60020201	6002	600202	0	7											0	1	12	13	0	0	0											6001	0									{"FixProcessors":{}}	246.69760131835938	113.730712890625	171.34213256835938	5.0	0	0																																																																			
60020301	6002	600203	0	5											0	1	16	17	0	0	0											6001	0									{"TargetArgs":{"1":{"4000058":0}},"FixProcessors":{}}																																																																									
60030101	6003	600301	0	7											0	1	6	7	0	0	0											6001	0									{"FixProcessors":{}}	289.9905700683594	114.74199676513672	152.5158233642578	8.0	0	0																																																																			
60030102	6003	600301	1	2	Drama60010111	0	0.0	0.0	0.0	0.0	0.0	0.0	0	0	0	1	8	9	0	0	0											6001	0									{"RecordDecisionClipSelect":{},"FixProcessors":{}}																																																																									
60030103	6003	600301	2	5											0	1	10	11	0	0	0											6001	0									{"TargetArgs":{"1":{"4000018":0}},"EnterActions":[{"ActionType":12000,"Params":{"$type":"XConfigLevelActionParamsLoadNpc","PlaceIdList":[4000018],"AutoUnloadWhiteList":[4000018]}}],"ExitActions":[{"ActionType":21001,"Params":{"$type":"XConfigLevelActionParamsUnloadNpc","PlaceIdList":[4000018]}}],"FixProcessors":{}}																																																																									
60040101	6004	600401	0	5											0	1	6	7	0	0	0											6001	0									{"TargetArgs":{"1":{"4000005":0}},"EnterActions":[{"ActionType":12000,"Params":{"$type":"XConfigLevelActionParamsLoadNpc","PlaceIdList":[4000005],"AutoUnloadWhiteList":[]}}],"ExitActions":[{"ActionType":21001,"Params":{"$type":"XConfigLevelActionParamsUnloadNpc","PlaceIdList":[4000005]}}],"FixProcessors":{}}																																																																									
60050101	6005	600501	0	5											0	1	6	7	0	0	0											6001	0									{"TargetArgs":{"2":{"4000010":1}},"EnterActions":[{"ActionType":12001,"Params":{"$type":"XConfigLevelActionParamsLoadSceneObject","PlaceIdList":[4000010],"AutoUnloadWhiteList":[4000010]}}],"ExitActions":[{"ActionType":21002,"Params":{"$type":"XConfigLevelActionParamsUnloadSceneObject","PlaceIdList":[4000010]}}],"FixProcessors":{}}																																																																									
70010101	7001	700101	0	1											0	1	6	7	0	0	0											4001										{"FixProcessors":{}}									50002034																																																																
70010102	7001	700101	3	6											0	1	12	13	0	0	0											4001										{"ExitActions":[{"ActionType":15003,"Params":{"$type":"XConfigLevelActionParamsOpenQuestProcessPop","IsFinish":false}}],"FixProcessors":{}}													201001	1																																																											
70010104	7001	700103	0	2	Drama_7001_001	0	0.0	0.0	0.0	0.0	0.0	0.0	0	0	0	1	24	25	0	0	0											5001										{"RecordDecisionClipSelect":{},"EnterActions":[{"ActionType":12000,"Params":{"$type":"XConfigLevelActionParamsLoadNpc","PlaceIdList":[1400001],"AutoUnloadWhiteList":[]}},{"ActionType":5001,"Params":{"$type":"XConfigLevelActionParamsEnableActorInteractableComponent","PlaceId":1400001,"ActorType":1,"Enable":false}}],"FixProcessors":{}}																																																																									
70010105	7001	700103	1	7											0	1	26	27	0	0	0											5001										{"EnterActions":[{"ActionType":16001,"Params":{"$type":"XConfigLevelActionParamsPlayDramaCaption","DramaCaptionName":"Caption700101","WaitComplete":false,"IsSequentialJob":true}},{"ActionType":16001,"Params":{"$type":"XConfigLevelActionParamsPlayDramaCaption","DramaCaptionName":"Caption700102","WaitComplete":false,"IsSequentialJob":true}},{"ActionType":14004,"Params":{"$type":"XConfigLevelActionParamsNpcGuideMoveTo","WaitComplete":false,"NpcPlaceId":1400001,"TargetPosition":[543.5499877929688,192.16000366210938,1002.0360107421875],"UseNavMesh":true,"OutOfRouteRange":5.0,"StartGuideRange":4.0,"ReachTargetPositionRange":4.0,"WaitDramaCaptionName":null,"WaitDramaCaptionPlayProbability":0.0,"IdleTurningDelayTime":4.0,"GuideMoveTypeMatchesTarget":false,"GuideMoveType":0}}],"ExitActions":[{"ActionType":5001,"Params":{"$type":"XConfigLevelActionParamsEnableActorInteractableComponent","PlaceId":1400001,"ActorType":1,"Enable":true}}],"TraceActorArgs":[{"TargetType":1,"PlaceId":1400001,"Id":7,"DisplayOffset":[0.0,2.0,0.0],"ShowEffect":false,"ForceMapPinActive":false,"InitHide":false,"Radius":0.0,"FloorNum":201}],"FixProcessors":{}}	543.5499877929688	192.16000366210938	1002.0360107421875	5.0	1	1400001																																																																			
70010106	7001	700103	2	5											0	1	28	29	0	0	0											5001										{"TargetArgs":{"1":{"1400001":0}},"TraceActorArgs":[{"TargetType":1,"PlaceId":1400001,"Id":14,"DisplayOffset":[0.0,2.0,0.0],"ShowEffect":false,"ForceMapPinActive":false,"InitHide":false,"Radius":0.0,"FloorNum":201}],"FixProcessors":{}}																																																																									
70010107	7001	700102	2	3											0	1	20	21	0	0	0											4001										{"TraceActorArgs":[{"TargetType":2,"PlaceId":100071,"Id":17,"DisplayOffset":[0.0,2.0,0.0],"ShowEffect":false,"ForceMapPinActive":false,"InitHide":false,"Radius":0.0,"FloorNum":103}],"FixProcessors":{}}															5001																																																										
70010108	7001	700102	1	12											0	1	18	19	0	0	1	28000037			1							4001										{"ExitActions":[{"ActionType":21002,"Params":{"$type":"XConfigLevelActionParamsUnloadSceneObject","PlaceIdList":[500007]}}],"TraceActorArgs":[{"TargetType":2,"PlaceId":500007,"Id":9,"DisplayOffset":[0.0,0.30000001192092896,0.0],"ShowEffect":false,"ForceMapPinActive":false,"InitHide":false,"Radius":0.0,"FloorNum":103}],"FixProcessors":{}}																								125																																																	
70010109	7001	700102	0	3											0	1	16	17	0	0	0											4001										{"ExitActions":[{"ActionType":12001,"Params":{"$type":"XConfigLevelActionParamsLoadSceneObject","PlaceIdList":[500007,500021,500022,500023,500024,500025,500026],"AutoUnloadWhiteList":[]}}],"TracePosArgs":[{"Position":[609.2786865234375,188.8527069091797,1085.092041015625],"Id":11,"DisplayOffset":[0.0,0.0,0.0],"ShowEffect":false,"ForceMapPinActive":false,"InitHide":false,"Radius":0.0,"FloorNum":103}],"FixProcessors":{}}															4001																																																										
70010110	7001	700101	1	3											0	1	8	9	1	0	0											4003										{"ExitActions":[{"ActionType":16001,"Params":{"$type":"XConfigLevelActionParamsPlayDramaCaption","DramaCaptionName":"Caption700103","WaitComplete":false,"IsSequentialJob":true}}],"TracePosArgs":[{"Position":[17.020000457763672,1.7733999490737915,20.54199981689453],"Id":12,"DisplayOffset":[0.0,0.0,0.0],"ShowEffect":false,"ForceMapPinActive":false,"InitHide":false,"Radius":0.0,"FloorNum":101}],"FixProcessors":{}}															4003																																																										
70010111	7001	700101	2	5											0	1	10	11	1	0	0											4003										{"TargetArgs":{"1":{},"2":{"400031":0}},"EnterActions":[{"ActionType":12001,"Params":{"$type":"XConfigLevelActionParamsLoadSceneObject","PlaceIdList":[400031],"AutoUnloadWhiteList":[]}}],"ExitActions":[{"ActionType":21002,"Params":{"$type":"XConfigLevelActionParamsUnloadSceneObject","PlaceIdList":[400031]}}],"TraceActorArgs":[{"TargetType":2,"PlaceId":400031,"Id":13,"DisplayOffset":[0.0,0.0,0.0],"ShowEffect":false,"ForceMapPinActive":false,"InitHide":false,"Radius":0.0,"FloorNum":102}],"FixProcessors":{}}																																																																									
70010112	7001	700103	3	2	Drama_7001_003	0	0.0	0.0	0.0	0.0	0.0	0.0	0	0	0	1	30	31	0	0	0											5001										{"RecordDecisionClipSelect":{},"EnterActions":[{"ActionType":16002,"Params":{"$type":"XConfigLevelActionParamsPlayScreenEffect","ScreenEffectId":300011,"EnableTimeParams":true,"EnterDuration":0.5,"HoldDuration":2.0,"ExitDuration":0.0,"IsWaitEnter":true}},{"ActionType":21001,"Params":{"$type":"XConfigLevelActionParamsUnloadNpc","PlaceIdList":[1400001]}}],"ExitActions":[{"ActionType":15003,"Params":{"$type":"XConfigLevelActionParamsOpenQuestProcessPop","IsFinish":true}}],"FixProcessors":{}}																																																																									
70030001	7003	700300	0	1											0	0	6	7	0	0	0											0	0									{"ExitActions":[{"ActionType":21000,"Params":{"$type":"XConfigLevelActionParamsUnderTakeSelfQuest"}}],"FixProcessors":{}}									50003208																																																																
70030002	7003	700300	1	1											0	0	8	9	0	0	0											0	0									{"ExitActions":[{"ActionType":21000,"Params":{"$type":"XConfigLevelActionParamsUnderTakeSelfQuest"}}],"FixProcessors":{}}									50003207																																																																
70030101	7003	700301	0	3											0	1	12	13	0	0	0											4003	0									{"EnterActions":[{"ActionType":16001,"Params":{"$type":"XConfigLevelActionParamsPlayDramaCaption","DramaCaptionName":"Caption700301","WaitComplete":true,"IsSequentialJob":true}}],"TracePosArgs":[{"Position":[18.43000030517578,1.6299999952316284,17.549999237060547],"Id":1,"DisplayOffset":[0.0,0.5,0.0],"ShowEffect":false,"ForceMapPinActive":false,"InitHide":false,"Radius":0.0,"FloorNum":101}],"FixProcessors":{}}															4003																																																										
70030102	7003	700301	1	5											0	1	14	15	0	0	0											4003	0									{"TargetArgs":{"2":{"500001":1}},"EnterActions":[{"ActionType":19014,"Params":{"$type":"XConfigLevelActionParamsScreenFadeIn","ScreenEffectId":300017,"Duration":0.5}},{"ActionType":5001,"Params":{"$type":"XConfigLevelActionParamsEnableActorInteractableComponent","PlaceId":300003,"ActorType":2,"Enable":false}},{"ActionType":12001,"Params":{"$type":"XConfigLevelActionParamsLoadSceneObject","PlaceIdList":[500001],"AutoUnloadWhiteList":[]}},{"ActionType":19015,"Params":{"$type":"XConfigLevelActionParamsScreenFadeOut","Duration":1.5}},{"ActionType":15004,"Params":{"$type":"XConfigLevelActionParamsOpenSkipHint","SkipHintId":101}}],"TraceActorArgs":[{"TargetType":2,"PlaceId":500001,"Id":3,"DisplayOffset":[0.0,0.5,0.0],"ShowEffect":false,"ForceMapPinActive":false,"InitHide":false,"Radius":0.0,"FloorNum":101}],"FixProcessors":{}}																																																																									
70030103	7003	700301	2	6											0	1	16	17	0	0	0											4003	0									{"ExitActions":[{"ActionType":5001,"Params":{"$type":"XConfigLevelActionParamsEnableActorInteractableComponent","PlaceId":300003,"ActorType":2,"Enable":true}},{"ActionType":5001,"Params":{"$type":"XConfigLevelActionParamsEnableActorInteractableComponent","PlaceId":500001,"ActorType":2,"Enable":false}}],"FixProcessors":{}}													700301	1																																																											
70030201	7003	700302	0	4											0	1	20	21	0	0	0											4001	0									{"EnterActions":[{"ActionType":7000,"Params":{"$type":"XConfigLevelActionParamsGoQuestTarget"}}],"FixProcessors":{}}																4042	1	1	0	1																																																					
70030301	7003	700303	0	4											0	1	24	25	0	0	0											6001	0									{"ExitActions":[{"ActionType":15003,"Params":{"$type":"XConfigLevelActionParamsOpenQuestProcessPop","IsFinish":true}},{"ActionType":1001,"Params":{"$type":"XConfigLevelActionParamsActivateTeleporter","SceneObjectPlaceIdList":[2800011]}}],"FixProcessors":{}}																4043	1	1	1	1																																																					
200101120	2001	200101	10	2	Drama200103	0	0.0	0.0	0.0	0.0	0.0	0.0	0	0	0	1	26	27	0	0	0											4001										{"RecordDecisionClipSelect":{}}																																																																									
200101121	2001	200101	12	2	Drama200105	0	0.0	0.0	0.0	0.0	0.0	0.0	0	0	0	1	30	31	0	0	0											4001										{"RecordDecisionClipSelect":{}}																																																																									
200101141	2001	200101	15	3											0	1	36	37	0	0	0											4001																									4001																																																										
200101360	2001	200101	33	7											0	1	72	73	0	0	0											4001										{"TraceActorArgs":[{"TargetType":1,"PlaceId":100020,"Id":0,"DisplayOffset":[0.0,2.0,0.0],"ShowEffect":false,"ForceMapPinActive":false,"InitHide":false,"Radius":0.0,"FloorNum":103}]}	608.2899780273438	189.33819580078125	1145.43994140625	20.0	0	0																																																																			
200101361	2001	200101	34	2	Drama200116	0	0.0	0.0	0.0	0.0	0.0	0.0	0	0	0	1	74	75	0	0	0											4001										{"RecordDecisionClipSelect":{}}																																																																									
200101371	2001	200101	37	3											0	1	80	81	0	0	0											4001																									4001																																																										
200101601	2001	200101	55	3											0	1	116	117	0	0	0											4001																									4001																																																										
200301121	2003	200301	11	1											0	1	28	29	0	0	0											4001										{"ExitActions":[{"ActionType":21001,"Params":{"$type":"XConfigLevelActionParamsUnloadNpc","PlaceIdList":[500004]}}],"TraceActorArgs":[{"TargetType":1,"PlaceId":100093,"Id":0,"DisplayOffset":[0.0,2.200000047683716,0.0],"ShowEffect":false,"ForceMapPinActive":false,"InitHide":false,"Radius":0.0,"FloorNum":102}],"FixProcessors":{}}									50000102																																																																
200301122	2003	200301	12	3											0	1	30	31	0	0	0											4001										{"FixProcessors":{}}															4001																																																										
200301123	2003	200301	13	2	Drama_2003081	0	0.0	0.0	0.0	0.0	0.0	0.0	0	0	0	1	32	33	0	0	0											4001										{"RecordDecisionClipSelect":{},"FixProcessors":{}}																																																																									
200301181	2003	200301	19	2	Drama_200309	0	0.0	0.0	0.0	0.0	0.0	0.0	0	0	0	1	44	45	0	0	0											4001										{"RecordDecisionClipSelect":{},"FixProcessors":{}}																																																																									
200301301	2003	200301	27	5											0	1	60	61	0	0	0											4001										{"TargetArgs":{"1":{"500015":0}},"TraceActorArgs":[{"TargetType":1,"PlaceId":500015,"Id":0,"DisplayOffset":[0.0,2.200000047683716,0.0],"ShowEffect":false,"ForceMapPinActive":false,"InitHide":false,"Radius":0.0,"FloorNum":102}],"FixProcessors":{}}																																																																									
200301302	2003	200301	28	2	Drama_200313	0	0.0	0.0	0.0	0.0	0.0	0.0	0	0	0	1	62	63	0	0	0											4001										{"RecordDecisionClipSelect":{},"ExitActions":[{"ActionType":5001,"Params":{"$type":"XConfigLevelActionParamsEnableActorInteractableComponent","PlaceId":500015,"ActorType":1,"Enable":false}}],"FixProcessors":{}}																																																																									
200301311	2003	200301	30	3											0	1	66	67	0	0	0											4001										{"FixProcessors":{}}															4001																																																										
200301312	2003	200301	31	2	Drama_2003131	0	0.0	0.0	0.0	0.0	0.0	0.0	0	0	0	1	68	69	0	0	0											4001										{"RecordDecisionClipSelect":{},"ExitActions":[{"ActionType":5001,"Params":{"$type":"XConfigLevelActionParamsEnableActorInteractableComponent","PlaceId":500015,"ActorType":1,"Enable":true}}],"FixProcessors":{}}																																																																									
200301381	2003	200301	38	6											0	1	82	83	0	0	0											4001										{"FixProcessors":{}}													200304	1																																																											
200301391	2003	200301	40	3											0	1	86	87	0	0	0											4001										{"FixProcessors":{}}															4001																																																										
200301392	2003	200301	41	2	Drama_2003151	0	0.0	0.0	0.0	0.0	0.0	0.0	0	0	0	1	88	89	0	0	0											4001										{"RecordDecisionClipSelect":{},"EnterActions":[{"ActionType":12000,"Params":{"$type":"XConfigLevelActionParamsLoadNpc","PlaceIdList":[500016,500017,500018,500019,500027,500030],"AutoUnloadWhiteList":[]}}],"ExitActions":[{"ActionType":5001,"Params":{"$type":"XConfigLevelActionParamsEnableActorInteractableComponent","PlaceId":500018,"ActorType":1,"Enable":false}}],"FixProcessors":{}}																																																																									
200401011	2004	200401	1	2	Drama200401	0	0.0	0.0	0.0	0.0	0.0	0.0	0	0	0	1	8	9	0	0	0											4001										{"RecordDecisionClipSelect":{},"ExitActions":[{"ActionType":18001,"Params":{"$type":"XConfigLevelActionParamsRequestEnterInstLevel","InstLevelId":4021,"Position":[605.74609375,189.3381805419922,1146.83837890625],"Rotation":null}},{"ActionType":21001,"Params":{"$type":"XConfigLevelActionParamsUnloadNpc","PlaceIdList":[600018]}}]}																																																																									
200501011	2005	200501	1	2	Drama200501	0	0.0	0.0	0.0	0.0	0.0	0.0	0	0	0	1	8	9	0	0	0											4001										{"RecordDecisionClipSelect":{},"ExitActions":[{"ActionType":18001,"Params":{"$type":"XConfigLevelActionParamsRequestEnterInstLevel","InstLevelId":4022,"Position":[605.74609375,189.3381805419922,1146.83837890625],"Rotation":null}},{"ActionType":21001,"Params":{"$type":"XConfigLevelActionParamsUnloadNpc","PlaceIdList":[600020]}}]}																																																																									
300401121	3004	300401	12	5											0	1	30	31	0	0	0											4001										{"TargetArgs":{"2":{"500008":0}},"ExitActions":[{"ActionType":5001,"Params":{"$type":"XConfigLevelActionParamsEnableActorInteractableComponent","PlaceId":500021,"ActorType":1,"Enable":true}},{"ActionType":21002,"Params":{"$type":"XConfigLevelActionParamsUnloadSceneObject","PlaceIdList":[500002,500008]}},{"ActionType":16001,"Params":{"$type":"XConfigLevelActionParamsPlayDramaCaption","DramaCaptionName":"Caption300407","WaitComplete":false,"IsSequentialJob":false}}],"TraceActorArgs":[{"TargetType":2,"PlaceId":500002,"Id":0,"DisplayOffset":[0.0,0.5,0.0],"ShowEffect":false,"ForceMapPinActive":false,"InitHide":false,"Radius":0.0,"FloorNum":102}]}																																																																									
300501121	3005	300501	12	4											0	1	30	31	0	0	0											4001	0									{"ExitActions":[{"ActionType":5001,"Params":{"$type":"XConfigLevelActionParamsEnableActorInteractableComponent","PlaceId":500026,"ActorType":1,"Enable":false}},{"ActionType":5001,"Params":{"$type":"XConfigLevelActionParamsEnableActorInteractableComponent","PlaceId":500028,"ActorType":1,"Enable":true}}],"TraceActorArgs":[{"TargetType":2,"PlaceId":500009,"Id":0,"DisplayOffset":[0.0,1.5,0.0],"ShowEffect":false,"ForceMapPinActive":false,"InitHide":false,"Radius":0.0,"FloorNum":103}],"FixProcessors":{}}																4025	1	0	0	0																																																					
300811011	30081	300811	0	5											0	1	6	7	0	0	0											5001										{"TargetArgs":{"1":{"1100002":1}},"FixProcessors":{}}																																																																									
300811012	30081	300811	1	5											0	1	8	9	0	0	0											5001										{"TargetArgs":{"1":{"1100002":2}},"FixProcessors":{}}																																																																									
300811013	30081	300811	2	5											0	1	10	11	0	0	0											5001										{"TargetArgs":{"1":{"1100002":3}},"FixProcessors":{}}																																																																									
301410101	30141	3014101	0	5											0	0	6	7	0	0	0											6001	0									{"TargetArgs":{"1":{"3500002":6}},"FixProcessors":{}}																																																																									
301410102	30141	3014101	1	5											0	0	8	9	0	0	0											6001	0									{"TargetArgs":{"1":{"3500002":2}},"FixProcessors":{}}																																																																									
301410103	30141	3014101	2	5											0	0	10	11	0	0	0											6001	0									{"TargetArgs":{"1":{"3500002":3}},"FixProcessors":{}}																																																																									
301410104	30141	3014101	3	5											0	0	12	13	0	0	0											6001	0									{"TargetArgs":{"1":{"3500002":4}},"FixProcessors":{}}																																																																									
301510101	30151	3015101	0	5											0	0	6	7	0	0	0											6001	0									{"TargetArgs":{"1":{"4400001":1}},"FixProcessors":{}}																																																																									
301510102	30151	3015101	1	5											0	0	8	9	0	0	0											6001	0									{"TargetArgs":{"1":{"4400001":2}},"FixProcessors":{}}																																																																									
301510103	30151	3015101	2	5											0	0	10	11	0	0	0											6001	0									{"TargetArgs":{"1":{"4400001":3}},"FixProcessors":{}}																																																																									
301510104	30151	3015101	3	5											0	0	12	13	0	0	0											6001	0									{"TargetArgs":{"1":{"4400001":4}},"FixProcessors":{}}																																																																									
301510105	30151	3015101	4	5											0	0	14	15	0	0	0											6001	0									{"TargetArgs":{"1":{"4400001":5}},"FixProcessors":{}}																																																																									
301610101	30161	3016101	0	5											0	0	6	7	0	0	0											6001	0									{"TargetArgs":{"1":{"3500004":1}},"FixProcessors":{}}																																																																									
301610102	30161	3016101	1	5											0	0	8	9	0	0	0											6001	0									{"TargetArgs":{"1":{"3500004":2}},"FixProcessors":{}}																																																																									
301610103	30161	3016101	2	5											0	0	10	11	0	0	0											6001	0									{"TargetArgs":{"1":{"3500004":3}},"FixProcessors":{}}																																																																									
301610104	30161	3016101	3	5											0	0	12	13	0	0	0											6001	0									{"TargetArgs":{"1":{"3500004":4}},"FixProcessors":{}}																																																																									
301610105	30161	3016101	4	5											0	0	14	15	0	0	0											6001	0									{"TargetArgs":{"1":{"3500004":5}},"FixProcessors":{}}																																																																									
301710101	30171	3017101	0	5											0	0	6	7	0	0	0											6001	0									{"TargetArgs":{"1":{"3500003":1}},"FixProcessors":{}}																																																																									
301710102	30171	3017101	1	5											0	0	8	9	0	0	0											6001	0									{"TargetArgs":{"1":{"3500003":2}},"FixProcessors":{}}																																																																									
301710103	30171	3017101	2	5											0	0	10	11	0	0	0											6001	0									{"TargetArgs":{"1":{"3500003":3}},"FixProcessors":{}}																																																																									
301710104	30171	3017101	3	5											0	0	12	13	0	0	0											6001	0									{"TargetArgs":{"1":{"3500003":4}},"FixProcessors":{}}																																																																									
301810101	30181	3018101	0	5											0	0	6	7	0	0	0											6001	0									{"TargetArgs":{"1":{"3800001":6}},"FixProcessors":{}}																																																																									
301810102	30181	3018101	1	5											0	0	8	9	0	0	0											6001	0									{"TargetArgs":{"1":{"3800001":2}},"FixProcessors":{}}																																																																									
301810103	30181	3018101	2	5											0	0	10	11	0	0	0											6001	0									{"TargetArgs":{"1":{"3800001":4}},"FixProcessors":{}}																																																																									
301810104	30181	3018101	3	7											0	0	12	13	0	0	0											6001	0									{"FixProcessors":{}}	349.5	211.47999572753906	173.91000366210938	2.5	0	0																																																																			
301910101	30191	3019101	0	5											0	0	6	7	0	0	0											6001	0									{"TargetArgs":{"1":{"3500001":1}},"FixProcessors":{}}																																																																									
302010101	30201	3020101	0	16											0	1	6	7	0	0	0											6003	0									{"EnterActions":[{"ActionType":19014,"Params":{"$type":"XConfigLevelActionParamsScreenFadeIn","ScreenEffectId":300017,"Duration":0.0}},{"ActionType":1000,"Params":{"$type":"XConfigLevelActionParamsAddTrialNpcToTeam","TrialNpcIds":[3020],"AddMode":1,"CurNpcPos":1}},{"ActionType":19015,"Params":{"$type":"XConfigLevelActionParamsScreenFadeOut","Duration":1.0}},{"ActionType":12000,"Params":{"$type":"XConfigLevelActionParamsLoadNpc","PlaceIdList":[1,2],"AutoUnloadWhiteList":[]}},{"ActionType":16002,"Params":{"$type":"XConfigLevelActionParamsPlayScreenEffect","ScreenEffectId":1002001,"EnableTimeParams":true,"EnterDuration":0.0,"HoldDuration":0.0,"ExitDuration":0.0,"IsWaitEnter":true}},{"ActionType":23000,"Params":{"$type":"XConfigLevelActionParamsWaitTime","TimeSeconds":1}},{"ActionType":11000,"Params":{"$type":"XConfigLevelActionParamsKillScreenEffectById","EffectIdList":[1002001]}}],"FixProcessors":{}}																																										1	2																														
302010102	30201	3020101	1	16											0	1	8	9	0	0	0											6003	0									{"EnterActions":[{"ActionType":12000,"Params":{"$type":"XConfigLevelActionParamsLoadNpc","PlaceIdList":[3,4,5,6],"AutoUnloadWhiteList":[]}}],"FixProcessors":{}}																																										3	4	5	6																												
302010103	30201	3020101	2	16											0	1	10	11	0	0	0											6003	0									{"EnterActions":[{"ActionType":12000,"Params":{"$type":"XConfigLevelActionParamsLoadNpc","PlaceIdList":[7],"AutoUnloadWhiteList":[]}},{"ActionType":19013,"Params":{"$type":"XConfigLevelActionParamsSetActorAIEnabled","PlaceID":7,"ActorType":1,"Enabled":true}}],"FixProcessors":{}}																																										7																															
302010104	30201	3020101	3	5											0	1	12	13	0	0	0											6003	0									{"TargetArgs":{"1":{},"2":{"2":1}},"EnterActions":[{"ActionType":12001,"Params":{"$type":"XConfigLevelActionParamsLoadSceneObject","PlaceIdList":[2],"AutoUnloadWhiteList":[]}}],"ExitActions":[{"ActionType":16002,"Params":{"$type":"XConfigLevelActionParamsPlayScreenEffect","ScreenEffectId":1002001,"EnableTimeParams":true,"EnterDuration":0.0,"HoldDuration":0.0,"ExitDuration":0.0,"IsWaitEnter":true}},{"ActionType":23000,"Params":{"$type":"XConfigLevelActionParamsWaitTime","TimeSeconds":1}},{"ActionType":11000,"Params":{"$type":"XConfigLevelActionParamsKillScreenEffectById","EffectIdList":[1002001]}},{"ActionType":19014,"Params":{"$type":"XConfigLevelActionParamsScreenFadeIn","ScreenEffectId":300017,"Duration":0.0}},{"ActionType":18000,"Params":{"$type":"XConfigLevelActionParamsRemoveTrialNpcFromTeam"}},{"ActionType":19015,"Params":{"$type":"XConfigLevelActionParamsScreenFadeOut","Duration":0.5}},{"ActionType":18002,"Params":{"$type":"XConfigLevelActionParamsRequestLeaveInstLevel","SaveOnExit":false,"UseExitTargetLevelParams":false,"WorldId":0,"LevelId":0,"TargetPos":[0.0,0.0,0.0],"TargetRot":[0.0,0.0,0.0]}}],"FixProcessors":{}}																																																																									
402101011	4021	402100	0	7											0	1	6	7	0	0	0											4021										{"EnterActions":[{"ActionType":12000,"Params":{"$type":"XConfigLevelActionParamsLoadNpc","PlaceIdList":[100063],"AutoUnloadWhiteList":[]}},{"ActionType":14001,"Params":{"$type":"XConfigLevelActionParamsNpcRelativeFollowMove","NpcPlaceId":100063,"IsFollowPlayer":true,"FollowTargetNpcPlaceId":0,"TargetAngle":90.0,"TargetRadius":1.0,"ChaseRadius":2.0,"NormalFollowRadius":0.5,"MaxIdleLagDistance":3.0,"IdleLookAtTargetDelayTime":1.0,"UseNavMesh":true,"StartFollowDelayTime":0.30000001192092896,"EnableForceTeleport":true,"TeleportRange":20.0}},{"ActionType":5001,"Params":{"$type":"XConfigLevelActionParamsEnableActorInteractableComponent","PlaceId":100001,"ActorType":1,"Enable":false}},{"ActionType":3003,"Params":{"$type":"XConfigLevelActionParamsControlSystemFunctionMap","IsLimit":true,"SystemFunctionType":3}},{"ActionType":3003,"Params":{"$type":"XConfigLevelActionParamsControlSystemFunctionTask","LimitType":1,"SystemFunctionType":2}},{"ActionType":3003,"Params":{"$type":"XConfigLevelActionParamsControlSystemFunctionShortMsg","IsLimit":true,"SystemFunctionType":4}}],"TracePosArgs":[{"Position":[603.9650268554688,189.2957000732422,1147.260009765625],"Id":3,"DisplayOffset":[0.0,0.0,0.0],"ShowEffect":true,"ForceMapPinActive":false,"InitHide":false,"Radius":0.0,"FloorNum":0}],"FixProcessors":{}}	603.9650268554688	189.2957000732422	1147.260009765625	3.0	0	0																																																																			
402101012	4021	402100	1	9											0	1	8	9	0	0	0											4021										{"PlayerNpcAnimationDict":{},"LevelNpcAnimationDict":{},"FinalShot":{"PhotoFilterId":0,"PlayerNpcAnimationDict":{},"LevelNpcAnimationDict":{}},"EnterActions":[{"ActionType":19008,"Params":{"$type":"XConfigLevelActionParamsShowTip","Id":4001012,"Var":0}}],"TraceActorArgs":[{"TargetType":2,"PlaceId":100001,"Id":2,"DisplayOffset":[0.0,0.0,0.0],"ShowEffect":false,"ForceMapPinActive":false,"InitHide":false,"Radius":0.0,"FloorNum":0}],"FixProcessors":{}}																										0	0	100063		100001		0																																									
402101013	4021	402100	2	7											0	1	10	11	0	0	0											4021										{"TracePosArgs":[{"Position":[605.1339721679688,189.2957000732422,1158.8719482421875],"Id":4,"DisplayOffset":[0.0,0.0,0.0],"ShowEffect":true,"ForceMapPinActive":false,"InitHide":false,"Radius":0.0,"FloorNum":0}],"FixProcessors":{}}	605.1339721679688	189.2957000732422	1158.8719482421875	3.0	1	100063																																																																			
402101014	4021	402100	3	9											0	1	12	13	0	0	0											4021										{"PlayerNpcAnimationDict":{},"LevelNpcAnimationDict":{},"FinalShot":{"PhotoFilterId":0,"PlayerNpcAnimationDict":{},"LevelNpcAnimationDict":{}},"EnterActions":[{"ActionType":19008,"Params":{"$type":"XConfigLevelActionParamsShowTip","Id":4001012,"Var":0}}],"TraceActorArgs":[{"TargetType":1,"PlaceId":100013,"Id":5,"DisplayOffset":[0.0,0.0,0.0],"ShowEffect":false,"ForceMapPinActive":false,"InitHide":false,"Radius":0.0,"FloorNum":0}],"FixProcessors":{}}																										0	0	100063		100110		0																																									
402201011	4022	402200	0	7											0	1	6	7	0	0	0											4022										{"EnterActions":[{"ActionType":12000,"Params":{"$type":"XConfigLevelActionParamsLoadNpc","PlaceIdList":[100062],"AutoUnloadWhiteList":[]}},{"ActionType":14001,"Params":{"$type":"XConfigLevelActionParamsNpcRelativeFollowMove","NpcPlaceId":100062,"IsFollowPlayer":true,"FollowTargetNpcPlaceId":0,"TargetAngle":90.0,"TargetRadius":1.0,"ChaseRadius":2.0,"NormalFollowRadius":0.5,"MaxIdleLagDistance":3.0,"IdleLookAtTargetDelayTime":1.0,"UseNavMesh":true,"EnableForceTeleport":true,"TeleportRange":20.0}},{"ActionType":5001,"Params":{"$type":"XConfigLevelActionParamsEnableActorInteractableComponent","PlaceId":100001,"ActorType":1,"Enable":false}},{"ActionType":3003,"Params":{"$type":"XConfigLevelActionParamsControlSystemFunctionMap","IsLimit":true,"SystemFunctionType":3}},{"ActionType":3003,"Params":{"$type":"XConfigLevelActionParamsControlSystemFunctionTask","LimitType":1,"SystemFunctionType":2}},{"ActionType":3003,"Params":{"$type":"XConfigLevelActionParamsControlSystemFunctionShortMsg","IsLimit":true,"SystemFunctionType":4}}],"TracePosArgs":[{"Position":[596.3800048828125,189.2957000732422,1140.8299560546875],"Id":0,"DisplayOffset":[0.0,0.0,0.0],"ShowEffect":true,"ForceMapPinActive":false,"InitHide":false,"Radius":0.0,"FloorNum":0}]}	596.3800048828125	189.2957000732422	1140.8299560546875	3.0	0	0																																																																			
402201012	4022	402200	1	9											0	1	8	9	0	0	0											4022										{"PlayerNpcAnimationDict":{},"LevelNpcAnimationDict":{},"FinalShot":{"PhotoFilterId":0,"PlayerNpcAnimationDict":{},"LevelNpcAnimationDict":{}},"EnterActions":[{"ActionType":19008,"Params":{"$type":"XConfigLevelActionParamsShowTip","Id":4001012,"Var":0}}],"TraceActorArgs":[{"TargetType":1,"PlaceId":100048,"Id":0,"DisplayOffset":[0.0,0.0,0.0],"ShowEffect":false,"ForceMapPinActive":false,"InitHide":false,"Radius":0.0,"FloorNum":0}]}																										0	0	100062		100111		0																																									
402201013	4022	402200	2	7											0	1	10	11	0	0	0											4022										{"TracePosArgs":[{"Position":[557.7984008789062,189.75450134277344,1160.031005859375],"Id":0,"DisplayOffset":[0.0,0.0,0.0],"ShowEffect":true,"ForceMapPinActive":false,"InitHide":false,"Radius":0.0,"FloorNum":0}]}	557.7984008789062	189.75450134277344	1160.031005859375	3.0	0	0																																																																			
402201014	4022	402200	3	9											0	1	12	13	0	0	0											4022										{"PlayerNpcAnimationDict":{},"LevelNpcAnimationDict":{},"FinalShot":{"PhotoFilterId":0,"PlayerNpcAnimationDict":{},"LevelNpcAnimationDict":{}},"EnterActions":[{"ActionType":19008,"Params":{"$type":"XConfigLevelActionParamsShowTip","Id":4001012,"Var":0}}],"TraceActorArgs":[{"TargetType":2,"PlaceId":100109,"Id":0,"DisplayOffset":[0.0,0.0,0.0],"ShowEffect":false,"ForceMapPinActive":false,"InitHide":false,"Radius":0.0,"FloorNum":0}]}																										0	0	100062		100109		0																																									
